model,draw,converged,retry,max_gradient
constant_full,1,True,False,7.469382514922021e-07
constant_full,2,True,False,4.181832058044625e-07
constant_full,3,True,False,5.019355494354415e-07
constant_full,4,True,False,5.449244879757621e-07
constant_full,5,True,False,4.7979185888838085e-08
constant_full,6,True,False,3.575879911476391e-07
constant_full,7,True,False,4.674246449233821e-08
constant_full,8,True,False,1.4397578930529362e-07
constant_full,9,True,False,6.73584837114362e-07
constant_full,10,True,False,8.822994332540449e-07
constant_full,11,True,False,4.8406571110292905e-08
constant_full,12,True,False,1.4906281773700736e-06
constant_full,13,True,False,8.12586612537615e-08
constant_full,14,True,False,7.218856219920021e-07
constant_full,15,True,False,1.759476522927161e-07
constant_full,16,True,False,1.2412585178678594e-08
constant_full,17,True,False,8.352244645989795e-07
constant_full,18,True,False,8.076014795564214e-08
constant_full,19,True,False,9.222291345707222e-08
constant_full,20,True,False,1.7736156908820233e-07
constant_full,21,True,False,1.0092486536616418e-07
constant_full,22,True,False,8.080553866412516e-07
constant_full,23,True,False,1.001037941165039e-06
constant_full,24,True,False,9.474507900359228e-07
constant_full,25,True,False,4.484273484627135e-07
constant_full,26,True,False,2.1159825544486092e-07
constant_full,27,True,False,3.7104981202091484e-08
constant_full,28,True,False,5.486798391072034e-07
constant_full,29,True,False,3.302866664884058e-07
constant_full,30,True,False,1.51910121529781e-07
constant_full,31,True,False,6.806251838686073e-07
constant_full,32,True,False,2.6363571776588007e-07
constant_full,33,True,False,1.181111660887083e-07
constant_full,34,True,False,3.8818002110993124e-08
constant_full,35,True,False,1.1855652293791762e-08
constant_full,36,True,False,3.685696364361376e-07
constant_full,37,True,False,3.009101367936232e-07
constant_full,38,True,False,3.581881212214175e-07
constant_full,39,True,False,1.3521829503399176e-06
constant_full,40,True,False,2.42879433052834e-07
constant_full,41,True,False,2.4773646989530315e-07
constant_full,42,True,False,2.890784230554299e-07
constant_full,43,True,False,6.56217343759468e-07
constant_full,44,True,False,2.0243639750769876e-06
constant_full,45,True,False,9.061244969083531e-08
constant_full,46,True,False,1.9732221768626782e-08
constant_full,47,True,False,2.599002304841766e-07
constant_full,48,True,False,3.0821345803612037e-07
constant_full,49,True,False,1.2674892443443992e-07
constant_full,50,True,False,6.71092662208016e-07
constant_full,51,True,False,4.2677662477682085e-07
constant_full,52,True,False,3.7954211604231117e-07
constant_full,53,True,False,5.958905019989757e-07
constant_full,54,True,False,1.8917295241977548e-07
constant_full,55,True,False,1.1493214068504094e-07
constant_full,56,True,False,4.945986384909594e-07
constant_full,57,True,False,3.364322244053038e-07
constant_full,58,True,False,1.26440901779985e-06
constant_full,59,True,False,1.0008434535312554e-07
constant_full,60,True,False,4.1460871367184464e-07
constant_full,61,True,False,4.141823597487131e-07
constant_full,62,True,False,1.880904458208985e-07
constant_full,63,True,False,6.477656534091354e-07
constant_full,64,True,False,2.3041282998553427e-07
constant_full,65,True,False,1.1787996829819342e-07
constant_full,66,True,False,1.1459650148588207e-07
constant_full,67,True,False,7.42574204510184e-07
constant_full,68,True,False,1.7134714536775e-07
constant_full,69,True,False,8.875762013308736e-07
constant_full,70,True,False,7.946555832241909e-07
constant_full,71,True,False,5.077324051413568e-07
constant_full,72,True,False,1.4411916416407542e-07
constant_full,73,True,False,3.1045415119771104e-07
constant_full,74,True,False,5.010463288388532e-07
constant_full,75,True,False,3.6378207861993157e-07
constant_full,76,True,False,2.395775942219366e-07
constant_full,77,True,False,3.890052863694673e-07
constant_full,78,True,False,6.785648345338313e-07
constant_full,79,True,False,1.9642178893410796e-06
constant_full,80,True,False,8.387969792263332e-07
constant_full,81,True,False,2.503388128035398e-07
constant_full,82,True,False,2.656474302170034e-07
constant_full,83,True,False,8.988011303787712e-08
constant_full,84,True,False,5.226396945627325e-07
constant_full,85,True,False,1.9420632949970943e-07
constant_full,86,True,False,2.710874281153809e-07
constant_full,87,True,False,6.895954960994984e-08
constant_full,88,True,False,1.910315199105036e-06
constant_full,89,True,False,8.12040189303299e-07
constant_full,90,True,False,8.024551353407604e-07
constant_full,91,True,False,1.1422090611404616e-07
constant_full,92,True,False,3.798019314834921e-07
constant_full,93,True,False,4.0448603254283816e-07
constant_full,94,True,False,2.866692655221085e-07
constant_full,95,True,False,1.3678137563707725e-07
constant_full,96,True,False,8.790087345922267e-07
constant_full,97,True,False,3.950071177530141e-08
constant_full,98,True,False,9.999558569630728e-07
constant_full,99,True,False,2.794047768508332e-07
constant_full,100,True,False,6.242727187483969e-08
constant_full,101,True,False,7.550533819848548e-08
constant_full,102,True,False,2.4020014230023183e-08
constant_full,103,True,False,4.236889046411227e-07
constant_full,104,True,False,6.519667816317295e-07
constant_full,105,True,False,3.3417810944670603e-07
constant_full,106,True,False,4.191031974759522e-07
constant_full,107,True,False,1.4997863105986488e-07
constant_full,108,True,False,7.24333916136226e-08
constant_full,109,True,False,9.216822829050687e-07
constant_full,110,True,False,5.903425324692869e-07
constant_full,111,True,False,1.38274632752117e-07
constant_full,112,True,False,3.002056491889555e-07
constant_full,113,True,False,1.5599113680764277e-07
constant_full,114,True,False,5.536051531240167e-07
constant_full,115,True,False,5.178137056513995e-07
constant_full,116,True,False,1.271596620493249e-07
constant_full,117,True,False,4.2114233711525226e-07
constant_full,118,True,False,4.457431030826487e-07
constant_full,119,True,False,2.5922275067113246e-07
constant_full,120,True,False,1.3957179021417687e-07
constant_full,121,True,False,4.927227029562291e-07
constant_full,122,True,False,4.6650856417505915e-07
constant_full,123,True,False,3.4038524625417135e-07
constant_full,124,True,False,6.82511557815516e-07
constant_full,125,True,False,4.73617785068462e-08
constant_full,126,True,False,1.1032677340451805e-06
constant_full,127,True,False,3.504823682429721e-07
constant_full,128,True,False,4.505911034682147e-07
constant_full,129,True,False,1.6496009818269138e-07
constant_full,130,True,False,5.353959678584687e-08
constant_full,131,True,False,2.5260545979367334e-07
constant_full,132,True,False,5.6120079766427986e-08
constant_full,133,True,False,2.6754329648584467e-07
constant_full,134,True,False,5.412984004332858e-07
constant_full,135,True,False,2.744152814821404e-07
constant_full,136,True,False,6.09357442830561e-08
constant_full,137,True,False,1.4683599870859724e-07
constant_full,138,True,False,1.127907409856618e-06
constant_full,139,True,False,2.0466814791533924e-07
constant_full,140,True,False,6.095671947998014e-07
constant_full,141,True,False,5.649717067305481e-07
constant_full,142,True,False,2.7579621042089817e-07
constant_full,143,True,False,5.0412365850326194e-08
constant_full,144,True,False,3.0559710948776485e-07
constant_full,145,True,False,1.2546716807538445e-06
constant_full,146,True,False,6.785951277868955e-07
constant_full,147,True,False,5.753706714745187e-07
constant_full,148,True,False,1.863460071265109e-07
constant_full,149,True,False,5.82158418317946e-07
constant_full,150,True,False,2.573125679204712e-07
constant_full,151,True,False,2.939210759845361e-07
constant_full,152,True,False,2.644269155456787e-07
constant_full,153,True,False,3.359887372040832e-07
constant_full,154,True,False,1.396073277809024e-07
constant_full,155,True,False,1.2887183626772295e-06
constant_full,156,True,False,8.400697286740972e-08
constant_full,157,True,False,1.119719314887007e-06
constant_full,158,True,False,5.73587162612754e-07
constant_full,159,True,False,5.5879475543038e-07
constant_full,160,True,False,1.9815888756125542e-07
constant_full,161,True,False,5.008382692164433e-07
constant_full,162,True,False,2.695191918572522e-07
constant_full,163,True,False,1.221882189383905e-06
constant_full,164,True,False,1.5242881185583203e-07
constant_full,165,True,False,9.058402831229999e-07
constant_full,166,True,False,2.6804858201345656e-07
constant_full,167,True,False,2.7375848258852254e-08
constant_full,168,True,False,9.20224881677307e-08
constant_full,169,True,False,5.280351518705916e-07
constant_full,170,True,False,5.066094612104892e-07
constant_full,171,True,False,4.096115323587486e-06
constant_full,172,True,False,2.473010189998478e-07
constant_full,173,True,False,3.313616428798439e-07
constant_full,174,True,False,3.302543877870395e-07
constant_full,175,True,False,5.725523388331274e-07
constant_full,176,True,False,6.362814243721337e-07
constant_full,177,True,False,1.668798398855226e-07
constant_full,178,True,False,2.9814296894726025e-07
constant_full,179,True,False,6.88245384563547e-08
constant_full,180,True,False,2.433037611460157e-07
constant_full,181,True,False,9.472751932932615e-08
constant_full,182,True,False,2.9354188398799894e-07
constant_full,183,True,False,8.173062711052293e-07
constant_full,184,True,False,2.6026856932681505e-07
constant_full,185,True,False,5.323087874136902e-07
constant_full,186,True,False,2.563241411111329e-08
constant_full,187,True,False,6.21261283429929e-08
constant_full,188,True,False,4.362108708048493e-08
constant_full,189,True,False,5.228232603027943e-07
constant_full,190,True,False,8.867460312052054e-08
constant_full,191,True,False,7.577517913004752e-07
constant_full,192,True,False,2.43174234205018e-07
constant_full,193,True,False,1.5956446696690442e-07
constant_full,194,True,False,3.229076431826369e-07
constant_full,195,True,False,5.355547108489974e-07
constant_full,196,True,False,4.939377085692996e-07
constant_full,197,True,False,5.194075620630532e-07
constant_full,198,True,False,4.781940842017769e-07
constant_full,199,True,False,1.063278158256213e-07
constant_full,200,True,False,2.2716011098433282e-08
constant_full,201,True,False,4.408551465295921e-08
constant_full,202,True,False,7.578768390786091e-07
constant_full,203,True,False,1.078769708558627e-06
constant_full,204,True,False,6.013569734516021e-07
constant_full,205,True,False,1.3847416682896949e-07
constant_full,206,True,False,3.4164511951098657e-07
constant_full,207,True,False,3.9717639612616663e-07
constant_full,208,True,False,3.189601500875421e-07
constant_full,209,True,False,2.9323789213408735e-07
constant_full,210,True,False,5.25932935490705e-07
constant_full,211,True,False,3.392461235452785e-07
constant_full,212,True,False,4.850121925518625e-07
constant_full,213,True,False,4.6136882417924565e-07
constant_full,214,True,False,1.157076246073737e-07
constant_full,215,True,False,1.6559220783490367e-07
constant_full,216,True,False,7.488048592371347e-07
constant_full,217,True,False,5.776415733916389e-07
constant_full,218,True,False,2.620956459073555e-07
constant_full,219,True,False,7.706357456340546e-08
constant_full,220,True,False,1.3497452799039328e-07
constant_full,221,True,False,2.9777395545466706e-07
constant_full,222,True,False,9.32609512388048e-07
constant_full,223,True,False,6.646050407950172e-08
constant_full,224,True,False,1.4064578439179125e-06
constant_full,225,True,False,1.5012067146337531e-06
constant_full,226,True,False,8.887921816400181e-08
constant_full,227,True,False,7.259813292398078e-07
constant_full,228,True,False,1.5273307307545748e-07
constant_full,229,True,False,3.2365348629869633e-07
constant_full,230,True,False,4.928678012986538e-07
constant_full,231,True,False,6.725928203708343e-07
constant_full,232,True,False,8.138250789000061e-07
constant_full,233,True,False,6.327492208154011e-07
constant_full,234,True,False,2.0977277741173008e-07
constant_full,235,True,False,9.492313870728107e-08
constant_full,236,True,False,1.7356454216693456e-07
constant_full,237,True,False,7.478236028957466e-07
constant_full,238,True,False,3.883379440926513e-07
constant_full,239,True,False,5.865908367119835e-08
constant_full,240,True,False,4.1945713856261047e-07
constant_full,241,True,False,6.06795092215986e-07
constant_full,242,True,False,5.616884756239333e-07
constant_full,243,True,False,1.3871040321027795e-07
constant_full,244,True,False,2.8562364024555857e-07
constant_full,245,True,False,4.61445624497824e-08
constant_full,246,True,False,4.959120714711787e-07
constant_full,247,True,False,3.9989476102674123e-07
constant_full,248,True,False,4.170071109612131e-07
constant_full,249,True,False,2.3651781158154016e-07
constant_full,250,True,False,1.1136028280922608e-07
constant_full,251,True,False,5.771821178912293e-07
constant_full,252,True,False,1.9870666337331312e-07
constant_full,253,True,False,4.063914820882686e-07
constant_full,254,True,False,8.79031075248721e-07
constant_full,255,True,False,3.381961212891712e-07
constant_full,256,True,False,6.526617740230225e-07
constant_full,257,True,False,3.636264654586454e-07
constant_full,258,True,False,2.8203177193815136e-07
constant_full,259,True,False,5.623232659023452e-07
constant_full,260,True,False,5.229328654822279e-07
constant_full,261,True,False,5.09913054848554e-07
constant_full,262,True,False,5.722230105552593e-08
constant_full,263,True,False,1.7682474686811155e-07
constant_full,264,True,False,6.555726283996993e-07
constant_full,265,True,False,1.1208788400603703e-08
constant_full,266,True,False,2.9288444687400427e-07
constant_full,267,True,False,1.9354854149170507e-07
constant_full,268,True,False,9.507054317476147e-07
constant_full,269,True,False,6.494299674199927e-07
constant_full,270,True,False,3.6198422140305944e-07
constant_full,271,True,False,8.641199631579947e-07
constant_full,272,True,False,5.8132374325797724e-08
constant_full,273,True,False,1.3865252315754025e-06
constant_full,274,True,False,2.9269023919405845e-07
constant_full,275,True,False,6.874777415762525e-07
constant_full,276,True,False,3.5985716769065774e-07
constant_full,277,True,False,2.066284568964986e-07
constant_full,278,True,False,4.245907069009162e-07
constant_full,279,True,False,1.6084898299718621e-07
constant_full,280,True,False,9.012210233674397e-07
constant_full,281,True,False,9.747557169860466e-08
constant_full,282,True,False,1.1398531783847548e-07
constant_full,283,True,False,6.671513395516148e-07
constant_full,284,True,False,6.405771759909508e-07
constant_full,285,True,False,7.809441805533504e-07
constant_full,286,True,False,3.4341042766498147e-07
constant_full,287,True,False,7.924016854116023e-07
constant_full,288,True,False,3.2783332946679287e-07
constant_full,289,True,False,4.736839225418998e-08
constant_full,290,True,False,2.0185001820650905e-07
constant_full,291,True,False,5.951558948456036e-07
constant_full,292,True,False,5.243971965762408e-07
constant_full,293,True,False,5.488891227587639e-07
constant_full,294,True,False,1.6313420310246622e-07
constant_full,295,True,False,9.103372803345944e-08
constant_full,296,True,False,9.596503640921543e-07
constant_full,297,True,False,3.268763531097538e-07
constant_full,298,True,False,2.251303764724801e-07
constant_full,299,True,False,3.2814135168247467e-07
constant_full,300,True,False,7.553953465858542e-07
constant_full,301,True,False,3.2268079627608986e-07
constant_full,302,True,False,4.719376190125429e-07
constant_full,303,True,False,3.71191337238413e-07
constant_full,304,True,False,1.0279594417429208e-06
constant_full,305,True,False,3.3836221946023585e-07
constant_full,306,True,False,8.064684528815062e-08
constant_full,307,True,False,7.01215617145257e-07
constant_full,308,True,False,9.651134264774296e-08
constant_full,309,True,False,5.604710395968419e-07
constant_full,310,True,False,4.7051101796340927e-07
constant_full,311,True,False,5.500448685293836e-07
constant_full,312,True,False,2.920461978100068e-07
constant_full,313,True,False,3.8449446159687877e-07
constant_full,314,True,False,1.8085435541321788e-06
constant_full,315,True,False,4.396945100829493e-08
constant_full,316,True,False,1.8222682327702062e-07
constant_full,317,True,False,1.5172907255672492e-07
constant_full,318,True,False,1.4839606923326749e-07
constant_full,319,True,False,3.112121281172215e-07
constant_full,320,True,False,1.9661985310446062e-06
constant_full,321,True,False,7.701429621110648e-07
constant_full,322,True,False,7.14965296239815e-07
constant_full,323,True,False,6.126636412016003e-08
constant_full,324,True,False,5.604474669007355e-07
constant_full,325,True,False,2.7385180118451994e-07
constant_full,326,True,False,7.980879604640433e-07
constant_full,327,True,False,5.444069532618945e-07
constant_full,328,True,False,3.4370172187644226e-08
constant_full,329,True,False,1.8301779704395906e-07
constant_full,330,True,False,3.542089665494749e-07
constant_full,331,True,False,2.454639708829775e-07
constant_full,332,True,False,3.156337666755163e-08
constant_full,333,True,False,5.629794328096912e-07
constant_full,334,True,False,3.8971171180570094e-07
constant_full,335,True,False,8.477477151646502e-07
constant_full,336,True,False,2.1609459579859456e-07
constant_full,337,True,False,9.807215417513062e-07
constant_full,338,True,False,3.4964729377240944e-07
constant_full,339,True,False,4.774892705617223e-07
constant_full,340,True,False,7.276921165109415e-08
constant_full,341,True,False,4.393027706122414e-07
constant_full,342,True,False,1.7413683552059828e-07
constant_full,343,True,False,6.743693149621694e-07
constant_full,344,True,False,7.341545367131547e-07
constant_full,345,True,False,7.993630115412539e-07
constant_full,346,True,False,1.6789027910913668e-07
constant_full,347,True,False,5.989518900847512e-07
constant_full,348,True,False,1.5179385975260875e-08
constant_full,349,True,False,3.5265410249817547e-07
constant_full,350,True,False,1.5755766321988127e-07
constant_full,351,True,False,1.8534527046508927e-07
constant_full,352,True,False,8.681244911709974e-08
constant_full,353,True,False,2.908327325690484e-06
constant_full,354,True,False,6.331743216367739e-07
constant_full,355,True,False,4.967117314207905e-07
constant_full,356,True,False,4.998212679050542e-07
constant_full,357,True,False,2.922710992635095e-07
constant_full,358,True,False,3.360052954923193e-07
constant_full,359,True,False,2.301035165710744e-07
constant_full,360,True,False,8.115997653529479e-08
constant_full,361,True,False,4.61212290074184e-07
constant_full,362,True,False,3.9516647738312887e-07
constant_full,363,True,False,1.045747276146401e-06
constant_full,364,True,False,4.0684643423105624e-07
constant_full,365,True,False,8.180134319998725e-07
constant_full,366,True,False,5.430406638659183e-07
constant_full,367,True,False,8.081802118950346e-07
constant_full,368,True,False,9.830735013723655e-07
constant_full,369,True,False,3.8035300573347165e-08
constant_full,370,True,False,4.004006459542016e-07
constant_full,371,True,False,1.2752848071836094e-07
constant_full,372,True,False,9.128606605404366e-07
constant_full,373,True,False,2.3939973821269764e-07
constant_full,374,True,False,2.3650268877374905e-07
constant_full,375,True,False,7.240357591270062e-07
constant_full,376,True,False,3.5244463233692654e-07
constant_full,377,True,False,1.9042445069607622e-07
constant_full,378,True,False,2.928966627632939e-07
constant_full,379,True,False,7.350624423638957e-07
constant_full,380,True,False,7.468783139657272e-08
constant_full,381,True,False,4.3012863529479894e-07
constant_full,382,True,False,7.474436678115418e-07
constant_full,383,True,False,6.686845999426099e-07
constant_full,384,True,False,6.324005545698095e-07
constant_full,385,True,False,3.2038503391825635e-07
constant_full,386,True,False,4.996822880590933e-07
constant_full,387,True,False,1.6288336625822662e-07
constant_full,388,True,False,4.6634061134742017e-07
constant_full,389,True,False,2.66279925574633e-07
constant_full,390,True,False,4.825770296056328e-07
constant_full,391,True,False,5.841492438622667e-07
constant_full,392,True,False,3.081991506176101e-07
constant_full,393,True,False,2.0641716865088046e-07
constant_full,394,True,False,1.609878502999202e-07
constant_full,395,True,False,1.9853055181650742e-07
constant_full,396,True,False,9.107857900797529e-08
constant_full,397,True,False,8.056773769623799e-07
constant_full,398,True,False,5.376632128299585e-07
constant_full,399,True,False,1.0619305419907565e-06
constant_full,400,True,False,5.849359856288912e-07
constant_full,401,True,False,2.6379065452419375e-07
constant_full,402,True,False,4.2393796157062274e-07
constant_full,403,True,False,1.1900583322408836e-06
constant_full,404,True,False,1.8891431609055264e-07
constant_full,405,True,False,6.645350262218027e-08
constant_full,406,True,False,2.7376659391619046e-07
constant_full,407,True,False,8.094516942532024e-08
constant_full,408,True,False,3.517783517665511e-07
constant_full,409,True,False,7.719380665531244e-07
constant_full,410,True,False,3.1743877232573415e-07
constant_full,411,True,False,6.606741304240862e-08
constant_full,412,True,False,2.0421463955908556e-06
constant_full,413,True,False,4.3353681281051273e-07
constant_full,414,True,False,3.596561531409644e-07
constant_full,415,True,False,3.765542675141095e-08
constant_full,416,True,False,4.0694390992215975e-07
constant_full,417,True,False,8.544340771649776e-09
constant_full,418,True,False,8.954908316315701e-07
constant_full,419,True,False,9.309391887726979e-07
constant_full,420,True,False,3.4053322826427216e-07
constant_full,421,True,False,5.724598412537018e-07
constant_full,422,True,False,2.829866728128254e-07
constant_full,423,True,False,1.7955314564606472e-08
constant_full,424,True,False,4.914944264509065e-07
constant_full,425,True,False,1.0241310471372097e-06
constant_full,426,True,False,6.259084077568047e-07
constant_full,427,True,False,3.998796826304643e-07
constant_full,428,True,False,4.7667833563958955e-07
constant_full,429,True,False,6.062053782967645e-07
constant_full,430,True,False,3.23709357757332e-07
constant_full,431,True,False,6.977631102297005e-07
constant_full,432,True,False,2.2022169022927738e-07
constant_full,433,True,False,1.3922191637786694e-07
constant_full,434,True,False,2.1650842544132987e-07
constant_full,435,True,False,2.3380793892437043e-07
constant_full,436,True,False,1.1439836631726945e-07
constant_full,437,True,False,5.94442691454044e-07
constant_full,438,True,False,7.240478650636973e-08
constant_full,439,True,False,8.089644786675647e-07
constant_full,440,True,False,8.172770550920034e-07
constant_full,441,True,False,3.5855391246234806e-07
constant_full,442,True,False,3.989876629052261e-08
constant_full,443,True,False,3.6063069981173943e-07
constant_full,444,True,False,6.068518992363876e-07
constant_full,445,True,False,9.855763193712826e-07
constant_full,446,True,False,3.190332259718963e-07
constant_full,447,True,False,9.346578871561492e-07
constant_full,448,True,False,5.122262860162411e-07
constant_full,449,True,False,9.874276190823805e-07
constant_full,450,True,False,5.608923291758955e-07
constant_full,451,True,False,2.8623365465340193e-08
constant_full,452,True,False,8.864774152280554e-07
constant_full,453,True,False,7.959562535369261e-07
constant_full,454,True,False,6.67750316904652e-07
constant_full,455,True,False,2.594478334115752e-07
constant_full,456,True,False,2.777761294972759e-07
constant_full,457,True,False,9.940358317650338e-07
constant_full,458,True,False,8.380321757648956e-07
constant_full,459,True,False,2.965104542392533e-07
constant_full,460,True,False,2.8466832151211182e-08
constant_full,461,True,False,1.2778438572390072e-07
constant_full,462,True,False,1.8752570652712658e-07
constant_full,463,True,False,4.3053689227792553e-07
constant_full,464,True,False,1.5436775871350194e-06
constant_full,465,True,False,7.27489664722599e-07
constant_full,466,True,False,2.366010948427684e-07
constant_full,467,True,False,6.582103293174003e-07
constant_full,468,True,False,3.606964797940117e-07
constant_full,469,True,False,1.2422397119200632e-06
constant_full,470,True,False,3.153111311039239e-06
constant_full,471,True,False,1.1007335274371143e-07
constant_full,472,True,False,5.944747790920246e-07
constant_full,473,True,False,1.8844364171937961e-07
constant_full,474,True,False,2.3221063858468666e-08
constant_full,475,True,False,2.465077216855532e-07
constant_full,476,True,False,2.445313781950693e-07
constant_full,477,True,False,1.5168301678698358e-07
constant_full,478,True,False,1.0230754626213871e-07
constant_full,479,True,False,2.4625692025694187e-07
constant_full,480,True,False,1.6113873248095977e-07
constant_full,481,True,False,2.3642068657698865e-07
constant_full,482,True,False,3.8520290189632785e-07
constant_full,483,True,False,3.620485402605176e-07
constant_full,484,True,False,3.6579667454423933e-07
constant_full,485,True,False,1.051488777305741e-06
constant_full,486,True,False,2.4764022741335487e-07
constant_full,487,True,False,9.385011057579056e-07
constant_full,488,True,False,4.807141338267146e-07
constant_full,489,True,False,2.778214502624215e-07
constant_full,490,True,False,6.502570496825245e-07
constant_full,491,True,False,1.9372499509185496e-07
constant_full,492,True,False,3.2950904748628773e-07
constant_full,493,True,False,3.234269139650522e-07
constant_full,494,True,False,2.0640204062034092e-07
constant_full,495,True,False,5.955844701275984e-07
constant_full,496,True,False,1.7452951826012693e-07
constant_full,497,True,False,8.55488239664362e-08
constant_full,498,True,False,1.0408272082273854e-06
constant_full,499,True,False,6.360276269711956e-08
constant_full,500,True,False,4.3797428274848595e-08
constant_full,501,True,False,2.909270086748026e-07
constant_full,502,True,False,2.371132201740429e-07
constant_full,503,True,False,4.736524704454981e-08
constant_full,504,True,False,6.160734033080046e-07
constant_full,505,True,False,2.5149204108234836e-07
constant_full,506,True,False,1.492116968104239e-06
constant_full,507,True,False,1.7687856614447877e-07
constant_full,508,True,False,8.033953477618991e-07
constant_full,509,True,False,7.131606266996502e-07
constant_full,510,True,False,5.647694167955423e-07
constant_full,511,True,False,9.669794098186704e-07
constant_full,512,True,False,1.9213147685186548e-07
constant_full,513,True,False,6.826730189068904e-07
constant_full,514,True,False,3.9841850030139857e-07
constant_full,515,True,False,2.4837451512849592e-08
constant_full,516,True,False,3.9489936922174895e-07
constant_full,517,True,False,2.37072782733137e-07
constant_full,518,True,False,1.5445301075743393e-07
constant_full,519,True,False,8.555525289850256e-07
constant_full,520,True,False,4.522511403229893e-08
constant_full,521,True,False,5.334703456469055e-07
constant_full,522,True,False,7.264838580431304e-07
constant_full,523,True,False,5.044926974924105e-07
constant_full,524,True,False,4.407085579897454e-07
constant_full,525,True,False,9.626304553219027e-08
constant_full,526,True,False,1.1996543998129112e-07
constant_full,527,True,False,3.817289707169485e-07
constant_full,528,True,False,6.770990689447978e-07
constant_full,529,True,False,3.238394420075973e-07
constant_full,530,True,False,4.9245301815943154e-08
constant_full,531,True,False,1.6080373566689168e-08
constant_full,532,True,False,1.4659666238751918e-07
constant_full,533,True,False,3.3184992159300753e-07
constant_full,534,True,False,4.769434085316928e-07
constant_full,535,True,False,5.176026618117366e-07
constant_full,536,True,False,3.163108178290195e-07
constant_full,537,True,False,4.959382059383563e-07
constant_full,538,True,False,4.524163939050972e-07
constant_full,539,True,False,2.420681056025178e-07
constant_full,540,True,False,4.108627155492817e-07
constant_full,541,True,False,7.521371942666237e-07
constant_full,542,True,False,3.991077615561206e-07
constant_full,543,True,False,1.9127017117917755e-08
constant_full,544,True,False,2.854196738368323e-07
constant_full,545,True,False,2.1383693840844188e-07
constant_full,546,True,False,3.4626723630442965e-07
constant_full,547,True,False,3.337531656604642e-07
constant_full,548,True,False,1.141180157683299e-07
constant_full,549,True,False,3.2346624293595134e-07
constant_full,550,True,False,1.05506929835976e-06
constant_full,551,True,False,1.5895823592424748e-07
constant_full,552,True,False,2.8156767016248757e-07
constant_full,553,True,False,3.692671614947749e-07
constant_full,554,True,False,1.7725679154875955e-07
constant_full,555,True,False,2.8266943783487924e-07
constant_full,556,True,False,8.118543978646175e-07
constant_full,557,True,False,6.73976477718494e-07
constant_full,558,True,False,2.9758855881427534e-06
constant_full,559,True,False,9.214561765370524e-07
constant_full,560,True,False,7.299995585083501e-08
constant_full,561,True,False,2.481610986154858e-07
constant_full,562,True,False,3.630197933245428e-07
constant_full,563,True,False,4.415719548519419e-08
constant_full,564,True,False,2.446481956477796e-07
constant_full,565,True,False,1.454788685300445e-06
constant_full,566,True,False,3.624535990778245e-07
constant_full,567,True,False,6.938310918477629e-07
constant_full,568,True,False,1.1172170099829282e-06
constant_full,569,True,False,2.294760488945548e-08
constant_full,570,True,False,7.809068094648071e-08
constant_full,571,True,False,7.155450253402253e-07
constant_full,572,True,False,6.960795351116167e-08
constant_full,573,True,False,4.7282905603568687e-07
constant_full,574,True,False,1.0681017127820063e-07
constant_full,575,True,False,5.21093673647551e-07
constant_full,576,True,False,3.32048542311258e-07
constant_full,577,True,False,1.0116762357133219e-06
constant_full,578,True,False,2.455146544927603e-07
constant_full,579,True,False,1.2825066486182908e-07
constant_full,580,True,False,3.196045980187336e-07
constant_full,581,True,False,1.9332820330961764e-07
constant_full,582,True,False,3.926402404894889e-08
constant_full,583,True,False,6.409119544739073e-07
constant_full,584,True,False,4.566987084891367e-08
constant_full,585,True,False,2.390405568375766e-06
constant_full,586,True,False,4.966909083642917e-07
constant_full,587,True,False,2.3922080090522844e-07
constant_full,588,True,False,4.1056486244489506e-08
constant_full,589,True,False,8.486709228848163e-07
constant_full,590,True,False,3.659398247314827e-07
constant_full,591,True,False,3.3464160026971884e-08
constant_full,592,True,False,1.064827157456653e-06
constant_full,593,True,False,7.493747816989944e-07
constant_full,594,True,False,7.975386973719378e-07
constant_full,595,True,False,1.101795684346175e-07
constant_full,596,True,False,3.005613619750271e-07
constant_full,597,True,False,4.511152763160827e-07
constant_full,598,True,False,1.2885253017951065e-07
constant_full,599,True,False,2.858468216773693e-07
constant_full,600,True,False,1.0230755412478679e-07
constant_full,601,True,False,2.3386434881880645e-07
constant_full,602,True,False,1.2454902464950645e-06
constant_full,603,True,False,8.4867400105449e-07
constant_full,604,True,False,4.6343128082818265e-07
constant_full,605,True,False,3.6781690256479633e-07
constant_full,606,True,False,9.444650659449249e-07
constant_full,607,True,False,4.6424444728238725e-07
constant_full,608,True,False,9.508847104604956e-07
constant_full,609,True,False,2.4761262367086763e-07
constant_full,610,True,False,1.958752890192646e-06
constant_full,611,True,False,2.8439568193890694e-07
constant_full,612,True,False,1.0726833225272876e-07
constant_full,613,True,False,4.3165214910366385e-07
constant_full,614,True,False,4.252096657840903e-07
constant_full,615,True,False,8.095939399740007e-07
constant_full,616,True,False,5.336510759389513e-07
constant_full,617,True,False,7.316176600644198e-07
constant_full,618,True,False,1.9669236061790085e-07
constant_full,619,True,False,1.2945759325068975e-07
constant_full,620,True,False,2.60097418177763e-07
constant_full,621,True,False,2.1495269838660666e-07
constant_full,622,True,False,7.657563949101049e-08
constant_full,623,True,False,4.752668416418322e-08
constant_full,624,True,False,1.0850976954211164e-06
constant_full,625,True,False,2.9029258991947884e-07
constant_full,626,True,False,3.436706000994295e-07
constant_full,627,True,False,3.434663967817517e-07
constant_full,628,True,False,5.144621465899739e-09
constant_full,629,True,False,4.3663738453785905e-07
constant_full,630,True,False,1.725274929648662e-07
constant_full,631,True,False,3.738982025053011e-07
constant_full,632,True,False,4.760889433420916e-07
constant_full,633,True,False,8.085576366032284e-07
constant_full,634,True,False,8.610461055139864e-08
constant_full,635,True,False,3.4810510902689055e-07
constant_full,636,True,False,8.915386422172295e-08
constant_full,637,True,False,6.396648151516801e-07
constant_full,638,True,False,5.393313231824834e-07
constant_full,639,True,False,4.19282985103398e-07
constant_full,640,True,False,3.9352943069611254e-07
constant_full,641,True,False,2.3487068660563098e-07
constant_full,642,True,False,6.31362327132292e-07
constant_full,643,True,False,1.8123963210668625e-07
constant_full,644,True,False,7.354907422250041e-07
constant_full,645,True,False,9.302237017253109e-07
constant_full,646,True,False,1.6464619350195113e-06
constant_full,647,True,False,5.883964271155339e-07
constant_full,648,True,False,7.722881705326704e-07
constant_full,649,True,False,7.817756818160034e-07
constant_full,650,True,False,5.907763631743046e-08
constant_full,651,True,False,4.7497527344872305e-07
constant_full,652,True,False,4.38753245511392e-08
constant_full,653,True,False,1.9396598369967515e-07
constant_full,654,True,False,2.2738718933072692e-07
constant_full,655,True,False,3.731596736694856e-07
constant_full,656,True,False,1.6776411960598418e-06
constant_full,657,True,False,7.060430508661499e-07
constant_full,658,True,False,6.795688060784982e-07
constant_full,659,True,False,1.140102422617469e-06
constant_full,660,True,False,3.1894401232909704e-07
constant_full,661,True,False,8.877731159115407e-07
constant_full,662,True,False,4.981680651955326e-07
constant_full,663,True,False,3.948499578620736e-07
constant_full,664,True,False,1.5234271929015213e-07
constant_full,665,True,False,1.8861758195042217e-06
constant_full,666,True,False,2.489939076761288e-07
constant_full,667,True,False,6.678902564656455e-07
constant_full,668,True,False,1.9811861850082535e-07
constant_full,669,True,False,7.597689935033174e-07
constant_full,670,True,False,2.79635675440619e-07
constant_full,671,True,False,2.7999290090475125e-07
constant_full,672,True,False,3.8658147614313726e-07
constant_full,673,True,False,4.409391420943536e-07
constant_full,674,True,False,1.1124799362462504e-07
constant_full,675,True,False,5.333346593324909e-07
constant_full,676,True,False,2.3466037337245996e-07
constant_full,677,True,False,1.5961344894612323e-07
constant_full,678,True,False,9.843784851514732e-08
constant_full,679,True,False,7.043163708804589e-07
constant_full,680,True,False,3.790086263376681e-07
constant_full,681,True,False,1.0256886266805738e-06
constant_full,682,True,False,8.27521728805414e-08
constant_full,683,True,False,3.888166784742288e-07
constant_full,684,True,False,6.485343396080136e-07
constant_full,685,True,False,6.045669085404621e-07
constant_full,686,True,False,7.476919917876844e-07
constant_full,687,True,False,1.6580198890009107e-07
constant_full,688,True,False,5.408249228232065e-07
constant_full,689,True,False,4.7378082387071e-08
constant_full,690,True,False,8.872550186293519e-07
constant_full,691,True,False,4.2406587216174414e-07
constant_full,692,True,False,2.7149672051227354e-07
constant_full,693,True,False,2.519547981999695e-07
constant_full,694,True,False,2.659298222019008e-07
constant_full,695,True,False,7.79206869217196e-07
constant_full,696,True,False,2.2736471721086044e-08
constant_full,697,True,False,1.0211846414704784e-07
constant_full,698,True,False,3.6429832363390326e-07
constant_full,699,True,False,2.8026219774262187e-07
constant_full,700,True,False,5.153203169617216e-07
constant_full,701,True,False,6.715969508701018e-07
constant_full,702,True,False,1.3379610343518124e-06
constant_full,703,True,False,3.193896459995325e-07
constant_full,704,True,False,4.848445514139081e-07
constant_full,705,True,False,5.211243659040732e-07
constant_full,706,True,False,6.24659038837049e-08
constant_full,707,True,False,3.6621085100962633e-07
constant_full,708,True,False,1.8054786888162205e-06
constant_full,709,True,False,6.294723052693507e-07
constant_full,710,True,False,1.0074039935756466e-06
constant_full,711,True,False,4.7041939705109243e-07
constant_full,712,True,False,3.344264972264745e-07
constant_full,713,True,False,4.029671238418336e-07
constant_full,714,True,False,3.548463919119274e-07
constant_full,715,True,False,3.8965841080153914e-07
constant_full,716,True,False,4.832466919600744e-07
constant_full,717,True,False,9.594318793789456e-07
constant_full,718,True,False,1.6261620911607588e-07
constant_full,719,True,False,1.0632599502148125e-06
constant_full,720,True,False,8.470842042691129e-07
constant_full,721,True,False,2.314520156729141e-07
constant_full,722,True,False,8.560980320353803e-07
constant_full,723,True,False,3.8519446349079796e-07
constant_full,724,True,False,3.415434957414087e-07
constant_full,725,True,False,3.710996643864595e-07
constant_full,726,True,False,4.026756923115061e-07
constant_full,727,True,False,1.21351214978656e-06
constant_full,728,True,False,6.48501129727426e-07
constant_full,729,True,False,1.5862728780343356e-07
constant_full,730,True,False,1.1907382004007067e-07
constant_full,731,True,False,3.849561747249498e-07
constant_full,732,True,False,5.886209895519821e-07
constant_full,733,True,False,3.2689451123423065e-07
constant_full,734,True,False,1.7833133507963754e-07
constant_full,735,True,False,5.828506596096476e-07
constant_full,736,True,False,1.4623626591897087e-07
constant_full,737,True,False,3.151221648690177e-07
constant_full,738,True,False,7.348490219558667e-07
constant_full,739,True,False,3.9560851324116755e-08
constant_full,740,True,False,2.619987992021664e-07
constant_full,741,True,False,4.463582082906174e-07
constant_full,742,True,False,6.716995484618381e-07
constant_full,743,True,False,1.8775204436610858e-07
constant_full,744,True,False,5.301941991217767e-06
constant_full,745,True,False,2.1934636665312536e-07
constant_full,746,True,False,2.1053247158025993e-06
constant_full,747,True,False,7.743876024200503e-07
constant_full,748,True,False,3.4455132311576276e-07
constant_full,749,True,False,6.103122154315255e-07
constant_full,750,True,False,2.9816398484090844e-07
constant_full,751,True,False,3.028724408413438e-07
constant_full,752,True,False,4.4958801901800083e-07
constant_full,753,True,False,8.889748237510234e-07
constant_full,754,True,False,2.12483311750153e-07
constant_full,755,True,False,1.7509625836963256e-07
constant_full,756,True,False,5.241026238713259e-07
constant_full,757,True,False,4.731779392509485e-08
constant_full,758,True,False,4.1223794522475596e-07
constant_full,759,True,False,1.4819352655769204e-07
constant_full,760,True,False,1.5177029419408553e-06
constant_full,761,True,False,8.375598050870427e-07
constant_full,762,True,False,5.379003274550545e-07
constant_full,763,True,False,9.360041066060958e-07
constant_full,764,True,False,2.8806205931351893e-07
constant_full,765,True,False,4.6125138368169176e-07
constant_full,766,True,False,7.409510463559895e-07
constant_full,767,True,False,6.680882302943791e-07
constant_full,768,True,False,6.130834455388784e-08
constant_full,769,True,False,2.0004152095706736e-08
constant_full,770,True,False,1.0490308072654231e-07
constant_full,771,True,False,1.4730370814312046e-07
constant_full,772,True,False,9.764851267887589e-09
constant_full,773,True,False,4.184606377161318e-08
constant_full,774,True,False,4.434389377764052e-07
constant_full,775,True,False,7.569223950051175e-07
constant_full,776,True,False,2.060011544834024e-08
constant_full,777,True,False,1.0221442786181645e-06
constant_full,778,True,False,3.0106258163188453e-07
constant_full,779,True,False,3.187811647873196e-08
constant_full,780,True,False,7.030599600776494e-07
constant_full,781,True,False,3.4336303702401606e-07
constant_full,782,True,False,8.719354507254145e-08
constant_full,783,True,False,8.725779151687795e-08
constant_full,784,True,False,1.0607099452698984e-06
constant_full,785,True,False,1.6189521536248687e-07
constant_full,786,True,False,8.377142128592557e-07
constant_full,787,True,False,6.864171402682577e-07
constant_full,788,True,False,1.776324813216437e-07
constant_full,789,True,False,8.487928100910649e-08
constant_full,790,True,False,5.6537537995321504e-08
constant_full,791,True,False,1.6302489037516152e-06
constant_full,792,True,False,2.6078182319963204e-07
constant_full,793,True,False,5.362356271967966e-07
constant_full,794,True,False,1.0932041954283107e-06
constant_full,795,True,False,2.008929369017893e-07
constant_full,796,True,False,3.9451404159014606e-07
constant_full,797,True,False,3.438262068476785e-07
constant_full,798,True,False,7.90270343628248e-07
constant_full,799,True,False,3.8703055504858644e-07
constant_full,800,True,False,8.260223554759455e-08
constant_full,801,True,False,6.998931556433928e-07
constant_full,802,True,False,1.8454584222501952e-07
constant_full,803,True,False,2.520001370372769e-07
constant_full,804,True,False,1.9957535011207568e-07
constant_full,805,True,False,2.3457162428198267e-07
constant_full,806,True,False,7.149329251575202e-07
constant_full,807,True,False,7.688583947790789e-07
constant_full,808,True,False,1.9961210639547786e-06
constant_full,809,True,False,1.0771538036168995e-06
constant_full,810,True,False,6.904458874001037e-07
constant_full,811,True,False,9.858550390949825e-07
constant_full,812,True,False,2.0028335895908407e-07
constant_full,813,True,False,6.50801863138188e-07
constant_full,814,True,False,5.510564351638955e-07
constant_full,815,True,False,4.015857523568329e-08
constant_full,816,True,False,3.1024384414678046e-07
constant_full,817,True,False,7.0993451736053e-07
constant_full,818,True,False,3.1333777686361754e-07
constant_full,819,True,False,1.0324033921418308e-07
constant_full,820,True,False,3.967770939808845e-07
constant_full,821,True,False,1.6621954470932254e-07
constant_full,822,True,False,7.345171880812953e-08
constant_full,823,True,False,7.209451147682384e-07
constant_full,824,True,False,2.517869129283481e-07
constant_full,825,True,False,5.4019915732182743e-08
constant_full,826,True,False,4.193862019953658e-07
constant_full,827,True,False,5.99771913872797e-07
constant_full,828,True,False,4.3030114685571526e-07
constant_full,829,True,False,1.5071086066981923e-07
constant_full,830,True,False,7.12291182273382e-09
constant_full,831,True,False,5.935909815935788e-07
constant_full,832,True,False,8.752437530549857e-08
constant_full,833,True,False,7.301781611864959e-07
constant_full,834,True,False,6.575153093160763e-07
constant_full,835,True,False,1.864928345643102e-07
constant_full,836,True,False,9.782755951054337e-07
constant_full,837,True,False,2.0963661328896306e-06
constant_full,838,True,False,7.149388488693251e-07
constant_full,839,True,False,3.9001802078355864e-07
constant_full,840,True,False,1.10534943200469e-06
constant_full,841,True,False,4.4170858950233227e-07
constant_full,842,True,False,2.383859918612759e-07
constant_full,843,True,False,5.354713463343548e-07
constant_full,844,True,False,1.3702711733235877e-06
constant_full,845,True,False,1.5236235116324607e-07
constant_full,846,True,False,5.079493767564029e-07
constant_full,847,True,False,3.189694625176878e-07
constant_full,848,True,False,1.933142129124557e-07
constant_full,849,True,False,3.382937652207165e-07
constant_full,850,True,False,3.976246576429611e-07
constant_full,851,True,False,7.888036065587353e-07
constant_full,852,True,False,3.3821403565081166e-07
constant_full,853,True,False,1.7848204105904472e-07
constant_full,854,True,False,3.928499514209964e-07
constant_full,855,True,False,1.6914717413126138e-07
constant_full,856,True,False,3.2861725967804934e-07
constant_full,857,True,False,3.812624072659766e-07
constant_full,858,True,False,2.681471438650808e-07
constant_full,859,True,False,5.366425847347003e-07
constant_full,860,True,False,5.352952272390537e-08
constant_full,861,True,False,2.3766011311081922e-08
constant_full,862,True,False,7.890348986802813e-08
constant_full,863,True,False,1.310956854650367e-06
constant_full,864,True,False,4.473882564606527e-07
constant_full,865,True,False,1.554718551430321e-06
constant_full,866,True,False,3.3907629162513745e-07
constant_full,867,True,False,5.911475855108733e-07
constant_full,868,True,False,7.055610002364043e-08
constant_full,869,True,False,5.938712227863608e-07
constant_full,870,True,False,2.7146468601977773e-08
constant_full,871,True,False,2.732733883126631e-07
constant_full,872,True,False,6.097824832713608e-08
constant_full,873,True,False,2.911970134362551e-07
constant_full,874,True,False,2.79528094159185e-07
constant_full,875,True,False,2.520457082972623e-07
constant_full,876,True,False,7.637984684798742e-07
constant_full,877,True,False,2.279257885585557e-07
constant_full,878,True,False,5.375573985775456e-07
constant_full,879,True,False,8.1202018870261e-07
constant_full,880,True,False,4.70315817917177e-07
constant_full,881,True,False,2.490273006718777e-07
constant_full,882,True,False,6.932541344915817e-07
constant_full,883,True,False,5.837616980044123e-07
constant_full,884,True,False,1.1693638872653855e-07
constant_full,885,True,False,5.478921681685111e-07
constant_full,886,True,False,6.265474552157126e-08
constant_full,887,True,False,7.548283776841809e-08
constant_full,888,True,False,3.3970033346653457e-07
constant_full,889,True,False,6.559977578372733e-07
constant_full,890,True,False,4.843658761681575e-07
constant_full,891,True,False,3.776635865935273e-07
constant_full,892,True,False,3.9727319585514525e-07
constant_full,893,True,False,3.251790307012593e-07
constant_full,894,True,False,2.6188107290824626e-07
constant_full,895,True,False,1.3201216042454398e-07
constant_full,896,True,False,3.6969845739822696e-08
constant_full,897,True,False,1.2189599569748918e-06
constant_full,898,True,False,1.1409279798582052e-06
constant_full,899,True,False,2.427233877104119e-07
constant_full,900,True,False,8.473978825605647e-07
constant_full,901,True,False,5.8655494450144976e-08
constant_full,902,True,False,5.514978354686859e-07
constant_full,903,True,False,7.982126520631817e-08
constant_full,904,True,False,9.923273548988087e-08
constant_full,905,True,False,3.100095489345142e-06
constant_full,906,True,False,2.3567455695142698e-07
constant_full,907,True,False,2.492706254871622e-08
constant_full,908,True,False,1.0474667511665139e-06
constant_full,909,True,False,1.0902499058620445e-07
constant_full,910,True,False,2.775846048759715e-07
constant_full,911,True,False,1.6908430551745907e-07
constant_full,912,True,False,1.6244687479886697e-07
constant_full,913,True,False,2.735806213824673e-07
constant_full,914,True,False,5.373027572126173e-08
constant_full,915,True,False,4.230910627198179e-07
constant_full,916,True,False,4.5407816992731926e-07
constant_full,917,True,False,1.580808615817261e-07
constant_full,918,True,False,6.16990701568712e-07
constant_full,919,True,False,2.183838642703828e-08
constant_full,920,True,False,1.8215195507454766e-07
constant_full,921,True,False,2.3831523763641247e-07
constant_full,922,True,False,2.8446704865420186e-07
constant_full,923,True,False,2.519150675908992e-07
constant_full,924,True,False,1.6798652625629072e-08
constant_full,925,True,False,4.364579012353483e-07
constant_full,926,True,False,1.5552805029900592e-08
constant_full,927,True,False,2.660876179118948e-07
constant_full,928,True,False,1.9435708459992137e-08
constant_full,929,True,False,4.978817352686919e-07
constant_full,930,True,False,8.802738765960378e-07
constant_full,931,True,False,4.893866936220839e-07
constant_full,932,True,False,1.833305675963201e-07
constant_full,933,True,False,6.174662398253352e-08
constant_full,934,True,False,4.346159219078071e-07
constant_full,935,True,False,9.62586831006064e-10
constant_full,936,True,False,1.7584577961275686e-07
constant_full,937,True,False,8.404543727324696e-07
constant_full,938,True,False,8.256690900168865e-08
constant_full,939,True,False,6.71993406482642e-07
constant_full,940,True,False,1.065904121741801e-06
constant_full,941,True,False,1.7718208110025868e-06
constant_full,942,True,False,5.365809452950002e-08
constant_full,943,True,False,5.079645008141268e-08
constant_full,944,True,False,1.35759803930693e-07
constant_full,945,True,False,5.865626010117498e-07
constant_full,946,True,False,3.67962110794989e-07
constant_full,947,True,False,3.498491259208085e-07
constant_full,948,True,False,6.727832291262638e-07
constant_full,949,True,False,5.238253845556364e-07
constant_full,950,True,False,5.311797026250085e-07
constant_full,951,True,False,1.3619694749713148e-07
constant_full,952,True,False,3.121873706427248e-07
constant_full,953,True,False,1.1390626844130952e-06
constant_full,954,True,False,3.3896589188517934e-07
constant_full,955,True,False,3.390330006497912e-07
constant_full,956,True,False,7.209404009577123e-08
constant_full,957,True,False,6.706057543081287e-07
constant_full,958,True,False,5.326615846484253e-07
constant_full,959,True,False,8.808345818352919e-07
constant_full,960,True,False,6.114320152159738e-07
constant_full,961,True,False,7.602384287061118e-08
constant_full,962,True,False,1.0812321544372988e-07
constant_full,963,True,False,7.754503772938332e-07
constant_full,964,True,False,2.3508165826815524e-07
constant_full,965,True,False,1.0082070123463469e-06
constant_full,966,True,False,7.098570525185276e-07
constant_full,967,True,False,2.1120039930072407e-07
constant_full,968,True,False,1.0414011384433089e-07
constant_full,969,True,False,1.35739383046569e-07
constant_full,970,True,False,3.6357625756500386e-07
constant_full,971,True,False,1.3013564284639777e-07
constant_full,972,True,False,7.301302905402005e-07
constant_full,973,True,False,2.933505053744098e-06
constant_full,974,True,False,3.18172099088876e-07
constant_full,975,True,False,1.1247415139005204e-07
constant_full,976,True,False,4.857302736377776e-08
constant_full,977,True,False,3.746473945233759e-07
constant_full,978,True,False,1.406354221943975e-07
constant_full,979,True,False,3.970381127884258e-07
constant_full,980,True,False,8.989297913030215e-07
constant_full,981,True,False,1.703375444875776e-06
constant_full,982,True,False,3.5095109932125436e-07
constant_full,983,True,False,2.1149832088690843e-07
constant_full,984,True,False,1.6763172678681099e-06
constant_full,985,True,False,9.590415870270615e-07
constant_full,986,True,False,3.1457309700501195e-07
constant_full,987,True,False,8.057361513459558e-07
constant_full,988,True,False,1.6018106176029487e-07
constant_full,989,True,False,8.241759126926842e-07
constant_full,990,True,False,5.90223918396303e-07
constant_full,991,True,False,6.44105424537155e-07
constant_full,992,True,False,1.4488738511305485e-07
constant_full,993,True,False,4.3386761645776137e-07
constant_full,994,True,False,1.5397718525483355e-07
constant_full,995,True,False,1.2407168701031009e-08
constant_full,996,True,False,5.530651665148184e-07
constant_full,997,True,False,1.0742180251825956e-06
constant_full,998,True,False,5.938038914507201e-07
constant_full,999,True,False,2.662948395762158e-07
constant_full,1000,True,False,8.418861828922805e-08
constant_full,1001,True,False,1.1067826223393074e-08
constant_full,1002,True,False,3.654224117719654e-08
constant_full,1003,True,False,2.344705708111198e-07
constant_full,1004,True,False,5.225051386764292e-07
constant_full,1005,True,False,1.1262465923176481e-07
constant_full,1006,True,False,9.503833778091906e-07
constant_full,1007,True,False,2.92917133146833e-07
constant_full,1008,True,False,1.3945755445159186e-06
constant_full,1009,True,False,4.112989747960143e-07
constant_full,1010,True,False,6.824627893543893e-07
constant_full,1011,True,False,1.8291534349790656e-08
constant_full,1012,True,False,8.439843646601067e-08
constant_full,1013,True,False,2.2115179362147362e-07
constant_full,1014,True,False,6.423628865342128e-07
constant_full,1015,True,False,7.797497094515976e-07
constant_full,1016,True,False,4.2328426516072495e-07
constant_full,1017,True,False,9.481661067605109e-07
constant_full,1018,True,False,7.051569747608795e-07
constant_full,1019,True,False,3.472455629043724e-07
constant_full,1020,True,False,1.9706260655205563e-07
constant_full,1021,True,False,2.951323397421193e-07
constant_full,1022,True,False,4.6806644506634e-07
constant_full,1023,True,False,4.2509914576791815e-07
constant_full,1024,True,False,1.290551727065676e-06
constant_full,1025,True,False,3.7052053882986587e-07
constant_full,1026,True,False,3.323607172161623e-07
constant_full,1027,True,False,5.824250515593039e-07
constant_full,1028,True,False,2.5272761682982245e-07
constant_full,1029,True,False,2.3619442922123418e-06
constant_full,1030,True,False,5.276731231194131e-07
constant_full,1031,True,False,5.896268125220691e-07
constant_full,1032,True,False,4.358268494879136e-07
constant_full,1033,True,False,9.385503613738743e-08
constant_full,1034,True,False,1.1647260066845867e-07
constant_full,1035,True,False,8.072618046430828e-07
constant_full,1036,True,False,5.337932176871204e-07
constant_full,1037,True,False,9.086115214249333e-08
constant_full,1038,True,False,3.49046562771375e-07
constant_full,1039,True,False,5.676212372149345e-07
constant_full,1040,True,False,3.7781262914052565e-07
constant_full,1041,True,False,3.9455049065872696e-07
constant_full,1042,True,False,4.48714345576217e-08
constant_full,1043,True,False,8.018615974309419e-07
constant_full,1044,True,False,1.1699373857047155e-07
constant_full,1045,True,False,7.056747305105888e-08
constant_full,1046,True,False,1.8315647742986876e-06
constant_full,1047,True,False,4.633610073736495e-08
constant_full,1048,True,False,2.1703006941833003e-07
constant_full,1049,True,False,2.569715065411703e-07
constant_full,1050,True,False,4.917971638053131e-07
constant_full,1051,True,False,8.142543296747527e-08
constant_full,1052,True,False,5.151106754896564e-08
constant_full,1053,True,False,2.27014333085578e-07
constant_full,1054,True,False,3.7140766516916425e-07
constant_full,1055,True,False,3.959777241609124e-08
constant_full,1056,True,False,6.721387133952919e-07
constant_full,1057,True,False,1.0222613275885184e-06
constant_full,1058,True,False,7.087052527469909e-07
constant_full,1059,True,False,5.905108789116693e-07
constant_full,1060,True,False,2.926510329473746e-07
constant_full,1061,True,False,2.0374672361335514e-07
constant_full,1062,True,False,3.972911820853309e-07
constant_full,1063,True,False,2.729839057543818e-07
constant_full,1064,True,False,4.3398947277355345e-07
constant_full,1065,True,False,6.718470786575217e-07
constant_full,1066,True,False,1.0555657122686037e-06
constant_full,1067,True,False,7.057676710563591e-08
constant_full,1068,True,False,1.1300449782737794e-08
constant_full,1069,True,False,2.424770343726824e-07
constant_full,1070,True,False,1.0750002391193654e-07
constant_full,1071,True,False,4.0391014905530705e-07
constant_full,1072,True,False,3.0925827945544624e-07
constant_full,1073,True,False,3.3984902497948923e-07
constant_full,1074,True,False,5.32672079686192e-07
constant_full,1075,True,False,7.300561108795707e-07
constant_full,1076,True,False,4.778247945103307e-07
constant_full,1077,True,False,3.789268595328245e-07
constant_full,1078,True,False,5.740374430252236e-07
constant_full,1079,True,False,1.4781220315596468e-07
constant_full,1080,True,False,1.9953633409635335e-07
constant_full,1081,True,False,2.3412050419989783e-07
constant_full,1082,True,False,5.639483071218574e-07
constant_full,1083,True,False,3.810094265613032e-07
constant_full,1084,True,False,7.271126128444768e-09
constant_full,1085,True,False,4.4790409142922854e-07
constant_full,1086,True,False,8.815564170322598e-07
constant_full,1087,True,False,9.853944452065678e-07
constant_full,1088,True,False,8.110646513865092e-07
constant_full,1089,True,False,5.472138242447376e-07
constant_full,1090,True,False,4.474975439833987e-07
constant_full,1091,True,False,4.480958737389696e-07
constant_full,1092,True,False,5.968298513829786e-07
constant_full,1093,True,False,6.101475449223425e-07
constant_full,1094,True,False,1.3860384832079188e-07
constant_full,1095,True,False,1.966479959243113e-07
constant_full,1096,True,False,2.7185635142548175e-07
constant_full,1097,True,False,2.7461799340951415e-07
constant_full,1098,True,False,2.902210512580283e-07
constant_full,1099,True,False,7.426085031834124e-08
constant_full,1100,True,False,2.5899852034339627e-07
constant_full,1101,True,False,7.245317847890755e-07
constant_full,1102,True,False,8.050355613015836e-08
constant_full,1103,True,False,4.177418910306056e-07
constant_full,1104,True,False,5.223218808982958e-07
constant_full,1105,True,False,9.181274161987957e-07
constant_full,1106,True,False,8.536151173291025e-08
constant_full,1107,True,False,1.1274886374089177e-07
constant_full,1108,True,False,2.8885319460704833e-07
constant_full,1109,True,False,3.5636367259355815e-07
constant_full,1110,True,False,3.337488841996335e-07
constant_full,1111,True,False,4.1398793086955267e-07
constant_full,1112,True,False,1.0065424913445365e-06
constant_full,1113,True,False,4.475013519790045e-07
constant_full,1114,True,False,7.959162806639016e-07
constant_full,1115,True,False,9.465930503542086e-08
constant_full,1116,True,False,1.6212925953533676e-07
constant_full,1117,True,False,6.693206092971188e-07
constant_full,1118,True,False,4.922707237009089e-07
constant_full,1119,True,False,1.5568023309118088e-06
constant_full,1120,True,False,1.7701832309910099e-06
constant_full,1121,True,False,8.483028399438848e-08
constant_full,1122,True,False,1.9480394987949428e-08
constant_full,1123,True,False,4.944921874288823e-07
constant_full,1124,True,False,1.4648299529199408e-07
constant_full,1125,True,False,6.736384835862173e-07
constant_full,1126,True,False,5.665285123476526e-07
constant_full,1127,True,False,2.3529736764811602e-07
constant_full,1128,True,False,1.071144625947567e-07
constant_full,1129,True,False,8.858056810036065e-09
constant_full,1130,True,False,9.774772316006874e-07
constant_full,1131,True,False,1.3280891417138345e-07
constant_full,1132,True,False,1.457032763326849e-07
constant_full,1133,True,False,3.994558982243569e-07
constant_full,1134,True,False,5.933439545238951e-07
constant_full,1135,True,False,9.878898460002733e-07
constant_full,1136,True,False,2.9099050964830073e-07
constant_full,1137,True,False,6.355811500110075e-07
constant_full,1138,True,False,1.408424340821266e-06
constant_full,1139,True,False,4.944911332764964e-07
constant_full,1140,True,False,4.368266043939931e-06
constant_full,1141,True,False,1.831920800812716e-07
constant_full,1142,True,False,2.282616136994875e-07
constant_full,1143,True,False,7.741334035054156e-08
constant_full,1144,True,False,1.0383874746501776e-06
constant_full,1145,True,False,6.740708738810757e-07
constant_full,1146,True,False,1.1813693693953065e-07
constant_full,1147,True,False,6.734418381586196e-07
constant_full,1148,True,False,6.639107187178123e-07
constant_full,1149,True,False,3.512324536103506e-07
constant_full,1150,True,False,7.46164260184174e-07
constant_full,1151,True,False,9.767367578226921e-07
constant_full,1152,True,False,9.794265212387445e-08
constant_full,1153,True,False,5.998355884339601e-07
constant_full,1154,True,False,7.677614227644753e-07
constant_full,1155,True,False,2.5663202936876325e-07
constant_full,1156,True,False,1.5341950313375053e-07
constant_full,1157,True,False,3.260081580198864e-07
constant_full,1158,True,False,2.4932398936268667e-07
constant_full,1159,True,False,5.320816120315347e-07
constant_full,1160,True,False,7.391286676013567e-07
constant_full,1161,True,False,1.4416775810916385e-07
constant_full,1162,True,False,3.2333624378484804e-07
constant_full,1163,True,False,7.493825140739942e-07
constant_full,1164,True,False,1.3783732722342631e-07
constant_full,1165,True,False,9.45195543626188e-07
constant_full,1166,True,False,9.626232960592634e-07
constant_full,1167,True,False,3.986865393541523e-08
constant_full,1168,True,False,7.17264681875482e-07
constant_full,1169,True,False,8.42308169550063e-07
constant_full,1170,True,False,6.130641892706034e-07
constant_full,1171,True,False,3.0971067710633605e-07
constant_full,1172,True,False,1.4021115528050133e-07
constant_full,1173,True,False,1.6645764794727594e-06
constant_full,1174,True,False,1.0131302659344468e-06
constant_full,1175,True,False,3.091481510805758e-07
constant_full,1176,True,False,5.2198854889104415e-08
constant_full,1177,True,False,8.056009756317003e-07
constant_full,1178,True,False,1.409383873685136e-07
constant_full,1179,True,False,2.8173201120285826e-07
constant_full,1180,True,False,1.336256751917899e-06
constant_full,1181,True,False,4.2672955241750955e-07
constant_full,1182,True,False,3.964315612028255e-07
constant_full,1183,True,False,5.174960217219528e-07
constant_full,1184,True,False,8.561330165872132e-08
constant_full,1185,True,False,9.093455930209808e-07
constant_full,1186,True,False,7.735851987589355e-07
constant_full,1187,True,False,1.3594342161687451e-07
constant_full,1188,True,False,1.103678385549547e-07
constant_full,1189,True,False,6.655065705175867e-07
constant_full,1190,True,False,1.80489010400905e-06
constant_full,1191,True,False,4.204991719081904e-07
constant_full,1192,True,False,2.2497848994447e-07
constant_full,1193,True,False,3.314490461038372e-07
constant_full,1194,True,False,3.464097408002246e-07
constant_full,1195,True,False,1.4631442415162237e-06
constant_full,1196,True,False,3.0726929963145806e-07
constant_full,1197,True,False,1.1449061544790709e-07
constant_full,1198,True,False,5.386369685810923e-07
constant_full,1199,True,False,1.7012757678407796e-07
constant_full,1200,True,False,5.36679067144332e-07
constant_full,1201,True,False,5.050819368027964e-07
constant_full,1202,True,False,2.127184323848747e-07
constant_full,1203,True,False,2.3642924053128943e-07
constant_full,1204,True,False,3.285202777078251e-07
constant_full,1205,True,False,9.566926423036605e-07
constant_full,1206,True,False,5.218293047111578e-07
constant_full,1207,True,False,1.053144410024741e-07
constant_full,1208,True,False,3.3599517171313207e-07
constant_full,1209,True,False,3.344204255143228e-07
constant_full,1210,True,False,3.568244677730248e-07
constant_full,1211,True,False,9.044016970409488e-07
constant_full,1212,True,False,1.7958397766167525e-06
constant_full,1213,True,False,4.351091375730345e-07
constant_full,1214,True,False,2.573139475351419e-07
constant_full,1215,True,False,4.0239796421502453e-07
constant_full,1216,True,False,1.7116264450547336e-07
constant_full,1217,True,False,8.75397680261733e-08
constant_full,1218,True,False,4.3272539593813384e-07
constant_full,1219,True,False,1.1926878981859216e-07
constant_full,1220,True,False,4.101929468312604e-07
constant_full,1221,True,False,2.2035971086588407e-07
constant_full,1222,True,False,2.695947081628697e-07
constant_full,1223,True,False,1.3682229287066885e-07
constant_full,1224,True,False,9.663823244827521e-08
constant_full,1225,True,False,4.241776574885624e-08
constant_full,1226,True,False,7.169731220429195e-07
constant_full,1227,True,False,3.536653463492005e-07
constant_full,1228,True,False,4.777329473653561e-07
constant_full,1229,True,False,8.187226600707917e-07
constant_full,1230,True,False,7.066644280918981e-07
constant_full,1231,True,False,8.607971823739784e-07
constant_full,1232,True,False,6.913769622649995e-07
constant_full,1233,True,False,4.809435905450607e-07
constant_full,1234,True,False,2.3269782641247968e-07
constant_full,1235,True,False,4.236303151464718e-07
constant_full,1236,True,False,6.433786043979633e-07
constant_full,1237,True,False,2.737990699046745e-07
constant_full,1238,True,False,9.63283105421317e-08
constant_full,1239,True,False,1.8939304608180585e-07
constant_full,1240,True,False,9.376961461734347e-07
constant_full,1241,True,False,9.702072720822792e-08
constant_full,1242,True,False,6.904092980797224e-07
constant_full,1243,True,False,6.139362726111006e-07
constant_full,1244,True,False,5.442059419900334e-07
constant_full,1245,True,False,7.416680228020861e-08
constant_full,1246,True,False,3.531739036047938e-08
constant_full,1247,True,False,5.5971491289949674e-08
constant_full,1248,True,False,3.582508898457789e-08
constant_full,1249,True,False,6.316160073092378e-07
constant_full,1250,True,False,9.446914780693347e-07
constant_full,1251,True,False,2.9918112965340474e-07
constant_full,1252,True,False,3.3266192077590414e-07
constant_full,1253,True,False,4.417218269757368e-07
constant_full,1254,True,False,6.495667238273266e-07
constant_full,1255,True,False,2.501771728576672e-07
constant_full,1256,True,False,3.470884673564478e-07
constant_full,1257,True,False,6.084676535534281e-07
constant_full,1258,True,False,7.488860111450371e-07
constant_full,1259,True,False,5.315843499628679e-08
constant_full,1260,True,False,9.032988474064622e-08
constant_full,1261,True,False,8.804757621959217e-07
constant_full,1262,True,False,4.368282493554027e-08
constant_full,1263,True,False,9.914401399387532e-08
constant_full,1264,True,False,1.5085249088789985e-06
constant_full,1265,True,False,1.2611497114684538e-07
constant_full,1266,True,False,3.722845804699597e-07
constant_full,1267,True,False,2.108209301121301e-07
constant_full,1268,True,False,1.3805000320309214e-07
constant_full,1269,True,False,4.2383883005562275e-07
constant_full,1270,True,False,5.790253552139383e-07
constant_full,1271,True,False,4.6053892513081766e-07
constant_full,1272,True,False,4.272259629992499e-08
constant_full,1273,True,False,1.3181671750961816e-06
constant_full,1274,True,False,8.030189889144869e-07
constant_full,1275,True,False,2.7267814389183746e-07
constant_full,1276,True,False,3.602764996051861e-07
constant_full,1277,True,False,9.755926928923093e-09
constant_full,1278,True,False,1.5461605832477116e-07
constant_full,1279,True,False,1.4806265800828035e-07
constant_full,1280,True,False,2.4094236977964473e-06
constant_full,1281,True,False,4.3822061580981524e-07
constant_full,1282,True,False,2.7070996495230294e-07
constant_full,1283,True,False,4.281868375130256e-08
constant_full,1284,True,False,7.158275868907009e-07
constant_full,1285,True,False,4.432846215915949e-07
constant_full,1286,True,False,1.1285845920093067e-07
constant_full,1287,True,False,8.129144423145653e-07
constant_full,1288,True,False,3.772349707068677e-07
constant_full,1289,True,False,9.229174698897171e-08
constant_full,1290,True,False,4.813933234649031e-07
constant_full,1291,True,False,4.839649844194873e-07
constant_full,1292,True,False,1.941006878339779e-07
constant_full,1293,True,False,1.935071632377594e-07
constant_full,1294,True,False,4.000552481714827e-07
constant_full,1295,True,False,3.3590530848645867e-07
constant_full,1296,True,False,1.313412253713677e-07
constant_full,1297,True,False,2.2464983672109926e-06
constant_full,1298,True,False,3.237701849040578e-09
constant_full,1299,True,False,6.5849577599294245e-09
constant_full,1300,True,False,8.94595848546361e-08
constant_full,1301,True,False,1.4857807186722079e-06
constant_full,1302,True,False,7.618616709507053e-08
constant_full,1303,True,False,7.436410548211161e-07
constant_full,1304,True,False,3.03802721705851e-07
constant_full,1305,True,False,1.798966459866451e-07
constant_full,1306,True,False,5.787759238647217e-07
constant_full,1307,True,False,2.6179864165258874e-08
constant_full,1308,True,False,2.3669980209373814e-07
constant_full,1309,True,False,4.4981145503156867e-07
constant_full,1310,True,False,3.7801532702041766e-07
constant_full,1311,True,False,2.7753853889153005e-07
constant_full,1312,True,False,7.670082460214418e-07
constant_full,1313,True,False,2.772528011890935e-07
constant_full,1314,True,False,3.713478669972351e-07
constant_full,1315,True,False,5.809098456780208e-07
constant_full,1316,True,False,8.284163328757178e-07
constant_full,1317,True,False,1.9795468463774733e-07
constant_full,1318,True,False,4.817936525674555e-07
constant_full,1319,True,False,8.303980404970767e-07
constant_full,1320,True,False,1.7695779568004688e-06
constant_full,1321,True,False,2.6147854121656904e-08
constant_full,1322,True,False,1.4405508162172092e-07
constant_full,1323,True,False,1.1868286097349011e-07
constant_full,1324,True,False,1.0264942594290836e-07
constant_full,1325,True,False,3.8878234733905163e-07
constant_full,1326,True,False,1.484293413356157e-07
constant_full,1327,True,False,1.0122763358509493e-07
constant_full,1328,True,False,4.985831675499688e-08
constant_full,1329,True,False,1.5143222206703672e-07
constant_full,1330,True,False,1.6215068266332854e-07
constant_full,1331,True,False,6.527066282286926e-07
constant_full,1332,True,False,2.0821996941697223e-07
constant_full,1333,True,False,7.447556092312753e-07
constant_full,1334,True,False,3.8374606431826066e-07
constant_full,1335,True,False,7.826592188097738e-08
constant_full,1336,True,False,7.987540349925848e-07
constant_full,1337,True,False,1.9848379745359578e-07
constant_full,1338,True,False,8.60864491573879e-07
constant_full,1339,True,False,5.662269316504978e-07
constant_full,1340,True,False,1.179207637971432e-06
constant_full,1341,True,False,6.454422398113667e-07
constant_full,1342,True,False,6.799434068175719e-09
constant_full,1343,True,False,1.8320840952028912e-07
constant_full,1344,True,False,4.0012864806851087e-07
constant_full,1345,True,False,8.845046907391825e-07
constant_full,1346,True,False,1.7433497793985868e-07
constant_full,1347,True,False,2.635830865584586e-07
constant_full,1348,True,False,6.817848900151309e-07
constant_full,1349,True,False,6.493084269222941e-07
constant_full,1350,True,False,2.739443280025197e-07
constant_full,1351,True,False,1.6070304222336518e-07
constant_full,1352,True,False,8.838872227795325e-07
constant_full,1353,True,False,1.4894879592558246e-07
constant_full,1354,True,False,3.608767944859809e-07
constant_full,1355,True,False,3.908568201654982e-07
constant_full,1356,True,False,2.619032257895599e-07
constant_full,1357,True,False,6.324134079611534e-08
constant_full,1358,True,False,4.3741979524828866e-07
constant_full,1359,True,False,4.3934529139816044e-08
constant_full,1360,True,False,7.159400628598719e-07
constant_full,1361,True,False,6.244176675112028e-07
constant_full,1362,True,False,8.838950932280266e-07
constant_full,1363,True,False,7.464426893114542e-07
constant_full,1364,True,False,1.1620744894812195e-06
constant_full,1365,True,False,8.562021124027381e-07
constant_full,1366,True,False,1.418415359900964e-07
constant_full,1367,True,False,7.327661004651053e-07
constant_full,1368,True,False,1.0412926968891135e-07
constant_full,1369,True,False,1.7602793750392843e-06
constant_full,1370,True,False,3.285468005384722e-07
constant_full,1371,True,False,1.4048981862237582e-06
constant_full,1372,True,False,8.240760852814644e-07
constant_full,1373,True,False,4.462756850741333e-07
constant_full,1374,True,False,1.7054867076420117e-07
constant_full,1375,True,False,7.354565722974516e-07
constant_full,1376,True,False,1.79435583212635e-07
constant_full,1377,True,False,1.203350398438312e-06
constant_full,1378,True,False,8.097791166817072e-07
constant_full,1379,True,False,6.699912162740428e-07
constant_full,1380,True,False,8.487582005087116e-07
constant_full,1381,True,False,8.566031645369817e-07
constant_full,1382,True,False,9.297516375481061e-08
constant_full,1383,True,False,4.631046210246774e-07
constant_full,1384,True,False,8.088304862662863e-08
constant_full,1385,True,False,1.5272709919518623e-07
constant_full,1386,True,False,4.26253420014905e-07
constant_full,1387,True,False,2.8192257346923046e-07
constant_full,1388,True,False,6.921184850919203e-07
constant_full,1389,True,False,3.8922151902525465e-07
constant_full,1390,True,False,1.1948855383235925e-06
constant_full,1391,True,False,5.972535965873541e-08
constant_full,1392,True,False,5.484272992346535e-07
constant_full,1393,True,False,7.882355898373234e-07
constant_full,1394,True,False,1.2809710556581215e-07
constant_full,1395,True,False,1.0269786390571372e-06
constant_full,1396,True,False,1.4926128566315602e-07
constant_full,1397,True,False,1.1526846561499068e-07
constant_full,1398,True,False,5.845166169139543e-07
constant_full,1399,True,False,4.92478787993711e-07
constant_full,1400,True,False,7.716563473640282e-07
constant_full,1401,True,False,3.0365794250603e-07
constant_full,1402,True,False,6.083951403852088e-07
constant_full,1403,True,False,3.6762505541932723e-07
constant_full,1404,True,False,4.260705916690927e-07
constant_full,1405,True,False,6.213837993549902e-07
constant_full,1406,True,False,7.987036186505995e-07
constant_full,1407,True,False,3.104548741879108e-08
constant_full,1408,True,False,1.1598743268494128e-06
constant_full,1409,True,False,1.60541262725862e-07
constant_full,1410,True,False,7.234712934233062e-07
constant_full,1411,True,False,1.0147509986873179e-07
constant_full,1412,True,False,2.022465721529775e-06
constant_full,1413,True,False,6.501987564141775e-07
constant_full,1414,True,False,9.01803523626011e-08
constant_full,1415,True,False,5.402694589594936e-07
constant_full,1416,True,False,1.590663564687196e-07
constant_full,1417,True,False,5.535474104951712e-07
constant_full,1418,True,False,3.4184978126098325e-07
constant_full,1419,True,False,3.559028200416554e-07
constant_full,1420,True,False,2.8081937579327797e-07
constant_full,1421,True,False,1.2494826098712104e-06
constant_full,1422,True,False,1.0782089846611431e-07
constant_full,1423,True,False,4.4105348359607056e-07
constant_full,1424,True,False,1.1631875483700726e-07
constant_full,1425,True,False,2.9918871147373447e-07
constant_full,1426,True,False,1.0039070282941477e-07
constant_full,1427,True,False,7.14144927756856e-07
constant_full,1428,True,False,6.249598045961435e-07
constant_full,1429,True,False,7.515420144922209e-07
constant_full,1430,True,False,1.6733753328662548e-08
constant_full,1431,True,False,5.36941779600501e-07
constant_full,1432,True,False,3.757290986549956e-07
constant_full,1433,True,False,4.559871989795947e-07
constant_full,1434,True,False,9.887818749599737e-08
constant_full,1435,True,False,6.30082848362481e-07
constant_full,1436,True,False,3.569415850280916e-07
constant_full,1437,True,False,6.767239030364015e-07
constant_full,1438,True,False,7.678323320795536e-07
constant_full,1439,True,False,5.594531274422758e-07
constant_full,1440,True,False,1.8527460882601886e-07
constant_full,1441,True,False,1.0363065518876063e-06
constant_full,1442,True,False,3.1157725485806696e-07
constant_full,1443,True,False,2.960726100828638e-07
constant_full,1444,True,False,3.710835241514878e-07
constant_full,1445,True,False,1.650255039060267e-07
constant_full,1446,True,False,2.460231180731647e-07
constant_full,1447,True,False,9.946128030053237e-08
constant_full,1448,True,False,9.569361687419295e-08
constant_full,1449,True,False,6.501619946445556e-07
constant_full,1450,True,False,5.523999503893255e-07
constant_full,1451,True,False,5.062891797675974e-07
constant_full,1452,True,False,1.7225354760082493e-07
constant_full,1453,True,False,6.9144001027269e-07
constant_full,1454,True,False,5.43992958005651e-07
constant_full,1455,True,False,3.681643281742458e-07
constant_full,1456,True,False,2.883374732501068e-07
constant_full,1457,True,False,1.7641765551478367e-07
constant_full,1458,True,False,1.6483773849145573e-07
constant_full,1459,True,False,8.863456972585149e-07
constant_full,1460,True,False,1.576161473493427e-07
constant_full,1461,True,False,1.1352021320331303e-06
constant_full,1462,True,False,4.991820635769813e-07
constant_full,1463,True,False,2.935197327559743e-08
constant_full,1464,True,False,7.13305525283617e-07
constant_full,1465,True,False,1.8804904674856928e-07
constant_full,1466,True,False,4.745000442833764e-07
constant_full,1467,True,False,1.3348233873550908e-06
constant_full,1468,True,False,6.871517099132715e-07
constant_full,1469,True,False,3.9602240357306946e-07
constant_full,1470,True,False,4.3418302563650386e-07
constant_full,1471,True,False,1.6041424610226838e-06
constant_full,1472,True,False,3.6162801769419474e-07
constant_full,1473,True,False,1.229200178308232e-06
constant_full,1474,True,False,9.120973077920281e-07
constant_full,1475,True,False,9.405118277072689e-07
constant_full,1476,True,False,3.321717819189091e-07
constant_full,1477,True,False,1.1867453233384679e-07
constant_full,1478,True,False,3.8016784405867107e-07
constant_full,1479,True,False,1.0730929918437626e-06
constant_full,1480,True,False,8.807490377567396e-08
constant_full,1481,True,False,9.71248219238813e-07
constant_full,1482,True,False,1.7619155041744592e-07
constant_full,1483,True,False,1.827557676579356e-08
constant_full,1484,True,False,3.706008519524416e-07
constant_full,1485,True,False,2.7194872037073993e-07
constant_full,1486,True,False,1.975204400815216e-06
constant_full,1487,True,False,1.6880655629140735e-07
constant_full,1488,True,False,1.1516842022066974e-06
constant_full,1489,True,False,1.0630516306037781e-06
constant_full,1490,True,False,6.636782595739075e-07
constant_full,1491,True,False,1.7486500832570116e-07
constant_full,1492,True,False,5.637064765260818e-07
constant_full,1493,True,False,3.645492878053265e-07
constant_full,1494,True,False,6.280004630877223e-07
constant_full,1495,True,False,4.6146878465385544e-07
constant_full,1496,True,False,7.586268742049111e-07
constant_full,1497,True,False,5.122709204878668e-07
constant_full,1498,True,False,3.730607557529676e-07
constant_full,1499,True,False,1.8141131074555006e-07
constant_full,1500,True,False,8.094157969910728e-07
constant_full,1501,True,False,9.994089064126908e-08
constant_full,1502,True,False,1.5346634942377694e-07
constant_full,1503,True,False,6.061409641150712e-07
constant_full,1504,True,False,1.1014595695475698e-07
constant_full,1505,True,False,1.0857030005073004e-06
constant_full,1506,True,False,9.292590981510037e-07
constant_full,1507,True,False,1.9208744502887645e-06
constant_full,1508,True,False,4.995394657951022e-07
constant_full,1509,True,False,8.054565646667623e-08
constant_full,1510,True,False,9.349337453193876e-08
constant_full,1511,True,False,1.9090166918399818e-07
constant_full,1512,True,False,6.46449252354468e-07
constant_full,1513,True,False,3.2104717830526523e-07
constant_full,1514,True,False,3.471813909892265e-07
constant_full,1515,True,False,1.928802327497006e-07
constant_full,1516,True,False,5.783749367581045e-08
constant_full,1517,True,False,1.5633118323888293e-07
constant_full,1518,True,False,5.450079438703497e-07
constant_full,1519,True,False,1.0306444538478687e-06
constant_full,1520,True,False,3.5960047061149307e-07
constant_full,1521,True,False,7.109297083655601e-07
constant_full,1522,True,False,4.6359938624617074e-07
constant_full,1523,True,False,1.483395025630226e-07
constant_full,1524,True,False,4.814982381416871e-07
constant_full,1525,True,False,9.365988084238139e-07
constant_full,1526,True,False,7.681371271864686e-08
constant_full,1527,True,False,1.2004108220856616e-07
constant_full,1528,True,False,3.2447384081067363e-07
constant_full,1529,True,False,2.5357209339116986e-07
constant_full,1530,True,False,5.81136600784521e-07
constant_full,1531,True,False,5.132160340979491e-07
constant_full,1532,True,False,4.2074781200064706e-08
constant_full,1533,True,False,7.256913066379287e-08
constant_full,1534,True,False,1.0456687323063559e-07
constant_full,1535,True,False,2.749447949118375e-07
constant_full,1536,True,False,7.444748831423475e-08
constant_full,1537,True,False,3.3958292804230364e-07
constant_full,1538,True,False,5.953649144034699e-07
constant_full,1539,True,False,2.65393546918191e-07
constant_full,1540,True,False,1.0647832271302852e-07
constant_full,1541,True,False,2.705733236943838e-08
constant_full,1542,True,False,4.0543068301131116e-07
constant_full,1543,True,False,6.938683739939896e-07
constant_full,1544,True,False,1.1408360341085699e-07
constant_full,1545,True,False,6.80305242671957e-07
constant_full,1546,True,False,4.604729293795369e-07
constant_full,1547,True,False,6.73310183196586e-07
constant_full,1548,True,False,1.4697700900562905e-07
constant_full,1549,True,False,6.72356280860066e-08
constant_full,1550,True,False,5.043989706766452e-07
constant_full,1551,True,False,1.4436350073257153e-07
constant_full,1552,True,False,7.30290293198525e-08
constant_full,1553,True,False,7.612431969195924e-07
constant_full,1554,True,False,3.4836470987379237e-07
constant_full,1555,True,False,2.6327550541347666e-07
constant_full,1556,True,False,7.325430980796911e-07
constant_full,1557,True,False,3.962588944583384e-07
constant_full,1558,True,False,6.429359515372875e-07
constant_full,1559,True,False,1.2467563141649076e-06
constant_full,1560,True,False,6.38090950456338e-07
constant_full,1561,True,False,7.122470843056067e-07
constant_full,1562,True,False,2.8254487892311366e-07
constant_full,1563,True,False,5.316804117750629e-07
constant_full,1564,True,False,3.4595382310765566e-07
constant_full,1565,True,False,8.557227193584175e-07
constant_full,1566,True,False,6.098911659329335e-07
constant_full,1567,True,False,3.683062599907482e-07
constant_full,1568,True,False,7.304683753885576e-07
constant_full,1569,True,False,5.116767480322665e-07
constant_full,1570,True,False,1.4487235819741441e-08
constant_full,1571,True,False,1.3823308595432252e-07
constant_full,1572,True,False,6.298921008726582e-08
constant_full,1573,True,False,1.9548419953023097e-06
constant_full,1574,True,False,5.150465033255612e-07
constant_full,1575,True,False,7.478289843726813e-07
constant_full,1576,True,False,8.478325482518394e-08
constant_full,1577,True,False,1.0472630450679714e-06
constant_full,1578,True,False,1.816182504877779e-07
constant_full,1579,True,False,4.042370550074126e-07
constant_full,1580,True,False,5.346608508880906e-07
constant_full,1581,True,False,7.023305702269419e-07
constant_full,1582,True,False,5.279119371967668e-07
constant_full,1583,True,False,2.0448429657988586e-07
constant_full,1584,True,False,3.325317672088237e-07
constant_full,1585,True,False,1.3762821587588604e-07
constant_full,1586,True,False,1.78878562513483e-07
constant_full,1587,True,False,1.7751145644458128e-07
constant_full,1588,True,False,1.1313058605349913e-06
constant_full,1589,True,False,9.813135653882328e-08
constant_full,1590,True,False,1.8248577601299827e-07
constant_full,1591,True,False,7.387635687065254e-07
constant_full,1592,True,False,4.825921081108251e-07
constant_full,1593,True,False,9.679465668890784e-08
constant_full,1594,True,False,3.6901232196103356e-08
constant_full,1595,True,False,2.6557432683153345e-07
constant_full,1596,True,False,9.448352248738996e-07
constant_full,1597,True,False,4.1693185551554236e-08
constant_full,1598,True,False,7.431348522369681e-07
constant_full,1599,True,False,5.640026942619044e-07
constant_full,1600,True,False,1.0394005983223998e-06
constant_full,1601,True,False,2.728161557503888e-07
constant_full,1602,True,False,4.570612376568928e-07
constant_full,1603,True,False,3.2604405035748803e-07
constant_full,1604,True,False,4.551560359560297e-08
constant_full,1605,True,False,1.6029233368368149e-07
constant_full,1606,True,False,7.630113254666549e-08
constant_full,1607,True,False,2.1654559778017842e-07
constant_full,1608,True,False,1.8663307228874405e-07
constant_full,1609,True,False,1.1867713361524307e-07
constant_full,1610,True,False,3.0707844802378553e-07
constant_full,1611,True,False,4.521815326132876e-07
constant_full,1612,True,False,5.848839911144391e-07
constant_full,1613,True,False,2.13166190308395e-07
constant_full,1614,True,False,4.205804336908947e-07
constant_full,1615,True,False,3.566201168439835e-07
constant_full,1616,True,False,3.052518229672214e-07
constant_full,1617,True,False,3.445179838282277e-08
constant_full,1618,True,False,6.665201674242372e-07
constant_full,1619,True,False,1.5486880575100344e-07
constant_full,1620,True,False,1.1899615503247445e-06
constant_full,1621,True,False,1.8181828115879926e-07
constant_full,1622,True,False,9.852325517629048e-08
constant_full,1623,True,False,4.5451080969528814e-07
constant_full,1624,True,False,5.650783982231717e-07
constant_full,1625,True,False,5.387608458048996e-08
constant_full,1626,True,False,1.4521947019663928e-06
constant_full,1627,True,False,3.1354811707666675e-07
constant_full,1628,True,False,4.3397408708050944e-07
constant_full,1629,True,False,6.496779160376725e-07
constant_full,1630,True,False,3.015807319558293e-08
constant_full,1631,True,False,6.3506367601690646e-06
constant_full,1632,True,False,1.3346159280660892e-06
constant_full,1633,True,False,5.276823694198132e-07
constant_full,1634,True,False,4.110986113394501e-07
constant_full,1635,True,False,6.123601949770859e-07
constant_full,1636,True,False,4.209955638005823e-07
constant_full,1637,True,False,6.398208943952892e-07
constant_full,1638,True,False,1.4832048132153882e-06
constant_full,1639,True,False,3.8289046490536837e-07
constant_full,1640,True,False,4.5568214628797184e-07
constant_full,1641,True,False,4.851835031088434e-07
constant_full,1642,True,False,2.1587196273203002e-07
constant_full,1643,True,False,1.2432543694491876e-07
constant_full,1644,True,False,1.4903953803138268e-08
constant_full,1645,True,False,6.455578904751082e-07
constant_full,1646,True,False,9.505183191791908e-07
constant_full,1647,True,False,8.570575009400313e-08
constant_full,1648,True,False,1.803197505252358e-07
constant_full,1649,True,False,1.3104583983408868e-08
constant_full,1650,True,False,6.44842852814883e-07
constant_full,1651,True,False,6.452661775802303e-08
constant_full,1652,True,False,2.9399802818551404e-07
constant_full,1653,True,False,4.0094168863736304e-07
constant_full,1654,True,False,6.290308881358484e-07
constant_full,1655,True,False,4.3501193467329066e-07
constant_full,1656,True,False,1.0501720252377759e-06
constant_full,1657,True,False,2.4181819484441217e-07
constant_full,1658,True,False,4.048225901599746e-07
constant_full,1659,True,False,2.2612784380229985e-07
constant_full,1660,True,False,1.7150599901104705e-07
constant_full,1661,True,False,3.2122861881381956e-06
constant_full,1662,True,False,4.4036156075717574e-08
constant_full,1663,True,False,3.5529180857379435e-07
constant_full,1664,True,False,3.420292435843307e-07
constant_full,1665,True,False,1.8859931357045848e-07
constant_full,1666,True,False,1.3932561689737661e-06
constant_full,1667,True,False,2.982448249994822e-07
constant_full,1668,True,False,2.4702957849084846e-07
constant_full,1669,True,False,2.09556268173293e-07
constant_full,1670,True,False,2.448408552573755e-07
constant_full,1671,True,False,2.2918932786839572e-07
constant_full,1672,True,False,8.969258246027354e-07
constant_full,1673,True,False,5.760945982629447e-07
constant_full,1674,True,False,7.681258037803467e-08
constant_full,1675,True,False,4.0237766676176864e-07
constant_full,1676,True,False,3.0307591636098887e-07
constant_full,1677,True,False,2.0183882409323285e-07
constant_full,1678,True,False,1.745095126731913e-06
constant_full,1679,True,False,8.155502236673538e-07
constant_full,1680,True,False,8.689871753173384e-07
constant_full,1681,True,False,3.6264934769935386e-07
constant_full,1682,True,False,1.6556260621220966e-07
constant_full,1683,True,False,3.4794735440649373e-07
constant_full,1684,True,False,6.417533625253317e-07
constant_full,1685,True,False,3.0342252633739467e-07
constant_full,1686,True,False,1.7399199604237698e-06
constant_full,1687,True,False,2.763052048623025e-07
constant_full,1688,True,False,2.7278208869075324e-07
constant_full,1689,True,False,6.715661464671156e-07
constant_full,1690,True,False,3.9612728889717745e-07
constant_full,1691,True,False,6.682963426706973e-08
constant_full,1692,True,False,7.451072473607575e-07
constant_full,1693,True,False,1.4521622818099712e-07
constant_full,1694,True,False,4.852655607186017e-06
constant_full,1695,True,False,1.8066283774071026e-06
constant_full,1696,True,False,2.9304894628760843e-07
constant_full,1697,True,False,3.2583548453820943e-07
constant_full,1698,True,False,2.1902569706718784e-06
constant_full,1699,True,False,7.827258886405005e-07
constant_full,1700,True,False,2.6437415340649546e-07
constant_full,1701,True,False,6.318644522280524e-07
constant_full,1702,True,False,2.4641764280552898e-06
constant_full,1703,True,False,9.001275954933242e-08
constant_full,1704,True,False,5.055863185252349e-07
constant_full,1705,True,False,1.063324152216516e-06
constant_full,1706,True,False,9.688315430949398e-08
constant_full,1707,True,False,3.2888049875478217e-06
constant_full,1708,True,False,5.366739606448428e-07
constant_full,1709,True,False,3.5462259477149716e-07
constant_full,1710,True,False,2.758279812812932e-06
constant_full,1711,True,False,3.0044277732992275e-07
constant_full,1712,True,False,4.859743568355511e-07
constant_full,1713,True,False,2.629712987448621e-08
constant_full,1714,True,False,4.077166931415709e-07
constant_full,1715,True,False,4.6762439896766893e-07
constant_full,1716,True,False,3.2413982950900714e-07
constant_full,1717,True,False,4.1314741312558296e-07
constant_full,1718,True,False,1.227742540713502e-06
constant_full,1719,True,False,2.6506131750729897e-07
constant_full,1720,True,False,9.125998336909425e-08
constant_full,1721,True,False,2.694706696666072e-07
constant_full,1722,True,False,1.7894981706675452e-08
constant_full,1723,True,False,4.427980777411308e-07
constant_full,1724,True,False,4.731253222466021e-07
constant_full,1725,True,False,3.634550014555522e-07
constant_full,1726,True,False,4.760695747717593e-07
constant_full,1727,True,False,9.337158207682333e-09
constant_full,1728,True,False,4.013712775189433e-07
constant_full,1729,True,False,8.719930159312202e-07
constant_full,1730,True,False,1.5656477295482278e-07
constant_full,1731,True,False,2.523956222221859e-07
constant_full,1732,True,False,4.3386335721046746e-07
constant_full,1733,True,False,5.694127852868727e-07
constant_full,1734,True,False,6.674772173250427e-07
constant_full,1735,True,False,6.741610873119618e-09
constant_full,1736,True,False,9.292577553704536e-08
constant_full,1737,True,False,1.346482873656106e-07
constant_full,1738,True,False,5.701830226212887e-07
constant_full,1739,True,False,6.380852118279496e-08
constant_full,1740,True,False,7.138140864962238e-08
constant_full,1741,True,False,2.6605928200438957e-07
constant_full,1742,True,False,2.739906015639824e-07
constant_full,1743,True,False,5.776214536946518e-08
constant_full,1744,True,False,4.019666889847356e-07
constant_full,1745,True,False,2.855415455485814e-07
constant_full,1746,True,False,7.26507768651579e-07
constant_full,1747,True,False,3.247770804202519e-07
constant_full,1748,True,False,2.814250534735506e-08
constant_full,1749,True,False,2.6128581898844965e-07
constant_full,1750,True,False,8.107749558936107e-07
constant_full,1751,True,False,2.878218363388355e-07
constant_full,1752,True,False,4.420265133333082e-07
constant_full,1753,True,False,3.6977527559966193e-07
constant_full,1754,True,False,6.215332594781002e-07
constant_full,1755,True,False,2.1623430914508267e-07
constant_full,1756,True,False,9.299576954601209e-08
constant_full,1757,True,False,5.399987963651289e-07
constant_full,1758,True,False,4.026672420705126e-08
constant_full,1759,True,False,1.044149889618402e-06
constant_full,1760,True,False,8.62422944918842e-08
constant_full,1761,True,False,5.444372065274807e-07
constant_full,1762,True,False,4.871997944425764e-07
constant_full,1763,True,False,4.4059610456345025e-07
constant_full,1764,True,False,1.7140744929310692e-07
constant_full,1765,True,False,6.738519156144726e-07
constant_full,1766,True,False,6.487211204748614e-07
constant_full,1767,True,False,6.605556282174985e-07
constant_full,1768,True,False,1.0286233691720946e-06
constant_full,1769,True,False,4.778391962520927e-07
constant_full,1770,True,False,6.944259455556602e-07
constant_full,1771,True,False,8.046034518785637e-07
constant_full,1772,True,False,7.506546879302779e-08
constant_full,1773,True,False,6.10895757397612e-07
constant_full,1774,True,False,9.12569707612506e-08
constant_full,1775,True,False,3.982708043417998e-07
constant_full,1776,True,False,9.67961909477592e-08
constant_full,1777,True,False,4.0975615947493606e-07
constant_full,1778,True,False,3.5932474828898497e-07
constant_full,1779,True,False,3.597980943475225e-07
constant_full,1780,True,False,2.432643517593128e-07
constant_full,1781,True,False,1.2473715786485508e-06
constant_full,1782,True,False,1.238218591989926e-06
constant_full,1783,True,False,8.224354078688819e-07
constant_full,1784,True,False,7.456222702490034e-08
constant_full,1785,True,False,5.1703112785451156e-08
constant_full,1786,True,False,1.0504400534145579e-06
constant_full,1787,True,False,7.034416657928601e-08
constant_full,1788,True,False,6.98803122008587e-07
constant_full,1789,True,False,3.3533998300530267e-07
constant_full,1790,True,False,8.639394449992605e-08
constant_full,1791,True,False,8.233329494551096e-07
constant_full,1792,True,False,8.754674709102569e-09
constant_full,1793,True,False,2.141451291316674e-07
constant_full,1794,True,False,7.549054270324288e-07
constant_full,1795,True,False,3.690879305542236e-07
constant_full,1796,True,False,4.201643489411094e-07
constant_full,1797,True,False,5.236618319635667e-07
constant_full,1798,True,False,5.823289785158658e-07
constant_full,1799,True,False,7.034662010617295e-07
constant_full,1800,True,False,4.839330923882168e-07
constant_full,1801,True,False,8.96577668150811e-07
constant_full,1802,True,False,6.789100632955486e-07
constant_full,1803,True,False,1.0892625234675446e-06
constant_full,1804,True,False,3.628252279978381e-07
constant_full,1805,True,False,5.930398194956222e-07
constant_full,1806,True,False,9.299883740244326e-08
constant_full,1807,True,False,3.2440946940935806e-07
constant_full,1808,True,False,3.4943838776134695e-07
constant_full,1809,True,False,2.846574134208122e-07
constant_full,1810,True,False,1.5636744047389126e-07
constant_full,1811,True,False,1.008568553294378e-06
constant_full,1812,True,False,5.271655466153092e-08
constant_full,1813,True,False,2.0982684305971463e-07
constant_full,1814,True,False,2.530907270088923e-07
constant_full,1815,True,False,5.145500411049978e-07
constant_full,1816,True,False,7.847236427025969e-07
constant_full,1817,True,False,3.462836255794438e-08
constant_full,1818,True,False,1.793891103309688e-07
constant_full,1819,True,False,1.7926591346739036e-07
constant_full,1820,True,False,8.893380484623212e-07
constant_full,1821,True,False,1.0635669988572852e-06
constant_full,1822,True,False,1.2308906061960868e-06
constant_full,1823,True,False,2.1175472999399382e-08
constant_full,1824,True,False,7.807992550517428e-08
constant_full,1825,True,False,8.090432195146594e-07
constant_full,1826,True,False,9.31037349898965e-08
constant_full,1827,True,False,1.8985008883840695e-07
constant_full,1828,True,False,1.5682869310803223e-07
constant_full,1829,True,False,3.833678185053254e-07
constant_full,1830,True,False,4.440564174496374e-07
constant_full,1831,True,False,1.6169318454737622e-07
constant_full,1832,True,False,3.1775546461240314e-07
constant_full,1833,True,False,2.688473703138435e-07
constant_full,1834,True,False,8.178538210269344e-08
constant_full,1835,True,False,4.818510091330191e-07
constant_full,1836,True,False,3.1252589464539087e-07
constant_full,1837,True,False,9.285418928167902e-07
constant_full,1838,True,False,1.9606361419525362e-07
constant_full,1839,True,False,6.120353197327802e-07
constant_full,1840,True,False,2.986727405606994e-07
constant_full,1841,True,False,1.6503006922090063e-08
constant_full,1842,True,False,1.7455184436346123e-07
constant_full,1843,True,False,2.4360138606971635e-06
constant_full,1844,True,False,2.8306854318005067e-06
constant_full,1845,True,False,4.4192511590789675e-08
constant_full,1846,True,False,4.865630031124477e-07
constant_full,1847,True,False,4.1704244632147946e-07
constant_full,1848,True,False,2.775765093047184e-07
constant_full,1849,True,False,4.995730607846661e-08
constant_full,1850,True,False,2.2592783354252623e-07
constant_full,1851,True,False,2.886466561420153e-06
constant_full,1852,True,False,3.6804290727333707e-07
constant_full,1853,True,False,3.8881641954623216e-07
constant_full,1854,True,False,2.0391664662818676e-06
constant_full,1855,True,False,2.841624460447241e-07
constant_full,1856,True,False,1.1736580488451533e-06
constant_full,1857,True,False,1.1549108066385111e-07
constant_full,1858,True,False,3.175061989129999e-07
constant_full,1859,True,False,5.192265178174401e-07
constant_full,1860,True,False,6.919571926014455e-07
constant_full,1861,True,False,7.395746957734173e-07
constant_full,1862,True,False,1.526283193677218e-07
constant_full,1863,True,False,9.308775577480022e-07
constant_full,1864,True,False,5.684781587404004e-07
constant_full,1865,True,False,1.0707773680349213e-07
constant_full,1866,True,False,1.186965463196149e-07
constant_full,1867,True,False,7.563954158946469e-08
constant_full,1868,True,False,7.500527152558127e-07
constant_full,1869,True,False,1.9200853883589378e-07
constant_full,1870,True,False,2.5362197015633715e-07
constant_full,1871,True,False,4.921572373295947e-07
constant_full,1872,True,False,1.7537986416898033e-08
constant_full,1873,True,False,1.7927750320515678e-07
constant_full,1874,True,False,6.047546711725062e-07
constant_full,1875,True,False,7.231109936689598e-08
constant_full,1876,True,False,1.685555540437104e-07
constant_full,1877,True,False,3.0771420832787916e-07
constant_full,1878,True,False,1.2396763698364564e-06
constant_full,1879,True,False,3.5380234550282786e-07
constant_full,1880,True,False,6.488842422602025e-08
constant_full,1881,True,False,3.7360368224570126e-07
constant_full,1882,True,False,6.666124868986057e-07
constant_full,1883,True,False,2.152509274925752e-07
constant_full,1884,True,False,7.260671664379844e-07
constant_full,1885,True,False,4.0689220377914295e-07
constant_full,1886,True,False,3.2516702611804373e-07
constant_full,1887,True,False,4.260999791409485e-07
constant_full,1888,True,False,2.4883291710667256e-07
constant_full,1889,True,False,4.533261904189734e-07
constant_full,1890,True,False,1.4508274121158718e-07
constant_full,1891,True,False,3.097832085230563e-07
constant_full,1892,True,False,1.21762925920394e-06
constant_full,1893,True,False,2.0429319054345628e-07
constant_full,1894,True,False,5.054376688150134e-09
constant_full,1895,True,False,4.476914749225083e-07
constant_full,1896,True,False,8.522575534445993e-08
constant_full,1897,True,False,6.150789902902193e-08
constant_full,1898,True,False,1.1497447314757226e-06
constant_full,1899,True,False,4.184741548581198e-07
constant_full,1900,True,False,3.9130739077762446e-07
constant_full,1901,True,False,8.934250568725319e-07
constant_full,1902,True,False,2.747568372435921e-07
constant_full,1903,True,False,2.698272771556442e-07
constant_full,1904,True,False,4.4179316211596476e-07
constant_full,1905,True,False,8.295147823057538e-07
constant_full,1906,True,False,4.7496718751388164e-07
constant_full,1907,True,False,9.137186248236722e-08
constant_full,1908,True,False,2.519690985130524e-07
constant_full,1909,True,False,3.5475392786026474e-07
constant_full,1910,True,False,1.903485269953354e-07
constant_full,1911,True,False,1.9984542016047676e-07
constant_full,1912,True,False,2.0614561171141494e-07
constant_full,1913,True,False,2.0994714108786347e-07
constant_full,1914,True,False,2.694851068966075e-07
constant_full,1915,True,False,9.040822176918903e-07
constant_full,1916,True,False,1.9874427509726743e-07
constant_full,1917,True,False,5.156660973120597e-07
constant_full,1918,True,False,4.475086582202613e-07
constant_full,1919,True,False,3.840948801512506e-07
constant_full,1920,True,False,1.382285405813232e-07
constant_full,1921,True,False,4.1311095421831913e-07
constant_full,1922,True,False,1.1130138427256995e-06
constant_full,1923,True,False,1.841568221517682e-08
constant_full,1924,True,False,4.6652159459008676e-07
constant_full,1925,True,False,7.809578445157694e-07
constant_full,1926,True,False,3.3947288865383463e-07
constant_full,1927,True,False,6.609182342379719e-07
constant_full,1928,True,False,8.64851472417649e-07
constant_full,1929,True,False,7.739455583285327e-07
constant_full,1930,True,False,1.7302205315380737e-06
constant_full,1931,True,False,4.882135958869924e-07
constant_full,1932,True,False,1.8893004887853662e-07
constant_full,1933,True,False,6.012457579204139e-07
constant_full,1934,True,False,2.0517543447132902e-07
constant_full,1935,True,False,7.508343329149728e-07
constant_full,1936,True,False,1.3907579086915834e-06
constant_full,1937,True,False,3.1780275476213927e-07
constant_full,1938,True,False,9.511565806715109e-07
constant_full,1939,True,False,9.705520255505505e-07
constant_full,1940,True,False,3.475764941121947e-07
constant_full,1941,True,False,4.440242391604071e-07
constant_full,1942,True,False,1.019747594309891e-06
constant_full,1943,True,False,4.6105869259038487e-07
constant_full,1944,True,False,4.7384748910624786e-07
constant_full,1945,True,False,6.896660710419821e-07
constant_full,1946,True,False,7.642101224563119e-07
constant_full,1947,True,False,5.004501287510141e-07
constant_full,1948,True,False,7.336370096415114e-07
constant_full,1949,True,False,9.824085125738702e-08
constant_full,1950,True,False,2.2566886224686114e-07
constant_full,1951,True,False,2.7296430351403187e-07
constant_full,1952,True,False,3.00818157316547e-08
constant_full,1953,True,False,7.504943083005066e-07
constant_full,1954,True,False,9.791920374785176e-07
constant_full,1955,True,False,7.689640152581894e-07
constant_full,1956,True,False,4.179874097606885e-07
constant_full,1957,True,False,1.3999032079727907e-07
constant_full,1958,True,False,5.885476835321713e-07
constant_full,1959,True,False,3.571406206566217e-07
constant_full,1960,True,False,4.1167195164930953e-07
constant_full,1961,True,False,7.478293586886692e-07
constant_full,1962,True,False,8.225681145664188e-08
constant_full,1963,True,False,7.267235272249548e-07
constant_full,1964,True,False,1.821716234627958e-07
constant_full,1965,True,False,6.626992857628883e-07
constant_full,1966,True,False,1.4646245456316821e-06
constant_full,1967,True,False,1.5944190007207143e-08
constant_full,1968,True,False,1.0295914429022757e-06
constant_full,1969,True,False,5.973926631402745e-07
constant_full,1970,True,False,1.6212847200503627e-07
constant_full,1971,True,False,4.056049047707958e-08
constant_full,1972,True,False,2.207584125117917e-07
constant_full,1973,True,False,9.065862029828612e-07
constant_full,1974,True,False,2.1730705632590087e-06
constant_full,1975,True,False,5.06199798758272e-07
constant_full,1976,True,False,1.5141928222286893e-07
constant_full,1977,True,False,2.3198368499040713e-07
constant_full,1978,True,False,7.70006115283278e-07
constant_full,1979,True,False,1.037061877001983e-06
constant_full,1980,True,False,1.8272800048283945e-07
constant_full,1981,True,False,1.9795240276864976e-07
constant_full,1982,True,False,5.300378072901911e-07
constant_full,1983,True,False,1.14221506968692e-07
constant_full,1984,True,False,4.3887853763843034e-07
constant_full,1985,True,False,1.3960687716922144e-06
constant_full,1986,True,False,6.417905567509711e-08
constant_full,1987,True,False,1.1280096968607888e-06
constant_full,1988,True,False,5.185272740855862e-07
constant_full,1989,True,False,7.61281459282862e-08
constant_full,1990,True,False,4.655201008583463e-07
constant_full,1991,True,False,1.1439153424970569e-06
constant_full,1992,True,False,1.8748543224135483e-07
constant_full,1993,True,False,2.414275805777704e-07
constant_full,1994,True,False,6.517380735674014e-07
constant_full,1995,True,False,1.1507417234057742e-07
constant_full,1996,True,False,3.7981989259313953e-07
constant_full,1997,True,False,4.4628245670977805e-07
constant_full,1998,True,False,4.5318518656609743e-07
constant_full,1999,True,False,2.4348360187745474e-08
constant_full,2000,True,False,6.664877047312007e-07
constant_full,2001,True,False,1.6419866681704383e-07
constant_full,2002,True,False,2.3318293584053327e-07
constant_full,2003,True,False,2.323954448377125e-08
constant_full,2004,True,False,4.295225102500775e-07
constant_full,2005,True,False,5.198308406431225e-07
constant_full,2006,True,False,9.212572996240608e-08
constant_full,2007,True,False,1.869667163227992e-07
constant_full,2008,True,False,5.173745286983632e-08
constant_full,2009,True,False,9.646487273272234e-08
constant_full,2010,True,False,3.599679845062356e-07
constant_full,2011,True,False,1.610722579768752e-07
constant_full,2012,True,False,5.777711755775564e-08
constant_full,2013,True,False,7.076278204294172e-07
constant_full,2014,True,False,5.904112956004046e-07
constant_full,2015,True,False,2.830780158173562e-07
constant_full,2016,True,False,1.124348327233192e-06
constant_full,2017,True,False,8.849781639511577e-07
constant_full,2018,True,False,5.041610634437208e-08
constant_full,2019,True,False,8.611450408232421e-07
constant_full,2020,True,False,7.978403370519194e-07
constant_full,2021,True,False,7.131428578203382e-07
constant_full,2022,True,False,9.47659031274612e-07
constant_full,2023,True,False,9.868783731081312e-07
constant_full,2024,True,False,2.1120070484447334e-07
constant_full,2025,True,False,8.715686299158394e-07
constant_full,2026,True,False,2.6808927837976583e-07
constant_full,2027,True,False,4.946173602573512e-07
constant_full,2028,True,False,3.7544508188706504e-07
constant_full,2029,True,False,4.014284125429869e-07
constant_full,2030,True,False,1.211909131714668e-06
constant_full,2031,True,False,7.308292325922056e-07
constant_full,2032,True,False,4.683005881031726e-07
constant_full,2033,True,False,5.547777126541047e-07
constant_full,2034,True,False,1.4511582449368641e-07
constant_full,2035,True,False,1.4766427057007558e-07
constant_full,2036,True,False,2.3292907862123254e-06
constant_full,2037,True,False,1.3936607759999946e-07
constant_full,2038,True,False,1.273903370375355e-06
constant_full,2039,True,False,3.596134493254604e-07
constant_full,2040,True,False,1.653473517377863e-07
constant_full,2041,True,False,1.3435558598079392e-06
constant_full,2042,True,False,3.4289317192212076e-07
constant_full,2043,True,False,1.0435471799892383e-06
constant_full,2044,True,False,4.730173469043906e-07
constant_full,2045,True,False,2.2906491928309675e-07
constant_full,2046,True,False,5.830791873102226e-07
constant_full,2047,True,False,5.5970943539297054e-08
constant_full,2048,True,False,6.58141510094898e-07
constant_full,2049,True,False,2.735580393333413e-07
constant_full,2050,True,False,1.3742920853681104e-07
constant_full,2051,True,False,3.182735058861905e-07
constant_full,2052,True,False,7.121543421750054e-07
constant_full,2053,True,False,1.3097325753057974e-07
constant_full,2054,True,False,5.902611901592702e-07
constant_full,2055,True,False,9.996962326760403e-08
constant_full,2056,True,False,7.790036426079323e-07
constant_full,2057,True,False,2.2025026172059785e-07
constant_full,2058,True,False,4.42398073302151e-08
constant_full,2059,True,False,9.119454623406491e-08
constant_full,2060,True,False,2.0866181356072658e-07
constant_full,2061,True,False,7.785914160896429e-07
constant_full,2062,True,False,4.0831491880003774e-07
constant_full,2063,True,False,6.493782100634412e-07
constant_full,2064,True,False,4.82665779619297e-07
constant_full,2065,True,False,5.674065179010726e-07
constant_full,2066,True,False,6.009714578243948e-08
constant_full,2067,True,False,2.519414018995178e-07
constant_full,2068,True,False,3.811643623471587e-08
constant_full,2069,True,False,7.787942593870329e-07
constant_full,2070,True,False,2.9122000592494664e-07
constant_full,2071,True,False,2.634503304756084e-08
constant_full,2072,True,False,3.2166731366827743e-07
constant_full,2073,True,False,6.018608693676739e-07
constant_full,2074,True,False,1.1393657421055806e-06
constant_full,2075,True,False,8.11758369984728e-07
constant_full,2076,True,False,2.3627983654624208e-07
constant_full,2077,True,False,4.5015352939586146e-07
constant_full,2078,True,False,1.0907166855902963e-06
constant_full,2079,True,False,3.316436317847388e-08
constant_full,2080,True,False,4.2225861789012367e-07
constant_full,2081,True,False,3.789740556743855e-07
constant_full,2082,True,False,8.048625893193475e-08
constant_full,2083,True,False,5.152511932197926e-07
constant_full,2084,True,False,1.5398605348166771e-07
constant_full,2085,True,False,2.8027509182420694e-07
constant_full,2086,True,False,5.556870152085252e-07
constant_full,2087,True,False,5.1842389648648544e-08
constant_full,2088,True,False,1.8478960459459529e-07
constant_full,2089,True,False,7.343868276581092e-07
constant_full,2090,True,False,2.899627133541613e-07
constant_full,2091,True,False,9.678857944333975e-07
constant_full,2092,True,False,6.941014485482934e-07
constant_full,2093,True,False,1.2513984920977993e-06
constant_full,2094,True,False,1.910257145979388e-06
constant_full,2095,True,False,9.401325555127585e-08
constant_full,2096,True,False,6.231549391432685e-07
constant_full,2097,True,False,1.4442153383595518e-07
constant_full,2098,True,False,2.597213771478181e-07
constant_full,2099,True,False,1.7149513246834492e-07
constant_full,2100,True,False,1.1160085977111402e-06
constant_full,2101,True,False,1.3580931994242182e-07
constant_full,2102,True,False,6.464113197271126e-07
constant_full,2103,True,False,2.1297276950007136e-07
constant_full,2104,True,False,2.435148799790558e-07
constant_full,2105,True,False,5.346634678429186e-07
constant_full,2106,True,False,3.62467235648043e-07
constant_full,2107,True,False,1.513932306558015e-07
constant_full,2108,True,False,3.8249308234574454e-07
constant_full,2109,True,False,6.607327250247904e-07
constant_full,2110,True,False,1.934349349919906e-07
constant_full,2111,True,False,8.364454406770483e-08
constant_full,2112,True,False,1.7778428926725773e-07
constant_full,2113,True,False,5.452797848972485e-07
constant_full,2114,True,False,3.5274289070740155e-07
constant_full,2115,True,False,2.17690348835522e-07
constant_full,2116,True,False,1.1439723803764237e-08
constant_full,2117,True,False,9.332487097144224e-08
constant_full,2118,True,False,4.240644745034371e-07
constant_full,2119,True,False,1.192669068056576e-06
constant_full,2120,True,False,1.105332414511355e-06
constant_full,2121,True,False,9.036747967971399e-07
constant_full,2122,True,False,3.6376361480907825e-07
constant_full,2123,True,False,2.9282526097208277e-07
constant_full,2124,True,False,7.765932999671243e-08
constant_full,2125,True,False,6.684032981377268e-07
constant_full,2126,True,False,6.286842474608845e-07
constant_full,2127,True,False,1.6272549523537037e-06
constant_full,2128,True,False,1.4728295252594417e-07
constant_full,2129,True,False,2.515256999974195e-07
constant_full,2130,True,False,9.243694376749752e-08
constant_full,2131,True,False,1.944480116283584e-07
constant_full,2132,True,False,5.444169826141013e-07
constant_full,2133,True,False,1.3331180093783807e-07
constant_full,2134,True,False,3.3158327713855933e-07
constant_full,2135,True,False,2.4859753100903565e-07
constant_full,2136,True,False,4.5892045467600015e-08
constant_full,2137,True,False,1.3114063222019467e-07
constant_full,2138,True,False,4.67508181228587e-07
constant_full,2139,True,False,1.7234353451898521e-07
constant_full,2140,True,False,7.475511771077356e-07
constant_full,2141,True,False,2.5162036679276307e-06
constant_full,2142,True,False,4.885823872001331e-07
constant_full,2143,True,False,1.4824118566193017e-07
constant_full,2144,True,False,1.1138950545072654e-07
constant_full,2145,True,False,3.325359040353093e-07
constant_full,2146,True,False,8.334094658108954e-07
constant_full,2147,True,False,5.7579437035358245e-08
constant_full,2148,True,False,1.148750704635321e-06
constant_full,2149,True,False,6.787764363232875e-08
constant_full,2150,True,False,5.052403670819112e-07
constant_full,2151,True,False,2.1105398382730467e-07
constant_full,2152,True,False,7.746718397674154e-07
constant_full,2153,True,False,1.793468923296112e-07
constant_full,2154,True,False,1.1262615383507049e-07
constant_full,2155,True,False,4.450031614959761e-07
constant_full,2156,True,False,5.97003119087137e-07
constant_full,2157,True,False,3.990963862129552e-07
constant_full,2158,True,False,8.560297851965431e-07
constant_full,2159,True,False,9.952945899209744e-08
constant_full,2160,True,False,2.771725564860781e-07
constant_full,2161,True,False,2.9011790459050317e-07
constant_full,2162,True,False,4.872538678131751e-08
constant_full,2163,True,False,5.3225513238679673e-08
constant_full,2164,True,False,7.650823799990675e-07
constant_full,2165,True,False,6.897159107707576e-07
constant_full,2166,True,False,9.672012868859167e-08
constant_full,2167,True,False,7.454799962128176e-07
constant_full,2168,True,False,2.4548113509042134e-07
constant_full,2169,True,False,4.0429191474136197e-07
constant_full,2170,True,False,8.698378307738753e-07
constant_full,2171,True,False,3.2405451946611675e-07
constant_full,2172,True,False,1.4316267186038525e-07
constant_full,2173,True,False,1.1439045346337745e-06
constant_full,2174,True,False,8.904248075609292e-09
constant_full,2175,True,False,6.078940857506051e-07
constant_full,2176,True,False,3.1651798205607386e-07
constant_full,2177,True,False,8.192434423383856e-07
constant_full,2178,True,False,5.993383491960168e-07
constant_full,2179,True,False,2.0042164639930158e-07
constant_full,2180,True,False,3.1381891455226984e-07
constant_full,2181,True,False,8.817337227650482e-07
constant_full,2182,True,False,4.975259563139764e-07
constant_full,2183,True,False,1.9001294693459658e-07
constant_full,2184,True,False,7.720666363100739e-08
constant_full,2185,True,False,4.577836616915174e-07
constant_full,2186,True,False,3.1655190838156976e-07
constant_full,2187,True,False,2.5908612009728656e-08
constant_full,2188,True,False,4.1358794527292153e-07
constant_full,2189,True,False,6.18998022253728e-08
constant_full,2190,True,False,6.787719585711362e-07
constant_full,2191,True,False,1.6282096812744425e-07
constant_full,2192,True,False,4.4631345319009967e-07
constant_full,2193,True,False,2.7814898888903995e-06
constant_full,2194,True,False,4.5298914437890965e-07
constant_full,2195,True,False,3.9303637057750695e-07
constant_full,2196,True,False,1.0051099767568064e-07
constant_full,2197,True,False,7.46061325082045e-08
constant_full,2198,True,False,1.6465833950495417e-07
constant_full,2199,True,False,6.006998096216793e-07
constant_full,2200,True,False,7.327435418742625e-07
constant_full,2201,True,False,1.6829216701538342e-07
constant_full,2202,True,False,6.988213773114525e-07
constant_full,2203,True,False,6.471614142355974e-08
constant_full,2204,True,False,1.9392032490808575e-07
constant_full,2205,True,False,1.0200652768727099e-07
constant_full,2206,True,False,2.700545522419862e-07
constant_full,2207,True,False,3.7948498180142046e-07
constant_full,2208,True,False,1.2225067612149795e-06
constant_full,2209,True,False,4.4834875284899795e-07
constant_full,2210,True,False,2.8411004022197706e-07
constant_full,2211,True,False,4.3788140321862805e-07
constant_full,2212,True,False,2.929654186359842e-07
constant_full,2213,True,False,2.8026922078073397e-07
constant_full,2214,True,False,2.0644510915691257e-08
constant_full,2215,True,False,2.535278562296285e-07
constant_full,2216,True,False,8.849249699212794e-08
constant_full,2217,True,False,3.825233428464191e-07
constant_full,2218,True,False,2.8767502547690914e-07
constant_full,2219,True,False,2.6173547749968635e-07
constant_full,2220,True,False,3.9847861404247193e-07
constant_full,2221,True,False,3.250593316191452e-07
constant_full,2222,True,False,1.1206865866711684e-07
constant_full,2223,True,False,3.833331261836417e-07
constant_full,2224,True,False,4.237811938966791e-07
constant_full,2225,True,False,7.870889045861107e-08
constant_full,2226,True,False,1.2342228497289358e-07
constant_full,2227,True,False,6.568859155734374e-07
constant_full,2228,True,False,1.1849176068519565e-06
constant_full,2229,True,False,6.314148227245933e-07
constant_full,2230,True,False,1.2272944883244754e-07
constant_full,2231,True,False,5.380799514657726e-07
constant_full,2232,True,False,7.418565717482098e-08
constant_full,2233,True,False,2.610449504312331e-07
constant_full,2234,True,False,7.565499424260392e-07
constant_full,2235,True,False,1.30144016121091e-06
constant_full,2236,True,False,1.259353229029894e-06
constant_full,2237,True,False,7.541756021143297e-07
constant_full,2238,True,False,4.162716497328795e-07
constant_full,2239,True,False,2.684571083882292e-07
constant_full,2240,True,False,3.313250426108807e-07
constant_full,2241,True,False,5.86747477463286e-07
constant_full,2242,True,False,2.249818010321271e-07
constant_full,2243,True,False,4.0173415633596273e-07
constant_full,2244,True,False,3.081118437499541e-08
constant_full,2245,True,False,6.867291051585123e-07
constant_full,2246,True,False,1.3824390007764196e-08
constant_full,2247,True,False,6.22541644849411e-07
constant_full,2248,True,False,4.567485366884487e-07
constant_full,2249,True,False,5.703589724051474e-08
constant_full,2250,True,False,7.866402085853994e-07
constant_full,2251,True,False,2.094499281140692e-07
constant_full,2252,True,False,8.62872100671822e-07
constant_full,2253,True,False,1.9031998889174386e-07
constant_full,2254,True,False,3.542025347684952e-07
constant_full,2255,True,False,1.1924330710062882e-06
constant_full,2256,True,False,1.1053858888062577e-06
constant_full,2257,True,False,1.4815896024064898e-07
constant_full,2258,True,False,4.2029907213818463e-07
constant_full,2259,True,False,9.139853367122566e-07
constant_full,2260,True,False,3.0171513432989314e-07
constant_full,2261,True,False,1.1180551195523458e-06
constant_full,2262,True,False,4.5728783199142957e-07
constant_full,2263,True,False,3.6151092569192055e-07
constant_full,2264,True,False,7.45810574044917e-07
constant_full,2265,True,False,3.4632597086390034e-07
constant_full,2266,True,False,1.3837391994962361e-06
constant_full,2267,True,False,1.2728260224100954e-07
constant_full,2268,True,False,4.2786335936689103e-07
constant_full,2269,True,False,1.0837870355258218e-07
constant_full,2270,True,False,1.507342615546177e-07
constant_full,2271,True,False,8.211694503487222e-08
constant_full,2272,True,False,2.928335132776532e-07
constant_full,2273,True,False,2.1688294082710575e-07
constant_full,2274,True,False,1.0008371856003934e-06
constant_full,2275,True,False,5.744556157541092e-07
constant_full,2276,True,False,6.320558034354378e-07
constant_full,2277,True,False,5.41052594496124e-07
constant_full,2278,True,False,2.0294519857982473e-07
constant_full,2279,True,False,4.734149626153877e-08
constant_full,2280,True,False,2.9820436034790136e-07
constant_full,2281,True,False,8.59968127561829e-07
constant_full,2282,True,False,2.381115182761344e-07
constant_full,2283,True,False,1.925823129450595e-07
constant_full,2284,True,False,1.7526162338195671e-06
constant_full,2285,True,False,2.6447366215226437e-07
constant_full,2286,True,False,1.27434304376956e-06
constant_full,2287,True,False,2.8830254517086203e-07
constant_full,2288,True,False,1.4895414333536426e-07
constant_full,2289,True,False,2.346628498680298e-07
constant_full,2290,True,False,3.5562374596977457e-07
constant_full,2291,True,False,5.583225479906444e-07
constant_full,2292,True,False,4.745490452501642e-09
constant_full,2293,True,False,3.0163529258759205e-08
constant_full,2294,True,False,1.157151920892622e-06
constant_full,2295,True,False,3.283547737838775e-07
constant_full,2296,True,False,3.6085265210056647e-07
constant_full,2297,True,False,1.0893179254389575e-07
constant_full,2298,True,False,1.7878719184187026e-07
constant_full,2299,True,False,2.778977211307125e-07
constant_full,2300,True,False,3.543798939527686e-07
constant_full,2301,True,False,3.016076940030227e-07
constant_full,2302,True,False,2.4960092512881447e-07
constant_full,2303,True,False,7.45145055440863e-07
constant_full,2304,True,False,1.1290435479307492e-06
constant_full,2305,True,False,6.301064937828959e-07
constant_full,2306,True,False,5.968990957486133e-07
constant_full,2307,True,False,5.811472607278465e-08
constant_full,2308,True,False,1.9062280266320636e-07
constant_full,2309,True,False,6.656422740691456e-08
constant_full,2310,True,False,1.450929505774622e-07
constant_full,2311,True,False,7.496072961770631e-08
constant_full,2312,True,False,4.0727552479656847e-07
constant_full,2313,True,False,5.220513743225193e-07
constant_full,2314,True,False,5.036774696136955e-08
constant_full,2315,True,False,4.538470678681753e-07
constant_full,2316,True,False,1.2186704049908802e-06
constant_full,2317,True,False,9.242291850135846e-07
constant_full,2318,True,False,7.007152384649986e-07
constant_full,2319,True,False,2.3262061739698075e-07
constant_full,2320,True,False,1.7820895911334273e-06
constant_full,2321,True,False,6.686186348354295e-07
constant_full,2322,True,False,3.5657742641987615e-07
constant_full,2323,True,False,6.625303119579483e-07
constant_full,2324,True,False,4.1327084946021593e-07
constant_full,2325,True,False,5.464622231444832e-07
constant_full,2326,True,False,5.961372160564317e-07
constant_full,2327,True,False,2.0988006846964975e-06
constant_full,2328,True,False,6.459735607347158e-07
constant_full,2329,True,False,7.185269676634615e-07
constant_full,2330,True,False,9.365630074687504e-08
constant_full,2331,True,False,7.625868871719254e-08
constant_full,2332,True,False,8.036938484844979e-07
constant_full,2333,True,False,7.875324819406824e-07
constant_full,2334,True,False,3.9690172688763703e-07
constant_full,2335,True,False,4.852483829942492e-07
constant_full,2336,True,False,8.902515994295556e-07
constant_full,2337,True,False,2.1919236785271448e-07
constant_full,2338,True,False,9.62371871663605e-07
constant_full,2339,True,False,1.095737017167839e-06
constant_full,2340,True,False,1.555018783805211e-07
constant_full,2341,True,False,1.1664834692694563e-06
constant_full,2342,True,False,6.896484153101177e-07
constant_full,2343,True,False,1.4122692229098888e-07
constant_full,2344,True,False,5.294728217025985e-07
constant_full,2345,True,False,1.230011903263124e-07
constant_full,2346,True,False,4.5597964542278794e-07
constant_full,2347,True,False,8.777106755914691e-08
constant_full,2348,True,False,7.506586220990837e-07
constant_full,2349,True,False,4.913792084973182e-07
constant_full,2350,True,False,2.3238911800441353e-07
constant_full,2351,True,False,9.365479974453559e-07
constant_full,2352,True,False,1.4031643258354848e-06
constant_full,2353,True,False,9.193733925726155e-08
constant_full,2354,True,False,5.567375680159646e-07
constant_full,2355,True,False,2.4413928061082256e-07
constant_full,2356,True,False,1.3577099783132505e-08
constant_full,2357,True,False,7.965197625752223e-08
constant_full,2358,True,False,1.1581770986993394e-07
constant_full,2359,True,False,2.973157330311584e-07
constant_full,2360,True,False,6.038349387635387e-07
constant_full,2361,True,False,1.0732846502130675e-06
constant_full,2362,True,False,6.696536586432093e-08
constant_full,2363,True,False,5.418548224820303e-07
constant_full,2364,True,False,2.537320340351916e-07
constant_full,2365,True,False,3.5720240820299054e-07
constant_full,2366,True,False,3.131688687812873e-07
constant_full,2367,True,False,5.444405143813903e-07
constant_full,2368,True,False,4.929840756010867e-07
constant_full,2369,True,False,1.8301228254771905e-07
constant_full,2370,True,False,7.839021946082983e-09
constant_full,2371,True,False,1.799265514571214e-07
constant_full,2372,True,False,6.429951739725159e-07
constant_full,2373,True,False,6.131687981961804e-07
constant_full,2374,True,False,6.116902734223595e-07
constant_full,2375,True,False,4.237743050837203e-07
constant_full,2376,True,False,8.065315626441774e-07
constant_full,2377,True,False,7.820883828778036e-07
constant_full,2378,True,False,2.0296986009709747e-07
constant_full,2379,True,False,3.46125596782907e-07
constant_full,2380,True,False,7.16151018247337e-08
constant_full,2381,True,False,7.788825740558307e-07
constant_full,2382,True,False,4.749752546893575e-07
constant_full,2383,True,False,2.6102931408256957e-07
constant_full,2384,True,False,6.218693425019603e-07
constant_full,2385,True,False,3.920858925357358e-07
constant_full,2386,True,False,5.6793043678437016e-08
constant_full,2387,True,False,1.5721016380578735e-06
constant_full,2388,True,False,6.694169842434229e-07
constant_full,2389,True,False,2.338981012418203e-06
constant_full,2390,True,False,5.3981318158708e-07
constant_full,2391,True,False,5.4059371392333e-08
constant_full,2392,True,False,2.7403373186590765e-07
constant_full,2393,True,False,5.593545027517042e-07
constant_full,2394,True,False,3.5175071472191126e-07
constant_full,2395,True,False,1.674006526971186e-06
constant_full,2396,True,False,4.965111943065445e-08
constant_full,2397,True,False,2.5866363664565713e-07
constant_full,2398,True,False,7.266182353926053e-07
constant_full,2399,True,False,3.514207247705697e-07
constant_full,2400,True,False,1.681229516954115e-06
constant_full,2401,True,False,2.1777253240479876e-07
constant_full,2402,True,False,3.3184724176292707e-07
constant_full,2403,True,False,8.865671128101018e-08
constant_full,2404,True,False,7.463714537146331e-07
constant_full,2405,True,False,5.481749374593808e-07
constant_full,2406,True,False,2.1369827205704782e-07
constant_full,2407,True,False,1.2082877506776121e-07
constant_full,2408,True,False,5.309586918001199e-07
constant_full,2409,True,False,3.3230041001401046e-06
constant_full,2410,True,False,2.965613352969335e-07
constant_full,2411,True,False,2.0938073990205639e-07
constant_full,2412,True,False,3.1626800792481724e-07
constant_full,2413,True,False,3.530478628094748e-07
constant_full,2414,True,False,8.263979762898792e-07
constant_full,2415,True,False,2.0471397252270826e-07
constant_full,2416,True,False,1.8451563635833894e-07
constant_full,2417,True,False,2.1147713507241075e-07
constant_full,2418,True,False,2.6415078232719805e-07
constant_full,2419,True,False,5.939443028069036e-07
constant_full,2420,True,False,1.5957599804859004e-07
constant_full,2421,True,False,2.528782167672094e-08
constant_full,2422,True,False,2.3216328729067356e-08
constant_full,2423,True,False,9.153339462282882e-08
constant_full,2424,True,False,5.18718830230093e-07
constant_full,2425,True,False,1.8203845838428586e-06
constant_full,2426,True,False,3.737048338959363e-07
constant_full,2427,True,False,9.058764362946161e-07
constant_full,2428,True,False,4.7560528960345943e-07
constant_full,2429,True,False,6.230399615968877e-07
constant_full,2430,True,False,3.7719922508596814e-07
constant_full,2431,True,False,3.8051381567207287e-07
constant_full,2432,True,False,6.983143867146647e-08
constant_full,2433,True,False,7.900536262604334e-07
constant_full,2434,True,False,1.2126922351368412e-07
constant_full,2435,True,False,1.7830776627595673e-07
constant_full,2436,True,False,4.512494953804936e-07
constant_full,2437,True,False,1.69226560908381e-07
constant_full,2438,True,False,2.599353605416771e-07
constant_full,2439,True,False,7.54224257290568e-07
constant_full,2440,True,False,8.519602509667481e-07
constant_full,2441,True,False,6.037054859783076e-07
constant_full,2442,True,False,1.452965942156677e-06
constant_full,2443,True,False,2.4919546852945702e-08
constant_full,2444,True,False,3.6614629171643516e-07
constant_full,2445,True,False,5.33435681487609e-07
constant_full,2446,True,False,1.0719258098048277e-07
constant_full,2447,True,False,1.8417236984855597e-07
constant_full,2448,True,False,2.6540741328934045e-07
constant_full,2449,True,False,5.489206578071402e-08
constant_full,2450,True,False,2.3072025871909942e-07
constant_full,2451,True,False,4.520342548469872e-07
constant_full,2452,True,False,2.640925695187396e-07
constant_full,2453,True,False,4.760622647755175e-08
constant_full,2454,True,False,3.512168906005889e-07
constant_full,2455,True,False,2.71420752861612e-07
constant_full,2456,True,False,8.629414442904226e-08
constant_full,2457,True,False,5.099019198140538e-07
constant_full,2458,True,False,2.547865437669568e-07
constant_full,2459,True,False,8.820016650595152e-08
constant_full,2460,True,False,4.639050536194974e-07
constant_full,2461,True,False,4.194423640141159e-08
constant_full,2462,True,False,4.680964568148197e-07
constant_full,2463,True,False,1.292595234986868e-07
constant_full,2464,True,False,1.090386389280934e-06
constant_full,2465,True,False,4.4537952294438974e-07
constant_full,2466,True,False,1.63680804086568e-07
constant_full,2467,True,False,2.380647078140585e-08
constant_full,2468,True,False,1.1546899140411914e-06
constant_full,2469,True,False,1.8004443218776455e-07
constant_full,2470,True,False,2.5723710564722027e-08
constant_full,2471,True,False,1.0134442648103335e-06
constant_full,2472,True,False,5.946843663735368e-07
constant_full,2473,True,False,5.220736912562218e-08
constant_full,2474,True,False,6.686534381625598e-08
constant_full,2475,True,False,5.075664716917322e-07
constant_full,2476,True,False,7.431920056806651e-07
constant_full,2477,True,False,6.333304372425371e-08
constant_full,2478,True,False,1.1250774264019035e-07
constant_full,2479,True,False,3.87111804433098e-07
constant_full,2480,True,False,5.423094969478287e-07
constant_full,2481,True,False,2.2245762402003061e-07
constant_full,2482,True,False,1.7889682141314691e-07
constant_full,2483,True,False,3.896669968275088e-07
constant_full,2484,True,False,1.5694230948532803e-07
constant_full,2485,True,False,7.720834351714837e-07
constant_full,2486,True,False,2.503986514764049e-07
constant_full,2487,True,False,8.713767468749961e-07
constant_full,2488,True,False,7.000903227364263e-07
constant_full,2489,True,False,2.944549044961827e-07
constant_full,2490,True,False,7.329160747825794e-07
constant_full,2491,True,False,2.4648823370773613e-07
constant_full,2492,True,False,7.217986270188952e-07
constant_full,2493,True,False,3.085278820292072e-07
constant_full,2494,True,False,9.549135383089591e-08
constant_full,2495,True,False,4.32154389955653e-07
constant_full,2496,True,False,2.174947373954186e-07
constant_full,2497,True,False,5.397958477518207e-07
constant_full,2498,True,False,3.7159739478317904e-07
constant_full,2499,True,False,4.5208872582848383e-07
constant_full,2500,True,False,3.5782959979994543e-07
constant_full,2501,True,False,4.3321738857519425e-07
constant_full,2502,True,False,1.174829366813319e-06
constant_full,2503,True,False,3.0016755503241584e-07
constant_full,2504,True,False,3.738744944897017e-07
constant_full,2505,True,False,2.2774087369103374e-07
constant_full,2506,True,False,4.461573198648529e-07
constant_full,2507,True,False,7.238062308681575e-07
constant_full,2508,True,False,1.5094608754364603e-07
constant_full,2509,True,False,2.9768358614782e-07
constant_full,2510,True,False,2.361835969246173e-07
constant_full,2511,True,False,6.215392362342542e-07
constant_full,2512,True,False,8.396787957316316e-07
constant_full,2513,True,False,6.374570287075053e-07
constant_full,2514,True,False,6.69891768048881e-08
constant_full,2515,True,False,2.4551501209802765e-07
constant_full,2516,True,False,3.7895415157266104e-07
constant_full,2517,True,False,4.1636721413144757e-07
constant_full,2518,True,False,5.024606037193529e-08
constant_full,2519,True,False,3.368002884857341e-07
constant_full,2520,True,False,1.459836552825881e-07
constant_full,2521,True,False,2.0448928451209425e-07
constant_full,2522,True,False,3.9920904168492974e-07
constant_full,2523,True,False,5.360494748153714e-07
constant_full,2524,True,False,7.79728476095567e-08
constant_full,2525,True,False,6.351644406734117e-07
constant_full,2526,True,False,7.130204643653565e-07
constant_full,2527,True,False,3.2637521548687046e-07
constant_full,2528,True,False,3.446209468852862e-07
constant_full,2529,True,False,2.9013941121245287e-07
constant_full,2530,True,False,3.934850311833357e-07
constant_full,2531,True,False,3.483873746622488e-07
constant_full,2532,True,False,1.5419335152414633e-07
constant_full,2533,True,False,4.3828931207730566e-07
constant_full,2534,True,False,7.467207034039802e-07
constant_full,2535,True,False,3.440377318181294e-07
constant_full,2536,True,False,4.315190841369949e-07
constant_full,2537,True,False,1.6542891403805763e-06
constant_full,2538,True,False,4.42488985238038e-07
constant_full,2539,True,False,9.053729693000008e-07
constant_full,2540,True,False,4.046191723083928e-08
constant_full,2541,True,False,4.610544997088198e-07
constant_full,2542,True,False,2.5681816604045155e-07
constant_full,2543,True,False,4.6818505581222034e-07
constant_full,2544,True,False,8.549918328350134e-07
constant_full,2545,True,False,1.0457934472756079e-06
constant_full,2546,True,False,5.238764519622253e-07
constant_full,2547,True,False,8.395397318964074e-07
constant_full,2548,True,False,3.904814140755047e-07
constant_full,2549,True,False,1.2164722323507e-07
constant_full,2550,True,False,2.8956591763541344e-07
constant_full,2551,True,False,7.477952575411349e-09
constant_full,2552,True,False,6.095184283302689e-07
constant_full,2553,True,False,6.7144510641452e-07
constant_full,2554,True,False,7.450274748989663e-07
constant_full,2555,True,False,1.048411430098188e-06
constant_full,2556,True,False,8.96216880743724e-08
constant_full,2557,True,False,3.6063488220890934e-07
constant_full,2558,True,False,4.221117817650318e-09
constant_full,2559,True,False,5.454176867098453e-07
constant_full,2560,True,False,1.1551404086952619e-08
constant_full,2561,True,False,1.0695354102937303e-06
constant_full,2562,True,False,7.680476154191273e-07
constant_full,2563,True,False,1.975126301733432e-07
constant_full,2564,True,False,8.394153085038128e-07
constant_full,2565,True,False,1.063900783695497e-06
constant_full,2566,True,False,7.839710135248006e-08
constant_full,2567,True,False,7.067109502032844e-07
constant_full,2568,True,False,5.604839781132803e-07
constant_full,2569,True,False,4.482107536090632e-07
constant_full,2570,True,False,5.409903227797112e-07
constant_full,2571,True,False,8.514604120889179e-07
constant_full,2572,True,False,5.464185816615173e-08
constant_full,2573,True,False,7.53722908553509e-08
constant_full,2574,True,False,4.039742934174728e-07
constant_full,2575,True,False,9.210265100792461e-08
constant_full,2576,True,False,4.546343929826063e-07
constant_full,2577,True,False,5.157059442323081e-07
constant_full,2578,True,False,5.083177482917868e-07
constant_full,2579,True,False,7.082604273189174e-07
constant_full,2580,True,False,9.837304327303391e-08
constant_full,2581,True,False,4.5147218508561247e-07
constant_full,2582,True,False,4.7034395154301954e-07
constant_full,2583,True,False,2.016327395280858e-07
constant_full,2584,True,False,2.0820190600991664e-07
constant_full,2585,True,False,4.6301266126645876e-07
constant_full,2586,True,False,2.807949275114361e-07
constant_full,2587,True,False,2.1476033957257118e-07
constant_full,2588,True,False,1.0577256424822025e-07
constant_full,2589,True,False,7.113407356018133e-07
constant_full,2590,True,False,1.2791608695160206e-07
constant_full,2591,True,False,4.022197594745227e-08
constant_full,2592,True,False,4.1487489507025977e-07
constant_full,2593,True,False,8.474092792926223e-08
constant_full,2594,True,False,2.729620089926058e-08
constant_full,2595,True,False,5.743586883400823e-07
constant_full,2596,True,False,4.901354180096827e-07
constant_full,2597,True,False,6.972132699616563e-07
constant_full,2598,True,False,3.5496072090394304e-07
constant_full,2599,True,False,9.947517433617052e-08
constant_full,2600,True,False,6.872144818828889e-07
constant_full,2601,True,False,1.2634455905705333e-06
constant_full,2602,True,False,8.337893668564726e-07
constant_full,2603,True,False,9.768507059015642e-08
constant_full,2604,True,False,1.603058128142264e-07
constant_full,2605,True,False,8.711734104972526e-07
constant_full,2606,True,False,2.4704511518718993e-07
constant_full,2607,True,False,8.67607293026183e-07
constant_full,2608,True,False,5.153411653980809e-07
constant_full,2609,True,False,1.9675877467139518e-08
constant_full,2610,True,False,1.912341985269078e-08
constant_full,2611,True,False,3.405390076218e-07
constant_full,2612,True,False,9.124788615600087e-08
constant_full,2613,True,False,1.0995949197342642e-07
constant_full,2614,True,False,4.124964943283749e-07
constant_full,2615,True,False,8.311998958837081e-07
constant_full,2616,True,False,1.6862027235844046e-07
constant_full,2617,True,False,1.6676917627748056e-07
constant_full,2618,True,False,7.687524014932356e-08
constant_full,2619,True,False,1.7405588001552497e-08
constant_full,2620,True,False,7.594027833585458e-07
constant_full,2621,True,False,5.652613047494307e-07
constant_full,2622,True,False,1.3036938224309201e-06
constant_full,2623,True,False,3.5657389441566555e-07
constant_full,2624,True,False,2.6800985239832115e-06
constant_full,2625,True,False,2.1085888921109233e-07
constant_full,2626,True,False,2.527299117480114e-07
constant_full,2627,True,False,1.2419776260355193e-06
constant_full,2628,True,False,4.6343831150073934e-07
constant_full,2629,True,False,4.812567279825328e-07
constant_full,2630,True,False,4.768597263370236e-07
constant_full,2631,True,False,6.553213030132441e-07
constant_full,2632,True,False,3.3869691899774535e-08
constant_full,2633,True,False,5.391582466000581e-08
constant_full,2634,True,False,2.230539892701575e-07
constant_full,2635,True,False,1.878445573933556e-07
constant_full,2636,True,False,8.367929173055408e-07
constant_full,2637,True,False,2.1844709077989328e-07
constant_full,2638,True,False,4.1090394506640566e-07
constant_full,2639,True,False,2.1859153834037545e-07
constant_full,2640,True,False,8.074368646614701e-07
constant_full,2641,True,False,1.6497847091441343e-07
constant_full,2642,True,False,7.01424339172429e-08
constant_full,2643,True,False,3.712319281565498e-07
constant_full,2644,True,False,6.882720599715771e-07
constant_full,2645,True,False,2.2357981517236118e-07
constant_full,2646,True,False,6.154393751177956e-07
constant_full,2647,True,False,2.55844607021486e-08
constant_full,2648,True,False,2.072715349090752e-07
constant_full,2649,True,False,1.0508091134425138e-06
constant_full,2650,True,False,7.431935534398286e-08
constant_full,2651,True,False,1.1608077588075801e-07
constant_full,2652,True,False,5.293823269071619e-07
constant_full,2653,True,False,1.9291501389181947e-07
constant_full,2654,True,False,2.973515456712787e-07
constant_full,2655,True,False,2.465675330362348e-07
constant_full,2656,True,False,2.961440201101469e-07
constant_full,2657,True,False,5.414030561535477e-07
constant_full,2658,True,False,2.1338642615417594e-07
constant_full,2659,True,False,8.325840605173895e-08
constant_full,2660,True,False,3.0979169898491783e-07
constant_full,2661,True,False,2.2162216613127215e-07
constant_full,2662,True,False,1.3863529298398306e-06
constant_full,2663,True,False,4.568596782220568e-07
constant_full,2664,True,False,3.148213040683492e-07
constant_full,2665,True,False,7.769818700697391e-07
constant_full,2666,True,False,4.745844751411399e-08
constant_full,2667,True,False,1.476899404304735e-07
constant_full,2668,True,False,7.70910488071452e-07
constant_full,2669,True,False,8.286420336016287e-08
constant_full,2670,True,False,5.4849423040766613e-08
constant_full,2671,True,False,1.320581495199631e-07
constant_full,2672,True,False,2.2464595185721692e-07
constant_full,2673,True,False,1.5710900878851328e-07
constant_full,2674,True,False,3.139406583455808e-07
constant_full,2675,True,False,3.1774930804485217e-07
constant_full,2676,True,False,6.976785426521045e-07
constant_full,2677,True,False,7.378231197291134e-07
constant_full,2678,True,False,3.631860914226249e-07
constant_full,2679,True,False,4.398483156157361e-08
constant_full,2680,True,False,7.049006355151857e-07
constant_full,2681,True,False,7.423002444451692e-07
constant_full,2682,True,False,9.754472521590486e-08
constant_full,2683,True,False,5.987953320494401e-07
constant_full,2684,True,False,8.291246003084175e-08
constant_full,2685,True,False,8.805560559315724e-07
constant_full,2686,True,False,3.792144161157493e-07
constant_full,2687,True,False,7.929234663314521e-08
constant_full,2688,True,False,3.852285089203716e-07
constant_full,2689,True,False,8.108983988461454e-07
constant_full,2690,True,False,2.922700398131718e-07
constant_full,2691,True,False,8.055041820097588e-07
constant_full,2692,True,False,1.4081749727674037e-07
constant_full,2693,True,False,1.7681364007794433e-06
constant_full,2694,True,False,3.7279135492172186e-07
constant_full,2695,True,False,5.375778410787654e-07
constant_full,2696,True,False,3.452127226776455e-07
constant_full,2697,True,False,5.839210407500609e-07
constant_full,2698,True,False,3.5922968178508644e-07
constant_full,2699,True,False,4.4110995040134924e-07
constant_full,2700,True,False,8.25496432286438e-07
constant_full,2701,True,False,4.432856647876192e-07
constant_full,2702,True,False,6.386834767840976e-07
constant_full,2703,True,False,4.4944918736428505e-07
constant_full,2704,True,False,2.9404110806224404e-08
constant_full,2705,True,False,7.150757354200814e-07
constant_full,2706,True,False,1.1202130384891547e-07
constant_full,2707,True,False,2.414124367493245e-07
constant_full,2708,True,False,2.4707477790877955e-07
constant_full,2709,True,False,7.799753355238431e-08
constant_full,2710,True,False,2.822860047202609e-07
constant_full,2711,True,False,1.1144529138802356e-06
constant_full,2712,True,False,1.7204607561541003e-07
constant_full,2713,True,False,1.1528112498667624e-09
constant_full,2714,True,False,5.841159533324853e-07
constant_full,2715,True,False,4.914769934223254e-07
constant_full,2716,True,False,1.7485830929766974e-07
constant_full,2717,True,False,2.0855634447648995e-07
constant_full,2718,True,False,1.7380689559250262e-07
constant_full,2719,True,False,7.269534886840755e-07
constant_full,2720,True,False,1.404292623200188e-06
constant_full,2721,True,False,1.1670764532697207e-07
constant_full,2722,True,False,1.542526188874586e-06
constant_full,2723,True,False,2.0065966174623043e-07
constant_full,2724,True,False,1.1766487074739256e-07
constant_full,2725,True,False,3.127134786226149e-07
constant_full,2726,True,False,4.3784054562654146e-07
constant_full,2727,True,False,3.3873176463069375e-07
constant_full,2728,True,False,1.8904502130589786e-07
constant_full,2729,True,False,3.774368622789411e-07
constant_full,2730,True,False,5.164568484405454e-07
constant_full,2731,True,False,7.933175266940572e-08
constant_full,2732,True,False,1.808939671516004e-06
constant_full,2733,True,False,9.146048730981154e-07
constant_full,2734,True,False,1.988726649811014e-06
constant_full,2735,True,False,1.9040555939522492e-07
constant_full,2736,True,False,5.312273219751585e-07
constant_full,2737,True,False,5.614971189189182e-07
constant_full,2738,True,False,5.322421736432295e-07
constant_full,2739,True,False,2.7163123576409e-07
constant_full,2740,True,False,4.449094658299896e-09
constant_full,2741,True,False,2.3250967656317002e-07
constant_full,2742,True,False,1.4458104155199306e-07
constant_full,2743,True,False,6.718829748797693e-07
constant_full,2744,True,False,2.16105846770849e-07
constant_full,2745,True,False,9.466659580033075e-08
constant_full,2746,True,False,1.1370233724671817e-07
constant_full,2747,True,False,5.065546336973189e-07
constant_full,2748,True,False,9.026500920407319e-08
constant_full,2749,True,False,5.559810339857333e-07
constant_full,2750,True,False,7.93521006632552e-08
constant_full,2751,True,False,6.966889808363222e-07
constant_full,2752,True,False,2.220661686917322e-06
constant_full,2753,True,False,3.2288915425383857e-07
constant_full,2754,True,False,2.6863050113105316e-07
constant_full,2755,True,False,2.982861383865812e-07
constant_full,2756,True,False,9.74954791492156e-07
constant_full,2757,True,False,6.549485898594734e-07
constant_full,2758,True,False,2.9266631301020193e-06
constant_full,2759,True,False,5.286427919895106e-07
constant_full,2760,True,False,1.0511210248346055e-07
constant_full,2761,True,False,1.2635142308555545e-06
constant_full,2762,True,False,3.91720723955852e-07
constant_full,2763,True,False,1.5499578988256693e-07
constant_full,2764,True,False,1.0270334207921655e-06
constant_full,2765,True,False,4.0301479632190904e-07
constant_full,2766,True,False,1.7477366367706781e-07
constant_full,2767,True,False,3.5200072987534134e-07
constant_full,2768,True,False,2.8827092163398286e-07
constant_full,2769,True,False,7.60915585476347e-07
constant_full,2770,True,False,5.358811833855934e-07
constant_full,2771,True,False,3.3356029645891376e-07
constant_full,2772,True,False,6.789017628105129e-08
constant_full,2773,True,False,2.413923857856776e-07
constant_full,2774,True,False,9.51325137854645e-09
constant_full,2775,True,False,3.5238132859608846e-07
constant_full,2776,True,False,6.27001839536312e-07
constant_full,2777,True,False,1.683490380105634e-07
constant_full,2778,True,False,7.810810438714338e-07
constant_full,2779,True,False,9.95419672453465e-07
constant_full,2780,True,False,8.132578528959642e-07
constant_full,2781,True,False,7.957044645680139e-07
constant_full,2782,True,False,8.488288423459413e-07
constant_full,2783,True,False,1.0600480068106218e-06
constant_full,2784,True,False,4.6941095949638196e-07
constant_full,2785,True,False,1.806220973845446e-07
constant_full,2786,True,False,3.9560690355587095e-07
constant_full,2787,True,False,2.406641132997272e-08
constant_full,2788,True,False,1.5265077180244264e-07
constant_full,2789,True,False,3.0145205099634835e-07
constant_full,2790,True,False,4.929158285470121e-07
constant_full,2791,True,False,2.9729741865729667e-07
constant_full,2792,True,False,1.7534078806312561e-07
constant_full,2793,True,False,1.862679537009875e-07
constant_full,2794,True,False,7.7409525375539e-07
constant_full,2795,True,False,2.1182951484513607e-07
constant_full,2796,True,False,7.915431196876527e-07
constant_full,2797,True,False,2.5453956666346807e-08
constant_full,2798,True,False,9.662619849941753e-08
constant_full,2799,True,False,1.0796115671745357e-06
constant_full,2800,True,False,2.914089586953274e-07
constant_full,2801,True,False,1.0596177149870385e-06
constant_full,2802,True,False,7.823788120397887e-08
constant_full,2803,True,False,8.068602103491724e-07
constant_full,2804,True,False,2.004570786086174e-07
constant_full,2805,True,False,8.235300567199261e-07
constant_full,2806,True,False,4.996034502955252e-07
constant_full,2807,True,False,2.755062941877852e-07
constant_full,2808,True,False,5.159469380965886e-07
constant_full,2809,True,False,9.132678497282381e-07
constant_full,2810,True,False,6.709566528870975e-07
constant_full,2811,True,False,1.86597137851226e-06
constant_full,2812,True,False,4.884331549174785e-07
constant_full,2813,True,False,6.586140644247091e-07
constant_full,2814,True,False,8.403987928919829e-08
constant_full,2815,True,False,5.81709097280797e-07
constant_full,2816,True,False,1.8352767836457907e-07
constant_full,2817,True,False,3.566110307917161e-07
constant_full,2818,True,False,1.1884160456668352e-06
constant_full,2819,True,False,1.1138659727191929e-07
constant_full,2820,True,False,5.475073221474423e-07
constant_full,2821,True,False,1.685427270643291e-07
constant_full,2822,True,False,1.4373630720885298e-07
constant_full,2823,True,False,2.1198915973222706e-07
constant_full,2824,True,False,1.7581930258877724e-07
constant_full,2825,True,False,9.941533247779195e-07
constant_full,2826,True,False,7.710247085527005e-08
constant_full,2827,True,False,1.2677890742461005e-06
constant_full,2828,True,False,9.834663919378648e-08
constant_full,2829,True,False,7.331724203349883e-07
constant_full,2830,True,False,9.271472251997108e-08
constant_full,2831,True,False,5.150692858359082e-07
constant_full,2832,True,False,1.983942135635735e-08
constant_full,2833,True,False,5.016155770786398e-08
constant_full,2834,True,False,3.5615657033931513e-07
constant_full,2835,True,False,1.767142455542541e-07
constant_full,2836,True,False,1.642195766971972e-07
constant_full,2837,True,False,1.6546091136864973e-06
constant_full,2838,True,False,2.4412661451750643e-07
constant_full,2839,True,False,8.098257077676032e-08
constant_full,2840,True,False,3.66339841589401e-07
constant_full,2841,True,False,5.699873026807909e-07
constant_full,2842,True,False,5.987639866926353e-07
constant_full,2843,True,False,2.4647585755734776e-07
constant_full,2844,True,False,6.754578390618991e-07
constant_full,2845,True,False,1.2519784208347863e-07
constant_full,2846,True,False,5.632902415250333e-07
constant_full,2847,True,False,1.538433331675931e-07
constant_full,2848,True,False,3.9929040633814425e-07
constant_full,2849,True,False,1.0329930392311368e-06
constant_full,2850,True,False,9.118843692564485e-07
constant_full,2851,True,False,8.160657238432331e-08
constant_full,2852,True,False,5.362551963657907e-07
constant_full,2853,True,False,2.5147685257009996e-07
constant_full,2854,True,False,3.967330179336119e-07
constant_full,2855,True,False,1.3832139736603388e-07
constant_full,2856,True,False,1.4163061577708995e-08
constant_full,2857,True,False,7.035204474598571e-07
constant_full,2858,True,False,4.1404717225085843e-07
constant_full,2859,True,False,8.538683784518004e-07
constant_full,2860,True,False,1.6558795567747784e-07
constant_full,2861,True,False,3.81702596656835e-07
constant_full,2862,True,False,7.104682334689836e-07
constant_full,2863,True,False,9.148353946438442e-08
constant_full,2864,True,False,2.6840222800186244e-07
constant_full,2865,True,False,2.7211152082998485e-07
constant_full,2866,True,False,8.918937428992596e-08
constant_full,2867,True,False,3.65647092817186e-07
constant_full,2868,True,False,1.2237019214446437e-07
constant_full,2869,True,False,2.3502502114007775e-07
constant_full,2870,True,False,2.3106015867740038e-07
constant_full,2871,True,False,2.5497360820777996e-07
constant_full,2872,True,False,1.6773414812297584e-07
constant_full,2873,True,False,8.486067380865452e-08
constant_full,2874,True,False,7.760592430393271e-07
constant_full,2875,True,False,1.8735209881400637e-07
constant_full,2876,True,False,9.054362337535307e-07
constant_full,2877,True,False,4.7062785480823113e-07
constant_full,2878,True,False,2.0526156295572215e-07
constant_full,2879,True,False,1.15799662416378e-06
constant_full,2880,True,False,1.6904355671102126e-07
constant_full,2881,True,False,5.715519186329182e-07
constant_full,2882,True,False,5.605345931945873e-07
constant_full,2883,True,False,7.470459440254386e-07
constant_full,2884,True,False,9.067320585589778e-08
constant_full,2885,True,False,8.045617696938525e-08
constant_full,2886,True,False,2.063893500210801e-07
constant_full,2887,True,False,6.490308781859888e-07
constant_full,2888,True,False,9.213460422963146e-07
constant_full,2889,True,False,5.462410874767173e-07
constant_full,2890,True,False,9.840114123429898e-08
constant_full,2891,True,False,5.487386385413005e-08
constant_full,2892,True,False,2.85283076495122e-07
constant_full,2893,True,False,2.6698850069308314e-08
constant_full,2894,True,False,1.2769981774072486e-06
constant_full,2895,True,False,5.810619962115556e-07
constant_full,2896,True,False,6.174041149267601e-07
constant_full,2897,True,False,9.832557271157005e-08
constant_full,2898,True,False,1.832232774947806e-07
constant_full,2899,True,False,5.093423181280582e-07
constant_full,2900,True,False,7.30690869341746e-08
constant_full,2901,True,False,1.0169887624990397e-06
constant_full,2902,True,False,2.50004501502432e-07
constant_full,2903,True,False,1.3364878280240804e-06
constant_full,2904,True,False,9.113748740406019e-08
constant_full,2905,True,False,1.8657538232823056e-07
constant_full,2906,True,False,6.182548858594578e-07
constant_full,2907,True,False,1.2704306860428836e-07
constant_full,2908,True,False,6.108630583038953e-08
constant_full,2909,True,False,2.842271321464546e-07
constant_full,2910,True,False,4.7192106155413773e-07
constant_full,2911,True,False,3.708342071685329e-07
constant_full,2912,True,False,9.296463841058102e-07
constant_full,2913,True,False,1.752675181720791e-07
constant_full,2914,True,False,2.1984433977279938e-07
constant_full,2915,True,False,1.63639077599258e-07
constant_full,2916,True,False,7.656595281644987e-07
constant_full,2917,True,False,2.196865225987096e-09
constant_full,2918,True,False,6.112504647890515e-07
constant_full,2919,True,False,2.585813086935778e-07
constant_full,2920,True,False,6.279847236973959e-07
constant_full,2921,True,False,2.6823219901502753e-08
constant_full,2922,True,False,3.029554898827914e-07
constant_full,2923,True,False,4.700241482098126e-07
constant_full,2924,True,False,2.3539437129508012e-07
constant_full,2925,True,False,5.789307441718233e-07
constant_full,2926,True,False,1.8238906590835356e-07
constant_full,2927,True,False,9.252219630673485e-07
constant_full,2928,True,False,4.358850658257467e-07
constant_full,2929,True,False,9.986811495395968e-07
constant_full,2930,True,False,4.2936243834236164e-07
constant_full,2931,True,False,3.345919994181501e-07
constant_full,2932,True,False,3.5031158134302133e-07
constant_full,2933,True,False,4.0329664507095274e-07
constant_full,2934,True,False,4.2003673856726e-07
constant_full,2935,True,False,7.242364254614878e-07
constant_full,2936,True,False,4.140797312691137e-07
constant_full,2937,True,False,6.145472639218497e-07
constant_full,2938,True,False,1.3299339793006657e-07
constant_full,2939,True,False,1.0568309623267752e-06
constant_full,2940,True,False,3.266188822262109e-07
constant_full,2941,True,False,3.0032585221183545e-07
constant_full,2942,True,False,4.5727285610520504e-07
constant_full,2943,True,False,4.093051013397303e-07
constant_full,2944,True,False,6.958150328812795e-08
constant_full,2945,True,False,5.851997175764453e-07
constant_full,2946,True,False,3.637118459956735e-07
constant_full,2947,True,False,3.1098319585332126e-07
constant_full,2948,True,False,1.536147368970509e-07
constant_full,2949,True,False,1.7630194689772443e-07
constant_full,2950,True,False,1.7126329957398704e-06
constant_full,2951,True,False,6.453218188074602e-07
constant_full,2952,True,False,4.0579020933729646e-07
constant_full,2953,True,False,2.9659021675344616e-07
constant_full,2954,True,False,7.772215312022034e-08
constant_full,2955,True,False,9.360485584786113e-07
constant_full,2956,True,False,1.179338845558644e-07
constant_full,2957,True,False,7.124436492266377e-07
constant_full,2958,True,False,4.1350644029270315e-07
constant_full,2959,True,False,6.374173210795654e-08
constant_full,2960,True,False,6.260981109770094e-07
constant_full,2961,True,False,1.1623556186916415e-07
constant_full,2962,True,False,6.37711436132721e-07
constant_full,2963,True,False,6.191343421492458e-07
constant_full,2964,True,False,3.036553938359148e-07
constant_full,2965,True,False,1.314643419928882e-06
constant_full,2966,True,False,9.85454931601374e-07
constant_full,2967,True,False,6.234351406027081e-07
constant_full,2968,True,False,8.841907467877306e-07
constant_full,2969,True,False,2.086285571525559e-07
constant_full,2970,True,False,5.257232796884968e-07
constant_full,2971,True,False,3.5830860199389696e-08
constant_full,2972,True,False,3.3183989939809256e-07
constant_full,2973,True,False,7.710226408318478e-07
constant_full,2974,True,False,3.730965106057363e-07
constant_full,2975,True,False,2.852369430267546e-06
constant_full,2976,True,False,2.260229762106416e-07
constant_full,2977,True,False,2.3373364319632542e-07
constant_full,2978,True,False,5.332096814001893e-07
constant_full,2979,True,False,1.1201238173493517e-08
constant_full,2980,True,False,3.40806537682192e-07
constant_full,2981,True,False,7.234247401725142e-07
constant_full,2982,True,False,1.4231793423163333e-07
constant_full,2983,True,False,2.45232582848535e-07
constant_full,2984,True,False,1.7165954505362672e-06
constant_full,2985,True,False,1.0993577701214215e-06
constant_full,2986,True,False,6.682008030944469e-08
constant_full,2987,True,False,3.726411519702665e-07
constant_full,2988,True,False,2.111171891864993e-07
constant_full,2989,True,False,2.828268313932442e-07
constant_full,2990,True,False,9.988747202724378e-07
constant_full,2991,True,False,1.5677613600762487e-06
constant_full,2992,True,False,1.0442729472908076e-07
constant_full,2993,True,False,1.1617236616557104e-06
constant_full,2994,True,False,6.573169826795353e-07
constant_full,2995,True,False,2.8020977758817595e-06
constant_full,2996,True,False,2.0250389927505373e-06
constant_full,2997,True,False,5.67658309585088e-07
constant_full,2998,True,False,7.884865011900078e-07
constant_full,2999,True,False,4.937125102204419e-07
constant_full,3000,True,False,3.3377632476883405e-08
constant_full,3001,True,False,6.080152344695612e-07
constant_full,3002,True,False,3.066083715224602e-07
constant_full,3003,True,False,4.317656286288728e-08
constant_full,3004,True,False,3.631343725339236e-07
constant_full,3005,True,False,2.9751201153085673e-07
constant_full,3006,True,False,7.676743365151524e-07
constant_full,3007,True,False,2.4263829156941033e-07
constant_full,3008,True,False,1.3853246727535407e-07
constant_full,3009,True,False,2.4139258691335656e-07
constant_full,3010,True,False,8.227751178477639e-07
constant_full,3011,True,False,6.701218103983652e-07
constant_full,3012,True,False,1.0087461384130887e-06
constant_full,3013,True,False,2.413985866636071e-07
constant_full,3014,True,False,5.244974837812208e-07
constant_full,3015,True,False,6.399655395540756e-07
constant_full,3016,True,False,4.611714454845109e-07
constant_full,3017,True,False,6.417277863424731e-07
constant_full,3018,True,False,7.098894714820671e-07
constant_full,3019,True,False,3.398612754623558e-07
constant_full,3020,True,False,6.069654100358498e-07
constant_full,3021,True,False,1.3875490563764969e-07
constant_full,3022,True,False,6.009421297321286e-08
constant_full,3023,True,False,4.0187366478422756e-07
constant_full,3024,True,False,2.7834815058859717e-07
constant_full,3025,True,False,9.354197913776145e-08
constant_full,3026,True,False,1.066439803201089e-06
constant_full,3027,True,False,5.130500404077853e-07
constant_full,3028,True,False,2.753786439872375e-07
constant_full,3029,True,False,6.97006343994622e-07
constant_full,3030,True,False,1.243009432194605e-07
constant_full,3031,True,False,1.3253017317807947e-07
constant_full,3032,True,False,3.8139461301013904e-07
constant_full,3033,True,False,2.4190402466746636e-07
constant_full,3034,True,False,8.218039878061744e-08
constant_full,3035,True,False,1.2056495274046784e-06
constant_full,3036,True,False,8.664447838897025e-07
constant_full,3037,True,False,4.597924692779707e-07
constant_full,3038,True,False,9.045079348286967e-08
constant_full,3039,True,False,1.052959876915753e-06
constant_full,3040,True,False,7.596829511346292e-07
constant_full,3041,True,False,6.507708389933777e-07
constant_full,3042,True,False,5.957552203827339e-07
constant_full,3043,True,False,3.9111596739569383e-07
constant_full,3044,True,False,1.700409484432431e-07
constant_full,3045,True,False,6.729306804283647e-07
constant_full,3046,True,False,1.202945071761953e-07
constant_full,3047,True,False,1.7204393291673946e-07
constant_full,3048,True,False,9.647734968163677e-08
constant_full,3049,True,False,2.162736378644393e-07
constant_full,3050,True,False,1.1947789473520203e-06
constant_full,3051,True,False,2.864132815322233e-07
constant_full,3052,True,False,4.519082117307348e-07
constant_full,3053,True,False,9.04587959486481e-07
constant_full,3054,True,False,3.107478068668354e-07
constant_full,3055,True,False,4.2073825642485174e-07
constant_full,3056,True,False,2.4758466822009907e-07
constant_full,3057,True,False,2.640506337506617e-07
constant_full,3058,True,False,8.738698839262233e-08
constant_full,3059,True,False,1.2598539746562043e-07
constant_full,3060,True,False,7.958686717177569e-07
constant_full,3061,True,False,7.849074121648559e-07
constant_full,3062,True,False,4.504917400777065e-07
constant_full,3063,True,False,3.457825357237035e-07
constant_full,3064,True,False,7.328222508688156e-07
constant_full,3065,True,False,1.6583909653235404e-06
constant_full,3066,True,False,3.191566288461901e-07
constant_full,3067,True,False,1.5477965904444175e-07
constant_full,3068,True,False,1.540580789478753e-07
constant_full,3069,True,False,1.1536415228914662e-07
constant_full,3070,True,False,2.9097843643547385e-07
constant_full,3071,True,False,2.7981591969290815e-07
constant_full,3072,True,False,1.905082526975863e-07
constant_full,3073,True,False,3.4672838323107593e-07
constant_full,3074,True,False,1.8369104751214832e-07
constant_full,3075,True,False,6.987844584496486e-08
constant_full,3076,True,False,2.8350626891489833e-07
constant_full,3077,True,False,9.012842636521436e-07
constant_full,3078,True,False,1.5383979814487248e-07
constant_full,3079,True,False,9.865180372898512e-07
constant_full,3080,True,False,2.3037150528939558e-07
constant_full,3081,True,False,7.408805247093973e-08
constant_full,3082,True,False,1.102378696615618e-07
constant_full,3083,True,False,5.331209789358376e-07
constant_full,3084,True,False,4.5880280786432393e-07
constant_full,3085,True,False,5.114655426063687e-08
constant_full,3086,True,False,5.40367950301421e-07
constant_full,3087,True,False,1.7796792486482127e-06
constant_full,3088,True,False,7.494862459901572e-08
constant_full,3089,True,False,5.366252449142853e-07
constant_full,3090,True,False,2.0404683753765916e-07
constant_full,3091,True,False,5.20239893384842e-07
constant_full,3092,True,False,1.4143581627468933e-07
constant_full,3093,True,False,1.380224106607293e-07
constant_full,3094,True,False,1.7284115161525707e-07
constant_full,3095,True,False,4.601687922715003e-07
constant_full,3096,True,False,1.1006552856866474e-07
constant_full,3097,True,False,1.611196485218914e-07
constant_full,3098,True,False,3.826155179820698e-07
constant_full,3099,True,False,2.2794623420276015e-07
constant_full,3100,True,False,4.843244397741821e-07
constant_full,3101,True,False,3.0317268087661056e-07
constant_full,3102,True,False,1.4159799523983722e-07
constant_full,3103,True,False,5.30229967987278e-08
constant_full,3104,True,False,3.4207282520536777e-07
constant_full,3105,True,False,8.271044736828276e-08
constant_full,3106,True,False,2.2388991061586114e-06
constant_full,3107,True,False,3.1661257156407625e-06
constant_full,3108,True,False,4.491862516524767e-07
constant_full,3109,True,False,7.554910354305367e-07
constant_full,3110,True,False,2.1328673126436282e-07
constant_full,3111,True,False,2.0398943642573388e-07
constant_full,3112,True,False,2.161907018485579e-07
constant_full,3113,True,False,8.161807924739317e-07
constant_full,3114,True,False,4.702950280824408e-07
constant_full,3115,True,False,5.311090518593165e-07
constant_full,3116,True,False,2.5878983101986134e-06
constant_full,3117,True,False,1.5745725190331243e-07
constant_full,3118,True,False,1.7818753732863978e-07
constant_full,3119,True,False,5.823308501424827e-08
constant_full,3120,True,False,3.809774468376489e-07
constant_full,3121,True,False,1.6792124031645724e-07
constant_full,3122,True,False,1.5107944456516249e-06
constant_full,3123,True,False,4.5900321486107986e-07
constant_full,3124,True,False,1.7069498621187455e-06
constant_full,3125,True,False,4.831372844852671e-07
constant_full,3126,True,False,1.1145643141914335e-06
constant_full,3127,True,False,1.4816876438400177e-06
constant_full,3128,True,False,2.116081779718945e-07
constant_full,3129,True,False,3.0253049769925365e-07
constant_full,3130,True,False,1.6993041494620818e-07
constant_full,3131,True,False,8.050141279096206e-07
constant_full,3132,True,False,2.347026774584039e-07
constant_full,3133,True,False,2.3413680303889972e-07
constant_full,3134,True,False,4.152573357615408e-07
constant_full,3135,True,False,3.881178667367988e-07
constant_full,3136,True,False,2.511365838090005e-07
constant_full,3137,True,False,5.539601823887223e-07
constant_full,3138,True,False,1.1546609694656635e-07
constant_full,3139,True,False,4.163138705919674e-07
constant_full,3140,True,False,1.8694449728840097e-07
constant_full,3141,True,False,2.6370350194544706e-07
constant_full,3142,True,False,6.004385368729066e-08
constant_full,3143,True,False,5.165496740754775e-07
constant_full,3144,True,False,3.9933025879232764e-07
constant_full,3145,True,False,7.202199018404098e-07
constant_full,3146,True,False,4.160090325153694e-07
constant_full,3147,True,False,2.0349989235005955e-07
constant_full,3148,True,False,1.3333172447835212e-06
constant_full,3149,True,False,3.373655869299611e-07
constant_full,3150,True,False,4.5232926456680306e-07
constant_full,3151,True,False,9.098585200363597e-07
constant_full,3152,True,False,3.07515043554317e-08
constant_full,3153,True,False,1.6919214374826156e-07
constant_full,3154,True,False,2.344794130331271e-07
constant_full,3155,True,False,1.8225673581661918e-07
constant_full,3156,True,False,3.970920552013305e-07
constant_full,3157,True,False,7.089868870106708e-07
constant_full,3158,True,False,2.9269795538476187e-07
constant_full,3159,True,False,9.06377679752062e-08
constant_full,3160,True,False,1.1334293881427618e-06
constant_full,3161,True,False,3.0123341868318635e-06
constant_full,3162,True,False,2.659259150363121e-07
constant_full,3163,True,False,2.6752330546451644e-07
constant_full,3164,True,False,1.8623229246352083e-07
constant_full,3165,True,False,7.769025754920224e-07
constant_full,3166,True,False,5.095601819202718e-07
constant_full,3167,True,False,1.3131285294611502e-07
constant_full,3168,True,False,1.4413099203998038e-06
constant_full,3169,True,False,5.512880250391529e-07
constant_full,3170,True,False,1.8376918995519178e-07
constant_full,3171,True,False,3.6776372777662267e-07
constant_full,3172,True,False,4.048086857851616e-07
constant_full,3173,True,False,1.780835712082555e-07
constant_full,3174,True,False,7.789516525071434e-08
constant_full,3175,True,False,5.607666148308789e-07
constant_full,3176,True,False,3.5545084423532e-07
constant_full,3177,True,False,7.993398970959408e-07
constant_full,3178,True,False,3.872304603295607e-07
constant_full,3179,True,False,4.421994576510557e-08
constant_full,3180,True,False,7.105039562254477e-07
constant_full,3181,True,False,7.935830889089358e-07
constant_full,3182,True,False,6.599693409891626e-07
constant_full,3183,True,False,9.194061523269732e-07
constant_full,3184,True,False,2.5728339254821524e-07
constant_full,3185,True,False,6.060896518616793e-07
constant_full,3186,True,False,8.431219297742318e-09
constant_full,3187,True,False,1.0285155487204198e-06
constant_full,3188,True,False,1.8701838942817205e-07
constant_full,3189,True,False,5.771310401480588e-07
constant_full,3190,True,False,4.465605738413736e-07
constant_full,3191,True,False,2.9986460969644545e-07
constant_full,3192,True,False,6.82768056461359e-07
constant_full,3193,True,False,1.9428569658182916e-06
constant_full,3194,True,False,8.472443156612218e-07
constant_full,3195,True,False,1.5342254934870964e-06
constant_full,3196,True,False,4.850527518015764e-07
constant_full,3197,True,False,2.3390551203243893e-07
constant_full,3198,True,False,1.3107339583277188e-07
constant_full,3199,True,False,3.875332892195055e-07
constant_full,3200,True,False,1.520663059259352e-07
constant_full,3201,True,False,5.1743794422261426e-08
constant_full,3202,True,False,2.3374765022900434e-07
constant_full,3203,True,False,5.626932172750444e-07
constant_full,3204,True,False,7.018455120824399e-08
constant_full,3205,True,False,1.1665487007646009e-07
constant_full,3206,True,False,1.4584012862698303e-07
constant_full,3207,True,False,1.3976217675606953e-07
constant_full,3208,True,False,1.6008155190203387e-07
constant_full,3209,True,False,4.1424436590885464e-07
constant_full,3210,True,False,2.2547680028668912e-07
constant_full,3211,True,False,3.9385664756512255e-08
constant_full,3212,True,False,1.0486369815167682e-06
constant_full,3213,True,False,5.583687112675761e-07
constant_full,3214,True,False,4.89900102027573e-07
constant_full,3215,True,False,3.882617717538174e-07
constant_full,3216,True,False,5.868321526881065e-08
constant_full,3217,True,False,7.678214869776082e-07
constant_full,3218,True,False,2.4378898916468917e-07
constant_full,3219,True,False,5.239048830539317e-07
constant_full,3220,True,False,5.485504360418114e-07
constant_full,3221,True,False,1.1021520928988052e-06
constant_full,3222,True,False,3.164118788980219e-07
constant_full,3223,True,False,6.862558586278223e-08
constant_full,3224,True,False,4.7343241812460745e-07
constant_full,3225,True,False,2.0566547482479916e-07
constant_full,3226,True,False,3.7406783436876367e-07
constant_full,3227,True,False,6.825843253995263e-07
constant_full,3228,True,False,3.1322338119468646e-08
constant_full,3229,True,False,1.6838131088236739e-06
constant_full,3230,True,False,7.524110279198622e-07
constant_full,3231,True,False,3.3774914592733864e-07
constant_full,3232,True,False,2.719172707482716e-07
constant_full,3233,True,False,3.8189815780140427e-07
constant_full,3234,True,False,1.9114704676243272e-07
constant_full,3235,True,False,1.0936867926313864e-06
constant_full,3236,True,False,1.8686509402150345e-06
constant_full,3237,True,False,2.665380458268126e-07
constant_full,3238,True,False,2.637062839640204e-07
constant_full,3239,True,False,4.244842661598613e-07
constant_full,3240,True,False,8.907177455040939e-08
constant_full,3241,True,False,1.0341794166858071e-07
constant_full,3242,True,False,1.8762768191940945e-07
constant_full,3243,True,False,1.360732029788496e-07
constant_full,3244,True,False,1.1463812369456254e-07
constant_full,3245,True,False,9.023500027183218e-07
constant_full,3246,True,False,9.812882423453002e-08
constant_full,3247,True,False,5.402209564617739e-07
constant_full,3248,True,False,9.46808080605721e-08
constant_full,3249,True,False,4.549344342189071e-07
constant_full,3250,True,False,3.457955605788639e-07
constant_full,3251,True,False,2.1903660336916457e-08
constant_full,3252,True,False,7.354867758017072e-07
constant_full,3253,True,False,1.0725983947252704e-07
constant_full,3254,True,False,1.6432239873745486e-08
constant_full,3255,True,False,5.168256476293003e-07
constant_full,3256,True,False,8.446729789060237e-07
constant_full,3257,True,False,1.701308260700764e-07
constant_full,3258,True,False,1.0190285031019009e-06
constant_full,3259,True,False,1.228274168850635e-06
constant_full,3260,True,False,6.024685079384395e-08
constant_full,3261,True,False,6.774264328857812e-07
constant_full,3262,True,False,6.678783438225107e-07
constant_full,3263,True,False,9.664757068356973e-08
constant_full,3264,True,False,1.7476742269755845e-08
constant_full,3265,True,False,1.819713782363937e-07
constant_full,3266,True,False,5.796410244709578e-07
constant_full,3267,True,False,6.24408497526723e-09
constant_full,3268,True,False,5.868390291858557e-07
constant_full,3269,True,False,2.1647799310341498e-07
constant_full,3270,True,False,2.0197757093044768e-07
constant_full,3271,True,False,3.4134105697881855e-07
constant_full,3272,True,False,1.0641824956624708e-07
constant_full,3273,True,False,4.214881581506449e-07
constant_full,3274,True,False,6.445161987787028e-07
constant_full,3275,True,False,5.122721388845399e-07
constant_full,3276,True,False,8.706601835602291e-08
constant_full,3277,True,False,9.817704641484214e-07
constant_full,3278,True,False,3.213142946897511e-07
constant_full,3279,True,False,4.1337733590680264e-07
constant_full,3280,True,False,5.219837958891591e-07
constant_full,3281,True,False,7.266533785173498e-07
constant_full,3282,True,False,1.0843055715136923e-07
constant_full,3283,True,False,2.5972132514075765e-07
constant_full,3284,True,False,5.511891737788046e-07
constant_full,3285,True,False,8.136477731775905e-07
constant_full,3286,True,False,1.8715632252280183e-07
constant_full,3287,True,False,3.0692159507693395e-07
constant_full,3288,True,False,5.3212623962334325e-08
constant_full,3289,True,False,2.488598395424051e-07
constant_full,3290,True,False,2.306864396980041e-06
constant_full,3291,True,False,2.649555085632108e-07
constant_full,3292,True,False,1.4576861358459544e-07
constant_full,3293,True,False,1.9721627319966975e-07
constant_full,3294,True,False,3.65236518121452e-07
constant_full,3295,True,False,5.83669628667019e-07
constant_full,3296,True,False,1.25376593995826e-06
constant_full,3297,True,False,4.967697566641194e-07
constant_full,3298,True,False,4.4358730723456824e-07
constant_full,3299,True,False,1.8122787338163014e-07
constant_full,3300,True,False,8.727734490559958e-07
constant_full,3301,True,False,2.4026551598690673e-07
constant_full,3302,True,False,5.005495276142015e-07
constant_full,3303,True,False,3.2891415589142196e-07
constant_full,3304,True,False,5.871837842722972e-07
constant_full,3305,True,False,1.3977675606868477e-07
constant_full,3306,True,False,1.3834826235412689e-07
constant_full,3307,True,False,6.580534366890708e-07
constant_full,3308,True,False,1.429751075610458e-06
constant_full,3309,True,False,7.002244200438937e-07
constant_full,3310,True,False,3.062149827446218e-07
constant_full,3311,True,False,1.7285850720245965e-07
constant_full,3312,True,False,3.2866856506718356e-07
constant_full,3313,True,False,5.093475831460013e-07
constant_full,3314,True,False,4.178038783354324e-07
constant_full,3315,True,False,1.192662012766566e-06
constant_full,3316,True,False,3.8714759115656093e-07
constant_full,3317,True,False,2.735265365965069e-07
constant_full,3318,True,False,2.0505539627621116e-07
constant_full,3319,True,False,3.350853954082323e-07
constant_full,3320,True,False,2.2478492510083552e-07
constant_full,3321,True,False,3.0892475580911354e-07
constant_full,3322,True,False,6.559716621724714e-07
constant_full,3323,True,False,6.590881983843778e-07
constant_full,3324,True,False,6.048953136002993e-07
constant_full,3325,True,False,6.251898580809214e-07
constant_full,3326,True,False,5.247995953056636e-07
constant_full,3327,True,False,1.0322842279013119e-07
constant_full,3328,True,False,3.078633505142335e-08
constant_full,3329,True,False,1.986398692339128e-06
constant_full,3330,True,False,6.516070654041218e-07
constant_full,3331,True,False,6.194569268501275e-08
constant_full,3332,True,False,6.950865607561593e-07
constant_full,3333,True,False,4.3473718354082094e-07
constant_full,3334,True,False,3.161551279576433e-07
constant_full,3335,True,False,4.812360056726955e-08
constant_full,3336,True,False,3.3145865076931863e-07
constant_full,3337,True,False,4.6899180615628377e-08
constant_full,3338,True,False,8.787591375931966e-08
constant_full,3339,True,False,6.191851962218614e-11
constant_full,3340,True,False,6.332674470045642e-06
constant_full,3341,True,False,4.18968667170484e-07
constant_full,3342,True,False,2.1947232848484472e-07
constant_full,3343,True,False,3.128211489371283e-07
constant_full,3344,True,False,3.278947947016412e-07
constant_full,3345,True,False,6.500934028061016e-07
constant_full,3346,True,False,2.9127874943881173e-07
constant_full,3347,True,False,4.702969341107363e-07
constant_full,3348,True,False,2.476369267566726e-06
constant_full,3349,True,False,9.109830797906796e-07
constant_full,3350,True,False,4.0670080355468176e-07
constant_full,3351,True,False,5.712574365014564e-07
constant_full,3352,True,False,7.153449200907422e-08
constant_full,3353,True,False,4.038230745325324e-07
constant_full,3354,True,False,7.379328477650167e-08
constant_full,3355,True,False,3.9490612166496014e-07
constant_full,3356,True,False,1.0432045531286973e-06
constant_full,3357,True,False,1.99403157787119e-07
constant_full,3358,True,False,1.1319085337682888e-06
constant_full,3359,True,False,1.8914695420046412e-07
constant_full,3360,True,False,2.0163138377105445e-08
constant_full,3361,True,False,4.989746883213278e-07
constant_full,3362,True,False,2.5477079112786096e-07
constant_full,3363,True,False,4.993884231066077e-07
constant_full,3364,True,False,2.7139824476598136e-07
constant_full,3365,True,False,2.3525116001153444e-07
constant_full,3366,True,False,7.163668618887561e-08
constant_full,3367,True,False,5.456900791593985e-07
constant_full,3368,True,False,3.3827297180214804e-07
constant_full,3369,True,False,6.251930541903164e-07
constant_full,3370,True,False,5.103229244862161e-08
constant_full,3371,True,False,7.523891674554097e-08
constant_full,3372,True,False,5.488246257988419e-07
constant_full,3373,True,False,3.232407645736116e-07
constant_full,3374,True,False,2.624524082739631e-07
constant_full,3375,True,False,3.657435424301214e-08
constant_full,3376,True,False,1.0332465124015703e-07
constant_full,3377,True,False,5.648846883510224e-07
constant_full,3378,True,False,3.149479152479595e-07
constant_full,3379,True,False,7.743492837112603e-07
constant_full,3380,True,False,5.265413307090943e-07
constant_full,3381,True,False,8.80704465172349e-07
constant_full,3382,True,False,2.0906997827443317e-07
constant_full,3383,True,False,7.142075766534699e-07
constant_full,3384,True,False,4.343515589412529e-07
constant_full,3385,True,False,6.631273694530389e-07
constant_full,3386,True,False,1.6483113125828478e-07
constant_full,3387,True,False,7.328986750431849e-08
constant_full,3388,True,False,2.310127219056148e-07
constant_full,3389,True,False,5.808917165846605e-07
constant_full,3390,True,False,1.8981355354520578e-07
constant_full,3391,True,False,8.1738340112601e-07
constant_full,3392,True,False,2.113322417355687e-06
constant_full,3393,True,False,4.3102870156124823e-07
constant_full,3394,True,False,1.6488017461906036e-07
constant_full,3395,True,False,4.53811551830376e-07
constant_full,3396,True,False,3.299325759491966e-07
constant_full,3397,True,False,6.178249903942464e-07
constant_full,3398,True,False,3.30314038357978e-07
constant_full,3399,True,False,1.934714256973385e-07
constant_full,3400,True,False,4.123753013483114e-07
constant_full,3401,True,False,1.6714594562410247e-07
constant_full,3402,True,False,7.478121895152059e-08
constant_full,3403,True,False,4.29156779423432e-07
constant_full,3404,True,False,1.4504088116817508e-07
constant_full,3405,True,False,1.6310266414869804e-07
constant_full,3406,True,False,5.107905953180416e-07
constant_full,3407,True,False,2.0796602074304172e-07
constant_full,3408,True,False,3.1580853348870306e-07
constant_full,3409,True,False,5.902697525104227e-07
constant_full,3410,True,False,1.8201189400555994e-07
constant_full,3411,True,False,1.0219492756204735e-07
constant_full,3412,True,False,1.413318550451211e-07
constant_full,3413,True,False,1.5688863750861908e-06
constant_full,3414,True,False,2.654782004818309e-07
constant_full,3415,True,False,1.1084142746403314e-06
constant_full,3416,True,False,3.0267169698198197e-06
constant_full,3417,True,False,2.7483930798753244e-07
constant_full,3418,True,False,3.2692512445972943e-07
constant_full,3419,True,False,5.4359883700315046e-08
constant_full,3420,True,False,1.6562455240410022e-07
constant_full,3421,True,False,3.201219477166084e-07
constant_full,3422,True,False,1.720045517002035e-07
constant_full,3423,True,False,8.320714000696383e-07
constant_full,3424,True,False,1.2692412117369707e-06
constant_full,3425,True,False,2.6203344001728144e-07
constant_full,3426,True,False,4.714109559950473e-07
constant_full,3427,True,False,8.903870788308135e-08
constant_full,3428,True,False,5.822286252978351e-07
constant_full,3429,True,False,2.1476926540782457e-07
constant_full,3430,True,False,5.934130955703923e-07
constant_full,3431,True,False,5.986085147633873e-08
constant_full,3432,True,False,7.530391152363253e-08
constant_full,3433,True,False,5.319080675281925e-08
constant_full,3434,True,False,6.713314652226861e-07
constant_full,3435,True,False,6.832534509000326e-07
constant_full,3436,True,False,2.2109896804690204e-07
constant_full,3437,True,False,1.6273624540258258e-07
constant_full,3438,True,False,5.844803789439897e-08
constant_full,3439,True,False,1.4162849155304916e-06
constant_full,3440,True,False,2.0345902874688516e-07
constant_full,3441,True,False,1.0841565931489301e-06
constant_full,3442,True,False,1.0623548110310944e-06
constant_full,3443,True,False,9.204348623038674e-08
constant_full,3444,True,False,2.296917536637675e-07
constant_full,3445,True,False,2.1870316995864745e-06
constant_full,3446,True,False,4.927308471400155e-07
constant_full,3447,True,False,4.477946311642078e-07
constant_full,3448,True,False,1.1899479631398393e-06
constant_full,3449,True,False,1.149815654910893e-06
constant_full,3450,True,False,1.4982634817348286e-07
constant_full,3451,True,False,4.638548258617779e-08
constant_full,3452,True,False,1.4401420307121687e-07
constant_full,3453,True,False,6.206902892647594e-08
constant_full,3454,True,False,4.004791937515029e-07
constant_full,3455,True,False,8.847489237992359e-07
constant_full,3456,True,False,6.639472596434909e-08
constant_full,3457,True,False,5.087511181294506e-07
constant_full,3458,True,False,1.1179457008722279e-07
constant_full,3459,True,False,1.0042268912169953e-07
constant_full,3460,True,False,3.6932647114782747e-07
constant_full,3461,True,False,9.314553388514176e-08
constant_full,3462,True,False,2.78355574650287e-07
constant_full,3463,True,False,9.377413209713194e-07
constant_full,3464,True,False,9.195712074627933e-07
constant_full,3465,True,False,5.993795887385357e-08
constant_full,3466,True,False,9.369634331013859e-08
constant_full,3467,True,False,1.082604411007475e-06
constant_full,3468,True,False,1.5313204343358708e-07
constant_full,3469,True,False,7.264235959957102e-07
constant_full,3470,True,False,1.1590854134074588e-07
constant_full,3471,True,False,2.1416439316923446e-07
constant_full,3472,True,False,5.699737930876711e-07
constant_full,3473,True,False,6.972096371200213e-07
constant_full,3474,True,False,2.923987287908941e-07
constant_full,3475,True,False,2.4223316155260953e-07
constant_full,3476,True,False,3.4948995540558116e-08
constant_full,3477,True,False,1.0116948111312491e-07
constant_full,3478,True,False,7.990123269393775e-07
constant_full,3479,True,False,9.658862749941623e-08
constant_full,3480,True,False,4.064696589303974e-08
constant_full,3481,True,False,8.012810256086944e-07
constant_full,3482,True,False,1.1260985661216435e-06
constant_full,3483,True,False,2.8180624086598814e-07
constant_full,3484,True,False,9.448363275739882e-08
constant_full,3485,True,False,2.1237521090119942e-07
constant_full,3486,True,False,2.30510638150994e-07
constant_full,3487,True,False,1.5355936256938105e-07
constant_full,3488,True,False,4.1305200358383977e-07
constant_full,3489,True,False,9.44832269005746e-07
constant_full,3490,True,False,1.9270875418048132e-07
constant_full,3491,True,False,3.290179635633694e-07
constant_full,3492,True,False,5.793189141662676e-07
constant_full,3493,True,False,1.4622048757534326e-06
constant_full,3494,True,False,1.7890147692545672e-08
constant_full,3495,True,False,6.915334689078437e-07
constant_full,3496,True,False,3.6818048176430907e-07
constant_full,3497,True,False,4.15368733899619e-08
constant_full,3498,True,False,3.129719971547437e-07
constant_full,3499,True,False,3.570749254363928e-08
constant_full,3500,True,False,2.2509972019431527e-07
constant_full,3501,True,False,1.659699825294797e-07
constant_full,3502,True,False,2.1113635305309997e-08
constant_full,3503,True,False,9.409692095639075e-07
constant_full,3504,True,False,6.081194509240056e-07
constant_full,3505,True,False,4.366923653778534e-07
constant_full,3506,True,False,3.1725935205147594e-07
constant_full,3507,True,False,7.984160424006816e-07
constant_full,3508,True,False,1.2191148805803852e-06
constant_full,3509,True,False,4.820807302419831e-07
constant_full,3510,True,False,2.541193733170082e-08
constant_full,3511,True,False,4.162574710263333e-07
constant_full,3512,True,False,4.212716661156403e-09
constant_full,3513,True,False,2.548798755546728e-07
constant_full,3514,True,False,1.6316227587317604e-06
constant_full,3515,True,False,5.097659254093463e-07
constant_full,3516,True,False,3.886352595832889e-07
constant_full,3517,True,False,6.96121941660935e-07
constant_full,3518,True,False,3.920616787641154e-07
constant_full,3519,True,False,3.8930335597674426e-07
constant_full,3520,True,False,8.978997935218764e-07
constant_full,3521,True,False,3.7207830623658025e-07
constant_full,3522,True,False,4.127054007543529e-08
constant_full,3523,True,False,6.867357477813793e-07
constant_full,3524,True,False,6.170109147357808e-07
constant_full,3525,True,False,5.074801694459282e-07
constant_full,3526,True,False,9.054938600245201e-07
constant_full,3527,True,False,8.659619360595327e-07
constant_full,3528,True,False,1.639675054353611e-07
constant_full,3529,True,False,4.654378282456173e-07
constant_full,3530,True,False,1.5027829771826248e-08
constant_full,3531,True,False,1.369239820075852e-07
constant_full,3532,True,False,1.0868476797329973e-06
constant_full,3533,True,False,2.859463743938047e-07
constant_full,3534,True,False,3.417037570995264e-06
constant_full,3535,True,False,4.847445105442404e-07
constant_full,3536,True,False,5.237600887071029e-07
constant_full,3537,True,False,1.443041578510139e-06
constant_full,3538,True,False,1.9103363288203696e-07
constant_full,3539,True,False,5.249799841689588e-07
constant_full,3540,True,False,2.5743309796416226e-07
constant_full,3541,True,False,6.649458602941606e-08
constant_full,3542,True,False,3.094891747777727e-07
constant_full,3543,True,False,1.5112391159402123e-07
constant_full,3544,True,False,3.4247487555361276e-08
constant_full,3545,True,False,1.6132131353404236e-06
constant_full,3546,True,False,4.359327260606295e-07
constant_full,3547,True,False,3.3724478218629924e-07
constant_full,3548,True,False,1.2044871756274815e-07
constant_full,3549,True,False,2.755686756182201e-07
constant_full,3550,True,False,3.5188315563238014e-08
constant_full,3551,True,False,1.37193489814411e-07
constant_full,3552,True,False,3.690372170964595e-07
constant_full,3553,True,False,6.496196695354849e-07
constant_full,3554,True,False,1.076982917653288e-07
constant_full,3555,True,False,1.077045667051504e-06
constant_full,3556,True,False,6.212657885820604e-08
constant_full,3557,True,False,2.617325194454468e-07
constant_full,3558,True,False,1.4642850271933388e-07
constant_full,3559,True,False,1.4314556020146656e-06
constant_full,3560,True,False,3.0037227952281737e-07
constant_full,3561,True,False,5.8939385249740004e-08
constant_full,3562,True,False,1.397073663166707e-07
constant_full,3563,True,False,3.794716652243823e-07
constant_full,3564,True,False,1.3822418817798684e-06
constant_full,3565,True,False,4.613380013177076e-07
constant_full,3566,True,False,3.294981138958395e-07
constant_full,3567,True,False,5.397638429932045e-07
constant_full,3568,True,False,4.841967406602874e-07
constant_full,3569,True,False,2.8009890735638094e-07
constant_full,3570,True,False,1.641053244048987e-08
constant_full,3571,True,False,5.576247538489543e-07
constant_full,3572,True,False,8.875521680526674e-08
constant_full,3573,True,False,1.705200399114436e-07
constant_full,3574,True,False,1.1895882775381796e-07
constant_full,3575,True,False,2.989355393607768e-07
constant_full,3576,True,False,2.275572167849678e-07
constant_full,3577,True,False,6.103823172770219e-07
constant_full,3578,True,False,5.851130017584641e-07
constant_full,3579,True,False,1.3633843071169971e-06
constant_full,3580,True,False,5.736781126456604e-07
constant_full,3581,True,False,9.379878659844348e-07
constant_full,3582,True,False,6.441310863896845e-08
constant_full,3583,True,False,1.3124624925810008e-07
constant_full,3584,True,False,2.407655862138212e-07
constant_full,3585,True,False,1.0156093431394428e-06
constant_full,3586,True,False,6.654095653276557e-07
constant_full,3587,True,False,4.2317130434986565e-07
constant_full,3588,True,False,1.0129137323171329e-06
constant_full,3589,True,False,4.622183505418839e-07
constant_full,3590,True,False,8.103879230994761e-08
constant_full,3591,True,False,7.092252350757186e-08
constant_full,3592,True,False,5.292807874069152e-07
constant_full,3593,True,False,5.5493044735231064e-08
constant_full,3594,True,False,8.501800090404485e-07
constant_full,3595,True,False,1.964477263631171e-07
constant_full,3596,True,False,6.659348273415885e-07
constant_full,3597,True,False,8.672200043433074e-08
constant_full,3598,True,False,7.498927955313101e-07
constant_full,3599,True,False,5.469621402520314e-07
constant_full,3600,True,False,3.6801982901124574e-07
constant_full,3601,True,False,3.8334369286693646e-07
constant_full,3602,True,False,5.820485518247518e-08
constant_full,3603,True,False,2.169548598908353e-07
constant_full,3604,True,False,2.6767893114120907e-06
constant_full,3605,True,False,1.847336415744892e-08
constant_full,3606,True,False,6.536738253436294e-07
constant_full,3607,True,False,3.518588653607207e-07
constant_full,3608,True,False,5.870984742916441e-07
constant_full,3609,True,False,3.0055895039298193e-07
constant_full,3610,True,False,3.048680950681305e-07
constant_full,3611,True,False,8.976771958501944e-08
constant_full,3612,True,False,7.358051566802216e-07
constant_full,3613,True,False,5.579348727102831e-07
constant_full,3614,True,False,3.991116288224007e-07
constant_full,3615,True,False,5.2313650863290774e-08
constant_full,3616,True,False,3.5249754017626897e-07
constant_full,3617,True,False,9.056920080088342e-08
constant_full,3618,True,False,3.6683998026180804e-07
constant_full,3619,True,False,2.64795596919187e-07
constant_full,3620,True,False,1.3442460182810517e-06
constant_full,3621,True,False,4.551651967034539e-07
constant_full,3622,True,False,4.364994740198171e-07
constant_full,3623,True,False,4.378398928633776e-07
constant_full,3624,True,False,6.382023601549984e-07
constant_full,3625,True,False,1.3880705120570789e-06
constant_full,3626,True,False,1.2747533256257375e-07
constant_full,3627,True,False,2.3869261183902126e-07
constant_full,3628,True,False,3.9247549219662206e-07
constant_full,3629,True,False,2.0740230089138367e-07
constant_full,3630,True,False,1.4698757968041061e-06
constant_full,3631,True,False,3.121444920155552e-07
constant_full,3632,True,False,3.6379812602794066e-08
constant_full,3633,True,False,1.5627079027266696e-07
constant_full,3634,True,False,3.122912177523873e-07
constant_full,3635,True,False,4.7414403647684907e-07
constant_full,3636,True,False,2.2699342754388447e-07
constant_full,3637,True,False,6.69140295743574e-08
constant_full,3638,True,False,6.138294474690188e-08
constant_full,3639,True,False,3.0667333104570324e-07
constant_full,3640,True,False,9.536686262296152e-07
constant_full,3641,True,False,1.387503112231982e-06
constant_full,3642,True,False,2.4280742731585686e-08
constant_full,3643,True,False,9.772180300243453e-07
constant_full,3644,True,False,7.767184613283671e-07
constant_full,3645,True,False,1.4281274795674466e-07
constant_full,3646,True,False,3.045409113923577e-07
constant_full,3647,True,False,2.0095318713967812e-06
constant_full,3648,True,False,1.181692128090989e-07
constant_full,3649,True,False,1.615124364373043e-08
constant_full,3650,True,False,2.482250204792328e-07
constant_full,3651,True,False,9.437316537662479e-07
constant_full,3652,True,False,2.7989888026141225e-08
constant_full,3653,True,False,1.2941447001892407e-06
constant_full,3654,True,False,7.68576726414534e-08
constant_full,3655,True,False,2.5836905317627927e-07
constant_full,3656,True,False,7.846387649575374e-07
constant_full,3657,True,False,2.2399589981323116e-07
constant_full,3658,True,False,7.545771921242378e-07
constant_full,3659,True,False,3.6666517327961773e-06
constant_full,3660,True,False,3.9128634671380937e-07
constant_full,3661,True,False,9.322922573281932e-07
constant_full,3662,True,False,9.125040791884807e-08
constant_full,3663,True,False,5.92159825755458e-07
constant_full,3664,True,False,3.915779386608289e-07
constant_full,3665,True,False,3.877793317414661e-07
constant_full,3666,True,False,2.4234333508324874e-07
constant_full,3667,True,False,5.863705010919991e-08
constant_full,3668,True,False,6.510803640458439e-08
constant_full,3669,True,False,5.556998685116997e-07
constant_full,3670,True,False,1.0618695042484994e-06
constant_full,3671,True,False,1.3873149025933537e-07
constant_full,3672,True,False,4.825952336275399e-07
constant_full,3673,True,False,4.156352613012278e-07
constant_full,3674,True,False,6.82603089033482e-07
constant_full,3675,True,False,1.2563650056852128e-07
constant_full,3676,True,False,4.184414006532564e-08
constant_full,3677,True,False,2.6511567919228217e-07
constant_full,3678,True,False,5.1279607116960695e-08
constant_full,3679,True,False,4.477492801335722e-07
constant_full,3680,True,False,3.924300537043994e-07
constant_full,3681,True,False,6.951342777566643e-08
constant_full,3682,True,False,4.78085210647971e-07
constant_full,3683,True,False,2.244949042862048e-06
constant_full,3684,True,False,1.0254057256981284e-06
constant_full,3685,True,False,7.814205477592105e-07
constant_full,3686,True,False,3.1149072122946686e-08
constant_full,3687,True,False,6.415797791340375e-07
constant_full,3688,True,False,9.459719850230097e-07
constant_full,3689,True,False,6.618221967888517e-07
constant_full,3690,True,False,6.952433906181516e-08
constant_full,3691,True,False,2.1966391638594412e-07
constant_full,3692,True,False,2.5152006811122126e-08
constant_full,3693,True,False,4.98971332373529e-07
constant_full,3694,True,False,4.1181375769715455e-07
constant_full,3695,True,False,2.5546074279154577e-08
constant_full,3696,True,False,2.7493319827350826e-07
constant_full,3697,True,False,3.031435883577867e-07
constant_full,3698,True,False,3.0670812188128467e-07
constant_full,3699,True,False,3.368318445340195e-07
constant_full,3700,True,False,1.9588258613653024e-07
constant_full,3701,True,False,1.6987861909976418e-07
constant_full,3702,True,False,3.329794367760955e-08
constant_full,3703,True,False,5.930194490652189e-07
constant_full,3704,True,False,5.973507723049484e-08
constant_full,3705,True,False,2.601925899003339e-07
constant_full,3706,True,False,1.2608025260120763e-06
constant_full,3707,True,False,2.950235726867408e-06
constant_full,3708,True,False,2.6319404503926413e-07
constant_full,3709,True,False,1.0838883889494481e-07
constant_full,3710,True,False,6.401238087215149e-07
constant_full,3711,True,False,7.654376096264517e-07
constant_full,3712,True,False,3.7148030967887446e-07
constant_full,3713,True,False,1.146020652242896e-06
constant_full,3714,True,False,4.460450974997945e-07
constant_full,3715,True,False,2.6246000494048683e-07
constant_full,3716,True,False,1.5042370552798082e-07
constant_full,3717,True,False,2.1178866286478118e-07
constant_full,3718,True,False,1.0248267641679914e-07
constant_full,3719,True,False,2.515332062564564e-07
constant_full,3720,True,False,1.2036232806540815e-07
constant_full,3721,True,False,7.127619950733207e-08
constant_full,3722,True,False,1.441415566704809e-06
constant_full,3723,True,False,3.807728102937668e-07
constant_full,3724,True,False,5.701862944449766e-07
constant_full,3725,True,False,2.5339448656978693e-07
constant_full,3726,True,False,3.576666686423286e-07
constant_full,3727,True,False,5.789077753488727e-08
constant_full,3728,True,False,4.7025949512905664e-07
constant_full,3729,True,False,3.6600327441364953e-07
constant_full,3730,True,False,6.028597434891273e-07
constant_full,3731,True,False,6.554399744845962e-07
constant_full,3732,True,False,6.362151005860921e-07
constant_full,3733,True,False,5.188983340242414e-07
constant_full,3734,True,False,3.37261141776705e-07
constant_full,3735,True,False,2.639292981537796e-07
constant_full,3736,True,False,1.2582125787189498e-07
constant_full,3737,True,False,2.8534341507888644e-07
constant_full,3738,True,False,2.4940096823494943e-07
constant_full,3739,True,False,4.026307738639558e-07
constant_full,3740,True,False,9.539331420225017e-08
constant_full,3741,True,False,2.7730148710538146e-07
constant_full,3742,True,False,1.2834219768551786e-06
constant_full,3743,True,False,1.1109707449484459e-06
constant_full,3744,True,False,6.779828573851202e-08
constant_full,3745,True,False,5.8830116452647586e-08
constant_full,3746,True,False,2.0822368942975342e-07
constant_full,3747,True,False,3.6164923981638894e-07
constant_full,3748,True,False,1.9619791663174106e-08
constant_full,3749,True,False,2.502863541490878e-07
constant_full,3750,True,False,1.5935681436360067e-07
constant_full,3751,True,False,5.666493151100931e-08
constant_full,3752,True,False,9.443874640355982e-08
constant_full,3753,True,False,2.867432439850423e-07
constant_full,3754,True,False,3.8728382298108455e-07
constant_full,3755,True,False,4.038242819002338e-07
constant_full,3756,True,False,1.6965539560071166e-07
constant_full,3757,True,False,9.143299695697882e-08
constant_full,3758,True,False,7.0560550179764e-07
constant_full,3759,True,False,2.942195117598983e-07
constant_full,3760,True,False,2.727519374476938e-08
constant_full,3761,True,False,3.090001466961585e-08
constant_full,3762,True,False,1.0561575732482947e-06
constant_full,3763,True,False,2.7427635630907174e-07
constant_full,3764,True,False,5.97941137654418e-08
constant_full,3765,True,False,1.4725286356273347e-06
constant_full,3766,True,False,2.868068499062212e-07
constant_full,3767,True,False,2.871839996862408e-07
constant_full,3768,True,False,5.024981290008563e-07
constant_full,3769,True,False,2.1541997781311367e-07
constant_full,3770,True,False,7.895630202267761e-07
constant_full,3771,True,False,6.304917553029056e-07
constant_full,3772,True,False,4.00368605263906e-07
constant_full,3773,True,False,2.9870059839482487e-07
constant_full,3774,True,False,7.043492770896034e-08
constant_full,3775,True,False,4.248055482751286e-07
constant_full,3776,True,False,9.572794645914223e-07
constant_full,3777,True,False,2.062421307474875e-07
constant_full,3778,True,False,4.036500775775716e-07
constant_full,3779,True,False,1.9599138140097405e-07
constant_full,3780,True,False,7.489945918566934e-08
constant_full,3781,True,False,4.507615325787794e-07
constant_full,3782,True,False,4.5705747457588625e-07
constant_full,3783,True,False,4.1861017107960114e-07
constant_full,3784,True,False,1.959729560839031e-07
constant_full,3785,True,False,4.284102434763408e-07
constant_full,3786,True,False,4.327233338367926e-07
constant_full,3787,True,False,1.9597459138504334e-07
constant_full,3788,True,False,1.8198722119221362e-07
constant_full,3789,True,False,1.0463559971252956e-06
constant_full,3790,True,False,2.4828505734165675e-07
constant_full,3791,True,False,6.806752771522241e-07
constant_full,3792,True,False,2.6404886165189226e-07
constant_full,3793,True,False,5.15662132553611e-07
constant_full,3794,True,False,5.1517679525139025e-08
constant_full,3795,True,False,6.249963406724977e-07
constant_full,3796,True,False,3.070479319351838e-07
constant_full,3797,True,False,5.574394351986669e-07
constant_full,3798,True,False,3.413229802426036e-07
constant_full,3799,True,False,4.620640934254767e-07
constant_full,3800,True,False,1.2305283940081874e-06
constant_full,3801,True,False,1.4584346914251957e-07
constant_full,3802,True,False,1.1135478963964103e-07
constant_full,3803,True,False,1.6707167955732685e-07
constant_full,3804,True,False,2.1729119944136877e-07
constant_full,3805,True,False,1.3423966633306082e-07
constant_full,3806,True,False,3.5103256135512874e-07
constant_full,3807,True,False,5.936212996637743e-07
constant_full,3808,True,False,5.824836961313896e-07
constant_full,3809,True,False,2.9279350063498117e-07
constant_full,3810,True,False,7.922642343450153e-07
constant_full,3811,True,False,6.31288705449981e-07
constant_full,3812,True,False,4.981676549478655e-07
constant_full,3813,True,False,5.426446482816028e-07
constant_full,3814,True,False,5.289607951860355e-07
constant_full,3815,True,False,4.133168751615521e-09
constant_full,3816,True,False,1.1042432749804802e-06
constant_full,3817,True,False,7.202013078368628e-08
constant_full,3818,True,False,8.151282693807573e-07
constant_full,3819,True,False,4.4578217248761866e-07
constant_full,3820,True,False,6.967745308092673e-08
constant_full,3821,True,False,3.3711312377528077e-07
constant_full,3822,True,False,3.3914054652856304e-07
constant_full,3823,True,False,3.484859498015409e-07
constant_full,3824,True,False,1.0738206815420425e-07
constant_full,3825,True,False,4.283361325775766e-07
constant_full,3826,True,False,2.0902841014998372e-07
constant_full,3827,True,False,3.3542906445344117e-07
constant_full,3828,True,False,6.635870777510691e-08
constant_full,3829,True,False,2.31642109276708e-06
constant_full,3830,True,False,1.1807023597562198e-06
constant_full,3831,True,False,1.7649740063883203e-07
constant_full,3832,True,False,4.3457368540381293e-07
constant_full,3833,True,False,1.298212035014387e-06
constant_full,3834,True,False,5.213575098659548e-07
constant_full,3835,True,False,1.2010883686171128e-07
constant_full,3836,True,False,6.546441194809615e-07
constant_full,3837,True,False,1.7698647710996246e-07
constant_full,3838,True,False,8.276276183286789e-07
constant_full,3839,True,False,8.956890176636326e-07
constant_full,3840,True,False,4.674659417216421e-07
constant_full,3841,True,False,1.9159117900938952e-07
constant_full,3842,True,False,6.602632021918496e-07
constant_full,3843,True,False,3.6829850915201015e-07
constant_full,3844,True,False,8.517310168907446e-07
constant_full,3845,True,False,7.838831605168826e-08
constant_full,3846,True,False,6.52693989493865e-07
constant_full,3847,True,False,3.190572874332355e-07
constant_full,3848,True,False,1.803777189438169e-06
constant_full,3849,True,False,1.8463015620109617e-07
constant_full,3850,True,False,1.0977041322096608e-06
constant_full,3851,True,False,3.272984535373571e-07
constant_full,3852,True,False,4.3430825704585016e-07
constant_full,3853,True,False,1.5390801238691332e-07
constant_full,3854,True,False,2.2997016737175176e-07
constant_full,3855,True,False,2.7938475334784773e-06
constant_full,3856,True,False,6.308405442182547e-07
constant_full,3857,True,False,3.7383901728280365e-07
constant_full,3858,True,False,6.26173908315245e-07
constant_full,3859,True,False,1.5326737583029542e-07
constant_full,3860,True,False,4.612004474635936e-07
constant_full,3861,True,False,9.048300722144008e-09
constant_full,3862,True,False,1.4666061981730128e-07
constant_full,3863,True,False,5.117418047209321e-07
constant_full,3864,True,False,1.8741451440806206e-06
constant_full,3865,True,False,2.143357732401153e-08
constant_full,3866,True,False,6.998946720919978e-07
constant_full,3867,True,False,2.534026986181843e-07
constant_full,3868,True,False,9.144034045764444e-08
constant_full,3869,True,False,4.606216470892168e-08
constant_full,3870,True,False,1.4201225383203563e-06
constant_full,3871,True,False,3.277693003655504e-07
constant_full,3872,True,False,1.5733671281965064e-07
constant_full,3873,True,False,7.821518953003753e-07
constant_full,3874,True,False,5.233649605336135e-07
constant_full,3875,True,False,4.059615771163066e-07
constant_full,3876,True,False,7.508425636656848e-07
constant_full,3877,True,False,7.126060394226562e-08
constant_full,3878,True,False,1.292828112557461e-06
constant_full,3879,True,False,6.295857798103876e-07
constant_full,3880,True,False,1.7130861611010676e-08
constant_full,3881,True,False,8.38362422211792e-07
constant_full,3882,True,False,9.21640306275597e-08
constant_full,3883,True,False,4.0539958682939624e-07
constant_full,3884,True,False,4.5129330063578046e-07
constant_full,3885,True,False,8.496776153284152e-07
constant_full,3886,True,False,1.7702183772042815e-07
constant_full,3887,True,False,7.621554694285467e-07
constant_full,3888,True,False,6.175862897495946e-07
constant_full,3889,True,False,1.092135453839328e-06
constant_full,3890,True,False,2.941768404582075e-07
constant_full,3891,True,False,2.5187532211488903e-07
constant_full,3892,True,False,6.178239327436044e-07
constant_full,3893,True,False,6.594509501439086e-07
constant_full,3894,True,False,3.81038025981621e-09
constant_full,3895,True,False,6.072960552891192e-07
constant_full,3896,True,False,1.3384958595370867e-06
constant_full,3897,True,False,3.959084251353515e-07
constant_full,3898,True,False,5.561597174038355e-09
constant_full,3899,True,False,4.81867571233291e-07
constant_full,3900,True,False,5.8236266388957766e-08
constant_full,3901,True,False,4.345223831498837e-07
constant_full,3902,True,False,8.744460793549816e-07
constant_full,3903,True,False,3.8158085171732014e-07
constant_full,3904,True,False,4.017654233359818e-07
constant_full,3905,True,False,1.0073496293933911e-06
constant_full,3906,True,False,2.448040930858042e-07
constant_full,3907,True,False,4.4987768524898606e-08
constant_full,3908,True,False,3.6212645505241094e-07
constant_full,3909,True,False,1.5445893222869536e-07
constant_full,3910,True,False,3.0567163781223373e-07
constant_full,3911,True,False,7.894223353894359e-07
constant_full,3912,True,False,3.396170041963676e-07
constant_full,3913,True,False,3.1556762144056604e-07
constant_full,3914,True,False,3.3604534865926624e-07
constant_full,3915,True,False,1.4571356930661955e-07
constant_full,3916,True,False,1.6556235802793037e-07
constant_full,3917,True,False,2.167050693207741e-07
constant_full,3918,True,False,1.0688760001218466e-07
constant_full,3919,True,False,5.537354714125372e-08
constant_full,3920,True,False,1.840469063354979e-07
constant_full,3921,True,False,4.6274969384214264e-07
constant_full,3922,True,False,5.867111724559482e-07
constant_full,3923,True,False,6.740210762454742e-07
constant_full,3924,True,False,3.2861578351514293e-07
constant_full,3925,True,False,4.3461453959877913e-07
constant_full,3926,True,False,6.943494257380896e-07
constant_full,3927,True,False,9.551257144814544e-07
constant_full,3928,True,False,7.510361086971058e-08
constant_full,3929,True,False,2.828824468386643e-07
constant_full,3930,True,False,1.126671429034954e-07
constant_full,3931,True,False,6.007373667686905e-07
constant_full,3932,True,False,1.8725564407945817e-07
constant_full,3933,True,False,1.995600140169892e-07
constant_full,3934,True,False,2.1132907516711762e-07
constant_full,3935,True,False,4.721748329606218e-07
constant_full,3936,True,False,4.209275161859994e-07
constant_full,3937,True,False,2.4373030844983583e-06
constant_full,3938,True,False,1.7104568281518095e-07
constant_full,3939,True,False,6.516592915606924e-07
constant_full,3940,True,False,9.112318758187413e-07
constant_full,3941,True,False,1.5304932140517091e-07
constant_full,3942,True,False,4.216436460982231e-07
constant_full,3943,True,False,4.294170418530446e-07
constant_full,3944,True,False,2.379994459678475e-08
constant_full,3945,True,False,8.620227448964912e-08
constant_full,3946,True,False,1.2029511943583002e-07
constant_full,3947,True,False,1.1288821944217687e-06
constant_full,3948,True,False,8.476217121499776e-07
constant_full,3949,True,False,1.0836205270967171e-08
constant_full,3950,True,False,3.9784933431601e-07
constant_full,3951,True,False,9.243222756342791e-08
constant_full,3952,True,False,7.446048848166553e-07
constant_full,3953,True,False,1.8337844701289107e-07
constant_full,3954,True,False,3.1446064311971665e-07
constant_full,3955,True,False,4.954452638139297e-07
constant_full,3956,True,False,3.034167176142247e-07
constant_full,3957,True,False,4.155964417376058e-08
constant_full,3958,True,False,1.0926916757665637e-06
constant_full,3959,True,False,4.278527537152543e-07
constant_full,3960,True,False,4.3706532761315807e-07
constant_full,3961,True,False,1.3940239219344048e-06
constant_full,3962,True,False,8.326788748473372e-08
constant_full,3963,True,False,1.8153583807965545e-08
constant_full,3964,True,False,3.820585416451608e-07
constant_full,3965,True,False,6.921973290221695e-07
constant_full,3966,True,False,8.35221172950112e-08
constant_full,3967,True,False,2.86099592880851e-07
constant_full,3968,True,False,2.535287469805241e-07
constant_full,3969,True,False,2.417221499944801e-07
constant_full,3970,True,False,7.098444629252505e-07
constant_full,3971,True,False,1.3663392695205562e-06
constant_full,3972,True,False,1.2379899982970462e-06
constant_full,3973,True,False,5.0798745427483233e-08
constant_full,3974,True,False,2.3406866435296527e-07
constant_full,3975,True,False,9.208293765010094e-07
constant_full,3976,True,False,2.217579996991856e-07
constant_full,3977,True,False,6.598701957975116e-07
constant_full,3978,True,False,1.1156447462855901e-07
constant_full,3979,True,False,6.401797445854038e-07
constant_full,3980,True,False,2.6876719002126785e-07
constant_full,3981,True,False,2.8036693251205974e-07
constant_full,3982,True,False,9.207210360357808e-08
constant_full,3983,True,False,3.743732000674278e-07
constant_full,3984,True,False,1.954337615483296e-07
constant_full,3985,True,False,2.0711338409523538e-06
constant_full,3986,True,False,4.1467547884755224e-07
constant_full,3987,True,False,1.8274558672154967e-07
constant_full,3988,True,False,1.9981550828214973e-07
constant_full,3989,True,False,1.0130106811978487e-07
constant_full,3990,True,False,4.857515443413864e-07
constant_full,3991,True,False,5.911669472714055e-07
constant_full,3992,True,False,1.5551015762759004e-06
constant_full,3993,True,False,7.96991989762341e-07
constant_full,3994,True,False,2.27373859852411e-07
constant_full,3995,True,False,7.699469517504864e-07
constant_full,3996,True,False,8.122029185267448e-08
constant_full,3997,True,False,4.9567209507038396e-08
constant_full,3998,True,False,6.879918307516995e-07
constant_full,3999,True,False,1.863372763974758e-07
constant_full,4000,True,False,4.97676545940714e-07
amount_full,1,True,False,9.240129629433281e-07
amount_full,2,True,False,2.8799924722416923e-07
amount_full,3,True,False,5.025070772895195e-07
amount_full,4,True,False,1.2654570478797637e-07
amount_full,5,True,False,3.7169931968802934e-07
amount_full,6,True,False,8.957512170395337e-07
amount_full,7,True,False,2.398158472786038e-06
amount_full,8,True,False,5.531169987415691e-07
amount_full,9,True,False,8.470815730146124e-07
amount_full,10,True,False,1.076333159296842e-06
amount_full,11,True,False,6.531709069230145e-07
amount_full,12,True,False,3.5228960113607316e-07
amount_full,13,True,False,7.874355932642007e-07
amount_full,14,True,False,4.669767041991286e-07
amount_full,15,True,False,9.569840243618018e-07
amount_full,16,True,False,5.405746970859146e-07
amount_full,17,True,False,9.790265479054587e-07
amount_full,18,True,False,1.3384048116022828e-07
amount_full,19,True,False,3.9692447796813756e-07
amount_full,20,True,False,1.6217792739502227e-06
amount_full,21,True,False,7.298033652940072e-06
amount_full,22,True,False,1.3632046107515047e-06
amount_full,23,True,False,5.03641337286395e-07
amount_full,24,True,False,3.9020484535137795e-07
amount_full,25,True,False,7.623464538351006e-07
amount_full,26,True,False,2.7933256000616346e-07
amount_full,27,True,False,1.1299721792171343e-06
amount_full,28,True,False,7.518751956971499e-07
amount_full,29,True,False,1.1810033343552345e-07
amount_full,30,True,False,4.651687165041293e-07
amount_full,31,True,False,2.838925512261455e-06
amount_full,32,True,False,1.6135814802589805e-07
amount_full,33,True,False,3.4367421053614796e-06
amount_full,34,True,False,8.896314981803743e-07
amount_full,35,True,False,1.087198277998745e-06
amount_full,36,True,False,2.9129387156199235e-07
amount_full,37,True,False,7.30661317825281e-07
amount_full,38,True,False,1.177211537088146e-07
amount_full,39,True,False,7.110748998902188e-07
amount_full,40,True,False,2.258435665462905e-06
amount_full,41,True,False,1.21848502563846e-06
amount_full,42,True,False,1.277190692737771e-06
amount_full,43,True,False,1.438074970015999e-06
amount_full,44,True,False,1.5532731306357499e-06
amount_full,45,True,False,5.63768544045608e-06
amount_full,46,True,False,1.388309057996609e-06
amount_full,47,True,False,1.487957684936236e-06
amount_full,48,True,False,1.4523760213631971e-07
amount_full,49,True,False,2.850962149362923e-07
amount_full,50,True,False,1.3554772049958402e-06
amount_full,51,True,False,1.9468068563986785e-06
amount_full,52,True,False,1.0898488215193395e-06
amount_full,53,True,False,1.2466052927758392e-06
amount_full,54,True,False,1.7570354368370419e-06
amount_full,55,True,False,4.820705992951312e-07
amount_full,56,True,False,1.547613454532143e-06
amount_full,57,True,False,3.460932620446138e-07
amount_full,58,True,False,4.5957568135248455e-07
amount_full,59,True,False,1.0504856662542594e-06
amount_full,60,True,False,4.076761583710915e-06
amount_full,61,True,False,5.379025254282448e-08
amount_full,62,True,False,2.132753115058582e-06
amount_full,63,True,False,9.289867695050763e-07
amount_full,64,True,False,9.10239616349666e-07
amount_full,65,True,False,8.253275738383704e-07
amount_full,66,True,False,7.259221858407893e-07
amount_full,67,True,False,4.608913340669138e-07
amount_full,68,True,False,2.2477017627489558e-06
amount_full,69,True,False,1.781192550084362e-06
amount_full,70,True,False,5.468081074467048e-07
amount_full,71,True,False,6.230860408560309e-07
amount_full,72,True,False,1.433811953891951e-06
amount_full,73,True,False,2.2761839043654604e-06
amount_full,74,True,False,8.00077947330656e-07
amount_full,75,True,False,4.03124635342513e-07
amount_full,76,True,False,1.3728871506678215e-06
amount_full,77,True,False,3.0262172500318044e-06
amount_full,78,True,False,1.2842564469144918e-06
amount_full,79,True,False,7.750775343778436e-07
amount_full,80,True,False,2.4273516069144473e-06
amount_full,81,True,False,1.1087477038039296e-06
amount_full,82,True,False,8.498144450409391e-07
amount_full,83,True,False,7.754443300020498e-07
amount_full,84,True,False,4.615240310993922e-07
amount_full,85,True,False,6.40368708861909e-07
amount_full,86,True,False,9.332069021422573e-07
amount_full,87,True,False,2.5952588009212905e-07
amount_full,88,True,False,5.334404547127332e-07
amount_full,89,True,False,9.812793697994554e-07
amount_full,90,True,False,2.2020141153940655e-06
amount_full,91,True,False,6.032465783413558e-07
amount_full,92,True,False,3.11636077777287e-06
amount_full,93,True,False,7.58652136322694e-07
amount_full,94,True,False,2.0493567446969558e-07
amount_full,95,True,False,7.454119622398774e-07
amount_full,96,True,False,1.2275434417792445e-07
amount_full,97,True,False,3.1221864012316046e-07
amount_full,98,True,False,2.5335002969235375e-07
amount_full,99,True,False,1.2388641143965814e-06
amount_full,100,True,False,1.0289502012601707e-06
amount_full,101,True,False,9.750748487189277e-07
amount_full,102,True,False,6.090819846276795e-07
amount_full,103,True,False,3.0724863171833504e-07
amount_full,104,True,False,1.1218147554833907e-06
amount_full,105,True,False,2.924217562465866e-07
amount_full,106,True,False,1.873044826021732e-06
amount_full,107,True,False,2.3095608162677298e-07
amount_full,108,True,False,1.2839778802025397e-07
amount_full,109,True,False,7.106863471310706e-07
amount_full,110,True,False,2.303295003243095e-06
amount_full,111,True,False,1.782124843129397e-07
amount_full,112,True,False,3.2227381192971997e-06
amount_full,113,True,False,4.6747261948266263e-07
amount_full,114,True,False,5.303960892289392e-07
amount_full,115,True,False,2.0629231636827226e-06
amount_full,116,True,False,8.446179493886654e-07
amount_full,117,True,False,4.960395477236037e-07
amount_full,118,True,False,2.722766054406866e-06
amount_full,119,True,False,6.271785876382734e-07
amount_full,120,True,False,3.2916769673456787e-07
amount_full,121,True,False,1.6659484930548243e-06
amount_full,122,True,False,2.180339729102478e-06
amount_full,123,True,False,6.087697169126684e-07
amount_full,124,True,False,4.0490675605401797e-07
amount_full,125,True,False,1.4692844142582528e-06
amount_full,126,True,False,1.4505346273180059e-06
amount_full,127,True,False,5.803444732193578e-07
amount_full,128,True,False,1.0301608390309004e-06
amount_full,129,True,False,6.211358123446637e-07
amount_full,130,True,False,8.430602156916933e-06
amount_full,131,True,False,3.1234751039586175e-06
amount_full,132,True,False,2.217201473087016e-07
amount_full,133,True,False,1.4664087733552378e-07
amount_full,134,True,False,2.4249201016295774e-07
amount_full,135,True,False,2.92402745280225e-07
amount_full,136,True,False,5.62093274758616e-07
amount_full,137,True,False,1.5086369730238238e-07
amount_full,138,True,False,2.9057620214703413e-06
amount_full,139,True,False,9.424729690218193e-07
amount_full,140,True,False,3.928459541500312e-07
amount_full,141,True,False,1.2704201625283015e-06
amount_full,142,True,False,1.7157492892482714e-06
amount_full,143,True,False,2.6740545214733818e-06
amount_full,144,True,False,4.0822085823664446e-07
amount_full,145,True,False,2.7747777745185476e-07
amount_full,146,True,False,1.4487459055361212e-06
amount_full,147,True,False,2.9746460225111063e-07
amount_full,148,True,False,3.714453549698364e-07
amount_full,149,True,False,2.679684840994941e-06
amount_full,150,True,False,3.319489610019605e-07
amount_full,151,True,False,9.683860613146836e-07
amount_full,152,True,False,6.73092933077313e-07
amount_full,153,True,False,6.304771203786518e-07
amount_full,154,True,False,6.130779166133047e-07
amount_full,155,True,False,3.953767315634562e-07
amount_full,156,True,False,5.721000015835565e-07
amount_full,157,True,False,2.3103519878663625e-07
amount_full,158,True,False,2.0892019271497061e-07
amount_full,159,True,False,9.639436597225984e-07
amount_full,160,True,False,2.8874002272350495e-07
amount_full,161,True,False,1.119894343815908e-06
amount_full,162,True,False,7.614160612364516e-07
amount_full,163,True,False,9.934960355657293e-07
amount_full,164,True,False,1.2813329139542468e-06
amount_full,165,True,False,1.2197251437131945e-06
amount_full,166,True,False,1.5886301026551853e-06
amount_full,167,True,False,7.93761945494601e-07
amount_full,168,True,False,8.298018157081529e-07
amount_full,169,True,False,5.578155166465645e-07
amount_full,170,True,False,2.0600018647006057e-06
amount_full,171,True,False,7.839926340125203e-07
amount_full,172,True,False,7.458680547765271e-07
amount_full,173,True,False,1.1220513977596437e-06
amount_full,174,True,False,7.036025713707729e-07
amount_full,175,True,False,5.104896009353388e-07
amount_full,176,True,False,1.7681071563056097e-06
amount_full,177,True,False,8.030298881110361e-07
amount_full,178,True,False,9.004599421230217e-07
amount_full,179,True,False,5.9526442582108365e-06
amount_full,180,True,False,1.3492561733656939e-06
amount_full,181,True,False,2.8394572036822733e-07
amount_full,182,True,False,2.516012467730026e-06
amount_full,183,True,False,5.753151681833424e-07
amount_full,184,True,False,3.1963434615974816e-06
amount_full,185,True,False,1.4203841421574084e-07
amount_full,186,True,False,4.274371841854525e-07
amount_full,187,True,False,9.343136405473148e-07
amount_full,188,True,False,1.619247738503097e-06
amount_full,189,True,False,1.515391499707781e-06
amount_full,190,True,False,1.5416705966915958e-07
amount_full,191,True,False,1.7575555610759354e-06
amount_full,192,True,False,4.1616152891725026e-07
amount_full,193,True,False,3.080262029208948e-07
amount_full,194,True,False,7.84005598015141e-07
amount_full,195,True,False,4.061329709779402e-07
amount_full,196,True,False,1.9058893084722985e-07
amount_full,197,True,False,2.913243571133344e-06
amount_full,198,True,False,8.955608571559598e-07
amount_full,199,True,False,4.134322586612249e-07
amount_full,200,True,False,2.2416826553395437e-06
amount_full,201,True,False,7.677928219604518e-07
amount_full,202,True,False,2.7950784453012304e-07
amount_full,203,True,False,1.010245766525289e-06
amount_full,204,True,False,1.100629202234623e-06
amount_full,205,True,False,1.546917365344879e-06
amount_full,206,True,False,9.415416442572282e-07
amount_full,207,True,False,7.266651853700066e-07
amount_full,208,True,False,9.755299001457998e-07
amount_full,209,True,False,3.174075744804538e-07
amount_full,210,True,False,1.417420485685189e-06
amount_full,211,True,False,3.8247965371819154e-07
amount_full,212,True,False,8.01799774201843e-08
amount_full,213,True,False,3.03800530088647e-08
amount_full,214,True,False,2.1143644545249724e-06
amount_full,215,True,False,1.4662857249185909e-06
amount_full,216,True,False,7.994362659922587e-07
amount_full,217,True,False,2.5528201252637555e-06
amount_full,218,True,False,8.783188976701725e-07
amount_full,219,True,False,2.9719494179105006e-07
amount_full,220,True,False,1.1182645314413109e-06
amount_full,221,True,False,1.3677191264707497e-07
amount_full,222,True,False,6.144743787559826e-07
amount_full,223,True,False,2.805795074522892e-06
amount_full,224,True,False,2.3038218645435053e-07
amount_full,225,True,False,6.104423535274455e-07
amount_full,226,True,False,3.9866265136196775e-06
amount_full,227,True,False,2.490098805092417e-06
amount_full,228,True,False,3.4418637800675583e-07
amount_full,229,True,False,2.02675775888628e-06
amount_full,230,True,False,1.6675589582816932e-06
amount_full,231,True,False,4.042031831369784e-07
amount_full,232,True,False,1.2746026312328449e-06
amount_full,233,True,False,1.323815757523932e-06
amount_full,234,True,False,8.845109120231733e-07
amount_full,235,True,False,7.878999959313741e-07
amount_full,236,True,False,3.2416870903797814e-06
amount_full,237,True,False,4.394939225914826e-07
amount_full,238,True,False,2.1732059694756617e-06
amount_full,239,True,False,6.523593972949866e-07
amount_full,240,True,False,1.7744499147149396e-06
amount_full,241,True,False,8.037652754759888e-06
amount_full,242,True,False,4.429953875067371e-07
amount_full,243,True,False,2.025822292888671e-06
amount_full,244,True,False,2.9106269719488178e-06
amount_full,245,True,False,4.760226496711333e-07
amount_full,246,True,False,3.356479236693496e-07
amount_full,247,True,False,2.2780926260723455e-06
amount_full,248,True,False,2.1230811067256564e-06
amount_full,249,True,False,8.093525812174999e-07
amount_full,250,True,False,1.163862422644947e-06
amount_full,251,True,False,3.909100050464906e-07
amount_full,252,True,False,1.1945356449214252e-06
amount_full,253,True,False,4.409747779364005e-07
amount_full,254,True,False,4.5510900337803524e-07
amount_full,255,True,False,2.893721146107226e-06
amount_full,256,True,False,4.3873528275504883e-07
amount_full,257,True,False,3.9845101351817277e-07
amount_full,258,True,False,5.082547780496275e-07
amount_full,259,True,False,2.8835744110281467e-06
amount_full,260,True,False,1.2981121367939529e-06
amount_full,261,True,False,1.1140780444678382e-07
amount_full,262,True,False,1.7998682540704015e-06
amount_full,263,True,False,1.3290874597227919e-06
amount_full,264,True,False,7.931437952401789e-07
amount_full,265,True,False,9.905147100778674e-07
amount_full,266,True,False,1.5641971015314928e-06
amount_full,267,True,False,6.728110678288964e-07
amount_full,268,True,False,1.6054378536029101e-06
amount_full,269,True,False,8.615149158696481e-07
amount_full,270,True,False,1.0497855792326526e-06
amount_full,271,True,False,5.459870514423354e-07
amount_full,272,True,False,3.1225947249201716e-06
amount_full,273,True,False,3.635100302364354e-07
amount_full,274,True,False,3.207781285459242e-06
amount_full,275,True,False,1.848001902659777e-06
amount_full,276,True,False,3.1039218444494387e-06
amount_full,277,True,False,1.829668542241668e-06
amount_full,278,True,False,1.0550301931890768e-06
amount_full,279,True,False,1.664360893163209e-06
amount_full,280,True,False,5.36231429799136e-07
amount_full,281,True,False,4.3568556999891376e-07
amount_full,282,True,False,8.298117945035585e-07
amount_full,283,True,False,9.140586423275247e-07
amount_full,284,True,False,1.0090593503992006e-07
amount_full,285,True,False,3.801497965453414e-06
amount_full,286,True,False,6.435488974214415e-07
amount_full,287,True,False,6.011713818388023e-07
amount_full,288,True,False,2.698447230055022e-06
amount_full,289,True,False,6.827163401840319e-07
amount_full,290,True,False,2.9035420782830765e-06
amount_full,291,True,False,7.475025859827757e-07
amount_full,292,True,False,7.734305333190316e-07
amount_full,293,True,False,1.3704271157721608e-06
amount_full,294,True,False,4.888024681164789e-07
amount_full,295,True,False,9.868350619769695e-07
amount_full,296,True,False,1.5412899450107794e-06
amount_full,297,True,False,1.6734983611704252e-06
amount_full,298,True,False,6.42112180357356e-06
amount_full,299,True,False,3.897229669239334e-06
amount_full,300,True,False,2.661515774810848e-07
amount_full,301,True,False,1.7493804552696784e-07
amount_full,302,True,False,1.52868197458835e-06
amount_full,303,True,False,8.782321103343794e-07
amount_full,304,True,False,1.0901626334608976e-06
amount_full,305,True,False,8.816780588782475e-07
amount_full,306,True,False,2.61181891704153e-07
amount_full,307,True,False,8.069871125874441e-07
amount_full,308,True,False,9.204315927246128e-07
amount_full,309,True,False,7.50107670511082e-07
amount_full,310,True,False,2.149795576659815e-06
amount_full,311,True,False,2.49598179223446e-07
amount_full,312,True,False,4.692371874546948e-07
amount_full,313,True,False,4.1044358853556983e-07
amount_full,314,True,False,2.3961929426097885e-07
amount_full,315,True,False,1.798250016118652e-06
amount_full,316,True,False,1.8237981130017886e-06
amount_full,317,True,False,1.3031385794208751e-06
amount_full,318,True,False,4.6612576799432034e-06
amount_full,319,True,False,3.6144109062319515e-06
amount_full,320,True,False,5.770494716365029e-07
amount_full,321,True,False,4.98387773793968e-07
amount_full,322,True,False,2.8098652839329555e-06
amount_full,323,True,False,1.1485885715883491e-06
amount_full,324,True,False,5.947782822973986e-07
amount_full,325,True,False,4.922459782825424e-07
amount_full,326,True,False,1.5998904246367601e-06
amount_full,327,True,False,2.8520880762267504e-06
amount_full,328,True,False,3.6726640556595905e-07
amount_full,329,True,False,1.0222161922082513e-06
amount_full,330,True,False,1.8901619546556191e-06
amount_full,331,True,False,1.5488495739965136e-06
amount_full,332,True,False,4.041548214019238e-07
amount_full,333,True,False,8.83514311565864e-07
amount_full,334,True,False,2.955840856185111e-07
amount_full,335,True,False,2.6830513950410203e-06
amount_full,336,True,False,7.480248909823507e-07
amount_full,337,True,False,2.688612613517174e-07
amount_full,338,True,False,1.0681120838015402e-06
amount_full,339,True,False,9.556361693319436e-07
amount_full,340,True,False,1.9156923011166988e-06
amount_full,341,True,False,7.691477715092806e-07
amount_full,342,True,False,2.265624467713222e-07
amount_full,343,True,False,1.0773134754112585e-07
amount_full,344,True,False,3.442077065481544e-06
amount_full,345,True,False,7.353971151860356e-07
amount_full,346,True,False,4.2332646764683736e-07
amount_full,347,True,False,4.050200201144033e-06
amount_full,348,True,False,1.189573488540254e-06
amount_full,349,True,False,2.6508711228156364e-06
amount_full,350,True,False,1.3884185499806206e-06
amount_full,351,True,False,1.9879267103924966e-06
amount_full,352,True,False,4.5497920941040965e-07
amount_full,353,True,False,7.632090381631534e-07
amount_full,354,True,False,2.3992332280638376e-07
amount_full,355,True,False,4.229665499259064e-07
amount_full,356,True,False,4.114651846882547e-07
amount_full,357,True,False,2.5088849102401486e-06
amount_full,358,True,False,3.249690254643769e-07
amount_full,359,True,False,2.0014202185232943e-06
amount_full,360,True,False,7.985966962432563e-07
amount_full,361,True,False,5.687087741990034e-07
amount_full,362,True,False,1.0193823028988217e-06
amount_full,363,True,False,1.9599802335945765e-06
amount_full,364,True,False,3.875765851217136e-06
amount_full,365,True,False,1.657661948248447e-07
amount_full,366,True,False,1.2485798470587738e-07
amount_full,367,True,False,1.1963364254744852e-06
amount_full,368,True,False,5.439412730090602e-07
amount_full,369,True,False,8.024901136273698e-08
amount_full,370,True,False,9.77402649008517e-07
amount_full,371,True,False,5.001115716537829e-06
amount_full,372,True,False,5.842301690007144e-07
amount_full,373,True,False,5.653167318802801e-07
amount_full,374,True,False,1.5941759851347955e-06
amount_full,375,True,False,1.39692322764476e-06
amount_full,376,True,False,3.263789788531314e-07
amount_full,377,True,False,6.836082846202655e-07
amount_full,378,True,False,9.611849700384467e-07
amount_full,379,True,False,7.392036215299031e-07
amount_full,380,True,False,4.747926537491173e-06
amount_full,381,True,False,1.36939445422724e-06
amount_full,382,True,False,1.659771137356649e-06
amount_full,383,True,False,2.808777025582692e-07
amount_full,384,True,False,4.6068212567583245e-07
amount_full,385,True,False,1.3538974459413691e-06
amount_full,386,True,False,5.192804510490435e-07
amount_full,387,True,False,1.3081169145048682e-06
amount_full,388,True,False,6.041141784087329e-07
amount_full,389,True,False,1.0133857814030842e-06
amount_full,390,True,False,8.933918091490605e-07
amount_full,391,True,False,4.56593497025913e-07
amount_full,392,True,False,4.231490662836839e-06
amount_full,393,True,False,1.2596188923531885e-06
amount_full,394,True,False,6.668557310180185e-08
amount_full,395,True,False,8.021254866755424e-07
amount_full,396,True,False,1.2355866504723188e-06
amount_full,397,True,False,1.0127313384617204e-06
amount_full,398,True,False,1.192169296835899e-06
amount_full,399,True,False,6.136127634980095e-07
amount_full,400,True,False,1.159774186147194e-06
amount_full,401,True,False,7.895874103037577e-07
amount_full,402,True,False,4.388005572184501e-06
amount_full,403,True,False,8.99761908641235e-07
amount_full,404,True,False,9.176605551717482e-07
amount_full,405,True,False,1.6592340413130963e-06
amount_full,406,True,False,3.247336276952976e-07
amount_full,407,True,False,2.1740497261781245e-07
amount_full,408,True,False,2.1685706954858804e-07
amount_full,409,True,False,8.706988970558986e-07
amount_full,410,True,False,3.4711561371946414e-07
amount_full,411,True,False,1.385649847779457e-06
amount_full,412,True,False,4.769693856914511e-07
amount_full,413,True,False,4.785239613726116e-07
amount_full,414,True,False,9.951084945469894e-07
amount_full,415,True,False,3.958057299903764e-06
amount_full,416,True,False,1.9321443724702927e-06
amount_full,417,True,False,5.31016078146241e-07
amount_full,418,True,False,1.4677973731681503e-06
amount_full,419,True,False,5.182906833444272e-07
amount_full,420,True,False,1.5199762478678134e-06
amount_full,421,True,False,1.1843874142743617e-06
amount_full,422,True,False,3.888194968469173e-06
amount_full,423,True,False,7.115881913375211e-07
amount_full,424,True,False,3.869301143508162e-07
amount_full,425,True,False,5.717770795304686e-07
amount_full,426,True,False,7.988772287624497e-07
amount_full,427,True,False,2.2187162221982352e-07
amount_full,428,True,False,2.992888155972651e-07
amount_full,429,True,False,1.2768196992452342e-06
amount_full,430,True,False,4.451767233583441e-07
amount_full,431,True,False,3.606728622247975e-07
amount_full,432,True,False,1.5810507990295938e-06
amount_full,433,True,False,1.4456650206309393e-06
amount_full,434,True,False,4.706774438139633e-07
amount_full,435,True,False,5.81068153000827e-07
amount_full,436,True,False,1.2526866413249875e-06
amount_full,437,True,False,2.8048722422195365e-06
amount_full,438,True,False,4.976045541708287e-07
amount_full,439,True,False,4.035653207414722e-07
amount_full,440,True,False,3.539673900966833e-06
amount_full,441,True,False,7.082504172343475e-07
amount_full,442,True,False,1.7324590475668998e-06
amount_full,443,True,False,1.6724495449851864e-06
amount_full,444,True,False,1.0613177700962168e-06
amount_full,445,True,False,7.355639567416918e-07
amount_full,446,True,False,4.1787024292322356e-07
amount_full,447,True,False,3.50859548460931e-07
amount_full,448,True,False,9.481472522211699e-08
amount_full,449,True,False,4.7331230168810217e-07
amount_full,450,True,False,9.049707987235165e-07
amount_full,451,True,False,4.454034172933385e-07
amount_full,452,True,False,8.506828292453861e-07
amount_full,453,True,False,1.5837015616683427e-06
amount_full,454,True,False,8.747205012611052e-07
amount_full,455,True,False,8.648684071184926e-07
amount_full,456,True,False,7.786134344864811e-07
amount_full,457,True,False,5.495581926761571e-07
amount_full,458,True,False,1.1031908274485988e-07
amount_full,459,True,False,6.948311162808547e-07
amount_full,460,True,False,5.174240219312329e-07
amount_full,461,True,False,7.87257866324142e-07
amount_full,462,True,False,3.910430728981187e-07
amount_full,463,True,False,5.94606050337642e-07
amount_full,464,True,False,1.6508293391162778e-07
amount_full,465,True,False,1.6824222177736505e-06
amount_full,466,True,False,1.1622531961734862e-06
amount_full,467,True,False,1.660471838061569e-07
amount_full,468,True,False,8.470228006932962e-07
amount_full,469,True,False,2.6262690042607737e-07
amount_full,470,True,False,8.227830993483824e-07
amount_full,471,True,False,7.433525392401846e-07
amount_full,472,True,False,3.620388772410657e-07
amount_full,473,True,False,4.0154839437378356e-07
amount_full,474,True,False,2.545333604943939e-06
amount_full,475,True,False,2.411473043047934e-06
amount_full,476,True,False,3.607783049878342e-07
amount_full,477,True,False,3.884508353597887e-07
amount_full,478,True,False,6.683546584365388e-07
amount_full,479,True,False,1.2248066193330403e-06
amount_full,480,True,False,7.544232795173286e-07
amount_full,481,True,False,1.515696882410848e-06
amount_full,482,True,False,4.660296468857781e-07
amount_full,483,True,False,1.6324824807071226e-06
amount_full,484,True,False,3.1599390151004124e-07
amount_full,485,True,False,1.069035097164929e-06
amount_full,486,True,False,9.483791218836508e-07
amount_full,487,True,False,8.235392477198742e-07
amount_full,488,True,False,7.483023051991721e-07
amount_full,489,True,False,1.5452537075766407e-06
amount_full,490,True,False,4.1071271756088014e-07
amount_full,491,True,False,2.5744089880280722e-06
amount_full,492,True,False,6.043290415686005e-07
amount_full,493,True,False,8.963428196150588e-07
amount_full,494,True,False,2.3245055613555735e-06
amount_full,495,True,False,5.181364865191271e-07
amount_full,496,True,False,1.030362494661294e-06
amount_full,497,True,False,3.893808734287312e-07
amount_full,498,True,False,1.6752434231923175e-06
amount_full,499,True,False,1.6730817297759963e-06
amount_full,500,True,False,1.2345581169628623e-06
amount_full,501,True,False,3.6552091154445624e-07
amount_full,502,True,False,9.757317512221237e-07
amount_full,503,True,False,2.4187128002847908e-06
amount_full,504,True,False,3.614138470489859e-07
amount_full,505,True,False,5.531215198666492e-07
amount_full,506,True,False,9.267968072717841e-07
amount_full,507,True,False,9.898202654800152e-07
amount_full,508,True,False,4.449811238515985e-07
amount_full,509,True,False,1.3608341676020313e-06
amount_full,510,True,False,3.3392060595340074e-07
amount_full,511,True,False,1.2110475910053347e-06
amount_full,512,True,False,3.780801911286628e-07
amount_full,513,True,False,2.5760174148083196e-06
amount_full,514,True,False,1.6314626087991911e-06
amount_full,515,True,False,8.548754657237705e-07
amount_full,516,True,False,7.714078146711433e-07
amount_full,517,True,False,2.5885686761667024e-06
amount_full,518,True,False,1.2409918938116928e-06
amount_full,519,True,False,6.478227456424284e-07
amount_full,520,True,False,2.2378954721658286e-06
amount_full,521,True,False,1.6273109780286385e-06
amount_full,522,True,False,3.513512635133208e-06
amount_full,523,True,False,8.090935246022489e-07
amount_full,524,True,False,1.4475697780701434e-06
amount_full,525,True,False,3.57185423319418e-07
amount_full,526,True,False,1.5452455589817842e-06
amount_full,527,True,False,8.133027925158728e-07
amount_full,528,True,False,2.4635680473459757e-07
amount_full,529,True,False,6.165067368483447e-07
amount_full,530,True,False,1.2185450106636794e-06
amount_full,531,True,False,1.0796783393337893e-06
amount_full,532,True,False,1.5332668266360838e-06
amount_full,533,True,False,1.276146145027805e-06
amount_full,534,True,False,1.8435600783188343e-07
amount_full,535,True,False,3.93973646487595e-07
amount_full,536,True,False,4.352979778766883e-07
amount_full,537,True,False,2.4657133888439377e-06
amount_full,538,True,False,8.454608448394257e-07
amount_full,539,True,False,2.109864275273507e-06
amount_full,540,True,False,1.6661308672620445e-06
amount_full,541,True,False,2.402917223307333e-06
amount_full,542,True,False,6.043965120811514e-07
amount_full,543,True,False,9.62838803818833e-07
amount_full,544,True,False,3.5336599497352577e-06
amount_full,545,True,False,6.685428810646145e-07
amount_full,546,True,False,6.221397721861213e-07
amount_full,547,True,False,1.603104893901088e-06
amount_full,548,True,False,9.666610216583896e-07
amount_full,549,True,False,2.0039751561946176e-06
amount_full,550,True,False,1.946757803608949e-06
amount_full,551,True,False,1.3307508011186356e-06
amount_full,552,True,False,2.476822557682631e-06
amount_full,553,True,False,6.251717102119879e-07
amount_full,554,True,False,7.640587330748268e-07
amount_full,555,True,False,3.8548432074756723e-07
amount_full,556,True,False,1.0987182233389789e-06
amount_full,557,True,False,3.151154383528366e-08
amount_full,558,True,False,2.660437297072266e-07
amount_full,559,True,False,3.7560556325047816e-06
amount_full,560,True,False,2.641526925855567e-06
amount_full,561,True,False,4.921525372553638e-07
amount_full,562,True,False,2.4225802895638235e-06
amount_full,563,True,False,1.274960432482949e-06
amount_full,564,True,False,7.950553001604645e-07
amount_full,565,True,False,8.438461209001148e-07
amount_full,566,True,False,6.329939549792357e-07
amount_full,567,True,False,6.700368588255815e-07
amount_full,568,True,False,3.190109761131687e-07
amount_full,569,True,False,3.1285508954608906e-07
amount_full,570,True,False,3.9463114518671434e-07
amount_full,571,True,False,1.1382560852175496e-06
amount_full,572,True,False,3.4001031742328605e-07
amount_full,573,True,False,1.670223097605117e-07
amount_full,574,True,False,1.28004754129857e-06
amount_full,575,True,False,9.496977495335442e-07
amount_full,576,True,False,5.430733086679462e-07
amount_full,577,True,False,1.0418594593158848e-06
amount_full,578,True,False,3.125346695719994e-07
amount_full,579,True,False,1.6674145226422512e-06
amount_full,580,True,False,9.031840173158516e-07
amount_full,581,True,False,1.9357738186640014e-07
amount_full,582,True,False,2.351059705329276e-07
amount_full,583,True,False,1.492939084912608e-06
amount_full,584,True,False,3.463423664611889e-07
amount_full,585,True,False,1.0245122221625731e-06
amount_full,586,True,False,4.7134793449397195e-07
amount_full,587,True,False,6.961533252664628e-07
amount_full,588,True,False,2.898812433824354e-07
amount_full,589,True,False,1.1556496047622438e-06
amount_full,590,True,False,1.200596512706368e-06
amount_full,591,True,False,1.5869404651449885e-06
amount_full,592,True,False,9.639934787989567e-07
amount_full,593,True,False,4.4114182403630525e-07
amount_full,594,True,False,1.973892210439394e-06
amount_full,595,True,False,1.955962028256284e-07
amount_full,596,True,False,7.373755917776767e-07
amount_full,597,True,False,1.0509022311202348e-06
amount_full,598,True,False,8.157841377473491e-07
amount_full,599,True,False,4.473881411385294e-06
amount_full,600,True,False,5.969841964643172e-06
amount_full,601,True,False,5.667719817298584e-07
amount_full,602,True,False,1.3513751424424582e-06
amount_full,603,True,False,1.8014176930112185e-06
amount_full,604,True,False,4.492608477715395e-07
amount_full,605,True,False,2.1488035847010036e-06
amount_full,606,True,False,1.4351368905110876e-06
amount_full,607,True,False,3.229757988081436e-07
amount_full,608,True,False,6.6912299870613e-07
amount_full,609,True,False,1.4306003293269571e-07
amount_full,610,True,False,5.245463022733731e-07
amount_full,611,True,False,2.8774811245636224e-07
amount_full,612,True,False,2.325192115786074e-07
amount_full,613,True,False,1.3542611194278284e-07
amount_full,614,True,False,5.232519638364562e-07
amount_full,615,True,False,7.761209576279977e-07
amount_full,616,True,False,1.521700965204807e-06
amount_full,617,True,False,5.080793851393753e-07
amount_full,618,True,False,8.47332927542396e-07
amount_full,619,True,False,2.8866086961860726e-06
amount_full,620,True,False,4.889060064564244e-07
amount_full,621,True,False,6.721116950777816e-07
amount_full,622,True,False,1.3406755523863334e-06
amount_full,623,True,False,1.7521755579429178e-07
amount_full,624,True,False,1.3911317656233705e-06
amount_full,625,True,False,4.005965034210239e-06
amount_full,626,True,False,2.2413115195621207e-06
amount_full,627,True,False,7.166997240185052e-07
amount_full,628,True,False,2.561335475614311e-07
amount_full,629,True,False,9.841013294205043e-07
amount_full,630,True,False,6.452564596635724e-07
amount_full,631,True,False,5.063203773885641e-07
amount_full,632,True,False,1.1819926624491349e-07
amount_full,633,True,False,6.770811507918671e-07
amount_full,634,True,False,7.693959983187043e-07
amount_full,635,True,False,5.639847545100306e-07
amount_full,636,True,False,1.3595412570564964e-06
amount_full,637,True,False,3.184506051084201e-06
amount_full,638,True,False,6.947332877611982e-07
amount_full,639,True,False,2.6166975321462903e-07
amount_full,640,True,False,8.123732207652362e-07
amount_full,641,True,False,7.653578585003918e-07
amount_full,642,True,False,2.678478803690205e-06
amount_full,643,True,False,4.911156541296939e-07
amount_full,644,True,False,6.932872521416476e-07
amount_full,645,True,False,4.429727970646492e-07
amount_full,646,True,False,3.7899893157471945e-06
amount_full,647,True,False,1.3230659026369085e-06
amount_full,648,True,False,1.8530148113736986e-08
amount_full,649,True,False,1.017013249017935e-06
amount_full,650,True,False,9.617383080827688e-07
amount_full,651,True,False,1.2887840446577651e-06
amount_full,652,True,False,4.840295437826955e-07
amount_full,653,True,False,5.422536552671575e-07
amount_full,654,True,False,3.0326913327985245e-07
amount_full,655,True,False,2.402502992266948e-07
amount_full,656,True,False,1.2107495180398357e-06
amount_full,657,True,False,5.988215722385047e-06
amount_full,658,True,False,7.802893915271065e-07
amount_full,659,True,False,2.468742165647669e-07
amount_full,660,True,False,4.23910292647509e-07
amount_full,661,True,False,1.0238186709049484e-06
amount_full,662,True,False,2.6484207391759256e-06
amount_full,663,True,False,3.471081186544576e-06
amount_full,664,True,False,3.662732261101368e-06
amount_full,665,True,False,5.097832900598586e-07
amount_full,666,True,False,3.372869765089498e-07
amount_full,667,True,False,9.616949328692101e-08
amount_full,668,True,False,3.909796910609839e-06
amount_full,669,True,False,1.7079874449085864e-06
amount_full,670,True,False,2.2752822799475116e-06
amount_full,671,True,False,6.914446287135995e-07
amount_full,672,True,False,1.19964715753606e-06
amount_full,673,True,False,4.807164995917195e-07
amount_full,674,True,False,8.723692709110285e-07
amount_full,675,True,False,5.65074807717177e-07
amount_full,676,True,False,2.8496748350493815e-06
amount_full,677,True,False,1.8338524681351632e-07
amount_full,678,True,False,7.811205859506961e-07
amount_full,679,True,False,1.581866977431667e-06
amount_full,680,True,False,7.620197554185249e-07
amount_full,681,True,False,3.425770289861221e-07
amount_full,682,True,False,4.909256682470312e-07
amount_full,683,True,False,1.4494560676362124e-06
amount_full,684,True,False,9.151960149463204e-07
amount_full,685,True,False,3.923022411359547e-06
amount_full,686,True,False,2.37279491069878e-06
amount_full,687,True,False,3.0187474115756643e-07
amount_full,688,True,False,4.022438365626156e-07
amount_full,689,True,False,6.521213577442234e-07
amount_full,690,True,False,1.8077560773868908e-07
amount_full,691,True,False,4.1385289849562465e-07
amount_full,692,True,False,1.4025405813899346e-06
amount_full,693,True,False,1.0710121813923252e-06
amount_full,694,True,False,3.1995794576330916e-07
amount_full,695,True,False,3.0721511455005656e-07
amount_full,696,True,False,1.0855152508776698e-06
amount_full,697,True,False,1.1732260533734797e-06
amount_full,698,True,False,1.1196446898677853e-06
amount_full,699,True,False,2.1535390803404176e-06
amount_full,700,True,False,1.988304116730308e-06
amount_full,701,True,False,3.524578865301278e-07
amount_full,702,True,False,6.573065830412072e-08
amount_full,703,True,False,3.2368173214620644e-07
amount_full,704,True,False,4.537362070974902e-07
amount_full,705,True,False,1.4518466753946788e-06
amount_full,706,True,False,4.059485769431707e-06
amount_full,707,True,False,3.539966566600977e-07
amount_full,708,True,False,1.0335498085226352e-06
amount_full,709,True,False,1.1970881354667103e-06
amount_full,710,True,False,2.6327648720201193e-07
amount_full,711,True,False,5.55952198346261e-07
amount_full,712,True,False,1.797181847659534e-06
amount_full,713,True,False,1.7811346539847688e-06
amount_full,714,True,False,8.243042728887978e-07
amount_full,715,True,False,6.206861198687063e-07
amount_full,716,True,False,7.448018510983829e-07
amount_full,717,True,False,4.4101200106479194e-07
amount_full,718,True,False,2.765080255652763e-06
amount_full,719,True,False,2.3335886428399294e-06
amount_full,720,True,False,1.1479804257315617e-06
amount_full,721,True,False,4.286462737769169e-07
amount_full,722,True,False,7.838222408725333e-07
amount_full,723,True,False,2.9504269680923725e-06
amount_full,724,True,False,1.3920844615114862e-07
amount_full,725,True,False,5.560419105450014e-07
amount_full,726,True,False,1.7791813536007184e-06
amount_full,727,True,False,7.320457406427044e-07
amount_full,728,True,False,2.866999345083561e-07
amount_full,729,True,False,7.098135120642361e-07
amount_full,730,True,False,5.218774844020516e-07
amount_full,731,True,False,2.29502406650954e-06
amount_full,732,True,False,1.522084323875811e-06
amount_full,733,True,False,8.099559020482638e-07
amount_full,734,True,False,1.2002014168949882e-07
amount_full,735,True,False,7.907856082151257e-07
amount_full,736,True,False,1.0016427536648783e-06
amount_full,737,True,False,9.82213310214484e-07
amount_full,738,True,False,2.359188485573493e-06
amount_full,739,True,False,1.3372737574860615e-06
amount_full,740,True,False,1.334356268954683e-06
amount_full,741,True,False,4.807175880200126e-07
amount_full,742,True,False,4.019876797435828e-07
amount_full,743,True,False,7.275678864300558e-07
amount_full,744,True,False,3.0029118137240004e-07
amount_full,745,True,False,1.7979625435768548e-06
amount_full,746,True,False,5.160381193703122e-06
amount_full,747,True,False,1.31032051363318e-06
amount_full,748,True,False,7.141987920813733e-07
amount_full,749,True,False,1.8632130540003963e-06
amount_full,750,True,False,7.73761512090429e-07
amount_full,751,True,False,1.9473127202821454e-06
amount_full,752,True,False,5.559883756646607e-07
amount_full,753,True,False,1.0136645878337437e-06
amount_full,754,True,False,1.382522582461707e-06
amount_full,755,True,False,1.4217428117177218e-06
amount_full,756,True,False,2.4699066845931754e-06
amount_full,757,True,False,1.1075164942391344e-06
amount_full,758,True,False,3.240100495888633e-07
amount_full,759,True,False,1.4121489001359222e-06
amount_full,760,True,False,3.205502524024057e-06
amount_full,761,True,False,2.8351426643514373e-08
amount_full,762,True,False,6.388158609043087e-07
amount_full,763,True,False,2.551000996609393e-06
amount_full,764,True,False,3.3072682847150447e-07
amount_full,765,True,False,5.58319044390639e-07
amount_full,766,True,False,7.633602370154564e-07
amount_full,767,True,False,4.5168848710489286e-07
amount_full,768,True,False,2.6389347517707777e-07
amount_full,769,True,False,5.364252879633694e-07
amount_full,770,True,False,9.656815113098085e-07
amount_full,771,True,False,1.481976072383354e-07
amount_full,772,True,False,3.93877106677483e-06
amount_full,773,True,False,8.904236577899777e-07
amount_full,774,True,False,6.857699049660833e-08
amount_full,775,True,False,6.614876836158103e-06
amount_full,776,True,False,3.4464316788534647e-07
amount_full,777,True,False,1.9282526003089856e-06
amount_full,778,True,False,8.545470010522502e-07
amount_full,779,True,False,2.3018999150521397e-06
amount_full,780,True,False,2.1057078087487729e-07
amount_full,781,True,False,1.3305620444424904e-06
amount_full,782,True,False,1.4077819176386508e-06
amount_full,783,True,False,3.8309487634983035e-07
amount_full,784,True,False,1.0015909763132912e-06
amount_full,785,True,False,1.1511344994027402e-06
amount_full,786,True,False,1.188392943025867e-06
amount_full,787,True,False,3.5655241855710446e-07
amount_full,788,True,False,1.0567267175932486e-06
amount_full,789,True,False,9.066725060001486e-07
amount_full,790,True,False,7.931140934542981e-07
amount_full,791,True,False,7.910622328283658e-08
amount_full,792,True,False,2.014464198294057e-06
amount_full,793,True,False,1.8184890639668426e-06
amount_full,794,True,False,2.384117029282254e-06
amount_full,795,True,False,1.0373150810828807e-06
amount_full,796,True,False,1.662177685001023e-06
amount_full,797,True,False,2.12201797292147e-06
amount_full,798,True,False,1.4851995247684985e-06
amount_full,799,True,False,4.0466335172926064e-07
amount_full,800,True,False,5.141080215673997e-07
amount_full,801,True,False,7.655811536112605e-07
amount_full,802,True,False,4.684998459289187e-06
amount_full,803,True,False,3.657286748121979e-07
amount_full,804,True,False,9.567996567950085e-07
amount_full,805,True,False,1.928093619750827e-07
amount_full,806,True,False,6.294031687889981e-06
amount_full,807,True,False,3.7432871883354906e-06
amount_full,808,True,False,1.2606342708096047e-06
amount_full,809,True,False,2.5729925292529826e-07
amount_full,810,True,False,8.119943225171796e-07
amount_full,811,True,False,4.76225753792165e-07
amount_full,812,True,False,1.291098861108533e-06
amount_full,813,True,False,1.529113888851991e-06
amount_full,814,True,False,9.059392255467593e-07
amount_full,815,True,False,1.5029356625182082e-06
amount_full,816,True,False,3.793371440652069e-07
amount_full,817,True,False,7.028724238014412e-07
amount_full,818,True,False,4.087073711446581e-06
amount_full,819,True,False,4.269262768903932e-07
amount_full,820,True,False,3.4896186029957453e-07
amount_full,821,True,False,3.5847130838143285e-07
amount_full,822,True,False,1.0462894968342149e-06
amount_full,823,True,False,2.5407928689199347e-07
amount_full,824,True,False,1.4173816662136263e-06
amount_full,825,True,False,6.521262318845685e-07
amount_full,826,True,False,4.985105289229819e-07
amount_full,827,True,False,5.596712800104674e-07
amount_full,828,True,False,5.755728540657069e-07
amount_full,829,True,False,1.8610618801614985e-06
amount_full,830,True,False,7.573801906893659e-07
amount_full,831,True,False,6.556569752578267e-07
amount_full,832,True,False,2.5818229618405635e-06
amount_full,833,True,False,5.513358363279011e-07
amount_full,834,True,False,1.2534573970392275e-06
amount_full,835,True,False,3.2047860639973086e-06
amount_full,836,True,False,1.9955465517382275e-06
amount_full,837,True,False,3.814036364361033e-07
amount_full,838,True,False,7.933979009025624e-08
amount_full,839,True,False,1.1909187012691355e-06
amount_full,840,True,False,6.068254807388277e-07
amount_full,841,True,False,1.472582159271246e-07
amount_full,842,True,False,2.390768426234368e-07
amount_full,843,True,False,2.5064363571368093e-07
amount_full,844,True,False,6.03237900412907e-07
amount_full,845,True,False,1.702253994424701e-06
amount_full,846,True,False,2.7478832432605493e-06
amount_full,847,True,False,3.7269169643814764e-07
amount_full,848,True,False,3.0808619315122877e-06
amount_full,849,True,False,7.279313016886882e-07
amount_full,850,True,False,6.959264173738253e-07
amount_full,851,True,False,1.4449053424426193e-07
amount_full,852,True,False,6.381652713904976e-07
amount_full,853,True,False,5.471928974496475e-07
amount_full,854,True,False,7.65478484681293e-07
amount_full,855,True,False,1.277737389575125e-06
amount_full,856,True,False,3.5339217861142755e-06
amount_full,857,True,False,7.145506509458835e-07
amount_full,858,True,False,1.2786678650025705e-06
amount_full,859,True,False,1.0799465621953912e-06
amount_full,860,True,False,4.71368036064599e-06
amount_full,861,True,False,6.702424732253783e-07
amount_full,862,True,False,9.734934077657163e-07
amount_full,863,True,False,1.1024035121961898e-06
amount_full,864,True,False,3.1229714243405713e-07
amount_full,865,True,False,2.5412715128603133e-07
amount_full,866,True,False,6.283674136283975e-07
amount_full,867,True,False,8.479668362842771e-07
amount_full,868,True,False,2.004556533011217e-06
amount_full,869,True,False,8.883339154377413e-07
amount_full,870,True,False,8.040813079854776e-07
amount_full,871,True,False,1.1272704093585265e-07
amount_full,872,True,False,6.45588050379528e-08
amount_full,873,True,False,6.390471558861783e-07
amount_full,874,True,False,7.912776930671485e-07
amount_full,875,True,False,1.5624943686862607e-07
amount_full,876,True,False,1.7081172910427556e-07
amount_full,877,True,False,1.2428047731791606e-06
amount_full,878,True,False,1.3138119870968108e-06
amount_full,879,True,False,4.062985234936754e-07
amount_full,880,True,False,7.977321395328486e-07
amount_full,881,True,False,7.067731783120816e-07
amount_full,882,True,False,5.290688955811752e-07
amount_full,883,True,False,1.5866876259465863e-06
amount_full,884,True,False,9.936597866118665e-07
amount_full,885,True,False,4.1531068567386323e-07
amount_full,886,True,False,2.258017797901752e-07
amount_full,887,True,False,1.5937486514633457e-06
amount_full,888,True,False,3.533817999294424e-07
amount_full,889,True,False,1.304984736870012e-06
amount_full,890,True,False,1.8218362767258747e-07
amount_full,891,True,False,5.873384927596807e-07
amount_full,892,True,False,9.278879445532045e-07
amount_full,893,True,False,7.142116525522124e-07
amount_full,894,True,False,6.245399451178966e-07
amount_full,895,True,False,2.2873783313839075e-07
amount_full,896,True,False,6.092318997068945e-07
amount_full,897,True,False,2.6535720264040096e-07
amount_full,898,True,False,8.535161371272898e-07
amount_full,899,True,False,5.267477771414685e-07
amount_full,900,True,False,2.6274866561606022e-06
amount_full,901,True,False,7.309791125812417e-07
amount_full,902,True,False,2.866870081424579e-07
amount_full,903,True,False,3.6061940545488657e-07
amount_full,904,True,False,1.0088330140759567e-06
amount_full,905,True,False,1.263225753640041e-06
amount_full,906,True,False,9.432717453142934e-07
amount_full,907,True,False,8.636297006121061e-07
amount_full,908,True,False,5.515585430251049e-07
amount_full,909,True,False,3.699467546849323e-07
amount_full,910,True,False,3.6748474761826435e-07
amount_full,911,True,False,2.028862852041059e-07
amount_full,912,True,False,1.1050299551334548e-06
amount_full,913,True,False,7.13207892435501e-07
amount_full,914,True,False,1.101844061867207e-05
amount_full,915,True,False,4.585509696293865e-07
amount_full,916,True,False,5.381040112482602e-06
amount_full,917,True,False,6.309502170911467e-07
amount_full,918,True,False,2.2691465399626449e-07
amount_full,919,True,False,2.659785847902232e-06
amount_full,920,True,False,1.3784643232031364e-06
amount_full,921,True,False,6.302667400925483e-07
amount_full,922,True,False,1.447564176086384e-06
amount_full,923,True,False,1.6128344702573546e-06
amount_full,924,True,False,9.819138583292978e-07
amount_full,925,True,False,6.81738006714645e-07
amount_full,926,True,False,4.57668524050004e-07
amount_full,927,True,False,4.881582125725128e-07
amount_full,928,True,False,5.238638640441695e-07
amount_full,929,True,False,2.2604931339851423e-06
amount_full,930,True,False,1.7411791847618723e-06
amount_full,931,True,False,1.3236600313643083e-06
amount_full,932,True,False,5.672369595321052e-07
amount_full,933,True,False,1.6594721532899473e-06
amount_full,934,True,False,4.093314083871062e-07
amount_full,935,True,False,9.146753396452302e-07
amount_full,936,True,False,1.3165357114727791e-06
amount_full,937,True,False,1.182489729317579e-06
amount_full,938,True,False,1.21013589658254e-06
amount_full,939,True,False,4.587102885692602e-07
amount_full,940,True,False,2.9620470272813668e-06
amount_full,941,True,False,7.046671940459487e-07
amount_full,942,True,False,1.944912579835658e-06
amount_full,943,True,False,1.7873199685492759e-07
amount_full,944,True,False,1.1501130793868572e-06
amount_full,945,True,False,4.383969059844876e-07
amount_full,946,True,False,7.415509905294864e-07
amount_full,947,True,False,4.910711120156578e-07
amount_full,948,True,False,1.0540478063456707e-06
amount_full,949,True,False,7.0601733327556245e-06
amount_full,950,True,False,4.182319497298224e-07
amount_full,951,True,False,6.695719994881834e-07
amount_full,952,True,False,8.075622219574655e-07
amount_full,953,True,False,1.450067593573319e-06
amount_full,954,True,False,5.049633679426324e-07
amount_full,955,True,False,1.95727367111225e-07
amount_full,956,True,False,3.060467668837866e-06
amount_full,957,True,False,4.1032267961182086e-07
amount_full,958,True,False,5.556886146091047e-07
amount_full,959,True,False,5.741468819324707e-07
amount_full,960,True,False,6.201975101709922e-07
amount_full,961,True,False,2.179158633926234e-06
amount_full,962,True,False,6.778477158754585e-07
amount_full,963,True,False,2.3334185206864198e-07
amount_full,964,True,False,3.2265069548882563e-06
amount_full,965,True,False,8.789375458601074e-07
amount_full,966,True,False,4.812246300183436e-07
amount_full,967,True,False,5.764549171228517e-07
amount_full,968,True,False,9.9743740289556e-07
amount_full,969,True,False,1.557601916695281e-07
amount_full,970,True,False,1.8449809498223385e-06
amount_full,971,True,False,1.1416024219247148e-06
amount_full,972,True,False,3.5193081653112767e-07
amount_full,973,True,False,1.3722094434486867e-06
amount_full,974,True,False,7.949136404325587e-07
amount_full,975,True,False,4.1837886796020193e-07
amount_full,976,True,False,7.509596888819421e-07
amount_full,977,True,False,1.0946294989635232e-06
amount_full,978,True,False,1.884359238957245e-06
amount_full,979,True,False,1.6710903552635056e-06
amount_full,980,True,False,5.051513150823978e-07
amount_full,981,True,False,2.6974842596093836e-06
amount_full,982,True,False,1.226164927824839e-06
amount_full,983,True,False,1.782031466379107e-06
amount_full,984,True,False,5.28591490148552e-07
amount_full,985,True,False,8.190785237661564e-07
amount_full,986,True,False,3.963945928014116e-07
amount_full,987,True,False,2.069021284659924e-06
amount_full,988,True,False,5.791491413145296e-07
amount_full,989,True,False,7.791141510894545e-07
amount_full,990,True,False,8.562854210956912e-07
amount_full,991,True,False,9.216362607875649e-07
amount_full,992,True,False,3.791504773387513e-06
amount_full,993,True,False,8.295894059972459e-07
amount_full,994,True,False,9.124159628142672e-07
amount_full,995,True,False,6.505052447236861e-07
amount_full,996,True,False,5.154348847129525e-07
amount_full,997,True,False,7.651781848735636e-07
amount_full,998,True,False,1.3196979213561807e-07
amount_full,999,True,False,2.5514754646525116e-07
amount_full,1000,True,False,1.3631766382658632e-06
amount_full,1001,True,False,2.184432437731574e-07
amount_full,1002,True,False,1.5188882243039494e-07
amount_full,1003,True,False,2.3695532177752776e-06
amount_full,1004,True,False,8.329478553121649e-07
amount_full,1005,True,False,4.487131949015276e-07
amount_full,1006,True,False,9.356407794482796e-07
amount_full,1007,True,False,9.296464486459108e-08
amount_full,1008,True,False,8.664430220108195e-07
amount_full,1009,True,False,2.197677838948607e-06
amount_full,1010,True,False,6.933814670736918e-07
amount_full,1011,True,False,5.045347192880239e-07
amount_full,1012,True,False,1.1958614357412947e-06
amount_full,1013,True,False,1.088136297765391e-06
amount_full,1014,True,False,2.5760121822056473e-07
amount_full,1015,True,False,2.7977982331401335e-06
amount_full,1016,True,False,7.203025322528978e-07
amount_full,1017,True,False,6.710440450432208e-07
amount_full,1018,True,False,5.34317911461356e-07
amount_full,1019,True,False,4.784429077484586e-07
amount_full,1020,True,False,1.082865985841936e-06
amount_full,1021,True,False,6.98940039452393e-07
amount_full,1022,True,False,2.3428431197405552e-07
amount_full,1023,True,False,2.536940834416074e-06
amount_full,1024,True,False,1.988874915102056e-07
amount_full,1025,True,False,1.4559583932487885e-06
amount_full,1026,True,False,2.547904940111437e-07
amount_full,1027,True,False,2.9999937065860775e-07
amount_full,1028,True,False,2.8026574793244766e-06
amount_full,1029,True,False,1.453037021198113e-06
amount_full,1030,True,False,3.6163326225589773e-06
amount_full,1031,True,False,4.0366741245011955e-07
amount_full,1032,True,False,2.45865242253367e-07
amount_full,1033,True,False,8.069941440450987e-07
amount_full,1034,True,False,1.732768231637946e-06
amount_full,1035,True,False,4.4809374317398317e-07
amount_full,1036,True,False,2.8019824621566054e-07
amount_full,1037,True,False,4.018864594669779e-06
amount_full,1038,True,False,1.0739124231065905e-06
amount_full,1039,True,False,8.403020724092651e-07
amount_full,1040,True,False,1.3385644780208932e-06
amount_full,1041,True,False,3.138432498414794e-06
amount_full,1042,True,False,2.0562111042826315e-06
amount_full,1043,True,False,2.211885946199914e-06
amount_full,1044,True,False,1.826350819010082e-06
amount_full,1045,True,False,1.4429555588943778e-06
amount_full,1046,True,False,1.1322104434752558e-06
amount_full,1047,True,False,9.499319610236491e-07
amount_full,1048,True,False,1.2246707745546295e-06
amount_full,1049,True,False,1.3229739466252467e-06
amount_full,1050,True,False,6.753592603361815e-07
amount_full,1051,True,False,6.811027444128394e-07
amount_full,1052,True,False,1.087744011851014e-06
amount_full,1053,True,False,6.048434573823583e-07
amount_full,1054,True,False,9.423552450929173e-07
amount_full,1055,True,False,9.91996538368435e-07
amount_full,1056,True,False,7.882397038667974e-07
amount_full,1057,True,False,8.19819987460492e-07
amount_full,1058,True,False,6.084879291425838e-07
amount_full,1059,True,False,2.7498940822951673e-06
amount_full,1060,True,False,4.067719098041996e-07
amount_full,1061,True,False,1.1378264561021352e-06
amount_full,1062,True,False,8.777111449062428e-08
amount_full,1063,True,False,1.514875472479696e-07
amount_full,1064,True,False,6.79504292470093e-07
amount_full,1065,True,False,1.0695307057053489e-06
amount_full,1066,True,False,6.051994193536927e-07
amount_full,1067,True,False,1.5163100389799993e-06
amount_full,1068,True,False,1.6702050914680652e-06
amount_full,1069,True,False,4.3111507146355707e-07
amount_full,1070,True,False,5.219596868629482e-07
amount_full,1071,True,False,1.7799229915543633e-06
amount_full,1072,True,False,1.086603290096813e-06
amount_full,1073,True,False,1.2350613199999277e-06
amount_full,1074,True,False,1.2598667946390735e-06
amount_full,1075,True,False,1.3783305408035417e-06
amount_full,1076,True,False,3.3485788657640986e-06
amount_full,1077,True,False,7.235104943888942e-07
amount_full,1078,True,False,2.353099488409108e-06
amount_full,1079,True,False,3.750408765536598e-06
amount_full,1080,True,False,8.452486069612209e-07
amount_full,1081,True,False,3.4525461081602105e-07
amount_full,1082,True,False,4.1139780425061e-07
amount_full,1083,True,False,3.9148082381133345e-07
amount_full,1084,True,False,6.024435230153066e-07
amount_full,1085,True,False,7.05059136122472e-07
amount_full,1086,True,False,3.572563404763985e-07
amount_full,1087,True,False,9.036896631690205e-07
amount_full,1088,True,False,6.098092711149992e-07
amount_full,1089,True,False,7.322150026965502e-07
amount_full,1090,True,False,7.489861426918869e-07
amount_full,1091,True,False,2.0007778937923396e-07
amount_full,1092,True,False,1.0909645410387082e-07
amount_full,1093,True,False,1.2915805139990163e-06
amount_full,1094,True,False,3.892359917746121e-07
amount_full,1095,True,False,1.1953137495457912e-06
amount_full,1096,True,False,1.021398001401985e-07
amount_full,1097,True,False,1.866956281755731e-07
amount_full,1098,True,False,6.799706824163831e-07
amount_full,1099,True,False,2.412837160461284e-07
amount_full,1100,True,False,3.21712685136093e-07
amount_full,1101,True,False,4.4759114928857643e-07
amount_full,1102,True,False,2.0538948609673977e-07
amount_full,1103,True,False,4.068199757563912e-07
amount_full,1104,True,False,1.4553570812001352e-06
amount_full,1105,True,False,7.022620112614623e-07
amount_full,1106,True,False,1.292581908374062e-06
amount_full,1107,True,False,5.60698751941848e-07
amount_full,1108,True,False,7.250440428051296e-07
amount_full,1109,True,False,1.0034955920005162e-06
amount_full,1110,True,False,2.7198645407465483e-07
amount_full,1111,True,False,6.670190678851645e-07
amount_full,1112,True,False,8.618522786808143e-07
amount_full,1113,True,False,1.410633312707453e-06
amount_full,1114,True,False,6.70681286796746e-07
amount_full,1115,True,False,1.738560947845061e-06
amount_full,1116,True,False,9.410919534422292e-07
amount_full,1117,True,False,2.2623436111094725e-06
amount_full,1118,True,False,1.6611405101411573e-06
amount_full,1119,True,False,4.183011643771369e-07
amount_full,1120,True,False,3.553699615562093e-06
amount_full,1121,True,False,7.47130061905983e-07
amount_full,1122,True,False,2.679815514359041e-06
amount_full,1123,True,False,7.367264608434326e-07
amount_full,1124,True,False,1.4803612813755512e-06
amount_full,1125,True,False,1.687593044658569e-06
amount_full,1126,True,False,5.700209270204377e-07
amount_full,1127,True,False,9.459116713601054e-07
amount_full,1128,True,False,1.009106953386122e-06
amount_full,1129,True,False,3.488780337659282e-06
amount_full,1130,True,False,2.0457567934317257e-06
amount_full,1131,True,False,9.174137971669646e-07
amount_full,1132,True,False,6.306827528311612e-07
amount_full,1133,True,False,3.286855002620359e-07
amount_full,1134,True,False,1.1132992763002859e-07
amount_full,1135,True,False,3.648321130553265e-07
amount_full,1136,True,False,1.6846166968946986e-06
amount_full,1137,True,False,4.611247623133136e-07
amount_full,1138,True,False,1.6026407404891947e-06
amount_full,1139,True,False,1.3757054518002731e-06
amount_full,1140,True,False,7.449571790078794e-07
amount_full,1141,True,False,2.432740758027162e-06
amount_full,1142,True,False,2.6270346280360197e-07
amount_full,1143,True,False,2.0350429345176486e-06
amount_full,1144,True,False,1.783334143854486e-06
amount_full,1145,True,False,1.544666799406564e-07
amount_full,1146,True,False,4.1032757333228624e-07
amount_full,1147,True,False,1.3604929213701106e-06
amount_full,1148,True,False,3.1318420795063806e-07
amount_full,1149,True,False,4.805611575608344e-07
amount_full,1150,True,False,6.940934878855076e-07
amount_full,1151,True,False,2.599546631793486e-07
amount_full,1152,True,False,5.46235157875706e-07
amount_full,1153,True,False,5.401633244027137e-07
amount_full,1154,True,False,1.5057817008627652e-05
amount_full,1155,True,False,1.4441215378081217e-06
amount_full,1156,True,False,1.6426374906631734e-06
amount_full,1157,True,False,3.3503971211536596e-06
amount_full,1158,True,False,1.0100034088662866e-06
amount_full,1159,True,False,9.733890425173993e-08
amount_full,1160,True,False,2.0518542386199e-06
amount_full,1161,True,False,4.008784733098243e-07
amount_full,1162,True,False,3.727667383628737e-06
amount_full,1163,True,False,1.4356928164518926e-06
amount_full,1164,True,False,1.3104785979298469e-06
amount_full,1165,True,False,8.822366345872106e-07
amount_full,1166,True,False,1.4108878852871767e-06
amount_full,1167,True,False,3.344010128685578e-06
amount_full,1168,True,False,3.0268073675354103e-07
amount_full,1169,True,False,2.538337050247427e-07
amount_full,1170,True,False,1.3348567846763334e-06
amount_full,1171,True,False,1.2438690898243582e-06
amount_full,1172,True,False,2.3675344175657126e-06
amount_full,1173,True,False,3.021994324581765e-07
amount_full,1174,True,False,2.8165195213386523e-06
amount_full,1175,True,False,1.1252028978917115e-06
amount_full,1176,True,False,9.112462603194689e-07
amount_full,1177,True,False,8.108623910155272e-07
amount_full,1178,True,False,2.971238409039257e-06
amount_full,1179,True,False,3.6509601249647454e-07
amount_full,1180,True,False,1.1974503893782497e-06
amount_full,1181,True,False,4.69531558084108e-07
amount_full,1182,True,False,4.992876131470388e-07
amount_full,1183,True,False,1.0690702181370773e-06
amount_full,1184,True,False,6.407423520175784e-07
amount_full,1185,True,False,1.0883542171303448e-07
amount_full,1186,True,False,1.480133364038966e-06
amount_full,1187,True,False,2.8491632510764684e-06
amount_full,1188,True,False,3.825584551279037e-06
amount_full,1189,True,False,1.2812835469075432e-06
amount_full,1190,True,False,3.649866353066064e-07
amount_full,1191,True,False,1.2746601164429487e-06
amount_full,1192,True,False,6.830968327538434e-07
amount_full,1193,True,False,3.643521344835967e-07
amount_full,1194,True,False,2.846630009577336e-07
amount_full,1195,True,False,3.318602175414971e-06
amount_full,1196,True,False,6.986482257512093e-07
amount_full,1197,True,False,7.85449673076131e-07
amount_full,1198,True,False,7.03758740118131e-07
amount_full,1199,True,False,7.671007142831998e-07
amount_full,1200,True,False,6.355238871502121e-07
amount_full,1201,True,False,3.118556161207363e-07
amount_full,1202,True,False,1.9586034711876585e-07
amount_full,1203,True,False,6.834192385645701e-07
amount_full,1204,True,False,9.081296887489852e-07
amount_full,1205,True,False,1.8118835562678716e-07
amount_full,1206,True,False,8.216926691646028e-07
amount_full,1207,True,False,2.2341824316889618e-07
amount_full,1208,True,False,8.810406883716392e-06
amount_full,1209,True,False,2.3125673539759e-07
amount_full,1210,True,False,2.992832880639921e-06
amount_full,1211,True,False,1.3852549245897673e-06
amount_full,1212,True,False,6.337397601668352e-07
amount_full,1213,True,False,1.6065228379291373e-06
amount_full,1214,True,False,1.4560842213519565e-06
amount_full,1215,True,False,1.025990426005764e-06
amount_full,1216,True,False,1.264622307890711e-06
amount_full,1217,True,False,1.645790668607064e-07
amount_full,1218,True,False,6.185136647782703e-08
amount_full,1219,True,False,7.339497510771796e-07
amount_full,1220,True,False,2.9027711077411673e-06
amount_full,1221,True,False,1.871493615260917e-06
amount_full,1222,True,False,3.8751049933792593e-07
amount_full,1223,True,False,4.220789978310863e-06
amount_full,1224,True,False,3.917671178946643e-07
amount_full,1225,True,False,3.6161471650533395e-07
amount_full,1226,True,False,7.685444379808068e-07
amount_full,1227,True,False,6.758475098976438e-07
amount_full,1228,True,False,2.928903373147753e-07
amount_full,1229,True,False,8.96229796935117e-07
amount_full,1230,True,False,4.797823173250587e-07
amount_full,1231,True,False,2.3351125941823396e-06
amount_full,1232,True,False,1.5922469302102376e-06
amount_full,1233,True,False,2.8191272210473747e-07
amount_full,1234,True,False,4.741804844277514e-07
amount_full,1235,True,False,7.894511964658195e-07
amount_full,1236,True,False,4.113080239311781e-07
amount_full,1237,True,False,7.274113752827855e-07
amount_full,1238,True,False,4.068973408151139e-07
amount_full,1239,True,False,7.538248415855161e-07
amount_full,1240,True,False,2.1976623898000772e-06
amount_full,1241,True,False,2.386365060559685e-06
amount_full,1242,True,False,4.5002810142031306e-07
amount_full,1243,True,False,8.151429981478683e-07
amount_full,1244,True,False,3.993912608518547e-07
amount_full,1245,True,False,1.3973222640483554e-06
amount_full,1246,True,False,4.909370174959037e-07
amount_full,1247,True,False,4.79575172040192e-07
amount_full,1248,True,False,9.523274427564946e-07
amount_full,1249,True,False,1.6656684394096677e-06
amount_full,1250,True,False,1.0767021308622273e-06
amount_full,1251,True,False,5.06366633017899e-07
amount_full,1252,True,False,5.941408395707338e-07
amount_full,1253,True,False,2.614264688831652e-06
amount_full,1254,True,False,1.2908636793606531e-06
amount_full,1255,True,False,1.5251734791470558e-06
amount_full,1256,True,False,4.767619732697445e-07
amount_full,1257,True,False,2.484427878710243e-07
amount_full,1258,True,False,6.262406210086842e-07
amount_full,1259,True,False,1.349661872932417e-06
amount_full,1260,True,False,4.4832695248505077e-07
amount_full,1261,True,False,2.2461484200565266e-06
amount_full,1262,True,False,5.660062112353168e-07
amount_full,1263,True,False,2.1732705318405238e-07
amount_full,1264,True,False,4.877626949762228e-07
amount_full,1265,True,False,1.526369651591525e-06
amount_full,1266,True,False,2.270935262346157e-07
amount_full,1267,True,False,4.30685845943548e-07
amount_full,1268,True,False,3.278893902909023e-06
amount_full,1269,True,False,5.014078254998448e-07
amount_full,1270,True,False,6.981159163462199e-07
amount_full,1271,True,False,1.3240549922840768e-06
amount_full,1272,True,False,1.1379614447776851e-06
amount_full,1273,True,False,8.664562361478223e-07
amount_full,1274,True,False,6.184951790683084e-07
amount_full,1275,True,False,1.0877438664646347e-06
amount_full,1276,True,False,1.2942832404218923e-06
amount_full,1277,True,False,7.198529010119801e-06
amount_full,1278,True,False,1.2576922275809404e-06
amount_full,1279,True,False,9.572358854676577e-07
amount_full,1280,True,False,4.1221376666778914e-07
amount_full,1281,True,False,1.5751730401336108e-06
amount_full,1282,True,False,4.232175711274605e-07
amount_full,1283,True,False,1.8097359406104602e-06
amount_full,1284,True,False,1.1664044659773078e-06
amount_full,1285,True,False,1.9115372418892768e-07
amount_full,1286,True,False,4.989048089197924e-07
amount_full,1287,True,False,1.2197618688029926e-06
amount_full,1288,True,False,7.515279958691378e-07
amount_full,1289,True,False,3.748190303740823e-07
amount_full,1290,True,False,3.2696727902829196e-07
amount_full,1291,True,False,6.215501316239542e-07
amount_full,1292,True,False,1.3854336509334678e-06
amount_full,1293,True,False,3.6410333833754334e-07
amount_full,1294,True,False,3.766134356628356e-07
amount_full,1295,True,False,9.197003832971371e-07
amount_full,1296,True,False,4.963579437569055e-07
amount_full,1297,True,False,1.0184768614446486e-06
amount_full,1298,True,False,1.4833066569731463e-06
amount_full,1299,True,False,1.0356847744188403e-07
amount_full,1300,True,False,3.812796853712816e-06
amount_full,1301,True,False,1.039751457398823e-06
amount_full,1302,True,False,2.192786715332183e-07
amount_full,1303,True,False,5.433850125348811e-07
amount_full,1304,True,False,1.6229627714221848e-06
amount_full,1305,True,False,4.877716675128051e-07
amount_full,1306,True,False,7.631413435067847e-07
amount_full,1307,True,False,2.817659532562435e-07
amount_full,1308,True,False,2.8070555335106844e-06
amount_full,1309,True,False,3.1766899407688615e-07
amount_full,1310,True,False,4.451544931730927e-07
amount_full,1311,True,False,7.798366606705719e-07
amount_full,1312,True,False,2.0355452515208886e-06
amount_full,1313,True,False,2.0985868326804343e-07
amount_full,1314,True,False,2.3250566696532566e-07
amount_full,1315,True,False,3.0293094093986426e-07
amount_full,1316,True,False,5.309107232888805e-07
amount_full,1317,True,False,2.067978239069717e-06
amount_full,1318,True,False,9.241513888719553e-07
amount_full,1319,True,False,7.187254203850329e-07
amount_full,1320,True,False,1.4902075148475775e-06
amount_full,1321,True,False,1.1910411009971203e-06
amount_full,1322,True,False,1.3222271288701641e-06
amount_full,1323,True,False,2.807059229160148e-07
amount_full,1324,True,False,1.0037223422784377e-06
amount_full,1325,True,False,1.2349916944981322e-06
amount_full,1326,True,False,9.122622713391489e-07
amount_full,1327,True,False,2.1346528354324551e-07
amount_full,1328,True,False,1.0261358200305643e-06
amount_full,1329,True,False,1.4271355169496416e-06
amount_full,1330,True,False,1.8000639270346888e-06
amount_full,1331,True,False,3.4284159790744298e-06
amount_full,1332,True,False,6.959549584959269e-07
amount_full,1333,True,False,3.664699706699858e-07
amount_full,1334,True,False,5.025950736312818e-07
amount_full,1335,True,False,2.4672720854668043e-07
amount_full,1336,True,False,1.0903775717094435e-06
amount_full,1337,True,False,1.5203264494795619e-06
amount_full,1338,True,False,1.7530053740549307e-06
amount_full,1339,True,False,2.2910331772619184e-06
amount_full,1340,True,False,7.949950813316765e-07
amount_full,1341,True,False,1.7244111619116826e-06
amount_full,1342,True,False,1.9188411025128035e-06
amount_full,1343,True,False,6.093936851389855e-08
amount_full,1344,True,False,1.6672222719603726e-07
amount_full,1345,True,False,4.78084382948667e-07
amount_full,1346,True,False,1.968814056210075e-06
amount_full,1347,True,False,1.7232607062224934e-06
amount_full,1348,True,False,1.9337828096518412e-06
amount_full,1349,True,False,5.282901921585881e-07
amount_full,1350,True,False,7.374472712886652e-07
amount_full,1351,True,False,1.732391899326971e-06
amount_full,1352,True,False,1.0248135891860425e-06
amount_full,1353,True,False,1.3195740740866769e-06
amount_full,1354,True,False,2.835344925664407e-06
amount_full,1355,True,False,8.542892649897499e-07
amount_full,1356,True,False,1.1886100158789902e-06
amount_full,1357,True,False,6.961544122866366e-07
amount_full,1358,True,False,1.8859688698636666e-06
amount_full,1359,True,False,9.679797055131212e-08
amount_full,1360,True,False,5.744847599921458e-07
amount_full,1361,True,False,1.2285232350437711e-06
amount_full,1362,True,False,1.2847461629531777e-06
amount_full,1363,True,False,1.612028033745625e-07
amount_full,1364,True,False,8.704652896781744e-06
amount_full,1365,True,False,4.620627314607264e-06
amount_full,1366,True,False,3.6574440624729814e-06
amount_full,1367,True,False,7.716081885083738e-07
amount_full,1368,True,False,5.589287236783916e-07
amount_full,1369,True,False,1.0004162473289683e-06
amount_full,1370,True,False,9.190724732688662e-07
amount_full,1371,True,False,4.276178906704269e-07
amount_full,1372,True,False,5.875663421227397e-07
amount_full,1373,True,False,9.228713206784196e-07
amount_full,1374,True,False,5.195827054327712e-07
amount_full,1375,True,False,7.603055165758401e-08
amount_full,1376,True,False,1.1738978062963533e-07
amount_full,1377,True,False,6.404162041735991e-06
amount_full,1378,True,False,3.142453154296991e-06
amount_full,1379,True,False,1.1818062103794548e-06
amount_full,1380,True,False,1.4944064510445351e-06
amount_full,1381,True,False,1.118590929536886e-06
amount_full,1382,True,False,1.569868514677581e-06
amount_full,1383,True,False,3.2701549202393156e-06
amount_full,1384,True,False,9.024464260282099e-07
amount_full,1385,True,False,6.612050837141796e-07
amount_full,1386,True,False,3.7160052066424154e-07
amount_full,1387,True,False,9.68637040578657e-07
amount_full,1388,True,False,1.2351866703752627e-06
amount_full,1389,True,False,9.371710972678651e-08
amount_full,1390,True,False,3.9363942319913384e-07
amount_full,1391,True,False,5.519294157642747e-07
amount_full,1392,True,False,1.0380917375498375e-06
amount_full,1393,True,False,1.531034548088511e-07
amount_full,1394,True,False,1.212878842719431e-06
amount_full,1395,True,False,2.3110747135639802e-06
amount_full,1396,True,False,8.274293593090962e-07
amount_full,1397,True,False,2.587891676579412e-06
amount_full,1398,True,False,1.128809580356481e-06
amount_full,1399,True,False,7.104903375173401e-07
amount_full,1400,True,False,2.002105853397393e-06
amount_full,1401,True,False,2.252773907100197e-06
amount_full,1402,True,False,1.355564497312281e-06
amount_full,1403,True,False,4.2012048388613097e-07
amount_full,1404,True,False,2.970940086489139e-07
amount_full,1405,True,False,1.8791466047024328e-06
amount_full,1406,True,False,3.049571375065004e-06
amount_full,1407,True,False,6.40756554341891e-07
amount_full,1408,True,False,1.3057092822494233e-06
amount_full,1409,True,False,2.3843499507327507e-06
amount_full,1410,True,False,1.5744915203768425e-07
amount_full,1411,True,False,4.7149970683400426e-07
amount_full,1412,True,False,1.121717468626799e-06
amount_full,1413,True,False,1.4915964584782461e-06
amount_full,1414,True,False,2.172381140524374e-06
amount_full,1415,True,False,3.422273599520863e-07
amount_full,1416,True,False,1.3615978943137495e-07
amount_full,1417,True,False,4.878246094115209e-07
amount_full,1418,True,False,1.259698566823616e-07
amount_full,1419,True,False,1.2974466659687114e-06
amount_full,1420,True,False,1.339264472216834e-06
amount_full,1421,True,False,3.500058737280809e-07
amount_full,1422,True,False,6.151515129483334e-07
amount_full,1423,True,False,1.2567419443329041e-06
amount_full,1424,True,False,3.474152486562778e-07
amount_full,1425,True,False,2.60586638017098e-06
amount_full,1426,True,False,1.0240979950308213e-06
amount_full,1427,True,False,6.358676083982698e-07
amount_full,1428,True,False,4.201643202047125e-06
amount_full,1429,True,False,2.4115947563131912e-06
amount_full,1430,True,False,1.3360606540309032e-06
amount_full,1431,True,False,1.7886110946017385e-06
amount_full,1432,True,False,1.3381210892875407e-06
amount_full,1433,True,False,2.448158362152252e-07
amount_full,1434,True,False,1.52845957813122e-06
amount_full,1435,True,False,1.1011775663968117e-06
amount_full,1436,True,False,7.35162602748667e-07
amount_full,1437,True,False,1.5070571626793179e-06
amount_full,1438,True,False,8.517714438861537e-07
amount_full,1439,True,False,1.4134055010957868e-06
amount_full,1440,True,False,1.3841674576803824e-06
amount_full,1441,True,False,1.7579726880363207e-06
amount_full,1442,True,False,1.2421944826061762e-06
amount_full,1443,True,False,2.3047671778459185e-06
amount_full,1444,True,False,1.5645309195862809e-06
amount_full,1445,True,False,1.459583021634706e-06
amount_full,1446,True,False,2.2816390072808317e-06
amount_full,1447,True,False,2.2469303497839818e-07
amount_full,1448,True,False,5.050839087352273e-07
amount_full,1449,True,False,7.195728948895555e-07
amount_full,1450,True,False,1.2127329233247778e-06
amount_full,1451,True,False,7.718160622006803e-07
amount_full,1452,True,False,2.3310751486187377e-06
amount_full,1453,True,False,7.296785836898499e-07
amount_full,1454,True,False,5.781941541959158e-06
amount_full,1455,True,False,1.9736477655624019e-07
amount_full,1456,True,False,5.627385062226569e-07
amount_full,1457,True,False,3.346182790720289e-07
amount_full,1458,True,False,2.49417288453508e-06
amount_full,1459,True,False,2.4366658398977183e-06
amount_full,1460,True,False,6.454620620187621e-06
amount_full,1461,True,False,9.488849975150598e-07
amount_full,1462,True,False,7.122300030488408e-07
amount_full,1463,True,False,9.911364118550315e-07
amount_full,1464,True,False,2.2460952630267348e-07
amount_full,1465,True,False,4.592703557359511e-07
amount_full,1466,True,False,8.766447168119924e-07
amount_full,1467,True,False,3.161073054091268e-07
amount_full,1468,True,False,1.6328720975714414e-06
amount_full,1469,True,False,3.865865797278454e-08
amount_full,1470,True,False,8.580682451161401e-07
amount_full,1471,True,False,1.019788334097104e-06
amount_full,1472,True,False,2.4375317037111323e-06
amount_full,1473,True,False,9.325949738508612e-06
amount_full,1474,True,False,7.783974714777721e-07
amount_full,1475,True,False,1.1683476086628317e-06
amount_full,1476,True,False,2.8927966864483613e-06
amount_full,1477,True,False,5.201854325350623e-07
amount_full,1478,True,False,1.5598377556700705e-06
amount_full,1479,True,False,2.687501157467513e-07
amount_full,1480,True,False,1.7675721184217014e-06
amount_full,1481,True,False,4.324078579603889e-07
amount_full,1482,True,False,1.4900544242828592e-06
amount_full,1483,True,False,1.226315208753173e-06
amount_full,1484,True,False,6.909867141923753e-07
amount_full,1485,True,False,4.643650702567698e-07
amount_full,1486,True,False,7.55559334986977e-08
amount_full,1487,True,False,3.193261207469965e-07
amount_full,1488,True,False,9.08350737292283e-07
amount_full,1489,True,False,2.025912980689168e-06
amount_full,1490,True,False,4.108421923372791e-06
amount_full,1491,True,False,2.2241481149667444e-07
amount_full,1492,True,False,5.732643275933716e-07
amount_full,1493,True,False,3.435601473929189e-07
amount_full,1494,True,False,4.28636065190305e-07
amount_full,1495,True,False,4.91570408113782e-06
amount_full,1496,True,False,6.727295080811332e-07
amount_full,1497,True,False,2.7570360827499547e-07
amount_full,1498,True,False,5.611619021140767e-07
amount_full,1499,True,False,2.985464246368797e-06
amount_full,1500,True,False,1.6704712164250108e-07
amount_full,1501,True,False,1.6535646155887519e-06
amount_full,1502,True,False,1.804587571589172e-06
amount_full,1503,True,False,1.1028495397744027e-06
amount_full,1504,True,False,7.605070124209911e-07
amount_full,1505,True,False,9.5001296341417e-08
amount_full,1506,True,False,3.2898175222060484e-07
amount_full,1507,True,False,5.97040033113879e-07
amount_full,1508,True,False,5.126882099823097e-07
amount_full,1509,True,False,3.5510142878205773e-07
amount_full,1510,True,False,1.4266085345535592e-06
amount_full,1511,True,False,6.828631519743316e-07
amount_full,1512,True,False,1.4163833518948231e-06
amount_full,1513,True,False,8.981466642967939e-07
amount_full,1514,True,False,1.931844445503008e-07
amount_full,1515,True,False,7.780452483810166e-07
amount_full,1516,True,False,1.4311842173857032e-06
amount_full,1517,True,False,2.4033000711000548e-06
amount_full,1518,True,False,7.654631528339036e-07
amount_full,1519,True,False,2.836830468291842e-06
amount_full,1520,True,False,3.792867593635082e-06
amount_full,1521,True,False,6.234535955914213e-07
amount_full,1522,True,False,3.4683882807623507e-07
amount_full,1523,True,False,5.013371337907485e-06
amount_full,1524,True,False,9.667014727720568e-07
amount_full,1525,True,False,1.8039816443709583e-07
amount_full,1526,True,False,2.340295308749986e-06
amount_full,1527,True,False,7.23052221214741e-07
amount_full,1528,True,False,5.329392028273169e-07
amount_full,1529,True,False,3.246956310257399e-07
amount_full,1530,True,False,2.434212708452456e-06
amount_full,1531,True,False,1.2160420255407024e-06
amount_full,1532,True,False,7.184212672016152e-07
amount_full,1533,True,False,2.7505668266144624e-06
amount_full,1534,True,False,4.332554207459565e-06
amount_full,1535,True,False,1.3689266019982626e-07
amount_full,1536,True,False,1.4402894741723673e-06
amount_full,1537,True,False,1.0065387625485134e-06
amount_full,1538,True,False,2.909037793316172e-07
amount_full,1539,True,False,9.069065837772615e-07
amount_full,1540,True,False,2.2582156213495612e-06
amount_full,1541,True,False,1.7780574398068936e-06
amount_full,1542,True,False,2.6502291704460287e-07
amount_full,1543,True,False,7.556845757837858e-07
amount_full,1544,True,False,2.5371148300297737e-06
amount_full,1545,True,False,4.583006041835741e-07
amount_full,1546,True,False,8.045465108871445e-07
amount_full,1547,True,False,1.1814628791221135e-06
amount_full,1548,True,False,6.591814213834627e-06
amount_full,1549,True,False,9.405248232875498e-07
amount_full,1550,True,False,8.371851244248774e-07
amount_full,1551,True,False,1.699867516151958e-07
amount_full,1552,True,False,2.9420468038095094e-06
amount_full,1553,True,False,3.357293137909182e-06
amount_full,1554,True,False,2.4647253396699107e-06
amount_full,1555,True,False,1.0513020385048386e-06
amount_full,1556,True,False,1.712987540894176e-07
amount_full,1557,True,False,4.7505928597834065e-07
amount_full,1558,True,False,2.93676252863344e-06
amount_full,1559,True,False,2.962820148171302e-07
amount_full,1560,True,False,1.5167898543304679e-06
amount_full,1561,True,False,1.3482390324119115e-06
amount_full,1562,True,False,4.030828021285723e-07
amount_full,1563,True,False,2.2870649943876556e-06
amount_full,1564,True,False,3.0743717112671908e-06
amount_full,1565,True,False,7.154092950354359e-06
amount_full,1566,True,False,1.218449392685262e-06
amount_full,1567,True,False,6.662877749040867e-07
amount_full,1568,True,False,5.197835762427809e-07
amount_full,1569,True,False,1.0323094415258496e-06
amount_full,1570,True,False,2.2851280387510584e-06
amount_full,1571,True,False,8.214296460417753e-07
amount_full,1572,True,False,1.1459216798622402e-06
amount_full,1573,True,False,5.858550441918028e-08
amount_full,1574,True,False,3.2376251275935396e-06
amount_full,1575,True,False,3.368502870817518e-07
amount_full,1576,True,False,2.7344910412037434e-06
amount_full,1577,True,False,1.0578783204044134e-07
amount_full,1578,True,False,8.468841381993193e-07
amount_full,1579,True,False,1.6071749976386655e-06
amount_full,1580,True,False,1.3282644938534557e-06
amount_full,1581,True,False,8.23995604377447e-07
amount_full,1582,True,False,4.308129292763426e-06
amount_full,1583,True,False,7.674842124591564e-07
amount_full,1584,True,False,1.9237313435787474e-07
amount_full,1585,True,False,5.805261719176185e-07
amount_full,1586,True,False,5.790404612072802e-07
amount_full,1587,True,False,2.430585053491603e-07
amount_full,1588,True,False,1.5249171849897073e-06
amount_full,1589,True,False,1.0364374615447679e-07
amount_full,1590,True,False,6.774940741248955e-06
amount_full,1591,True,False,4.147883743766494e-07
amount_full,1592,True,False,3.4435685126951255e-07
amount_full,1593,True,False,9.643382679390664e-06
amount_full,1594,True,False,6.771743671423207e-07
amount_full,1595,True,False,1.0462437410794741e-06
amount_full,1596,True,False,1.483916707732771e-06
amount_full,1597,True,False,5.190413000927465e-07
amount_full,1598,True,False,6.589143024839409e-07
amount_full,1599,True,False,1.219078232807491e-07
amount_full,1600,True,False,6.391333544245097e-07
amount_full,1601,True,False,9.81077211227983e-07
amount_full,1602,True,False,1.7896733520616723e-07
amount_full,1603,True,False,8.233440727111971e-07
amount_full,1604,True,False,5.22555741154679e-07
amount_full,1605,True,False,1.9359737421228113e-06
amount_full,1606,True,False,1.4654327294464438e-06
amount_full,1607,True,False,2.731745321058741e-06
amount_full,1608,True,False,3.2827260907510186e-07
amount_full,1609,True,False,1.270981686408088e-06
amount_full,1610,True,False,4.92505251229531e-07
amount_full,1611,True,False,8.6321271640598e-07
amount_full,1612,True,False,1.2665207297328235e-07
amount_full,1613,True,False,1.3293475517427328e-06
amount_full,1614,True,False,8.209356175701158e-07
amount_full,1615,True,False,1.565965908103588e-06
amount_full,1616,True,False,9.815823071541377e-07
amount_full,1617,True,False,1.8981347933504626e-06
amount_full,1618,True,False,1.2704247167266823e-06
amount_full,1619,True,False,7.758849368030537e-07
amount_full,1620,True,False,8.590565848995525e-07
amount_full,1621,True,False,3.066420254555636e-06
amount_full,1622,True,False,2.8318433847087624e-07
amount_full,1623,True,False,1.9113311948169284e-07
amount_full,1624,True,False,1.004582737219457e-06
amount_full,1625,True,False,1.8833559222075312e-07
amount_full,1626,True,False,1.4186921827348815e-07
amount_full,1627,True,False,5.499653622203046e-07
amount_full,1628,True,False,6.051201938879268e-07
amount_full,1629,True,False,2.0196762886374815e-06
amount_full,1630,True,False,4.890695369866609e-07
amount_full,1631,True,False,4.579546736895916e-07
amount_full,1632,True,False,7.35086999997357e-07
amount_full,1633,True,False,6.2284824970932245e-06
amount_full,1634,True,False,9.1160084885189e-07
amount_full,1635,True,False,1.0349371301754882e-07
amount_full,1636,True,False,2.8642874684923084e-06
amount_full,1637,True,False,5.343562618126367e-07
amount_full,1638,True,False,5.490230378950027e-07
amount_full,1639,True,False,3.3387772960048653e-07
amount_full,1640,True,False,5.64984362502842e-07
amount_full,1641,True,False,1.2450776623144568e-06
amount_full,1642,True,False,2.054541154338854e-06
amount_full,1643,True,False,2.2355444663796717e-06
amount_full,1644,True,False,2.2097052078077777e-07
amount_full,1645,True,False,2.875521422846256e-06
amount_full,1646,True,False,7.386266266297069e-07
amount_full,1647,True,False,7.486916449673833e-07
amount_full,1648,True,False,1.3335709138822242e-07
amount_full,1649,True,False,2.597554102362499e-07
amount_full,1650,True,False,3.3826610034302856e-07
amount_full,1651,True,False,1.026397612237293e-06
amount_full,1652,True,False,8.417209678454465e-07
amount_full,1653,True,False,5.227807211262658e-06
amount_full,1654,True,False,2.3678940923977226e-07
amount_full,1655,True,False,3.877341831454932e-07
amount_full,1656,True,False,2.661106293985283e-07
amount_full,1657,True,False,1.9775884162294937e-07
amount_full,1658,True,False,3.0391819591382446e-07
amount_full,1659,True,False,9.719821032982561e-07
amount_full,1660,True,False,5.125297664699849e-07
amount_full,1661,True,False,1.9835748930879278e-06
amount_full,1662,True,False,1.7519598803195497e-07
amount_full,1663,True,False,1.6421941688718933e-06
amount_full,1664,True,False,1.3027899097995574e-06
amount_full,1665,True,False,8.30960015878149e-07
amount_full,1666,True,False,3.175292176762133e-07
amount_full,1667,True,False,3.0905354775277656e-06
amount_full,1668,True,False,1.135146640652621e-06
amount_full,1669,True,False,1.2873164974230167e-06
amount_full,1670,True,False,4.385487132240971e-07
amount_full,1671,True,False,8.330990230561808e-07
amount_full,1672,True,False,3.157551836139824e-07
amount_full,1673,True,False,2.391435604773872e-07
amount_full,1674,True,False,2.6326647945341616e-06
amount_full,1675,True,False,1.164119645020058e-06
amount_full,1676,True,False,8.466297527451742e-07
amount_full,1677,True,False,6.303951778590533e-07
amount_full,1678,True,False,1.0271923735496912e-06
amount_full,1679,True,False,4.5352616649230585e-07
amount_full,1680,True,False,5.866436275166391e-07
amount_full,1681,True,False,6.74846749285227e-07
amount_full,1682,True,False,5.006002315444692e-07
amount_full,1683,True,False,1.4683171029948846e-06
amount_full,1684,True,False,1.1915377027589414e-06
amount_full,1685,True,False,8.912913743098634e-07
amount_full,1686,True,False,2.8022757114685434e-06
amount_full,1687,True,False,4.166700844040237e-07
amount_full,1688,True,False,1.3737389669852225e-06
amount_full,1689,True,False,1.0472342155322946e-06
amount_full,1690,True,False,2.8469584566616264e-06
amount_full,1691,True,False,6.456432177823719e-07
amount_full,1692,True,False,1.1524242467183378e-06
amount_full,1693,True,False,2.139405712337153e-07
amount_full,1694,True,False,2.51521475698974e-07
amount_full,1695,True,False,4.2421005787620694e-07
amount_full,1696,True,False,1.3766711231167443e-06
amount_full,1697,True,False,3.2418837421400263e-07
amount_full,1698,True,False,6.835691365291707e-07
amount_full,1699,True,False,4.96181714732345e-07
amount_full,1700,True,False,3.6201079911470485e-06
amount_full,1701,True,False,2.3824968331875296e-06
amount_full,1702,True,False,1.5727115331464016e-06
amount_full,1703,True,False,1.9159759209810326e-06
amount_full,1704,True,False,1.0351657895961644e-06
amount_full,1705,True,False,1.592866021855988e-07
amount_full,1706,True,False,1.67976723148152e-06
amount_full,1707,True,False,5.718491978469778e-07
amount_full,1708,True,False,2.8727350715272403e-07
amount_full,1709,True,False,3.5063641661800153e-07
amount_full,1710,True,False,2.7820327136743862e-06
amount_full,1711,True,False,6.21569299774557e-07
amount_full,1712,True,False,1.0231089522068633e-06
amount_full,1713,True,False,1.4667683587548123e-07
amount_full,1714,True,False,3.518273457867464e-07
amount_full,1715,True,False,1.1370010969926106e-06
amount_full,1716,True,False,3.8704308424573095e-07
amount_full,1717,True,False,2.4558113493869363e-06
amount_full,1718,True,False,1.7913814702347734e-06
amount_full,1719,True,False,5.976125568376859e-07
amount_full,1720,True,False,1.5207188570510433e-06
amount_full,1721,True,False,1.440874521471214e-06
amount_full,1722,True,False,8.628387316024327e-07
amount_full,1723,True,False,2.0635812428187573e-06
amount_full,1724,True,False,1.5511791941345111e-06
amount_full,1725,True,False,8.385335541437748e-07
amount_full,1726,True,False,1.1612751300963714e-06
amount_full,1727,True,False,7.682592093822405e-07
amount_full,1728,True,False,7.731745696133262e-07
amount_full,1729,True,False,1.823872642906826e-06
amount_full,1730,True,False,2.4444424376135394e-06
amount_full,1731,True,False,6.618047703794689e-07
amount_full,1732,True,False,3.7633041577812983e-06
amount_full,1733,True,False,1.8438367049269103e-06
amount_full,1734,True,False,9.443043686921778e-07
amount_full,1735,True,False,1.0333846842281865e-06
amount_full,1736,True,False,5.115840181481546e-07
amount_full,1737,True,False,1.0211866307295197e-06
amount_full,1738,True,False,6.617744336782723e-07
amount_full,1739,True,False,1.1946715369068428e-06
amount_full,1740,True,False,1.8432625521470893e-06
amount_full,1741,True,False,3.845781717353266e-06
amount_full,1742,True,False,1.2021874893025762e-06
amount_full,1743,True,False,5.076026154149452e-07
amount_full,1744,True,False,6.921740670972284e-06
amount_full,1745,True,False,9.091993334831665e-07
amount_full,1746,True,False,2.824609067904438e-06
amount_full,1747,True,False,1.2490515256887477e-06
amount_full,1748,True,False,4.1856567609866537e-07
amount_full,1749,True,False,3.524300385855124e-06
amount_full,1750,True,False,4.532609696260546e-07
amount_full,1751,True,False,7.192396359126122e-07
amount_full,1752,True,False,5.961347790167295e-07
amount_full,1753,True,False,7.410108755713751e-07
amount_full,1754,True,False,1.7508275494060067e-07
amount_full,1755,True,False,2.649354895584277e-07
amount_full,1756,True,False,5.69715685241464e-07
amount_full,1757,True,False,9.308275207165496e-07
amount_full,1758,True,False,3.1134814608951643e-06
amount_full,1759,True,False,1.3811116732244134e-06
amount_full,1760,True,False,1.3159423279335564e-06
amount_full,1761,True,False,1.3203274147148365e-06
amount_full,1762,True,False,1.8693386552496702e-07
amount_full,1763,True,False,2.6979759463305673e-06
amount_full,1764,True,False,8.41567549677739e-07
amount_full,1765,True,False,1.6680892174888773e-06
amount_full,1766,True,False,5.984663645185276e-07
amount_full,1767,True,False,2.3356461497003554e-06
amount_full,1768,True,False,9.365222242489646e-07
amount_full,1769,True,False,1.3587483012079057e-06
amount_full,1770,True,False,4.8045662931168e-07
amount_full,1771,True,False,1.0386331609723969e-07
amount_full,1772,True,False,1.1029420149898846e-06
amount_full,1773,True,False,3.933828434356317e-06
amount_full,1774,True,False,2.7214539250177823e-06
amount_full,1775,True,False,5.755968800971552e-07
amount_full,1776,True,False,2.678631886265207e-07
amount_full,1777,True,False,5.351325348068106e-06
amount_full,1778,True,False,1.7073444401999032e-06
amount_full,1779,True,False,1.3934428740990922e-06
amount_full,1780,True,False,1.1272888966730445e-06
amount_full,1781,True,False,1.825270678063405e-07
amount_full,1782,True,False,3.5402481429657973e-07
amount_full,1783,True,False,7.49935773983251e-07
amount_full,1784,True,False,1.2165242508317067e-06
amount_full,1785,True,False,1.76985400044648e-06
amount_full,1786,True,False,6.734622183473161e-07
amount_full,1787,True,False,1.278144172488075e-06
amount_full,1788,True,False,8.080779931392714e-07
amount_full,1789,True,False,1.165838648281286e-06
amount_full,1790,True,False,7.693887334497059e-07
amount_full,1791,True,False,1.0235241417142932e-06
amount_full,1792,True,False,7.414616594552374e-07
amount_full,1793,True,False,4.2658823579876193e-07
amount_full,1794,True,False,7.945616525150759e-07
amount_full,1795,True,False,3.5244801904292734e-07
amount_full,1796,True,False,1.0844030992170427e-06
amount_full,1797,True,False,1.3782186952335909e-06
amount_full,1798,True,False,4.6016503633118885e-06
amount_full,1799,True,False,6.682958907343987e-07
amount_full,1800,True,False,1.0645250029184423e-06
amount_full,1801,True,False,3.3730701710852706e-06
amount_full,1802,True,False,1.2390219730064636e-06
amount_full,1803,True,False,6.034520493774861e-07
amount_full,1804,True,False,4.745943470718256e-07
amount_full,1805,True,False,1.0311796063521745e-07
amount_full,1806,True,False,2.7121998411302724e-07
amount_full,1807,True,False,5.520735538730225e-07
amount_full,1808,True,False,7.150169106242765e-07
amount_full,1809,True,False,6.383531690645598e-07
amount_full,1810,True,False,4.5005444154662995e-06
amount_full,1811,True,False,2.6383135860883834e-06
amount_full,1812,True,False,2.0737341619191767e-06
amount_full,1813,True,False,1.5495608375039722e-06
amount_full,1814,True,False,3.0019608967742765e-06
amount_full,1815,True,False,3.629266921572158e-07
amount_full,1816,True,False,2.4627639361417517e-07
amount_full,1817,True,False,3.5953607693958983e-07
amount_full,1818,True,False,8.990205436533439e-07
amount_full,1819,True,False,5.402939731921488e-07
amount_full,1820,True,False,3.671105642841496e-07
amount_full,1821,True,False,1.391350784710098e-07
amount_full,1822,True,False,2.924238160114351e-07
amount_full,1823,True,False,4.288190512895707e-07
amount_full,1824,True,False,1.6451979004043336e-07
amount_full,1825,True,False,1.7249092328943557e-07
amount_full,1826,True,False,3.8825633557676147e-07
amount_full,1827,True,False,5.170165168799565e-07
amount_full,1828,True,False,9.753123148241014e-07
amount_full,1829,True,False,1.3622496084235163e-06
amount_full,1830,True,False,1.0806299179712498e-06
amount_full,1831,True,False,1.2134061469187626e-06
amount_full,1832,True,False,6.671548857952055e-07
amount_full,1833,True,False,2.997774677375898e-07
amount_full,1834,True,False,7.320956082012865e-07
amount_full,1835,True,False,4.157032861797397e-07
amount_full,1836,True,False,1.6389205933707098e-06
amount_full,1837,True,False,3.175774227884591e-07
amount_full,1838,True,False,8.010911374139885e-07
amount_full,1839,True,False,4.534550075277781e-07
amount_full,1840,True,False,8.91709852299837e-07
amount_full,1841,True,False,9.922468150612357e-07
amount_full,1842,True,False,3.468078032092125e-07
amount_full,1843,True,False,3.995980067429835e-07
amount_full,1844,True,False,1.0738266466209193e-06
amount_full,1845,True,False,7.085221715581765e-07
amount_full,1846,True,False,3.8064763701926377e-07
amount_full,1847,True,False,1.1687936991214834e-06
amount_full,1848,True,False,2.1961944625403633e-06
amount_full,1849,True,False,2.509642043958724e-06
amount_full,1850,True,False,4.9837836514505535e-06
amount_full,1851,True,False,3.4496246500106864e-06
amount_full,1852,True,False,7.635538457415878e-07
amount_full,1853,True,False,2.014608221930221e-06
amount_full,1854,True,False,7.787295352194016e-07
amount_full,1855,True,False,4.980365877369286e-07
amount_full,1856,True,False,3.7269915301365067e-07
amount_full,1857,True,False,2.7088403006045333e-07
amount_full,1858,True,False,3.1239018820148215e-06
amount_full,1859,True,False,1.2753445372601307e-07
amount_full,1860,True,False,3.113990703790543e-07
amount_full,1861,True,False,7.677447235631672e-07
amount_full,1862,True,False,1.2444601368060316e-06
amount_full,1863,True,False,5.210941294477499e-07
amount_full,1864,True,False,4.4167571061926115e-07
amount_full,1865,True,False,1.6926712120303353e-06
amount_full,1866,True,False,1.5326572542675086e-06
amount_full,1867,True,False,1.4568056371031e-06
amount_full,1868,True,False,4.439177551099572e-07
amount_full,1869,True,False,3.250712966615651e-06
amount_full,1870,True,False,5.595944025565106e-07
amount_full,1871,True,False,4.5928272055914724e-07
amount_full,1872,True,False,1.6866785189485828e-06
amount_full,1873,True,False,9.835086427136543e-07
amount_full,1874,True,False,2.2158424457697316e-07
amount_full,1875,True,False,5.687948587289378e-07
amount_full,1876,True,False,1.6607657805235051e-06
amount_full,1877,True,False,8.596555393453661e-07
amount_full,1878,True,False,1.592953545513085e-06
amount_full,1879,True,False,3.65676157751911e-07
amount_full,1880,True,False,1.6206981961023805e-06
amount_full,1881,True,False,4.551114095467302e-07
amount_full,1882,True,False,2.254030738811408e-06
amount_full,1883,True,False,1.2303784531990269e-06
amount_full,1884,True,False,5.087950482224284e-07
amount_full,1885,True,False,1.8107732623964306e-07
amount_full,1886,True,False,1.1692703976801313e-06
amount_full,1887,True,False,3.377458645761544e-07
amount_full,1888,True,False,6.096264307586807e-07
amount_full,1889,True,False,1.0979971122148806e-06
amount_full,1890,True,False,1.0618935863868914e-06
amount_full,1891,True,False,1.461516510825033e-07
amount_full,1892,True,False,1.5867669297205152e-06
amount_full,1893,True,False,8.637812160576164e-06
amount_full,1894,True,False,7.682688724781924e-07
amount_full,1895,True,False,9.86776967262529e-07
amount_full,1896,True,False,3.0357950678789862e-06
amount_full,1897,True,False,2.127419985417838e-06
amount_full,1898,True,False,1.2138157554112235e-06
amount_full,1899,True,False,2.671346201556954e-06
amount_full,1900,True,False,1.240264874134467e-07
amount_full,1901,True,False,3.883759416630942e-06
amount_full,1902,True,False,1.5413258162875313e-06
amount_full,1903,True,False,1.1102525357677535e-06
amount_full,1904,True,False,1.0224126795770436e-06
amount_full,1905,True,False,1.5009199179535935e-06
amount_full,1906,True,False,5.803306303726186e-07
amount_full,1907,True,False,1.6347829026188018e-06
amount_full,1908,True,False,1.197625183575857e-06
amount_full,1909,True,False,1.8785997067309165e-07
amount_full,1910,True,False,6.784674787169923e-07
amount_full,1911,True,False,2.754225615107402e-06
amount_full,1912,True,False,1.07857605212759e-06
amount_full,1913,True,False,2.7126144838439483e-06
amount_full,1914,True,False,4.7388923182155e-06
amount_full,1915,True,False,4.0567315006666604e-07
amount_full,1916,True,False,4.830261082245311e-07
amount_full,1917,True,False,6.428100205078551e-07
amount_full,1918,True,False,2.5300921468868967e-06
amount_full,1919,True,False,1.9247997091920803e-07
amount_full,1920,True,False,2.4408307367747323e-07
amount_full,1921,True,False,4.7391238005433726e-07
amount_full,1922,True,False,1.1318915225298046e-06
amount_full,1923,True,False,5.065335234467073e-07
amount_full,1924,True,False,1.6701583314765658e-06
amount_full,1925,True,False,3.2855774249465357e-07
amount_full,1926,True,False,6.950488413823874e-07
amount_full,1927,True,False,7.401527783336647e-08
amount_full,1928,True,False,3.605932586059184e-06
amount_full,1929,True,False,8.587966130572833e-07
amount_full,1930,True,False,1.4754879774078845e-06
amount_full,1931,True,False,2.5541287799491022e-06
amount_full,1932,True,False,1.2261419198935123e-06
amount_full,1933,True,False,7.349934452684297e-07
amount_full,1934,True,False,1.1352675215358642e-06
amount_full,1935,True,False,2.965958118003375e-07
amount_full,1936,True,False,5.932187942842207e-07
amount_full,1937,True,False,4.192565971021249e-07
amount_full,1938,True,False,7.801698745682464e-07
amount_full,1939,True,False,8.216904384351332e-07
amount_full,1940,True,False,1.6423912143661696e-06
amount_full,1941,True,False,1.273084964250004e-06
amount_full,1942,True,False,5.440881471987562e-07
amount_full,1943,True,False,7.373077996058005e-07
amount_full,1944,True,False,8.907890779992358e-07
amount_full,1945,True,False,5.599405127283392e-07
amount_full,1946,True,False,4.792512691788067e-07
amount_full,1947,True,False,1.3998081876762123e-06
amount_full,1948,True,False,1.0685302929340713e-06
amount_full,1949,True,False,3.039743272345351e-06
amount_full,1950,True,False,4.2222031387971413e-07
amount_full,1951,True,False,1.2052353042172166e-06
amount_full,1952,True,False,1.0427757455770246e-07
amount_full,1953,True,False,5.530157893908553e-07
amount_full,1954,True,False,5.64721391466168e-07
amount_full,1955,True,False,5.84692326695148e-07
amount_full,1956,True,False,1.1814872046933545e-06
amount_full,1957,True,False,5.452517336257725e-06
amount_full,1958,True,False,1.1590913101290127e-06
amount_full,1959,True,False,2.225312761459859e-06
amount_full,1960,True,False,1.3744608108318813e-06
amount_full,1961,True,False,1.259472096611041e-06
amount_full,1962,True,False,9.191625832956868e-07
amount_full,1963,True,False,3.513119202742568e-07
amount_full,1964,True,False,6.786154396571671e-08
amount_full,1965,True,False,2.7639802996931947e-06
amount_full,1966,True,False,6.635443354365962e-07
amount_full,1967,True,False,5.643137002513982e-07
amount_full,1968,True,False,1.4318685009086543e-06
amount_full,1969,True,False,6.950409250481326e-07
amount_full,1970,True,False,2.9450118776303682e-06
amount_full,1971,True,False,1.3177492370992378e-06
amount_full,1972,True,False,6.373522649821544e-07
amount_full,1973,True,False,1.0281899734839007e-06
amount_full,1974,True,False,2.327873829466066e-07
amount_full,1975,True,False,4.824477089735711e-07
amount_full,1976,True,False,5.58014595175409e-07
amount_full,1977,True,False,4.280681426456277e-07
amount_full,1978,True,False,1.5835709290256023e-06
amount_full,1979,True,False,1.9816933657244944e-06
amount_full,1980,True,False,3.202215067773606e-07
amount_full,1981,True,False,9.063800151880428e-07
amount_full,1982,True,False,1.29968962442612e-07
amount_full,1983,True,False,9.233650605893385e-07
amount_full,1984,True,False,6.698374263641199e-07
amount_full,1985,True,False,7.624668921669143e-07
amount_full,1986,True,False,1.1172728567333477e-06
amount_full,1987,True,False,4.6905389873813044e-07
amount_full,1988,True,False,1.7063824729064085e-06
amount_full,1989,True,False,8.475682002702165e-07
amount_full,1990,True,False,4.931961028928365e-07
amount_full,1991,True,False,3.917046472301754e-07
amount_full,1992,True,False,1.612842228097143e-06
amount_full,1993,True,False,4.642435572472208e-07
amount_full,1994,True,False,9.060079328808231e-07
amount_full,1995,True,False,4.5530544764294535e-07
amount_full,1996,True,False,6.008003037787141e-07
amount_full,1997,True,False,1.2735023501182886e-06
amount_full,1998,True,False,2.100443419945868e-06
amount_full,1999,True,False,3.4232661045952585e-06
amount_full,2000,True,False,8.520488642320544e-07
amount_full,2001,True,False,4.972506847971223e-07
amount_full,2002,True,False,3.070059563637466e-07
amount_full,2003,True,False,9.027721711661293e-07
amount_full,2004,True,False,4.3365156763805096e-07
amount_full,2005,True,False,5.309721157780265e-07
amount_full,2006,True,False,3.300948415942049e-06
amount_full,2007,True,False,5.767259600235462e-08
amount_full,2008,True,False,1.0434152674729671e-06
amount_full,2009,True,False,8.799143429416081e-07
amount_full,2010,True,False,2.2532163319842734e-06
amount_full,2011,True,False,9.560528475664389e-07
amount_full,2012,True,False,8.846868945503453e-07
amount_full,2013,True,False,1.0417947017371856e-06
amount_full,2014,True,False,3.513771347302495e-06
amount_full,2015,True,False,3.26245134276574e-06
amount_full,2016,True,False,1.1012947559444153e-06
amount_full,2017,True,False,1.0664758382618312e-07
amount_full,2018,True,False,7.129035860601067e-07
amount_full,2019,True,False,2.2128671715788842e-07
amount_full,2020,True,False,1.749134703608646e-06
amount_full,2021,True,False,8.729120863114428e-07
amount_full,2022,True,False,1.3666668746933916e-06
amount_full,2023,True,False,8.06526574488952e-07
amount_full,2024,True,False,1.3099568944351681e-06
amount_full,2025,True,False,8.404664744084975e-07
amount_full,2026,True,False,9.36734397076204e-07
amount_full,2027,True,False,1.4720501073213031e-06
amount_full,2028,True,False,5.383738253532034e-07
amount_full,2029,True,False,5.980088776454878e-07
amount_full,2030,True,False,1.9877795077959125e-06
amount_full,2031,True,False,5.937637701053823e-07
amount_full,2032,True,False,1.8267923241393752e-06
amount_full,2033,True,False,4.6247850462928864e-07
amount_full,2034,True,False,7.207346101475288e-07
amount_full,2035,True,False,7.098697225483541e-07
amount_full,2036,True,False,9.254757648767633e-07
amount_full,2037,True,False,1.595636402270924e-07
amount_full,2038,True,False,1.43008041177172e-06
amount_full,2039,True,False,1.232619407657522e-06
amount_full,2040,True,False,3.572206607025834e-07
amount_full,2041,True,False,9.235042281456496e-08
amount_full,2042,True,False,8.77700457929878e-07
amount_full,2043,True,False,2.1304325781728207e-07
amount_full,2044,True,False,8.143781221261438e-07
amount_full,2045,True,False,6.604744053823904e-07
amount_full,2046,True,False,1.4208020995879551e-06
amount_full,2047,True,False,1.6069541500207755e-06
amount_full,2048,True,False,8.544513190005119e-07
amount_full,2049,True,False,7.036353129401637e-07
amount_full,2050,True,False,3.613411500213506e-07
amount_full,2051,True,False,7.127506879733766e-07
amount_full,2052,True,False,4.2778914201378436e-07
amount_full,2053,True,False,8.952094013792318e-07
amount_full,2054,True,False,1.959220165127693e-07
amount_full,2055,True,False,6.205637189608055e-06
amount_full,2056,True,False,8.830058460288739e-07
amount_full,2057,True,False,1.298021174792032e-06
amount_full,2058,True,False,5.378368773475992e-07
amount_full,2059,True,False,5.406271404273926e-07
amount_full,2060,True,False,3.2922380869726783e-06
amount_full,2061,True,False,5.863622920517389e-07
amount_full,2062,True,False,1.0264780670586869e-06
amount_full,2063,True,False,2.6602743374294056e-06
amount_full,2064,True,False,2.104396113736636e-06
amount_full,2065,True,False,1.062295067410176e-06
amount_full,2066,True,False,7.476328993817767e-08
amount_full,2067,True,False,2.4665356358294407e-06
amount_full,2068,True,False,1.2775898982129359e-06
amount_full,2069,True,False,5.909015316137459e-07
amount_full,2070,True,False,1.002331897696905e-06
amount_full,2071,True,False,4.349013151909898e-06
amount_full,2072,True,False,3.1244964933329933e-07
amount_full,2073,True,False,1.8825677016757022e-07
amount_full,2074,True,False,5.084063497320023e-07
amount_full,2075,True,False,1.241364209979532e-06
amount_full,2076,True,False,5.033673704193597e-07
amount_full,2077,True,False,9.119043361660017e-07
amount_full,2078,True,False,1.0913452957974927e-06
amount_full,2079,True,False,9.480721326940262e-07
amount_full,2080,True,False,1.1367351849547228e-06
amount_full,2081,True,False,6.635616002506678e-07
amount_full,2082,True,False,1.028019533112271e-06
amount_full,2083,True,False,1.7979555071395663e-06
amount_full,2084,True,False,1.027611735342023e-06
amount_full,2085,True,False,1.6094834390779657e-06
amount_full,2086,True,False,7.732703754719498e-07
amount_full,2087,True,False,8.789517099700573e-07
amount_full,2088,True,False,4.082622776138993e-07
amount_full,2089,True,False,3.851069124868817e-07
amount_full,2090,True,False,7.299932971966863e-07
amount_full,2091,True,False,6.905261521331632e-07
amount_full,2092,True,False,3.8629959659439995e-07
amount_full,2093,True,False,8.460459809625975e-07
amount_full,2094,True,False,1.2706806070753334e-06
amount_full,2095,True,False,2.056729400498634e-06
amount_full,2096,True,False,3.1372080396529974e-07
amount_full,2097,True,False,1.5460686252010193e-06
amount_full,2098,True,False,8.903266910847528e-07
amount_full,2099,True,False,1.996746115898802e-06
amount_full,2100,True,False,4.612955602701132e-07
amount_full,2101,True,False,1.5132741849229675e-06
amount_full,2102,True,False,1.2811111845683812e-06
amount_full,2103,True,False,5.302704079293462e-07
amount_full,2104,True,False,7.993327847018933e-07
amount_full,2105,True,False,9.467112282615713e-07
amount_full,2106,True,False,1.0403495706553937e-06
amount_full,2107,True,False,7.340548405876714e-07
amount_full,2108,True,False,6.580306018831674e-07
amount_full,2109,True,False,4.3601726197563724e-07
amount_full,2110,True,False,7.652579294504421e-07
amount_full,2111,True,False,2.761155171723837e-06
amount_full,2112,True,False,1.9409571028606636e-06
amount_full,2113,True,False,2.77752409758629e-06
amount_full,2114,True,False,8.593098483833789e-07
amount_full,2115,True,False,2.8401840589998135e-06
amount_full,2116,True,False,3.962963438003276e-06
amount_full,2117,True,False,1.7370594174232451e-06
amount_full,2118,True,False,2.369626891390742e-06
amount_full,2119,True,False,3.269369342376701e-06
amount_full,2120,True,False,2.1834513969828553e-06
amount_full,2121,True,False,6.107882673171907e-07
amount_full,2122,True,False,6.07183642667167e-07
amount_full,2123,True,False,1.4819326845952633e-07
amount_full,2124,True,False,2.0307126472129227e-07
amount_full,2125,True,False,7.673519143444384e-07
amount_full,2126,True,False,6.465900106759305e-07
amount_full,2127,True,False,5.485894287379879e-07
amount_full,2128,True,False,3.5582075714794877e-07
amount_full,2129,True,False,7.011307693700603e-07
amount_full,2130,True,False,1.034960473226257e-06
amount_full,2131,True,False,2.0976571527016917e-06
amount_full,2132,True,False,1.1073054370132615e-06
amount_full,2133,True,False,1.3354887347429813e-06
amount_full,2134,True,False,2.9213695949463055e-07
amount_full,2135,True,False,1.6672736086723829e-06
amount_full,2136,True,False,2.9429136539405206e-07
amount_full,2137,True,False,3.144429341814268e-07
amount_full,2138,True,False,7.479533489743477e-07
amount_full,2139,True,False,2.5471138799759547e-07
amount_full,2140,True,False,3.601306517828024e-07
amount_full,2141,True,False,2.2411204714245514e-07
amount_full,2142,True,False,1.2447562358682512e-06
amount_full,2143,True,False,4.85233315265838e-07
amount_full,2144,True,False,1.453473196637108e-06
amount_full,2145,True,False,1.3202871388588692e-06
amount_full,2146,True,False,1.0993379791671446e-06
amount_full,2147,True,False,9.110913657775074e-07
amount_full,2148,True,False,3.732296496040215e-06
amount_full,2149,True,False,3.4902504530658204e-06
amount_full,2150,True,False,5.576233410151142e-07
amount_full,2151,True,False,4.5941936548388186e-07
amount_full,2152,True,False,1.186711982741356e-06
amount_full,2153,True,False,3.6497575827950906e-07
amount_full,2154,True,False,3.4439070138087205e-07
amount_full,2155,True,False,4.559801906217104e-07
amount_full,2156,True,False,4.875241041182034e-07
amount_full,2157,True,False,5.425953028247663e-07
amount_full,2158,True,False,5.39422638744246e-07
amount_full,2159,True,False,7.902160722911075e-07
amount_full,2160,True,False,1.545471031772587e-07
amount_full,2161,True,False,2.87295218269651e-07
amount_full,2162,True,False,3.327426331171753e-07
amount_full,2163,True,False,1.6370490824270867e-07
amount_full,2164,True,False,1.0957576091099402e-06
amount_full,2165,True,False,9.621900539001649e-07
amount_full,2166,True,False,2.2045514115015905e-06
amount_full,2167,True,False,3.570745943105118e-06
amount_full,2168,True,False,5.142961732151086e-07
amount_full,2169,True,False,2.3158250953550731e-07
amount_full,2170,True,False,1.438147858293732e-06
amount_full,2171,True,False,6.70207388579079e-07
amount_full,2172,True,False,1.4877118662715423e-06
amount_full,2173,True,False,2.4889327249230916e-06
amount_full,2174,True,False,1.1364213945933071e-07
amount_full,2175,True,False,6.470908299471428e-07
amount_full,2176,True,False,8.845689249175805e-07
amount_full,2177,True,False,1.8961060984345942e-07
amount_full,2178,True,False,1.7685474851236241e-06
amount_full,2179,True,False,8.583991778046919e-07
amount_full,2180,True,False,1.598905779311226e-06
amount_full,2181,True,False,7.878521580659939e-08
amount_full,2182,True,False,9.896804358171626e-07
amount_full,2183,True,False,3.6373982436306603e-06
amount_full,2184,True,False,1.6588453847537678e-06
amount_full,2185,True,False,1.5393605012825526e-06
amount_full,2186,True,False,3.615725736296079e-07
amount_full,2187,True,False,7.41848792122118e-07
amount_full,2188,True,False,1.6216083813713027e-06
amount_full,2189,True,False,2.3206489989777733e-06
amount_full,2190,True,False,2.2350150642367857e-06
amount_full,2191,True,False,1.8694602651212348e-06
amount_full,2192,True,False,4.621085088165497e-07
amount_full,2193,True,False,4.6977259088950167e-07
amount_full,2194,True,False,6.882683324177072e-07
amount_full,2195,True,False,1.2745124599366243e-06
amount_full,2196,True,False,3.888246329949692e-07
amount_full,2197,True,False,2.0989169785699741e-07
amount_full,2198,True,False,1.3000913012804284e-06
amount_full,2199,True,False,2.8172667808691425e-07
amount_full,2200,True,False,2.539087188029002e-07
amount_full,2201,True,False,6.487674558736396e-07
amount_full,2202,True,False,4.772935906994653e-07
amount_full,2203,True,False,1.2376640778327067e-06
amount_full,2204,True,False,1.0609645996527995e-06
amount_full,2205,True,False,1.257626463174854e-06
amount_full,2206,True,False,1.2448614152507298e-06
amount_full,2207,True,False,8.256522803987933e-07
amount_full,2208,True,False,5.353237481210602e-07
amount_full,2209,True,False,2.1097939121077668e-06
amount_full,2210,True,False,7.207364200100887e-07
amount_full,2211,True,False,1.564444464453204e-07
amount_full,2212,True,False,1.495178070318445e-06
amount_full,2213,True,False,9.084272140870097e-07
amount_full,2214,True,False,2.409446355355002e-07
amount_full,2215,True,False,9.77535610631413e-07
amount_full,2216,True,False,2.951745092694217e-06
amount_full,2217,True,False,7.686084441968682e-07
amount_full,2218,True,False,2.6944827518001765e-07
amount_full,2219,True,False,2.082925589899298e-07
amount_full,2220,True,False,4.317668295083336e-07
amount_full,2221,True,False,9.12888566948197e-07
amount_full,2222,True,False,3.538459408285228e-06
amount_full,2223,True,False,1.064402132409217e-07
amount_full,2224,True,False,1.446382092101754e-06
amount_full,2225,True,False,1.1459812297837629e-06
amount_full,2226,True,False,1.2179106565820075e-06
amount_full,2227,True,False,6.937684557966727e-07
amount_full,2228,True,False,1.0052844969286808e-06
amount_full,2229,True,False,1.7776450372620143e-06
amount_full,2230,True,False,1.1114192941365059e-06
amount_full,2231,True,False,3.747567828563175e-07
amount_full,2232,True,False,5.002697788469845e-07
amount_full,2233,True,False,6.293256979597655e-07
amount_full,2234,True,False,1.4651903596719098e-06
amount_full,2235,True,False,7.935374797062276e-07
amount_full,2236,True,False,6.009483333316443e-07
amount_full,2237,True,False,3.1369048876515234e-06
amount_full,2238,True,False,2.838977271260813e-07
amount_full,2239,True,False,1.8678212061214366e-06
amount_full,2240,True,False,6.154253858389604e-07
amount_full,2241,True,False,7.455832989443123e-07
amount_full,2242,True,False,2.3066898281891503e-06
amount_full,2243,True,False,1.679582783891796e-06
amount_full,2244,True,False,5.911616585241876e-07
amount_full,2245,True,False,1.0082308940287042e-06
amount_full,2246,True,False,7.540171375891296e-07
amount_full,2247,True,False,1.602591197638918e-06
amount_full,2248,True,False,2.1193197233807194e-07
amount_full,2249,True,False,2.506285176657482e-06
amount_full,2250,True,False,2.8804516345783927e-07
amount_full,2251,True,False,7.846178480653126e-07
amount_full,2252,True,False,5.951547668862394e-07
amount_full,2253,True,False,2.2938564177257145e-06
amount_full,2254,True,False,1.2205754593461852e-06
amount_full,2255,True,False,1.3579786561542964e-06
amount_full,2256,True,False,8.637755740244011e-07
amount_full,2257,True,False,8.707802870942895e-06
amount_full,2258,True,False,1.9519715231101715e-07
amount_full,2259,True,False,1.03838349856713e-06
amount_full,2260,True,False,5.207503539715374e-07
amount_full,2261,True,False,1.4350316875588176e-06
amount_full,2262,True,False,5.082041139979226e-07
amount_full,2263,True,False,2.046425330698796e-06
amount_full,2264,True,False,8.944441511471932e-07
amount_full,2265,True,False,3.4595302378856947e-07
amount_full,2266,True,False,6.395036176820335e-07
amount_full,2267,True,False,4.566049182146442e-07
amount_full,2268,True,False,1.132604148488048e-06
amount_full,2269,True,False,1.6082062529365291e-06
amount_full,2270,True,False,4.2784447575105213e-07
amount_full,2271,True,False,2.7723985687356327e-06
amount_full,2272,True,False,1.0111965908555082e-06
amount_full,2273,True,False,7.758884190070354e-07
amount_full,2274,True,False,9.962247941298492e-08
amount_full,2275,True,False,7.27821667887867e-08
amount_full,2276,True,False,1.173306068239259e-06
amount_full,2277,True,False,3.664889538214518e-07
amount_full,2278,True,False,7.069549690359995e-07
amount_full,2279,True,False,2.04576113998631e-06
amount_full,2280,True,False,8.533005086973366e-07
amount_full,2281,True,False,7.943935943715186e-07
amount_full,2282,True,False,1.0180211520759487e-06
amount_full,2283,True,False,1.728889619258419e-06
amount_full,2284,True,False,3.2619362934869257e-07
amount_full,2285,True,False,7.456933729432143e-07
amount_full,2286,True,False,4.6145371973714475e-07
amount_full,2287,True,False,1.5085223392660252e-06
amount_full,2288,True,False,2.2171098449901786e-06
amount_full,2289,True,False,1.4926794488108576e-06
amount_full,2290,True,False,3.942436279424678e-07
amount_full,2291,True,False,1.6740852259027426e-07
amount_full,2292,True,False,6.95351699335864e-07
amount_full,2293,True,False,2.3554394322688697e-06
amount_full,2294,True,False,4.963286984266605e-07
amount_full,2295,True,False,1.927635750433346e-06
amount_full,2296,True,False,3.9991620703213447e-07
amount_full,2297,True,False,4.470550627784377e-07
amount_full,2298,True,False,9.941011590939815e-07
amount_full,2299,True,False,1.5838935263762193e-07
amount_full,2300,True,False,3.606681774350151e-07
amount_full,2301,True,False,6.763763037927388e-06
amount_full,2302,True,False,1.4819491989945195e-06
amount_full,2303,True,False,2.492784553188033e-06
amount_full,2304,True,False,2.507462988913642e-06
amount_full,2305,True,False,4.9883152574094844e-06
amount_full,2306,True,False,6.414140445637687e-08
amount_full,2307,True,False,1.2128005543687708e-06
amount_full,2308,True,False,7.125882632187896e-07
amount_full,2309,True,False,5.446457285965166e-07
amount_full,2310,True,False,7.701195603367913e-08
amount_full,2311,True,False,7.098678531253273e-07
amount_full,2312,True,False,3.6082895202281864e-07
amount_full,2313,True,False,1.2507732715535249e-06
amount_full,2314,True,False,6.41342675073208e-06
amount_full,2315,True,False,2.3525447239638583e-06
amount_full,2316,True,False,1.4082188463437084e-07
amount_full,2317,True,False,1.0073914344190123e-06
amount_full,2318,True,False,5.951340487475992e-07
amount_full,2319,True,False,4.68573279450048e-07
amount_full,2320,True,False,4.043767972462798e-07
amount_full,2321,True,False,1.043015907377609e-06
amount_full,2322,True,False,2.618279592637013e-07
amount_full,2323,True,False,1.4233048317959681e-06
amount_full,2324,True,False,1.04363073734881e-06
amount_full,2325,True,False,1.211151696805714e-06
amount_full,2326,True,False,9.666945362995736e-07
amount_full,2327,True,False,4.025803592334969e-07
amount_full,2328,True,False,8.856265702122013e-07
amount_full,2329,True,False,2.0723519121501932e-06
amount_full,2330,True,False,1.6073739895895631e-06
amount_full,2331,True,False,4.0608072092223884e-07
amount_full,2332,True,False,1.3683846504635183e-07
amount_full,2333,True,False,6.490288174188601e-07
amount_full,2334,True,False,5.444341292498752e-07
amount_full,2335,True,False,1.2789602949841791e-06
amount_full,2336,True,False,7.813427285586542e-07
amount_full,2337,True,False,1.0611504798548652e-06
amount_full,2338,True,False,1.0301078549365785e-06
amount_full,2339,True,False,7.405029932006658e-07
amount_full,2340,True,False,3.3232886537204786e-07
amount_full,2341,True,False,9.57103037307286e-07
amount_full,2342,True,False,8.524533454325747e-07
amount_full,2343,True,False,3.6172447852281386e-07
amount_full,2344,True,False,1.117918202841125e-06
amount_full,2345,True,False,1.6570697110234113e-06
amount_full,2346,True,False,1.842818035304614e-06
amount_full,2347,True,False,3.906610749434231e-06
amount_full,2348,True,False,1.346311002006347e-06
amount_full,2349,True,False,1.7434855368489614e-06
amount_full,2350,True,False,9.090773560431769e-07
amount_full,2351,True,False,1.382707302491409e-06
amount_full,2352,True,False,8.808516439074039e-07
amount_full,2353,True,False,2.9469540757511083e-07
amount_full,2354,True,False,2.45976334281077e-07
amount_full,2355,True,False,5.308570897533116e-07
amount_full,2356,True,False,2.1101875252005758e-07
amount_full,2357,True,False,3.1741905399566726e-06
amount_full,2358,True,False,1.1121869400320985e-06
amount_full,2359,True,False,1.4445872505475405e-07
amount_full,2360,True,False,6.000935941824371e-07
amount_full,2361,True,False,9.142026698535212e-07
amount_full,2362,True,False,1.0247365163406131e-06
amount_full,2363,True,False,3.6580659732022224e-07
amount_full,2364,True,False,1.1638518879866433e-06
amount_full,2365,True,False,7.67923587337243e-07
amount_full,2366,True,False,6.784002594292733e-07
amount_full,2367,True,False,8.513678560453099e-08
amount_full,2368,True,False,6.022381284908849e-07
amount_full,2369,True,False,1.789973282671137e-06
amount_full,2370,True,False,7.940496458392517e-07
amount_full,2371,True,False,2.2616673679143735e-06
amount_full,2372,True,False,2.9684801241596e-07
amount_full,2373,True,False,4.699929486050313e-07
amount_full,2374,True,False,4.701748743981962e-07
amount_full,2375,True,False,2.6603212306424817e-07
amount_full,2376,True,False,9.399413628977339e-07
amount_full,2377,True,False,1.9859823048047812e-07
amount_full,2378,True,False,9.5763741593201e-08
amount_full,2379,True,False,1.2261991090043802e-07
amount_full,2380,True,False,1.6416727122888702e-06
amount_full,2381,True,False,8.092148038043395e-07
amount_full,2382,True,False,3.3006085873440215e-07
amount_full,2383,True,False,1.0759035276867484e-06
amount_full,2384,True,False,8.080875800567438e-07
amount_full,2385,True,False,9.046908045078691e-07
amount_full,2386,True,False,5.064987869961705e-07
amount_full,2387,True,False,8.866569052366373e-08
amount_full,2388,True,False,3.1141308803810726e-07
amount_full,2389,True,False,2.7558933223902974e-06
amount_full,2390,True,False,2.1248319247232936e-07
amount_full,2391,True,False,1.1787252430889173e-06
amount_full,2392,True,False,4.214069837658641e-06
amount_full,2393,True,False,9.705611131354117e-07
amount_full,2394,True,False,8.291264556859074e-07
amount_full,2395,True,False,8.569338773034805e-07
amount_full,2396,True,False,1.081432729329598e-06
amount_full,2397,True,False,3.970976207529186e-07
amount_full,2398,True,False,9.150136546847981e-07
amount_full,2399,True,False,1.3214268973310614e-06
amount_full,2400,True,False,3.641544248717353e-07
amount_full,2401,True,False,8.649809084727104e-07
amount_full,2402,True,False,4.64671977604967e-07
amount_full,2403,True,False,7.687335674533118e-07
amount_full,2404,True,False,1.6074583937539995e-07
amount_full,2405,True,False,1.4078444950842281e-06
amount_full,2406,True,False,3.9779115384243246e-07
amount_full,2407,True,False,1.710064050744131e-06
amount_full,2408,True,False,1.5707423927543761e-06
amount_full,2409,True,False,1.4550538969733437e-06
amount_full,2410,True,False,7.093595376781723e-07
amount_full,2411,True,False,1.8758217059111059e-06
amount_full,2412,True,False,1.5724565710155129e-06
amount_full,2413,True,False,5.028965154225182e-07
amount_full,2414,True,False,5.0648075431749506e-06
amount_full,2415,True,False,4.1313847620690017e-07
amount_full,2416,True,False,3.672695838847513e-06
amount_full,2417,True,False,1.4613588685429984e-07
amount_full,2418,True,False,2.0197702852967616e-06
amount_full,2419,True,False,3.182036902532725e-07
amount_full,2420,True,False,1.4065879259444904e-06
amount_full,2421,True,False,4.2327069430170605e-06
amount_full,2422,True,False,4.172218675850517e-07
amount_full,2423,True,False,5.461891526569311e-07
amount_full,2424,True,False,2.8504691306969655e-06
amount_full,2425,True,False,1.0123792059254518e-06
amount_full,2426,True,False,3.0873909758941534e-07
amount_full,2427,True,False,3.079430704665275e-07
amount_full,2428,True,False,5.085867133651957e-07
amount_full,2429,True,False,9.880672242836241e-07
amount_full,2430,True,False,3.1073524270269e-07
amount_full,2431,True,False,4.652221654139853e-08
amount_full,2432,True,False,3.032888682305253e-06
amount_full,2433,True,False,2.5921522605091926e-06
amount_full,2434,True,False,4.005660935741205e-07
amount_full,2435,True,False,2.127218569381677e-06
amount_full,2436,True,False,6.300826379899668e-07
amount_full,2437,True,False,9.34855736353353e-07
amount_full,2438,True,False,7.334639530450455e-07
amount_full,2439,True,False,8.683218768311255e-07
amount_full,2440,True,False,5.128570463802135e-07
amount_full,2441,True,False,7.804016289108081e-07
amount_full,2442,True,False,1.7924104146881773e-06
amount_full,2443,True,False,4.981490544949763e-07
amount_full,2444,True,False,4.08976794008304e-06
amount_full,2445,True,False,1.5241142438107925e-07
amount_full,2446,True,False,3.459239393909379e-06
amount_full,2447,True,False,6.884514237110099e-07
amount_full,2448,True,False,1.2605601644411989e-06
amount_full,2449,True,False,2.2758392847618846e-06
amount_full,2450,True,False,3.081117151576673e-06
amount_full,2451,True,False,1.4528867105008908e-06
amount_full,2452,True,False,7.88207377678356e-07
amount_full,2453,True,False,3.957621272074836e-07
amount_full,2454,True,False,6.468583041003904e-07
amount_full,2455,True,False,7.591572092677185e-07
amount_full,2456,True,False,1.3799564637093431e-06
amount_full,2457,True,False,8.402949363689258e-07
amount_full,2458,True,False,8.849644169978659e-07
amount_full,2459,True,False,1.0375996281244465e-06
amount_full,2460,True,False,3.811584683841444e-07
amount_full,2461,True,False,1.3499314628218398e-06
amount_full,2462,True,False,1.1223027790741106e-06
amount_full,2463,True,False,4.71773436847194e-07
amount_full,2464,True,False,4.028673137196226e-07
amount_full,2465,True,False,1.173349736769527e-06
amount_full,2466,True,False,2.5072236807705106e-07
amount_full,2467,True,False,1.3270352158524096e-06
amount_full,2468,True,False,4.211267124775777e-07
amount_full,2469,True,False,7.412889231618419e-07
amount_full,2470,True,False,2.3905074478292204e-07
amount_full,2471,True,False,5.072182349432922e-07
amount_full,2472,True,False,8.808938294896009e-07
amount_full,2473,True,False,1.9826050929424666e-06
amount_full,2474,True,False,9.927493593720241e-07
amount_full,2475,True,False,5.378093911688161e-07
amount_full,2476,True,False,2.2088760441633015e-07
amount_full,2477,True,False,6.765015167148782e-07
amount_full,2478,True,False,7.60145854893749e-08
amount_full,2479,True,False,1.4342041301253693e-06
amount_full,2480,True,False,7.032028875706858e-07
amount_full,2481,True,False,1.9505525739865222e-07
amount_full,2482,True,False,3.895990224869973e-08
amount_full,2483,True,False,1.3901105545109415e-06
amount_full,2484,True,False,3.4887980303445546e-07
amount_full,2485,True,False,9.1251297872328e-08
amount_full,2486,True,False,1.7367555980743283e-06
amount_full,2487,True,False,1.0180178525786959e-06
amount_full,2488,True,False,4.599010481781968e-06
amount_full,2489,True,False,2.122564957959107e-06
amount_full,2490,True,False,1.6694115139081953e-06
amount_full,2491,True,False,9.076803277139853e-07
amount_full,2492,True,False,1.7337231004046462e-06
amount_full,2493,True,False,3.7038803626555186e-07
amount_full,2494,True,False,6.123399639092674e-06
amount_full,2495,True,False,1.0947303607985468e-06
amount_full,2496,True,False,1.1922185835679343e-07
amount_full,2497,True,False,4.6722289459112655e-07
amount_full,2498,True,False,1.1281807091207785e-06
amount_full,2499,True,False,3.171453919854368e-07
amount_full,2500,True,False,5.798094126149379e-07
amount_full,2501,True,False,4.425009345648863e-07
amount_full,2502,True,False,3.91841270386759e-06
amount_full,2503,True,False,9.089341015980499e-07
amount_full,2504,True,False,2.063884410517002e-06
amount_full,2505,True,False,3.701985991487882e-07
amount_full,2506,True,False,3.264129011727481e-06
amount_full,2507,True,False,1.8591771859842951e-06
amount_full,2508,True,False,2.444474379869031e-06
amount_full,2509,True,False,2.3265030532922306e-06
amount_full,2510,True,False,2.834940774698348e-06
amount_full,2511,True,False,3.77163921093311e-07
amount_full,2512,True,False,1.3693124821507493e-06
amount_full,2513,True,False,3.1536577819317834e-07
amount_full,2514,True,False,1.039275551177012e-06
amount_full,2515,True,False,1.6315355374365295e-06
amount_full,2516,True,False,9.791815487526526e-07
amount_full,2517,True,False,7.999711461629085e-07
amount_full,2518,True,False,1.9995476906685416e-06
amount_full,2519,True,False,1.955338421067363e-06
amount_full,2520,True,False,4.155473747836995e-07
amount_full,2521,True,False,1.0932335670516924e-06
amount_full,2522,True,False,3.793548309655211e-06
amount_full,2523,True,False,2.945478053271523e-06
amount_full,2524,True,False,2.67882682024171e-07
amount_full,2525,True,False,1.3642797997391446e-06
amount_full,2526,True,False,7.58018196016767e-07
amount_full,2527,True,False,1.3897694362830353e-06
amount_full,2528,True,False,1.0712824823671153e-06
amount_full,2529,True,False,4.5928737541277873e-07
amount_full,2530,True,False,3.759137654549332e-07
amount_full,2531,True,False,9.322813356315561e-07
amount_full,2532,True,False,8.146371628579122e-07
amount_full,2533,True,False,2.457963839276752e-07
amount_full,2534,True,False,9.61825150267145e-07
amount_full,2535,True,False,1.226096821248175e-06
amount_full,2536,True,False,8.306124445244556e-08
amount_full,2537,True,False,3.539243448555405e-07
amount_full,2538,True,False,2.8393232524626517e-06
amount_full,2539,True,False,7.524614225643618e-07
amount_full,2540,True,False,1.2131283633377104e-07
amount_full,2541,True,False,6.560339653329934e-07
amount_full,2542,True,False,9.235856826384353e-07
amount_full,2543,True,False,5.693358331986999e-06
amount_full,2544,True,False,2.6742675111511826e-06
amount_full,2545,True,False,3.689689673152234e-06
amount_full,2546,True,False,1.6614431451346217e-06
amount_full,2547,True,False,8.167575209458858e-07
amount_full,2548,True,False,3.9521200941285697e-07
amount_full,2549,True,False,3.6393034770291203e-07
amount_full,2550,True,False,6.37782593450553e-07
amount_full,2551,True,False,2.3656163368239498e-07
amount_full,2552,True,False,1.3031285608454493e-06
amount_full,2553,True,False,1.826328520525855e-06
amount_full,2554,True,False,2.012345217266431e-06
amount_full,2555,True,False,1.4699162588520923e-06
amount_full,2556,True,False,2.0619282682550426e-06
amount_full,2557,True,False,1.3183584735328025e-06
amount_full,2558,True,False,9.064802398710969e-07
amount_full,2559,True,False,2.563703054292432e-07
amount_full,2560,True,False,3.245557079271659e-07
amount_full,2561,True,False,2.359245328048421e-06
amount_full,2562,True,False,1.7314347212406257e-06
amount_full,2563,True,False,5.863108872294099e-07
amount_full,2564,True,False,2.816163152292457e-06
amount_full,2565,True,False,7.651288067991848e-07
amount_full,2566,True,False,1.4103353073420564e-06
amount_full,2567,True,False,4.368361269560021e-07
amount_full,2568,True,False,3.4574569445303676e-06
amount_full,2569,True,False,3.678713169365234e-06
amount_full,2570,True,False,1.0666339629608916e-07
amount_full,2571,True,False,6.389350380136901e-07
amount_full,2572,True,False,6.130905088313111e-06
amount_full,2573,True,False,4.96362711253603e-07
amount_full,2574,True,False,3.031399779967903e-07
amount_full,2575,True,False,1.0650199399214217e-06
amount_full,2576,True,False,2.8673838222084753e-07
amount_full,2577,True,False,2.034281923701241e-06
amount_full,2578,True,False,1.1355435880229718e-07
amount_full,2579,True,False,3.4999686439044163e-07
amount_full,2580,True,False,6.909588051291558e-07
amount_full,2581,True,False,2.119415532493188e-06
amount_full,2582,True,False,8.885379776556351e-07
amount_full,2583,True,False,1.7548456320946395e-06
amount_full,2584,True,False,4.2932985068067656e-07
amount_full,2585,True,False,3.3673172528682016e-07
amount_full,2586,True,False,3.217862133405426e-07
amount_full,2587,True,False,4.757648075549432e-07
amount_full,2588,True,False,1.6637160537009278e-06
amount_full,2589,True,False,4.15150056353864e-06
amount_full,2590,True,False,1.4716918342863818e-07
amount_full,2591,True,False,1.115502601832691e-06
amount_full,2592,True,False,7.647352753033922e-07
amount_full,2593,True,False,9.68489403114359e-07
amount_full,2594,True,False,3.0246629735578558e-06
amount_full,2595,True,False,1.9373759864236967e-06
amount_full,2596,True,False,5.390013281575037e-07
amount_full,2597,True,False,6.41149096926865e-07
amount_full,2598,True,False,2.081961545554539e-07
amount_full,2599,True,False,1.6865666698674098e-06
amount_full,2600,True,False,4.119790370079112e-07
amount_full,2601,True,False,1.134005543180796e-06
amount_full,2602,True,False,1.6520689380500777e-06
amount_full,2603,True,False,2.3113435340205482e-07
amount_full,2604,True,False,4.4510266696391287e-07
amount_full,2605,True,False,2.063536241756999e-06
amount_full,2606,True,False,7.072841054712188e-07
amount_full,2607,True,False,5.3735260273678935e-06
amount_full,2608,True,False,2.082327749491786e-06
amount_full,2609,True,False,1.1202625229154437e-06
amount_full,2610,True,False,7.054385556456846e-07
amount_full,2611,True,False,3.096244719541224e-06
amount_full,2612,True,False,7.308735268525981e-07
amount_full,2613,True,False,4.7519423041352884e-07
amount_full,2614,True,False,9.356065358524861e-07
amount_full,2615,True,False,4.898550686951167e-07
amount_full,2616,True,False,2.3755594291121585e-06
amount_full,2617,True,False,9.600673333276117e-07
amount_full,2618,True,False,2.7842111661111564e-07
amount_full,2619,True,False,4.6086741697437375e-06
amount_full,2620,True,False,8.529505674476362e-07
amount_full,2621,True,False,1.1906675108922831e-06
amount_full,2622,True,False,2.1647403048657853e-06
amount_full,2623,True,False,8.479827970644199e-07
amount_full,2624,True,False,4.972638564039932e-07
amount_full,2625,True,False,1.6400544672291e-06
amount_full,2626,True,False,3.391413269145378e-07
amount_full,2627,True,False,8.031093606719284e-07
amount_full,2628,True,False,1.986649746741699e-06
amount_full,2629,True,False,2.0663916740985073e-06
amount_full,2630,True,False,9.194076033693413e-07
amount_full,2631,True,False,2.202346198565408e-06
amount_full,2632,True,False,6.972339260328326e-07
amount_full,2633,True,False,4.879380823966249e-07
amount_full,2634,True,False,4.516673041883204e-07
amount_full,2635,True,False,1.9446212325967037e-06
amount_full,2636,True,False,3.0999142561275765e-06
amount_full,2637,True,False,5.372685849148602e-07
amount_full,2638,True,False,1.226138882463351e-06
amount_full,2639,True,False,7.585145178571655e-07
amount_full,2640,True,False,2.7070524916055556e-07
amount_full,2641,True,False,2.466320395882245e-06
amount_full,2642,True,False,2.453728126584563e-07
amount_full,2643,True,False,1.0963392188652687e-06
amount_full,2644,True,False,3.679883740350713e-07
amount_full,2645,True,False,7.879937271646925e-07
amount_full,2646,True,False,3.2669107792432495e-06
amount_full,2647,True,False,8.531396058267472e-07
amount_full,2648,True,False,1.600006385951601e-06
amount_full,2649,True,False,4.2336596118747303e-07
amount_full,2650,True,False,1.610364945318555e-06
amount_full,2651,True,False,2.444669287014766e-07
amount_full,2652,True,False,1.4020456896114444e-06
amount_full,2653,True,False,1.3860903909855894e-06
amount_full,2654,True,False,2.5890927201483097e-06
amount_full,2655,True,False,3.489389936028794e-07
amount_full,2656,True,False,3.037567043242831e-06
amount_full,2657,True,False,4.879793165024545e-07
amount_full,2658,True,False,1.242194301686177e-06
amount_full,2659,True,False,1.1150584713633877e-06
amount_full,2660,True,False,6.323912278976904e-07
amount_full,2661,True,False,1.3641955322880578e-06
amount_full,2662,True,False,4.559291363718316e-08
amount_full,2663,True,False,1.5367384824008944e-06
amount_full,2664,True,False,2.782892445264118e-07
amount_full,2665,True,False,4.620469426353617e-07
amount_full,2666,True,False,6.429903803970847e-07
amount_full,2667,True,False,1.5655285762277652e-06
amount_full,2668,True,False,5.308233030812302e-08
amount_full,2669,True,False,5.795639600846176e-07
amount_full,2670,True,False,5.865939256383408e-07
amount_full,2671,True,False,1.638624785546732e-06
amount_full,2672,True,False,3.035234283205463e-06
amount_full,2673,True,False,1.1682455125210718e-06
amount_full,2674,True,False,3.9091241237565224e-07
amount_full,2675,True,False,5.386163603211438e-07
amount_full,2676,True,False,1.568796153878233e-06
amount_full,2677,True,False,5.562046095963132e-07
amount_full,2678,True,False,7.74445602118849e-07
amount_full,2679,True,False,1.4633831118638943e-06
amount_full,2680,True,False,8.463952020357435e-08
amount_full,2681,True,False,6.635715941943777e-07
amount_full,2682,True,False,1.0036921794657198e-06
amount_full,2683,True,False,1.6448066665794346e-06
amount_full,2684,True,False,1.1428693925984258e-06
amount_full,2685,True,False,1.3571457893037088e-06
amount_full,2686,True,False,1.018619553369429e-06
amount_full,2687,True,False,1.131879674406025e-06
amount_full,2688,True,False,1.1452978521444525e-07
amount_full,2689,True,False,1.4941237386658045e-07
amount_full,2690,True,False,9.789709686406671e-07
amount_full,2691,True,False,7.391903302737295e-07
amount_full,2692,True,False,7.704338328079364e-07
amount_full,2693,True,False,1.7975141629196773e-06
amount_full,2694,True,False,6.792483480618467e-07
amount_full,2695,True,False,3.929972388340814e-07
amount_full,2696,True,False,9.004848650124026e-07
amount_full,2697,True,False,1.3823817704488867e-07
amount_full,2698,True,False,4.598860532487138e-07
amount_full,2699,True,False,1.4511152936657762e-07
amount_full,2700,True,False,4.228336746067241e-07
amount_full,2701,True,False,1.0231399687431612e-06
amount_full,2702,True,False,8.088747950500169e-07
amount_full,2703,True,False,1.4374628784868745e-07
amount_full,2704,True,False,3.478922350210388e-07
amount_full,2705,True,False,1.796429697254639e-07
amount_full,2706,True,False,3.160232569569061e-07
amount_full,2707,True,False,1.2690032135701354e-07
amount_full,2708,True,False,7.33496998600956e-07
amount_full,2709,True,False,1.5027194807900528e-06
amount_full,2710,True,False,5.47692379504715e-07
amount_full,2711,True,False,9.302131880293144e-07
amount_full,2712,True,False,1.0719903252699797e-06
amount_full,2713,True,False,1.9670418560041874e-07
amount_full,2714,True,False,1.282262888388123e-06
amount_full,2715,True,False,1.3124313748273714e-06
amount_full,2716,True,False,9.444363140457665e-07
amount_full,2717,True,False,2.5431772003208653e-06
amount_full,2718,True,False,2.1864497394791196e-06
amount_full,2719,True,False,1.956204536244346e-06
amount_full,2720,True,False,3.737871438597446e-06
amount_full,2721,True,False,1.519726057005463e-06
amount_full,2722,True,False,1.9083528050154728e-06
amount_full,2723,True,False,1.2461904301167714e-06
amount_full,2724,True,False,1.2273930815488954e-06
amount_full,2725,True,False,3.763521682207021e-06
amount_full,2726,True,False,7.401497355342379e-07
amount_full,2727,True,False,3.0532468500343126e-06
amount_full,2728,True,False,2.2230278945792468e-06
amount_full,2729,True,False,4.892849113956413e-07
amount_full,2730,True,False,4.333384125070274e-07
amount_full,2731,True,False,7.455353680030201e-07
amount_full,2732,True,False,1.2487444102487748e-06
amount_full,2733,True,False,1.855638287687423e-07
amount_full,2734,True,False,4.871589927175608e-07
amount_full,2735,True,False,4.3325132284891455e-07
amount_full,2736,True,False,1.1760666570744823e-06
amount_full,2737,True,False,2.412761442126843e-06
amount_full,2738,True,False,5.338291970350885e-07
amount_full,2739,True,False,2.6802701392826363e-07
amount_full,2740,True,False,4.686631714524055e-07
amount_full,2741,True,False,7.15209909263893e-07
amount_full,2742,True,False,6.481519796281635e-07
amount_full,2743,True,False,3.677961034088546e-06
amount_full,2744,True,False,2.62637548777702e-07
amount_full,2745,True,False,9.278676353721035e-07
amount_full,2746,True,False,6.031882887839091e-07
amount_full,2747,True,False,5.888441838805324e-07
amount_full,2748,True,False,2.988383000094127e-07
amount_full,2749,True,False,6.151435599329582e-07
amount_full,2750,True,False,1.093323929410002e-06
amount_full,2751,True,False,3.122542539234715e-07
amount_full,2752,True,False,2.9273023731553195e-06
amount_full,2753,True,False,8.639439412955399e-07
amount_full,2754,True,False,6.996519842659581e-07
amount_full,2755,True,False,4.45867940079836e-07
amount_full,2756,True,False,1.7190035221593138e-06
amount_full,2757,True,False,1.0551222737453954e-06
amount_full,2758,True,False,9.105350867708697e-07
amount_full,2759,True,False,1.873557316527888e-06
amount_full,2760,True,False,3.3004603732639207e-07
amount_full,2761,True,False,1.6979234472746264e-06
amount_full,2762,True,False,5.846551471601094e-07
amount_full,2763,True,False,2.1670660297799803e-07
amount_full,2764,True,False,3.3609339783201715e-07
amount_full,2765,True,False,7.565361229144052e-07
amount_full,2766,True,False,2.9478730464180684e-06
amount_full,2767,True,False,1.8010585526538624e-06
amount_full,2768,True,False,2.0383733744790933e-06
amount_full,2769,True,False,6.938670691626453e-07
amount_full,2770,True,False,4.684417084578284e-07
amount_full,2771,True,False,3.273750675608361e-07
amount_full,2772,True,False,6.069918718868895e-07
amount_full,2773,True,False,1.115933184904889e-06
amount_full,2774,True,False,7.211707942167655e-07
amount_full,2775,True,False,3.5610634886108196e-07
amount_full,2776,True,False,1.8558038900643277e-06
amount_full,2777,True,False,5.673501721227456e-07
amount_full,2778,True,False,1.383371212164794e-07
amount_full,2779,True,False,3.4839181263859367e-06
amount_full,2780,True,False,3.8509756280640334e-07
amount_full,2781,True,False,9.835933768188692e-07
amount_full,2782,True,False,3.8595995177799196e-08
amount_full,2783,True,False,3.3099113643323397e-07
amount_full,2784,True,False,4.96173097276788e-06
amount_full,2785,True,False,4.0900920187778204e-07
amount_full,2786,True,False,4.999386428057695e-07
amount_full,2787,True,False,1.5684042067293682e-07
amount_full,2788,True,False,3.561125953406848e-06
amount_full,2789,True,False,3.3102563581792933e-06
amount_full,2790,True,False,1.0292868641556236e-07
amount_full,2791,True,False,7.086659360705557e-07
amount_full,2792,True,False,4.4487181036357226e-07
amount_full,2793,True,False,1.953086758469221e-07
amount_full,2794,True,False,1.3730708215630217e-06
amount_full,2795,True,False,6.544099557774488e-07
amount_full,2796,True,False,8.981789924132956e-07
amount_full,2797,True,False,3.141354683699783e-07
amount_full,2798,True,False,7.274405474668052e-06
amount_full,2799,True,False,1.3764403225312883e-06
amount_full,2800,True,False,3.5062684277010702e-06
amount_full,2801,True,False,3.133975814563635e-07
amount_full,2802,True,False,1.1796061721911695e-06
amount_full,2803,True,False,1.6589556577448307e-06
amount_full,2804,True,False,8.788628280204062e-07
amount_full,2805,True,False,3.162425837164177e-07
amount_full,2806,True,False,3.8383312369662077e-07
amount_full,2807,True,False,5.976659954822739e-07
amount_full,2808,True,False,2.649718517975193e-07
amount_full,2809,True,False,3.767775488445984e-07
amount_full,2810,True,False,3.106286529123302e-07
amount_full,2811,True,False,1.2039714976227232e-06
amount_full,2812,True,False,1.9902726076927566e-06
amount_full,2813,True,False,2.7001694329796555e-07
amount_full,2814,True,False,5.200403271701934e-07
amount_full,2815,True,False,5.850377463931832e-07
amount_full,2816,True,False,1.6068133673684107e-06
amount_full,2817,True,False,5.531266614628005e-07
amount_full,2818,True,False,1.2481902259700969e-06
amount_full,2819,True,False,7.712106256122257e-07
amount_full,2820,True,False,2.813568361014912e-07
amount_full,2821,True,False,1.302329960220404e-07
amount_full,2822,True,False,1.0601495694099905e-07
amount_full,2823,True,False,1.8672440619067784e-06
amount_full,2824,True,False,5.898645671659411e-07
amount_full,2825,True,False,1.179222917088252e-06
amount_full,2826,True,False,5.951571208533823e-07
amount_full,2827,True,False,1.3704092764531688e-06
amount_full,2828,True,False,2.0740862396438153e-06
amount_full,2829,True,False,6.597457332213375e-07
amount_full,2830,True,False,9.157529421954883e-07
amount_full,2831,True,False,1.1084815405489898e-06
amount_full,2832,True,False,2.4702992957157017e-07
amount_full,2833,True,False,3.920350048912725e-07
amount_full,2834,True,False,3.3940028454392475e-07
amount_full,2835,True,False,2.2779689793191688e-07
amount_full,2836,True,False,3.190452976606868e-06
amount_full,2837,True,False,1.8781236901312186e-06
amount_full,2838,True,False,4.1522989656674777e-07
amount_full,2839,True,False,1.2909983757736383e-06
amount_full,2840,True,False,1.6948285479746092e-06
amount_full,2841,True,False,4.205112911507018e-07
amount_full,2842,True,False,1.147955484910053e-06
amount_full,2843,True,False,1.080454711651076e-06
amount_full,2844,True,False,3.9994016199763966e-07
amount_full,2845,True,False,8.577991081426053e-07
amount_full,2846,True,False,3.804549133687623e-07
amount_full,2847,True,False,1.261140963556732e-06
amount_full,2848,True,False,2.0020344772829663e-06
amount_full,2849,True,False,5.497514759400038e-06
amount_full,2850,True,False,3.780037459978209e-07
amount_full,2851,True,False,1.955803831426763e-07
amount_full,2852,True,False,1.5295763936660001e-06
amount_full,2853,True,False,3.2233190416867113e-07
amount_full,2854,True,False,2.8352096636341206e-06
amount_full,2855,True,False,1.993283223275704e-06
amount_full,2856,True,False,1.7663013544326123e-06
amount_full,2857,True,False,9.318533909186377e-07
amount_full,2858,True,False,3.85304633095494e-06
amount_full,2859,True,False,3.6544032991711624e-07
amount_full,2860,True,False,3.070827881672775e-07
amount_full,2861,True,False,5.939616299672103e-07
amount_full,2862,True,False,3.7596901535982767e-07
amount_full,2863,True,False,2.615808155917504e-07
amount_full,2864,True,False,1.1457474974124302e-06
amount_full,2865,True,False,1.5958215110193668e-06
amount_full,2866,True,False,2.0825482839826987e-06
amount_full,2867,True,False,7.214866017636267e-07
amount_full,2868,True,False,1.142228252121788e-06
amount_full,2869,True,False,4.217980616163892e-07
amount_full,2870,True,False,4.426963075336222e-07
amount_full,2871,True,False,1.038469256078198e-06
amount_full,2872,True,False,2.3631934918141718e-06
amount_full,2873,True,False,4.804567995761314e-07
amount_full,2874,True,False,2.761480090562792e-06
amount_full,2875,True,False,4.684788732024273e-07
amount_full,2876,True,False,1.3649911400591255e-06
amount_full,2877,True,False,2.147810078692317e-06
amount_full,2878,True,False,1.289797931784818e-06
amount_full,2879,True,False,3.815553955838983e-06
amount_full,2880,True,False,1.9474642001929986e-07
amount_full,2881,True,False,1.9187014796892005e-06
amount_full,2882,True,False,1.564345074504216e-06
amount_full,2883,True,False,4.4895293872145785e-07
amount_full,2884,True,False,1.8204457079847786e-06
amount_full,2885,True,False,7.553705730284395e-07
amount_full,2886,True,False,1.107281095605864e-06
amount_full,2887,True,False,1.2597206527142344e-06
amount_full,2888,True,False,3.506810395899857e-07
amount_full,2889,True,False,2.7971429862767152e-06
amount_full,2890,True,False,1.2525635394277794e-06
amount_full,2891,True,False,8.00935870268862e-07
amount_full,2892,True,False,5.012983045612169e-07
amount_full,2893,True,False,5.85846804224781e-07
amount_full,2894,True,False,1.7981731650416493e-07
amount_full,2895,True,False,1.1332473811467502e-06
amount_full,2896,True,False,1.4758434242162864e-06
amount_full,2897,True,False,7.141058409617416e-07
amount_full,2898,True,False,5.205270166858082e-07
amount_full,2899,True,False,8.838271671058787e-08
amount_full,2900,True,False,2.415142689594665e-07
amount_full,2901,True,False,4.2128067837519213e-07
amount_full,2902,True,False,5.456525371360561e-08
amount_full,2903,True,False,1.0725489479201447e-07
amount_full,2904,True,False,3.476611474476311e-07
amount_full,2905,True,False,4.676515903425303e-07
amount_full,2906,True,False,4.8346144324706285e-06
amount_full,2907,True,False,7.421866604351696e-07
amount_full,2908,True,False,1.293510271391666e-06
amount_full,2909,True,False,9.85495563581879e-07
amount_full,2910,True,False,1.0818908448812556e-06
amount_full,2911,True,False,4.319945304224185e-07
amount_full,2912,True,False,3.037198104740374e-06
amount_full,2913,True,False,1.312897474500098e-07
amount_full,2914,True,False,4.509848157802777e-07
amount_full,2915,True,False,3.420798152416224e-06
amount_full,2916,True,False,1.2387310767559858e-06
amount_full,2917,True,False,6.236780937107859e-07
amount_full,2918,True,False,1.515163622972619e-07
amount_full,2919,True,False,8.878744048637866e-07
amount_full,2920,True,False,1.1225806816632914e-06
amount_full,2921,True,False,1.1490277003165388e-06
amount_full,2922,True,False,5.901298209624842e-07
amount_full,2923,True,False,1.7331256728996124e-07
amount_full,2924,True,False,9.038143996023682e-07
amount_full,2925,True,False,4.627425451549206e-06
amount_full,2926,True,False,7.51713338142378e-07
amount_full,2927,True,False,8.593186471883725e-07
amount_full,2928,True,False,1.3481341771108273e-06
amount_full,2929,True,False,4.0748158214844736e-07
amount_full,2930,True,False,2.2782780143227576e-07
amount_full,2931,True,False,5.70537943421905e-07
amount_full,2932,True,False,7.345688328842469e-07
amount_full,2933,True,False,1.043552573247179e-06
amount_full,2934,True,False,4.269999742921835e-07
amount_full,2935,True,False,7.940088537986223e-07
amount_full,2936,True,False,1.0554400397263203e-06
amount_full,2937,True,False,1.622550815016457e-06
amount_full,2938,True,False,1.3321181375369346e-06
amount_full,2939,True,False,1.5714749052096106e-06
amount_full,2940,True,False,1.538321964595572e-06
amount_full,2941,True,False,9.682573571406823e-08
amount_full,2942,True,False,1.356535030777392e-06
amount_full,2943,True,False,2.423162773280234e-06
amount_full,2944,True,False,3.8299806077302586e-07
amount_full,2945,True,False,9.630121272941132e-08
amount_full,2946,True,False,5.943038164935264e-07
amount_full,2947,True,False,4.278941610042064e-07
amount_full,2948,True,False,1.6501404501710383e-06
amount_full,2949,True,False,1.944012653158441e-06
amount_full,2950,True,False,7.826383556296528e-07
amount_full,2951,True,False,5.811307160514309e-07
amount_full,2952,True,False,1.0064243219935085e-06
amount_full,2953,True,False,6.677216314671716e-07
amount_full,2954,True,False,1.168916819844184e-06
amount_full,2955,True,False,9.172098978267302e-07
amount_full,2956,True,False,7.084584690770925e-07
amount_full,2957,True,False,9.925993261560028e-07
amount_full,2958,True,False,1.4604693755181015e-06
amount_full,2959,True,False,6.292046749329667e-07
amount_full,2960,True,False,1.1479878336400739e-06
amount_full,2961,True,False,1.875824888703011e-06
amount_full,2962,True,False,1.2779275733374565e-06
amount_full,2963,True,False,1.6894025607809123e-06
amount_full,2964,True,False,6.675513777867558e-07
amount_full,2965,True,False,1.5904127097111505e-06
amount_full,2966,True,False,1.6321721265044447e-06
amount_full,2967,True,False,1.443343485011884e-06
amount_full,2968,True,False,1.8020346048946775e-06
amount_full,2969,True,False,3.959489759545017e-07
amount_full,2970,True,False,7.656585905009267e-07
amount_full,2971,True,False,2.069931236306803e-06
amount_full,2972,True,False,1.0166191934813155e-06
amount_full,2973,True,False,1.7959361308652577e-06
amount_full,2974,True,False,3.385670811710914e-06
amount_full,2975,True,False,1.5392663107598556e-07
amount_full,2976,True,False,2.3016673336896977e-06
amount_full,2977,True,False,5.605228881829316e-07
amount_full,2978,True,False,5.37933130136307e-06
amount_full,2979,True,False,5.49890869868877e-06
amount_full,2980,True,False,9.475045397167037e-07
amount_full,2981,True,False,2.2507001734975175e-06
amount_full,2982,True,False,4.957738293358403e-06
amount_full,2983,True,False,9.7806612590627e-07
amount_full,2984,True,False,2.660602943706388e-06
amount_full,2985,True,False,3.981280905182348e-06
amount_full,2986,True,False,8.99435769852267e-07
amount_full,2987,True,False,2.6908409132432575e-06
amount_full,2988,True,False,7.206633344180092e-07
amount_full,2989,True,False,3.5640374420220097e-07
amount_full,2990,True,False,5.725524200502366e-07
amount_full,2991,True,False,1.9131174800129247e-06
amount_full,2992,True,False,3.16906662671423e-07
amount_full,2993,True,False,2.358736213802769e-06
amount_full,2994,True,False,1.0015944723858225e-07
amount_full,2995,True,False,8.99214895250609e-07
amount_full,2996,True,False,2.18338342026047e-06
amount_full,2997,True,False,1.7901906122181964e-06
amount_full,2998,True,False,3.765715365745815e-07
amount_full,2999,True,False,3.5932284953726953e-07
amount_full,3000,True,False,1.9337203721481745e-07
amount_full,3001,True,False,1.3677664853992072e-06
amount_full,3002,True,False,2.1502309267813798e-06
amount_full,3003,True,False,4.495867267326629e-07
amount_full,3004,True,False,6.152908451288387e-07
amount_full,3005,True,False,4.628304640122569e-07
amount_full,3006,True,False,1.1204506962489688e-06
amount_full,3007,True,False,2.3340066258098197e-07
amount_full,3008,True,False,5.724986374141465e-07
amount_full,3009,True,False,1.9611082015993828e-07
amount_full,3010,True,False,2.132049732661e-07
amount_full,3011,True,False,5.749143585931209e-07
amount_full,3012,True,False,4.3922795045179295e-07
amount_full,3013,True,False,5.416717405916199e-06
amount_full,3014,True,False,1.2792526293251795e-06
amount_full,3015,True,False,6.130049416292605e-07
amount_full,3016,True,False,6.981507792876262e-07
amount_full,3017,True,False,1.275680934553931e-06
amount_full,3018,True,False,3.922951691804113e-07
amount_full,3019,True,False,3.750197850803717e-07
amount_full,3020,True,False,3.26464630342925e-06
amount_full,3021,True,False,1.0680182171048052e-06
amount_full,3022,True,False,9.621975657475943e-07
amount_full,3023,True,False,8.827877458450565e-07
amount_full,3024,True,False,4.0084481008741196e-07
amount_full,3025,True,False,8.031482352552861e-07
amount_full,3026,True,False,5.142207250762123e-07
amount_full,3027,True,False,4.2121651036025164e-07
amount_full,3028,True,False,1.024749584803389e-06
amount_full,3029,True,False,1.4316844693935665e-06
amount_full,3030,True,False,5.7313762334303585e-08
amount_full,3031,True,False,1.8552552494750826e-06
amount_full,3032,True,False,3.933857316586906e-07
amount_full,3033,True,False,1.0958967732380122e-06
amount_full,3034,True,False,5.943602725524946e-07
amount_full,3035,True,False,6.292165667123366e-07
amount_full,3036,True,False,2.8027634297326964e-07
amount_full,3037,True,False,7.313912390556327e-07
amount_full,3038,True,False,4.483109480233857e-07
amount_full,3039,True,False,7.465300532533258e-07
amount_full,3040,True,False,1.3520286585676963e-07
amount_full,3041,True,False,5.584894959422955e-07
amount_full,3042,True,False,2.1381393908401802e-07
amount_full,3043,True,False,2.1856258365244997e-06
amount_full,3044,True,False,6.831626941736487e-07
amount_full,3045,True,False,1.7060823097744267e-06
amount_full,3046,True,False,6.594726109017675e-07
amount_full,3047,True,False,1.5029634845937518e-06
amount_full,3048,True,False,9.679564171572869e-07
amount_full,3049,True,False,2.1287204056713946e-06
amount_full,3050,True,False,1.5529953987784485e-06
amount_full,3051,True,False,5.917168403711547e-07
amount_full,3052,True,False,3.6991677287169582e-06
amount_full,3053,True,False,9.79528961261146e-07
amount_full,3054,True,False,2.7136171019953055e-07
amount_full,3055,True,False,2.403095409360431e-07
amount_full,3056,True,False,5.796671007073429e-07
amount_full,3057,True,False,2.3393702857292743e-06
amount_full,3058,True,False,9.387094577271598e-08
amount_full,3059,True,False,1.6729565819384046e-06
amount_full,3060,True,False,3.87053445816732e-06
amount_full,3061,True,False,3.963954335057223e-07
amount_full,3062,True,False,6.160009126269069e-07
amount_full,3063,True,False,1.93070659549285e-06
amount_full,3064,True,False,9.539558864228632e-07
amount_full,3065,True,False,2.1873645593914004e-07
amount_full,3066,True,False,8.028175372383838e-07
amount_full,3067,True,False,3.307785930540681e-07
amount_full,3068,True,False,3.770269449078479e-07
amount_full,3069,True,False,1.2421289054631092e-06
amount_full,3070,True,False,4.341318148040112e-07
amount_full,3071,True,False,2.631500440592756e-07
amount_full,3072,True,False,2.4988301613662593e-07
amount_full,3073,True,False,1.0152284612544494e-06
amount_full,3074,True,False,8.847393814903626e-07
amount_full,3075,True,False,8.949153118589367e-07
amount_full,3076,True,False,8.436126582312907e-08
amount_full,3077,True,False,4.989791528739806e-07
amount_full,3078,True,False,6.428602916916645e-07
amount_full,3079,True,False,8.665717402076669e-07
amount_full,3080,True,False,3.023805223042958e-07
amount_full,3081,True,False,1.3886819629204184e-07
amount_full,3082,True,False,4.651933120674121e-06
amount_full,3083,True,False,1.714604319642689e-06
amount_full,3084,True,False,1.1366567374463797e-07
amount_full,3085,True,False,7.321781848997259e-07
amount_full,3086,True,False,5.461640885886731e-07
amount_full,3087,True,False,7.505999174446452e-07
amount_full,3088,True,False,7.783432292015702e-07
amount_full,3089,True,False,2.368745415352109e-06
amount_full,3090,True,False,5.477023943641191e-06
amount_full,3091,True,False,9.56042192799832e-07
amount_full,3092,True,False,4.6348580003582255e-07
amount_full,3093,True,False,1.0329070153806446e-06
amount_full,3094,True,False,1.3654805301181789e-06
amount_full,3095,True,False,6.014724034516292e-07
amount_full,3096,True,False,3.7005852657626914e-07
amount_full,3097,True,False,7.237648677171348e-07
amount_full,3098,True,False,8.642621940118533e-07
amount_full,3099,True,False,7.253847846424706e-07
amount_full,3100,True,False,8.34858634752758e-07
amount_full,3101,True,False,2.0007920469297204e-06
amount_full,3102,True,False,2.3028663336132126e-06
amount_full,3103,True,False,8.70576355850816e-07
amount_full,3104,True,False,3.248291443591379e-07
amount_full,3105,True,False,1.5196378969964052e-06
amount_full,3106,True,False,5.133052750888641e-07
amount_full,3107,True,False,1.915813992018661e-06
amount_full,3108,True,False,1.3133701895785336e-06
amount_full,3109,True,False,6.852923243088239e-07
amount_full,3110,True,False,3.0129943393704993e-07
amount_full,3111,True,False,1.8807228652843459e-06
amount_full,3112,True,False,6.141034191983447e-08
amount_full,3113,True,False,1.6172270768777253e-06
amount_full,3114,True,False,1.0624998988009544e-07
amount_full,3115,True,False,5.062213636257955e-06
amount_full,3116,True,False,3.7761381827818657e-07
amount_full,3117,True,False,7.573744138887546e-07
amount_full,3118,True,False,6.630475813126295e-07
amount_full,3119,True,False,8.543463643569957e-07
amount_full,3120,True,False,1.5573408054134552e-07
amount_full,3121,True,False,1.6528282257744186e-06
amount_full,3122,True,False,1.3734475862988956e-06
amount_full,3123,True,False,8.158798066229282e-07
amount_full,3124,True,False,2.88471397867164e-07
amount_full,3125,True,False,3.585712012515318e-06
amount_full,3126,True,False,1.4718281659654986e-06
amount_full,3127,True,False,3.651509248417051e-07
amount_full,3128,True,False,5.236848712547228e-07
amount_full,3129,True,False,1.5371179387984225e-06
amount_full,3130,True,False,6.64015919582539e-07
amount_full,3131,True,False,1.5791365973202063e-06
amount_full,3132,True,False,3.309660970576327e-07
amount_full,3133,True,False,2.7722252544027554e-07
amount_full,3134,True,False,1.1089195647579458e-07
amount_full,3135,True,False,4.806309498366048e-07
amount_full,3136,True,False,8.92725065202778e-06
amount_full,3137,True,False,6.256561625183203e-08
amount_full,3138,True,False,1.3102833262640187e-07
amount_full,3139,True,False,2.0522959652855262e-06
amount_full,3140,True,False,1.1641363491134787e-06
amount_full,3141,True,False,3.529689559443291e-07
amount_full,3142,True,False,5.546993774011406e-07
amount_full,3143,True,False,1.2033513766222692e-06
amount_full,3144,True,False,9.63892213171443e-07
amount_full,3145,True,False,2.9252770852970554e-07
amount_full,3146,True,False,2.458698297585684e-06
amount_full,3147,True,False,5.18937451367507e-07
amount_full,3148,True,False,7.35434946095568e-07
amount_full,3149,True,False,5.64419445583759e-07
amount_full,3150,True,False,9.067182157718827e-07
amount_full,3151,True,False,3.658730607694028e-07
amount_full,3152,True,False,6.287663854957821e-07
amount_full,3153,True,False,5.531358077167088e-07
amount_full,3154,True,False,7.886348098163771e-07
amount_full,3155,True,False,4.1957592116777354e-07
amount_full,3156,True,False,2.874638718485394e-06
amount_full,3157,True,False,1.4370476599703706e-06
amount_full,3158,True,False,7.801394565319489e-07
amount_full,3159,True,False,5.010490678955233e-07
amount_full,3160,True,False,9.222958260444769e-07
amount_full,3161,True,False,5.407022251885101e-07
amount_full,3162,True,False,4.1190613757802847e-07
amount_full,3163,True,False,2.1643774327742862e-06
amount_full,3164,True,False,8.168668735960974e-07
amount_full,3165,True,False,3.259280901590291e-07
amount_full,3166,True,False,8.70070646668581e-07
amount_full,3167,True,False,7.393697201204214e-07
amount_full,3168,True,False,2.170517658029054e-06
amount_full,3169,True,False,2.2013928411879376e-07
amount_full,3170,True,False,2.208765093693079e-06
amount_full,3171,True,False,1.0695323640090135e-06
amount_full,3172,True,False,3.659788026424059e-07
amount_full,3173,True,False,2.2618406898402035e-06
amount_full,3174,True,False,3.4647855943147237e-07
amount_full,3175,True,False,1.0924311053153785e-06
amount_full,3176,True,False,2.1207600107510292e-07
amount_full,3177,True,False,6.584520646589577e-07
amount_full,3178,True,False,8.090078962491789e-07
amount_full,3179,True,False,7.45670564699032e-07
amount_full,3180,True,False,2.1180992120118625e-06
amount_full,3181,True,False,3.9214701890652966e-07
amount_full,3182,True,False,2.751821783502911e-07
amount_full,3183,True,False,1.5922705318985623e-06
amount_full,3184,True,False,4.3289923010692905e-07
amount_full,3185,True,False,3.262018773572947e-08
amount_full,3186,True,False,4.189328059969237e-07
amount_full,3187,True,False,9.49078780106331e-07
amount_full,3188,True,False,8.713734139420397e-07
amount_full,3189,True,False,6.943115318372582e-07
amount_full,3190,True,False,4.129566311459121e-07
amount_full,3191,True,False,7.814061608688291e-07
amount_full,3192,True,False,5.137486563543865e-07
amount_full,3193,True,False,1.9139440558296385e-07
amount_full,3194,True,False,4.0566923060402027e-07
amount_full,3195,True,False,6.963286480741539e-07
amount_full,3196,True,False,1.9142527113930337e-07
amount_full,3197,True,False,1.919518143569598e-06
amount_full,3198,True,False,1.1979333851659779e-06
amount_full,3199,True,False,1.5297665922472967e-06
amount_full,3200,True,False,8.098280085049817e-07
amount_full,3201,True,False,6.711316623571115e-07
amount_full,3202,True,False,4.405535235774462e-06
amount_full,3203,True,False,1.0971129664545453e-06
amount_full,3204,True,False,3.153631687157753e-06
amount_full,3205,True,False,1.9997309292185844e-06
amount_full,3206,True,False,4.5193135484152023e-07
amount_full,3207,True,False,3.785526976705851e-07
amount_full,3208,True,False,3.24043123517212e-07
amount_full,3209,True,False,4.666722126035253e-07
amount_full,3210,True,False,4.4414527947102824e-07
amount_full,3211,True,False,2.8182796712084663e-07
amount_full,3212,True,False,1.9173405543748284e-06
amount_full,3213,True,False,7.634827564264558e-07
amount_full,3214,True,False,3.248998894898323e-06
amount_full,3215,True,False,1.2520646348980875e-06
amount_full,3216,True,False,5.642784358676088e-07
amount_full,3217,True,False,2.0565502061678895e-06
amount_full,3218,True,False,3.624002901557789e-06
amount_full,3219,True,False,3.6636980084329455e-07
amount_full,3220,True,False,5.09894817648969e-07
amount_full,3221,True,False,5.596456895052457e-07
amount_full,3222,True,False,2.8400445725316954e-07
amount_full,3223,True,False,6.339767414329139e-07
amount_full,3224,True,False,6.072173707363286e-07
amount_full,3225,True,False,3.106093102150242e-06
amount_full,3226,True,False,1.7839136050595394e-07
amount_full,3227,True,False,1.5699389756518624e-06
amount_full,3228,True,False,4.765055704875268e-07
amount_full,3229,True,False,3.044821174429245e-07
amount_full,3230,True,False,1.4028736446045745e-06
amount_full,3231,True,False,1.0170356562281667e-06
amount_full,3232,True,False,4.881329482038135e-07
amount_full,3233,True,False,6.279410146000649e-07
amount_full,3234,True,False,1.1403016509016231e-06
amount_full,3235,True,False,4.934318086607977e-07
amount_full,3236,True,False,2.9296246521712844e-06
amount_full,3237,True,False,3.5908921506102717e-07
amount_full,3238,True,False,5.527039282787384e-07
amount_full,3239,True,False,1.350080867450006e-06
amount_full,3240,True,False,1.4695267478340056e-06
amount_full,3241,True,False,6.601128602437131e-07
amount_full,3242,True,False,1.6721574071183286e-06
amount_full,3243,True,False,1.1119126285531328e-06
amount_full,3244,True,False,1.1659683300090917e-06
amount_full,3245,True,False,1.8951011402416945e-07
amount_full,3246,True,False,1.0912063816598787e-06
amount_full,3247,True,False,9.018585507316731e-07
amount_full,3248,True,False,4.346387855996066e-06
amount_full,3249,True,False,2.159282797844627e-06
amount_full,3250,True,False,2.172619561530264e-06
amount_full,3251,True,False,5.551506084776509e-07
amount_full,3252,True,False,7.76362588090595e-07
amount_full,3253,True,False,1.0069435509680041e-06
amount_full,3254,True,False,8.466632912880822e-07
amount_full,3255,True,False,2.4738821956875456e-07
amount_full,3256,True,False,2.6502010604470285e-06
amount_full,3257,True,False,2.775737477243623e-06
amount_full,3258,True,False,5.110908199858768e-07
amount_full,3259,True,False,2.279071035095894e-07
amount_full,3260,True,False,2.2398094841220556e-07
amount_full,3261,True,False,1.0184302807575712e-06
amount_full,3262,True,False,6.1975208709414314e-06
amount_full,3263,True,False,4.277703248907421e-07
amount_full,3264,True,False,1.392486133690216e-06
amount_full,3265,True,False,5.407357061904226e-07
amount_full,3266,True,False,1.0826819164969304e-06
amount_full,3267,True,False,2.536768196801246e-07
amount_full,3268,True,False,1.860012099786623e-07
amount_full,3269,True,False,2.4925264105459777e-06
amount_full,3270,True,False,1.8006161713346135e-06
amount_full,3271,True,False,3.636740317424039e-07
amount_full,3272,True,False,3.3174953421835773e-07
amount_full,3273,True,False,3.76682202401773e-07
amount_full,3274,True,False,1.2281435470099595e-06
amount_full,3275,True,False,4.3722848785468e-06
amount_full,3276,True,False,6.222018837957319e-07
amount_full,3277,True,False,1.2677029719480597e-06
amount_full,3278,True,False,3.2562342101655975e-07
amount_full,3279,True,False,2.1030780690215784e-06
amount_full,3280,True,False,3.467168198041365e-07
amount_full,3281,True,False,1.271769842140494e-06
amount_full,3282,True,False,1.2084003497885072e-06
amount_full,3283,True,False,5.07058946753841e-07
amount_full,3284,True,False,5.089785095321571e-07
amount_full,3285,True,False,1.165691516497806e-07
amount_full,3286,True,False,1.209695306507816e-06
amount_full,3287,True,False,1.6958131637244503e-06
amount_full,3288,True,False,2.842291728668129e-06
amount_full,3289,True,False,3.798813528256633e-07
amount_full,3290,True,False,2.2039353719415938e-07
amount_full,3291,True,False,2.257957313838252e-06
amount_full,3292,True,False,7.043996525909407e-07
amount_full,3293,True,False,1.9557810906880303e-07
amount_full,3294,True,False,1.6436203970533536e-07
amount_full,3295,True,False,6.846308360691332e-07
amount_full,3296,True,False,2.7549291388478826e-06
amount_full,3297,True,False,8.857908999928036e-07
amount_full,3298,True,False,6.203504114162662e-07
amount_full,3299,True,False,1.9445393033394892e-07
amount_full,3300,True,False,3.6140437733372253e-06
amount_full,3301,True,False,5.39243544340705e-07
amount_full,3302,True,False,2.2819107993016755e-06
amount_full,3303,True,False,2.0923199863179073e-06
amount_full,3304,True,False,1.7751409000653048e-06
amount_full,3305,True,False,5.078689069306284e-07
amount_full,3306,True,False,3.275534411653199e-06
amount_full,3307,True,False,7.587824609321923e-07
amount_full,3308,True,False,7.429792698896383e-07
amount_full,3309,True,False,9.28156242173497e-07
amount_full,3310,True,False,2.6506745324220373e-07
amount_full,3311,True,False,1.295869079488121e-06
amount_full,3312,True,False,3.7728705330735475e-06
amount_full,3313,True,False,1.5904463709523415e-06
amount_full,3314,True,False,3.7106307809885095e-07
amount_full,3315,True,False,8.135238942785621e-07
amount_full,3316,True,False,1.6310043657608668e-06
amount_full,3317,True,False,8.551801176692904e-08
amount_full,3318,True,False,8.237957414891639e-07
amount_full,3319,True,False,1.2811578125610079e-06
amount_full,3320,True,False,4.4065436443953023e-07
amount_full,3321,True,False,1.0368092125925558e-06
amount_full,3322,True,False,2.1871095520528783e-06
amount_full,3323,True,False,1.3081588094277601e-06
amount_full,3324,True,False,4.291393813792263e-06
amount_full,3325,True,False,3.091031154842369e-07
amount_full,3326,True,False,2.3043000926102225e-06
amount_full,3327,True,False,8.531321970780313e-07
amount_full,3328,True,False,9.029370040161749e-07
amount_full,3329,True,False,6.58082158589841e-08
amount_full,3330,True,False,4.305609112934125e-07
amount_full,3331,True,False,1.9381786936577122e-06
amount_full,3332,True,False,2.819079186186614e-07
amount_full,3333,True,False,1.3635387791440565e-06
amount_full,3334,True,False,1.0315687302450552e-06
amount_full,3335,True,False,4.103801286750079e-07
amount_full,3336,True,False,1.462700195554828e-06
amount_full,3337,True,False,2.5402889526859713e-07
amount_full,3338,True,False,1.6060124286454424e-06
amount_full,3339,True,False,5.188674348522288e-06
amount_full,3340,True,False,2.271417836982369e-06
amount_full,3341,True,False,6.131891094933501e-07
amount_full,3342,True,False,5.17327726316766e-07
amount_full,3343,True,False,1.3675033012930687e-07
amount_full,3344,True,False,5.058566400487135e-07
amount_full,3345,True,False,3.808515253875773e-07
amount_full,3346,True,False,2.070067825662687e-06
amount_full,3347,True,False,7.95845618242975e-06
amount_full,3348,True,False,3.6824595046351387e-06
amount_full,3349,True,False,2.1750616334789798e-07
amount_full,3350,True,False,2.2275903692796413e-07
amount_full,3351,True,False,7.845102044013383e-07
amount_full,3352,True,False,2.340047135955425e-07
amount_full,3353,True,False,4.042628704357153e-07
amount_full,3354,True,False,1.8796201322761138e-06
amount_full,3355,True,False,2.879818371243354e-06
amount_full,3356,True,False,2.7618551839621177e-07
amount_full,3357,True,False,7.473521320372854e-07
amount_full,3358,True,False,2.3384257209842816e-06
amount_full,3359,True,False,2.400906885438085e-06
amount_full,3360,True,False,5.670601076545993e-07
amount_full,3361,True,False,2.0403355159019935e-06
amount_full,3362,True,False,5.479079234812185e-07
amount_full,3363,True,False,2.2403176510612407e-07
amount_full,3364,True,False,4.964116465199531e-06
amount_full,3365,True,False,1.7078575146969845e-06
amount_full,3366,True,False,5.01889416698233e-07
amount_full,3367,True,False,5.032750604673012e-07
amount_full,3368,True,False,7.360443402449844e-07
amount_full,3369,True,False,1.0026727293634445e-07
amount_full,3370,True,False,1.0662142200570347e-06
amount_full,3371,True,False,1.486182039526453e-07
amount_full,3372,True,False,1.0613904690108097e-05
amount_full,3373,True,False,6.645683869812131e-07
amount_full,3374,True,False,3.970477885678249e-07
amount_full,3375,True,False,7.877572773884699e-07
amount_full,3376,True,False,8.633523116493739e-07
amount_full,3377,True,False,1.7095159270591666e-07
amount_full,3378,True,False,1.2723335363853847e-06
amount_full,3379,True,False,7.036905802611349e-07
amount_full,3380,True,False,4.2586355218766983e-07
amount_full,3381,True,False,2.238085948606937e-06
amount_full,3382,True,False,4.013021416031351e-07
amount_full,3383,True,False,1.674128906848059e-07
amount_full,3384,True,False,3.6146692474110573e-06
amount_full,3385,True,False,1.2378134849490691e-06
amount_full,3386,True,False,9.685670276443586e-07
amount_full,3387,True,False,5.690036598934551e-07
amount_full,3388,True,False,3.908177038750806e-07
amount_full,3389,True,False,1.5589317895261165e-06
amount_full,3390,True,False,9.189326355106239e-07
amount_full,3391,True,False,4.1663124597341747e-07
amount_full,3392,True,False,6.434420394867753e-07
amount_full,3393,True,False,6.918581155415072e-07
amount_full,3394,True,False,2.2755810944706775e-07
amount_full,3395,True,False,3.3460575993917766e-07
amount_full,3396,True,False,1.4265942138966522e-06
amount_full,3397,True,False,2.1630660008172585e-06
amount_full,3398,True,False,9.304675327724726e-07
amount_full,3399,True,False,7.502263588409681e-07
amount_full,3400,True,False,1.4852060369108243e-06
amount_full,3401,True,False,1.2397988442116236e-06
amount_full,3402,True,False,1.7706524483605914e-06
amount_full,3403,True,False,8.324762637210828e-07
amount_full,3404,True,False,7.540060907293523e-07
amount_full,3405,True,False,5.609193645302239e-07
amount_full,3406,True,False,2.1920865906245822e-07
amount_full,3407,True,False,7.03160318886666e-07
amount_full,3408,True,False,9.635990727871327e-07
amount_full,3409,True,False,3.553147434719599e-06
amount_full,3410,True,False,8.844022069043009e-08
amount_full,3411,True,False,9.734513003652624e-07
amount_full,3412,True,False,9.909842990690794e-07
amount_full,3413,True,False,1.3587989689834771e-06
amount_full,3414,True,False,8.763524537755115e-07
amount_full,3415,True,False,7.815155420639281e-07
amount_full,3416,True,False,1.5059217370993216e-06
amount_full,3417,True,False,3.4935782393647363e-07
amount_full,3418,True,False,8.271107774610894e-07
amount_full,3419,True,False,1.0426845067396147e-06
amount_full,3420,True,False,1.4191092972387265e-06
amount_full,3421,True,False,4.2861774109445523e-07
amount_full,3422,True,False,1.8888003354042059e-06
amount_full,3423,True,False,1.0114804439289144e-06
amount_full,3424,True,False,7.647792615642545e-07
amount_full,3425,True,False,2.6165495874189373e-06
amount_full,3426,True,False,8.170927079014493e-07
amount_full,3427,True,False,1.0149112965320645e-06
amount_full,3428,True,False,2.0767575144798578e-07
amount_full,3429,True,False,1.725490667953417e-07
amount_full,3430,True,False,3.069602969912755e-07
amount_full,3431,True,False,8.035446484498513e-07
amount_full,3432,True,False,3.98293687920368e-07
amount_full,3433,True,False,3.9393829106486926e-07
amount_full,3434,True,False,6.652200557873974e-07
amount_full,3435,True,False,8.080153221665616e-07
amount_full,3436,True,False,1.41136499220044e-06
amount_full,3437,True,False,7.711909547474509e-07
amount_full,3438,True,False,1.1139519223179693e-06
amount_full,3439,True,False,3.361587565532098e-07
amount_full,3440,True,False,5.629029058011168e-07
amount_full,3441,True,False,9.558174967988539e-07
amount_full,3442,True,False,5.9022656510057e-07
amount_full,3443,True,False,6.787449907579145e-07
amount_full,3444,True,False,4.515651669057472e-06
amount_full,3445,True,False,3.978734041452865e-06
amount_full,3446,True,False,4.388600523505152e-07
amount_full,3447,True,False,9.818761595690449e-07
amount_full,3448,True,False,7.358700422172948e-06
amount_full,3449,True,False,7.148636811808687e-07
amount_full,3450,True,False,8.519305386653536e-07
amount_full,3451,True,False,7.294301699623055e-07
amount_full,3452,True,False,1.0426327238035247e-06
amount_full,3453,True,False,2.0188733830194157e-07
amount_full,3454,True,False,3.6748335150292426e-07
amount_full,3455,True,False,7.70555829328851e-07
amount_full,3456,True,False,3.1483373586927446e-07
amount_full,3457,True,False,5.126142677868775e-07
amount_full,3458,True,False,1.2907216163815922e-06
amount_full,3459,True,False,9.379446714406293e-07
amount_full,3460,True,False,6.95180434187491e-07
amount_full,3461,True,False,2.1820563635892673e-06
amount_full,3462,True,False,1.1238306527887615e-06
amount_full,3463,True,False,6.543965204710535e-07
amount_full,3464,True,False,6.481525243032553e-07
amount_full,3465,True,False,9.758810999948887e-07
amount_full,3466,True,False,4.526341302138855e-07
amount_full,3467,True,False,6.216645641451583e-07
amount_full,3468,True,False,9.99470848940359e-07
amount_full,3469,True,False,1.0997207012229762e-06
amount_full,3470,True,False,6.148304777038786e-07
amount_full,3471,True,False,2.930017759537894e-07
amount_full,3472,True,False,4.451612857536702e-06
amount_full,3473,True,False,5.256215953749728e-07
amount_full,3474,True,False,1.7460351497726669e-06
amount_full,3475,True,False,7.865954815902181e-07
amount_full,3476,True,False,3.461274572307936e-07
amount_full,3477,True,False,3.348374832538423e-06
amount_full,3478,True,False,3.4586020185675793e-07
amount_full,3479,True,False,1.1452133909096904e-06
amount_full,3480,True,False,2.9232931110469625e-07
amount_full,3481,True,False,2.637759831962942e-07
amount_full,3482,True,False,2.6748109825433217e-06
amount_full,3483,True,False,8.098571342585344e-07
amount_full,3484,True,False,1.3197233943677154e-06
amount_full,3485,True,False,1.773345466294467e-06
amount_full,3486,True,False,1.6725378158765126e-06
amount_full,3487,True,False,1.7834044647520097e-06
amount_full,3488,True,False,2.441628402952449e-06
amount_full,3489,True,False,1.6727965139970214e-06
amount_full,3490,True,False,1.257105849763592e-06
amount_full,3491,True,False,1.2130384638370523e-06
amount_full,3492,True,False,9.212313344929613e-07
amount_full,3493,True,False,1.3595035492990608e-06
amount_full,3494,True,False,3.146006460499713e-07
amount_full,3495,True,False,3.6100620554757194e-07
amount_full,3496,True,False,4.1936498669204794e-07
amount_full,3497,True,False,1.9802741439702647e-07
amount_full,3498,True,False,1.330582301079734e-07
amount_full,3499,True,False,1.0207610217508026e-06
amount_full,3500,True,False,2.2388036575110855e-07
amount_full,3501,True,False,3.951232380589234e-07
amount_full,3502,True,False,3.9736593845654595e-06
amount_full,3503,True,False,1.7679426390273014e-07
amount_full,3504,True,False,3.9027312940035275e-07
amount_full,3505,True,False,3.244719291032227e-07
amount_full,3506,True,False,7.196207106658736e-07
amount_full,3507,True,False,7.847216504393082e-07
amount_full,3508,True,False,7.33405511078775e-07
amount_full,3509,True,False,1.0088155906928636e-06
amount_full,3510,True,False,6.146094943801058e-07
amount_full,3511,True,False,4.808704284672047e-07
amount_full,3512,True,False,1.387049495471283e-07
amount_full,3513,True,False,2.502868304431285e-06
amount_full,3514,True,False,9.156558942063787e-07
amount_full,3515,True,False,4.006446495245107e-07
amount_full,3516,True,False,4.844955371553762e-07
amount_full,3517,True,False,8.530372900715278e-07
amount_full,3518,True,False,4.1371144844913946e-07
amount_full,3519,True,False,4.0509803029847413e-07
amount_full,3520,True,False,1.338469703498843e-06
amount_full,3521,True,False,9.69952374107046e-07
amount_full,3522,True,False,2.048567988537137e-06
amount_full,3523,True,False,4.745917432691047e-06
amount_full,3524,True,False,2.0198765995527818e-07
amount_full,3525,True,False,3.007169686400337e-06
amount_full,3526,True,False,2.6940959920139354e-06
amount_full,3527,True,False,6.891790896035149e-07
amount_full,3528,True,False,1.1909006391457246e-06
amount_full,3529,True,False,1.8439928654129123e-07
amount_full,3530,True,False,1.2561563849298299e-06
amount_full,3531,True,False,4.101426838381416e-07
amount_full,3532,True,False,5.807437400695964e-07
amount_full,3533,True,False,3.064072166963308e-06
amount_full,3534,True,False,2.1484906961298277e-06
amount_full,3535,True,False,7.695552654978735e-07
amount_full,3536,True,False,1.41363987084243e-07
amount_full,3537,True,False,1.3493404129707665e-06
amount_full,3538,True,False,4.721373562553466e-07
amount_full,3539,True,False,4.46407487998912e-07
amount_full,3540,True,False,1.179768459062864e-06
amount_full,3541,True,False,1.6313340663151537e-06
amount_full,3542,True,False,1.5871604563254918e-06
amount_full,3543,True,False,1.5211450845118305e-06
amount_full,3544,True,False,1.4404686101089465e-06
amount_full,3545,True,False,1.6978284592416154e-06
amount_full,3546,True,False,1.2593457168051506e-07
amount_full,3547,True,False,6.431142601557662e-07
amount_full,3548,True,False,9.991007297291674e-07
amount_full,3549,True,False,1.0712742205314553e-06
amount_full,3550,True,False,4.0016081048722455e-07
amount_full,3551,True,False,1.5430660926977761e-06
amount_full,3552,True,False,6.535680899608119e-07
amount_full,3553,True,False,2.1805305930733345e-06
amount_full,3554,True,False,7.283731622216034e-07
amount_full,3555,True,False,1.0554402014519411e-06
amount_full,3556,True,False,3.561604748909363e-07
amount_full,3557,True,False,1.788282705729439e-06
amount_full,3558,True,False,3.811949240531227e-07
amount_full,3559,True,False,1.338156865277011e-07
amount_full,3560,True,False,1.0961959087566386e-06
amount_full,3561,True,False,4.206370711444215e-07
amount_full,3562,True,False,2.3759671147164934e-06
amount_full,3563,True,False,3.364504776348886e-07
amount_full,3564,True,False,1.2232523991760867e-06
amount_full,3565,True,False,9.337635496042018e-07
amount_full,3566,True,False,2.3982436131855536e-07
amount_full,3567,True,False,7.671775626074976e-07
amount_full,3568,True,False,1.1393003431894522e-07
amount_full,3569,True,False,2.64533512964e-07
amount_full,3570,True,False,4.552115910269707e-06
amount_full,3571,True,False,8.289423779725757e-07
amount_full,3572,True,False,2.902418121290717e-07
amount_full,3573,True,False,1.9074455145365543e-07
amount_full,3574,True,False,5.356496091442211e-07
amount_full,3575,True,False,2.680159599539827e-07
amount_full,3576,True,False,2.4500292145627933e-07
amount_full,3577,True,False,2.567903430572803e-06
amount_full,3578,True,False,7.605616337380306e-07
amount_full,3579,True,False,1.331789678793519e-06
amount_full,3580,True,False,2.562665240823855e-07
amount_full,3581,True,False,1.013972186665794e-06
amount_full,3582,True,False,2.4196591995052583e-06
amount_full,3583,True,False,3.382556263012811e-07
amount_full,3584,True,False,7.917680671436111e-07
amount_full,3585,True,False,5.794589075742124e-07
amount_full,3586,True,False,8.594736150912783e-07
amount_full,3587,True,False,1.1015046020138902e-06
amount_full,3588,True,False,3.410398821260405e-07
amount_full,3589,True,False,4.0675037868927127e-07
amount_full,3590,True,False,2.8570059689002184e-07
amount_full,3591,True,False,1.6731937118142372e-06
amount_full,3592,True,False,3.1484989436811188e-06
amount_full,3593,True,False,5.855619192929155e-07
amount_full,3594,True,False,5.200754554184031e-06
amount_full,3595,True,False,5.435395267510637e-07
amount_full,3596,True,False,8.235541925807948e-07
amount_full,3597,True,False,9.490676743713456e-07
amount_full,3598,True,False,6.781795005047505e-07
amount_full,3599,True,False,2.0390034536517094e-07
amount_full,3600,True,False,1.351836809740523e-06
amount_full,3601,True,False,6.741087047478198e-07
amount_full,3602,True,False,4.644094570523876e-07
amount_full,3603,True,False,3.385006771982925e-06
amount_full,3604,True,False,1.00544319377283e-06
amount_full,3605,True,False,5.089073297933305e-07
amount_full,3606,True,False,7.084712969381692e-07
amount_full,3607,True,False,2.713157965222584e-06
amount_full,3608,True,False,4.250467809543785e-07
amount_full,3609,True,False,4.855010061014349e-07
amount_full,3610,True,False,8.033851722012617e-07
amount_full,3611,True,False,9.796853252988412e-07
amount_full,3612,True,False,6.17071262862601e-08
amount_full,3613,True,False,1.7276073539202274e-07
amount_full,3614,True,False,1.1049094803163089e-06
amount_full,3615,True,False,1.0535093510572034e-06
amount_full,3616,True,False,1.1775783730888135e-06
amount_full,3617,True,False,1.1643567286418923e-06
amount_full,3618,True,False,3.148091367565844e-06
amount_full,3619,True,False,6.114188535159876e-06
amount_full,3620,True,False,2.080457495129377e-07
amount_full,3621,True,False,5.221616796620775e-07
amount_full,3622,True,False,7.729529215210698e-07
amount_full,3623,True,False,1.0099370059130775e-06
amount_full,3624,True,False,7.816994835644021e-07
amount_full,3625,True,False,2.3647145255241856e-06
amount_full,3626,True,False,5.131272979969192e-07
amount_full,3627,True,False,5.576371332564292e-07
amount_full,3628,True,False,4.140143570955614e-06
amount_full,3629,True,False,2.0839211317685157e-06
amount_full,3630,True,False,2.5937982091530773e-06
amount_full,3631,True,False,3.0773179063526534e-07
amount_full,3632,True,False,6.810359564829084e-07
amount_full,3633,True,False,2.3820596644473916e-06
amount_full,3634,True,False,1.051417283595195e-06
amount_full,3635,True,False,1.2208447235859627e-06
amount_full,3636,True,False,1.8352367964957841e-06
amount_full,3637,True,False,8.569252619481739e-07
amount_full,3638,True,False,1.4398728415448616e-07
amount_full,3639,True,False,1.3229663776886905e-06
amount_full,3640,True,False,2.1220366858021879e-07
amount_full,3641,True,False,2.0274266361078543e-06
amount_full,3642,True,False,3.1806204832912995e-07
amount_full,3643,True,False,5.719027195900575e-07
amount_full,3644,True,False,2.19444810156985e-06
amount_full,3645,True,False,2.1363552942435264e-06
amount_full,3646,True,False,3.0105913909641455e-07
amount_full,3647,True,False,7.075890061352217e-07
amount_full,3648,True,False,1.2297880994931227e-06
amount_full,3649,True,False,1.269343366092667e-07
amount_full,3650,True,False,8.101632380256856e-07
amount_full,3651,True,False,3.6329025275425296e-07
amount_full,3652,True,False,7.194918427766023e-07
amount_full,3653,True,False,5.765194545901927e-07
amount_full,3654,True,False,2.6001357065743303e-07
amount_full,3655,True,False,1.7556602352357854e-07
amount_full,3656,True,False,4.145232607307711e-07
amount_full,3657,True,False,1.4177048511830857e-06
amount_full,3658,True,False,1.0829186852394176e-06
amount_full,3659,True,False,4.470693961654697e-07
amount_full,3660,True,False,1.6577715710112202e-06
amount_full,3661,True,False,9.139356627318369e-07
amount_full,3662,True,False,6.885347855909392e-07
amount_full,3663,True,False,8.683098980971435e-07
amount_full,3664,True,False,2.007202514500604e-06
amount_full,3665,True,False,1.3685519120419908e-06
amount_full,3666,True,False,8.252738009677049e-07
amount_full,3667,True,False,3.4077334985695464e-07
amount_full,3668,True,False,2.6198313928150696e-06
amount_full,3669,True,False,2.7000443003953935e-06
amount_full,3670,True,False,6.51074288839326e-07
amount_full,3671,True,False,1.6828139532579284e-06
amount_full,3672,True,False,2.2261895826189283e-06
amount_full,3673,True,False,2.4517173624175515e-06
amount_full,3674,True,False,9.612724401182877e-07
amount_full,3675,True,False,8.435951297604829e-07
amount_full,3676,True,False,5.3711748757681245e-08
amount_full,3677,True,False,5.159780376937764e-07
amount_full,3678,True,False,6.202188640547791e-07
amount_full,3679,True,False,4.024897561295643e-07
amount_full,3680,True,False,2.3167800500818846e-07
amount_full,3681,True,False,1.6866980601315286e-06
amount_full,3682,True,False,2.5507784627776417e-06
amount_full,3683,True,False,5.465319431743948e-07
amount_full,3684,True,False,9.705156366862037e-07
amount_full,3685,True,False,3.6664955011618976e-07
amount_full,3686,True,False,5.321864977186937e-07
amount_full,3687,True,False,4.889505026437269e-06
amount_full,3688,True,False,2.4638875812953163e-06
amount_full,3689,True,False,2.454739457819379e-06
amount_full,3690,True,False,1.453818941239237e-06
amount_full,3691,True,False,7.102440511677125e-07
amount_full,3692,True,False,1.2911897163099164e-06
amount_full,3693,True,False,7.005485558803134e-07
amount_full,3694,True,False,3.055823902475019e-07
amount_full,3695,True,False,9.415442164128554e-08
amount_full,3696,True,False,1.2617729978084312e-06
amount_full,3697,True,False,5.177683836363209e-07
amount_full,3698,True,False,4.0438520482488717e-07
amount_full,3699,True,False,1.817562531144601e-07
amount_full,3700,True,False,4.551084830286593e-07
amount_full,3701,True,False,2.1888709413043634e-07
amount_full,3702,True,False,1.9278034287230906e-06
amount_full,3703,True,False,1.4371196070240382e-06
amount_full,3704,True,False,3.95954850078722e-07
amount_full,3705,True,False,7.245417395602272e-07
amount_full,3706,True,False,1.897134029136709e-06
amount_full,3707,True,False,1.0427107431878273e-06
amount_full,3708,True,False,1.2169579330773777e-06
amount_full,3709,True,False,4.967777627951573e-07
amount_full,3710,True,False,8.463507808954981e-07
amount_full,3711,True,False,1.8356432429680454e-06
amount_full,3712,True,False,4.789758409898726e-07
amount_full,3713,True,False,6.255925836236977e-07
amount_full,3714,True,False,2.6721664080491357e-06
amount_full,3715,True,False,1.8019385585277107e-07
amount_full,3716,True,False,5.029413744826991e-07
amount_full,3717,True,False,8.488624872342765e-07
amount_full,3718,True,False,3.1996221456169775e-06
amount_full,3719,True,False,2.9687651093622707e-06
amount_full,3720,True,False,8.648885381284092e-07
amount_full,3721,True,False,6.737941198349559e-07
amount_full,3722,True,False,5.156504134776176e-07
amount_full,3723,True,False,5.290482550265408e-07
amount_full,3724,True,False,8.719430397626801e-07
amount_full,3725,True,False,3.563430148653132e-07
amount_full,3726,True,False,4.311430115060508e-07
amount_full,3727,True,False,1.5192908044966513e-06
amount_full,3728,True,False,3.3993986657942496e-07
amount_full,3729,True,False,4.225102562434251e-07
amount_full,3730,True,False,1.5708997336470024e-06
amount_full,3731,True,False,1.407822576277475e-06
amount_full,3732,True,False,4.7104867399243434e-07
amount_full,3733,True,False,1.1512240224454095e-06
amount_full,3734,True,False,6.357067522640178e-07
amount_full,3735,True,False,3.0655841817089954e-06
amount_full,3736,True,False,7.343749053331814e-07
amount_full,3737,True,False,8.726874679184575e-08
amount_full,3738,True,False,3.958387408970853e-07
amount_full,3739,True,False,1.5173380682349103e-06
amount_full,3740,True,False,2.4534405513200695e-07
amount_full,3741,True,False,6.95018640075887e-07
amount_full,3742,True,False,1.2059473919062743e-06
amount_full,3743,True,False,1.7599579293332215e-06
amount_full,3744,True,False,5.554280188493728e-07
amount_full,3745,True,False,2.184420019331122e-07
amount_full,3746,True,False,1.336475515567106e-06
amount_full,3747,True,False,2.6821410914161644e-06
amount_full,3748,True,False,1.4913295872887034e-06
amount_full,3749,True,False,8.889938173246473e-07
amount_full,3750,True,False,1.2961240821938527e-06
amount_full,3751,True,False,1.1736388297960924e-06
amount_full,3752,True,False,5.388029687912638e-07
amount_full,3753,True,False,1.7049615337891877e-06
amount_full,3754,True,False,9.1011780362593e-07
amount_full,3755,True,False,2.54172747333326e-07
amount_full,3756,True,False,4.4473740954544133e-07
amount_full,3757,True,False,5.64121625896664e-06
amount_full,3758,True,False,1.7309440076375404e-06
amount_full,3759,True,False,7.18665291662918e-08
amount_full,3760,True,False,1.5343378728192139e-06
amount_full,3761,True,False,3.5575621811482045e-06
amount_full,3762,True,False,5.991075152837724e-07
amount_full,3763,True,False,2.691806147946777e-06
amount_full,3764,True,False,7.064640979011814e-07
amount_full,3765,True,False,9.5681928237954e-07
amount_full,3766,True,False,3.1917243337694803e-07
amount_full,3767,True,False,2.3526599958246902e-07
amount_full,3768,True,False,1.4837359876917304e-07
amount_full,3769,True,False,4.2924346076647615e-07
amount_full,3770,True,False,1.2914111334576312e-06
amount_full,3771,True,False,7.903077394353801e-07
amount_full,3772,True,False,1.2660557863218822e-06
amount_full,3773,True,False,6.597041573768672e-07
amount_full,3774,True,False,3.826058523186988e-06
amount_full,3775,True,False,1.6649365519039983e-06
amount_full,3776,True,False,6.29713510986875e-08
amount_full,3777,True,False,8.623348512729198e-08
amount_full,3778,True,False,7.538442387772359e-07
amount_full,3779,True,False,2.6794443785803215e-07
amount_full,3780,True,False,6.983411285325084e-07
amount_full,3781,True,False,4.56125001391412e-07
amount_full,3782,True,False,2.531130404754574e-07
amount_full,3783,True,False,1.2570285881329223e-06
amount_full,3784,True,False,1.6056533969609302e-06
amount_full,3785,True,False,3.7402015833999403e-06
amount_full,3786,True,False,1.8646372753070606e-06
amount_full,3787,True,False,6.091283042758776e-07
amount_full,3788,True,False,1.2597645955191848e-06
amount_full,3789,True,False,1.3046963351483675e-06
amount_full,3790,True,False,3.042892612081307e-07
amount_full,3791,True,False,1.5329359348076293e-06
amount_full,3792,True,False,1.2690334517366882e-06
amount_full,3793,True,False,1.4492814351953442e-06
amount_full,3794,True,False,6.495108462992556e-07
amount_full,3795,True,False,2.1545168340160082e-06
amount_full,3796,True,False,7.19636533096344e-07
amount_full,3797,True,False,2.310279418425233e-07
amount_full,3798,True,False,2.469882175381646e-06
amount_full,3799,True,False,1.664698965744331e-06
amount_full,3800,True,False,5.137468734704082e-07
amount_full,3801,True,False,1.0535290451105666e-06
amount_full,3802,True,False,6.847364937428221e-07
amount_full,3803,True,False,8.090427918509157e-07
amount_full,3804,True,False,6.976228439175911e-07
amount_full,3805,True,False,8.511193058053907e-07
amount_full,3806,True,False,4.463526055924256e-07
amount_full,3807,True,False,6.285189189787553e-07
amount_full,3808,True,False,4.89846021691581e-08
amount_full,3809,True,False,6.590574457913671e-07
amount_full,3810,True,False,5.000458175206146e-07
amount_full,3811,True,False,5.902940127357193e-07
amount_full,3812,True,False,1.6853968328336785e-07
amount_full,3813,True,False,3.45660870434992e-07
amount_full,3814,True,False,6.465801741141951e-07
amount_full,3815,True,False,1.7246513257103444e-06
amount_full,3816,True,False,5.452417225906573e-07
amount_full,3817,True,False,1.827713125112558e-06
amount_full,3818,True,False,1.8967195979676835e-06
amount_full,3819,True,False,1.11431326681779e-06
amount_full,3820,True,False,4.2158724775140316e-07
amount_full,3821,True,False,4.302458160397117e-07
amount_full,3822,True,False,7.078389442336632e-07
amount_full,3823,True,False,2.4890639480462947e-06
amount_full,3824,True,False,5.076948535788484e-07
amount_full,3825,True,False,3.521749864825387e-07
amount_full,3826,True,False,9.99843544921816e-07
amount_full,3827,True,False,1.2873208206087838e-06
amount_full,3828,True,False,1.039848969325013e-06
amount_full,3829,True,False,6.054707468410157e-07
amount_full,3830,True,False,1.4348374227346391e-06
amount_full,3831,True,False,1.5346008628259525e-07
amount_full,3832,True,False,4.009415151155659e-06
amount_full,3833,True,False,2.0483347643247696e-06
amount_full,3834,True,False,1.6941792217474347e-06
amount_full,3835,True,False,1.0404241051659927e-06
amount_full,3836,True,False,1.962559943958475e-06
amount_full,3837,True,False,4.2327504503889754e-07
amount_full,3838,True,False,1.1511975488470756e-06
amount_full,3839,True,False,5.205672915881184e-07
amount_full,3840,True,False,4.31363408600948e-07
amount_full,3841,True,False,6.184375271769372e-07
amount_full,3842,True,False,3.417186533027916e-06
amount_full,3843,True,False,1.5809950529992554e-06
amount_full,3844,True,False,3.757154743527901e-06
amount_full,3845,True,False,2.7649164635552784e-07
amount_full,3846,True,False,6.207380554638657e-07
amount_full,3847,True,False,1.0108678129435569e-07
amount_full,3848,True,False,5.364422098806675e-06
amount_full,3849,True,False,3.915518749924926e-07
amount_full,3850,True,False,2.229523172338524e-06
amount_full,3851,True,False,8.318029354335529e-07
amount_full,3852,True,False,3.6098137653022215e-07
amount_full,3853,True,False,5.596545905700457e-07
amount_full,3854,True,False,1.6558198322736834e-06
amount_full,3855,True,False,4.316733220687482e-07
amount_full,3856,True,False,9.169673616425688e-07
amount_full,3857,True,False,2.694412961916653e-07
amount_full,3858,True,False,2.375215763602159e-07
amount_full,3859,True,False,6.608295547456742e-07
amount_full,3860,True,False,8.299089079527143e-07
amount_full,3861,True,False,1.0801740636829505e-06
amount_full,3862,True,False,2.001400335131038e-06
amount_full,3863,True,False,3.380663722118982e-06
amount_full,3864,True,False,7.89817444326407e-07
amount_full,3865,True,False,1.5983324202134755e-06
amount_full,3866,True,False,6.669839544087233e-07
amount_full,3867,True,False,1.2084737763840489e-06
amount_full,3868,True,False,8.519837153413926e-07
amount_full,3869,True,False,1.5431751642051575e-06
amount_full,3870,True,False,3.9152237709218206e-07
amount_full,3871,True,False,3.584924772240727e-06
amount_full,3872,True,False,8.527503003525958e-07
amount_full,3873,True,False,7.257088721503148e-07
amount_full,3874,True,False,1.0305399573553067e-06
amount_full,3875,True,False,1.1606441279054027e-06
amount_full,3876,True,False,6.023193533824178e-07
amount_full,3877,True,False,5.336619346230249e-06
amount_full,3878,True,False,5.870080416829596e-07
amount_full,3879,True,False,3.2252057404203703e-06
amount_full,3880,True,False,2.7785020473405576e-07
amount_full,3881,True,False,8.296661790623612e-07
amount_full,3882,True,False,2.6314494748534227e-07
amount_full,3883,True,False,7.854657939254742e-07
amount_full,3884,True,False,7.332374609327135e-07
amount_full,3885,True,False,1.968337576654183e-07
amount_full,3886,True,False,1.4083687493657395e-06
amount_full,3887,True,False,2.8697057780785504e-07
amount_full,3888,True,False,6.550617551147422e-07
amount_full,3889,True,False,9.151280757906405e-07
amount_full,3890,True,False,4.319292999316286e-06
amount_full,3891,True,False,2.3063226605076526e-06
amount_full,3892,True,False,8.443570741438204e-07
amount_full,3893,True,False,1.635284710850104e-06
amount_full,3894,True,False,5.679334326711205e-07
amount_full,3895,True,False,4.2958952220077805e-06
amount_full,3896,True,False,1.0940018080877668e-06
amount_full,3897,True,False,7.719223856153108e-07
amount_full,3898,True,False,8.163467558674868e-07
amount_full,3899,True,False,1.1960791247412918e-06
amount_full,3900,True,False,2.045916642734701e-06
amount_full,3901,True,False,9.936688471669302e-07
amount_full,3902,True,False,5.376786201530644e-07
amount_full,3903,True,False,9.412369926980983e-07
amount_full,3904,True,False,7.704363181749175e-07
amount_full,3905,True,False,6.472942669159546e-07
amount_full,3906,True,False,2.6944574635582787e-06
amount_full,3907,True,False,6.669870932571908e-07
amount_full,3908,True,False,1.1902036869932866e-06
amount_full,3909,True,False,8.526305233908487e-07
amount_full,3910,True,False,1.6509266352591962e-06
amount_full,3911,True,False,1.1507357142110103e-06
amount_full,3912,True,False,3.741272529943066e-06
amount_full,3913,True,False,2.709211940115264e-07
amount_full,3914,True,False,5.077997282331459e-07
amount_full,3915,True,False,1.1128118554274417e-06
amount_full,3916,True,False,1.1459696439617612e-06
amount_full,3917,True,False,3.720791480274508e-07
amount_full,3918,True,False,3.6566906389239658e-06
amount_full,3919,True,False,4.623206518035874e-07
amount_full,3920,True,False,4.721427122746243e-07
amount_full,3921,True,False,3.804304828362261e-07
amount_full,3922,True,False,5.521372727510472e-07
amount_full,3923,True,False,1.2119497952300454e-07
amount_full,3924,True,False,6.786168900045519e-07
amount_full,3925,True,False,1.0422740738269786e-06
amount_full,3926,True,False,6.199775978244273e-07
amount_full,3927,True,False,1.1304787264948993e-06
amount_full,3928,True,False,5.749515433003402e-07
amount_full,3929,True,False,2.9502297748013174e-07
amount_full,3930,True,False,6.876544762091502e-06
amount_full,3931,True,False,1.1311225523264763e-07
amount_full,3932,True,False,1.7431717212010413e-06
amount_full,3933,True,False,2.623786925990364e-07
amount_full,3934,True,False,1.0790790988394187e-06
amount_full,3935,True,False,1.821477494236998e-06
amount_full,3936,True,False,1.2694283691746124e-06
amount_full,3937,True,False,7.995893552486967e-07
amount_full,3938,True,False,8.790356329589723e-07
amount_full,3939,True,False,3.1851232582500315e-06
amount_full,3940,True,False,7.107278024853862e-07
amount_full,3941,True,False,2.490878626715427e-06
amount_full,3942,True,False,1.3748717669010557e-06
amount_full,3943,True,False,3.5485827697744633e-06
amount_full,3944,True,False,6.169142983346076e-07
amount_full,3945,True,False,5.896223370623258e-07
amount_full,3946,True,False,6.765054574095263e-07
amount_full,3947,True,False,6.994553319008443e-07
amount_full,3948,True,False,2.717568314121647e-07
amount_full,3949,True,False,3.050056889356548e-07
amount_full,3950,True,False,4.3365704556727227e-07
amount_full,3951,True,False,1.3998378561832795e-06
amount_full,3952,True,False,3.723861420074041e-07
amount_full,3953,True,False,8.485212749884706e-07
amount_full,3954,True,False,2.173945774517544e-06
amount_full,3955,True,False,7.418100740740479e-07
amount_full,3956,True,False,2.2712768985285986e-06
amount_full,3957,True,False,2.7976313348396007e-06
amount_full,3958,True,False,1.4154878778492191e-06
amount_full,3959,True,False,5.997243116182014e-06
amount_full,3960,True,False,6.341900433955434e-07
amount_full,3961,True,False,5.202379486094064e-06
amount_full,3962,True,False,1.2438695029958827e-07
amount_full,3963,True,False,7.70060848944385e-06
amount_full,3964,True,False,9.123178948455985e-07
amount_full,3965,True,False,1.8966497824683165e-07
amount_full,3966,True,False,5.746870472068621e-07
amount_full,3967,True,False,8.100002312536149e-07
amount_full,3968,True,False,5.907238780119408e-07
amount_full,3969,True,False,6.298423197908872e-07
amount_full,3970,True,False,2.824375020313074e-06
amount_full,3971,True,False,4.4771850550336385e-07
amount_full,3972,True,False,6.172059343923277e-07
amount_full,3973,True,False,6.700360714340184e-07
amount_full,3974,True,False,1.437597030275336e-06
amount_full,3975,True,False,2.972750592103182e-07
amount_full,3976,True,False,8.690462145725749e-08
amount_full,3977,True,False,1.5155430998527084e-06
amount_full,3978,True,False,1.2402699302230238e-06
amount_full,3979,True,False,6.139796031745688e-07
amount_full,3980,True,False,7.058255092078212e-07
amount_full,3981,True,False,5.163334579086901e-07
amount_full,3982,True,False,1.5648791295013597e-06
amount_full,3983,True,False,5.852779280007946e-07
amount_full,3984,True,False,6.317877372679584e-07
amount_full,3985,True,False,8.240405384335986e-07
amount_full,3986,True,False,1.8456596113366726e-07
amount_full,3987,True,False,1.0693653178040832e-06
amount_full,3988,True,False,1.7743938779124906e-06
amount_full,3989,True,False,2.3255296989419883e-06
amount_full,3990,True,False,1.7097059812511778e-06
amount_full,3991,True,False,1.6237089456096674e-06
amount_full,3992,True,False,5.969416415578248e-07
amount_full,3993,True,False,3.264023627027974e-06
amount_full,3994,True,False,8.204762747814926e-07
amount_full,3995,True,False,2.4209816626395556e-06
amount_full,3996,True,False,2.353466591083077e-06
amount_full,3997,True,False,1.130106205168218e-06
amount_full,3998,True,False,2.843680278646453e-06
amount_full,3999,True,False,4.973451119331434e-07
amount_full,4000,True,False,1.6726121244786067e-06
