sample,outcome,variable,concept,family,estimand,effect,se,lo,hi,p,N,q
raw,outcome_ord,q42_age,age,objective,level,0.013630578685473092,0.02143001837687702,-0.028371485521237375,0.05563264289218356,0.5247433619442485,5497,0.5247433619442485
raw,outcome_ord,q42_age,age,objective,food-cash,0.0007042344657084834,0.05241974280989546,-0.10203657352053908,0.10344504245195604,0.9892811205241436,5497,0.9892811205241436
raw,outcome_ord,q42_age,age,objective,medical-cash,-0.008475038796444416,0.052492895124611486,-0.11135922268492111,0.09440914509203228,0.8717380754920341,5497,0.8717380754920342
raw,outcome_ord,q42_age,age,objective,restricted-cash,-0.0038854021653679663,0.045387969594204,-0.09284418790140686,0.08507338357067093,0.931781036155447,5497,0.9317810361554472
raw,outcome_ord,q42_age,age,objective,medical-food,-0.0091792732621529,0.052596538042922046,-0.11226659353777092,0.09390804701346513,0.8614549400237644,5497,0.8761492183304114
raw,outcome_ord,q41_gender,gender,objective,level,-0.07720957641365134,0.020786332122404137,-0.11795003874425147,-0.03646911408305121,0.00020365445523314756,5497,0.00025456806904143445
raw,outcome_ord,q41_gender,gender,objective,food-cash,-0.02020024454170418,0.05212169234247667,-0.12235688434623557,0.08195639526282722,0.6983422223052418,5497,0.8729277778815523
raw,outcome_ord,q41_gender,gender,objective,medical-cash,-0.012401180791338912,0.0507180405134234,-0.11180671356409212,0.0870043519814143,0.8068341372567296,5497,0.8717380754920342
raw,outcome_ord,q41_gender,gender,objective,restricted-cash,-0.016300712666521548,0.04492730428732458,-0.10435661099214968,0.0717551856591066,0.7167362224612628,5497,0.9317810361554472
raw,outcome_ord,q41_gender,gender,objective,medical-food,0.007799063750365268,0.05004128505770692,-0.09028005270284266,0.10587818020357319,0.8761492183304114,5497,0.8761492183304114
raw,outcome_ord,q43_edu,education,objective,level,0.12600951000557004,0.021482011767527474,0.08390554062575056,0.1681134793853895,4.4693150350332054e-09,5497,1.1173287587583014e-08
raw,outcome_ord,q43_edu,education,objective,food-cash,0.04706039875310913,0.053025713535750044,-0.056868090031499,0.15098888753771725,0.3748089746880554,5497,0.8507990923855339
raw,outcome_ord,q43_edu,education,objective,medical-cash,-0.10197506404613807,0.0529953107725186,-0.2058439645097821,0.0018938364175059424,0.05432600336524848,5497,0.18108667788416163
raw,outcome_ord,q43_edu,education,objective,restricted-cash,-0.02745733264651447,0.046443108342484954,-0.11848415232787671,0.06356948703484777,0.5543840138244123,5497,0.9317810361554472
raw,outcome_ord,q43_edu,education,objective,medical-food,-0.1490354627992472,0.051113689650183924,-0.2492164536305654,-0.048854471967929,0.003548186325933098,5497,0.017740931629665488
raw,outcome_ord,income_h,monthly income harmonized 1-6,objective,level,0.14537345519988307,0.02168494916009015,0.10287173583952428,0.18787517456024186,2.0294681386198704e-11,5497,1.3566445574050482e-10
raw,outcome_ord,income_h,monthly income harmonized 1-6,objective,food-cash,0.03506402973169469,0.053205420683862956,-0.06921667859097916,0.13934473805436853,0.5098757640260189,5497,0.8507990923855339
raw,outcome_ord,income_h,monthly income harmonized 1-6,objective,medical-cash,-0.11812576697504974,0.05405203088302534,-0.22406580079702615,-0.012185733153073336,0.028858909224019142,5497,0.15404519593727617
raw,outcome_ord,income_h,monthly income harmonized 1-6,objective,restricted-cash,-0.04153086862167753,0.04699755990995956,-0.13364439340646178,0.05058265616310671,0.37686823426287175,5497,0.9317810361554472
raw,outcome_ord,income_h,monthly income harmonized 1-6,objective,medical-food,-0.15318979670674443,0.051670060146004886,-0.2544612536719324,-0.05191833974155645,0.0030291020848161416,5497,0.017740931629665488
raw,outcome_ord,q23_hukou,hukou,objective,level,0.10480636762268446,0.020908519077544,0.0638264232606296,0.14578631198473932,5.369511400429174e-07,5497,1.0739022800858347e-06
raw,outcome_ord,q23_hukou,hukou,objective,food-cash,-0.013590303285270004,0.05188330298868734,-0.11527970854207653,0.08809910197153653,0.7933678356221314,5497,0.8815198173579238
raw,outcome_ord,q23_hukou,hukou,objective,medical-cash,0.07671674584779961,0.05091905538401612,-0.023082768831672318,0.17651626052727154,0.13190265518472782,5497,0.32975663796181953
raw,outcome_ord,q23_hukou,hukou,objective,restricted-cash,0.031563221281264806,0.044777458898065996,-0.056198985478167124,0.11932542804069673,0.48087816177375664,5497,0.9317810361554472
raw,outcome_ord,q23_hukou,hukou,objective,medical-food,0.09030704913306961,0.050489319256263585,-0.008650198213151647,0.18926429647929088,0.0736733441540873,5497,0.16053938082520997
raw,outcome_ord,q24_workstat,employment status,objective,level,-0.13975248620959713,0.020979613175242134,-0.1808717724426537,-0.09863319997654055,2.7132891148100962e-11,5497,1.3566445574050482e-10
raw,outcome_ord,q24_workstat,employment status,objective,food-cash,-0.07010591234383812,0.05171488860882283,-0.17146523148163156,0.03125340679395533,0.17521902749816387,5497,0.8507990923855339
raw,outcome_ord,q24_workstat,employment status,objective,medical-cash,0.025192145668774577,0.05284746284893512,-0.07838697818945678,0.12877126952700593,0.6335789954597657,5497,0.7925983582428098
raw,outcome_ord,q24_workstat,employment status,objective,restricted-cash,-0.02245688333753177,0.04600126172848582,-0.11261769956876475,0.06770393289370119,0.62542254378338,5497,0.9317810361554472
raw,outcome_ord,q24_workstat,employment status,objective,medical-food,0.0952980580126127,0.049700138272790004,-0.002112423028716448,0.19270853905394184,0.05517943912648403,5497,0.16053938082520997
raw,outcome_ord,q25_unittype,work-unit type,objective,level,-0.09904862932746589,0.021662521591755662,-0.14150639146162827,-0.05659086719330351,4.822845974324518e-06,5497,8.038076623874195e-06
raw,outcome_ord,q25_unittype,work-unit type,objective,food-cash,-0.04742430077596162,0.053701380499790105,-0.15267707247563178,0.05782847092370856,0.3771760907836649,5497,0.8507990923855339
raw,outcome_ord,q25_unittype,work-unit type,objective,medical-cash,0.03494294445004931,0.05326781946364631,-0.06946006323367916,0.13934595213377776,0.5118331244987013,5497,0.7925983582428098
raw,outcome_ord,q25_unittype,work-unit type,objective,restricted-cash,-0.006240678162956155,0.04663180604573993,-0.09763733854666357,0.08515598222075127,0.8935379611107334,5497,0.9317810361554472
raw,outcome_ord,q25_unittype,work-unit type,objective,medical-food,0.08236724522601092,0.0523879411280848,-0.020311232609239935,0.18504572306126177,0.11589123507899006,5497,0.19315205846498343
raw,outcome_ord,q26_housing,housing tenure,objective,level,-0.08642014997384065,0.021684249797335853,-0.1289204986083889,-0.04391980133929241,6.736993550894119e-05,5497,9.624276501277313e-05
raw,outcome_ord,q26_housing,housing tenure,objective,food-cash,-0.035588526787358986,0.05407840204708274,-0.14158024714111828,0.07040319356640032,0.5104794554313203,5497,0.8507990923855339
raw,outcome_ord,q26_housing,housing tenure,objective,medical-cash,0.027288350958200584,0.05310438424445348,-0.07679432958210453,0.1313710314985057,0.6073481363407774,5497,0.7925983582428098
raw,outcome_ord,q26_housing,housing tenure,objective,restricted-cash,-0.004150087914579201,0.04678475772776389,-0.09584652808642839,0.08754635225726999,0.929315577691421,5497,0.9317810361554472
raw,outcome_ord,q26_housing,housing tenure,objective,medical-food,0.06287687774555957,0.052286175661590634,-0.0396021434404928,0.16535589893161196,0.22914949031793386,5497,0.3273564147399055
raw,outcome_ord,q27_minorchild,minor child,needs,level,-0.06394576963819906,0.0208315341459198,-0.10477482630691823,-0.023116712969479904,0.0021430111782522417,5497,0.0021430111782522417
raw,outcome_ord,q27_minorchild,minor child,needs,food-cash,0.07652610099221631,0.05228983261361483,-0.02596008768809667,0.1790122896725293,0.1433309746354476,5497,0.5015596920138352
raw,outcome_ord,q27_minorchild,minor child,needs,medical-cash,0.02896174609051042,0.05050171905841477,-0.07001980442134258,0.12794329660236342,0.566319465680704,5497,0.7550926209076053
raw,outcome_ord,q27_minorchild,minor child,needs,restricted-cash,0.05274392354136336,0.044802573106134023,-0.03506750616138215,0.14055535324410887,0.23909489689951768,5497,0.44644085500962855
raw,outcome_ord,q27_minorchild,minor child,needs,medical-food,-0.047564354901705894,0.05040057755133252,-0.1463476717023356,0.051218961898923804,0.3453094868011195,5497,0.3453094868011195
raw,outcome_ord,q28_hhsize,household size,needs,level,0.0886785134248405,0.021224290865340847,0.04707966773136998,0.130277359118311,2.938750534366642e-05,5497,3.918334045822189e-05
raw,outcome_ord,q28_hhsize,household size,needs,food-cash,-0.06170682726940378,0.053730190279095855,-0.16701606509891576,0.043602410560108204,0.2507798460069176,5497,0.5015596920138352
raw,outcome_ord,q28_hhsize,household size,needs,medical-cash,0.011486358484672452,0.05193772586805662,-0.09030971365563283,0.11328243062497774,0.8249706863125661,5497,0.8249706863125661
raw,outcome_ord,q28_hhsize,household size,needs,restricted-cash,-0.025110234392365666,0.04641476395823692,-0.11608150010143778,0.06586103131670645,0.5885098534264361,5497,0.5885098534264361
raw,outcome_ord,q28_hhsize,household size,needs,medical-food,0.07319318575407624,0.05051336633358632,-0.02581119299763103,0.1721975645057835,0.14734135343513752,5497,0.2676645672225284
raw,outcome_ord,q29_foodexp,monthly food spending,needs,level,0.2587258711631864,0.02152398376568281,0.2165396381786233,0.3009121041477495,2.7778403141922047e-33,5497,1.1111361256768819e-32
raw,outcome_ord,q29_foodexp,monthly food spending,needs,food-cash,-0.012420158782477814,0.05402605690059617,-0.11830928453435798,0.09346896696940234,0.8181756856044531,5497,0.8181756856044531
raw,outcome_ord,q29_foodexp,monthly food spending,needs,medical-cash,-0.07813983645374642,0.05300061126501955,-0.18201912569179263,0.025739452784299774,0.1403955783784252,5497,0.2807911567568504
raw,outcome_ord,q29_foodexp,monthly food spending,needs,restricted-cash,-0.04527999761811212,0.04695003409643714,-0.13730037352005645,0.04674037828383221,0.3348306412572214,5497,0.44644085500962855
raw,outcome_ord,q29_foodexp,monthly food spending,needs,medical-food,-0.0657196776712686,0.05136668600131711,-0.1663965322390279,0.034957176896490694,0.2007484254168963,5497,0.2676645672225284
raw,outcome_ord,q30_medexp,annual OOP medical spending,needs,level,0.17228325023119334,0.021887141556165546,0.12938524105657892,0.21518125940580776,3.5059140242881582e-15,5497,7.0118280485763164e-15
raw,outcome_ord,q30_medexp,annual OOP medical spending,needs,food-cash,-0.01904058153621023,0.05452399410742226,-0.12590564628003198,0.08782448320761152,0.7269281133006573,5497,0.8181756856044531
raw,outcome_ord,q30_medexp,annual OOP medical spending,needs,medical-cash,0.11691446349804474,0.05328670472966178,0.012474441373087494,0.22135448562300197,0.02823077788725116,5497,0.11292311154900464
raw,outcome_ord,q30_medexp,annual OOP medical spending,needs,restricted-cash,0.048936940980917255,0.0470718883430524,-0.04332226485575625,0.14119614681759077,0.29851584518577323,5497,0.44644085500962855
raw,outcome_ord,q30_medexp,annual OOP medical spending,needs,medical-food,0.13595504503425498,0.05255118438267192,0.032956616299294264,0.23895347376921572,0.009678816159738934,5497,0.038715264638955735
raw,outcome_ord,q31_gotsubsidy,prior subsidy,objective,level,-0.125807067802586,0.02050149040119379,-0.16598925061831943,-0.08562488498685254,8.436785745131146e-10,5497,2.812261915043715e-09
raw,outcome_ord,q31_gotsubsidy,prior subsidy,objective,food-cash,0.03738470631415137,0.05176756520707734,-0.064077857059049,0.13884726968735175,0.47019324582570676,5497,0.8507990923855339
raw,outcome_ord,q31_gotsubsidy,prior subsidy,objective,medical-cash,0.023653201927683377,0.04969223206225576,-0.07374178322574446,0.1210481870811112,0.6340786865942478,5497,0.7925983582428098
raw,outcome_ord,q31_gotsubsidy,prior subsidy,objective,restricted-cash,0.030518954120917374,0.0443251554388214,-0.05635675414831226,0.11739466239014701,0.4911225667168012,5497,0.9317810361554472
raw,outcome_ord,q31_gotsubsidy,prior subsidy,objective,medical-food,-0.013731504386467992,0.04939149573452349,-0.11053705716869773,0.08307404839576175,0.7810019678468346,5497,0.8761492183304114
raw,outcome_ord,q49_citytier,city tier,objective,level,-0.07105596191674553,0.0204806228669642,-0.11119724511694282,-0.03091467871654823,0.0005215758556010241,5497,0.0005795287284455822
raw,outcome_ord,q49_citytier,city tier,objective,food-cash,0.024215078681542865,0.051980581687859635,-0.07766498932210428,0.12609514668519,0.6413239096565102,5497,0.8729277778815523
raw,outcome_ord,q49_citytier,city tier,objective,medical-cash,0.10913714065668448,0.05053744052663901,0.010085577353637076,0.20818870395973188,0.030809039187455235,5497,0.15404519593727617
raw,outcome_ord,q49_citytier,city tier,objective,restricted-cash,0.06667610966911366,0.04515198585564617,-0.02182015643841477,0.1551723757766421,0.1397550496763453,5497,0.9317810361554472
raw,outcome_ord,q49_citytier,city tier,objective,medical-food,0.08492206197514161,0.048551212429245906,-0.010236565791933785,0.18008068974221703,0.08026969041260498,5497,0.16053938082520997
raw,outcome_ord,q06_socsec,perceived social protection,subjective_economic,level,0.03658850911703215,0.02249269760370106,-0.007496368101372303,0.08067338633543661,0.10380424932773445,5497,0.1872113062961265
raw,outcome_ord,q06_socsec,perceived social protection,subjective_economic,food-cash,0.05288167563964022,0.05656545179334648,-0.05798457264455549,0.16374792392383591,0.34985227675728703,5497,0.6618890817969858
raw,outcome_ord,q06_socsec,perceived social protection,subjective_economic,medical-cash,0.07149960217258461,0.05563935101974523,-0.03755152194929798,0.1805507262944672,0.19877321618379962,5497,0.3570409385978949
raw,outcome_ord,q06_socsec,perceived social protection,subjective_economic,restricted-cash,0.062190638906112414,0.04931574479338277,-0.03446644475968651,0.15884772257191132,0.207283389820199,5497,0.3481246862209062
raw,outcome_ord,q06_socsec,perceived social protection,subjective_economic,medical-food,0.01861792653294439,0.05350331483995566,-0.0862466436068761,0.12348249667276488,0.7278574069133743,5497,0.8166465767948325
raw,outcome_ord,q07_emergfund,emergency liquidity,subjective_economic,level,0.06859596563790914,0.022661520139801154,0.024180202328969787,0.1130117289468485,0.002470103945786163,5497,0.019603829025054045
raw,outcome_ord,q07_emergfund,emergency liquidity,subjective_economic,food-cash,0.07891629353569936,0.057625837183998045,-0.03402827192390585,0.19186085899530458,0.1708554512225,5497,0.6618890817969858
raw,outcome_ord,q07_emergfund,emergency liquidity,subjective_economic,medical-cash,0.048884002996300704,0.055472962739973916,-0.05984100608978053,0.15760901208238193,0.3781975976526022,5497,0.47172861037943814
raw,outcome_ord,q07_emergfund,emergency liquidity,subjective_economic,restricted-cash,0.06390014826600003,0.04986933315469628,-0.033841948650233905,0.16164224518223397,0.20007020723428415,5497,0.3481246862209062
raw,outcome_ord,q07_emergfund,emergency liquidity,subjective_economic,medical-food,-0.030032290539398654,0.05336826637092509,-0.13463217054375196,0.07456758946495465,0.5736140819998652,5497,0.8166465767948325
raw,outcome_ord,q09_gain,sense of gain,subjective_economic,level,0.0675027925627263,0.022585078486320766,0.023236852141527202,0.1117687329839254,0.0028005470035791496,5497,0.019603829025054045
raw,outcome_ord,q09_gain,sense of gain,subjective_economic,food-cash,0.03653492925830522,0.05750436569653548,-0.07617155646072486,0.14924141497733528,0.5252054939642421,5497,0.6618890817969858
raw,outcome_ord,q09_gain,sense of gain,subjective_economic,medical-cash,0.05005723772634006,0.055185669339408154,-0.05810468664163623,0.15821916209431636,0.3643700434993895,5497,0.47172861037943814
raw,outcome_ord,q09_gain,sense of gain,subjective_economic,restricted-cash,0.04329608349232264,0.04948131135736694,-0.05368550467592931,0.1402776716605746,0.38157460886618766,5497,0.44517037701055223
raw,outcome_ord,q09_gain,sense of gain,subjective_economic,medical-food,0.013522308468034844,0.05395201251686535,-0.09222169295847543,0.11926630989454512,0.8020956625968484,5497,0.8166465767948325
raw,outcome_ord,q10_effort,returns to effort,subjective_economic,level,0.03657373493698557,0.022689452772077432,-0.007896775325208688,0.08104424519917983,0.10697788931207229,5497,0.1872113062961265
raw,outcome_ord,q10_effort,returns to effort,subjective_economic,food-cash,0.027822488576063484,0.05784824860937002,-0.08555799526702101,0.14120297241914798,0.6305474475374871,5497,0.6618890817969858
raw,outcome_ord,q10_effort,returns to effort,subjective_economic,medical-cash,0.042849535322168265,0.05525280193666115,-0.06544396651861253,0.15114303716294908,0.43803370963804966,5497,0.47172861037943814
raw,outcome_ord,q10_effort,returns to effort,subjective_economic,restricted-cash,0.03533601194911588,0.04965864325256933,-0.06199314034704297,0.13266516424527472,0.4767259609030321,5497,0.5133971886648039
raw,outcome_ord,q10_effort,returns to effort,subjective_economic,medical-food,0.015027046746104781,0.05417250759659343,-0.09114911709544082,0.12120321058765038,0.7814787479379408,5497,0.8166465767948325
raw,outcome_ord,q11_mobility,upward mobility,subjective_economic,level,0.032316402702971106,0.02208551702271803,-0.010970415241502517,0.07560322064744474,0.14340183336501733,5497,0.21272424118102595
raw,outcome_ord,q11_mobility,upward mobility,subjective_economic,food-cash,0.03630839526321991,0.05664688194222113,-0.07471745318002586,0.1473342437064657,0.5215485590661075,5497,0.6618890817969858
raw,outcome_ord,q11_mobility,upward mobility,subjective_economic,medical-cash,0.11308774590508988,0.05420810323861795,0.0068418158871696305,0.21933367592301012,0.036962513137264875,5497,0.2587375919608541
raw,outcome_ord,q11_mobility,upward mobility,subjective_economic,restricted-cash,0.0746980705841549,0.04895594025825015,-0.021253809151309908,0.17064995031961971,0.12705409888718147,5497,0.3481246862209062
raw,outcome_ord,q11_mobility,upward mobility,subjective_economic,medical-food,0.07677935064186997,0.052038822380332306,-0.02521486702145828,0.17877356830519822,0.14009846728210762,5497,0.8166465767948325
raw,outcome_ord,q13_pressure,pressure affordability,subjective_economic,level,0.052697811071222914,0.02247306622498913,0.008651410648060708,0.09674421149438511,0.019030552449320042,5497,0.06660693357262015
raw,outcome_ord,q13_pressure,pressure affordability,subjective_economic,food-cash,0.054962908875139556,0.056836242972656784,-0.056434080367835475,0.16635989811811458,0.3335241392243825,5497,0.6618890817969858
raw,outcome_ord,q13_pressure,pressure affordability,subjective_economic,medical-cash,0.10394501206940268,0.0546833792634279,-0.0032324418398604338,0.2111224659786658,0.05732139780035966,5497,0.2674998564016784
raw,outcome_ord,q13_pressure,pressure affordability,subjective_economic,restricted-cash,0.07945396047227112,0.04891417624904555,-0.016416063309302675,0.1753239842538449,0.10430017987349002,5497,0.3481246862209062
raw,outcome_ord,q13_pressure,pressure affordability,subjective_economic,medical-food,0.048982103194263125,0.05358054136847426,-0.05603382816010489,0.15399803454863115,0.360623802185708,5497,0.8166465767948325
raw,outcome_ord,q15_fut_self,future self,subjective_economic,level,0.031575602651491445,0.022047465809335583,-0.011636636285184535,0.07478784158816743,0.1520966864460884,5497,0.21272424118102595
raw,outcome_ord,q15_fut_self,future self,subjective_economic,food-cash,0.04956075718125906,0.05523609755993994,-0.058700004682763984,0.1578215190452821,0.3695839014288004,5497,0.6618890817969858
raw,outcome_ord,q15_fut_self,future self,subjective_economic,medical-cash,0.06874316421536414,0.05410926823925322,-0.03730905276338921,0.17479538119411747,0.20392409049805738,5497,0.3570409385978949
raw,outcome_ord,q15_fut_self,future self,subjective_economic,restricted-cash,0.0591519606983116,0.04789077960205892,-0.03471224251326934,0.15301616390989253,0.2167772923129787,5497,0.3481246862209062
raw,outcome_ord,q15_fut_self,future self,subjective_economic,medical-food,0.01918240703410508,0.05275956484378344,-0.08422443989971606,0.12258925396792622,0.7161704683588608,5497,0.8166465767948325
raw,outcome_ord,q17a_fut_econ,economic outlook,subjective_economic,level,0.038928510772814555,0.021946292206267926,-0.004085431545662661,0.08194245309129178,0.07609489866295384,5497,0.17755476354689229
raw,outcome_ord,q17a_fut_econ,economic outlook,subjective_economic,food-cash,0.0667186553380216,0.05479569663500843,-0.04067893657437756,0.17411624725042074,0.22338007265371473,5497,0.6618890817969858
raw,outcome_ord,q17a_fut_econ,economic outlook,subjective_economic,medical-cash,0.04342117615157519,0.05399640205176516,-0.0624098271646292,0.14925217946777958,0.4213106779227449,5497,0.47172861037943814
raw,outcome_ord,q17a_fut_econ,economic outlook,subjective_economic,restricted-cash,0.055069915744798394,0.04773707018458027,-0.038493022544439766,0.14863285403403656,0.24866049015779013,5497,0.3481246862209062
raw,outcome_ord,q17a_fut_econ,economic outlook,subjective_economic,medical-food,-0.02329747918644641,0.05216366675448837,-0.125536387326793,0.07894142895390018,0.6551474820543579,5497,0.8166465767948325
raw,outcome_ord,q17b_fut_job,employment/income outlook,subjective_economic,level,0.028245016569823315,0.021987920106912473,-0.01485051493466923,0.07134054807431586,0.19894268248809488,5497,0.23209979623611068
raw,outcome_ord,q17b_fut_job,employment/income outlook,subjective_economic,food-cash,0.030130658055871964,0.05569058675461274,-0.07902088626107238,0.1392822023728163,0.5884822031215142,5497,0.6618890817969858
raw,outcome_ord,q17b_fut_job,employment/income outlook,subjective_economic,medical-cash,0.08434442133295166,0.05347875369981107,-0.0204720098567662,0.1891608525226695,0.11475927281749325,5497,0.3213259638889811
raw,outcome_ord,q17b_fut_job,employment/income outlook,subjective_economic,restricted-cash,0.05723753969441181,0.04796183296830194,-0.03676592555598579,0.1512410049448094,0.23271366723100606,5497,0.3481246862209062
raw,outcome_ord,q17b_fut_job,employment/income outlook,subjective_economic,medical-food,0.05421376327707969,0.052167877223431525,-0.04803339723075349,0.1564609237849129,0.2987036617786091,5497,0.8166465767948325
raw,outcome_ord,q17c_fut_price,price/affordability outlook,subjective_economic,level,0.040216827799458475,0.022048420971285728,-0.0029972832202391914,0.08343093881915614,0.06814858943613214,5497,0.17755476354689229
raw,outcome_ord,q17c_fut_price,price/affordability outlook,subjective_economic,food-cash,0.10084285172396308,0.05526410599459086,-0.0074728056632391154,0.2091585091111653,0.06803965397636554,5497,0.6618890817969858
raw,outcome_ord,q17c_fut_price,price/affordability outlook,subjective_economic,medical-cash,0.13797176462026142,0.05363394264189884,0.032851168693252664,0.24309236054727018,0.010097540117371321,5497,0.1413655616431985
raw,outcome_ord,q17c_fut_price,price/affordability outlook,subjective_economic,restricted-cash,0.11940730817211226,0.04769847944327725,0.025920006345964725,0.2128946099982598,0.012301419893403132,5497,0.17221987850764384
raw,outcome_ord,q17c_fut_price,price/affordability outlook,subjective_economic,medical-food,0.03712891289629834,0.052543911774712466,-0.06585526178898816,0.14011308758158486,0.4797987059255079,5497,0.8166465767948325
raw,outcome_ord,q17e_fut_welfare,welfare outlook,subjective_economic,level,0.060525522161717416,0.02200586081359351,0.017394827518272843,0.10365621680516199,0.005951758173596473,5497,0.02777487147678354
raw,outcome_ord,q17e_fut_welfare,welfare outlook,subjective_economic,food-cash,0.08303262223577382,0.055757332142463284,-0.026249740637491747,0.19231498510903938,0.13644036138617743,5497,0.6618890817969858
raw,outcome_ord,q17e_fut_welfare,welfare outlook,subjective_economic,medical-cash,0.06410159897941906,0.05427155743935534,-0.042268698986614256,0.17047189694545237,0.23755229626481433,5497,0.36952579418971115
raw,outcome_ord,q17e_fut_welfare,welfare outlook,subjective_economic,restricted-cash,0.07356711060759644,0.048578370854409046,-0.021644746694675546,0.1687789679098684,0.1299242847347714,5497,0.3481246862209062
raw,outcome_ord,q17e_fut_welfare,welfare outlook,subjective_economic,medical-food,-0.018931023256354762,0.05166363914400957,-0.12018989528888727,0.08232784877617774,0.7140454508666139,5497,0.8166465767948325
raw,outcome_ord,q18_ses_now,subjective SES,subjective_economic,level,0.03049608356327336,0.022075407455406214,-0.012770919993369823,0.07376308711991654,0.16714047521366326,5497,0.21272424118102595
raw,outcome_ord,q18_ses_now,subjective SES,subjective_economic,food-cash,0.024220492329836793,0.05538562155448276,-0.08433333117831474,0.13277431583798832,0.6618890817969858,5497,0.6618890817969858
raw,outcome_ord,q18_ses_now,subjective SES,subjective_economic,medical-cash,0.03657708936635769,0.053665238579448445,-0.06860484547111072,0.14175902420382608,0.49550531863467684,5497,0.49550531863467684
raw,outcome_ord,q18_ses_now,subjective SES,subjective_economic,restricted-cash,0.03039879084809724,0.04757855034311819,-0.06285345426104025,0.12365103595723473,0.5228762964714166,5497,0.5228762964714166
raw,outcome_ord,q18_ses_now,subjective SES,subjective_economic,medical-food,0.012356597036520894,0.05329330166653673,-0.09209635484711953,0.11680954892016132,0.8166465767948325,5497,0.8166465767948325
raw,outcome_ord,q19_ses_past5,past mobility,subjective_economic,level,0.021434159183948795,0.021809308784742656,-0.021311300561859828,0.06417961892975742,0.3257065474850571,5497,0.3507608972916
raw,outcome_ord,q19_ses_past5,past mobility,subjective_economic,food-cash,0.03967918688735147,0.05487670606307252,-0.06787718058646147,0.14723555436116442,0.46964262192923834,5497,0.6618890817969858
raw,outcome_ord,q19_ses_past5,past mobility,subjective_economic,medical-cash,0.08442447724349106,0.053364325577678944,-0.02016767894802929,0.1890166334350114,0.11364052654732772,5497,0.3213259638889811
raw,outcome_ord,q19_ses_past5,past mobility,subjective_economic,restricted-cash,0.06205183206542127,0.04743479479529933,-0.03091865734741342,0.15502232147825595,0.19082239966569214,5497,0.3481246862209062
raw,outcome_ord,q19_ses_past5,past mobility,subjective_economic,medical-food,0.04474529035613959,0.05213606425784491,-0.05743951788490242,0.1469300985971816,0.39075958679588074,5497,0.8166465767948325
raw,outcome_ord,q20_ses_next1,expected mobility,subjective_economic,level,0.000823794868080403,0.021825769173910468,-0.04195392664766864,0.04360151638382945,0.9698916831243762,5497,0.9698916831243762
raw,outcome_ord,q20_ses_next1,expected mobility,subjective_economic,food-cash,0.02627557005888408,0.05432341603201645,-0.08019636888105394,0.1327475089988221,0.6286074989016481,5497,0.6618890817969858
raw,outcome_ord,q20_ses_next1,expected mobility,subjective_economic,medical-cash,0.06814550305288407,0.05365061324238156,-0.037007766650671486,0.17329877275643962,0.20402339348451137,5497,0.3570409385978949
raw,outcome_ord,q20_ses_next1,expected mobility,subjective_economic,restricted-cash,0.04721053655588407,0.04712352738214381,-0.045149879937604845,0.139570953049373,0.3164177802946204,5497,0.40271353855678965
raw,outcome_ord,q20_ses_next1,expected mobility,subjective_economic,medical-food,0.04186993299399999,0.05269095111686322,-0.06140243350621245,0.14514229949421242,0.4268274092059432,5497,0.8166465767948325
raw,outcome_ord,q01_lifesat,life satisfaction,attitudes,level,0.027468285908761395,0.022409101962773643,-0.016452746864160782,0.07138931868168358,0.22028723862971256,5497,0.22028723862971253
raw,outcome_ord,q01_lifesat,life satisfaction,attitudes,food-cash,0.05066288167275429,0.05658097355033904,-0.060233788696123614,0.1615595520416322,0.37057067554406586,5497,0.8343873281313628
raw,outcome_ord,q01_lifesat,life satisfaction,attitudes,medical-cash,0.04332820167991869,0.05547992875008335,-0.06541046053509297,0.15206686389493035,0.43481969710765533,5497,0.70658200779994
raw,outcome_ord,q01_lifesat,life satisfaction,attitudes,restricted-cash,0.04699554167633649,0.04926231882105586,-0.04955682900786265,0.14354791236053563,0.3400909428406895,5497,0.6315974652755662
raw,outcome_ord,q01_lifesat,life satisfaction,attitudes,medical-food,-0.007334679992835602,0.053401815526511465,-0.11200031513384993,0.09733095514817873,0.8907550293308542,5497,0.9047896944724323
raw,outcome_ord,q02_safety,safety,attitudes,level,0.03790380225598205,0.022003562992150404,-0.005222388740191132,0.08102999325215524,0.08495706372839551,5497,0.11044418284691418
raw,outcome_ord,q02_safety,safety,attitudes,food-cash,0.06501536453674638,0.05518988596384809,-0.04315482426326854,0.17318555333676128,0.23878447908795897,5497,0.8343873281313628
raw,outcome_ord,q02_safety,safety,attitudes,medical-cash,-0.0004847260080597109,0.05448209961335374,-0.10726767905235665,0.10629822703623723,0.992901332758698,5497,0.992901332758698
raw,outcome_ord,q02_safety,safety,attitudes,restricted-cash,0.03226531926434333,0.04833727767353758,-0.06247400408650237,0.12700464261518904,0.5044503470880803,5497,0.7386441629421776
raw,outcome_ord,q02_safety,safety,attitudes,medical-food,-0.06550009054480609,0.051792622355015173,-0.1670117650255199,0.036011583935907726,0.20599300784673924,5497,0.8948552852635475
raw,outcome_ord,q03a_fair_dist,distribution fairness,attitudes,level,0.035763940675390876,0.021670663542739638,-0.006709779389463988,0.07823766074024574,0.09887362479048911,5497,0.11685064747966895
raw,outcome_ord,q03a_fair_dist,distribution fairness,attitudes,food-cash,0.03239661336326898,0.05500881811724614,-0.07541868897864787,0.14021191570518585,0.5559049380349563,5497,0.8343873281313628
raw,outcome_ord,q03a_fair_dist,distribution fairness,attitudes,medical-cash,0.11138074729120172,0.05323986543227247,0.007032528502188676,0.21572896608021475,0.03643356134235784,5497,0.23681814872532597
raw,outcome_ord,q03a_fair_dist,distribution fairness,attitudes,restricted-cash,0.07188868032723535,0.04766402292789677,-0.0215310879697337,0.1653084486242044,0.13149368011304807,5497,0.5698059471565416
raw,outcome_ord,q03a_fair_dist,distribution fairness,attitudes,medical-food,0.07898413392793274,0.05131734947482405,-0.021596022824777864,0.17956429068064333,0.12377226835177113,5497,0.8948552852635475
raw,outcome_ord,q03b_fair_opp,opportunity fairness,attitudes,level,0.04110878064857816,0.02168999396323001,-0.0014028263442438516,0.08362038764140017,0.05805428535264124,5497,0.08385618995381512
raw,outcome_ord,q03b_fair_opp,opportunity fairness,attitudes,food-cash,0.030415687970021206,0.05493842932859026,-0.07726165488121473,0.13809303082125715,0.5798305287054792,5497,0.8343873281313628
raw,outcome_ord,q03b_fair_opp,opportunity fairness,attitudes,medical-cash,0.07720854684080784,0.053080546763310275,-0.02682741309497444,0.18124450677659013,0.1457926420083227,5497,0.4738260865270488
raw,outcome_ord,q03b_fair_opp,opportunity fairness,attitudes,restricted-cash,0.05381211740541453,0.04751509913836917,-0.03931576562763919,0.14694000043846825,0.2574130747540242,5497,0.6315974652755662
raw,outcome_ord,q03b_fair_opp,opportunity fairness,attitudes,medical-food,0.04679285887078664,0.0513888347703346,-0.05392740648654885,0.14751312422812213,0.3625247774939707,5497,0.8948552852635475
raw,outcome_ord,q03c_fair_rule,rule fairness,attitudes,level,0.04971810014410643,0.021720294641531954,0.0071471049131054745,0.09228909537510738,0.022078427623044454,5497,0.04100279415708256
raw,outcome_ord,q03c_fair_rule,rule fairness,attitudes,food-cash,0.03275912774078724,0.054641863273323675,-0.07433695632308907,0.13985521180466357,0.5488232751065028,5497,0.8343873281313628
raw,outcome_ord,q03c_fair_rule,rule fairness,attitudes,medical-cash,0.058263273626255385,0.05342146579900453,-0.046440875341131754,0.16296742259364252,0.2754339074115426,5497,0.5967734660583424
raw,outcome_ord,q03c_fair_rule,rule fairness,attitudes,restricted-cash,0.04551120068352131,0.04740466671917595,-0.04740023878518808,0.1384226401522307,0.33702633115011393,5497,0.6315974652755662
raw,outcome_ord,q03c_fair_rule,rule fairness,attitudes,medical-food,0.025504145885468142,0.05186870687770254,-0.07615665151949383,0.12716494329043013,0.6229273118931855,5497,0.9039581200139347
raw,outcome_ord,q04_trust_gov,institutional trust,attitudes,level,0.03362824360357465,0.021968614301489473,-0.009429449217596274,0.07668593642474558,0.12583358547607318,5497,0.13631971759907927
raw,outcome_ord,q04_trust_gov,institutional trust,attitudes,food-cash,0.016395653383246358,0.0561286467913511,-0.09361447282877146,0.12640577959526417,0.7702036875058734,5497,0.8343873281313628
raw,outcome_ord,q04_trust_gov,institutional trust,attitudes,medical-cash,0.022608913667009536,0.054341745916419236,-0.08389895118619872,0.1291167785202178,0.6773730084945317,5497,0.8805849110428913
raw,outcome_ord,q04_trust_gov,institutional trust,attitudes,restricted-cash,0.019502283525127947,0.0487561568205367,-0.0760580278677109,0.1150625949179668,0.6891592239326103,5497,0.8144609010112667
raw,outcome_ord,q04_trust_gov,institutional trust,attitudes,medical-food,0.006213260283763178,0.051944676032397774,-0.09559643392833742,0.10802295449586377,0.9047896944724323,5497,0.9047896944724323
raw,outcome_ord,q05_trust_soc,generalized trust,attitudes,level,0.05631082148831559,0.021965926008006238,0.013258397625551685,0.0993632453510795,0.010360680010323522,5497,0.03367221003355145
raw,outcome_ord,q05_trust_soc,generalized trust,attitudes,food-cash,0.05400982575946351,0.05609465229248533,-0.05593367245910492,0.16395332397803195,0.33563094871718313,5497,0.8343873281313628
raw,outcome_ord,q05_trust_soc,generalized trust,attitudes,medical-cash,0.11867770147341276,0.05321509291138398,0.014378035933147432,0.2229773670136781,0.02573740902368146,5497,0.23681814872532597
raw,outcome_ord,q05_trust_soc,generalized trust,attitudes,restricted-cash,0.08634376361643814,0.048099071453316385,-0.007928684121880608,0.1806162113547569,0.0726340580875957,5497,0.5037213462245311
raw,outcome_ord,q05_trust_soc,generalized trust,attitudes,medical-food,0.06466787571394925,0.05198874455186601,-0.037228191209161085,0.1665639426370596,0.21354290890358485,5497,0.8948552852635475
raw,outcome_ord,q08_support,social support,attitudes,level,0.060712104055789654,0.022497352621836244,0.01661810316949286,0.10480610494208645,0.006962485629255174,5497,0.03326869560833665
raw,outcome_ord,q08_support,social support,attitudes,food-cash,0.029606408210585244,0.056893869667599684,-0.08190352727902594,0.14111634370019643,0.6027990370800336,5497,0.8343873281313628
raw,outcome_ord,q08_support,social support,attitudes,medical-cash,-0.02469141461516017,0.054911575855665216,-0.1323161256266032,0.08293329639628286,0.6529572538487496,5497,0.8805849110428913
raw,outcome_ord,q08_support,social support,attitudes,restricted-cash,0.0024574967977125366,0.04908457274985382,-0.09374649798853711,0.09866149158396219,0.9600693298444531,5497,0.9993468588735579
raw,outcome_ord,q08_support,social support,attitudes,medical-food,-0.05429782282574541,0.05354629781105153,-0.15924663804086236,0.05065099238937153,0.3105660274733475,5497,0.8948552852635475
raw,outcome_ord,q12_voice,voice/response,attitudes,level,0.052301773119780126,0.022259317948758572,0.00867431161978733,0.09592923461977293,0.018790693055710656,5497,0.04100279415708256
raw,outcome_ord,q12_voice,voice/response,attitudes,food-cash,0.024792853251052602,0.05622140096918745,-0.08539906780894009,0.1349847743110453,0.6592230998438194,5497,0.8343873281313628
raw,outcome_ord,q12_voice,voice/response,attitudes,medical-cash,0.0688053054305837,0.05398829845403899,-0.0370098151259322,0.1746204259870996,0.2025045168450903,5497,0.5265117437972349
raw,outcome_ord,q12_voice,voice/response,attitudes,restricted-cash,0.04679907934081815,0.048115719633881004,-0.04750599823181537,0.14110415691345168,0.33073426182552335,5497,0.6315974652755662
raw,outcome_ord,q12_voice,voice/response,attitudes,medical-food,0.044012452179531106,0.05376499502702582,-0.061365001702414615,0.14938990606147684,0.4130101316600988,5497,0.8948552852635475
raw,outcome_ord,q16_fut_society,national outlook,attitudes,level,0.058850169840913964,0.022074847913360895,0.015584262966527443,0.10211607671530049,0.007677391294231535,5497,0.03326869560833665
raw,outcome_ord,q16_fut_society,national outlook,attitudes,food-cash,0.03614999963989696,0.05434477766798422,-0.07036380733718874,0.14266380661698264,0.5059243040775199,5497,0.8343873281313628
raw,outcome_ord,q16_fut_society,national outlook,attitudes,medical-cash,0.002493514284937741,0.05407542425905585,-0.10349236971153526,0.10847939828141075,0.9632211536999347,5497,0.992901332758698
raw,outcome_ord,q16_fut_society,national outlook,attitudes,restricted-cash,0.01932175696241735,0.047055518715236506,-0.07290536499329668,0.11154887891813138,0.6813540035429645,5497,0.8144609010112667
raw,outcome_ord,q16_fut_society,national outlook,attitudes,medical-food,-0.033656485354959215,0.05383423976354781,-0.139169656426607,0.07185668571668856,0.5318481075519248,5497,0.9039581200139347
raw,outcome_ord,q17d_fut_fair,fairness outlook,attitudes,level,0.045358567252891974,0.021906085597624688,0.0024234284392960007,0.08829370606648795,0.03839693331125436,5497,0.06239501663078833
raw,outcome_ord,q17d_fut_fair,fairness outlook,attitudes,food-cash,0.07863011287461225,0.054961561874902885,-0.029092568934267135,0.18635279468349164,0.15253391817576076,5497,0.8343873281313628
raw,outcome_ord,q17d_fut_fair,fairness outlook,attitudes,medical-cash,0.08899856841451748,0.053471666865414304,-0.01580397283501833,0.19380110966405328,0.09603130222405808,5497,0.4161356429709184
raw,outcome_ord,q17d_fut_fair,fairness outlook,attitudes,restricted-cash,0.08381434064456486,0.047475963501782334,-0.009236837950266613,0.17686551923939633,0.07749559172685094,5497,0.5037213462245311
raw,outcome_ord,q17d_fut_fair,fairness outlook,attitudes,medical-food,0.01036845553990523,0.05238431483277196,-0.09230291488713514,0.1130398259669456,0.8430994121057378,5497,0.9047896944724323
raw,outcome_ord,q21_order,social order,attitudes,level,0.07356104553558315,0.02158018181744029,0.03126466639357406,0.11585742467759225,0.0006526568252400081,5497,0.008484538728120106
raw,outcome_ord,q21_order,social order,attitudes,food-cash,0.018020411008204222,0.05430332695872184,-0.08841215407159356,0.12445297608800202,0.7400045857021796,5497,0.8343873281313628
raw,outcome_ord,q21_order,social order,attitudes,medical-cash,0.043276515804649404,0.05242741295081037,-0.05947932538154771,0.14603235699084652,0.4091128264904431,5497,0.70658200779994
raw,outcome_ord,q21_order,social order,attitudes,restricted-cash,0.030648463406426813,0.04666988759759295,-0.06082283544738791,0.12211976226024153,0.511369035883046,5497,0.7386441629421776
raw,outcome_ord,q21_order,social order,attitudes,medical-food,0.025256104796445182,0.05179436515214224,-0.07625898550387003,0.1267711950967604,0.6258171600096472,5497,0.9039581200139347
raw,outcome_ord,q22_vitality,social vitality,attitudes,level,0.0517610667661283,0.022120878528249125,0.008404941544374621,0.09511719198788199,0.019287916032729353,5497,0.04100279415708256
raw,outcome_ord,q22_vitality,social vitality,attitudes,food-cash,0.006028433784862807,0.05597509588870057,-0.10368073818816635,0.11573760575789198,0.9142348605498374,5497,0.9142348605498374
raw,outcome_ord,q22_vitality,social vitality,attitudes,medical-cash,-0.006106591981515977,0.05342303749531945,-0.11081382141707499,0.09860063745404304,0.908994955459094,5497,0.992901332758698
raw,outcome_ord,q22_vitality,social vitality,attitudes,restricted-cash,-3.9079098326584745e-05,0.04773946159602896,-0.09360670446787639,0.09352854627122323,0.9993468588735579,5497,0.9993468588735579
raw,outcome_ord,q22_vitality,social vitality,attitudes,medical-food,-0.012135025766378784,0.053462508508637756,-0.11691961696647499,0.09264956543371741,0.820437758306353,5497,0.9047896944724323
raw,mpc_midpoint,q42_age,age,objective,level,0.005963403188076665,0.0035532810903014284,-0.0010008997758613495,0.01292770615201468,0.0932923077688108,5497,
raw,mpc_midpoint,q42_age,age,objective,food-cash,-0.004898471179418961,0.008765239122159025,-0.02207802417473213,0.012281081815894209,0.5762627486696301,5497,
raw,mpc_midpoint,q42_age,age,objective,medical-cash,-0.003471100683326791,0.00869486524276391,-0.020512723409573167,0.013570522042919584,0.6897364816554055,5497,
raw,mpc_midpoint,q42_age,age,objective,restricted-cash,-0.004184785931372876,0.007576617461109533,-0.019034683279784866,0.010665111417039113,0.5807229303505739,5497,
raw,mpc_midpoint,q42_age,age,objective,medical-food,0.0014273704960921702,0.008674080257234339,-0.015573514407097063,0.018428255399281404,0.8692935979030838,5497,
raw,mpc_midpoint,q41_gender,gender,objective,level,-0.011472493359510352,0.0034638435881326583,-0.018261502040330356,-0.0046834846786903495,0.0009260828209344921,5497,
raw,mpc_midpoint,q41_gender,gender,objective,food-cash,-0.0017000672807714833,0.008837391339219403,-0.019021036022927706,0.01562090146138474,0.8474507673313403,5497,
raw,mpc_midpoint,q41_gender,gender,objective,medical-cash,0.0013317471659350865,0.00841628681363033,-0.01516387187233973,0.017827366204209903,0.8742719975822284,5497,
raw,mpc_midpoint,q41_gender,gender,objective,restricted-cash,-0.0001841600574181984,0.007584756336560553,-0.015050009308588842,0.014681689193752446,0.9806290375337166,5497,
raw,mpc_midpoint,q41_gender,gender,objective,medical-food,0.00303181444670657,0.00823119821676127,-0.013101037607755836,0.019164666501168978,0.7126256271128244,5497,
raw,mpc_midpoint,q43_edu,education,objective,level,0.016969940658070788,0.003586346666031841,0.009940830356573081,0.023999050959568495,2.225175920633147e-06,5497,
raw,mpc_midpoint,q43_edu,education,objective,food-cash,0.00854828631162812,0.008951836498370544,-0.008996990820669298,0.026093563443925535,0.33961823376958244,5497,
raw,mpc_midpoint,q43_edu,education,objective,medical-cash,-0.017648630315047965,0.00887978854421608,-0.03505269605204284,-0.0002445645780530907,0.046866385271283915,5497,
raw,mpc_midpoint,q43_edu,education,objective,restricted-cash,-0.004550172001709923,0.007866000979715805,-0.01996725062430968,0.010866906620889835,0.562953160080462,5497,
raw,mpc_midpoint,q43_edu,education,objective,medical-food,-0.026196916626676087,0.008395007856788473,-0.042650829675912286,-0.009743003577439891,0.0018052278668253055,5497,
raw,mpc_midpoint,income_h,monthly income harmonized 1-6,objective,level,0.021267393707822674,0.003658941855957302,0.014095999448620219,0.02843878796702513,6.1567376204119315e-09,5497,
raw,mpc_midpoint,income_h,monthly income harmonized 1-6,objective,food-cash,0.0030406236245334225,0.009135452173857387,-0.014864533618715202,0.020945780867782045,0.7392567379695343,5497,
raw,mpc_midpoint,income_h,monthly income harmonized 1-6,objective,medical-cash,-0.023748306305347723,0.009121076553219457,-0.04162528784989059,-0.005871324760804854,0.009223054326070493,5497,
raw,mpc_midpoint,income_h,monthly income harmonized 1-6,objective,restricted-cash,-0.01035384134040715,0.008068863662452208,-0.026168523514977435,0.005460840834163136,0.19942742086599807,5497,
raw,mpc_midpoint,income_h,monthly income harmonized 1-6,objective,medical-food,-0.026788929929881147,0.008536674095224909,-0.04352050370427802,-0.010057356155484275,0.001700473312026705,5497,
raw,mpc_midpoint,q23_hukou,hukou,objective,level,0.016997980121719786,0.003478991981930438,0.010179281134632505,0.023816679108807068,1.0296147479146578e-06,5497,
raw,mpc_midpoint,q23_hukou,hukou,objective,food-cash,-0.00612544250418868,0.008717922790521153,-0.023212257193611065,0.010961372185233706,0.48228862010332596,5497,
raw,mpc_midpoint,q23_hukou,hukou,objective,medical-cash,0.012701104934808026,0.008457319411611614,-0.0038749365177022186,0.02927714638731827,0.1331517422323931,5497,
raw,mpc_midpoint,q23_hukou,hukou,objective,restricted-cash,0.0032878312153096726,0.007513762265238431,-0.011438872212953746,0.01801453464357309,0.6616947163226052,5497,
raw,mpc_midpoint,q23_hukou,hukou,objective,medical-food,0.018826547438996706,0.00832047867066178,0.002518708910365909,0.0351343859676275,0.023655669022868458,5497,
raw,mpc_midpoint,q24_workstat,employment status,objective,level,-0.01785120039098926,0.003464412446767438,-0.024641324014245725,-0.011061076767732794,2.5671416762676923e-07,5497,
raw,mpc_midpoint,q24_workstat,employment status,objective,food-cash,-0.011001211146110789,0.008599473741472323,-0.02785586996539445,0.005853447673172871,0.20079534638950647,5497,
raw,mpc_midpoint,q24_workstat,employment status,objective,medical-cash,0.0077108528643971014,0.008781999753495648,-0.009501550364694003,0.024923256093488208,0.3799278326867669,5497,
raw,mpc_midpoint,q24_workstat,employment status,objective,restricted-cash,-0.0016451791408568436,0.00768831995186351,-0.016714009348130044,0.013423651066416357,0.8305593635204997,5497,
raw,mpc_midpoint,q24_workstat,employment status,objective,medical-food,0.01871206401050789,0.008106039839061309,0.0028245178687008703,0.034599610152314914,0.020976339311810827,5497,
raw,mpc_midpoint,q25_unittype,work-unit type,objective,level,-0.013129159108766457,0.003638943141540997,-0.02026135660797585,-0.005996961609557062,0.00030861476954173564,5497,
raw,mpc_midpoint,q25_unittype,work-unit type,objective,food-cash,-0.004623672459326395,0.009139541156392516,-0.022536843961077285,0.013289499042424494,0.6129284970387063,5497,
raw,mpc_midpoint,q25_unittype,work-unit type,objective,medical-cash,0.009527302940866761,0.008985323068194221,-0.008083606662250848,0.02713821254398437,0.28899979329317815,5497,
raw,mpc_midpoint,q25_unittype,work-unit type,objective,restricted-cash,0.002451815240770183,0.007963361804559579,-0.013156087092028484,0.018059717573568848,0.7581683501385814,5497,
raw,mpc_midpoint,q25_unittype,work-unit type,objective,medical-food,0.014150975400193156,0.008652974139401906,-0.002808542272191048,0.03111049307257736,0.101967607375773,5497,
raw,mpc_midpoint,q26_housing,housing tenure,objective,level,-0.011716875408725404,0.003647623423738064,-0.018866085948416694,-0.004567664869034114,0.0013172522405764902,5497,
raw,mpc_midpoint,q26_housing,housing tenure,objective,food-cash,-0.0005840092707731,0.009242023521756557,-0.01869804251768798,0.017530023976141784,0.9496147076003318,5497,
raw,mpc_midpoint,q26_housing,housing tenure,objective,medical-cash,0.007934235220737513,0.008924996293880012,-0.009558436077420771,0.025426906518895797,0.37400828762761196,5497,
raw,mpc_midpoint,q26_housing,housing tenure,objective,restricted-cash,0.0036751129749822064,0.00797453123417678,-0.01195468103759403,0.019304906987558445,0.6449017046448902,5497,
raw,mpc_midpoint,q26_housing,housing tenure,objective,medical-food,0.008518244491510613,0.008704511567313966,-0.00854228468343706,0.025578773666458283,0.32777712142779136,5497,
raw,mpc_midpoint,q27_minorchild,minor child,needs,level,-0.007772148687995768,0.003464019683246852,-0.014561502508897445,-0.0009827948670940922,0.024853053501657982,5497,
raw,mpc_midpoint,q27_minorchild,minor child,needs,food-cash,0.018806235008280388,0.008838461732471856,0.0014831683339000604,0.036129301682660715,0.03335595806466042,5497,
raw,mpc_midpoint,q27_minorchild,minor child,needs,medical-cash,0.009562432834930794,0.008351970658044655,-0.0068071288547720266,0.025931994524633614,0.2522376064428764,5497,
raw,mpc_midpoint,q27_minorchild,minor child,needs,restricted-cash,0.01418433392160559,0.007534665902507843,-0.0005833398828517643,0.028952007726062948,0.05976230261282616,5497,
raw,mpc_midpoint,q27_minorchild,minor child,needs,medical-food,-0.009243802173349594,0.008286306673588616,-0.02548466481843718,0.006997060471737992,0.2646141450231706,5497,
raw,mpc_midpoint,q28_hhsize,household size,needs,level,0.018324497271873914,0.003551199201489178,0.011364274735027727,0.025284719808720102,2.4683494746022174e-07,5497,
raw,mpc_midpoint,q28_hhsize,household size,needs,food-cash,-0.009412890382990053,0.009128801278404345,-0.027305012110685773,0.008479231344705667,0.30248450845371255,5497,
raw,mpc_midpoint,q28_hhsize,household size,needs,medical-cash,0.0006468205784679207,0.008717302979000063,-0.016438779302695924,0.01773242045963177,0.940851547302469,5497,
raw,mpc_midpoint,q28_hhsize,household size,needs,restricted-cash,-0.004383034902261066,0.007895272420949897,-0.019857484495455224,0.011091414690933093,0.5787942814788303,5497,
raw,mpc_midpoint,q28_hhsize,household size,needs,medical-food,0.010059710961457973,0.008325350539917956,-0.006257676255452314,0.02637709817836826,0.22692311779518948,5497,
raw,mpc_midpoint,q29_foodexp,monthly food spending,needs,level,0.04072247878542842,0.0036813117377750048,0.03350724036352486,0.04793771720733199,1.9188431834200995e-28,5497,
raw,mpc_midpoint,q29_foodexp,monthly food spending,needs,food-cash,-0.004776990233703813,0.009386572732439254,-0.023174334727550476,0.013620354260142851,0.6108101197705236,5497,
raw,mpc_midpoint,q29_foodexp,monthly food spending,needs,medical-cash,-0.01755803723156439,0.009041153226242616,-0.03527837193370803,0.0001622974705792514,0.05213552478501195,5497,
raw,mpc_midpoint,q29_foodexp,monthly food spending,needs,restricted-cash,-0.011167513732634103,0.008129954957181116,-0.027101932644641967,0.004766905179373761,0.16955796515384447,5497,
raw,mpc_midpoint,q29_foodexp,monthly food spending,needs,medical-food,-0.012781046997860578,0.008678463471166057,-0.029790522842492513,0.0042284288467713555,0.14082343460367053,5497,
raw,mpc_midpoint,q30_medexp,annual OOP medical spending,needs,level,0.029887079947830734,0.0037134692257635043,0.022608814007636428,0.037165345888025045,8.395831673974136e-16,5497,
raw,mpc_midpoint,q30_medexp,annual OOP medical spending,needs,food-cash,-0.004318210524737004,0.009356525956725825,-0.022656664420333792,0.014020243370859786,0.6444265980264419,5497,
raw,mpc_midpoint,q30_medexp,annual OOP medical spending,needs,medical-cash,0.01515688157987024,0.0090158865976036,-0.002513931440130183,0.03282769459987066,0.09273757714313997,5497,
raw,mpc_midpoint,q30_medexp,annual OOP medical spending,needs,restricted-cash,0.005419335527566618,0.008054093606142433,-0.010366397868586877,0.021205068923720115,0.5010317718857362,5497,
raw,mpc_midpoint,q30_medexp,annual OOP medical spending,needs,medical-food,0.019475092104607242,0.008842391247476386,0.0021443237223413257,0.03680586048687316,0.02763220057906275,5497,
raw,mpc_midpoint,q31_gotsubsidy,prior subsidy,objective,level,-0.013738177806442129,0.0033867463859692777,-0.020376078747713102,-0.007100276865171156,4.982356584913375e-05,5497,
raw,mpc_midpoint,q31_gotsubsidy,prior subsidy,objective,food-cash,0.008271849067530663,0.008751717356525251,-0.008881201754132918,0.025424899889194243,0.34457277083477444,5497,
raw,mpc_midpoint,q31_gotsubsidy,prior subsidy,objective,medical-cash,0.005648380727572378,0.008137227374152144,-0.010300291859779258,0.021597053314924015,0.48759397504040736,5497,
raw,mpc_midpoint,q31_gotsubsidy,prior subsidy,objective,restricted-cash,0.006960114897551521,0.007427071110015542,-0.007596676988696864,0.021516906783799906,0.3486928168858001,5497,
raw,mpc_midpoint,q31_gotsubsidy,prior subsidy,objective,medical-food,-0.002623468339958285,0.008060304644453746,-0.01842137514750855,0.013174438467591983,0.7448177809260234,5497,
raw,mpc_midpoint,q49_citytier,city tier,objective,level,-0.009922320799239817,0.0033722448092695606,-0.0165317991724603,-0.0033128424260193343,0.0032573270594267994,5497,
raw,mpc_midpoint,q49_citytier,city tier,objective,food-cash,0.004153003259389167,0.008727438742142631,-0.01295246235248994,0.021258468871268275,0.6341770385648466,5497,
raw,mpc_midpoint,q49_citytier,city tier,objective,medical-cash,0.020915112702583775,0.008297305311466923,0.004652693123375712,0.03717753228179184,0.011711783995136357,5497,
raw,mpc_midpoint,q49_citytier,city tier,objective,restricted-cash,0.01253405798098647,0.007545200854639597,-0.0022542639502279756,0.027322379912200916,0.09667407532123526,5497,
raw,mpc_midpoint,q49_citytier,city tier,objective,medical-food,0.01676210944319461,0.007893459388106226,0.0012912133290768346,0.032233005557312386,0.03370828062448198,5497,
raw,mpc_midpoint,q06_socsec,perceived social protection,subjective_economic,level,-0.001349674824019587,0.0037864253280293185,-0.00877093209710731,0.006071582449068137,0.7215028951339979,5497,
raw,mpc_midpoint,q06_socsec,perceived social protection,subjective_economic,food-cash,0.006642676168327443,0.009608982604148062,-0.012190583663874658,0.025475936000529543,0.48937791492657756,5497,
raw,mpc_midpoint,q06_socsec,perceived social protection,subjective_economic,medical-cash,0.011672275698719871,0.009385263363385283,-0.006722502478938538,0.03006705387637828,0.2136169140617289,5497,
raw,mpc_midpoint,q06_socsec,perceived social protection,subjective_economic,restricted-cash,0.009157475933523658,0.00838633401026676,-0.007279436688922553,0.02559438855596987,0.2748541086058466,5497,
raw,mpc_midpoint,q06_socsec,perceived social protection,subjective_economic,medical-food,0.005029599530392428,0.00891678404172807,-0.012446976049316088,0.022506175110100942,0.5727134271637144,5497,
raw,mpc_midpoint,q07_emergfund,emergency liquidity,subjective_economic,level,0.005507161456740741,0.0038279127724074064,-0.0019954097131386446,0.013009732626620127,0.1502397341382178,5497,
raw,mpc_midpoint,q07_emergfund,emergency liquidity,subjective_economic,food-cash,0.008637939704200095,0.00989857007695744,-0.010762901145082358,0.028038780553482547,0.38285649345748507,5497,
raw,mpc_midpoint,q07_emergfund,emergency liquidity,subjective_economic,medical-cash,0.007574588394786393,0.009363476987830488,-0.010777489271430954,0.025926666061003738,0.41854368060618985,5497,
raw,mpc_midpoint,q07_emergfund,emergency liquidity,subjective_economic,restricted-cash,0.008106264049493245,0.00855526308676668,-0.00866174347883442,0.02487427157782091,0.34337499087035106,5497,
raw,mpc_midpoint,q07_emergfund,emergency liquidity,subjective_economic,medical-food,-0.0010633513094137018,0.008862430581108464,-0.018433396063872676,0.01630669344504527,0.9044956939522409,5497,
raw,mpc_midpoint,q09_gain,sense of gain,subjective_economic,level,0.0036467763374554056,0.0037940591411901614,-0.0037894429344922783,0.011082995609403089,0.336461329862929,5497,
raw,mpc_midpoint,q09_gain,sense of gain,subjective_economic,food-cash,0.001458777186001025,0.0097757073038685,-0.017701257052986388,0.020618811424988438,0.881376314573853,5497,
raw,mpc_midpoint,q09_gain,sense of gain,subjective_economic,medical-cash,0.006846243123681291,0.009229493610237711,-0.011243231947927182,0.024935718195289766,0.4582213390849792,5497,
raw,mpc_midpoint,q09_gain,sense of gain,subjective_economic,restricted-cash,0.004152510154841158,0.008366772578205738,-0.012246062765279422,0.02055108307496174,0.6196759433199899,5497,
raw,mpc_midpoint,q09_gain,sense of gain,subjective_economic,medical-food,0.005387465937680266,0.009026875300068755,-0.012304884543388685,0.02307981641874922,0.5506241445318872,5497,
raw,mpc_midpoint,q10_effort,returns to effort,subjective_economic,level,-0.001528550331582657,0.0038002786571828115,-0.008976959630877206,0.0059198589677118925,0.6875216887700248,5497,
raw,mpc_midpoint,q10_effort,returns to effort,subjective_economic,food-cash,0.0021513360780724324,0.009808280782853495,-0.017072541006576743,0.02137521316272161,0.8263861760952009,5497,
raw,mpc_midpoint,q10_effort,returns to effort,subjective_economic,medical-cash,0.008699855939276316,0.00924386282825787,-0.009417782282137674,0.026817494160690306,0.3466283038240372,5497,
raw,mpc_midpoint,q10_effort,returns to effort,subjective_economic,restricted-cash,0.005425596008674374,0.008408983981699142,-0.011055709742030163,0.021906901759378913,0.5187883747815825,5497,
raw,mpc_midpoint,q10_effort,returns to effort,subjective_economic,medical-food,0.006548519861203883,0.00896987722257058,-0.011032116440780624,0.024129156163188392,0.46535546606819067,5497,
raw,mpc_midpoint,q11_mobility,upward mobility,subjective_economic,level,-0.0031214552574730637,0.00366683544265672,-0.010308320662315221,0.0040654101473690946,0.39462116539126935,5497,
raw,mpc_midpoint,q11_mobility,upward mobility,subjective_economic,food-cash,0.005742719174228889,0.009544656267663215,-0.012964463355205506,0.024449901703663283,0.5473948111395897,5497,
raw,mpc_midpoint,q11_mobility,upward mobility,subjective_economic,medical-cash,0.020257502107405453,0.00901668293312223,0.002585128298468905,0.037929875916342004,0.02466118828301951,5497,
raw,mpc_midpoint,q11_mobility,upward mobility,subjective_economic,restricted-cash,0.01300011064081717,0.008251005372215068,-0.0031715627249708656,0.02917178400660521,0.11512286319276575,5497,
raw,mpc_midpoint,q11_mobility,upward mobility,subjective_economic,medical-food,0.014514782933176564,0.008513854013272317,-0.002172064302468975,0.031201630168822103,0.08822374195748826,5497,
raw,mpc_midpoint,q13_pressure,pressure affordability,subjective_economic,level,0.0014763539725773272,0.003770062219334471,-0.005912832196793382,0.008865540141948037,0.6953542568742878,5497,
raw,mpc_midpoint,q13_pressure,pressure affordability,subjective_economic,food-cash,0.006661969438988959,0.009652327987133481,-0.012256245782760657,0.025580184660738577,0.49007280992148017,5497,
raw,mpc_midpoint,q13_pressure,pressure affordability,subjective_economic,medical-cash,0.017955283215228945,0.009150797781030083,2.0049134600939184e-05,0.03589051729585695,0.04974444636766733,5497,
raw,mpc_midpoint,q13_pressure,pressure affordability,subjective_economic,restricted-cash,0.012308626327108952,0.008288287577817409,-0.003936118818923888,0.02855337147314179,0.13752722849968238,5497,
raw,mpc_midpoint,q13_pressure,pressure affordability,subjective_economic,medical-food,0.011293313776239985,0.00888966969637237,-0.006130118663106979,0.02871674621558695,0.2039470936188621,5497,
raw,mpc_midpoint,q15_fut_self,future self,subjective_economic,level,-0.0037850577759741596,0.0036806758023153383,-0.01099904978728029,0.0034289342353319716,0.30378077146559357,5497,
raw,mpc_midpoint,q15_fut_self,future self,subjective_economic,food-cash,0.004716758176451282,0.009322491980400907,-0.01355499035129798,0.022988506704200544,0.6128884854234475,5497,
raw,mpc_midpoint,q15_fut_self,future self,subjective_economic,medical-cash,0.010469355423429683,0.009068047908285179,-0.007303691886893039,0.028242402733752406,0.24828194921661328,5497,
raw,mpc_midpoint,q15_fut_self,future self,subjective_economic,restricted-cash,0.007593056799940483,0.008103811837494852,-0.008290122539038783,0.023476236138919748,0.3487721983277532,5497,
raw,mpc_midpoint,q15_fut_self,future self,subjective_economic,medical-food,0.005752597246978401,0.008694229925249396,-0.011287780279820782,0.022792974773777584,0.5081911305478669,5497,
raw,mpc_midpoint,q17a_fut_econ,economic outlook,subjective_economic,level,-0.001137257336384484,0.0036511071336561445,-0.008293295822047797,0.006018781149278828,0.755433561798851,5497,
raw,mpc_midpoint,q17a_fut_econ,economic outlook,subjective_economic,food-cash,0.006153776951178085,0.009248950719439174,-0.011973833353708517,0.024281387256064685,0.5058275152454087,5497,
raw,mpc_midpoint,q17a_fut_econ,economic outlook,subjective_economic,medical-cash,0.007412635861079398,0.008984821842787464,-0.010197291358292832,0.02502256308045163,0.4093616171203498,5497,
raw,mpc_midpoint,q17a_fut_econ,economic outlook,subjective_economic,restricted-cash,0.006783206406128742,0.008057833661969094,-0.009009857364745178,0.02257627017700266,0.3998914336741197,5497,
raw,mpc_midpoint,q17a_fut_econ,economic outlook,subjective_economic,medical-food,0.001258858909901313,0.00853378536281767,-0.015467053053016398,0.017984770872819023,0.8827257664305657,5497,
raw,mpc_midpoint,q17b_fut_job,employment/income outlook,subjective_economic,level,-0.004359345651946888,0.0036694885004960407,-0.011551410954603016,0.00283271965070924,0.23483412761282352,5497,
raw,mpc_midpoint,q17b_fut_job,employment/income outlook,subjective_economic,food-cash,0.004507365352972573,0.009444156103600396,-0.01400284047445833,0.023017571180403477,0.633173416299345,5497,
raw,mpc_midpoint,q17b_fut_job,employment/income outlook,subjective_economic,medical-cash,0.016759102004607056,0.008881467045792658,-0.0006482535350259069,0.03416645754424002,0.05916375301190771,5497,
raw,mpc_midpoint,q17b_fut_job,employment/income outlook,subjective_economic,restricted-cash,0.010633233678789815,0.008105886610652304,-0.00525401214085415,0.02652047949843378,0.18959047190119238,5497,
raw,mpc_midpoint,q17b_fut_job,employment/income outlook,subjective_economic,medical-food,0.012251736651634482,0.008562913745351985,-0.0045312658919783935,0.029034739195247357,0.15249023269189657,5497,
raw,mpc_midpoint,q17c_fut_price,price/affordability outlook,subjective_economic,level,-0.0013043588868170638,0.003687612958350792,-0.008531947474107819,0.005923229700473691,0.7235535228790253,5497,
raw,mpc_midpoint,q17c_fut_price,price/affordability outlook,subjective_economic,food-cash,0.014493472016883458,0.009381035503002497,-0.0038930197066930263,0.03287996374045994,0.1223521380233945,5497,
raw,mpc_midpoint,q17c_fut_price,price/affordability outlook,subjective_economic,medical-cash,0.023449867266516718,0.008971298630708023,0.00586644505577549,0.04103328947725794,0.008952137169320439,5497,
raw,mpc_midpoint,q17c_fut_price,price/affordability outlook,subjective_economic,restricted-cash,0.01897166964170009,0.008101116817813284,0.003093772444234321,0.03484956683916586,0.019187985792969774,5497,
raw,mpc_midpoint,q17c_fut_price,price/affordability outlook,subjective_economic,medical-food,0.00895639524963326,0.008629233898582478,-0.007956592405760557,0.025869382905027077,0.2993104955884007,5497,
raw,mpc_midpoint,q17e_fut_welfare,welfare outlook,subjective_economic,level,0.0028814104311931134,0.0036868103301638134,-0.004344605033758187,0.010107425896144414,0.43448166167348523,5497,
raw,mpc_midpoint,q17e_fut_welfare,welfare outlook,subjective_economic,food-cash,0.012247536141153472,0.00945589629803042,-0.006285680044531774,0.030780752326838717,0.19524178933228997,5497,
raw,mpc_midpoint,q17e_fut_welfare,welfare outlook,subjective_economic,medical-cash,0.012337276265283916,0.009140821074582044,-0.005578403830021604,0.030252956360589438,0.1771153897705584,5497,
raw,mpc_midpoint,q17e_fut_welfare,welfare outlook,subjective_economic,restricted-cash,0.012292406203218694,0.008269966290112675,-0.003916429878762475,0.028501242285199863,0.13717564142628028,5497,
raw,mpc_midpoint,q17e_fut_welfare,welfare outlook,subjective_economic,medical-food,8.974012413044338e-05,0.008506926570439957,-0.01658352957305871,0.016763009821319598,0.9915832197514466,5497,
raw,mpc_midpoint,q18_ses_now,subjective SES,subjective_economic,level,-0.006837044583445549,0.0036554056360692724,-0.014001507979026051,0.0003274188121349525,0.06142928346174415,5497,
raw,mpc_midpoint,q18_ses_now,subjective SES,subjective_economic,food-cash,0.0005570381043255146,0.009242950415415304,-0.017558811820778012,0.018672888029429045,0.9519435692706592,5497,
raw,mpc_midpoint,q18_ses_now,subjective SES,subjective_economic,medical-cash,0.005574841214851198,0.008905127618588356,-0.01187888819531492,0.023028570625017314,0.5312979030645962,5497,
raw,mpc_midpoint,q18_ses_now,subjective SES,subjective_economic,restricted-cash,0.0030659396595883563,0.007955483927082832,-0.012526522317081267,0.018658401636257982,0.6999507522175856,5497,
raw,mpc_midpoint,q18_ses_now,subjective SES,subjective_economic,medical-food,0.005017803110525684,0.008735442891694103,-0.012103350346201185,0.022138956567252552,0.565684396249828,5497,
raw,mpc_midpoint,q19_ses_past5,past mobility,subjective_economic,level,-0.006201568824284712,0.003624397325470959,-0.013305257047871086,0.0009021193993016636,0.08706965344012563,5497,
raw,mpc_midpoint,q19_ses_past5,past mobility,subjective_economic,food-cash,0.004534389542571675,0.009209167627774332,-0.01351524733545818,0.02258402642060153,0.6224523019464359,5497,
raw,mpc_midpoint,q19_ses_past5,past mobility,subjective_economic,medical-cash,0.01365973249350199,0.008886145833108039,-0.0037567933007604387,0.03107625828776442,0.12424574210258113,5497,
raw,mpc_midpoint,q19_ses_past5,past mobility,subjective_economic,restricted-cash,0.009097061018036832,0.00797466305521106,-0.006532991359018997,0.024727113395092662,0.2539758449395416,5497,
raw,mpc_midpoint,q19_ses_past5,past mobility,subjective_economic,medical-food,0.009125342950930315,0.008553578721846629,-0.007639363282817224,0.025890049184677855,0.28604182061329897,5497,
raw,mpc_midpoint,q20_ses_next1,expected mobility,subjective_economic,level,-0.008340159821265796,0.0036162914519793717,-0.015427960824745422,-0.0012523588177861698,0.021095313558625844,5497,
raw,mpc_midpoint,q20_ses_next1,expected mobility,subjective_economic,food-cash,0.001021379225409476,0.009081881029257144,-0.016778780503812082,0.018821538954631033,0.9104559875997984,5497,
raw,mpc_midpoint,q20_ses_next1,expected mobility,subjective_economic,medical-cash,0.010926892280656745,0.008917267364540746,-0.006550630594357523,0.028404415155671013,0.22043836327012223,5497,
raw,mpc_midpoint,q20_ses_next1,expected mobility,subjective_economic,restricted-cash,0.00597413575303311,0.007897133974263393,-0.009503962417610801,0.02145223392367702,0.4493529709446402,5497,
raw,mpc_midpoint,q20_ses_next1,expected mobility,subjective_economic,medical-food,0.00990551305524727,0.008633512641486549,-0.007015860782137635,0.026826886892632174,0.2512440635426473,5497,
raw,mpc_midpoint,q01_lifesat,life satisfaction,attitudes,level,-0.002039353089131821,0.0037494036386492204,-0.009388049184387725,0.0053093430061240815,0.5865006621180633,5497,
raw,mpc_midpoint,q01_lifesat,life satisfaction,attitudes,food-cash,0.006890491270513592,0.009573456357387485,-0.011873138397531895,0.02565412093855908,0.4716791886568312,5497,
raw,mpc_midpoint,q01_lifesat,life satisfaction,attitudes,medical-cash,0.009281879984055039,0.009300104055669639,-0.008945989017532345,0.027509748985642422,0.31825974720505,5497,
raw,mpc_midpoint,q01_lifesat,life satisfaction,attitudes,restricted-cash,0.008086185627284316,0.008335923428129692,-0.008251924069733541,0.024424295324302174,0.3320261677316647,5497,
raw,mpc_midpoint,q01_lifesat,life satisfaction,attitudes,medical-food,0.0023913887135414468,0.008850735932542876,-0.014955734950917121,0.019738512378000013,0.7870133578739233,5497,
raw,mpc_midpoint,q02_safety,safety,attitudes,level,0.00667896834807611,0.003682935568519934,-0.0005394527236045089,0.013897389419756729,0.06975621581806021,5497,
raw,mpc_midpoint,q02_safety,safety,attitudes,food-cash,0.006899652552920206,0.009395361088957353,-0.01151491680318523,0.02531422190902564,0.46272448292383306,5497,
raw,mpc_midpoint,q02_safety,safety,attitudes,medical-cash,-0.002725106341655554,0.009168304705762322,-0.020694653364238803,0.015244440680927696,0.7662899924856617,5497,
raw,mpc_midpoint,q02_safety,safety,attitudes,restricted-cash,0.0020872731056323264,0.008248938259998602,-0.014080348794659431,0.018254895005924084,0.8002408847091043,5497,
raw,mpc_midpoint,q02_safety,safety,attitudes,medical-food,-0.00962475889457576,0.008513595754445939,-0.02631109995222291,0.007061582163071388,0.25825872797655036,5497,
raw,mpc_midpoint,q03a_fair_dist,distribution fairness,attitudes,level,-0.0025650969284673605,0.0035750032055181544,-0.009571974455898188,0.004441780598963467,0.4730600931731247,5497,
raw,mpc_midpoint,q03a_fair_dist,distribution fairness,attitudes,food-cash,0.004542383953124265,0.00921767355974524,-0.013523924245223522,0.02260869215147205,0.6221604713187463,5497,
raw,mpc_midpoint,q03a_fair_dist,distribution fairness,attitudes,medical-cash,0.020692983010088834,0.008754489154234452,0.0035344995647427907,0.03785146645543488,0.01809347432263173,5497,
raw,mpc_midpoint,q03a_fair_dist,distribution fairness,attitudes,restricted-cash,0.012617683481606549,0.007959500819792385,-0.0029826514601035605,0.028218018423316657,0.11291283127250211,5497,
raw,mpc_midpoint,q03a_fair_dist,distribution fairness,attitudes,medical-food,0.01615059905696457,0.008354553202306374,-0.0002240243264796972,0.03252522244040884,0.05321780271076204,5497,
raw,mpc_midpoint,q03b_fair_opp,opportunity fairness,attitudes,level,-0.0016622663564063644,0.003580892000724444,-0.008680685710353853,0.005356152997541123,0.6425012023232286,5497,
raw,mpc_midpoint,q03b_fair_opp,opportunity fairness,attitudes,food-cash,0.0031576449653289936,0.009204519185099019,-0.014882881132473052,0.02119817106313104,0.7315580126310166,5497,
raw,mpc_midpoint,q03b_fair_opp,opportunity fairness,attitudes,medical-cash,0.013913259053481628,0.008753350449151437,-0.003242992570912694,0.03106951067787595,0.11195248902052453,5497,
raw,mpc_midpoint,q03b_fair_opp,opportunity fairness,attitudes,restricted-cash,0.00853545200940531,0.007951879803815003,-0.007049946015463526,0.024120850034274145,0.283097086067544,5497,
raw,mpc_midpoint,q03b_fair_opp,opportunity fairness,attitudes,medical-food,0.010755614088152635,0.008352189256221833,-0.005614376046104541,0.02712560422240981,0.19782956815260033,5497,
raw,mpc_midpoint,q03c_fair_rule,rule fairness,attitudes,level,0.0008129387744888491,0.0036074839868512018,-0.006257599914544472,0.00788347746352217,0.8217086748306375,5497,
raw,mpc_midpoint,q03c_fair_rule,rule fairness,attitudes,food-cash,0.003093167411015278,0.00917326255149255,-0.014886096810640122,0.02107243163267068,0.7359707982249517,5497,
raw,mpc_midpoint,q03c_fair_rule,rule fairness,attitudes,medical-cash,0.008159642885227763,0.00884983580988379,-0.009185716571237327,0.025505002341692853,0.3565230194877761,5497,
raw,mpc_midpoint,q03c_fair_rule,rule fairness,attitudes,restricted-cash,0.00562640514812152,0.007939886919376481,-0.009935487255177063,0.021188297551420102,0.47855700071162866,5497,
raw,mpc_midpoint,q03c_fair_rule,rule fairness,attitudes,medical-food,0.005066475474212484,0.008530501874514252,-0.01165300096988687,0.02178595191831184,0.5525625007373103,5497,
raw,mpc_midpoint,q04_trust_gov,institutional trust,attitudes,level,-0.0001485336795086449,0.0036591731077786197,-0.007320381183952241,0.007023313824934952,0.9676210476562698,5497,
raw,mpc_midpoint,q04_trust_gov,institutional trust,attitudes,food-cash,0.0006445550877398015,0.009463378422537468,-0.017903325792507103,0.01919243596798671,0.9456977012763823,5497,
raw,mpc_midpoint,q04_trust_gov,institutional trust,attitudes,medical-cash,0.0038798878678395336,0.009086472569037789,-0.013929271113985673,0.02168904684966474,0.6693822069398003,5497,
raw,mpc_midpoint,q04_trust_gov,institutional trust,attitudes,restricted-cash,0.0022622214777896677,0.008229817742137614,-0.0138679248961288,0.018392367851708134,0.7834075764554274,5497,
raw,mpc_midpoint,q04_trust_gov,institutional trust,attitudes,medical-food,0.003235332780099732,0.008562676541644889,-0.013547204852790234,0.020017870412989698,0.7055484959299515,5497,
raw,mpc_midpoint,q05_trust_soc,generalized trust,attitudes,level,0.0015922238448475962,0.0036454874878212003,-0.005552800337373355,0.008737248027068548,0.6622812863953406,5497,
raw,mpc_midpoint,q05_trust_soc,generalized trust,attitudes,food-cash,0.0058194439540531625,0.009458903857109905,-0.012719666939109253,0.02435855484721558,0.5383998690744722,5497,
raw,mpc_midpoint,q05_trust_soc,generalized trust,attitudes,medical-cash,0.02238894028591209,0.008792662346907818,0.005155638757751338,0.03962224181407284,0.010886504593822519,5497,
raw,mpc_midpoint,q05_trust_soc,generalized trust,attitudes,restricted-cash,0.014104192119982626,0.008081428850957818,-0.0017351173715176096,0.02994350161148286,0.08093967289931794,5497,
raw,mpc_midpoint,q05_trust_soc,generalized trust,attitudes,medical-food,0.016569496331858925,0.00850444457664254,-9.890874687744008e-05,0.033237901410595294,0.051375042171329446,5497,
raw,mpc_midpoint,q08_support,social support,attitudes,level,0.004952066647829713,0.003765844595269357,-0.002428853130273043,0.01233298642593247,0.18851159767567582,5497,
raw,mpc_midpoint,q08_support,social support,attitudes,food-cash,0.005145816390900986,0.009636934041414016,-0.013742227251658516,0.02403386003346049,0.5933635306234143,5497,
raw,mpc_midpoint,q08_support,social support,attitudes,medical-cash,-6.662242236732903e-05,0.009205608096305952,-0.01810928274691732,0.017976037902182666,0.9942256353269944,5497,
raw,mpc_midpoint,q08_support,social support,attitudes,restricted-cash,0.0025395969842668285,0.008319735443716916,-0.013766784846319692,0.01884597881485335,0.7601759607467911,5497,
raw,mpc_midpoint,q08_support,social support,attitudes,medical-food,-0.005212438813268315,0.00885186109634115,-0.022561767758248204,0.012136890131711575,0.5559603546951416,5497,
raw,mpc_midpoint,q12_voice,voice/response,attitudes,level,-0.0009307525395165328,0.003715625378851852,-0.008213244462109156,0.00635173938307609,0.802203122437968,5497,
raw,mpc_midpoint,q12_voice,voice/response,attitudes,food-cash,-0.00021657697976821554,0.009522464597871717,-0.018880264635654467,0.01844711067611804,0.9818546417477215,5497,
raw,mpc_midpoint,q12_voice,voice/response,attitudes,medical-cash,0.011875713005469194,0.008953384301136572,-0.005672597764504808,0.029424023775443196,0.18470930692604826,5497,
raw,mpc_midpoint,q12_voice,voice/response,attitudes,restricted-cash,0.005829568012850489,0.008098914083359467,-0.010044011904418292,0.02170314793011927,0.4716504521277467,5497,
raw,mpc_midpoint,q12_voice,voice/response,attitudes,medical-food,0.01209228998523741,0.008905684005429602,-0.00536252992309902,0.029547109893573842,0.17452172910785335,5497,
raw,mpc_midpoint,q16_fut_society,national outlook,attitudes,level,0.0038532622569018727,0.003689409359157138,-0.0033778472112711184,0.011084371725074864,0.2962949582827554,5497,
raw,mpc_midpoint,q16_fut_society,national outlook,attitudes,food-cash,0.0032425816793873155,0.009146714251677832,-0.014684648830780467,0.021169812189555097,0.7229583486829012,5497,
raw,mpc_midpoint,q16_fut_society,national outlook,attitudes,medical-cash,-0.00025527294205407886,0.00903558417762304,-0.0179646925094752,0.017454146625367043,0.9774611974831716,5497,
raw,mpc_midpoint,q16_fut_society,national outlook,attitudes,restricted-cash,0.0014936543686666184,0.007917072810198197,-0.014023523202303163,0.0170108319396364,0.8503573820331684,5497,
raw,mpc_midpoint,q16_fut_society,national outlook,attitudes,medical-food,-0.0034978546214413943,0.008938017595507294,-0.021016047201820983,0.014020337958938195,0.6955417340544626,5497,
raw,mpc_midpoint,q17d_fut_fair,fairness outlook,attitudes,level,-0.0013470590315597573,0.003647075076280142,-0.008495194829982506,0.005801076766862992,0.7118644394540622,5497,
raw,mpc_midpoint,q17d_fut_fair,fairness outlook,attitudes,food-cash,0.012449566381132374,0.009284297318416578,-0.005747321984725922,0.03064645474699067,0.17994410496265956,5497,
raw,mpc_midpoint,q17d_fut_fair,fairness outlook,attitudes,medical-cash,0.01776583675558535,0.00887202534085411,0.0003769866175846008,0.0351546868935861,0.0452357546570237,5497,
raw,mpc_midpoint,q17d_fut_fair,fairness outlook,attitudes,restricted-cash,0.015107701568358863,0.007998861557908049,-0.0005697790024628609,0.030785182139180585,0.05892781921275651,5497,
raw,mpc_midpoint,q17d_fut_fair,fairness outlook,attitudes,medical-food,0.005316270374452977,0.008596212875488408,-0.011531997264943798,0.022164538013849752,0.5362831536998267,5497,
raw,mpc_midpoint,q21_order,social order,attitudes,level,0.009059981693324878,0.0035949355458399163,0.0020140374967358016,0.016105925889913955,0.01172858412244923,5497,
raw,mpc_midpoint,q21_order,social order,attitudes,food-cash,-0.001441841371382269,0.009164659543107245,-0.019404244006443777,0.01652056126367924,0.8749877459989371,5497,
raw,mpc_midpoint,q21_order,social order,attitudes,medical-cash,0.0051330397697613135,0.008734251861669139,-0.011985779311012117,0.022251858850534743,0.5567398283670368,5497,
raw,mpc_midpoint,q21_order,social order,attitudes,restricted-cash,0.0018455991991895224,0.007876345891060784,-0.013591755077069655,0.017282953475448698,0.8147351972627453,5497,
raw,mpc_midpoint,q21_order,social order,attitudes,medical-food,0.006574881141143582,0.00850934673554643,-0.010103131992490902,0.023252894274778065,0.43972019611145763,5497,
raw,mpc_midpoint,q22_vitality,social vitality,attitudes,level,0.004103798948448045,0.003692766797329385,-0.003133890977622871,0.011341488874518961,0.26643606921009855,5497,
raw,mpc_midpoint,q22_vitality,social vitality,attitudes,food-cash,-0.004053771517456619,0.009475867906592033,-0.022626131336635963,0.014518588301722724,0.6687971036903548,5497,
raw,mpc_midpoint,q22_vitality,social vitality,attitudes,medical-cash,-0.0016922492131292565,0.008908381071213113,-0.019152355273265306,0.01576785684700679,0.849339318852948,5497,
raw,mpc_midpoint,q22_vitality,social vitality,attitudes,restricted-cash,-0.0028730103652929375,0.008072726136732206,-0.018695262850343227,0.012949242119757353,0.7219222157754466,5497,
raw,mpc_midpoint,q22_vitality,social vitality,attitudes,medical-food,0.0023615223043273624,0.008810619880095887,-0.014906975342133186,0.019630019950787912,0.788675190693058,5497,
raw,mpc_alt,q42_age,age,objective,level,0.0067284198218229155,0.003910548190263149,-0.0009361137909011429,0.014392953434546975,0.08532665585002978,5497,
raw,mpc_alt,q42_age,age,objective,food-cash,-0.005484267691036401,0.00969777586712025,-0.02449155912073378,0.01352302373866098,0.5717214230605353,5497,
raw,mpc_alt,q42_age,age,objective,medical-cash,-0.004093694244962735,0.00952793137903428,-0.022768096595038975,0.014580708105113502,0.6674488451025669,5497,
raw,mpc_alt,q42_age,age,objective,restricted-cash,-0.004788980967999568,0.008350321979778327,-0.02115531130767829,0.011577349371679153,0.5663004183828819,5497,
raw,mpc_alt,q42_age,age,objective,medical-food,0.0013905734460736658,0.009526025278209995,-0.017280093015036073,0.020061239907183406,0.8839401374437071,5497,
raw,mpc_alt,q41_gender,gender,objective,level,-0.012462411466583473,0.003804539890732824,-0.01991917263016576,-0.005005650303001185,0.0010541221272233827,5497,
raw,mpc_alt,q41_gender,gender,objective,food-cash,-0.0010570744502774007,0.00976284018777408,-0.020191889605134853,0.018077740704580052,0.9137773151475099,5497,
raw,mpc_alt,q41_gender,gender,objective,medical-cash,0.0032906224075992807,0.009222396414523451,-0.01478494241601801,0.021366187231216572,0.7212357426671447,5497,
raw,mpc_alt,q41_gender,gender,objective,restricted-cash,0.00111677397866094,0.00836060246481366,-0.015269705741430639,0.017503253698752518,0.8937380388814893,5497,
raw,mpc_alt,q41_gender,gender,objective,medical-food,0.004347696857876681,0.009007363322230892,-0.013306410849362918,0.02200180456511628,0.6293211741374143,5497,
raw,mpc_alt,q43_edu,education,objective,level,0.017470012221383096,0.003959075448424775,0.009710366930393772,0.025229657512372418,1.0211324557154971e-05,5497,
raw,mpc_alt,q43_edu,education,objective,food-cash,0.008659867702440743,0.009921730069628185,-0.010786365898358585,0.02810610130324007,0.3827621161849002,5497,
raw,mpc_alt,q43_edu,education,objective,medical-cash,-0.01971042386972749,0.009799303980154224,-0.038916706744389774,-0.000504140995065204,0.044282104940445384,5497,
raw,mpc_alt,q43_edu,education,objective,restricted-cash,-0.005525278083643373,0.008713256986815864,-0.022602947965844458,0.011552391798557713,0.5260004471115574,5497,
raw,mpc_alt,q43_edu,education,objective,medical-food,-0.028370291572168232,0.009233135050830737,-0.046466903736190876,-0.010273679408145584,0.002121595376875615,5497,
raw,mpc_alt,income_h,monthly income harmonized 1-6,objective,level,0.02247503739670572,0.004054323417779644,0.01452870951618028,0.03042136527723116,2.96528327897806e-08,5497,
raw,mpc_alt,income_h,monthly income harmonized 1-6,objective,food-cash,0.003411803622322985,0.010171714228317112,-0.01652438992621218,0.023347997170858153,0.7373077465622562,5497,
raw,mpc_alt,income_h,monthly income harmonized 1-6,objective,medical-cash,-0.026835407592587443,0.010113199355477515,-0.046656914097797056,-0.007013901087377827,0.007966099795483274,5497,
raw,mpc_alt,income_h,monthly income harmonized 1-6,objective,restricted-cash,-0.011711801985132228,0.008988350992982347,-0.02932864621178246,0.0059050422415180045,0.19257549686235675,5497,
raw,mpc_alt,income_h,monthly income harmonized 1-6,objective,medical-food,-0.03024721121491043,0.009397836389306441,-0.048666632070551,-0.011827790359269862,0.001288498327737186,5497,
raw,mpc_alt,q23_hukou,hukou,objective,level,0.018107852838703774,0.003823779709298023,0.01061338232366461,0.025602323353742937,2.184187821123569e-06,5497,
raw,mpc_alt,q23_hukou,hukou,objective,food-cash,-0.007989542533586146,0.009622409211522994,-0.02684911803267767,0.010870032965505379,0.4063658887830768,5497,
raw,mpc_alt,q23_hukou,hukou,objective,medical-cash,0.013049188857517656,0.009279623459980938,-0.005138538914137946,0.03123691662917326,0.1596589108274813,5497,
raw,mpc_alt,q23_hukou,hukou,objective,restricted-cash,0.0025298231619657547,0.008278697300154621,-0.013696125385246286,0.018755771709177794,0.7599227171637407,5497,
raw,mpc_alt,q23_hukou,hukou,objective,medical-food,0.0210387313911038,0.009124528767871398,0.003154983630176224,0.038922479152031376,0.021125529626906864,5497,
raw,mpc_alt,q24_workstat,employment status,objective,level,-0.01805358109052542,0.0038204975623126708,-0.025541618715681325,-0.010565543465369514,2.296031073747756e-06,5497,
raw,mpc_alt,q24_workstat,employment status,objective,food-cash,-0.012386634394722753,0.009501497870719883,-0.031009228020517733,0.006235959231072228,0.19235270412724137,5497,
raw,mpc_alt,q24_workstat,employment status,objective,medical-cash,0.00936215954199835,0.009703473970547912,-0.009656299965197433,0.028380619049194134,0.33463219987068904,5497,
raw,mpc_alt,q24_workstat,employment status,objective,restricted-cash,-0.0015122374263622012,0.008508047117102369,-0.01818770335465268,0.015163228501928278,0.8589255884825001,5497,
raw,mpc_alt,q24_workstat,employment status,objective,medical-food,0.021748793936721106,0.008906417617732447,0.004292536174692482,0.03920505169874973,0.014609226306001958,5497,
raw,mpc_alt,q25_unittype,work-unit type,objective,level,-0.013074919254819118,0.004010302331078998,-0.020934967390850975,-0.005214871118787259,0.0011128165168724016,5497,
raw,mpc_alt,q25_unittype,work-unit type,objective,food-cash,-0.004822013540325439,0.010129937968409561,-0.024676327124033025,0.015032300043382145,0.6340629096225983,5497,
raw,mpc_alt,q25_unittype,work-unit type,objective,medical-cash,0.011216332813920649,0.009901281583334398,-0.008189822490204494,0.03062248811804579,0.2572914199464733,5497,
raw,mpc_alt,q25_unittype,work-unit type,objective,restricted-cash,0.003197159636797605,0.008822713616587246,-0.014095041297624525,0.020489360571219736,0.7170693807414475,5497,
raw,mpc_alt,q25_unittype,work-unit type,objective,medical-food,0.016038346354246086,0.009483719641119145,-0.002549402581822565,0.03462609529031474,0.09080908622179487,5497,
raw,mpc_alt,q26_housing,housing tenure,objective,level,-0.011394576003043852,0.004046788275315142,-0.01932613527572049,-0.003463016730367212,0.00486698097576664,5497,
raw,mpc_alt,q26_housing,housing tenure,objective,food-cash,0.00047486712573996566,0.010298016272145731,-0.019708873879873093,0.020658608131353028,0.9632205946274376,5497,
raw,mpc_alt,q26_housing,housing tenure,objective,medical-cash,0.009110121424683617,0.009880024310693361,-0.010254370390655545,0.02847461324002278,0.3564895613362463,5497,
raw,mpc_alt,q26_housing,housing tenure,objective,restricted-cash,0.004792494275211791,0.008865258702705476,-0.012583093495721225,0.02216808204614481,0.588788339953316,5497,
raw,mpc_alt,q26_housing,housing tenure,objective,medical-food,0.008635254298943651,0.00964141024845222,-0.010261562548198074,0.027532071146085378,0.3704438667700658,5497,
raw,mpc_alt,q27_minorchild,minor child,needs,level,-0.007506804099115755,0.0038063311956412545,-0.014967076155803897,-4.6532042427613676e-05,0.048588047375845794,5497,
raw,mpc_alt,q27_minorchild,minor child,needs,food-cash,0.02092741291656095,0.00976341906403396,0.0017914631850826264,0.04006336264803928,0.03207688062217336,5497,
raw,mpc_alt,q27_minorchild,minor child,needs,medical-cash,0.011500927833819143,0.00915534726409824,-0.006443223069770725,0.029445078737409012,0.20904423480519174,5497,
raw,mpc_alt,q27_minorchild,minor child,needs,restricted-cash,0.016214170375190046,0.00830517748385886,-6.367837838630597e-05,0.0324920191287664,0.0509029921680516,5497,
raw,mpc_alt,q27_minorchild,minor child,needs,medical-food,-0.009426485082741808,0.009076650182680892,-0.027216392541065258,0.008363422375581641,0.29901765652620005,5497,
raw,mpc_alt,q28_hhsize,household size,needs,level,0.0205017898373866,0.003920694209726297,0.012817370391928328,0.028186209282844873,1.7031659994681468e-07,5497,
raw,mpc_alt,q28_hhsize,household size,needs,food-cash,-0.010816114965054349,0.010129751192019068,-0.0306700624737634,0.009037832543654705,0.2856300402999504,5497,
raw,mpc_alt,q28_hhsize,household size,needs,medical-cash,-0.0001733781047674255,0.009635630511989186,-0.019058866876601473,0.01871211066706662,0.9856440895607226,5497,
raw,mpc_alt,q28_hhsize,household size,needs,restricted-cash,-0.005494746534910887,0.00876520068786145,-0.02267422420038504,0.011684731130563265,0.5307365873080221,5497,
raw,mpc_alt,q28_hhsize,household size,needs,medical-food,0.010642736860286923,0.009143276040765152,-0.007277754880320753,0.0285632286008946,0.24442562739020313,5497,
raw,mpc_alt,q29_foodexp,monthly food spending,needs,level,0.043488193416375824,0.004089684054455321,0.03547255996149565,0.051503826871256,2.0785759173106215e-26,5497,
raw,mpc_alt,q29_foodexp,monthly food spending,needs,food-cash,-0.006593807882655274,0.010484411401986376,-0.027142876629649662,0.013955260864339116,0.5294044376953055,5497,
raw,mpc_alt,q29_foodexp,monthly food spending,needs,medical-cash,-0.02103759868258721,0.01004243499033154,-0.04072040958072187,-0.0013547877844525442,0.03618252472462389,5497,
raw,mpc_alt,q29_foodexp,monthly food spending,needs,restricted-cash,-0.013815703282621241,0.009076860145809705,-0.03160602226111525,0.0039746156958727664,0.12798914727155922,5497,
raw,mpc_alt,q29_foodexp,monthly food spending,needs,medical-food,-0.014443790799931936,0.00959110032978073,-0.0332420020184124,0.004354420418548532,0.13207804871196752,5497,
raw,mpc_alt,q30_medexp,annual OOP medical spending,needs,level,0.032302703694993475,0.00412817705941271,0.024211625336740095,0.040393782053246854,5.0793244544241795e-15,5497,
raw,mpc_alt,q30_medexp,annual OOP medical spending,needs,food-cash,-0.00514090621299242,0.010427567738397123,-0.025578563426602564,0.015296751000617725,0.6220047733050311,5497,
raw,mpc_alt,q30_medexp,annual OOP medical spending,needs,medical-cash,0.016094746380113663,0.009997449878833284,-0.003499895319643901,0.03568938807987122,0.10742292529832251,5497,
raw,mpc_alt,q30_medexp,annual OOP medical spending,needs,restricted-cash,0.005476920083560622,0.008957485668429264,-0.012079429218594428,0.02303326938571567,0.5409116499602162,5497,
raw,mpc_alt,q30_medexp,annual OOP medical spending,needs,medical-food,0.021235652593106082,0.009819376153138533,0.0019900289823030944,0.04048127620390907,0.03056984380096752,5497,
raw,mpc_alt,q31_gotsubsidy,prior subsidy,objective,level,-0.013658668009199034,0.003709006402534356,-0.02092818697659484,-0.006389149041803226,0.00023089631918255194,5497,
raw,mpc_alt,q31_gotsubsidy,prior subsidy,objective,food-cash,0.010151903023501442,0.009658095552620566,-0.008777616418881336,0.029081422465884223,0.29319940818643075,5497,
raw,mpc_alt,q31_gotsubsidy,prior subsidy,objective,medical-cash,0.006769422141226781,0.008870172652277073,-0.01061579679388841,0.024154641076341972,0.44536386787093873,5497,
raw,mpc_alt,q31_gotsubsidy,prior subsidy,objective,restricted-cash,0.008460662582364113,0.008160941635835748,-0.0075344891038073465,0.02445581426853557,0.29986344537662,5497,
raw,mpc_alt,q31_gotsubsidy,prior subsidy,objective,medical-food,-0.0033824808822746615,0.008804184893301403,-0.02063836618637703,0.013873404421827705,0.7008375379086691,5497,
raw,mpc_alt,q49_citytier,city tier,objective,level,-0.010358069197717245,0.0036870470735528528,-0.01758454867118464,-0.00313158972424985,0.004964735537651648,5497,
raw,mpc_alt,q49_citytier,city tier,objective,food-cash,0.004461864051474023,0.009628929220052783,-0.014410490429514786,0.02333421853246283,0.6430912058030412,5497,
raw,mpc_alt,q49_citytier,city tier,objective,medical-cash,0.02293778211908632,0.0090410261731949,0.005217696436340329,0.04065786780183231,0.011178227433934911,5497,
raw,mpc_alt,q49_citytier,city tier,objective,restricted-cash,0.013699823085280172,0.008291740985331482,-0.002551690615104192,0.029951336785664535,0.09848865903162973,5497,
raw,mpc_alt,q49_citytier,city tier,objective,medical-food,0.0184759180676123,0.008596568507669756,0.0016269534019483362,0.03532488273327626,0.0316169544691515,5497,
raw,mpc_alt,q06_socsec,perceived social protection,subjective_economic,level,-0.0036325772339876904,0.004206423705301578,-0.01187701620009431,0.00461186173211893,0.3878194582166802,5497,
raw,mpc_alt,q06_socsec,perceived social protection,subjective_economic,food-cash,0.007036595305809754,0.010702339728696136,-0.013939605112746846,0.02801279572436635,0.5108710666314371,5497,
raw,mpc_alt,q06_socsec,perceived social protection,subjective_economic,medical-cash,0.0123486771917202,0.010417416526180211,-0.008069084011545375,0.032766438394985775,0.23586420116917017,5497,
raw,mpc_alt,q06_socsec,perceived social protection,subjective_economic,restricted-cash,0.009692636248764977,0.00933163869772783,-0.008597039515521822,0.027982312013051777,0.29895110460995045,5497,
raw,mpc_alt,q06_socsec,perceived social protection,subjective_economic,medical-food,0.0053120818859104454,0.009889760480264138,-0.014071492471134813,0.024695656242955704,0.5911781799920098,5497,
raw,mpc_alt,q07_emergfund,emergency liquidity,subjective_economic,level,0.004286328486157686,0.004263439713027957,-0.0040698598016348925,0.012642516773950264,0.3147193858334226,5497,
raw,mpc_alt,q07_emergfund,emergency liquidity,subjective_economic,food-cash,0.009614330524540367,0.011086027197694788,-0.012113883514572918,0.03134254456365365,0.3858063584385627,5497,
raw,mpc_alt,q07_emergfund,emergency liquidity,subjective_economic,medical-cash,0.008176579582287347,0.010422316641257768,-0.012250785670050342,0.028603944834625035,0.4327314646419629,5497,
raw,mpc_alt,q07_emergfund,emergency liquidity,subjective_economic,restricted-cash,0.008895455053413857,0.00957414587625532,-0.009869526046779247,0.02766043615360696,0.35283097960823906,5497,
raw,mpc_alt,q07_emergfund,emergency liquidity,subjective_economic,medical-food,-0.0014377509422530202,0.009817957494207613,-0.020680594032645057,0.017805092148139016,0.8835733087615901,5497,
raw,mpc_alt,q09_gain,sense of gain,subjective_economic,level,0.002066499397210582,0.004216150984794216,-0.006197004686369162,0.010330003480790325,0.6240356481301932,5497,
raw,mpc_alt,q09_gain,sense of gain,subjective_economic,food-cash,0.0009364338485038038,0.010916489384609374,-0.020459492182944388,0.022332359879951993,0.9316400392568703,5497,
raw,mpc_alt,q09_gain,sense of gain,subjective_economic,medical-cash,0.007747428230549469,0.010211627401194086,-0.01226699369933329,0.027761850160432228,0.44803985793682477,5497,
raw,mpc_alt,q09_gain,sense of gain,subjective_economic,restricted-cash,0.004341931039526637,0.009304880710180524,-0.013895300032868672,0.022579162111921944,0.6407650383160817,5497,
raw,mpc_alt,q09_gain,sense of gain,subjective_economic,medical-food,0.006810994382045665,0.010028505831252008,-0.01284451586595819,0.02646650463004952,0.4970343180767961,5497,
raw,mpc_alt,q10_effort,returns to effort,subjective_economic,level,-0.0034635034997382947,0.0042133190165487555,-0.011721457027551577,0.004794450028074986,0.41105592351867626,5497,
raw,mpc_alt,q10_effort,returns to effort,subjective_economic,food-cash,0.0023713647236191047,0.010930355186005521,-0.019051737779182322,0.023794467226420528,0.8282455880408477,5497,
raw,mpc_alt,q10_effort,returns to effort,subjective_economic,medical-cash,0.009848409759828073,0.010233451599070747,-0.010208786811884417,0.02990560633154056,0.3358616705370767,5497,
raw,mpc_alt,q10_effort,returns to effort,subjective_economic,restricted-cash,0.006109887241723589,0.009356232811756623,-0.012227992100291315,0.02444776658373849,0.5137378664164634,5497,
raw,mpc_alt,q10_effort,returns to effort,subjective_economic,medical-food,0.007477045036208968,0.009911408705847918,-0.0119489590633097,0.026903049135727636,0.45061644187315386,5497,
raw,mpc_alt,q11_mobility,upward mobility,subjective_economic,level,-0.005242808955318496,0.00405599640948447,-0.01319241583933183,0.0027067979286948384,0.19614705109206299,5497,
raw,mpc_alt,q11_mobility,upward mobility,subjective_economic,food-cash,0.0062186577568731595,0.010622239909774765,-0.014600549901429373,0.027037865415175694,0.5582535686243957,5497,
raw,mpc_alt,q11_mobility,upward mobility,subjective_economic,medical-cash,0.022587352276658288,0.009955340361750897,0.0030752437137885787,0.042099460839527994,0.023276359720109396,5497,
raw,mpc_alt,q11_mobility,upward mobility,subjective_economic,restricted-cash,0.014403005016765724,0.009162700307133054,-0.003555557586349154,0.0323615676198806,0.11596978528417513,5497,
raw,mpc_alt,q11_mobility,upward mobility,subjective_economic,medical-food,0.016368694519785128,0.009384095969505636,-0.0020237956079133985,0.03476118464748365,0.08110649599107823,5497,
raw,mpc_alt,q13_pressure,pressure affordability,subjective_economic,level,-0.00015306707284601392,0.004190622814605639,-0.008366536862264937,0.00806040271657291,0.9708628744874687,5497,
raw,mpc_alt,q13_pressure,pressure affordability,subjective_economic,food-cash,0.0068893323542031475,0.010776568691129904,-0.014232354157333413,0.028011018865739708,0.5226355144992214,5497,
raw,mpc_alt,q13_pressure,pressure affordability,subjective_economic,medical-cash,0.01933778329055146,0.010151304792618037,-0.0005584084990687375,0.03923397508017165,0.0567858636333578,5497,
raw,mpc_alt,q13_pressure,pressure affordability,subjective_economic,restricted-cash,0.013113557822377303,0.009236637247325064,-0.0049899185206410054,0.03121703416539561,0.15568545499269998,5497,
raw,mpc_alt,q13_pressure,pressure affordability,subjective_economic,medical-food,0.012448450936348311,0.00985418555436478,-0.006865397847181525,0.03176229971987815,0.20649384257182501,5497,
raw,mpc_alt,q15_fut_self,future self,subjective_economic,level,-0.006215837192507387,0.004075865323205189,-0.014204386431825264,0.0017727120468104905,0.12725037301193143,5497,
raw,mpc_alt,q15_fut_self,future self,subjective_economic,food-cash,0.004497345429030648,0.010360048290445907,-0.015807976098339088,0.024802666956400383,0.6642124284918,5497,
raw,mpc_alt,q15_fut_self,future self,subjective_economic,medical-cash,0.010816999190888807,0.010037725200472244,-0.008856580688746883,0.0304905790705245,0.2811968901017349,5497,
raw,mpc_alt,q15_fut_self,future self,subjective_economic,restricted-cash,0.0076571723099597274,0.009000903998387792,-0.009984275355182912,0.025298619975102368,0.394929647691057,5497,
raw,mpc_alt,q15_fut_self,future self,subjective_economic,medical-food,0.00631965376185816,0.009597289430269364,-0.012490687870676727,0.025129995394393048,0.5102276950415987,5497,
raw,mpc_alt,q17a_fut_econ,economic outlook,subjective_economic,level,-0.003051901615375836,0.00404737173755166,-0.010984604453022389,0.004880801222270716,0.45082202416950923,5497,
raw,mpc_alt,q17a_fut_econ,economic outlook,subjective_economic,food-cash,0.0059909762267594145,0.010299173100077932,-0.01419503211993707,0.0261769845734559,0.5607722230655651,5497,
raw,mpc_alt,q17a_fut_econ,economic outlook,subjective_economic,medical-cash,0.008106202680731445,0.009943183796229625,-0.011382079451540872,0.027594484813003764,0.4149279512846452,5497,
raw,mpc_alt,q17a_fut_econ,economic outlook,subjective_economic,restricted-cash,0.007048589453745429,0.008960971096957902,-0.010514591162796438,0.024611770070287295,0.43152327437870086,5497,
raw,mpc_alt,q17a_fut_econ,economic outlook,subjective_economic,medical-food,0.0021152264539720305,0.009417203889684292,-0.016342154004879688,0.02057260691282375,0.8222803477210303,5497,
raw,mpc_alt,q17b_fut_job,employment/income outlook,subjective_economic,level,-0.006617964949634674,0.004064421178399491,-0.014584084077299522,0.0013481541780301738,0.10346817558103172,5497,
raw,mpc_alt,q17b_fut_job,employment/income outlook,subjective_economic,food-cash,0.004746145469021486,0.010522488398509059,-0.015877552819796824,0.025369843757839794,0.6519550829979834,5497,
raw,mpc_alt,q17b_fut_job,employment/income outlook,subjective_economic,medical-cash,0.018417825498818083,0.00980728190867604,-0.0008040938284181939,0.03763974482605436,0.060384651345178585,5497,
raw,mpc_alt,q17b_fut_job,employment/income outlook,subjective_economic,restricted-cash,0.011581985483919784,0.009010638232163195,-0.00607854092883974,0.029242511896679306,0.19866373967869666,5497,
raw,mpc_alt,q17b_fut_job,employment/income outlook,subjective_economic,medical-food,0.013671680029796598,0.00943634864035449,-0.0048232234508617106,0.032166583510454906,0.14738461869019986,5497,
raw,mpc_alt,q17c_fut_price,price/affordability outlook,subjective_economic,level,-0.0031132446442759813,0.004082952590644694,-0.011115684672524091,0.004889195383972129,0.4457626230524998,5497,
raw,mpc_alt,q17c_fut_price,price/affordability outlook,subjective_economic,food-cash,0.015344535925125519,0.010446964343431854,-0.005131137935775047,0.03582020978602608,0.1418861429615431,5497,
raw,mpc_alt,q17c_fut_price,price/affordability outlook,subjective_economic,medical-cash,0.025555819182187807,0.009922009234554162,0.006109038428187819,0.0450025999361878,0.010004614753913064,5497,
raw,mpc_alt,q17c_fut_price,price/affordability outlook,subjective_economic,restricted-cash,0.020450177553656662,0.009014311824341181,0.002782451032534397,0.03811790407477893,0.023290570195818972,5497,
raw,mpc_alt,q17c_fut_price,price/affordability outlook,subjective_economic,medical-food,0.010211283257062288,0.009494176732144834,-0.008396961200799772,0.028819527714924346,0.2821369730471599,5497,
raw,mpc_alt,q17e_fut_welfare,welfare outlook,subjective_economic,level,0.0012582992710621522,0.0040974576245279256,-0.006772570101191626,0.00928916864331593,0.7587728240151036,5497,
raw,mpc_alt,q17e_fut_welfare,welfare outlook,subjective_economic,food-cash,0.01323009194489655,0.010553824421148812,-0.007455023819714406,0.033915207709507504,0.20999371455877458,5497,
raw,mpc_alt,q17e_fut_welfare,welfare outlook,subjective_economic,medical-cash,0.01399469588555405,0.010148221066645273,-0.005895451912221338,0.03388484368332944,0.16788566886082246,5497,
raw,mpc_alt,q17e_fut_welfare,welfare outlook,subjective_economic,restricted-cash,0.013612393915225299,0.009219179279120068,-0.004456865438867974,0.03168165326931857,0.13980169296521125,5497,
raw,mpc_alt,q17e_fut_welfare,welfare outlook,subjective_economic,medical-food,0.0007646039406575007,0.009421578165979027,-0.01770134994219033,0.01923055782350533,0.9353190437191391,5497,
raw,mpc_alt,q18_ses_now,subjective SES,subjective_economic,level,-0.009874931200900787,0.004042706433762826,-0.01779849021114429,-0.0019513721906572867,0.014579726136816174,5497,
raw,mpc_alt,q18_ses_now,subjective SES,subjective_economic,food-cash,2.470233114389603e-05,0.01025541460517999,-0.020075540941534943,0.020124945603822733,0.9980781284486745,5497,
raw,mpc_alt,q18_ses_now,subjective SES,subjective_economic,medical-cash,0.005520778635446982,0.009839100406978007,-0.013763503802503298,0.024805061073397264,0.5747252530257825,5497,
raw,mpc_alt,q18_ses_now,subjective SES,subjective_economic,restricted-cash,0.002772740483295439,0.008817592317734768,-0.014509422889821768,0.020054903856412645,0.7531751022461535,5497,
raw,mpc_alt,q18_ses_now,subjective SES,subjective_economic,medical-food,0.005496076304303086,0.009641738119155013,-0.0134013831576077,0.02439353576621387,0.5686576093749043,5497,
raw,mpc_alt,q19_ses_past5,past mobility,subjective_economic,level,-0.008789883544836997,0.004011134068933113,-0.016651561857107502,-0.0009282052325664918,0.02842494386663558,5497,
raw,mpc_alt,q19_ses_past5,past mobility,subjective_economic,food-cash,0.004932430020813998,0.01023960426569199,-0.015136825555885011,0.025001685597513007,0.6300181986222383,5497,
raw,mpc_alt,q19_ses_past5,past mobility,subjective_economic,medical-cash,0.014695847169180248,0.009813917263423028,-0.004539077214384773,0.033930771552745265,0.13427629221713333,5497,
raw,mpc_alt,q19_ses_past5,past mobility,subjective_economic,restricted-cash,0.009814138594997123,0.008850068670530113,-0.007531677259948176,0.027159954449942424,0.26745882355445705,5497,
raw,mpc_alt,q19_ses_past5,past mobility,subjective_economic,medical-food,0.00976341714836625,0.009435574876507825,-0.008729969783020056,0.028256804079752555,0.3007878550002345,5497,
raw,mpc_alt,q20_ses_next1,expected mobility,subjective_economic,level,-0.010964600931336622,0.003994025500113273,-0.018792747064893214,-0.00313645479778003,0.006046470480324484,5497,
raw,mpc_alt,q20_ses_next1,expected mobility,subjective_economic,food-cash,0.0011766869621090666,0.010065607016416789,-0.01855154027260151,0.02090491419681964,0.9069379202544858,5497,
raw,mpc_alt,q20_ses_next1,expected mobility,subjective_economic,medical-cash,0.012153242703219833,0.009837578271702311,-0.007128056404410487,0.031434541810850154,0.21668551058926266,5497,
raw,mpc_alt,q20_ses_next1,expected mobility,subjective_economic,restricted-cash,0.00666496483266445,0.00874302983659542,-0.01047105876282169,0.02380098842815059,0.4458705190982296,5497,
raw,mpc_alt,q20_ses_next1,expected mobility,subjective_economic,medical-food,0.010976555741110765,0.009509284874648864,-0.007661300131932489,0.02961441161415402,0.24837770463774145,5497,
raw,mpc_alt,q01_lifesat,life satisfaction,attitudes,level,-0.00377010879682359,0.0041545585840506525,-0.011912893993224594,0.004372676399577413,0.3641619307084165,5497,
raw,mpc_alt,q01_lifesat,life satisfaction,attitudes,food-cash,0.007808389743617138,0.010669012937972587,-0.013102491365401002,0.02871927085263528,0.46424452894912316,5497,
raw,mpc_alt,q01_lifesat,life satisfaction,attitudes,medical-cash,0.010709943153669183,0.010282743693334397,-0.009443864147522614,0.030863750454860978,0.2976225499465931,5497,
raw,mpc_alt,q01_lifesat,life satisfaction,attitudes,restricted-cash,0.00925916644864316,0.009268836791221863,-0.008907419840731491,0.02742575273801781,0.31781567598769034,5497,
raw,mpc_alt,q01_lifesat,life satisfaction,attitudes,medical-food,0.0029015534100520447,0.009771385163713361,-0.016250009589895163,0.022053116409999254,0.7665093246088004,5497,
raw,mpc_alt,q02_safety,safety,attitudes,level,0.006936060724302775,0.004064079834268458,-0.0010293893811589155,0.014901510829764465,0.08788260119595687,5497,
raw,mpc_alt,q02_safety,safety,attitudes,food-cash,0.0064428090785883145,0.010458832988899082,-0.014056126899973292,0.02694174505714992,0.537883921009752,5497,
raw,mpc_alt,q02_safety,safety,attitudes,medical-cash,-0.0033698383298919644,0.010085392492757047,-0.023136844385646414,0.016397167725862485,0.738281003880044,5497,
raw,mpc_alt,q02_safety,safety,attitudes,restricted-cash,0.001536485374348175,0.009148934659729513,-0.016395097055631885,0.019468067804328235,0.8666293389574844,5497,
raw,mpc_alt,q02_safety,safety,attitudes,medical-food,-0.009812647408480278,0.009348402901741442,-0.028135180408863238,0.008509885591902681,0.29387432183779505,5497,
raw,mpc_alt,q03a_fair_dist,distribution fairness,attitudes,level,-0.004557931030220892,0.003942507448314765,-0.01228510363769874,0.0031692415772569564,0.24764044596717805,5497,
raw,mpc_alt,q03a_fair_dist,distribution fairness,attitudes,food-cash,0.005103800515680378,0.010217214946530216,-0.014921572801823178,0.025129173833183936,0.6174063931987831,5497,
raw,mpc_alt,q03a_fair_dist,distribution fairness,attitudes,medical-cash,0.02273587462251008,0.009627371564015618,0.003866573091254419,0.041605176153765744,0.018196906291300927,5497,
raw,mpc_alt,q03a_fair_dist,distribution fairness,attitudes,restricted-cash,0.01391983756909523,0.008799416798365526,-0.003326702440657952,0.031166377578848412,0.11367135953687138,5497,
raw,mpc_alt,q03a_fair_dist,distribution fairness,attitudes,medical-food,0.017632074106829702,0.009188938188115338,-0.00037791379804109904,0.035642062011700504,0.05500497227431725,5497,
raw,mpc_alt,q03b_fair_opp,opportunity fairness,attitudes,level,-0.003652558895825655,0.003947567076214808,-0.01138964819176276,0.004084530400111451,0.3548263350183257,5497,
raw,mpc_alt,q03b_fair_opp,opportunity fairness,attitudes,food-cash,0.003567882353757697,0.010199630928794914,-0.016423026922281155,0.02355879162979655,0.7264850127705325,5497,
raw,mpc_alt,q03b_fair_opp,opportunity fairness,attitudes,medical-cash,0.015321283630658171,0.009636217059611048,-0.003565354753389942,0.034207922014706287,0.11184185770306224,5497,
raw,mpc_alt,q03b_fair_opp,opportunity fairness,attitudes,restricted-cash,0.009444582992207934,0.008800494733025424,-0.007804069730656334,0.026693235715072202,0.2831868934373717,5497,
raw,mpc_alt,q03b_fair_opp,opportunity fairness,attitudes,medical-food,0.011753401276900475,0.009164249583195812,-0.006208197851499519,0.02971500040530047,0.1996576962078337,5497,
raw,mpc_alt,q03c_fair_rule,rule fairness,attitudes,level,-0.0007729037939759241,0.0039916810161568835,-0.00859645482341566,0.007050647235463813,0.8464666657026978,5497,
raw,mpc_alt,q03c_fair_rule,rule fairness,attitudes,food-cash,0.002720491013083139,0.01019903515390301,-0.017269250565624686,0.022710232591790967,0.7896693254084406,5497,
raw,mpc_alt,q03c_fair_rule,rule fairness,attitudes,medical-cash,0.008441472333435635,0.00975739266581635,-0.010682665874579677,0.027565610541450947,0.3869641098164863,5497,
raw,mpc_alt,q03c_fair_rule,rule fairness,attitudes,restricted-cash,0.005580981673259387,0.008799834597916244,-0.011666377208565958,0.022828340555084734,0.525940922021953,5497,
raw,mpc_alt,q03c_fair_rule,rule fairness,attitudes,medical-food,0.005720981320352496,0.009418370538910505,-0.012738685728965195,0.02418064836967019,0.5435669576852932,5497,
raw,mpc_alt,q04_trust_gov,institutional trust,attitudes,level,-0.0016227597167201339,0.004050959137477024,-0.009562493729018543,0.006316974295578275,0.6887245549324161,5497,
raw,mpc_alt,q04_trust_gov,institutional trust,attitudes,food-cash,0.00044800136701804986,0.010514131882281171,-0.02015931845095737,0.021055321184993474,0.9660128630591013,5497,
raw,mpc_alt,q04_trust_gov,institutional trust,attitudes,medical-cash,0.004079229593357465,0.01005893652896376,-0.015635923726185847,0.023794382912900775,0.6850858479338771,5497,
raw,mpc_alt,q04_trust_gov,institutional trust,attitudes,restricted-cash,0.0022636154801877572,0.009138239400981534,-0.015647004627840928,0.020174235588216443,0.8043603014526671,5497,
raw,mpc_alt,q04_trust_gov,institutional trust,attitudes,medical-food,0.003631228226339415,0.009456673266262313,-0.014903510789097475,0.022165967241776306,0.7009889740172599,5497,
raw,mpc_alt,q05_trust_soc,generalized trust,attitudes,level,-8.781272620978945e-05,0.004026138759065459,-0.007978899690738875,0.0078032742383192955,0.9825989942031021,5497,
raw,mpc_alt,q05_trust_soc,generalized trust,attitudes,food-cash,0.006532902465646777,0.010510000030393417,-0.014066319071439192,0.02713212400273275,0.5342120271904521,5497,
raw,mpc_alt,q05_trust_soc,generalized trust,attitudes,medical-cash,0.02521129910710347,0.009683675473445038,0.0062316439411773394,0.0441909542730296,0.00922814372450892,5497,
raw,mpc_alt,q05_trust_soc,generalized trust,attitudes,restricted-cash,0.015872100786375125,0.008959405269874501,-0.0016880108654772595,0.03343221243822751,0.07646805497362455,5497,
raw,mpc_alt,q05_trust_soc,generalized trust,attitudes,medical-food,0.018678396641456693,0.009347918028540967,0.00035681397508373347,0.03699997930782965,0.04570209046989333,5497,
raw,mpc_alt,q08_support,social support,attitudes,level,0.004024424344046444,0.004184108372883285,-0.004176277374217282,0.01222512606231017,0.33613219744355427,5497,
raw,mpc_alt,q08_support,social support,attitudes,food-cash,0.0062042807824478985,0.010760527475353754,-0.014885965523899175,0.02729452708879497,0.5642247294504299,5497,
raw,mpc_alt,q08_support,social support,attitudes,medical-cash,0.00027198968157485687,0.010211903588681568,-0.019742973565836347,0.02028695292898606,0.9787511985509824,5497,
raw,mpc_alt,q08_support,social support,attitudes,restricted-cash,0.0032381352320113776,0.009274878127298113,-0.014940291858491227,0.021416562322513984,0.726991955463254,5497,
raw,mpc_alt,q08_support,social support,attitudes,medical-food,-0.005932291100873042,0.009800530383597062,-0.025140977682113805,0.013276395480367721,0.5449776438473366,5497,
raw,mpc_alt,q12_voice,voice/response,attitudes,level,-0.0032145407677380035,0.0041088607569248915,-0.011267759868800777,0.00483867833332477,0.4340126912345478,5497,
raw,mpc_alt,q12_voice,voice/response,attitudes,food-cash,-0.0011638035200790965,0.01059177564063512,-0.02192330230805259,0.019595695267894397,0.9125061006709202,5497,
raw,mpc_alt,q12_voice,voice/response,attitudes,medical-cash,0.01302823569833681,0.009856475426105418,-0.006290101151333894,0.03234657254800751,0.18623656696315782,5497,
raw,mpc_alt,q12_voice,voice/response,attitudes,restricted-cash,0.005932216089128857,0.008971681721259601,-0.011651956965296282,0.023516389143553997,0.5084740456646271,5497,
raw,mpc_alt,q12_voice,voice/response,attitudes,medical-food,0.014192039218415905,0.009833989346323723,-0.00508222572472918,0.03346630416156099,0.14897485604995883,5497,
raw,mpc_alt,q16_fut_society,national outlook,attitudes,level,0.0027320928378940243,0.004087931620341277,-0.0052801059092373445,0.010744291585025392,0.5039221092099962,5497,
raw,mpc_alt,q16_fut_society,national outlook,attitudes,food-cash,0.0028628953122891835,0.01016354426548443,-0.017057285403338895,0.022783076027917265,0.778186766485551,5497,
raw,mpc_alt,q16_fut_society,national outlook,attitudes,medical-cash,-0.0005810168865339497,0.009993090791068655,-0.020167114931267393,0.019005081158199492,0.9536356312486468,5497,
raw,mpc_alt,q16_fut_society,national outlook,attitudes,restricted-cash,0.001140939212877617,0.008780779172657327,-0.01606907172173016,0.01835095014748539,0.8966170717197581,5497,
raw,mpc_alt,q16_fut_society,national outlook,attitudes,medical-food,-0.0034439121988231332,0.009894981539857184,-0.0228377196446319,0.015949895246985635,0.7278053754232587,5497,
raw,mpc_alt,q17d_fut_fair,fairness outlook,attitudes,level,-0.0033765758024328356,0.004031754703817729,-0.011278669816415537,0.004525518211549867,0.40231419162425297,5497,
raw,mpc_alt,q17d_fut_fair,fairness outlook,attitudes,food-cash,0.013529766407688434,0.010319872211602662,-0.006696811452108497,0.03375634426748536,0.18984421251559347,5497,
raw,mpc_alt,q17d_fut_fair,fairness outlook,attitudes,medical-cash,0.020070788931777477,0.00977998873471498,0.0009023632425286636,0.039239214621026294,0.040147288910615496,5497,
raw,mpc_alt,q17d_fut_fair,fairness outlook,attitudes,restricted-cash,0.016800277669732955,0.00886978707826924,-0.0005841855542135094,0.03418474089367942,0.05821152880345038,5497,
raw,mpc_alt,q17d_fut_fair,fairness outlook,attitudes,medical-food,0.0065410225240890435,0.009465906875444815,-0.012011814032792868,0.025093859080970955,0.48956017199953716,5497,
raw,mpc_alt,q21_order,social order,attitudes,level,0.009047756020304101,0.0039756343392830205,0.0012556558996086866,0.016839856140999514,0.022857871432733323,5497,
raw,mpc_alt,q21_order,social order,attitudes,food-cash,-0.0023369281840066787,0.010181754830333638,-0.02229280095087734,0.01761894458286398,0.8184638759031635,5497,
raw,mpc_alt,q21_order,social order,attitudes,medical-cash,0.004994083847383524,0.009631516788202888,-0.013883342173987033,0.02387150986875408,0.6040991478404832,5497,
raw,mpc_alt,q21_order,social order,attitudes,restricted-cash,0.0013285778316884228,0.008728953273722828,-0.01577985620754132,0.018437011870918167,0.8790263800291677,5497,
raw,mpc_alt,q21_order,social order,attitudes,medical-food,0.0073310120313902025,0.009385626943021277,-0.011064478749260266,0.02572650281204067,0.4347500215155782,5497,
raw,mpc_alt,q22_vitality,social vitality,attitudes,level,0.0034214183438505998,0.00409183940029962,-0.0045984395112586285,0.011441276198959828,0.4030668346409947,5497,
raw,mpc_alt,q22_vitality,social vitality,attitudes,food-cash,-0.005686140668455329,0.010558529385638043,-0.026380477994013714,0.015008196657103057,0.5902075494574903,5497,
raw,mpc_alt,q22_vitality,social vitality,attitudes,medical-cash,-0.002549878037747728,0.009852066905961541,-0.021859574346711312,0.016759818271215858,0.7957767822653514,5497,
raw,mpc_alt,q22_vitality,social vitality,attitudes,restricted-cash,-0.004118009353101529,0.008979128867634469,-0.021716778546209008,0.013480759840005949,0.6465069701196917,5497,
raw,mpc_alt,q22_vitality,social vitality,attitudes,medical-food,0.0031362626307076015,0.0097258680500767,-0.015926088465831535,0.022198613727246738,0.747099623985146,5497,
raw,any_spend,q42_age,age,objective,level,-0.011419308647558982,0.006432577762379427,-0.02402692938957591,0.0011883120944579453,0.07585982508975524,5497,
raw,any_spend,q42_age,age,objective,food-cash,0.024863513301348977,0.015492846503332318,-0.005501907863189676,0.05522893446588763,0.10852939684828922,5497,
raw,any_spend,q42_age,age,objective,medical-cash,0.01989521775041645,0.015785051765326432,-0.011042915203723757,0.05083335070455666,0.20753107476772858,5497,
raw,any_spend,q42_age,age,objective,restricted-cash,0.022379365525882714,0.013438024909043115,-0.003958679319193928,0.048717410370959356,0.09583774440791867,5497,
raw,any_spend,q42_age,age,objective,medical-food,-0.004968295550932526,0.016002195168021482,-0.036332021753835514,0.02639543065197046,0.7561991024271724,5497,
raw,any_spend,q41_gender,gender,objective,level,-0.01803199449560595,0.006227698447917009,-0.030238059160099282,-0.00582592983111262,0.0037861436751289975,5497,
raw,any_spend,q41_gender,gender,objective,food-cash,-0.0017396730353132655,0.015038849685338808,-0.031215276787488856,0.027735930716862322,0.9079072693080183,5497,
raw,any_spend,q41_gender,gender,objective,medical-cash,-0.005078596902013786,0.015291242878664877,-0.035048882223051525,0.02489168841902395,0.7397952258232168,5497,
raw,any_spend,q41_gender,gender,objective,restricted-cash,-0.0034091349686635256,0.013060131115261553,-0.029006521587947098,0.022188251650620047,0.7940664824040485,5497,
raw,any_spend,q41_gender,gender,objective,medical-food,-0.0033389238667005205,0.015417850637289789,-0.03355735583480642,0.026879508101405384,0.8285495358521854,5497,
raw,any_spend,q43_edu,education,objective,level,0.039133246794239844,0.006427931675438343,0.026534732215296484,0.05173176137318321,1.1433001012464549e-09,5497,
raw,any_spend,q43_edu,education,objective,food-cash,0.004580273527152403,0.015588557350311708,-0.025972737450395682,0.035133284504700484,0.7688933138498537,5497,
raw,any_spend,q43_edu,education,objective,medical-cash,-0.025416883604836703,0.015629759414873157,-0.05605064914501392,0.005216881935340513,0.10391026136825386,5497,
raw,any_spend,q43_edu,education,objective,restricted-cash,-0.010418305038842151,0.013425198058869804,-0.03673120971954401,0.01589459964185971,0.4377335337463403,5497,
raw,any_spend,q43_edu,education,objective,medical-food,-0.029997157131989104,0.01592611778124287,-0.06121177439676809,0.0012174601327898764,0.05962996801057914,5497,
raw,any_spend,income_h,monthly income harmonized 1-6,objective,level,0.039494268385944484,0.0063541563676813165,0.027040350753153253,0.051948186018735715,5.116098729765682e-10,5497,
raw,any_spend,income_h,monthly income harmonized 1-6,objective,food-cash,0.02480495553570468,0.015161631621064348,-0.004911296388445081,0.054521207459854434,0.10183232396333665,5497,
raw,any_spend,income_h,monthly income harmonized 1-6,objective,medical-cash,-0.006559553777760202,0.015778980429186268,-0.03748578713172765,0.024366679576207247,0.6776187989119941,5497,
raw,any_spend,income_h,monthly income harmonized 1-6,objective,restricted-cash,0.009122700878972238,0.013326538870810051,-0.016996835346388545,0.03524223710433302,0.49362704216876063,5497,
raw,any_spend,income_h,monthly income harmonized 1-6,objective,medical-food,-0.03136450931346488,0.015726285018851666,-0.06218746156102595,-0.0005415570659038083,0.04610831358744362,5497,
raw,any_spend,q23_hukou,hukou,objective,level,0.01995742742839849,0.006281593289679866,0.007645730815097474,0.03226912404169951,0.0014874124987476083,5497,
raw,any_spend,q23_hukou,hukou,objective,food-cash,0.00870132996155083,0.015276612353284256,-0.021240280056665995,0.03864293997976766,0.5689591728372736,5497,
raw,any_spend,q23_hukou,hukou,objective,medical-cash,0.007080353510577674,0.015343166030986297,-0.022991699318973834,0.03715240634012918,0.6444641196991396,5497,
raw,any_spend,q23_hukou,hukou,objective,restricted-cash,0.007890841736064252,0.013199957127311543,-0.017980598830939165,0.03376228230306767,0.5499780738617599,5497,
raw,any_spend,q23_hukou,hukou,objective,medical-food,-0.0016209764509731552,0.015511923963274409,-0.032023788749914815,0.028781835847968503,0.916773571116169,5497,
raw,any_spend,q24_workstat,employment status,objective,level,-0.0483261905911687,0.006477805425041192,-0.061022455923107614,-0.03562992525922979,8.63440304429876e-14,5497,
raw,any_spend,q24_workstat,employment status,objective,food-cash,-0.016499041450667908,0.01576314119131461,-0.047394230468864346,0.014396147567528533,0.2952449423254002,5497,
raw,any_spend,q24_workstat,employment status,objective,medical-cash,-0.004035203553565697,0.015986952134039327,-0.03536905395884853,0.02729864685171714,0.800727218779316,5497,
raw,any_spend,q24_workstat,employment status,objective,restricted-cash,-0.010267122502116803,0.01376638338798903,-0.037248738139945795,0.016714493135712185,0.45578149137939583,5497,
raw,any_spend,q24_workstat,employment status,objective,medical-food,0.01246383789710221,0.01581345222164872,-0.018529958928574182,0.0434576347227786,0.43059175421069973,5497,
raw,any_spend,q25_unittype,work-unit type,objective,level,-0.02885956038322858,0.006307244770460404,-0.04122153297500957,-0.01649758779144759,4.748098863079202e-06,5497,
raw,any_spend,q25_unittype,work-unit type,objective,food-cash,-0.025577381532291832,0.015176337193510924,-0.055322455848808925,0.004167692784225262,0.09192180573665672,5497,
raw,any_spend,q25_unittype,work-unit type,objective,medical-cash,-0.0061786671938324975,0.015347195930644882,-0.036258618481576146,0.023901284093911148,0.687247969659391,5497,
raw,any_spend,q25_unittype,work-unit type,objective,restricted-cash,-0.015878024363062165,0.013067288008233879,-0.0414894382348127,0.009733389508688375,0.22432904203251203,5497,
raw,any_spend,q25_unittype,work-unit type,objective,medical-food,0.019398714338459334,0.015770199856975812,-0.011510309410211968,0.05030773808713064,0.2186646105660085,5497,
raw,any_spend,q26_housing,housing tenure,objective,level,-0.024458962578588435,0.006395326000174673,-0.036993571208323396,-0.011924353948853475,0.0001310345619213965,5497,
raw,any_spend,q26_housing,housing tenure,objective,food-cash,-0.029628411551740362,0.015500521000809453,-0.06000887445493364,0.000752051351452919,0.05594726778775917,5497,
raw,any_spend,q26_housing,housing tenure,objective,medical-cash,-0.015581904659675357,0.01555412938467365,-0.04606743806451186,0.01490362874516115,0.3164470969285994,5497,
raw,any_spend,q26_housing,housing tenure,objective,restricted-cash,-0.02260515810570786,0.013372216166224683,-0.04881422018499251,0.003603903973576794,0.09094053404283058,5497,
raw,any_spend,q26_housing,housing tenure,objective,medical-food,0.014046506892065005,0.015783837418018584,-0.016889245985087096,0.0449822597692171,0.3735035945631967,5497,
raw,any_spend,q27_minorchild,minor child,needs,level,-0.024710792711822808,0.006275727549562028,-0.037010992685750185,-0.012410592737895427,8.232862008916146e-05,5497,
raw,any_spend,q27_minorchild,minor child,needs,food-cash,-0.01226807086673674,0.015189489478009662,-0.04203892318718579,0.017502781453712302,0.4192814916756943,5497,
raw,any_spend,q27_minorchild,minor child,needs,medical-cash,-0.014570670802804294,0.015361170962013695,-0.04467801264871363,0.01553667104310504,0.34285509323330376,5497,
raw,any_spend,q27_minorchild,minor child,needs,restricted-cash,-0.013419370834770517,0.013153036080199427,-0.03919884783931728,0.012360106169776248,0.30761042271012373,5497,
raw,any_spend,q27_minorchild,minor child,needs,medical-food,-0.002302599936067554,0.015535858371697598,-0.03275232281350993,0.02814712294137483,0.8821754975886944,5497,
raw,any_spend,q28_hhsize,household size,needs,level,0.0013221619614516011,0.006350331801090273,-0.011124259658564709,0.013768583581467911,0.8350699954220875,5497,
raw,any_spend,q28_hhsize,household size,needs,food-cash,-0.021501359250158364,0.015518329436758562,-0.05191672604643289,0.00891400754611616,0.16588557756178945,5497,
raw,any_spend,q28_hhsize,household size,needs,medical-cash,0.008410211479985871,0.015463109719464994,-0.021896926659156775,0.03871734961912852,0.5865180281879486,5497,
raw,any_spend,q28_hhsize,household size,needs,restricted-cash,-0.006545573885086246,0.013391205028394035,-0.03279185345033023,0.019700705680157735,0.6249857900988621,5497,
raw,any_spend,q28_hhsize,household size,needs,medical-food,0.029911570730144235,0.015574181614390446,-0.0006132643227469148,0.060436405783035385,0.05478379548992555,5497,
raw,any_spend,q29_foodexp,monthly food spending,needs,level,0.05925122942762908,0.0062116007175960575,0.04707671573479765,0.0714257431204605,1.4449174280413264e-21,5497,
raw,any_spend,q29_foodexp,monthly food spending,needs,food-cash,0.013320514745162444,0.015092795250065768,-0.01626082037100366,0.04290184986132855,0.37746626404005834,5497,
raw,any_spend,q29_foodexp,monthly food spending,needs,medical-cash,0.0038713645441686446,0.015291502171134489,-0.026099428980770993,0.033842158069108286,0.8001360930855331,5497,
raw,any_spend,q29_foodexp,monthly food spending,needs,restricted-cash,0.008595939644665544,0.013142992283265601,-0.017163851879622886,0.034355731168953976,0.5130910857306783,5497,
raw,any_spend,q29_foodexp,monthly food spending,needs,medical-food,-0.0094491502009938,0.015241129537817087,-0.03932121517882489,0.02042291477683729,0.5352729107809018,5497,
raw,any_spend,q30_medexp,annual OOP medical spending,needs,level,0.024320757208572498,0.006402373192464679,0.011772336335757,0.036869178081387996,0.00014545133046994758,5497,
raw,any_spend,q30_medexp,annual OOP medical spending,needs,food-cash,-0.0015200532011239753,0.015518950498991576,-0.031936637257007364,0.028896530854759413,0.9219734292847632,5497,
raw,any_spend,q30_medexp,annual OOP medical spending,needs,medical-cash,0.03981872684541653,0.015665318020976184,0.009115267717936932,0.07052218597289613,0.011027074192908416,5497,
raw,any_spend,q30_medexp,annual OOP medical spending,needs,restricted-cash,0.019149336822146278,0.013457802705708314,-0.007227471792087711,0.04552614543638027,0.15476020521971096,5497,
raw,any_spend,q30_medexp,annual OOP medical spending,needs,medical-food,0.0413387800465405,0.01574897494803595,0.010471356354966467,0.07220620373811454,0.008668580313413837,5497,
raw,any_spend,q31_gotsubsidy,prior subsidy,objective,level,-0.05388656465698358,0.0062360194366916895,-0.06610893815979105,-0.041664191154176106,5.563552283265306e-18,5497,
raw,any_spend,q31_gotsubsidy,prior subsidy,objective,food-cash,0.00854052439419143,0.015042548940455362,-0.02094232976478223,0.038023378553165094,0.5701994425668763,5497,
raw,any_spend,q31_gotsubsidy,prior subsidy,objective,medical-cash,0.0034587212833245033,0.015244326302335583,-0.026419609237829895,0.0333370518044789,0.8205125382465043,5497,
raw,any_spend,q31_gotsubsidy,prior subsidy,objective,restricted-cash,0.005999622838757967,0.013023496928554198,-0.019525962093976272,0.03152520777149221,0.6450305050679686,5497,
raw,any_spend,q31_gotsubsidy,prior subsidy,objective,medical-food,-0.005081803110866927,0.015456055029790363,-0.03537511431232519,0.025211508090591337,0.7423140906223604,5497,
raw,any_spend,q49_citytier,city tier,objective,level,-0.017993158257059418,0.006287201340297363,-0.030315846447594205,-0.00567047006652463,0.004211484784299654,5497,
raw,any_spend,q49_citytier,city tier,objective,food-cash,0.0011307346291960889,0.015376254625788514,-0.029006170654466805,0.03126763991285898,0.9413782331392527,5497,
raw,any_spend,q49_citytier,city tier,objective,medical-cash,0.011143065217116815,0.01551701192084321,-0.019269719295414562,0.041555849729648195,0.47268375167736043,5497,
raw,any_spend,q49_citytier,city tier,objective,restricted-cash,0.006136899923156452,0.013419788443274096,-0.020165402105807615,0.03243920195212052,0.6474537873512798,5497,
raw,any_spend,q49_citytier,city tier,objective,medical-food,0.010012330587920726,0.015298720308849819,-0.01997261022697641,0.03999727140281786,0.5128184325323577,5497,
raw,any_spend,q06_socsec,perceived social protection,subjective_economic,level,0.03504328023304854,0.006507208979375959,0.02228938499359602,0.04779717547250106,7.23234385507288e-08,5497,
raw,any_spend,q06_socsec,perceived social protection,subjective_economic,food-cash,0.017637938287713425,0.01591680346997916,-0.013558423262447886,0.04883429983787474,0.2678042966814149,5497,
raw,any_spend,q06_socsec,perceived social protection,subjective_economic,medical-cash,0.013391403107037516,0.016015297794536566,-0.017998003771937915,0.04478080998601294,0.40306308191012963,5497,
raw,any_spend,q06_socsec,perceived social protection,subjective_economic,restricted-cash,0.015514670697375471,0.013855700737349265,-0.011642003728394159,0.042671345123145105,0.26282800892036795,5497,
raw,any_spend,q06_socsec,perceived social protection,subjective_economic,medical-food,-0.004246535180675909,0.015866537763713065,-0.03534437775689821,0.026851307395546385,0.788975709824225,5497,
raw,any_spend,q07_emergfund,emergency liquidity,subjective_economic,level,0.03801902538943081,0.006541225296882889,0.025198459392778025,0.0508395913860836,6.165059639855133e-09,5497,
raw,any_spend,q07_emergfund,emergency liquidity,subjective_economic,food-cash,0.03469945379955225,0.015902882631445084,0.0035303765915523228,0.06586853100755218,0.02911248492469227,5497,
raw,any_spend,q07_emergfund,emergency liquidity,subjective_economic,medical-cash,0.006333937579715101,0.01609269003559433,-0.025207155304416383,0.03787503046384658,0.6938830445773125,5497,
raw,any_spend,q07_emergfund,emergency liquidity,subjective_economic,restricted-cash,0.020516695689633675,0.013844033405141166,-0.006617111185212417,0.047650502564479766,0.13834340509775633,5497,
raw,any_spend,q07_emergfund,emergency liquidity,subjective_economic,medical-food,-0.02836551621983715,0.016035075723295208,-0.05979368712686831,0.003062654687194015,0.07689941906401021,5497,
raw,any_spend,q09_gain,sense of gain,subjective_economic,level,0.04519620671284618,0.006518391281392063,0.03242039456417784,0.05797201886151452,4.101350684517787e-12,5497,
raw,any_spend,q09_gain,sense of gain,subjective_economic,food-cash,0.02264044087511313,0.01611375180798802,-0.00894193232436057,0.05422281407458683,0.16000984479313385,5497,
raw,any_spend,q09_gain,sense of gain,subjective_economic,medical-cash,0.01460987208729784,0.016085869427876775,-0.016917852651354565,0.04613759682595024,0.3637500544696666,5497,
raw,any_spend,q09_gain,sense of gain,subjective_economic,restricted-cash,0.018625156481205486,0.014053339631465656,-0.008918883058976597,0.04616919602138757,0.18506540625415702,5497,
raw,any_spend,q09_gain,sense of gain,subjective_economic,medical-food,-0.008030568787815289,0.0157108550362793,-0.03882327882525244,0.022762141249621858,0.609247576166736,5497,
raw,any_spend,q10_effort,returns to effort,subjective_economic,level,0.039536826484680446,0.006556603633431787,0.026686119502249684,0.05238753346711121,1.6388131186543348e-09,5497,
raw,any_spend,q10_effort,returns to effort,subjective_economic,food-cash,0.012393119858754699,0.016058398156266366,-0.019080762176931783,0.043867001894441184,0.4402606262799015,5497,
raw,any_spend,q10_effort,returns to effort,subjective_economic,medical-cash,-0.004223987919272829,0.01611494376650336,-0.03580869731450766,0.027360721475962003,0.7932318529221394,5497,
raw,any_spend,q10_effort,returns to effort,subjective_economic,restricted-cash,0.004084565969740935,0.013945996656336463,-0.023249085205194548,0.03141821714467642,0.7696104525966533,5497,
raw,any_spend,q10_effort,returns to effort,subjective_economic,medical-food,-0.016617107778027527,0.016036328661239697,-0.04804773439830476,0.014813518842249702,0.3001011676196803,5497,
raw,any_spend,q11_mobility,upward mobility,subjective_economic,level,0.04340131604934302,0.006543133554501667,0.030577009936484205,0.05622562216220183,3.286895851709836e-11,5497,
raw,any_spend,q11_mobility,upward mobility,subjective_economic,food-cash,0.007084641299488446,0.016160791662982305,-0.024589928321612036,0.03875921092058893,0.6611075479742434,5497,
raw,any_spend,q11_mobility,upward mobility,subjective_economic,medical-cash,0.015473907769567054,0.01599562160339377,-0.01587693448341557,0.04682475002254968,0.333352125508232,5497,
raw,any_spend,q11_mobility,upward mobility,subjective_economic,restricted-cash,0.01127927453452775,0.013957226336010056,-0.0160763864081259,0.0386349354771814,0.41901487422187256,5497,
raw,any_spend,q11_mobility,upward mobility,subjective_economic,medical-food,0.008389266470078607,0.01596388196298447,-0.022899367230819534,0.03967790017097675,0.5992249220897614,5497,
raw,any_spend,q13_pressure,pressure affordability,subjective_economic,level,0.03938405208553913,0.006558650414433323,0.026529333486061117,0.05223877068501714,1.914476677604798e-09,5497,
raw,any_spend,q13_pressure,pressure affordability,subjective_economic,food-cash,0.015869280622448814,0.01598280502859039,-0.015456441605514015,0.047195002850411644,0.3207601074675289,5497,
raw,any_spend,q13_pressure,pressure affordability,subjective_economic,medical-cash,0.008476567635874448,0.016058816404821697,-0.022998134151917073,0.03995126942366597,0.59760684802342,5497,
raw,any_spend,q13_pressure,pressure affordability,subjective_economic,restricted-cash,0.012172924129161631,0.013854790559652453,-0.014981966381102718,0.03932781463942598,0.3796140796025924,5497,
raw,any_spend,q13_pressure,pressure affordability,subjective_economic,medical-food,-0.0073927129865743665,0.01608882829804801,-0.03892623700419732,0.024140811031048585,0.6458797758218053,5497,
raw,any_spend,q15_fut_self,future self,subjective_economic,level,0.043303639345566525,0.006503156322942199,0.030557687166765886,0.056049591524367164,2.7595045044081715e-11,5497,
raw,any_spend,q15_fut_self,future self,subjective_economic,food-cash,0.01923276901598356,0.015797824811087442,-0.011730398647821112,0.05019593667978823,0.22344009718357438,5497,
raw,any_spend,q15_fut_self,future self,subjective_economic,medical-cash,0.009940569286440624,0.015924046555981418,-0.02126998845142204,0.04115112702430329,0.5324641066566533,5497,
raw,any_spend,q15_fut_self,future self,subjective_economic,restricted-cash,0.014586669151212091,0.013697382992540199,-0.012259708196618167,0.04143304649904235,0.2869104136912646,5497,
raw,any_spend,q15_fut_self,future self,subjective_economic,medical-food,-0.009292199729542934,0.015994369371139003,-0.040640587652405934,0.022056188193320066,0.5612627394281668,5497,
raw,any_spend,q17a_fut_econ,economic outlook,subjective_economic,level,0.03933237911252909,0.006537475467045098,0.02651916264730653,0.052145595577751655,1.7828608395037255e-09,5497,
raw,any_spend,q17a_fut_econ,economic outlook,subjective_economic,food-cash,0.032277969276283625,0.015710483506113187,0.0014859874245912244,0.06306995112797603,0.03992251765554178,5497,
raw,any_spend,q17a_fut_econ,economic outlook,subjective_economic,medical-cash,0.0039697578731810595,0.016115535821236315,-0.02761611192800724,0.03555562767436936,0.805425927233782,5497,
raw,any_spend,q17a_fut_econ,economic outlook,subjective_economic,restricted-cash,0.018123863574732342,0.013714180441563684,-0.008755436168216096,0.04500316331768078,0.1863207534943927,5497,
raw,any_spend,q17a_fut_econ,economic outlook,subjective_economic,medical-food,-0.028308211403102565,0.016147587834340435,-0.059956901995606944,0.003340479189401814,0.07958617027570704,5497,
raw,any_spend,q17b_fut_job,employment/income outlook,subjective_economic,level,0.04487402165070468,0.00649549849311712,0.03214307854256093,0.05760496475884842,4.8987391783713455e-12,5497,
raw,any_spend,q17b_fut_job,employment/income outlook,subjective_economic,food-cash,0.006071013597071518,0.015780439092920158,-0.02485807868527991,0.03700010587942295,0.7004466098378564,5497,
raw,any_spend,q17b_fut_job,employment/income outlook,subjective_economic,medical-cash,0.0046851454940818466,0.01595456290409453,-0.02658522318702221,0.0359555141751859,0.7690211449569548,5497,
raw,any_spend,q17b_fut_job,employment/income outlook,subjective_economic,restricted-cash,0.005378079545576682,0.013693892449323097,-0.021461456463261575,0.032217615554414936,0.6945147482431098,5497,
raw,any_spend,q17b_fut_job,employment/income outlook,subjective_economic,medical-food,-0.0013858681029896716,0.016032776091420713,-0.032809531814369124,0.030037795608389782,0.9311169014986311,5497,
raw,any_spend,q17c_fut_price,price/affordability outlook,subjective_economic,level,0.042752101772274585,0.00648351338038614,0.03004464905343421,0.05545955449111496,4.282142481387745e-11,5497,
raw,any_spend,q17c_fut_price,price/affordability outlook,subjective_economic,food-cash,0.026287851561900583,0.015661029370825502,-0.004407201965741386,0.056982905089542554,0.09323939563571204,5497,
raw,any_spend,q17c_fut_price,price/affordability outlook,subjective_economic,medical-cash,0.022431261522543648,0.015827472698887023,-0.008590014933565884,0.05345253797865318,0.15641398729410805,5497,
raw,any_spend,q17c_fut_price,price/affordability outlook,subjective_economic,restricted-cash,0.024359556542222115,0.013528487632372806,-0.002155791982524132,0.05087490506696836,0.07176406379579743,5497,
raw,any_spend,q17c_fut_price,price/affordability outlook,subjective_economic,medical-food,-0.0038565900393569344,0.016108182873890223,-0.03542804832856668,0.02771486824985281,0.810781420304204,5497,
raw,any_spend,q17e_fut_welfare,welfare outlook,subjective_economic,level,0.03958389126592989,0.006517345519320356,0.0268101287732585,0.05235765375860128,1.250571305808894e-09,5497,
raw,any_spend,q17e_fut_welfare,welfare outlook,subjective_economic,food-cash,0.025364889910482597,0.015927442273752757,-0.0058523233119135536,0.056582103132878744,0.11126622792475797,5497,
raw,any_spend,q17e_fut_welfare,welfare outlook,subjective_economic,medical-cash,0.006691616902366665,0.01591241342567587,-0.024496140319069663,0.03787937412380299,0.6740997098222825,5497,
raw,any_spend,q17e_fut_welfare,welfare outlook,subjective_economic,restricted-cash,0.01602825340642463,0.013780548257488564,-0.010981124865469153,0.04303763167831841,0.24478605516309948,5497,
raw,any_spend,q17e_fut_welfare,welfare outlook,subjective_economic,medical-food,-0.018673273008115932,0.01594247771580151,-0.04991995515541928,0.012573409139187412,0.2414820208085029,5497,
raw,any_spend,q18_ses_now,subjective SES,subjective_economic,level,0.05672091347622206,0.006556712889447359,0.04386999235593568,0.06957183459650844,5.113271269411171e-18,5497,
raw,any_spend,q18_ses_now,subjective SES,subjective_economic,food-cash,0.01874144542452552,0.01603540225665218,-0.012687365476125055,0.0501702563251761,0.24250263549515438,5497,
raw,any_spend,q18_ses_now,subjective SES,subjective_economic,medical-cash,0.00877822929873515,0.015928725437894954,-0.022441498879165963,0.03999795747663626,0.5815690539900226,5497,
raw,any_spend,q18_ses_now,subjective SES,subjective_economic,restricted-cash,0.013759837361630336,0.01377191785523358,-0.013232625632671588,0.04075230035593226,0.31773519930800886,5497,
raw,any_spend,q18_ses_now,subjective SES,subjective_economic,medical-food,-0.009963216125790372,0.01621893811480176,-0.04175175069828578,0.02182531844670504,0.5390202619309192,5497,
raw,any_spend,q19_ses_past5,past mobility,subjective_economic,level,0.04323524657516878,0.006533628465727173,0.03042957009397783,0.05604092305635973,3.657175878074832e-11,5497,
raw,any_spend,q19_ses_past5,past mobility,subjective_economic,food-cash,0.012205421313327938,0.01602013495042002,-0.019193466216966663,0.04360430884362254,0.44613159429049043,5497,
raw,any_spend,q19_ses_past5,past mobility,subjective_economic,medical-cash,0.013202693413690986,0.015970008962801735,-0.018097948986182277,0.04450333581356425,0.4083969327750203,5497,
raw,any_spend,q19_ses_past5,past mobility,subjective_economic,restricted-cash,0.012704057363509462,0.013819419449302336,-0.014381507044375465,0.03978962177139439,0.3579437836708267,5497,
raw,any_spend,q19_ses_past5,past mobility,subjective_economic,medical-food,0.0009972721003630482,0.016107960905721454,-0.03057375113923019,0.03256829533995628,0.9506331077443656,5497,
raw,any_spend,q20_ses_next1,expected mobility,subjective_economic,level,0.03663960761092929,0.006540621762053795,0.023820224520804945,0.04945899070105364,2.1207125713492353e-08,5497,
raw,any_spend,q20_ses_next1,expected mobility,subjective_economic,food-cash,0.019158296913815744,0.015860681577676856,-0.011928067748688816,0.05024466157632031,0.22708137260998107,5497,
raw,any_spend,q20_ses_next1,expected mobility,subjective_economic,medical-cash,0.015904269217507427,0.01603094371035189,-0.015515803092971181,0.047324341527986036,0.3211496604818671,5497,
raw,any_spend,q20_ses_next1,expected mobility,subjective_economic,restricted-cash,0.017531283065661585,0.01375204961150355,-0.009422238886493413,0.044484805017816584,0.20237565851049222,5497,
raw,any_spend,q20_ses_next1,expected mobility,subjective_economic,medical-food,-0.003254027696308316,0.016144016806137123,-0.03489571920214643,0.028387663809529798,0.8402587975923246,5497,
raw,any_spend,q01_lifesat,life satisfaction,attitudes,level,0.032867197365263286,0.006555312134778091,0.02001902167367985,0.045715373056846725,5.335811800282987e-07,5497,
raw,any_spend,q01_lifesat,life satisfaction,attitudes,food-cash,0.017281920905991795,0.016088191425021436,-0.01425035486343635,0.04881419667541994,0.28273345132597605,5497,
raw,any_spend,q01_lifesat,life satisfaction,attitudes,medical-cash,-0.0018492910166587662,0.01613421734369305,-0.03347177592903864,0.029773193895721105,0.9087469639455367,5497,
raw,any_spend,q01_lifesat,life satisfaction,attitudes,restricted-cash,0.0077163149446665144,0.013999228688444844,-0.019721669096025275,0.0351542989853583,0.5814995133316443,5497,
raw,any_spend,q01_lifesat,life satisfaction,attitudes,medical-food,-0.019131211922650562,0.015949047926375085,-0.05039077144604896,0.012128347600747838,0.23032557022036315,5497,
raw,any_spend,q02_safety,safety,attitudes,level,0.0032474081149517263,0.006553268050847208,-0.009596761245745801,0.016091577475649252,0.6202188146125562,5497,
raw,any_spend,q02_safety,safety,attitudes,food-cash,0.02354965972261948,0.015938639314179097,-0.007689499295745739,0.05478881874098469,0.13953627828083495,5497,
raw,any_spend,q02_safety,safety,attitudes,medical-cash,0.005687205401003547,0.015956663396610355,-0.025587280169781314,0.036961690971788405,0.7215292712654886,5497,
raw,any_spend,q02_safety,safety,attitudes,restricted-cash,0.014618432561811513,0.013782408942924035,-0.012394592586522353,0.04163145771014538,0.2888450153427893,5497,
raw,any_spend,q02_safety,safety,attitudes,medical-food,-0.01786245432161593,0.016046540898289288,-0.04931309655871194,0.013588187915480079,0.2656373942756113,5497,
raw,any_spend,q03a_fair_dist,distribution fairness,attitudes,level,0.043689317514695895,0.006534825391146866,0.03088129510279017,0.05649733992660162,2.2995905196172916e-11,5497,
raw,any_spend,q03a_fair_dist,distribution fairness,attitudes,food-cash,0.01142599936492852,0.015960147987394813,-0.019855315878294737,0.042707314608151775,0.4740480910286209,5497,
raw,any_spend,q03a_fair_dist,distribution fairness,attitudes,medical-cash,0.01311365170606274,0.016089489840636136,-0.01842116891120718,0.04464847232333266,0.41504678491137703,5497,
raw,any_spend,q03a_fair_dist,distribution fairness,attitudes,restricted-cash,0.01226982553549563,0.013889643288326294,-0.014953375067732392,0.03949302613872365,0.3770312866983462,5497,
raw,any_spend,q03a_fair_dist,distribution fairness,attitudes,medical-food,0.0016876523411342194,0.015984594193008517,-0.029641576584650563,0.033016881266919,0.9159156490182941,5497,
raw,any_spend,q03b_fair_opp,opportunity fairness,attitudes,level,0.04258264122943308,0.006530168979907632,0.02978374521585346,0.0553815372430127,6.988232107336612e-11,5497,
raw,any_spend,q03b_fair_opp,opportunity fairness,attitudes,food-cash,0.014665082216640226,0.015922800147985524,-0.016543032606440442,0.0458731970397209,0.3570444174859201,5497,
raw,any_spend,q03b_fair_opp,opportunity fairness,attitudes,medical-cash,0.011003480250020166,0.015995714158700484,-0.020347543408030196,0.04235450390807053,0.49151463527591643,5497,
raw,any_spend,q03b_fair_opp,opportunity fairness,attitudes,restricted-cash,0.012834281233330195,0.013782075300577831,-0.014178089988021395,0.03984665245468179,0.35173463071084066,5497,
raw,any_spend,q03b_fair_opp,opportunity fairness,attitudes,medical-food,-0.0036616019666200605,0.016093926607136242,-0.035205118486438,0.027881914553197877,0.8200236809108601,5497,
raw,any_spend,q03c_fair_rule,rule fairness,attitudes,level,0.04020894297335541,0.0065138350414341,0.0274420608909096,0.052975825055801215,6.706877368288616e-10,5497,
raw,any_spend,q03c_fair_rule,rule fairness,attitudes,food-cash,0.013186006075136841,0.015951013130520553,-0.01807740517760894,0.04444941732788262,0.4084318763520791,5497,
raw,any_spend,q03c_fair_rule,rule fairness,attitudes,medical-cash,0.01236638301536679,0.016045387171236977,-0.0190819979582587,0.043814763988992284,0.4408772667005916,5497,
raw,any_spend,q03c_fair_rule,rule fairness,attitudes,restricted-cash,0.012776194545251815,0.0138689527310526,-0.014406453310899703,0.039958842401403336,0.35694167906821017,5497,
raw,any_spend,q03c_fair_rule,rule fairness,attitudes,medical-food,-0.000819623059770052,0.015949518466247974,-0.032080104824372596,0.030440858704832496,0.959015886883404,5497,
raw,any_spend,q04_trust_gov,institutional trust,attitudes,level,0.02905693581790439,0.0065569860962159075,0.016205479222191323,0.041908392413617455,9.360285780871073e-06,5497,
raw,any_spend,q04_trust_gov,institutional trust,attitudes,food-cash,0.006008379290307094,0.016256091146387257,-0.02585297388601237,0.03786973246662655,0.7116746832539633,5497,
raw,any_spend,q04_trust_gov,institutional trust,attitudes,medical-cash,6.924385898470333e-05,0.016087604881809752,-0.03146188230687316,0.031600370024842575,0.9965657762089419,5497,
raw,any_spend,q04_trust_gov,institutional trust,attitudes,restricted-cash,0.0030388115746458983,0.01408515719212225,-0.024567589238499023,0.030645212387790822,0.8291860055001509,5497,
raw,any_spend,q04_trust_gov,institutional trust,attitudes,medical-food,-0.005939135431322391,0.015892653896646264,-0.037088164687509216,0.025209893824864438,0.7086251530225123,5497,
raw,any_spend,q05_trust_soc,generalized trust,attitudes,level,0.04282367870548838,0.0065566475793656185,0.02997288559061004,0.05567447182036672,6.518488883280037e-11,5497,
raw,any_spend,q05_trust_soc,generalized trust,attitudes,food-cash,0.022191442085616825,0.016033489996985246,-0.009233620854957478,0.05361650502619113,0.1663376026168647,5497,
raw,any_spend,q05_trust_soc,generalized trust,attitudes,medical-cash,0.012226807284142565,0.016077156800417266,-0.019283841018478486,0.04373745558676361,0.4469509549353643,5497,
raw,any_spend,q05_trust_soc,generalized trust,attitudes,restricted-cash,0.017209124684879694,0.013907271397293319,-0.010048626377039245,0.04446687574679863,0.2159314933735338,5497,
raw,any_spend,q05_trust_soc,generalized trust,attitudes,medical-food,-0.00996463480147426,0.016045147355676314,-0.04141254574523792,0.021483276142289398,0.534575089379106,5497,
raw,any_spend,q08_support,social support,attitudes,level,0.03218353347283564,0.006611891289230491,0.01922446467624977,0.0451426022694215,1.1300563603169183e-06,5497,
raw,any_spend,q08_support,social support,attitudes,food-cash,0.0025563539216319907,0.01620119028739769,-0.02919739554834761,0.03431010339161159,0.874623830075708,5497,
raw,any_spend,q08_support,social support,attitudes,medical-cash,-0.0313724250044479,0.016154182746473865,-0.06303404138721502,0.00028919137831921043,0.05212959092751857,5497,
raw,any_spend,q08_support,social support,attitudes,restricted-cash,-0.014408035541407956,0.014010984497621825,-0.04186906054469575,0.013052989461879841,0.30379060132733116,5497,
raw,any_spend,q08_support,social support,attitudes,medical-food,-0.03392877892607989,0.016175340104600276,-0.06563186296878279,-0.0022256948833770038,0.03594385385641883,5497,
raw,any_spend,q12_voice,voice/response,attitudes,level,0.050567580966194486,0.0065251194530858364,0.037778581843324555,0.06335658008906442,9.21251581803806e-15,5497,
raw,any_spend,q12_voice,voice/response,attitudes,food-cash,0.02100198002869785,0.015864326489509084,-0.010091528529724704,0.0520954885871204,0.18555304659992222,5497,
raw,any_spend,q12_voice,voice/response,attitudes,medical-cash,0.00900655177569626,0.01601112850685113,-0.02237468344957453,0.04038778700096705,0.5737629820194061,5497,
raw,any_spend,q12_voice,voice/response,attitudes,restricted-cash,0.015004265902197056,0.013768357245588189,-0.011981218425436896,0.04198975022983101,0.2758169290075626,5497,
raw,any_spend,q12_voice,voice/response,attitudes,medical-food,-0.011995428253001589,0.016056012490301502,-0.043464634469317795,0.01947377796331462,0.4550039023799266,5497,
raw,any_spend,q16_fut_society,national outlook,attitudes,level,0.03394223104211695,0.006535085149680839,0.021133699512839957,0.04675076257139395,2.0599268053809643e-07,5497,
raw,any_spend,q16_fut_society,national outlook,attitudes,food-cash,0.01814455235670985,0.015833580931331446,-0.01288869601499995,0.04917780072841965,0.25181426549882113,5497,
raw,any_spend,q16_fut_society,national outlook,attitudes,medical-cash,0.003959915880917702,0.015972713465995464,-0.027346027247811343,0.035265859009646745,0.8041982060403896,5497,
raw,any_spend,q16_fut_society,national outlook,attitudes,restricted-cash,0.011052234118813776,0.013676936622060144,-0.01575406907926101,0.03785853731688856,0.41903715754554394,5497,
raw,any_spend,q16_fut_society,national outlook,attitudes,medical-food,-0.01418463647579215,0.01623038322702922,-0.0459956030560524,0.017626330104468103,0.3821423611919934,5497,
raw,any_spend,q17d_fut_fair,fairness outlook,attitudes,level,0.047029724412202156,0.006490473624100746,0.034308629866357535,0.05975081895804678,4.2938090027009946e-13,5497,
raw,any_spend,q17d_fut_fair,fairness outlook,attitudes,food-cash,0.016974800288896526,0.015719324772482685,-0.013834510126457814,0.04778411070425087,0.2802008378053491,5497,
raw,any_spend,q17d_fut_fair,fairness outlook,attitudes,medical-cash,0.0067788395680214945,0.01591912281972056,-0.024422067824100516,0.0379797469601435,0.6702317480041151,5497,
raw,any_spend,q17d_fut_fair,fairness outlook,attitudes,restricted-cash,0.011876819928459011,0.01363010953681664,-0.01483770386903752,0.038591343725955546,0.3835541077116319,5497,
raw,any_spend,q17d_fut_fair,fairness outlook,attitudes,medical-food,-0.010195960720875032,0.016059630797804533,-0.041672258689582166,0.021280337247832105,0.525505775484552,5497,
raw,any_spend,q21_order,social order,attitudes,level,0.023543407732428648,0.006506940471945376,0.010790038757869649,0.036296776706987645,0.00029665986777013603,5497,
raw,any_spend,q21_order,social order,attitudes,food-cash,0.021121878853799316,0.015821440386217512,-0.00988757448673449,0.05213133219433312,0.18187105202038523,5497,
raw,any_spend,q21_order,social order,attitudes,medical-cash,0.015927805544565545,0.015835364502016946,-0.015108938561451717,0.046964549650582804,0.31449368122813004,5497,
raw,any_spend,q21_order,social order,attitudes,restricted-cash,0.01852484219918243,0.013637638313839207,-0.008204437730125965,0.04525412212849082,0.1743490192545165,5497,
raw,any_spend,q21_order,social order,attitudes,medical-food,-0.005194073309233771,0.016069000419950377,-0.03668873539989551,0.02630058878142797,0.7465168069030865,5497,
raw,any_spend,q22_vitality,social vitality,attitudes,level,0.028638908353921768,0.00655075421381252,0.015799666023275233,0.0414781506845683,1.2319871438350788e-05,5497,
raw,any_spend,q22_vitality,social vitality,attitudes,food-cash,0.01728933529026258,0.016028473849799874,-0.01412589618248724,0.0487045667630124,0.28073760707167617,5497,
raw,any_spend,q22_vitality,social vitality,attitudes,medical-cash,-0.0018374836264336812,0.015866672120692493,-0.03293558953749673,0.029260622284629365,0.9078049068287438,5497,
raw,any_spend,q22_vitality,social vitality,attitudes,restricted-cash,0.0077259258319144495,0.013718365064859886,-0.019161575621983413,0.034613427285812313,0.5733114768247216,5497,
raw,any_spend,q22_vitality,social vitality,attitudes,medical-food,-0.01912681891669626,0.016265065510703752,-0.0510057615238602,0.012752123690467677,0.23961694213702256,5497,
raw,mpc_10plus,q42_age,age,objective,level,-0.007496087510439897,0.006739423255030703,-0.020705114366871773,0.00571293934599198,0.2660202158465913,5497,
raw,mpc_10plus,q42_age,age,objective,food-cash,0.001902428233620277,0.016451362397856995,-0.030341649562795937,0.034146506030036494,0.9079382125010387,5497,
raw,mpc_10plus,q42_age,age,objective,medical-cash,-0.020150942851468512,0.016442493442410416,-0.05237763781462894,0.012075752111691915,0.22037161250894466,5497,
raw,mpc_10plus,q42_age,age,objective,restricted-cash,-0.009124257308924117,0.0142241641894419,-0.03700310683041461,0.01875459221256638,0.5212227220353502,5497,
raw,mpc_10plus,q42_age,age,objective,medical-food,-0.02205337108508879,0.01651358359490331,-0.05441940018679074,0.010312658016613168,0.1817230509293739,5497,
raw,mpc_10plus,q41_gender,gender,objective,level,-0.027032857000664892,0.006728885851781637,-0.04022123092623803,-0.013844483075091759,5.883522479179144e-05,5497,
raw,mpc_10plus,q41_gender,gender,objective,food-cash,-0.021849618728198725,0.016578924625365966,-0.05434371389632023,0.010644476439922779,0.1875319971308328,5497,
raw,mpc_10plus,q41_gender,gender,objective,medical-cash,-0.023323963409934263,0.0164739593666006,-0.05561233045124772,0.008964403631379195,0.1568317276184795,5497,
raw,mpc_10plus,q41_gender,gender,objective,restricted-cash,-0.022586791069066494,0.014346931480995598,-0.05070626006048176,0.005532677922348777,0.11541139615940003,5497,
raw,mpc_10plus,q41_gender,gender,objective,medical-food,-0.0014743446817355385,0.016406291055885158,-0.033630084271152064,0.030681394907680987,0.9283948173189324,5497,
raw,mpc_10plus,q43_edu,education,objective,level,0.0440637941864265,0.006658271466909076,0.03101382191199404,0.057113766460858965,3.643301423893648e-11,5497,
raw,mpc_10plus,q43_edu,education,objective,food-cash,0.012251192898243266,0.016355314338157345,-0.01980463416037668,0.04430701995686321,0.453818052616351,5497,
raw,mpc_10plus,q43_edu,education,objective,medical-cash,-0.010161610066374126,0.016316954902404257,-0.04214225401245074,0.02181903387970249,0.5334397006709184,5497,
raw,mpc_10plus,q43_edu,education,objective,restricted-cash,0.0010447914159345695,0.014188806448951125,-0.02676475820761929,0.028854341039488432,0.9413008962890643,5497,
raw,mpc_10plus,q43_edu,education,objective,medical-food,-0.022412802964617392,0.016192273928972135,-0.05414907669320966,0.009323470763974873,0.16630748159449338,5497,
raw,mpc_10plus,income_h,monthly income harmonized 1-6,objective,level,0.04514416105489428,0.006692264111675696,0.032027564420979975,0.05826075768880858,1.5226669722703877e-11,5497,
raw,mpc_10plus,income_h,monthly income harmonized 1-6,objective,food-cash,0.006459914754758343,0.016232349059012816,-0.02535490478538941,0.0382747342949061,0.6906556238719257,5497,
raw,mpc_10plus,income_h,monthly income harmonized 1-6,objective,medical-cash,-0.02057964339124234,0.016631762922156814,-0.053177299718078344,0.012018012935593667,0.21594977549538408,5497,
raw,mpc_10plus,income_h,monthly income harmonized 1-6,objective,restricted-cash,-0.007059864318241998,0.014273074767141942,-0.03503457681048762,0.020914848174003627,0.6208626400592736,5497,
raw,mpc_10plus,income_h,monthly income harmonized 1-6,objective,medical-food,-0.027039558146000682,0.016288853075377436,-0.05896512352320495,0.004886007231203589,0.09691368631049956,5497,
raw,mpc_10plus,q23_hukou,hukou,objective,level,0.02966097969804085,0.006745836752170365,0.016439382618200285,0.04288257677788142,1.0979215602806373e-05,5497,
raw,mpc_10plus,q23_hukou,hukou,objective,food-cash,0.01134707490064878,0.0166240866556695,-0.021235536220336356,0.04392968602163391,0.4948796581172221,5497,
raw,mpc_10plus,q23_hukou,hukou,objective,medical-cash,0.029163349633174792,0.016480726901868394,-0.003138281533527642,0.06146498079987722,0.07680335501766385,5497,
raw,mpc_10plus,q23_hukou,hukou,objective,restricted-cash,0.020255212266911786,0.014375236031596943,-0.007919732624280713,0.04843015715810428,0.1588247869240974,5497,
raw,mpc_10plus,q23_hukou,hukou,objective,medical-food,0.017816274732526012,0.01641217806514,-0.01435100318300666,0.049983552648058684,0.27767719166750227,5497,
raw,mpc_10plus,q24_workstat,employment status,objective,level,-0.046402304467108274,0.006662413017336073,-0.059460394031217806,-0.03334421490299874,3.288950632798971e-12,5497,
raw,mpc_10plus,q24_workstat,employment status,objective,food-cash,-0.019388290981832597,0.016458546759249407,-0.05164644986782986,0.012869867904164667,0.23879362932561976,5497,
raw,mpc_10plus,q24_workstat,employment status,objective,medical-cash,-0.008486227308293412,0.01650837745857375,-0.040842052570290825,0.023869597953704004,0.6072129732485656,5497,
raw,mpc_10plus,q24_workstat,employment status,objective,restricted-cash,-0.013937259145063004,0.014396429898519246,-0.04215374325211635,0.014279224961990342,0.33299181585056126,5497,
raw,mpc_10plus,q24_workstat,employment status,objective,medical-food,0.010902063673539185,0.016055896119194803,-0.020566914459599052,0.042371041806677424,0.4971335127805251,5497,
raw,mpc_10plus,q25_unittype,work-unit type,objective,level,-0.03630529719233175,0.0067193867901258,-0.04947505329917251,-0.02313554108549098,6.551096654123306e-08,5497,
raw,mpc_10plus,q25_unittype,work-unit type,objective,food-cash,-0.01825730790074484,0.01659522327634195,-0.050783347837775855,0.014268732036286175,0.27126485500300634,5497,
raw,mpc_10plus,q25_unittype,work-unit type,objective,medical-cash,-0.005619330952503556,0.016404591913477897,-0.03777174028399724,0.026533078378990133,0.7319398667685412,5497,
raw,mpc_10plus,q25_unittype,work-unit type,objective,restricted-cash,-0.011938319426624197,0.014315264903356818,-0.03999572306635382,0.016119084213105424,0.4043050556585793,5497,
raw,mpc_10plus,q25_unittype,work-unit type,objective,medical-food,0.012637976948241285,0.016410877668962563,-0.019526752237617975,0.04480270613410055,0.4412420197514617,5497,
raw,mpc_10plus,q26_housing,housing tenure,objective,level,-0.03083048436099487,0.0067244349729343195,-0.04401013472432771,-0.017650833997662034,4.543258318974762e-06,5497,
raw,mpc_10plus,q26_housing,housing tenure,objective,food-cash,-0.01672090823360131,0.016605908313339874,-0.049267890458321736,0.015826073991119113,0.31397070117913295,5497,
raw,mpc_10plus,q26_housing,housing tenure,objective,medical-cash,0.008629399604272614,0.016553227616162965,-0.02381433035130061,0.041073129559845836,0.6021492994168255,5497,
raw,mpc_10plus,q26_housing,housing tenure,objective,restricted-cash,-0.004045754314664349,0.014454825714192649,-0.0323766921172854,0.024285183487956708,0.7795622633957577,5497,
raw,mpc_10plus,q26_housing,housing tenure,objective,medical-food,0.025350307837873925,0.016240785853411193,-0.006481047515439618,0.05718166319118747,0.11854639996087948,5497,
raw,mpc_10plus,q27_minorchild,minor child,needs,level,-0.019469588304650908,0.00673603354524253,-0.03267197145197992,-0.006267205157321893,0.0038479608923661416,5497,
raw,mpc_10plus,q27_minorchild,minor child,needs,food-cash,0.011006421702897274,0.016623657459185214,-0.02157534820843637,0.043588191614230914,0.5079110640878082,5497,
raw,mpc_10plus,q27_minorchild,minor child,needs,medical-cash,-0.0005212833054506483,0.016469392655501652,-0.03280069975748237,0.031758133146581075,0.9747498603560855,5497,
raw,mpc_10plus,q27_minorchild,minor child,needs,restricted-cash,0.005242569198723313,0.014365237562432184,-0.022912779053005726,0.03339791745045235,0.7151499900574951,5497,
raw,mpc_10plus,q27_minorchild,minor child,needs,medical-food,-0.011527705008347922,0.01642356729283811,-0.043717305399980616,0.020661895383284768,0.48274141023907857,5497,
raw,mpc_10plus,q28_hhsize,household size,needs,level,0.01791841918679902,0.006729677145078812,0.004728494354862216,0.03110834401873582,0.007754018289130094,5497,
raw,mpc_10plus,q28_hhsize,household size,needs,food-cash,-0.007270261684374576,0.01687558604663965,-0.04034580255379496,0.025805279185045805,0.6666026298973076,5497,
raw,mpc_10plus,q28_hhsize,household size,needs,medical-cash,0.003477796492857625,0.016428603934974167,-0.028721675535964757,0.03567726852168001,0.8323476874061644,5497,
raw,mpc_10plus,q28_hhsize,household size,needs,restricted-cash,-0.0018962325957584756,0.014529735764633745,-0.03037399139932416,0.02658152620780721,0.8961652961466108,5497,
raw,mpc_10plus,q28_hhsize,household size,needs,medical-food,0.0107480581772322,0.01627623966950804,-0.021152785378745674,0.04264890173321007,0.5090275433675978,5497,
raw,mpc_10plus,q29_foodexp,monthly food spending,needs,level,0.07090353339215658,0.006592405686894712,0.057982655674365904,0.08382441110994725,5.5930257664056625e-27,5497,
raw,mpc_10plus,q29_foodexp,monthly food spending,needs,food-cash,-0.008996966541055706,0.016332963342624764,-0.04100898645341318,0.023015053371301764,0.5817384494484208,5497,
raw,mpc_10plus,q29_foodexp,monthly food spending,needs,medical-cash,-0.013656150750319462,0.01618344931790027,-0.04537512855903329,0.018062827058394373,0.39876196683552445,5497,
raw,mpc_10plus,q29_foodexp,monthly food spending,needs,restricted-cash,-0.011326558645687584,0.01415819458098973,-0.03907611011053762,0.016422992819162447,0.4237106751822769,5497,
raw,mpc_10plus,q29_foodexp,monthly food spending,needs,medical-food,-0.004659184209263756,0.0159850414944871,-0.03598928982983679,0.02667092141130928,0.7706907288288358,5497,
raw,mpc_10plus,q30_medexp,annual OOP medical spending,needs,level,0.046319364892433386,0.006696716121387334,0.03319404247982545,0.05944468730504132,4.621938072335106e-12,5497,
raw,mpc_10plus,q30_medexp,annual OOP medical spending,needs,food-cash,0.0020998656849313306,0.016564096116710645,-0.030365166140281303,0.034564897510143966,0.8991207577000411,5497,
raw,mpc_10plus,q30_medexp,annual OOP medical spending,needs,medical-cash,0.0401444371751006,0.016375742297232588,0.00804857205241552,0.07224030229778568,0.014227896545922668,5497,
raw,mpc_10plus,q30_medexp,annual OOP medical spending,needs,restricted-cash,0.021122151430015966,0.014338589184168105,-0.0069809669600690745,0.049225269820101,0.1407245303014592,5497,
raw,mpc_10plus,q30_medexp,annual OOP medical spending,needs,medical-food,0.038044571490169266,0.01620764858727607,0.0062781639850266815,0.06981097899531186,0.018908901238339167,5497,
raw,mpc_10plus,q31_gotsubsidy,prior subsidy,objective,level,-0.04696455193728129,0.006737771562291088,-0.060170341535429994,-0.03375876233913258,3.1617815751570694e-12,5497,
raw,mpc_10plus,q31_gotsubsidy,prior subsidy,objective,food-cash,-0.007130719472400669,0.016714819114126388,-0.03989116294419008,0.025629723999388745,0.6696629556825804,5497,
raw,mpc_10plus,q31_gotsubsidy,prior subsidy,objective,medical-cash,-0.00600247531320924,0.01647086190511687,-0.03828477144157108,0.026279820815152604,0.7155369770675074,5497,
raw,mpc_10plus,q31_gotsubsidy,prior subsidy,objective,restricted-cash,-0.006566597392804954,0.014439485497658893,-0.034867468923504806,0.021734274137894895,0.6492770783233377,5497,
raw,mpc_10plus,q31_gotsubsidy,prior subsidy,objective,medical-food,0.0011282441591914287,0.016350962481835256,-0.03091905341777133,0.03317554173615419,0.9449882686926663,5497,
raw,mpc_10plus,q49_citytier,city tier,objective,level,-0.028480988785588534,0.006726102680935648,-0.04166390779654071,-0.015298069774636363,2.291658239029286e-05,5497,
raw,mpc_10plus,q49_citytier,city tier,objective,food-cash,0.006519812531101019,0.016765197051138426,-0.026339369882847415,0.03937899494504945,0.6973577383320445,5497,
raw,mpc_10plus,q49_citytier,city tier,objective,medical-cash,0.014821957852875819,0.016581766493499947,-0.017677707274437095,0.04732162298018873,0.37139099125876296,5497,
raw,mpc_10plus,q49_citytier,city tier,objective,restricted-cash,0.01067088519198842,0.014578963091776007,-0.01790335739983127,0.039245127783808106,0.4642069091031763,5497,
raw,mpc_10plus,q49_citytier,city tier,objective,medical-food,0.0083021453217748,0.016182365868174158,-0.023414708964496794,0.04001899960804639,0.6079257466862893,5497,
raw,mpc_10plus,q06_socsec,perceived social protection,subjective_economic,level,0.028135655723410893,0.006688500430795927,0.01502643576847024,0.04124487567835154,2.592740046085547e-05,5497,
raw,mpc_10plus,q06_socsec,perceived social protection,subjective_economic,food-cash,0.022631749773573507,0.0165897722751161,-0.00988360639737516,0.05514710594452217,0.1725049613294959,5497,
raw,mpc_10plus,q06_socsec,perceived social protection,subjective_economic,medical-cash,0.022155726882892794,0.01651227767392679,-0.010207742660728533,0.05451919642651412,0.17966963804227498,5497,
raw,mpc_10plus,q06_socsec,perceived social protection,subjective_economic,restricted-cash,0.022393738328233152,0.014453778640812672,-0.0059351472482739795,0.050722623904740284,0.12130132332522493,5497,
raw,mpc_10plus,q06_socsec,perceived social protection,subjective_economic,medical-food,-0.00047602289068071277,0.0161277663751585,-0.032085864137067474,0.031133818355706045,0.9764532690899074,5497,
raw,mpc_10plus,q07_emergfund,emergency liquidity,subjective_economic,level,0.028430387550009057,0.006673497784910508,0.015350572240676633,0.04151020285934148,2.042505921126608e-05,5497,
raw,mpc_10plus,q07_emergfund,emergency liquidity,subjective_economic,food-cash,0.030484906288809968,0.01652309185813793,-0.0018997586663873703,0.0628695712440073,0.06503928346744128,5497,
raw,mpc_10plus,q07_emergfund,emergency liquidity,subjective_economic,medical-cash,0.02302682676324759,0.016378313204287048,-0.009074077244671831,0.05512773077116701,0.15974373551428767,5497,
raw,mpc_10plus,q07_emergfund,emergency liquidity,subjective_economic,restricted-cash,0.02675586652602878,0.014337730748075034,-0.0013455693602308152,0.054857302412288374,0.06202515963322647,5497,
raw,mpc_10plus,q07_emergfund,emergency liquidity,subjective_economic,medical-food,-0.007458079525562378,0.016131996898189314,-0.0390762124447253,0.024160053393600542,0.6438547608023166,5497,
raw,mpc_10plus,q09_gain,sense of gain,subjective_economic,level,0.030925731866804414,0.006687359378705881,0.017818748332864735,0.04403271540074409,3.7549267849475885e-06,5497,
raw,mpc_10plus,q09_gain,sense of gain,subjective_economic,food-cash,0.02585782693485932,0.01672691800813032,-0.006926329933430567,0.05864198380314921,0.12213327827804389,5497,
raw,mpc_10plus,q09_gain,sense of gain,subjective_economic,medical-cash,0.022324068932559248,0.016517116775243246,-0.010048885075359872,0.05469702294047837,0.1765123427602845,5497,
raw,mpc_10plus,q09_gain,sense of gain,subjective_economic,restricted-cash,0.024090947933709285,0.014563082602193581,-0.004452169470471987,0.052634065337890557,0.09807716627393769,5497,
raw,mpc_10plus,q09_gain,sense of gain,subjective_economic,medical-food,-0.0035337580023000713,0.016027363030836322,-0.034946812309887984,0.027879296305287845,0.8254951603608459,5497,
raw,mpc_10plus,q10_effort,returns to effort,subjective_economic,level,0.021783164108158143,0.0066958704362303535,0.00865949920800015,0.03490682900831614,0.0011410364869690118,5497,
raw,mpc_10plus,q10_effort,returns to effort,subjective_economic,food-cash,0.019517228887078707,0.016722699315384927,-0.01325865949536837,0.052293117269525784,0.24316596712961114,5497,
raw,mpc_10plus,q10_effort,returns to effort,subjective_economic,medical-cash,0.019245226573639397,0.016425449253203682,-0.012948062392530144,0.05143851553980894,0.24132907207580923,5497,
raw,mpc_10plus,q10_effort,returns to effort,subjective_economic,restricted-cash,0.019381227730359052,0.014467718557283606,-0.008974979580378607,0.04773743504109671,0.1803693095043547,5497,
raw,mpc_10plus,q10_effort,returns to effort,subjective_economic,medical-food,-0.0002720023134393096,0.016174937097671073,-0.03197429647707544,0.03143029185019682,0.9865831800892546,5497,
raw,mpc_10plus,q11_mobility,upward mobility,subjective_economic,level,0.022493889645379954,0.0066925022872355725,0.009376826195946295,0.035610953094813616,0.0007764446473646659,5497,
raw,mpc_10plus,q11_mobility,upward mobility,subjective_economic,food-cash,0.012646852916263225,0.01674386543438989,-0.020170520297126064,0.045464226129652514,0.45006142662296333,5497,
raw,mpc_10plus,q11_mobility,upward mobility,subjective_economic,medical-cash,0.029563863938300433,0.01640083695624101,-0.002581185812245465,0.06170891368884633,0.07145378580461653,5497,
raw,mpc_10plus,q11_mobility,upward mobility,subjective_economic,restricted-cash,0.02110535842728183,0.014484285838502935,-0.007283320157967461,0.04949403701253112,0.14508295658352052,5497,
raw,mpc_10plus,q11_mobility,upward mobility,subjective_economic,medical-food,0.016917011022037208,0.01610933953005175,-0.014656714271591618,0.048490736315666035,0.2936551998895698,5497,
raw,mpc_10plus,q13_pressure,pressure affordability,subjective_economic,level,0.029466052049699244,0.006696005886867234,0.016342121671171283,0.0425899824282272,1.0798105340425438e-05,5497,
raw,mpc_10plus,q13_pressure,pressure affordability,subjective_economic,food-cash,0.02724361038454258,0.016545366027078286,-0.005184711139563425,0.059671931908648584,0.09964015764315375,5497,
raw,mpc_10plus,q13_pressure,pressure affordability,subjective_economic,medical-cash,0.041747292892162884,0.01637937614152928,0.009644305565530864,0.0738502802187949,0.01081029949736123,5497,
raw,mpc_10plus,q13_pressure,pressure affordability,subjective_economic,restricted-cash,0.03449545163835273,0.01431906924484814,0.006430591626315225,0.06256031165039024,0.015993807048746762,5497,
raw,mpc_10plus,q13_pressure,pressure affordability,subjective_economic,medical-food,0.014503682507620304,0.016245713999586662,-0.01733733183470771,0.04634469684994832,0.3719804730892592,5497,
raw,mpc_10plus,q15_fut_self,future self,subjective_economic,level,0.025317282724783605,0.0066912170889087555,0.012202738217783499,0.03843182723178371,0.0001545396173159985,5497,
raw,mpc_10plus,q15_fut_self,future self,subjective_economic,food-cash,0.02693173537444002,0.016476577092753946,-0.005361762315855383,0.05922523306473542,0.10214410041406942,5497,
raw,mpc_10plus,q15_fut_self,future self,subjective_economic,medical-cash,0.03309016583554709,0.01645816364398057,0.0008327578416786677,0.0653475738294155,0.044371693550237526,5497,
raw,mpc_10plus,q15_fut_self,future self,subjective_economic,restricted-cash,0.030010950604993553,0.014334997051225632,0.0019148726661034378,0.058107028543883665,0.03630059856955967,5497,
raw,mpc_10plus,q15_fut_self,future self,subjective_economic,medical-food,0.006158430461107069,0.01620891497344673,-0.025610459115320533,0.03792732003753467,0.7039892531470489,5497,
raw,mpc_10plus,q17a_fut_econ,economic outlook,subjective_economic,level,0.02493516585323298,0.006685355723109728,0.011832109412099183,0.03803822229436678,0.00019161747765745037,5497,
raw,mpc_10plus,q17a_fut_econ,economic outlook,subjective_economic,food-cash,0.029392224277398495,0.016350483626662672,-0.0026541347606721874,0.06143858331546918,0.07223464850697284,5497,
raw,mpc_10plus,q17a_fut_econ,economic outlook,subjective_economic,medical-cash,0.017004767165494497,0.01652227871539841,-0.01537830405921909,0.049387838390208084,0.3033846243017162,5497,
raw,mpc_10plus,q17a_fut_econ,economic outlook,subjective_economic,restricted-cash,0.023198495721446496,0.014299289310226563,-0.004827596331116159,0.05122458777400915,0.10472777438031942,5497,
raw,mpc_10plus,q17a_fut_econ,economic outlook,subjective_economic,medical-food,-0.012387457111903998,0.01621016096280059,-0.04415878878259028,0.019383874558782287,0.44476085423729905,5497,
raw,mpc_10plus,q17b_fut_job,employment/income outlook,subjective_economic,level,0.023634684565468564,0.0067083330617816106,0.010486593368077298,0.03678277576285983,0.0004263969401341569,5497,
raw,mpc_10plus,q17b_fut_job,employment/income outlook,subjective_economic,food-cash,0.01150808386759279,0.016483248769527857,-0.020798490068895968,0.04381465780408155,0.4850718690323583,5497,
raw,mpc_10plus,q17b_fut_job,employment/income outlook,subjective_economic,medical-cash,0.017284662294325827,0.01647207714880197,-0.015000015667891255,0.04956934025654291,0.29402577214952075,5497,
raw,mpc_10plus,q17b_fut_job,employment/income outlook,subjective_economic,restricted-cash,0.01439637308095931,0.014301446022248204,-0.013633946049490787,0.042426692211409406,0.314108966079486,5497,
raw,mpc_10plus,q17b_fut_job,employment/income outlook,subjective_economic,medical-food,0.005776578426733037,0.01636851239054226,-0.02630511633922742,0.03785827319269349,0.7241574380260798,5497,
raw,mpc_10plus,q17c_fut_price,price/affordability outlook,subjective_economic,level,0.023217489396086463,0.006699284397933736,0.010087133253945241,0.03634784553822769,0.0005289177758485835,5497,
raw,mpc_10plus,q17c_fut_price,price/affordability outlook,subjective_economic,food-cash,0.033687343855713967,0.01647555995402967,0.0013958397206854309,0.0659788479907425,0.04088584224677419,5497,
raw,mpc_10plus,q17c_fut_price,price/affordability outlook,subjective_economic,medical-cash,0.03949280938670281,0.016329718240853358,0.007487149756943465,0.07149846901646216,0.015586256767812673,5497,
raw,mpc_10plus,q17c_fut_price,price/affordability outlook,subjective_economic,restricted-cash,0.03659007662120839,0.014224881924252324,0.008709820365339013,0.06447033287707776,0.010103735425130997,5497,
raw,mpc_10plus,q17c_fut_price,price/affordability outlook,subjective_economic,medical-food,0.005805465530988846,0.01633457940117493,-0.026209721797923857,0.03782065285990155,0.7222827946597061,5497,
raw,mpc_10plus,q17e_fut_welfare,welfare outlook,subjective_economic,level,0.03254092374129594,0.006670316481787899,0.019467343671507736,0.045614503811084145,1.069131484059903e-06,5497,
raw,mpc_10plus,q17e_fut_welfare,welfare outlook,subjective_economic,food-cash,0.022055029129784562,0.01650905385536774,-0.010302121845568335,0.05441218010513746,0.18157039568845423,5497,
raw,mpc_10plus,q17e_fut_welfare,welfare outlook,subjective_economic,medical-cash,0.014119907165972577,0.01642229070563487,-0.018067191160718636,0.04630700549266379,0.38989857354620916,5497,
raw,mpc_10plus,q17e_fut_welfare,welfare outlook,subjective_economic,restricted-cash,0.01808746814787857,0.01436558699875229,-0.010068564986452765,0.0462435012822099,0.2080003095226376,5497,
raw,mpc_10plus,q17e_fut_welfare,welfare outlook,subjective_economic,medical-food,-0.007935121963811985,0.016093496300205998,-0.03947779509754435,0.02360755116992038,0.6219674412569693,5497,
raw,mpc_10plus,q18_ses_now,subjective SES,subjective_economic,level,0.028575122540137714,0.006703381535220716,0.015436736156474295,0.04171350892380113,2.0188824207756692e-05,5497,
raw,mpc_10plus,q18_ses_now,subjective SES,subjective_economic,food-cash,0.01311109399625121,0.016575757984575935,-0.019376794669969853,0.045598982662472275,0.4289556292111564,5497,
raw,mpc_10plus,q18_ses_now,subjective SES,subjective_economic,medical-cash,0.011458329824220513,0.016324982368172293,-0.02053804766564858,0.04345470731408961,0.482748226083518,5497,
raw,mpc_10plus,q18_ses_now,subjective SES,subjective_economic,restricted-cash,0.012284711910235863,0.014263543200128018,-0.015671319053946243,0.040240742874417965,0.3890912824826731,5497,
raw,mpc_10plus,q18_ses_now,subjective SES,subjective_economic,medical-food,-0.001652764172030698,0.016392893145539177,-0.033782244339701,0.030476715995639607,0.9196917672280316,5497,
raw,mpc_10plus,q19_ses_past5,past mobility,subjective_economic,level,0.026266576008639034,0.006692887163170991,0.013148758216233439,0.03938439380104463,8.689170433314601e-05,5497,
raw,mpc_10plus,q19_ses_past5,past mobility,subjective_economic,food-cash,0.021035852546349744,0.01652077222547797,-0.01134426601237671,0.0534159711050762,0.20291261003256922,5497,
raw,mpc_10plus,q19_ses_past5,past mobility,subjective_economic,medical-cash,0.032677943122429456,0.016467379362820677,0.00040247265154278594,0.06495341359331613,0.04721075523188305,5497,
raw,mpc_10plus,q19_ses_past5,past mobility,subjective_economic,restricted-cash,0.0268568978343896,0.01435926215990292,-0.0012867388435889512,0.05500053451236815,0.06143472930382951,5497,
raw,mpc_10plus,q19_ses_past5,past mobility,subjective_economic,medical-food,0.011642090576079712,0.016231677575132948,-0.020171412879847306,0.04345559403200673,0.4732228995507406,5497,
raw,mpc_10plus,q20_ses_next1,expected mobility,subjective_economic,level,0.015159610276890974,0.006721312556479849,0.0019860797373536312,0.028333140816428317,0.024104855979867616,5497,
raw,mpc_10plus,q20_ses_next1,expected mobility,subjective_economic,food-cash,0.013361029834872097,0.01651693483080395,-0.019011567568498818,0.045733627238243015,0.41855590819673505,5497,
raw,mpc_10plus,q20_ses_next1,expected mobility,subjective_economic,medical-cash,0.018197841330389916,0.016539229144484743,-0.01421845212485539,0.05061413478563522,0.27120860843419814,5497,
raw,mpc_10plus,q20_ses_next1,expected mobility,subjective_economic,restricted-cash,0.015779435582631007,0.014351926362192416,-0.012349823196037082,0.0439086943612991,0.27156544830328366,5497,
raw,mpc_10plus,q20_ses_next1,expected mobility,subjective_economic,medical-food,0.004836811495517819,0.016395100261188462,-0.027296994539334804,0.03697061753037044,0.7679819089101143,5497,
raw,mpc_10plus,q01_lifesat,life satisfaction,attitudes,level,0.01944516768116831,0.006698707877715527,0.006315941497891135,0.03257439386444548,0.0036981481149451108,5497,
raw,mpc_10plus,q01_lifesat,life satisfaction,attitudes,food-cash,0.01763979900414879,0.01664069707004706,-0.014975367930784654,0.050254965939082234,0.2891265529925531,5497,
raw,mpc_10plus,q01_lifesat,life satisfaction,attitudes,medical-cash,0.013422281114571671,0.01655903382810107,-0.01903282880728685,0.045877391036430196,0.4176117812855533,5497,
raw,mpc_10plus,q01_lifesat,life satisfaction,attitudes,restricted-cash,0.015531040059360231,0.014499326595660264,-0.012887117868217637,0.043949197986938096,0.2840993111425887,5497,
raw,mpc_10plus,q01_lifesat,life satisfaction,attitudes,medical-food,-0.004217517889577119,0.01616499037067615,-0.03590031682653915,0.027465281047384917,0.7941661946115685,5497,
raw,mpc_10plus,q02_safety,safety,attitudes,level,0.012647748953639732,0.006698569271726562,-0.0004812055668910291,0.025776703474170493,0.059008913956449624,5497,
raw,mpc_10plus,q02_safety,safety,attitudes,food-cash,0.03204964127514627,0.016572039074936918,-0.0004309584621205592,0.0645302410124131,0.053118190127759,5497,
raw,mpc_10plus,q02_safety,safety,attitudes,medical-cash,0.014110723318053178,0.01656895529190865,-0.01836383231554211,0.04658527895164847,0.3944160011407911,5497,
raw,mpc_10plus,q02_safety,safety,attitudes,restricted-cash,0.023080182296599725,0.014506335917899103,-0.005351713650122301,0.051512078243321754,0.11160023900238707,5497,
raw,mpc_10plus,q02_safety,safety,attitudes,medical-food,-0.01793891795709309,0.01601843906506777,-0.04933448161317538,0.013456645698989196,0.2627598890243432,5497,
raw,mpc_10plus,q03a_fair_dist,distribution fairness,attitudes,level,0.024552456539131712,0.006711683739546032,0.01139779813399838,0.03770711494426504,0.0002540260205209699,5497,
raw,mpc_10plus,q03a_fair_dist,distribution fairness,attitudes,food-cash,0.008204658739302718,0.016630166707078377,-0.02438986906346797,0.04079918654207341,0.621758253409903,5497,
raw,mpc_10plus,q03a_fair_dist,distribution fairness,attitudes,medical-cash,0.024913798177914864,0.016536450410075416,-0.007497049057965562,0.05732464541379529,0.13191349674791067,5497,
raw,mpc_10plus,q03a_fair_dist,distribution fairness,attitudes,restricted-cash,0.016559228458608792,0.014456045440233652,-0.011774099963123636,0.04489255688034122,0.252007009711522,5497,
raw,mpc_10plus,q03a_fair_dist,distribution fairness,attitudes,medical-food,0.016709139438612144,0.01625190064761049,-0.015144000511027593,0.04856227938825188,0.3038865728968937,5497,
raw,mpc_10plus,q03b_fair_opp,opportunity fairness,attitudes,level,0.028370534345939412,0.006674978274017678,0.015287817331277431,0.04145325136060139,2.135023522496995e-05,5497,
raw,mpc_10plus,q03b_fair_opp,opportunity fairness,attitudes,food-cash,0.01300489931644451,0.016545239392438214,-0.019423174008327757,0.045432972641216776,0.43185540729626704,5497,
raw,mpc_10plus,q03b_fair_opp,opportunity fairness,attitudes,medical-cash,0.02049001873945805,0.016275011482013907,-0.01140841761326506,0.05238845509218116,0.20803523034930826,5497,
raw,mpc_10plus,q03b_fair_opp,opportunity fairness,attitudes,restricted-cash,0.01674745902795128,0.014257622594112881,-0.011196967761674507,0.04469188581757706,0.2401419952134105,5497,
raw,mpc_10plus,q03b_fair_opp,opportunity fairness,attitudes,medical-food,0.007485119423013539,0.016251851661915784,-0.024367924516428822,0.0393381633624559,0.6451069580543382,5497,
raw,mpc_10plus,q03c_fair_rule,rule fairness,attitudes,level,0.028984165235199935,0.006658526325004662,0.015933693448078955,0.042034637022320916,1.3432395356989952e-05,5497,
raw,mpc_10plus,q03c_fair_rule,rule fairness,attitudes,food-cash,0.017882608966490455,0.016523480417561538,-0.014502817551183014,0.05026803548416392,0.2791395133210659,5497,
raw,mpc_10plus,q03c_fair_rule,rule fairness,attitudes,medical-cash,0.0270950220870223,0.016375873715133625,-0.005001100610015737,0.05919114478406033,0.09801184342222796,5497,
raw,mpc_10plus,q03c_fair_rule,rule fairness,attitudes,restricted-cash,0.022488815526756377,0.014343252851854478,-0.0056234434840298185,0.050601074537542576,0.11690399368659364,5497,
raw,mpc_10plus,q03c_fair_rule,rule fairness,attitudes,medical-food,0.009212413120531844,0.0161081867569929,-0.02235905277941929,0.04078387902048298,0.5673837887671405,5497,
raw,mpc_10plus,q04_trust_gov,institutional trust,attitudes,level,0.022455346951921328,0.006660160130557261,0.009401672964759512,0.03550902093908315,0.0007473489625167117,5497,
raw,mpc_10plus,q04_trust_gov,institutional trust,attitudes,food-cash,0.020248897688931906,0.016834165836305863,-0.012745461060002183,0.053243256437865996,0.2290361811522632,5497,
raw,mpc_10plus,q04_trust_gov,institutional trust,attitudes,medical-cash,0.013201436568985064,0.016417122329727536,-0.01897553192706921,0.04537840506503934,0.42132415190406647,5497,
raw,mpc_10plus,q04_trust_gov,institutional trust,attitudes,restricted-cash,0.016725167128958485,0.014608186223240338,-0.011906351748046773,0.045356686005963744,0.2522433601192159,5497,
raw,mpc_10plus,q04_trust_gov,institutional trust,attitudes,medical-food,-0.007047461119946842,0.01588161424589758,-0.038174853058264346,0.024079930818370662,0.657223578364307,5497,
raw,mpc_10plus,q05_trust_soc,generalized trust,attitudes,level,0.02977560084274948,0.006633424451716662,0.01677432782321747,0.04277687386228149,7.165159901248612e-06,5497,
raw,mpc_10plus,q05_trust_soc,generalized trust,attitudes,food-cash,0.02397239429458896,0.01646733105772108,-0.00830298150004223,0.05624777008922015,0.14546044745224376,5497,
raw,mpc_10plus,q05_trust_soc,generalized trust,attitudes,medical-cash,0.02614091893459946,0.01627873866655827,-0.005764822565594338,0.05804666043479326,0.10831083483140741,5497,
raw,mpc_10plus,q05_trust_soc,generalized trust,attitudes,restricted-cash,0.02505665661459421,0.014283425759017889,-0.00293834344893254,0.05305165667812096,0.07938819503448595,5497,
raw,mpc_10plus,q05_trust_soc,generalized trust,attitudes,medical-food,0.002168524640010501,0.01600861155203243,-0.02920777744446492,0.03354482672448592,0.8922482809650706,5497,
raw,mpc_10plus,q08_support,social support,attitudes,level,0.027381068555178405,0.006667118329615034,0.014313756748466093,0.04044838036189072,4.010358947467912e-05,5497,
raw,mpc_10plus,q08_support,social support,attitudes,food-cash,0.01223513162016282,0.016529390152714526,-0.020161877765568673,0.04463214100589431,0.459175820352549,5497,
raw,mpc_10plus,q08_support,social support,attitudes,medical-cash,-0.0007884610033993922,0.016365641340652933,-0.03286452861497895,0.03128760660818017,0.9615745228027879,5497,
raw,mpc_10plus,q08_support,social support,attitudes,restricted-cash,0.005723335308381714,0.014331075740916095,-0.022365057003529504,0.03381172762029293,0.6896240095905073,5497,
raw,mpc_10plus,q08_support,social support,attitudes,medical-food,-0.013023592623562213,0.016142830701447418,-0.044662959406926606,0.018615774159802184,0.4197975390887271,5497,
raw,mpc_10plus,q12_voice,voice/response,attitudes,level,0.0315209447955625,0.006691330363861472,0.018406178273734718,0.04463571131739028,2.4685023191519495e-06,5497,
raw,mpc_10plus,q12_voice,voice/response,attitudes,food-cash,0.018803968484435787,0.01654476274176872,-0.013623170622191066,0.05123110759106264,0.25572598731397655,5497,
raw,mpc_10plus,q12_voice,voice/response,attitudes,medical-cash,0.02302576810328507,0.016451971157869717,-0.009219502840831305,0.055271039047401445,0.16164061429798826,5497,
raw,mpc_10plus,q12_voice,voice/response,attitudes,restricted-cash,0.02091486829386043,0.014363097682792252,-0.007236285870843091,0.04906602245856395,0.14535031902479495,5497,
raw,mpc_10plus,q12_voice,voice/response,attitudes,medical-food,0.004221799618849283,0.016235724749448743,-0.027599636152975844,0.03604323539067441,0.7948394871096619,5497,
raw,mpc_10plus,q16_fut_society,national outlook,attitudes,level,0.031094069886389755,0.006683596623931269,0.017994461216290975,0.044193678556488536,3.282594107071299e-06,5497,
raw,mpc_10plus,q16_fut_society,national outlook,attitudes,food-cash,0.016650722055314635,0.016365370167971103,-0.01542481406757494,0.04872625817820421,0.30894590976074376,5497,
raw,mpc_10plus,q16_fut_society,national outlook,attitudes,medical-cash,0.0030137693962906924,0.016417528966939356,-0.02916399609405352,0.03519153488663491,0.8543506274474737,5497,
raw,mpc_10plus,q16_fut_society,national outlook,attitudes,restricted-cash,0.009832245725802664,0.01420514494898268,-0.018009326769374452,0.03767381822097978,0.4888362985021516,5497,
raw,mpc_10plus,q16_fut_society,national outlook,attitudes,medical-food,-0.013636952659023942,0.016357769534493083,-0.04569759181403691,0.01842368649598903,0.40446796956351494,5497,
raw,mpc_10plus,q17d_fut_fair,fairness outlook,attitudes,level,0.02758339856097648,0.006698538993302805,0.01445450338506579,0.040712293736887166,3.82468106341924e-05,5497,
raw,mpc_10plus,q17d_fut_fair,fairness outlook,attitudes,food-cash,0.023922728246890845,0.016477024342359887,-0.008371646036524301,0.05621710253030599,0.14653385811746314,5497,
raw,mpc_10plus,q17d_fut_fair,fairness outlook,attitudes,medical-cash,0.01804145043820718,0.01642162388117827,-0.014144340936565088,0.050227241812979447,0.2719251874595955,5497,
raw,mpc_10plus,q17d_fut_fair,fairness outlook,attitudes,restricted-cash,0.020982089342549012,0.014277075189111334,-0.0070004638326795834,0.04896464251777761,0.1416606366972042,5497,
raw,mpc_10plus,q17d_fut_fair,fairness outlook,attitudes,medical-food,-0.005881277808683666,0.016339664021180346,-0.037906430809682055,0.026143875192314724,0.7188929580053554,5497,
raw,mpc_10plus,q21_order,social order,attitudes,level,0.031211968766188345,0.0066418922829543136,0.018194099102403372,0.044229838429973314,2.6110778386176723e-06,5497,
raw,mpc_10plus,q21_order,social order,attitudes,food-cash,0.016239420209682415,0.01645527779173444,-0.01601233161771888,0.04849117203708371,0.32370040738473127,5497,
raw,mpc_10plus,q21_order,social order,attitudes,medical-cash,0.018620436579893533,0.016291626562966437,-0.013310564733096754,0.05055143789288382,0.25306133916969,5497,
raw,mpc_10plus,q21_order,social order,attitudes,restricted-cash,0.017429928394787974,0.01426635975171671,-0.010531622909068568,0.045391479698644516,0.22180209255030414,5497,
raw,mpc_10plus,q21_order,social order,attitudes,medical-food,0.0023810163702111184,0.016070794761896323,-0.029117162566040626,0.03387919530646286,0.8822180986919224,5497,
raw,mpc_10plus,q22_vitality,social vitality,attitudes,level,0.023328863593620543,0.006678199945616675,0.010239832218654512,0.03641789496858658,0.00047711489569651994,5497,
raw,mpc_10plus,q22_vitality,social vitality,attitudes,food-cash,0.01964334279925231,0.01653206030920774,-0.01275889999703897,0.05204558559554359,0.23475584500162405,5497,
raw,mpc_10plus,q22_vitality,social vitality,attitudes,medical-cash,0.006033106406415127,0.016242876023928043,-0.025802345605832992,0.037868558418663247,0.7103165982870465,5497,
raw,mpc_10plus,q22_vitality,social vitality,attitudes,restricted-cash,0.01283822460283372,0.01422446142640449,-0.015041207492398328,0.04071765669806576,0.3667671271147389,5497,
raw,mpc_10plus,q22_vitality,social vitality,attitudes,medical-food,-0.013610236392837184,0.016276942824341414,-0.04551245810696402,0.01829198532128965,0.4030611697327988,5497,
raw,mpc_25plus,q42_age,age,objective,level,0.013302283032166611,0.006054008012707011,0.001436645365143964,0.02516792069918926,0.028001253227633065,5497,
raw,mpc_25plus,q42_age,age,objective,food-cash,-0.0027195278725262954,0.014927732712011465,-0.03197734635890919,0.026538290613856604,0.8554418083108803,5497,
raw,mpc_25plus,q42_age,age,objective,medical-cash,-0.0021566941886826834,0.014868154085995426,-0.03129774071382576,0.026984352336460394,0.8846677606471539,5497,
raw,mpc_25plus,q42_age,age,objective,restricted-cash,-0.002438111030604489,0.01294140215180593,-0.02780279315759327,0.02292657109638429,0.8505660757487092,5497,
raw,mpc_25plus,q42_age,age,objective,medical-food,0.0005628336838436119,0.014760720208487479,-0.028367646310664404,0.02949331367835163,0.9695836312378965,5497,
raw,mpc_25plus,q41_gender,gender,objective,level,-0.016887894393963387,0.0060367130856172025,-0.028719634626774765,-0.00505615416115201,0.005149476204693058,5497,
raw,mpc_25plus,q41_gender,gender,objective,food-cash,-0.00541713813133702,0.01516292178363618,-0.03513591872766177,0.02430164246498773,0.7208955579622118,5497,
raw,mpc_25plus,q41_gender,gender,objective,medical-cash,-0.010016551142502578,0.014781365574665252,-0.03898749531116667,0.018954393026161517,0.49799540511147045,5497,
raw,mpc_25plus,q41_gender,gender,objective,restricted-cash,-0.007716844636919799,0.013111772923034734,-0.033415447339535345,0.01798175806569575,0.5561677542206663,5497,
raw,mpc_25plus,q41_gender,gender,objective,medical-food,-0.004599413011165557,0.014461382153730249,-0.03294320119914712,0.023744375176816008,0.750448561656345,5497,
raw,mpc_25plus,q43_edu,education,objective,level,0.023956264223410267,0.005966583799885186,0.012261974864895163,0.03565055358192537,5.942762178171528e-05,5497,
raw,mpc_25plus,q43_edu,education,objective,food-cash,0.01538719117876288,0.014825530591434412,-0.013670314832145375,0.04444469718967113,0.2993237434306405,5497,
raw,mpc_25plus,q43_edu,education,objective,medical-cash,-0.029831154344448163,0.014757604097996946,-0.05875552687462289,-0.0009067818142734392,0.04323743959258954,5497,
raw,mpc_25plus,q43_edu,education,objective,restricted-cash,-0.007221981582842642,0.012999511838167296,-0.03270055660225262,0.018256593436567336,0.5785131139426698,5497,
raw,mpc_25plus,q43_edu,education,objective,medical-food,-0.045218345523211044,0.014114433744891824,-0.07288212732537583,-0.017554563721046267,0.00135675968310598,5497,
raw,mpc_25plus,income_h,monthly income harmonized 1-6,objective,level,0.03068192566194842,0.005991768019021481,0.01893827614094741,0.04242557518294943,3.044361386135806e-07,5497,
raw,mpc_25plus,income_h,monthly income harmonized 1-6,objective,food-cash,-0.0008619328619068421,0.014667524157203758,-0.02960975195239742,0.027885886228583734,0.9531395140326439,5497,
raw,mpc_25plus,income_h,monthly income harmonized 1-6,objective,medical-cash,-0.037975385179151395,0.014899729929687347,-0.0671783192207121,-0.008772451137590686,0.010811604099062606,5497,
raw,mpc_25plus,income_h,monthly income harmonized 1-6,objective,restricted-cash,-0.019418659020529118,0.012932556325099662,-0.04476600364576013,0.005928685604701896,0.13321777946349592,5497,
raw,mpc_25plus,income_h,monthly income harmonized 1-6,objective,medical-food,-0.037113452317244555,0.014327329875173959,-0.06519450286721026,-0.009032401767278847,0.009586569372156715,5497,
raw,mpc_25plus,q23_hukou,hukou,objective,level,0.0300900767203312,0.00603239056105741,0.01826680847997931,0.041913344960683094,6.098074725260496e-07,5497,
raw,mpc_25plus,q23_hukou,hukou,objective,food-cash,-0.008615673440402096,0.014966653976944006,-0.03794977620428552,0.02071842932348133,0.5648463988477371,5497,
raw,mpc_25plus,q23_hukou,hukou,objective,medical-cash,0.02833184241759282,0.014730227594663838,-0.0005388731520263694,0.05720255798721201,0.05443219709530126,5497,
raw,mpc_25plus,q23_hukou,hukou,objective,restricted-cash,0.009858084488595362,0.012974574876356707,-0.015571614983782008,0.035287783960972735,0.44737402784258395,5497,
raw,mpc_25plus,q23_hukou,hukou,objective,medical-food,0.03694751585799492,0.01444307099004893,0.008639616891343752,0.06525541482464609,0.010523123916703167,5497,
raw,mpc_25plus,q24_workstat,employment status,objective,level,-0.03242789969575639,0.005762522594129385,-0.04372223644034831,-0.021133562951164475,1.829682273644122e-08,5497,
raw,mpc_25plus,q24_workstat,employment status,objective,food-cash,-0.016038445539722765,0.014351853635456756,-0.044167561776608244,0.012090670697162718,0.2637731825479367,5497,
raw,mpc_25plus,q24_workstat,employment status,objective,medical-cash,0.009100053540926255,0.01448711550065607,-0.019294171080231598,0.03749427816208411,0.5299069499419196,5497,
raw,mpc_25plus,q24_workstat,employment status,objective,restricted-cash,-0.0034691959993982547,0.012733956950954316,-0.028427293003952192,0.021488901005155686,0.7852863300423278,5497,
raw,mpc_25plus,q24_workstat,employment status,objective,medical-food,0.02513849908064902,0.013531067884347277,-0.0013819066450382264,0.05165890480633627,0.06319236963323976,5497,
raw,mpc_25plus,q25_unittype,work-unit type,objective,level,-0.026458479948256418,0.006169699643277556,-0.03855086904451005,-0.01436609085200279,1.799201528867263e-05,5497,
raw,mpc_25plus,q25_unittype,work-unit type,objective,food-cash,0.0033047411877499093,0.015470325393683837,-0.027016539412985846,0.033626021788485665,0.8308449000325673,5497,
raw,mpc_25plus,q25_unittype,work-unit type,objective,medical-cash,0.022931659589499744,0.01510714826150141,-0.006677806912149909,0.0525411260911494,0.12903094423832612,5497,
raw,mpc_25plus,q25_unittype,work-unit type,objective,restricted-cash,0.013118200388624827,0.013383951651687867,-0.013113862819508763,0.03935026359675842,0.3270150248026177,5497,
raw,mpc_25plus,q25_unittype,work-unit type,objective,medical-food,0.019626918401749835,0.014784895857056776,-0.0093509449932569,0.04860478179675657,0.18434402967810315,5497,
raw,mpc_25plus,q26_housing,housing tenure,objective,level,-0.022851180477856992,0.005985315851642752,-0.03458218398317347,-0.011120176972540518,0.00013460675561519398,5497,
raw,mpc_25plus,q26_housing,housing tenure,objective,food-cash,-0.005946531730367046,0.0149965171076367,-0.03533916515487376,0.02344610169413967,0.6917159104504946,5497,
raw,mpc_25plus,q26_housing,housing tenure,objective,medical-cash,0.018511170004272836,0.014933848082126751,-0.010758634387288156,0.04778097439583383,0.215143901003079,5497,
raw,mpc_25plus,q26_housing,housing tenure,objective,restricted-cash,0.006282319136952895,0.013184940877466874,-0.019559690121172115,0.03212432839507791,0.633734693998105,5497,
raw,mpc_25plus,q26_housing,housing tenure,objective,medical-food,0.024457701734639882,0.014158390587569418,-0.003292233896047072,0.05220763736532684,0.08408954035032203,5497,
raw,mpc_25plus,q27_minorchild,minor child,needs,level,-0.016768732822161844,0.005994990987344265,-0.02851869924499882,-0.005018766399324866,0.005155975016227195,5497,
raw,mpc_25plus,q27_minorchild,minor child,needs,food-cash,0.028062034005176643,0.015080535093117903,-0.001495271644926837,0.05761933965528013,0.06277079269737622,5497,
raw,mpc_25plus,q27_minorchild,minor child,needs,medical-cash,0.013145965228777996,0.014635803650843143,-0.0155396828116744,0.04183161326923039,0.36907578711921496,5497,
raw,mpc_25plus,q27_minorchild,minor child,needs,restricted-cash,0.02060399961697732,0.013005492817647414,-0.004886297906805958,0.046094297140760604,0.11313600619569747,5497,
raw,mpc_25plus,q27_minorchild,minor child,needs,medical-food,-0.014916068776398648,0.014376619932448454,-0.04309372606341828,0.013261588510620988,0.2994923465207219,5497,
raw,mpc_25plus,q28_hhsize,household size,needs,level,0.026817925873920238,0.005941424766753588,0.015172947314228913,0.03846290443361156,6.370040263984122e-06,5497,
raw,mpc_25plus,q28_hhsize,household size,needs,food-cash,-0.016095237475648172,0.015074489203804331,-0.045640693400442536,0.013450218449146192,0.2856497116308653,5497,
raw,mpc_25plus,q28_hhsize,household size,needs,medical-cash,0.0021600437019160677,0.014523491275229885,-0.02630547612731621,0.030625563531148346,0.8817685980448349,5497,
raw,mpc_25plus,q28_hhsize,household size,needs,restricted-cash,-0.006967596886866052,0.013006523500254285,-0.03245991451143829,0.018524720737706186,0.5921657841670882,5497,
raw,mpc_25plus,q28_hhsize,household size,needs,medical-food,0.01825528117756424,0.014130301939587702,-0.009439601714704128,0.04595016406983261,0.19638334345031105,5497,
raw,mpc_25plus,q29_foodexp,monthly food spending,needs,level,0.06491602891645486,0.0059749908902211315,0.053205261963666525,0.07662679586924319,1.699218435443255e-27,5497,
raw,mpc_25plus,q29_foodexp,monthly food spending,needs,food-cash,0.002649368133678924,0.014892553192620294,-0.02653949976170385,0.031838236029061696,0.8588024115214709,5497,
raw,mpc_25plus,q29_foodexp,monthly food spending,needs,medical-cash,-0.0208835189383259,0.014781510702348188,-0.04985474755202171,0.008087709675369908,0.15771054654799999,5497,
raw,mpc_25plus,q29_foodexp,monthly food spending,needs,restricted-cash,-0.009117075402323488,0.013008473963070116,-0.03461321586376794,0.016379065059120963,0.48339248410707625,5497,
raw,mpc_25plus,q29_foodexp,monthly food spending,needs,medical-food,-0.023532887072004825,0.014271678916155077,-0.05150486374658841,0.004439089602578758,0.0991635905647099,5497,
raw,mpc_25plus,q30_medexp,annual OOP medical spending,needs,level,0.05059321113397915,0.0059491351786931344,0.03893312044458035,0.06225330182337795,1.826996229873972e-17,5497,
raw,mpc_25plus,q30_medexp,annual OOP medical spending,needs,food-cash,-0.008008148594142752,0.014865432191429304,-0.03714386030396652,0.021127563115681015,0.5900873616724742,5497,
raw,mpc_25plus,q30_medexp,annual OOP medical spending,needs,medical-cash,0.02179868557340313,0.01458587446542135,-0.006789103061845131,0.05038647420865139,0.13504325962504185,5497,
raw,mpc_25plus,q30_medexp,annual OOP medical spending,needs,restricted-cash,0.006895268489630188,0.012893129629298906,-0.018374801231801928,0.0321653382110623,0.5927869420455992,5497,
raw,mpc_25plus,q30_medexp,annual OOP medical spending,needs,medical-food,0.02980683416754588,0.014231178790472873,0.0019142362806687623,0.057699432054423,0.03621777555146518,5497,
raw,mpc_25plus,q31_gotsubsidy,prior subsidy,objective,level,-0.021314144412949914,0.00601273945098435,-0.03309889718530238,-0.00952939164059745,0.0003928650850905451,5497,
raw,mpc_25plus,q31_gotsubsidy,prior subsidy,objective,food-cash,0.005151251324379867,0.015195299096654161,-0.02463098763937631,0.03493349028813604,0.7346075026608798,5497,
raw,mpc_25plus,q31_gotsubsidy,prior subsidy,objective,medical-cash,0.00646969823669487,0.014776653604786697,-0.02249201064071102,0.035431407114100755,0.6615077563712617,5497,
raw,mpc_25plus,q31_gotsubsidy,prior subsidy,objective,restricted-cash,0.005810474780537369,0.013181739787292444,-0.020025260456134494,0.031646210017209235,0.6593597773230276,5497,
raw,mpc_25plus,q31_gotsubsidy,prior subsidy,objective,medical-food,0.001318446912315003,0.014263946070625557,-0.02663837366353271,0.029275267488162716,0.9263547129299983,5497,
raw,mpc_25plus,q49_citytier,city tier,objective,level,-0.013658288606722128,0.0059808354622856354,-0.025380510710261938,-0.001936066503182319,0.02239059724095766,5497,
raw,mpc_25plus,q49_citytier,city tier,objective,food-cash,0.0171928583753954,0.015105364601885508,-0.012413112217646408,0.046798828968437206,0.2550388473789055,5497,
raw,mpc_25plus,q49_citytier,city tier,objective,medical-cash,0.045756293731092176,0.01482413834194741,0.01670151647903594,0.07481107098314842,0.002024548582622593,5497,
raw,mpc_25plus,q49_citytier,city tier,objective,restricted-cash,0.03147457605324379,0.013182990561999584,0.0056363893431931565,0.05731276276329442,0.016962751338157733,5497,
raw,mpc_25plus,q49_citytier,city tier,objective,medical-food,0.028563435355696776,0.014166484180738062,0.0007976365738937598,0.056329234137499795,0.043771910273266726,5497,
raw,mpc_25plus,q06_socsec,perceived social protection,subjective_economic,level,-0.0005762181751685106,0.0060227808582623615,-0.012380651744139975,0.011228215393802955,0.9237801980722982,5497,
raw,mpc_25plus,q06_socsec,perceived social protection,subjective_economic,food-cash,0.00442372724686411,0.015196899305170854,-0.025361648067952533,0.034209102561680756,0.7709793762740478,5497,
raw,mpc_25plus,q06_socsec,perceived social protection,subjective_economic,medical-cash,0.015097567253141195,0.014928776925296355,-0.014162297853672266,0.04435743235995465,0.3118698165348599,5497,
raw,mpc_25plus,q06_socsec,perceived social protection,subjective_economic,restricted-cash,0.009760647250002651,0.013268854676714202,-0.016245830032453046,0.03576712453245835,0.4619705955723632,5497,
raw,mpc_25plus,q06_socsec,perceived social protection,subjective_economic,medical-food,0.010673840006277085,0.014261074301274962,-0.017277352005071557,0.038625032017625724,0.45418289848735005,5497,
raw,mpc_25plus,q07_emergfund,emergency liquidity,subjective_economic,level,0.009684528621986786,0.006017737577850518,-0.002110020299013528,0.0214790775429871,0.10754409342732575,5497,
raw,mpc_25plus,q07_emergfund,emergency liquidity,subjective_economic,food-cash,0.006812592674259673,0.015210868369928127,-0.023000161504378933,0.03662534685289828,0.6542422254746206,5497,
raw,mpc_25plus,q07_emergfund,emergency liquidity,subjective_economic,medical-cash,0.010025429858798219,0.0147541957098106,-0.018892262353285935,0.03894312207088237,0.49682308783134776,5497,
raw,mpc_25plus,q07_emergfund,emergency liquidity,subjective_economic,restricted-cash,0.008419011266528945,0.013183746137358194,-0.017420656344012166,0.034258678877070056,0.5230895491748506,5497,
raw,mpc_25plus,q07_emergfund,emergency liquidity,subjective_economic,medical-food,0.0032128371845385455,0.014243207727338617,-0.024703336985367738,0.031129011354444833,0.8215360498234734,5497,
raw,mpc_25plus,q09_gain,sense of gain,subjective_economic,level,0.006479279546127554,0.006004472965543252,-0.005289271212481635,0.018247830304736742,0.2805540810451327,5497,
raw,mpc_25plus,q09_gain,sense of gain,subjective_economic,food-cash,-0.0017072282660960158,0.015216064662372105,-0.03153016699077796,0.02811571045858593,0.9106655685317259,5497,
raw,mpc_25plus,q09_gain,sense of gain,subjective_economic,medical-cash,-0.0008883345225145431,0.01485874711309214,-0.03001094371956364,0.028234274674534553,0.9523266405700812,5497,
raw,mpc_25plus,q09_gain,sense of gain,subjective_economic,restricted-cash,-0.0012977813943052794,0.01323723488175187,-0.027242285017436266,0.024646722228825704,0.9219003577871119,5497,
raw,mpc_25plus,q09_gain,sense of gain,subjective_economic,medical-food,0.0008188937435814727,0.014273206714048265,-0.02715607735984842,0.028793864847011363,0.9542482348133562,5497,
raw,mpc_25plus,q10_effort,returns to effort,subjective_economic,level,0.0008344651074654423,0.0059856347668070155,-0.010897163460087114,0.012566093675017998,0.8891251456538305,5497,
raw,mpc_25plus,q10_effort,returns to effort,subjective_economic,food-cash,-0.002279830333846204,0.015257821073380447,-0.03218461012022815,0.02762494945253574,0.8812218842182515,5497,
raw,mpc_25plus,q10_effort,returns to effort,subjective_economic,medical-cash,0.009033443068309,0.014579427804042755,-0.01954171034281669,0.03760859647943469,0.5355198297282401,5497,
raw,mpc_25plus,q10_effort,returns to effort,subjective_economic,restricted-cash,0.0033768063672313976,0.01311162930045875,-0.022321514840307855,0.02907512757477065,0.7967597416783427,5497,
raw,mpc_25plus,q10_effort,returns to effort,subjective_economic,medical-food,0.011313273402155204,0.014249994608791302,-0.016616202810965687,0.039242749615276094,0.4272453688312222,5497,
raw,mpc_25plus,q11_mobility,upward mobility,subjective_economic,level,-0.0058288696465075675,0.005949415298984549,-0.01748950936158888,0.0058317700685737465,0.3272153472188519,5497,
raw,mpc_25plus,q11_mobility,upward mobility,subjective_economic,food-cash,0.006731895342911446,0.015174402821664894,-0.02300938767445472,0.03647317836027761,0.6573065374238121,5497,
raw,mpc_25plus,q11_mobility,upward mobility,subjective_economic,medical-cash,0.024483396453322794,0.014640564971762325,-0.004211583604650036,0.05317837651129562,0.09446545359884469,5497,
raw,mpc_25plus,q11_mobility,upward mobility,subjective_economic,restricted-cash,0.015607645898117119,0.013147736986038619,-0.010161445072723773,0.041376736868958014,0.235189158616828,5497,
raw,mpc_25plus,q11_mobility,upward mobility,subjective_economic,medical-food,0.01775150111041135,0.014062906383706726,-0.009811288919612249,0.04531429114043495,0.20684355818376254,5497,
raw,mpc_25plus,q13_pressure,pressure affordability,subjective_economic,level,0.002760637438165514,0.0059531090508333625,-0.008907241897507303,0.01442851677383833,0.6428409385335476,5497,
raw,mpc_25plus,q13_pressure,pressure affordability,subjective_economic,food-cash,0.009989007144767451,0.014980669269366675,-0.0193725650874972,0.0393505793770321,0.5049042904016361,5497,
raw,mpc_25plus,q13_pressure,pressure affordability,subjective_economic,medical-cash,0.022344893268530938,0.014592979204128477,-0.006256820398702859,0.050946606935764735,0.12571787967767034,5497,
raw,mpc_25plus,q13_pressure,pressure affordability,subjective_economic,restricted-cash,0.016166950206649194,0.01297660624518836,-0.009266730675477536,0.04160063108877592,0.21281818698237254,5497,
raw,mpc_25plus,q13_pressure,pressure affordability,subjective_economic,medical-food,0.012355886123763487,0.01418385522521646,-0.015443959279591033,0.04015573152711801,0.38368685815364867,5497,
raw,mpc_25plus,q15_fut_self,future self,subjective_economic,level,-0.002928595417285386,0.005921110816130966,-0.014533759365372646,0.008676568530801874,0.6208808319530609,5497,
raw,mpc_25plus,q15_fut_self,future self,subjective_economic,food-cash,0.009208207877235391,0.01487934665633517,-0.01995477568266802,0.0383711914371388,0.5360096805137499,5497,
raw,mpc_25plus,q15_fut_self,future self,subjective_economic,medical-cash,0.011841020873595018,0.014621795560344335,-0.016817171813987536,0.040499213561177576,0.41804369926634,5497,
raw,mpc_25plus,q15_fut_self,future self,subjective_economic,restricted-cash,0.010524614375415204,0.012970642519525564,-0.014897377819198768,0.035946606570029176,0.41712559647846936,5497,
raw,mpc_25plus,q15_fut_self,future self,subjective_economic,medical-food,0.0026328129963596267,0.014051101564592649,-0.02490684001335637,0.03017246600607562,0.8513673010058638,5497,
raw,mpc_25plus,q17a_fut_econ,economic outlook,subjective_economic,level,-0.0022797304914366073,0.005892079864475659,-0.013827994819842543,0.009268533836969328,0.698819586992948,5497,
raw,mpc_25plus,q17a_fut_econ,economic outlook,subjective_economic,food-cash,0.007925299867915361,0.014737597587949486,-0.02095986062311,0.03681046035894073,0.5907423105639267,5497,
raw,mpc_25plus,q17a_fut_econ,economic outlook,subjective_economic,medical-cash,0.0104622141298294,0.01460394456694821,-0.01816099125360849,0.039085419513267286,0.4737465827092887,5497,
raw,mpc_25plus,q17a_fut_econ,economic outlook,subjective_economic,restricted-cash,0.009193756998872381,0.012916686899560726,-0.016122484123846977,0.03450999812159174,0.47660497044402406,5497,
raw,mpc_25plus,q17a_fut_econ,economic outlook,subjective_economic,medical-food,0.0025369142619140386,0.013913330202094908,-0.024732711839205376,0.02980654036303345,0.8553182989241574,5497,
raw,mpc_25plus,q17b_fut_job,employment/income outlook,subjective_economic,level,-0.010170802128436988,0.005937413360829071,-0.02180791847698889,0.0014663142201149122,0.08671213550643894,5497,
raw,mpc_25plus,q17b_fut_job,employment/income outlook,subjective_economic,food-cash,0.007451719162641998,0.014886039729368304,-0.021724382579352254,0.036627820904636246,0.616663648536711,5497,
raw,mpc_25plus,q17b_fut_job,employment/income outlook,subjective_economic,medical-cash,0.024587828860475145,0.014565497141445326,-0.003960020953678804,0.053135678674629094,0.09139449678753518,5497,
raw,mpc_25plus,q17b_fut_job,employment/income outlook,subjective_economic,restricted-cash,0.01601977401155857,0.01290981580384708,-0.009283000011027713,0.041322548034144854,0.21464316267317007,5497,
raw,mpc_25plus,q17b_fut_job,employment/income outlook,subjective_economic,medical-food,0.01713610969783315,0.014171887497666907,-0.010640279390547458,0.044912498786213756,0.2266005629384702,5497,
raw,mpc_25plus,q17c_fut_price,price/affordability outlook,subjective_economic,level,-0.0018808138456810185,0.005963517428192879,-0.01356909322611599,0.009807465534753953,0.7524680939052191,5497,
raw,mpc_25plus,q17c_fut_price,price/affordability outlook,subjective_economic,food-cash,0.02497505239526266,0.014930008475692478,-0.004287226505972349,0.05423733129649767,0.09436490457221373,5497,
raw,mpc_25plus,q17c_fut_price,price/affordability outlook,subjective_economic,medical-cash,0.03240440821403817,0.0146042394216057,0.0037806249260909294,0.061028191501985414,0.026497902358402943,5497,
raw,mpc_25plus,q17c_fut_price,price/affordability outlook,subjective_economic,restricted-cash,0.028689730304650416,0.01295303399494831,0.00330225018402875,0.05407721042527208,0.026766635968925256,5497,
raw,mpc_25plus,q17c_fut_price,price/affordability outlook,subjective_economic,medical-food,0.007429355818775511,0.014186386630799125,-0.020375451048351294,0.03523416268590232,0.6004899057279072,5497,
raw,mpc_25plus,q17e_fut_welfare,welfare outlook,subjective_economic,level,0.005311527767765835,0.0058838923019432395,-0.006220689232955387,0.01684374476848706,0.3666726686215207,5497,
raw,mpc_25plus,q17e_fut_welfare,welfare outlook,subjective_economic,food-cash,0.013615255889406867,0.014832769171461395,-0.015456437477653483,0.04268694925646722,0.3586621475249262,5497,
raw,mpc_25plus,q17e_fut_welfare,welfare outlook,subjective_economic,medical-cash,0.011696234067016937,0.01458841005345112,-0.016896524229449303,0.04028899236348318,0.4226985263330696,5497,
raw,mpc_25plus,q17e_fut_welfare,welfare outlook,subjective_economic,restricted-cash,0.012655744978211902,0.01298935506593497,-0.012802923133423539,0.038114413089847345,0.3298993375986573,5497,
raw,mpc_25plus,q17e_fut_welfare,welfare outlook,subjective_economic,medical-food,-0.0019190218223899304,0.01381202802803617,-0.028990099310798607,0.025152055666018747,0.8894987836590873,5497,
raw,mpc_25plus,q18_ses_now,subjective SES,subjective_economic,level,-0.009100150769956251,0.005937483308882283,-0.020737404214173236,0.0025371026742607335,0.12535933404226407,5497,
raw,mpc_25plus,q18_ses_now,subjective SES,subjective_economic,food-cash,0.0022181828739441644,0.014889306792999879,-0.026964322195103176,0.0314006879429915,0.8815707951858623,5497,
raw,mpc_25plus,q18_ses_now,subjective SES,subjective_economic,medical-cash,0.007629880779272562,0.014510118621609943,-0.0208094291304869,0.03606919068903203,0.5990051262705878,5497,
raw,mpc_25plus,q18_ses_now,subjective SES,subjective_economic,restricted-cash,0.004924031826608363,0.012860199033588059,-0.020281495113241038,0.030129558766457766,0.701801890220348,5497,
raw,mpc_25plus,q18_ses_now,subjective SES,subjective_economic,medical-food,0.005411697905328397,0.014245389487287841,-0.022508752435501274,0.03333214824615807,0.7040261904037086,5497,
raw,mpc_25plus,q19_ses_past5,past mobility,subjective_economic,level,-0.00740525391683425,0.005860181418083161,-0.018890998439148106,0.0040804906054796065,0.20635349324868513,5497,
raw,mpc_25plus,q19_ses_past5,past mobility,subjective_economic,food-cash,0.006296826966136782,0.014688905265174223,-0.02249289832592547,0.03508655225819903,0.6681567587008805,5497,
raw,mpc_25plus,q19_ses_past5,past mobility,subjective_economic,medical-cash,0.014422104886578442,0.014496726708583344,-0.013990957355964792,0.04283516712912168,0.31980800524112885,5497,
raw,mpc_25plus,q19_ses_past5,past mobility,subjective_economic,restricted-cash,0.010359465926357612,0.012827513840059658,-0.014781999211348403,0.03550093106406363,0.4193224243368222,5497,
raw,mpc_25plus,q19_ses_past5,past mobility,subjective_economic,medical-food,0.00812527792044166,0.013916091442554736,-0.01914976011253167,0.03540031595341499,0.5593034456646218,5497,
raw,mpc_25plus,q20_ses_next1,expected mobility,subjective_economic,level,-0.013535285370225048,0.005919173183873359,-0.025136651628872117,-0.0019339191115779805,0.022214207580394378,5497,
raw,mpc_25plus,q20_ses_next1,expected mobility,subjective_economic,food-cash,0.0009145035437810416,0.014759467222384602,-0.028013520643092208,0.02984252773065429,0.950594310899083,5497,
raw,mpc_25plus,q20_ses_next1,expected mobility,subjective_economic,medical-cash,0.013077989455286033,0.014606668523950971,-0.015550554785772702,0.041706533696344764,0.3706033568009808,5497,
raw,mpc_25plus,q20_ses_next1,expected mobility,subjective_economic,restricted-cash,0.006996246499533537,0.012856932527199027,-0.018202878205438096,0.03219537120450517,0.5863304063972902,5497,
raw,mpc_25plus,q20_ses_next1,expected mobility,subjective_economic,medical-food,0.012163485911504991,0.014184160887365084,-0.015636958578652268,0.039963930401662254,0.3911464955929377,5497,
raw,mpc_25plus,q01_lifesat,life satisfaction,attitudes,level,-0.0019532173375293622,0.005970318323599107,-0.013654826228023165,0.00974839155296444,0.743550927315616,5497,
raw,mpc_25plus,q01_lifesat,life satisfaction,attitudes,food-cash,0.0022774018191622997,0.0149937380462402,-0.02710978474509645,0.03166458838342105,0.8792735405828559,5497,
raw,mpc_25plus,q01_lifesat,life satisfaction,attitudes,medical-cash,0.004844869998696346,0.014830725017916985,-0.024222816901038093,0.033912556898430785,0.7439115225915834,5497,
raw,mpc_25plus,q01_lifesat,life satisfaction,attitudes,restricted-cash,0.003561135908929323,0.013097743660600935,-0.02210996994458632,0.029232241762444967,0.7857071650075244,5497,
raw,mpc_25plus,q01_lifesat,life satisfaction,attitudes,medical-food,0.0025674681795340463,0.014259088831949656,-0.025379832383444587,0.03051476874251268,0.8571067505477641,5497,
raw,mpc_25plus,q02_safety,safety,attitudes,level,0.011330639474483154,0.0060024285088080736,-0.000433904222557133,0.02309518317152344,0.059069477322015666,5497,
raw,mpc_25plus,q02_safety,safety,attitudes,food-cash,0.012761029546983492,0.014985078472457433,-0.016609184564539567,0.04213124365850655,0.39444589449922696,5497,
raw,mpc_25plus,q02_safety,safety,attitudes,medical-cash,-0.005947133106333872,0.015067129071146214,-0.03547816343619689,0.023583897223529146,0.6930575787354751,5497,
raw,mpc_25plus,q02_safety,safety,attitudes,restricted-cash,0.00340694822032481,0.013274444833819185,-0.022610485568724577,0.029424382009374198,0.7974453698335168,5497,
raw,mpc_25plus,q02_safety,safety,attitudes,medical-food,-0.018708162653317362,0.014081845332204784,-0.04630807234030221,0.008891747033667487,0.18400287630988033,5497,
raw,mpc_25plus,q03a_fair_dist,distribution fairness,attitudes,level,-0.0060167694603121945,0.005912640862185185,-0.01760533260371501,0.005571793683090621,0.3088627708782965,5497,
raw,mpc_25plus,q03a_fair_dist,distribution fairness,attitudes,food-cash,0.00491974344588852,0.014957488293603311,-0.02439639490875344,0.03423588180053048,0.742219876390178,5497,
raw,mpc_25plus,q03a_fair_dist,distribution fairness,attitudes,medical-cash,0.028304973985194475,0.014536810492766386,-0.00018665103071159594,0.056796599001100546,0.05151985885999643,5497,
raw,mpc_25plus,q03a_fair_dist,distribution fairness,attitudes,restricted-cash,0.016612358715541498,0.01298044308964939,-0.00882884224354313,0.04205355967462612,0.20061581860010091,5497,
raw,mpc_25plus,q03a_fair_dist,distribution fairness,attitudes,medical-food,0.023385230539305954,0.014004392864285814,-0.00406287510004397,0.050833336178655875,0.09494911399766003,5497,
raw,mpc_25plus,q03b_fair_opp,opportunity fairness,attitudes,level,-0.0024676704115616944,0.0059136032968172035,-0.01405811989218074,0.009122779069057351,0.6764684178692923,5497,
raw,mpc_25plus,q03b_fair_opp,opportunity fairness,attitudes,food-cash,-0.0022470366141451965,0.01499847476503333,-0.03164350697664337,0.027149433748352977,0.8809084643083116,5497,
raw,mpc_25plus,q03b_fair_opp,opportunity fairness,attitudes,medical-cash,0.012538585285681782,0.014432584628764494,-0.015748760790523012,0.04082593136188657,0.3849733720173907,5497,
raw,mpc_25plus,q03b_fair_opp,opportunity fairness,attitudes,restricted-cash,0.005145774335768292,0.012931818922714389,-0.02020012500734547,0.03049167367888205,0.6906922949603187,5497,
raw,mpc_25plus,q03b_fair_opp,opportunity fairness,attitudes,medical-food,0.014785621899826979,0.014056305563272507,-0.012764230759877131,0.042335474559531086,0.2928521540053939,5497,
raw,mpc_25plus,q03c_fair_rule,rule fairness,attitudes,level,-0.000964459750666993,0.005877707619698408,-0.012484554996932523,0.010555635495598537,0.8696620742700331,5497,
raw,mpc_25plus,q03c_fair_rule,rule fairness,attitudes,food-cash,0.004481743766856753,0.01484603169270277,-0.024615943664180892,0.033579431197894395,0.7627423246025326,5497,
raw,mpc_25plus,q03c_fair_rule,rule fairness,attitudes,medical-cash,0.010920423147697804,0.014473084815994295,-0.01744630183684453,0.039287148132240136,0.45052911154730857,5497,
raw,mpc_25plus,q03c_fair_rule,rule fairness,attitudes,restricted-cash,0.007701083457277279,0.012887722375626819,-0.01755838824170227,0.03296055515625683,0.5501389429201213,5497,
raw,mpc_25plus,q03c_fair_rule,rule fairness,attitudes,medical-food,0.006438679380841051,0.013977701173600423,-0.020957111506079026,0.033834470267761124,0.6450573648422833,5497,
raw,mpc_25plus,q04_trust_gov,institutional trust,attitudes,level,-0.0012542190433762765,0.005866187365247423,-0.012751735005825136,0.010243296919072584,0.8306992780614597,5497,
raw,mpc_25plus,q04_trust_gov,institutional trust,attitudes,food-cash,-0.005568596222120376,0.015130613055806713,-0.035224052875513064,0.02408686043127231,0.7128470851694463,5497,
raw,mpc_25plus,q04_trust_gov,institutional trust,attitudes,medical-cash,0.002166244119855035,0.014530652291321677,-0.026313311043009865,0.030645799282719932,0.8814897210976677,5497,
raw,mpc_25plus,q04_trust_gov,institutional trust,attitudes,restricted-cash,-0.0017011760511326706,0.013129068968215928,-0.027433678379378337,0.024031326277112998,0.896904073298525,5497,
raw,mpc_25plus,q04_trust_gov,institutional trust,attitudes,medical-food,0.007734840341975411,0.013807997936811802,-0.019328338312779095,0.034798018996729914,0.5753627893376132,5497,
raw,mpc_25plus,q05_trust_soc,generalized trust,attitudes,level,0.003975913615799279,0.005849195533052961,-0.007488298967517088,0.015440126199115646,0.4966711128310325,5497,
raw,mpc_25plus,q05_trust_soc,generalized trust,attitudes,food-cash,0.004963495637315912,0.01485053070609471,-0.024143009697935897,0.034070000972567724,0.7382058674593053,5497,
raw,mpc_25plus,q05_trust_soc,generalized trust,attitudes,medical-cash,0.03135017517575376,0.014229115334775683,0.003461621587726827,0.059238728763780696,0.027577742811200165,5497,
raw,mpc_25plus,q05_trust_soc,generalized trust,attitudes,restricted-cash,0.018156835406534837,0.012769184384565618,-0.00687030609916503,0.0431839769122347,0.15504773143827272,5497,
raw,mpc_25plus,q05_trust_soc,generalized trust,attitudes,medical-food,0.026386679538437846,0.013921339430452909,-0.0008986443618072028,0.05367200343868289,0.058037785688992496,5497,
raw,mpc_25plus,q08_support,social support,attitudes,level,0.0073323820430643075,0.005911349580502008,-0.004253650234745585,0.0189184143208742,0.21483098176601778,5497,
raw,mpc_25plus,q08_support,social support,attitudes,food-cash,0.004302468497973458,0.014845993394489682,-0.024795143869945864,0.03340008086589278,0.7719641144535208,5497,
raw,mpc_25plus,q08_support,social support,attitudes,medical-cash,0.005336227897836024,0.014565705983143471,-0.02321203123852476,0.03388448703419681,0.7140997490980787,5497,
raw,mpc_25plus,q08_support,social support,attitudes,restricted-cash,0.0048193481979047405,0.01291128548382427,-0.020486306344505635,0.03012500274031512,0.7089502303908813,5497,
raw,mpc_25plus,q08_support,social support,attitudes,medical-food,0.0010337593998625662,0.014082664873310743,-0.026567756558173814,0.028635275357898945,0.9414826305617,5497,
raw,mpc_25plus,q12_voice,voice/response,attitudes,level,-0.0009487694644534205,0.005985276841100513,-0.01267969651051209,0.010782157581605249,0.8740492501560531,5497,
raw,mpc_25plus,q12_voice,voice/response,attitudes,food-cash,-0.0027220354752516777,0.015040912017651096,-0.032201681324483505,0.026757610373980147,0.8563868639073581,5497,
raw,mpc_25plus,q12_voice,voice/response,attitudes,medical-cash,0.012921639682536908,0.014751371540653696,-0.01599051725971347,0.041833796624787284,0.3810507377207558,5497,
raw,mpc_25plus,q12_voice,voice/response,attitudes,restricted-cash,0.005099802103642615,0.013066501201373917,-0.02051006965499961,0.03070967386228484,0.6963177401473413,5497,
raw,mpc_25plus,q12_voice,voice/response,attitudes,medical-food,0.015643675157788584,0.014308395393063255,-0.012400264489174227,0.04368761480475139,0.27425270174504013,5497,
raw,mpc_25plus,q16_fut_society,national outlook,attitudes,level,0.003681505182092648,0.005945393202006684,-0.007971251367769723,0.01533426173195502,0.5357715706098689,5497,
raw,mpc_25plus,q16_fut_society,national outlook,attitudes,food-cash,0.0016933500466123769,0.014687653532264628,-0.027093921894028802,0.030480621987253556,0.9082146993068572,5497,
raw,mpc_25plus,q16_fut_society,national outlook,attitudes,medical-cash,-0.005801056748626599,0.014652368771845977,-0.0345191718296441,0.022917058332390897,0.6921695391561618,5497,
raw,mpc_25plus,q16_fut_society,national outlook,attitudes,restricted-cash,-0.002053853351007111,0.012807524604488264,-0.027156140306914708,0.023048433604900487,0.8725951167003351,5497,
raw,mpc_25plus,q16_fut_society,national outlook,attitudes,medical-food,-0.007494406795238976,0.014307599653391775,-0.035536786821104616,0.020547973230626668,0.6004134675688797,5497,
raw,mpc_25plus,q17d_fut_fair,fairness outlook,attitudes,level,-0.0033433771555933228,0.005945977844382563,-0.014997279583456253,0.008310525272269607,0.5739169297622866,5497,
raw,mpc_25plus,q17d_fut_fair,fairness outlook,attitudes,food-cash,0.016453214977601466,0.014816163053680812,-0.012585930996685913,0.04549236095188884,0.2667875259696426,5497,
raw,mpc_25plus,q17d_fut_fair,fairness outlook,attitudes,medical-cash,0.01745712259327766,0.014621079554187205,-0.011199666748024209,0.04611391193457953,0.23248991107910166,5497,
raw,mpc_25plus,q17d_fut_fair,fairness outlook,attitudes,restricted-cash,0.016955168785439564,0.012879190847350952,-0.008287581425386204,0.042197918996265335,0.1880137260350665,5497,
raw,mpc_25plus,q17d_fut_fair,fairness outlook,attitudes,medical-food,0.0010039076156761959,0.014251143196119418,-0.0269278197872409,0.02893563501859329,0.9438402665618414,5497,
raw,mpc_25plus,q21_order,social order,attitudes,level,0.014402040966231232,0.0058930692717675225,0.0028518374351672038,0.02595224449729526,0.014529665211962708,5497,
raw,mpc_25plus,q21_order,social order,attitudes,food-cash,-0.006147183470735285,0.014844869599775521,-0.03524259324148883,0.022948226300018262,0.6788046728721532,5497,
raw,mpc_25plus,q21_order,social order,attitudes,medical-cash,0.00345947000002343,0.014434178255969373,-0.02483099952810771,0.031749939528154573,0.8105844556073186,5497,
raw,mpc_25plus,q21_order,social order,attitudes,restricted-cash,-0.0013438567353559272,0.012847921331807287,-0.026525319821902094,0.02383760635119024,0.9166954280580347,5497,
raw,mpc_25plus,q21_order,social order,attitudes,medical-food,0.009606653470758715,0.014041188714836153,-0.017913570710450397,0.03712687765196782,0.49386362435620457,5497,
raw,mpc_25plus,q22_vitality,social vitality,attitudes,level,0.0038515624619407437,0.0059775714594832935,-0.007864262313661038,0.015567387237542526,0.5193577952663886,5497,
raw,mpc_25plus,q22_vitality,social vitality,attitudes,food-cash,-0.007048098885735344,0.015039822579899439,-0.03652560947621052,0.02242941170473984,0.6393347558650453,5497,
raw,mpc_25plus,q22_vitality,social vitality,attitudes,medical-cash,-0.004420807155296914,0.014547320772354126,-0.032933031940662404,0.024091417630068578,0.7612105524616524,5497,
raw,mpc_25plus,q22_vitality,social vitality,attitudes,restricted-cash,-0.005734453020516129,0.012931676884852335,-0.031080073974535827,0.019611167933503565,0.6574458187215492,5497,
raw,mpc_25plus,q22_vitality,social vitality,attitudes,medical-food,0.0026272917304384297,0.014378057642127502,-0.025553183415772365,0.030807766876649222,0.8550104617312632,5497,
raw,high_mpc,q42_age,age,objective,level,0.013123558741335136,0.004647169355555822,0.004015274174387512,0.02223184330828276,0.004742989801671359,5497,
raw,high_mpc,q42_age,age,objective,food-cash,-0.01865580710379525,0.011368786826666965,-0.04093821983197591,0.0036266056243854095,0.10080420912110118,5497,
raw,high_mpc,q42_age,age,objective,medical-cash,-0.0010818710136225656,0.011472948313778318,-0.023568436505117613,0.02140469447787248,0.9248727893901632,5497,
raw,high_mpc,q42_age,age,objective,restricted-cash,-0.009868839058708908,0.009929304923355331,-0.0293299191000016,0.009592240982583782,0.3202665088240233,5497,
raw,high_mpc,q42_age,age,objective,medical-food,0.017573936090172684,0.011286776723129433,-0.004547739788706016,0.039695611969051386,0.11946155125328846,5497,
raw,high_mpc,q41_gender,gender,objective,level,-0.007337485666832075,0.004605905833409389,-0.01636489521649742,0.0016899238828332695,0.11114666732455213,5497,
raw,high_mpc,q41_gender,gender,objective,food-cash,0.003662242709192909,0.01175809927776723,-0.019383208401877284,0.0267076938202631,0.7554467380662141,5497,
raw,high_mpc,q41_gender,gender,objective,medical-cash,0.01034692872979881,0.011229454133940017,-0.011662396938768048,0.03235625439836567,0.3568365308136381,5497,
raw,high_mpc,q41_gender,gender,objective,restricted-cash,0.007004585719495859,0.010123569098744305,-0.012837245109045593,0.02684641654803731,0.48899465525088615,5497,
raw,high_mpc,q41_gender,gender,objective,medical-food,0.006684686020605901,0.010897727852905083,-0.014674468084407075,0.028043840125618877,0.5396106876824242,5497,
raw,high_mpc,q43_edu,education,objective,level,0.014855632294995254,0.004687521278047943,0.0056682594132561204,0.02404300517673439,0.0015286591836153446,5497,
raw,high_mpc,q43_edu,education,objective,food-cash,0.013949090022449243,0.011717640059895841,-0.009017062478750367,0.036915242523648854,0.23387542397766692,5497,
raw,high_mpc,q43_edu,education,objective,medical-cash,-0.020071067593042984,0.011666656946194334,-0.042937295027567934,0.0027951598414819624,0.08536363425688297,5497,
raw,high_mpc,q43_edu,education,objective,restricted-cash,-0.0030609887852968707,0.010344089810298485,-0.023335032266329662,0.017213054695735922,0.7672937072056578,5497,
raw,high_mpc,q43_edu,education,objective,medical-food,-0.03402015761549223,0.010900787573970826,-0.0553853086635968,-0.012655006567387661,0.0018030544515462955,5497,
raw,high_mpc,income_h,monthly income harmonized 1-6,objective,level,0.020391950586031674,0.004820150158049999,0.010944629876178627,0.02983927129588472,2.331067845091133e-05,5497,
raw,high_mpc,income_h,monthly income harmonized 1-6,objective,food-cash,0.0016916523208225197,0.012137956614941514,-0.022098305490372557,0.025481610132017597,0.8891587339796269,5497,
raw,high_mpc,income_h,monthly income harmonized 1-6,objective,medical-cash,-0.02831437432897861,0.011996294656038162,-0.051826679802743726,-0.004802068855213497,0.018262131123516864,5497,
raw,high_mpc,income_h,monthly income harmonized 1-6,objective,restricted-cash,-0.013311361004078046,0.010687317516349241,-0.03425811842746662,0.007635396419310528,0.21293746191020124,5497,
raw,high_mpc,income_h,monthly income harmonized 1-6,objective,medical-food,-0.03000602664980113,0.011207458665563894,-0.0519722419925277,-0.008039811307074565,0.00742122660436188,5497,
raw,high_mpc,q23_hukou,hukou,objective,level,0.01621890204004219,0.004592727376240267,0.007217321791800128,0.02522048228828425,0.0004133169284960584,5497,
raw,high_mpc,q23_hukou,hukou,objective,food-cash,-0.010110234471887806,0.011436911590019524,-0.03252616928269479,0.012305700338919184,0.37669599447510593,5497,
raw,high_mpc,q23_hukou,hukou,objective,medical-cash,0.009356528904777901,0.01125343964941108,-0.012699807510262867,0.03141286531981867,0.40572666366019994,5497,
raw,high_mpc,q23_hukou,hukou,objective,restricted-cash,-0.00037685278355495226,0.009922611398934062,-0.01982481375805232,0.01907110819094241,0.9697042708208613,5497,
raw,high_mpc,q23_hukou,hukou,objective,medical-food,0.019466763376665707,0.011002401257211797,-0.0020975468309276275,0.041031073584259045,0.07684056671477923,5497,
raw,high_mpc,q24_workstat,employment status,objective,level,-0.010977045859275019,0.00446895932955971,-0.019736045193586314,-0.0022180465249637214,0.014038106807709552,5497,
raw,high_mpc,q24_workstat,employment status,objective,food-cash,-0.007096748382719029,0.011138517493049309,-0.028927841510265048,0.014734344744826988,0.5240363836960356,5497,
raw,high_mpc,q24_workstat,employment status,objective,medical-cash,0.015403069568897258,0.011309212033260393,-0.006762578709820111,0.037568717847614626,0.17320004000182299,5497,
raw,high_mpc,q24_workstat,employment status,objective,restricted-cash,0.004153160593089114,0.00993829521272051,-0.015325540091569919,0.023631861277748148,0.6760241300453416,5497,
raw,high_mpc,q24_workstat,employment status,objective,medical-food,0.022499817951616288,0.010433161101587604,0.0020511979476003465,0.04294843795563223,0.031039365671906894,5497,
raw,high_mpc,q25_unittype,work-unit type,objective,level,-0.00785921063522778,0.004828123715304211,-0.01732215923012775,0.0016037379596721899,0.1035677024602395,5497,
raw,high_mpc,q25_unittype,work-unit type,objective,food-cash,-0.005307623882682498,0.01204132571656202,-0.028908188613260017,0.018292940847895022,0.6593693677078456,5497,
raw,high_mpc,q25_unittype,work-unit type,objective,medical-cash,0.010297044022454493,0.012012163828480178,-0.013246364457761428,0.03384045250267041,0.39132437181816426,5497,
raw,high_mpc,q25_unittype,work-unit type,objective,restricted-cash,0.0024947100698859974,0.010573882447414288,-0.01822971870380625,0.023219138843578242,0.813485962388258,5497,
raw,high_mpc,q25_unittype,work-unit type,objective,medical-food,0.015604667905136992,0.011460508263695242,-0.006857515536229351,0.03806685134650334,0.17332305721661334,5497,
raw,high_mpc,q26_housing,housing tenure,objective,level,-0.010857917801853061,0.004694499274576008,-0.020058967305471447,-0.0016568682982346754,0.020728015654838765,5497,
raw,high_mpc,q26_housing,housing tenure,objective,food-cash,0.008236313556245376,0.011905710003763732,-0.01509844926150977,0.03157107637400052,0.4890659238504147,5497,
raw,high_mpc,q26_housing,housing tenure,objective,medical-cash,0.006322596377761779,0.011565455244381519,-0.016345279366035886,0.028990472121559446,0.5845989946700765,5497,
raw,high_mpc,q26_housing,housing tenure,objective,restricted-cash,0.007279454967003577,0.01033007189563742,-0.012967113906155169,0.027526023840162325,0.4810057908271521,5497,
raw,high_mpc,q26_housing,housing tenure,objective,medical-food,-0.0019137171784835974,0.011143151705458883,-0.02375389319544909,0.019926458838481893,0.8636424804853294,5497,
raw,high_mpc,q27_minorchild,minor child,needs,level,-0.005119412510603641,0.004584095817618727,-0.014104075214817038,0.0038652501936097556,0.2640897099667959,5497,
raw,high_mpc,q27_minorchild,minor child,needs,food-cash,0.032756292884634414,0.011708281231047266,0.009808483350915487,0.05570410241835334,0.005146742273769768,5497,
raw,high_mpc,q27_minorchild,minor child,needs,medical-cash,0.015399774978880168,0.011066327475804846,-0.006289828314823378,0.03708937827258371,0.16404701788718923,5497,
raw,high_mpc,q27_minorchild,minor child,needs,restricted-cash,0.02407803393175729,0.009996748963834335,0.004484766000153892,0.04367130186336069,0.016014433726400698,5497,
raw,high_mpc,q27_minorchild,minor child,needs,medical-food,-0.017356517905754244,0.010924968969768401,-0.03876906361871797,0.00405602780720948,0.1121277315790779,5497,
raw,high_mpc,q28_hhsize,household size,needs,level,0.02520166587856821,0.004643582486870565,0.016100411445060962,0.034302920312075456,5.724393553496975e-08,5497,
raw,high_mpc,q28_hhsize,household size,needs,food-cash,-0.0056141722027084106,0.01196509657723467,-0.029065330565631833,0.017836986160215014,0.6389177918509323,5497,
raw,high_mpc,q28_hhsize,household size,needs,medical-cash,0.003999896275795564,0.011384732467702672,-0.018313769334525488,0.026313561886116613,0.725334319412112,5497,
raw,high_mpc,q28_hhsize,household size,needs,restricted-cash,-0.0008071379634564235,0.010331930971904673,-0.021057350559143498,0.019443074632230654,0.9377320194605674,5497,
raw,high_mpc,q28_hhsize,household size,needs,medical-food,0.009614068478503974,0.010888349208884703,-0.011726703822005234,0.030954840779013185,0.37725333527284655,5497,
raw,high_mpc,q29_foodexp,monthly food spending,needs,level,0.04152936237936569,0.004933381232639619,0.03186011284138622,0.05119861191734516,3.828603633834519e-17,5497,
raw,high_mpc,q29_foodexp,monthly food spending,needs,food-cash,-0.004858533928651388,0.012546290728823418,-0.029448811896714076,0.019731744039411296,0.6985721497107588,5497,
raw,high_mpc,q29_foodexp,monthly food spending,needs,medical-cash,-0.019635039701088257,0.012030301526926624,-0.04321399741702166,0.003943918014845147,0.1026516887241974,5497,
raw,high_mpc,q29_foodexp,monthly food spending,needs,restricted-cash,-0.012246786814869823,0.010798938772082121,-0.03341231787940398,0.00891874424966433,0.25676385339182406,5497,
raw,high_mpc,q29_foodexp,monthly food spending,needs,medical-food,-0.014776505772436868,0.011739114845215252,-0.037784748079438255,0.008231736534564516,0.20812387827063827,5497,
raw,high_mpc,q30_medexp,annual OOP medical spending,needs,level,0.03172492701890674,0.004865025362687366,0.022189652524165587,0.041260201513647884,6.98309361627192e-11,5497,
raw,high_mpc,q30_medexp,annual OOP medical spending,needs,food-cash,-0.0050306799198312595,0.012264784398782334,-0.029069215619593376,0.019007855779930857,0.6816792543966429,5497,
raw,high_mpc,q30_medexp,annual OOP medical spending,needs,medical-cash,0.007649695502177501,0.011931670855531786,-0.015735949650051012,0.031035340654406017,0.5214413079817483,5497,
raw,high_mpc,q30_medexp,annual OOP medical spending,needs,restricted-cash,0.0013095077911731206,0.010638314732524601,-0.019541205940776955,0.0221602215231232,0.9020330288616117,5497,
raw,high_mpc,q30_medexp,annual OOP medical spending,needs,medical-food,0.01268037542200876,0.011527551783172458,-0.009913210902929735,0.035273961746947254,0.2713295343139486,5497,
raw,high_mpc,q31_gotsubsidy,prior subsidy,objective,level,-0.004277885173315992,0.004504844193932693,-0.01310721754938844,0.004551447202756456,0.3423059331529321,5497,
raw,high_mpc,q31_gotsubsidy,prior subsidy,objective,food-cash,0.015783218420214438,0.011684818436115909,-0.007118604880462381,0.03868504172089125,0.17677690310843963,5497,
raw,high_mpc,q31_gotsubsidy,prior subsidy,objective,medical-cash,0.01075892641163793,0.010909259127058406,-0.010622828575411417,0.03214068139868728,0.3240253075276034,5497,
raw,high_mpc,q31_gotsubsidy,prior subsidy,objective,restricted-cash,0.013271072415926184,0.009983810418760727,-0.006296836433320595,0.03283898126517296,0.18376245123247803,5497,
raw,high_mpc,q31_gotsubsidy,prior subsidy,objective,medical-food,-0.005024292008576507,0.010601318373748697,-0.02580249420976669,0.015753910192613674,0.6355492069609403,5497,
raw,high_mpc,q49_citytier,city tier,objective,level,-0.007437539079555898,0.004468791007485041,-0.016196208508663042,0.0013211303495512458,0.09604667279823198,5497,
raw,high_mpc,q49_citytier,city tier,objective,food-cash,-0.0030992131908282334,0.01146431526665556,-0.025568858220885837,0.019370431839229367,0.7869020364729836,5497,
raw,high_mpc,q49_citytier,city tier,objective,medical-cash,0.021234468523579852,0.011128954054214421,-0.0005778806082814315,0.04304681765544113,0.05638629008048304,5497,
raw,high_mpc,q49_citytier,city tier,objective,restricted-cash,0.00906762766637581,0.01003157774937703,-0.01059390343051654,0.02872915876326816,0.3660439602005181,5497,
raw,high_mpc,q49_citytier,city tier,objective,medical-food,0.024333681714408084,0.010394136673191732,0.003961548184565317,0.04470581524425085,0.019227173294949954,5497,
raw,high_mpc,q06_socsec,perceived social protection,subjective_economic,level,-0.007750989384513935,0.004868059446307196,-0.017292210573876036,0.0017902318048481662,0.11133676787572387,5497,
raw,high_mpc,q06_socsec,perceived social protection,subjective_economic,food-cash,0.005036907231630753,0.012383342109415305,-0.019233997311061506,0.02930781177432301,0.6841926317964616,5497,
raw,high_mpc,q06_socsec,perceived social protection,subjective_economic,medical-cash,0.015443692985509936,0.012202383168425686,-0.00847253855016216,0.03935992452118203,0.20564585105202282,5497,
raw,high_mpc,q06_socsec,perceived social protection,subjective_economic,restricted-cash,0.010240300108570344,0.010912876375083029,-0.011148544554330411,0.0316291447714711,0.3480550364609579,5497,
raw,high_mpc,q06_socsec,perceived social protection,subjective_economic,medical-food,0.010406785753879183,0.011319326413899917,-0.011778686346617578,0.032592257854375944,0.3578957640951138,5497,
raw,high_mpc,q07_emergfund,emergency liquidity,subjective_economic,level,0.0022286878411473462,0.004906480167868147,-0.00738783657873426,0.011845212261028953,0.6496607470745093,5497,
raw,high_mpc,q07_emergfund,emergency liquidity,subjective_economic,food-cash,-0.0008917857896449718,0.01271881510051977,-0.02582020531268791,0.024036633733397962,0.9441017480303507,5497,
raw,high_mpc,q07_emergfund,emergency liquidity,subjective_economic,medical-cash,0.004681879294532532,0.012060069256855937,-0.018955422099963842,0.028319180689028903,0.6978581909277783,5497,
raw,high_mpc,q07_emergfund,emergency liquidity,subjective_economic,restricted-cash,0.00189504675244378,0.011026621756699814,-0.019716734761833637,0.0235068282667212,0.8635467713975281,5497,
raw,high_mpc,q07_emergfund,emergency liquidity,subjective_economic,medical-food,0.005573665084177504,0.011317310043532433,-0.016607855003019496,0.027755185171374503,0.6223727983634455,5497,
raw,high_mpc,q09_gain,sense of gain,subjective_economic,level,-0.0024562100410932286,0.004880224349014765,-0.012021274001637598,0.007108853919451142,0.6147543565728715,5497,
raw,high_mpc,q09_gain,sense of gain,subjective_economic,food-cash,-0.0060773635855937026,0.012521109603538472,-0.0306182874550077,0.018463560283820298,0.6274143271177175,5497,
raw,high_mpc,q09_gain,sense of gain,subjective_economic,medical-cash,0.006802150374052298,0.012059471699807256,-0.016833979830149948,0.030438280578254547,0.5727198020482533,5497,
raw,high_mpc,q09_gain,sense of gain,subjective_economic,restricted-cash,0.00036239339422929756,0.01085970715219993,-0.0209222415067346,0.021647028295193195,0.9733791681650716,5497,
raw,high_mpc,q09_gain,sense of gain,subjective_economic,medical-food,0.012879513959646,0.011518903117848579,-0.00969712129274335,0.035456149212035354,0.2635158195778301,5497,
raw,high_mpc,q10_effort,returns to effort,subjective_economic,level,-0.01010109541807299,0.004925872231075004,-0.01975562758342596,-0.00044656325272001904,0.04030390178251115,5497,
raw,high_mpc,q10_effort,returns to effort,subjective_economic,food-cash,-0.0035682590002969455,0.01266784605365317,-0.02839678102715501,0.021260263026561123,0.7781900946625128,5497,
raw,high_mpc,q10_effort,returns to effort,subjective_economic,medical-cash,0.009606423035079085,0.012086414786434286,-0.014082514648544486,0.033295360718702656,0.42672308491479904,5497,
raw,high_mpc,q10_effort,returns to effort,subjective_economic,restricted-cash,0.0030190820173910697,0.010938404867390854,-0.018419797571012628,0.02445796160579477,0.7825422891745185,5497,
raw,high_mpc,q10_effort,returns to effort,subjective_economic,medical-food,0.01317468203537603,0.011598132948270055,-0.009557240831140632,0.035906604901892694,0.25598532479136227,5497,
raw,high_mpc,q11_mobility,upward mobility,subjective_economic,level,-0.01077910376248133,0.004719503334829997,-0.020029160323664804,-0.0015290472012978555,0.02237454284426056,5497,
raw,high_mpc,q11_mobility,upward mobility,subjective_economic,food-cash,0.006037497043402867,0.012242955974577389,-0.017958255731078294,0.03003324981788403,0.6219133383472161,5497,
raw,high_mpc,q11_mobility,upward mobility,subjective_economic,medical-cash,0.024927776389877303,0.011784960393402056,0.0018296784595782864,0.04802587432017632,0.03441125557253979,5497,
raw,high_mpc,q11_mobility,upward mobility,subjective_economic,restricted-cash,0.015482636716640085,0.010727369910497416,-0.005542621956773512,0.03650789539005368,0.14894060680600266,5497,
raw,high_mpc,q11_mobility,upward mobility,subjective_economic,medical-food,0.018890279346474435,0.010827957524501532,-0.0023321274276780456,0.04011268612062692,0.08105734176901816,5497,
raw,high_mpc,q13_pressure,pressure affordability,subjective_economic,level,-0.005877562138793875,0.004817039580660696,-0.015318786228992765,0.0035636619514050148,0.2224039811992623,5497,
raw,high_mpc,q13_pressure,pressure affordability,subjective_economic,food-cash,4.210740166735519e-05,0.01232920189099339,-0.02412268426280282,0.02420689906613753,0.9972750239090188,5497,
raw,high_mpc,q13_pressure,pressure affordability,subjective_economic,medical-cash,0.020316257670254582,0.011818778013820183,-0.002848121578106811,0.04348063691861598,0.085617788163433,5497,
raw,high_mpc,q13_pressure,pressure affordability,subjective_economic,restricted-cash,0.010179182535960968,0.010686651270480881,-0.01076626906952077,0.031124634141442706,0.3408364836515976,5497,
raw,high_mpc,q13_pressure,pressure affordability,subjective_economic,medical-food,0.020274150268587227,0.011250217976118778,-0.001775871782830677,0.04232417232000513,0.07152782172836429,5497,
raw,high_mpc,q15_fut_self,future self,subjective_economic,level,-0.014670488669307738,0.0047487490793801605,-0.02397786583651059,-0.005363111502104886,0.002006034038212423,5497,
raw,high_mpc,q15_fut_self,future self,subjective_economic,food-cash,-0.004056653107034758,0.012039744771871617,-0.027654119242957534,0.01954081302888802,0.736163289058866,5497,
raw,high_mpc,q15_fut_self,future self,subjective_economic,medical-cash,0.011090258080108186,0.01185985897746071,-0.01215463837743884,0.03433515453765521,0.34973225000538377,5497,
raw,high_mpc,q15_fut_self,future self,subjective_economic,restricted-cash,0.003516802486536714,0.010592064624040769,-0.017243262698503983,0.02427686767157741,0.7398723612603215,5497,
raw,high_mpc,q15_fut_self,future self,subjective_economic,medical-food,0.015146911187142944,0.01106598781287541,-0.006542026379452023,0.03683584875373791,0.17106781741750243,5497,
raw,high_mpc,q17a_fut_econ,economic outlook,subjective_economic,level,-0.007742149469580106,0.004674157447303043,-0.016903329724363744,0.001419030785203534,0.09764625015962079,5497,
raw,high_mpc,q17a_fut_econ,economic outlook,subjective_economic,food-cash,-0.0015744322882267322,0.011881506608000433,-0.02486175732198224,0.02171289274552878,0.8945799921311451,5497,
raw,high_mpc,q17a_fut_econ,economic outlook,subjective_economic,medical-cash,0.006435902425854253,0.011643003815309793,-0.016383965724015383,0.029255770575723886,0.580420960219843,5497,
raw,high_mpc,q17a_fut_econ,economic outlook,subjective_economic,restricted-cash,0.0024307350688137605,0.010445606754534932,-0.01804227796674303,0.02290374810437055,0.8159912187223812,5497,
raw,high_mpc,q17a_fut_econ,economic outlook,subjective_economic,medical-food,0.008010334714080986,0.010817424478914081,-0.013191427670072572,0.029212097098234545,0.4589948731894571,5497,
raw,high_mpc,q17b_fut_job,employment/income outlook,subjective_economic,level,-0.012023933136411081,0.00473277584028023,-0.02130000333026162,-0.0027478629425605385,0.01106729523276788,5497,
raw,high_mpc,q17b_fut_job,employment/income outlook,subjective_economic,food-cash,0.003189600500174696,0.012157040537106444,-0.020637761111147408,0.027016962111496796,0.7930388768340371,5497,
raw,high_mpc,q17b_fut_job,employment/income outlook,subjective_economic,medical-cash,0.024516996730380613,0.011575405625176498,0.00182961859859233,0.0472043748621689,0.03417296342273581,5497,
raw,high_mpc,q17b_fut_job,employment/income outlook,subjective_economic,restricted-cash,0.013853298615277655,0.010530545288861262,-0.0067861908884583565,0.03449278811901367,0.1883302352787558,5497,
raw,high_mpc,q17b_fut_job,employment/income outlook,subjective_economic,medical-food,0.021327396230205915,0.010954349076663643,-0.00014273343413441844,0.042797525894546246,0.0515426306685529,5497,
raw,high_mpc,q17c_fut_price,price/affordability outlook,subjective_economic,level,-0.00940086346355028,0.0047799639551555665,-0.01876942066305482,-3.230626404573944e-05,0.04921519208761774,5497,
raw,high_mpc,q17c_fut_price,price/affordability outlook,subjective_economic,food-cash,0.009084092645150157,0.012127749620203281,-0.014685859823967595,0.03285404511426791,0.4538369199204393,5497,
raw,high_mpc,q17c_fut_price,price/affordability outlook,subjective_economic,medical-cash,0.02679567017160752,0.011733461425089124,0.0037985083644428187,0.049792831978772226,0.022389346924489698,5497,
raw,high_mpc,q17c_fut_price,price/affordability outlook,subjective_economic,restricted-cash,0.01793988140837884,0.010546841320544603,-0.0027315477305474463,0.03861131054730513,0.08894825163375449,5497,
raw,high_mpc,q17c_fut_price,price/affordability outlook,subjective_economic,medical-food,0.017711577526457363,0.011161066632083272,-0.004163711101477608,0.03958686615439233,0.11253365327308393,5497,
raw,high_mpc,q17e_fut_welfare,welfare outlook,subjective_economic,level,-0.003925931332226487,0.004703699322145213,-0.01314501259773657,0.005293149933283596,0.40391615518874024,5497,
raw,high_mpc,q17e_fut_welfare,welfare outlook,subjective_economic,food-cash,0.014137000876155013,0.012072228072205624,-0.009524131358521416,0.03779813311083144,0.2415847330866725,5497,
raw,high_mpc,q17e_fut_welfare,welfare outlook,subjective_economic,medical-cash,0.018334483881901398,0.011853083038480794,-0.004897131979283549,0.041566099743086345,0.12190873223052545,5497,
raw,high_mpc,q17e_fut_welfare,welfare outlook,subjective_economic,restricted-cash,0.016235742379028206,0.01069833708489821,-0.004732613001841517,0.03720409775989793,0.1291165396496022,5497,
raw,high_mpc,q17e_fut_welfare,welfare outlook,subjective_economic,medical-food,0.004197483005746384,0.010707514686448384,-0.016788860143626138,0.025183826155118907,0.6950487429145169,5497,
raw,high_mpc,q18_ses_now,subjective SES,subjective_economic,level,-0.021396708743488556,0.004669536045402267,-0.030548831216988592,-0.012244586269988521,4.601280527318035e-06,5497,
raw,high_mpc,q18_ses_now,subjective SES,subjective_economic,food-cash,-0.005591543779431027,0.011767205353493676,-0.028654842470965548,0.017471754912103492,0.6346584909587805,5497,
raw,high_mpc,q18_ses_now,subjective SES,subjective_economic,medical-cash,0.009143150099363099,0.011512234273070838,-0.013420414457443392,0.03170671465616959,0.42707225162367746,5497,
raw,high_mpc,q18_ses_now,subjective SES,subjective_economic,restricted-cash,0.001775803159966036,0.010249032941238127,-0.018311932281225313,0.021863538601157386,0.8624427909145812,5497,
raw,high_mpc,q18_ses_now,subjective SES,subjective_economic,medical-food,0.014734693878794124,0.01103750944082845,-0.006898427104250468,0.03636781486183872,0.1818876510398184,5497,
raw,high_mpc,q19_ses_past5,past mobility,subjective_economic,level,-0.019955891718606462,0.004644669522977633,-0.029059276703733455,-0.010852506733479468,1.7350432664465505e-05,5497,
raw,high_mpc,q19_ses_past5,past mobility,subjective_economic,food-cash,-0.0030432377644018602,0.011724552440783204,-0.026022938283188128,0.019936462754384404,0.7952023434048112,5497,
raw,high_mpc,q19_ses_past5,past mobility,subjective_economic,medical-cash,0.01583281841536632,0.011596448811222538,-0.006895803603192179,0.038561440433924815,0.17215371679622993,5497,
raw,high_mpc,q19_ses_past5,past mobility,subjective_economic,restricted-cash,0.00639479032548223,0.010326436262301434,-0.013844652837276993,0.02663423348824145,0.535742449883291,5497,
raw,high_mpc,q19_ses_past5,past mobility,subjective_economic,medical-food,0.01887605617976818,0.010832560473796765,-0.002355372209225621,0.04010748456876198,0.08141583422669568,5497,
raw,high_mpc,q20_ses_next1,expected mobility,subjective_economic,level,-0.016444608768947815,0.004656735808115206,-0.025571643238371643,-0.007317574299523986,0.00041342925326510994,5497,
raw,high_mpc,q20_ses_next1,expected mobility,subjective_economic,food-cash,-0.008400722127182743,0.011644879405288609,-0.03122426636586062,0.014422822111495134,0.47065784115055553,5497,
raw,high_mpc,q20_ses_next1,expected mobility,subjective_economic,medical-cash,0.01115459966919695,0.011652779620582285,-0.011684428706926644,0.033993628045320544,0.33844210857339807,5497,
raw,high_mpc,q20_ses_next1,expected mobility,subjective_economic,restricted-cash,0.001376938771007104,0.010265713526048477,-0.018743490015653598,0.021497367557667804,0.8932998840372667,5497,
raw,high_mpc,q20_ses_next1,expected mobility,subjective_economic,medical-food,0.019555321796379692,0.011010970970062843,-0.002025784739759541,0.041136428332518925,0.07573535183833545,5497,
raw,high_mpc,q01_lifesat,life satisfaction,attitudes,level,-0.009044816138606224,0.004827240254172812,-0.018506033181506912,0.000416400904294463,0.06097132671805058,5497,
raw,high_mpc,q01_lifesat,life satisfaction,attitudes,food-cash,0.006120572158623317,0.012188733614927868,-0.017768906743788004,0.03001005106103464,0.6155620357213407,5497,
raw,high_mpc,q01_lifesat,life satisfaction,attitudes,medical-cash,0.01548583622639579,0.012173465056430455,-0.00837371685126476,0.039345389304056344,0.20333842792704238,5497,
raw,high_mpc,q01_lifesat,life satisfaction,attitudes,restricted-cash,0.010803204192509554,0.010772485550457478,-0.010310479510365244,0.031916887895384355,0.3159324760009301,5497,
raw,high_mpc,q01_lifesat,life satisfaction,attitudes,medical-food,0.009365264067772473,0.011372386622532281,-0.012924204130655904,0.03165473226620085,0.410218534670022,5497,
raw,high_mpc,q02_safety,safety,attitudes,level,0.008621266703094405,0.004867414703936127,-0.0009186908144410942,0.018161224220629903,0.07652397334822356,5497,
raw,high_mpc,q02_safety,safety,attitudes,food-cash,0.0003097817866521196,0.012277325032802567,-0.023753333104132947,0.024372896677437188,0.9798698918850844,5497,
raw,high_mpc,q02_safety,safety,attitudes,medical-cash,-0.009177665714891176,0.0124234349994659,-0.03352715087811872,0.015171819448336375,0.46006599927602,5497,
raw,high_mpc,q02_safety,safety,attitudes,restricted-cash,-0.0044339419641195275,0.011019971120706382,-0.026032688471375534,0.01716480454313648,0.6874226836563271,5497,
raw,high_mpc,q02_safety,safety,attitudes,medical-food,-0.009487447501543296,0.011153019335106474,-0.03134696371723085,0.012372068714144254,0.3949572490208062,5497,
raw,high_mpc,q03a_fair_dist,distribution fairness,attitudes,level,-0.010518391104096574,0.004599809616670911,-0.01953385228851255,-0.0015029299196805956,0.02221325775742944,5497,
raw,high_mpc,q03a_fair_dist,distribution fairness,attitudes,food-cash,0.003354879312700343,0.011857068986339632,-0.019884548862732183,0.02659430748813287,0.7772202314128853,5497,
raw,high_mpc,q03a_fair_dist,distribution fairness,attitudes,medical-cash,0.028705190522659838,0.01139560956535869,0.006370206192676666,0.051040174852643005,0.011769892209984681,5497,
raw,high_mpc,q03a_fair_dist,distribution fairness,attitudes,restricted-cash,0.01603003491768009,0.010341453398528154,-0.0042388412912344325,0.03629891112659461,0.12112336390694926,5497,
raw,high_mpc,q03a_fair_dist,distribution fairness,attitudes,medical-food,0.025350311209959495,0.010635665049732684,0.004504790760852032,0.04619583165906696,0.017147992731367582,5497,
raw,high_mpc,q03b_fair_opp,opportunity fairness,attitudes,level,-0.011454384199878015,0.0046180691994970055,-0.020505633509005864,-0.002403134890750166,0.013125696235782525,5497,
raw,high_mpc,q03b_fair_opp,opportunity fairness,attitudes,food-cash,0.0017108439436521045,0.011876584612723071,-0.0215668341566277,0.02498852204393191,0.885459528945104,5497,
raw,high_mpc,q03b_fair_opp,opportunity fairness,attitudes,medical-cash,0.02191226594823556,0.011405889149564183,-0.00044286599656642375,0.04426739789303755,0.054714545417572286,5497,
raw,high_mpc,q03b_fair_opp,opportunity fairness,attitudes,restricted-cash,0.011811554945943832,0.010350287420117546,-0.008474635627124551,0.03209774551901222,0.25379446469345723,5497,
raw,high_mpc,q03b_fair_opp,opportunity fairness,attitudes,medical-food,0.020201422004583455,0.010666833644266637,-0.0007051877672592868,0.0411080317764262,0.0582444360008691,5497,
raw,high_mpc,q03c_fair_rule,rule fairness,attitudes,level,-0.005823807766063826,0.004613798761376888,-0.014866687170278038,0.0032190716381503863,0.2068557017257726,5497,
raw,high_mpc,q03c_fair_rule,rule fairness,attitudes,food-cash,0.00019018011576015827,0.011638836539152804,-0.02262152032292814,0.02300188055444846,0.9869630417619094,5497,
raw,high_mpc,q03c_fair_rule,rule fairness,attitudes,medical-cash,0.005626809790505347,0.011526824526715062,-0.016965351137969126,0.028218970718979823,0.6254441873974771,5497,
raw,high_mpc,q03c_fair_rule,rule fairness,attitudes,restricted-cash,0.0029084949531327526,0.01024656940681687,-0.017174412049318258,0.022991401955583766,0.7765248694974127,5497,
raw,high_mpc,q03c_fair_rule,rule fairness,attitudes,medical-food,0.005436629674745189,0.010802391442395287,-0.015735668499253258,0.026608927848743635,0.6147672885546784,5497,
raw,high_mpc,q04_trust_gov,institutional trust,attitudes,level,-0.004836011825183136,0.004707896332128563,-0.01406331907910334,0.0043912954287370675,0.3043202269807642,5497,
raw,high_mpc,q04_trust_gov,institutional trust,attitudes,food-cash,-0.0027205976080977665,0.012194212923859438,-0.026620815758675136,0.0211796205424796,0.8234532934025134,5497,
raw,high_mpc,q04_trust_gov,institutional trust,attitudes,medical-cash,0.005577255315041222,0.011851056561907202,-0.017650388725043972,0.028804899355126416,0.6379174820332392,5497,
raw,high_mpc,q04_trust_gov,institutional trust,attitudes,restricted-cash,0.0014283288534717277,0.010716537905695664,-0.019575699480650074,0.022432357187593528,0.8939698276157679,5497,
raw,high_mpc,q04_trust_gov,institutional trust,attitudes,medical-food,0.008297852923138989,0.010904861401917982,-0.013075282681021217,0.029670988527299193,0.4466979619318324,5497,
raw,high_mpc,q05_trust_soc,generalized trust,attitudes,level,-0.006824079107262422,0.004701947107472774,-0.016039726095121342,0.0023915678805964983,0.146687860496024,5497,
raw,high_mpc,q05_trust_soc,generalized trust,attitudes,food-cash,-0.0028251743508068278,0.012099908712727744,-0.026540559643975614,0.02089021094236196,0.8153830728503739,5497,
raw,high_mpc,q05_trust_soc,generalized trust,attitudes,medical-cash,0.026380929509386097,0.011456400334883777,0.003926797460541278,0.04883506155823092,0.02129436957011339,5497,
raw,high_mpc,q05_trust_soc,generalized trust,attitudes,restricted-cash,0.011777877579289634,0.010432114870743227,-0.008668691849951811,0.03222444700853108,0.25889702937020975,5497,
raw,high_mpc,q05_trust_soc,generalized trust,attitudes,medical-food,0.029206103860192924,0.010954346912226758,0.007735978438070931,0.05067622928231492,0.007672187081200293,5497,
raw,high_mpc,q08_support,social support,attitudes,level,0.0012362584149771929,0.004828596224226567,-0.00822761628039297,0.010700133110347357,0.7979288041051249,5497,
raw,high_mpc,q08_support,social support,attitudes,food-cash,0.0020447390384420723,0.012323821234170048,-0.02210950673244118,0.026198984809325327,0.868221784126893,5497,
raw,high_mpc,q08_support,social support,attitudes,medical-cash,-0.0005756533366862975,0.011944985529503302,-0.023987394770364878,0.02283608809699228,0.9615631862221573,5497,
raw,high_mpc,q08_support,social support,attitudes,restricted-cash,0.0007345428508778874,0.010742864504510445,-0.020321084668756317,0.02179017037051209,0.9454871601170683,5497,
raw,high_mpc,q08_support,social support,attitudes,medical-food,-0.00262039237512837,0.011290790369791035,-0.024749934856910474,0.019509150106653737,0.8164741074660907,5497,
raw,high_mpc,q12_voice,voice/response,attitudes,level,-0.0105676773517519,0.004816413526411175,-0.02000767439816936,-0.001127680305334439,0.0282284535769313,5497,
raw,high_mpc,q12_voice,voice/response,attitudes,food-cash,-0.004713247464341962,0.012281649301576497,-0.028784837766183402,0.01935834283749948,0.7011538190858123,5497,
raw,high_mpc,q12_voice,voice/response,attitudes,medical-cash,0.014631164326124537,0.011752536656595945,-0.008403384247790297,0.03766571290003937,0.21315501532317493,5497,
raw,high_mpc,q12_voice,voice/response,attitudes,restricted-cash,0.004958958430891287,0.010570536750596365,-0.01575891289753464,0.025676829759317215,0.6389765459129957,5497,
raw,high_mpc,q12_voice,voice/response,attitudes,medical-food,0.0193444117904665,0.011444521225471089,-0.0030864376317610367,0.04177526121269404,0.09097496003027954,5497,
raw,high_mpc,q16_fut_society,national outlook,attitudes,level,-0.0008982809176221801,0.004760619065635435,-0.010228922830382358,0.008432360995137996,0.8503358380280015,5497,
raw,high_mpc,q16_fut_society,national outlook,attitudes,food-cash,0.0026988661180451026,0.011768613194999045,-0.020367191892135882,0.025764924128226088,0.8186144156727034,5497,
raw,high_mpc,q16_fut_society,national outlook,attitudes,medical-cash,0.003926837312195129,0.01177381506364311,-0.01914941617318053,0.02700309079757079,0.7387395827276366,5497,
raw,high_mpc,q16_fut_society,national outlook,attitudes,restricted-cash,0.003312851715120116,0.010285811662800879,-0.016846968695731657,0.023472672125971886,0.7473922738443641,5497,
raw,high_mpc,q16_fut_society,national outlook,attitudes,medical-food,0.0012279711941500264,0.011447893654393712,-0.021209488067306274,0.023665430455606328,0.9145778576177308,5497,
raw,high_mpc,q17d_fut_fair,fairness outlook,attitudes,level,-0.009675044397708471,0.004717872845367239,-0.018921905258267764,-0.0004281835371491762,0.04029405285725222,5497,
raw,high_mpc,q17d_fut_fair,fairness outlook,attitudes,food-cash,0.012637769148775107,0.011963574949083376,-0.010810406877773921,0.03608594517532414,0.29080655569603464,5497,
raw,high_mpc,q17d_fut_fair,fairness outlook,attitudes,medical-cash,0.02828153840547443,0.011588308033169304,0.0055688720187064035,0.050994204792242454,0.014665990570956806,5497,
raw,high_mpc,q17d_fut_fair,fairness outlook,attitudes,restricted-cash,0.02045965377712477,0.010405996057286775,6.42762815768888e-05,0.04085503127267265,0.04928234454304354,5497,
raw,high_mpc,q17d_fut_fair,fairness outlook,attitudes,medical-food,0.015643769256699323,0.01103145509399515,-0.005977485424602087,0.037265023938000734,0.15615990978990035,5497,
raw,high_mpc,q21_order,social order,attitudes,level,0.004501433454900751,0.004648276894370832,-0.004609021848235774,0.013611888758037274,0.33284011680485337,5497,
raw,high_mpc,q21_order,social order,attitudes,food-cash,-0.0060330100835466844,0.011791898031552703,-0.02914470553475874,0.01707868536766537,0.6089146575372806,5497,
raw,high_mpc,q21_order,social order,attitudes,medical-cash,0.006380451059189002,0.011488104730372982,-0.016135820462966268,0.028896722581344274,0.5786236110375513,5497,
raw,high_mpc,q21_order,social order,attitudes,restricted-cash,0.00017372048782115894,0.010285952782369507,-0.019986376512302638,0.020333817487944952,0.9865250882600957,5497,
raw,high_mpc,q21_order,social order,attitudes,medical-food,0.012413461142735687,0.010901720983430513,-0.008953519354292698,0.03378044163976407,0.25484087696537117,5497,
raw,high_mpc,q22_vitality,social vitality,attitudes,level,0.0014007771934247135,0.004756551121052009,-0.007921891694460843,0.010723446081310269,0.7683802182534624,5497,
raw,high_mpc,q22_vitality,social vitality,attitudes,food-cash,-0.01079719221092715,0.012157255821284007,-0.03462497577148372,0.013030591349629419,0.3744722162400306,5497,
raw,high_mpc,q22_vitality,social vitality,attitudes,medical-cash,0.0009796229907474488,0.011596843773995107,-0.02174977314062052,0.023709019122115416,0.9326801765631854,5497,
raw,high_mpc,q22_vitality,social vitality,attitudes,restricted-cash,-0.00490878461008985,0.01046189038144747,-0.0254137129679329,0.0155961437477532,0.6389222009940356,5497,
raw,high_mpc,q22_vitality,social vitality,attitudes,medical-food,0.011776815201674598,0.011259072245593478,-0.01029056089902313,0.033844191302372324,0.2955681826452262,5497,
clean,outcome_ord,q42_age,age,objective,level,0.03276511140196294,0.022452079940850845,-0.011240156660118898,0.07677037946404477,0.14447286146422447,5171,
clean,outcome_ord,q42_age,age,objective,food-cash,0.02533381957959523,0.055339514006771354,-0.08312963479562649,0.13379727395481694,0.64710405494604,5171,
clean,outcome_ord,q42_age,age,objective,medical-cash,0.0014632897360742133,0.0546745702230904,-0.10569689877138905,0.10862347824353746,0.9786482652565113,5171,
clean,outcome_ord,q42_age,age,objective,restricted-cash,0.01339855465783472,0.04767496564379219,-0.08004266096818241,0.10683977028385186,0.7786800046489954,5171,
clean,outcome_ord,q42_age,age,objective,medical-food,-0.02387052984352102,0.05488106670449756,-0.13143544401747653,0.08369438433043451,0.6635985899438657,5171,
clean,outcome_ord,q41_gender,gender,objective,level,-0.07331150919638771,0.021392337437697233,-0.11523972011940214,-0.031383298273373265,0.0006102923480969395,5171,
clean,outcome_ord,q41_gender,gender,objective,food-cash,-0.011483117947053952,0.053710050266132466,-0.11675288207650952,0.09378664618240162,0.830704343343512,5171,
clean,outcome_ord,q41_gender,gender,objective,medical-cash,-0.01631190262436525,0.05212859638028933,-0.11848207409435735,0.08585826884562686,0.7543440330385759,5171,
clean,outcome_ord,q41_gender,gender,objective,restricted-cash,-0.0138975102857096,0.04624126948791996,-0.10452873308144363,0.07673371251002443,0.7637626652592181,5171,
clean,outcome_ord,q41_gender,gender,objective,medical-food,-0.004828784677311298,0.05149077689180296,-0.10574885292123236,0.09609128356660977,0.925284233755273,5171,
clean,outcome_ord,q43_edu,education,objective,level,0.13278846067508432,0.02210182855087062,0.08946967272289881,0.17610724862726984,1.8779048690152897e-09,5171,
clean,outcome_ord,q43_edu,education,objective,food-cash,0.06214494849197069,0.05497916729062433,-0.04561223929765558,0.16990213628159695,0.2583345446123685,5171,
clean,outcome_ord,q43_edu,education,objective,medical-cash,-0.06570496958012116,0.05440337833505777,-0.17233363175414104,0.04092369259389872,0.22714846493951668,5171,
clean,outcome_ord,q43_edu,education,objective,restricted-cash,-0.0017800105440752348,0.04797312355976417,-0.09580560494710297,0.09224558385895248,0.970401820624115,5171,
clean,outcome_ord,q43_edu,education,objective,medical-food,-0.12784991807209184,0.05252799714584764,-0.23080290065797598,-0.024896935486207708,0.014935529753197136,5171,
clean,outcome_ord,income_h,monthly income harmonized 1-6,objective,level,0.15187538138287002,0.022317955757226237,0.10813299189014824,0.1956177708755918,1.009960222101354e-11,5171,
clean,outcome_ord,income_h,monthly income harmonized 1-6,objective,food-cash,0.04268242347473736,0.05489529698553988,-0.064910381537551,0.15027522848702574,0.43684954525359576,5171,
clean,outcome_ord,income_h,monthly income harmonized 1-6,objective,medical-cash,-0.10237744799655255,0.05586402525827456,-0.21186892553420655,0.007114029541101477,0.06685932014148513,5171,
clean,outcome_ord,income_h,monthly income harmonized 1-6,objective,restricted-cash,-0.029847512260907594,0.04863636168452613,-0.12517302950164266,0.06547800497982746,0.5394220532165781,5171,
clean,outcome_ord,income_h,monthly income harmonized 1-6,objective,medical-food,-0.1450598714712899,0.052977194968621695,-0.248893265611745,-0.041226477330834815,0.006178459307951772,5171,
clean,outcome_ord,q23_hukou,hukou,objective,level,0.10674836149342674,0.021602681097220272,0.0644078845733708,0.1490888384134827,7.75475156207282e-07,5171,
clean,outcome_ord,q23_hukou,hukou,objective,food-cash,0.003228063134018351,0.05369977182765399,-0.10202155562620209,0.1084776818942388,0.952065506408347,5171,
clean,outcome_ord,q23_hukou,hukou,objective,medical-cash,0.11208539184367047,0.052374957675226055,0.009432361108417733,0.21473842257892323,0.03235016512146824,5171,
clean,outcome_ord,q23_hukou,hukou,objective,restricted-cash,0.057656727488844414,0.04616827633064436,-0.03283143134751157,0.1481448863252004,0.21172409749291243,5171,
clean,outcome_ord,q23_hukou,hukou,objective,medical-food,0.10885732870965212,0.05222608940248826,0.006496074427406129,0.2112185829918981,0.03712855249349292,5171,
clean,outcome_ord,q24_workstat,employment status,objective,level,-0.1468755341491723,0.02160242457686072,-0.1892155082985622,-0.10453555999978237,1.0532583891034561e-11,5171,
clean,outcome_ord,q24_workstat,employment status,objective,food-cash,-0.08085211712724621,0.05346422975522501,-0.18564008190866194,0.02393584765416952,0.13046630075114557,5171,
clean,outcome_ord,q24_workstat,employment status,objective,medical-cash,-0.019481381657648688,0.054137380761777806,-0.12558869816806478,0.0866259348527674,0.7189586855056314,5171,
clean,outcome_ord,q24_workstat,employment status,objective,restricted-cash,-0.05016674939244745,0.04732312248348284,-0.1429183650960515,0.04258486631115659,0.28910384439429915,5171,
clean,outcome_ord,q24_workstat,employment status,objective,medical-food,0.06137073546959752,0.05119226535115944,-0.03896426090569269,0.16170573184488773,0.23059472340695153,5171,
clean,outcome_ord,q25_unittype,work-unit type,objective,level,-0.10895146374605959,0.022380429302612723,-0.1528162991377254,-0.06508662835439377,1.1264331238158593e-06,5171,
clean,outcome_ord,q25_unittype,work-unit type,objective,food-cash,-0.057708967745696685,0.05542659335119551,-0.16634309449978713,0.05092515900839374,0.2977927923460536,5171,
clean,outcome_ord,q25_unittype,work-unit type,objective,medical-cash,-0.0021335135653626105,0.05499923710303142,-0.10993003746448325,0.10566301033375804,0.9690564672327886,5171,
clean,outcome_ord,q25_unittype,work-unit type,objective,restricted-cash,-0.029921240655529646,0.048115149997496456,-0.12422520176136517,0.06438272045030588,0.5340290980138778,5171,
clean,outcome_ord,q25_unittype,work-unit type,objective,medical-food,0.05557545418033408,0.054164342770333565,-0.05058470689580216,0.16173561525647032,0.30486688287954766,5171,
clean,outcome_ord,q26_housing,housing tenure,objective,level,-0.09393006294562034,0.022277238231718777,-0.1375926475548079,-0.050267478336432775,2.4821769901121898e-05,5171,
clean,outcome_ord,q26_housing,housing tenure,objective,food-cash,-0.052477689200245065,0.055436101198234784,-0.161130450992103,0.05617507259161285,0.3438253953722805,5171,
clean,outcome_ord,q26_housing,housing tenure,objective,medical-cash,0.023031207122336233,0.05473840011339879,-0.0842540856712686,0.13031649991594108,0.6739373088205611,5171,
clean,outcome_ord,q26_housing,housing tenure,objective,restricted-cash,-0.014723241038954416,0.04813780211230693,-0.10907159947399214,0.0796251173960833,0.7597142023905267,5171,
clean,outcome_ord,q26_housing,housing tenure,objective,medical-food,0.0755088963225813,0.05357159281985598,-0.02948949619878098,0.18050728884394357,0.158688828270934,5171,
clean,outcome_ord,q27_minorchild,minor child,needs,level,-0.06999039769292176,0.021398747946227224,-0.11193117298177757,-0.02804962240406595,0.0010725483895899918,5171,
clean,outcome_ord,q27_minorchild,minor child,needs,food-cash,0.07790649843213053,0.05379176338818431,-0.02752342047361099,0.18333641733787204,0.14753375224126322,5171,
clean,outcome_ord,q27_minorchild,minor child,needs,medical-cash,0.016510059519893722,0.05188584090681324,-0.08518431996503528,0.11820443900482272,0.7503334528713734,5171,
clean,outcome_ord,q27_minorchild,minor child,needs,restricted-cash,0.047208278976012125,0.04609411117833515,-0.04313451883290989,0.13755107678493414,0.3057542367137701,5171,
clean,outcome_ord,q27_minorchild,minor child,needs,medical-food,-0.06139643891223681,0.05169835827908071,-0.16272335919908315,0.039930481374609514,0.23499508927394752,5171,
clean,outcome_ord,q28_hhsize,household size,needs,level,0.08308187866297768,0.021850200609224015,0.04025627241392347,0.1259074849120319,0.00014333618166810527,5171,
clean,outcome_ord,q28_hhsize,household size,needs,food-cash,-0.06654511391837975,0.05533417405940896,-0.17499810218909184,0.04190787435233233,0.2291294950961844,5171,
clean,outcome_ord,q28_hhsize,household size,needs,medical-cash,-0.009211541033595469,0.05353154592302672,-0.1141314430794798,0.09570836101228887,0.8633770941564627,5171,
clean,outcome_ord,q28_hhsize,household size,needs,restricted-cash,-0.03787832747598761,0.04783380796044384,-0.13163086832186288,0.05587421336988766,0.4284344090402238,5171,
clean,outcome_ord,q28_hhsize,household size,needs,medical-food,0.05733357288478428,0.051987515034916686,-0.04456008422938699,0.15922722999895556,0.2700994795566424,5171,
clean,outcome_ord,q29_foodexp,monthly food spending,needs,level,0.2651146329869468,0.0223812700605142,0.2212481497400744,0.30898111623381924,2.273872314317782e-32,5171,
clean,outcome_ord,q29_foodexp,monthly food spending,needs,food-cash,-0.008494113025946977,0.05608211879794554,-0.118413046046617,0.10142481999472304,0.8796140532544826,5171,
clean,outcome_ord,q29_foodexp,monthly food spending,needs,medical-cash,-0.0520114477953722,0.05500769103512478,-0.15982454109692357,0.05580164550617918,0.3443881240194293,5171,
clean,outcome_ord,q29_foodexp,monthly food spending,needs,restricted-cash,-0.03025278041065959,0.04866841333860101,-0.12564111773902634,0.06513555691770717,0.5341982358493917,5171,
clean,outcome_ord,q29_foodexp,monthly food spending,needs,medical-food,-0.04351733476942522,0.053550372698773815,-0.14847413661771888,0.06143946707886844,0.4164227784039436,5171,
clean,outcome_ord,q30_medexp,annual OOP medical spending,needs,level,0.17597089370446964,0.022698036480517166,0.13148355968287972,0.22045822772605955,8.996439659639713e-15,5171,
clean,outcome_ord,q30_medexp,annual OOP medical spending,needs,food-cash,-0.022166531621482796,0.05651136710271904,-0.13292677585993373,0.08859371261696815,0.6948741849738618,5171,
clean,outcome_ord,q30_medexp,annual OOP medical spending,needs,medical-cash,0.12865628101679225,0.05526014632836591,0.020348384432781766,0.23696417760080274,0.01990186237315991,5171,
clean,outcome_ord,q30_medexp,annual OOP medical spending,needs,restricted-cash,0.05324487469765472,0.04886149985062679,-0.04252190524018301,0.14901165463549246,0.2758408222643466,5171,
clean,outcome_ord,q30_medexp,annual OOP medical spending,needs,medical-food,0.15082281263827504,0.054264648690378246,0.04446605557141507,0.257179569705135,0.005446050597762395,5171,
clean,outcome_ord,q31_gotsubsidy,prior subsidy,objective,level,-0.1321188616957627,0.021096802456286597,-0.1734678346990406,-0.09076988869248483,3.7883817441862215e-10,5171,
clean,outcome_ord,q31_gotsubsidy,prior subsidy,objective,food-cash,0.04268378812832502,0.05338873035836851,-0.061956200554397475,0.14732377681104752,0.4240059943925254,5171,
clean,outcome_ord,q31_gotsubsidy,prior subsidy,objective,medical-cash,0.006568002743461421,0.051047040454584754,-0.09348235806488385,0.10661836355180669,0.897622184162544,5171,
clean,outcome_ord,q31_gotsubsidy,prior subsidy,objective,restricted-cash,0.02462589543589322,0.04563563038365487,-0.06481829652785213,0.11407008739963857,0.5894591728658382,5171,
clean,outcome_ord,q31_gotsubsidy,prior subsidy,objective,medical-food,-0.0361157853848636,0.05081211169442706,-0.13570569428436713,0.06347412351463994,0.47722603281776477,5171,
clean,outcome_ord,q49_citytier,city tier,objective,level,-0.072893213636204,0.021230205909731775,-0.1145036526036477,-0.03128277466876031,0.0005959145063949517,5171,
clean,outcome_ord,q49_citytier,city tier,objective,food-cash,0.014991700759221011,0.054048758503349593,-0.09094191931644718,0.12092532083488922,0.7814932218489082,5171,
clean,outcome_ord,q49_citytier,city tier,objective,medical-cash,0.11482487067349015,0.052346752378986144,0.012227121303040905,0.2174226200439394,0.028268254722715613,5171,
clean,outcome_ord,q49_citytier,city tier,objective,restricted-cash,0.06490828571635558,0.04689113715057341,-0.026996654292896424,0.15681322572560757,0.16628695036883567,5171,
clean,outcome_ord,q49_citytier,city tier,objective,medical-food,0.09983316991426913,0.050277098043393975,0.0012918685020277265,0.19837447132651054,0.047071205548977535,5171,
clean,outcome_ord,q06_socsec,perceived social protection,subjective_economic,level,0.06058869845329812,0.02389060030620499,0.013763982284094749,0.10741341462250148,0.011209810930199585,5171,
clean,outcome_ord,q06_socsec,perceived social protection,subjective_economic,food-cash,0.06512803907379537,0.05997435899680196,-0.05241954455581223,0.18267562270340298,0.27750934767791424,5171,
clean,outcome_ord,q06_socsec,perceived social protection,subjective_economic,medical-cash,0.06276048510162341,0.05880316788069931,-0.05249160612140974,0.17801257632465656,0.28583743198315925,5171,
clean,outcome_ord,q06_socsec,perceived social protection,subjective_economic,restricted-cash,0.0639442620877094,0.052084723410171854,-0.03813991994095767,0.16602844411637646,0.21956070844766395,5171,
clean,outcome_ord,q06_socsec,perceived social protection,subjective_economic,medical-food,-0.0023675539721719624,0.05708063532328242,-0.11424354342047033,0.1095084354761264,0.9669153426529729,5171,
clean,outcome_ord,q07_emergfund,emergency liquidity,subjective_economic,level,0.09346025129144231,0.023829393054014453,0.04675549913212505,0.14016500345075955,8.77960090656295e-05,5171,
clean,outcome_ord,q07_emergfund,emergency liquidity,subjective_economic,food-cash,0.09480717909789181,0.06054463150452102,-0.023858118108218487,0.21347247630400212,0.11737071256763532,5171,
clean,outcome_ord,q07_emergfund,emergency liquidity,subjective_economic,medical-cash,0.04281178092389415,0.05805766543620545,-0.07097915235754446,0.15660271420533275,0.4608785236167878,5171,
clean,outcome_ord,q07_emergfund,emergency liquidity,subjective_economic,restricted-cash,0.06880948001089299,0.05223031229928779,-0.0335600509969905,0.17117901101877647,0.1876964568000471,5171,
clean,outcome_ord,q07_emergfund,emergency liquidity,subjective_economic,medical-food,-0.05199539817399766,0.05621981633122499,-0.1621842134006554,0.05819341705266007,0.35503930158417274,5171,
clean,outcome_ord,q09_gain,sense of gain,subjective_economic,level,0.09424741538925265,0.0240189092136278,0.047171218382604886,0.1413236123959004,8.713267484998245e-05,5171,
clean,outcome_ord,q09_gain,sense of gain,subjective_economic,food-cash,0.04604632873918029,0.06116803407857223,-0.07384081505993995,0.16593347253830054,0.45157961123491575,5171,
clean,outcome_ord,q09_gain,sense of gain,subjective_economic,medical-cash,0.03960018809679882,0.05844478068369458,-0.07494947712758479,0.15414985332118245,0.4980469984567628,5171,
clean,outcome_ord,q09_gain,sense of gain,subjective_economic,restricted-cash,0.042823258417989556,0.05241854644184394,-0.05991520472996476,0.14556172156594388,0.4139577992969333,5171,
clean,outcome_ord,q09_gain,sense of gain,subjective_economic,medical-food,-0.0064461406423814704,0.057652628041591186,-0.11944321521798419,0.10655093393322125,0.9109740542520871,5171,
clean,outcome_ord,q10_effort,returns to effort,subjective_economic,level,0.0573024381345399,0.02402392820149414,0.010216404092435266,0.10438847217664453,0.01706874794248061,5171,
clean,outcome_ord,q10_effort,returns to effort,subjective_economic,food-cash,0.03656254074837077,0.06128648115738015,-0.08355675505928696,0.15668183655602852,0.5507850834782633,5171,
clean,outcome_ord,q10_effort,returns to effort,subjective_economic,medical-cash,0.031597679636020434,0.05813982481711309,-0.08235428307298927,0.14554964234503015,0.5868011613347119,5171,
clean,outcome_ord,q10_effort,returns to effort,subjective_economic,restricted-cash,0.0340801101921956,0.05229706008310502,-0.06842024406801753,0.13658046445240873,0.5146179655979353,5171,
clean,outcome_ord,q10_effort,returns to effort,subjective_economic,medical-food,-0.004964861112350338,0.05772879724620489,-0.11811122458572697,0.10818150236102629,0.9314638759410367,5171,
clean,outcome_ord,q11_mobility,upward mobility,subjective_economic,level,0.05813158809233496,0.023558303272668286,0.011958162141033027,0.10430501404363689,0.013603643257900587,5171,
clean,outcome_ord,q11_mobility,upward mobility,subjective_economic,food-cash,0.04626925372481159,0.06059319203829133,-0.07249122037855857,0.16502972782818176,0.44510277383346464,5171,
clean,outcome_ord,q11_mobility,upward mobility,subjective_economic,medical-cash,0.10724668665423628,0.05744515889169753,-0.005343755859671728,0.2198371291681443,0.061909914365041833,5171,
clean,outcome_ord,q11_mobility,upward mobility,subjective_economic,restricted-cash,0.07675797018952393,0.052034434736949235,-0.025227647850796495,0.17874358822984437,0.14017545527458694,5171,
clean,outcome_ord,q11_mobility,upward mobility,subjective_economic,medical-food,0.060977432929424695,0.055790974264552304,-0.048370867291498844,0.17032573315034824,0.2744103418616928,5171,
clean,outcome_ord,q13_pressure,pressure affordability,subjective_economic,level,0.08217561771602991,0.02411690533143859,0.03490735184784826,0.12944388358421155,0.0006558817948416918,5171,
clean,outcome_ord,q13_pressure,pressure affordability,subjective_economic,food-cash,0.06958264655905945,0.06096775560662709,-0.049911958648169594,0.18907725176628848,0.25374409855358826,5171,
clean,outcome_ord,q13_pressure,pressure affordability,subjective_economic,medical-cash,0.10663426344507684,0.05819398619169628,-0.007423853607469083,0.22069238049762277,0.06689286333512436,5171,
clean,outcome_ord,q13_pressure,pressure affordability,subjective_economic,restricted-cash,0.08810845500206815,0.05210918777264976,-0.014023676295960325,0.19024058630009663,0.09086679352230576,5171,
clean,outcome_ord,q13_pressure,pressure affordability,subjective_economic,medical-food,0.037051616886017394,0.057842412673369765,-0.07631742873269053,0.1504206625047253,0.5218076845538882,5171,
clean,outcome_ord,q15_fut_self,future self,subjective_economic,level,0.05422056706909317,0.02337551345940602,0.008405402568526087,0.10003573156966025,0.020365476993495238,5171,
clean,outcome_ord,q15_fut_self,future self,subjective_economic,food-cash,0.05826023453863278,0.05844003473189996,-0.05628012879116102,0.17280059786842658,0.31880172224464043,5171,
clean,outcome_ord,q15_fut_self,future self,subjective_economic,medical-cash,0.06146744765259085,0.05716325369558336,-0.050570470829878686,0.1735053661350604,0.282241994684332,5171,
clean,outcome_ord,q15_fut_self,future self,subjective_economic,restricted-cash,0.05986384109561181,0.050512038995544295,-0.03913793612133777,0.1588656183125614,0.23596207302500893,5171,
clean,outcome_ord,q15_fut_self,future self,subjective_economic,medical-food,0.0032072131139580726,0.0562128644627993,-0.10696797670096006,0.11338240292887619,0.9545015509715289,5171,
clean,outcome_ord,q17a_fut_econ,economic outlook,subjective_economic,level,0.0629902673200119,0.023313059410699888,0.017297510505597538,0.10868302413442625,0.006893816145998365,5171,
clean,outcome_ord,q17a_fut_econ,economic outlook,subjective_economic,food-cash,0.0808872138263512,0.05797692047520553,-0.03274546223959447,0.19451988989229685,0.16296690220725507,5171,
clean,outcome_ord,q17a_fut_econ,economic outlook,subjective_economic,medical-cash,0.0388095912132101,0.057199683874910145,-0.07329972910869026,0.15091891153511047,0.4974590930399059,5171,
clean,outcome_ord,q17a_fut_econ,economic outlook,subjective_economic,restricted-cash,0.059848402519780644,0.05042606870067778,-0.03898487601549028,0.15868168105505157,0.2352850487621302,5171,
clean,outcome_ord,q17a_fut_econ,economic outlook,subjective_economic,medical-food,-0.042077622613141095,0.05563362893011766,-0.15111753164543734,0.06696228641915514,0.4494487793187417,5171,
clean,outcome_ord,q17b_fut_job,employment/income outlook,subjective_economic,level,0.05448364454792507,0.02341026457344873,0.008600369115411628,0.10036691998043851,0.019947177800149252,5171,
clean,outcome_ord,q17b_fut_job,employment/income outlook,subjective_economic,food-cash,0.04253185693408529,0.059304100447215485,-0.07370204407800278,0.15876575794617337,0.4732615591538982,5171,
clean,outcome_ord,q17b_fut_job,employment/income outlook,subjective_economic,medical-cash,0.08483838365704616,0.05658133264744023,-0.02605899052921705,0.19573575784330938,0.13376836550503932,5171,
clean,outcome_ord,q17b_fut_job,employment/income outlook,subjective_economic,restricted-cash,0.06368512029556572,0.05078521788905822,-0.03585207771400767,0.1632223183051391,0.2098387342226018,5171,
clean,outcome_ord,q17b_fut_job,employment/income outlook,subjective_economic,medical-food,0.04230652672296087,0.05585958864752712,-0.06717625521741474,0.15178930866333648,0.4488266150167095,5171,
clean,outcome_ord,q17c_fut_price,price/affordability outlook,subjective_economic,level,0.06648479169266894,0.023406487563829195,0.020608919062979042,0.11236066432235883,0.004505093568423288,5171,
clean,outcome_ord,q17c_fut_price,price/affordability outlook,subjective_economic,food-cash,0.11908286305840071,0.05863069458554625,0.004168813282162509,0.23399691283463891,0.042248208685180415,5171,
clean,outcome_ord,q17c_fut_price,price/affordability outlook,subjective_economic,medical-cash,0.14252028322166982,0.05656977668367779,0.031645558308187646,0.253395008135152,0.011756454299474674,5171,
clean,outcome_ord,q17c_fut_price,price/affordability outlook,subjective_economic,restricted-cash,0.13080157314003527,0.050331865454321265,0.03215292957484986,0.22945021670522067,0.009355501887727333,5171,
clean,outcome_ord,q17c_fut_price,price/affordability outlook,subjective_economic,medical-food,0.023437420163269107,0.05605541225253779,-0.08642916899025023,0.13330400931678843,0.6758654973147027,5171,
clean,outcome_ord,q17e_fut_welfare,welfare outlook,subjective_economic,level,0.08637114084158683,0.02338697964924229,0.04053350302190075,0.1322087786612729,0.00022151128283824542,5171,
clean,outcome_ord,q17e_fut_welfare,welfare outlook,subjective_economic,food-cash,0.10082777577272255,0.0591819656203742,-0.015166745377498556,0.21682229692294364,0.08843885068463943,5171,
clean,outcome_ord,q17e_fut_welfare,welfare outlook,subjective_economic,medical-cash,0.06043050878469461,0.05743632350865057,-0.05214261669665174,0.17300363426604096,0.2927396723939911,5171,
clean,outcome_ord,q17e_fut_welfare,welfare outlook,subjective_economic,restricted-cash,0.08062914227870857,0.05141312023268658,-0.020138721710184687,0.18139700626760183,0.11682045626366074,5171,
clean,outcome_ord,q17e_fut_welfare,welfare outlook,subjective_economic,medical-food,-0.04039726698802794,0.055042137472306574,-0.14827787406585136,0.06748334008979548,0.46298928655142424,5171,
clean,outcome_ord,q18_ses_now,subjective SES,subjective_economic,level,0.0551687565900307,0.023573753468145126,0.008965048812040056,0.10137246436802133,0.019270222387246894,5171,
clean,outcome_ord,q18_ses_now,subjective SES,subjective_economic,food-cash,0.03991782859101787,0.05926856223765,-0.0762464188102468,0.15608207599228255,0.5006243994332438,5171,
clean,outcome_ord,q18_ses_now,subjective SES,subjective_economic,medical-cash,0.04490132448235591,0.05700104041479834,-0.06681866181196089,0.1566213107766727,0.43085573231420404,5171,
clean,outcome_ord,q18_ses_now,subjective SES,subjective_economic,restricted-cash,0.042409576536686894,0.05066564870397651,-0.05689327017646553,0.14171242324983932,0.40256562528362927,5171,
clean,outcome_ord,q18_ses_now,subjective SES,subjective_economic,medical-food,0.0049834958913380425,0.057059007367779406,-0.1068501035431152,0.11681709532579126,0.9304017868153922,5171,
clean,outcome_ord,q19_ses_past5,past mobility,subjective_economic,level,0.05024955984673382,0.02340649235102271,0.004373677834317059,0.09612544185915059,0.03180749899173275,5171,
clean,outcome_ord,q19_ses_past5,past mobility,subjective_economic,food-cash,0.04684011110779629,0.05897530243089486,-0.06874935763411513,0.1624295798497077,0.4270600005663381,5171,
clean,outcome_ord,q19_ses_past5,past mobility,subjective_economic,medical-cash,0.09724210143270959,0.05680795648814491,-0.014099447319372932,0.2085836501847921,0.08693923875622958,5171,
clean,outcome_ord,q19_ses_past5,past mobility,subjective_economic,restricted-cash,0.07204110627025294,0.05064811022685994,-0.027227365659407324,0.17130957819991322,0.15491454958711362,5171,
clean,outcome_ord,q19_ses_past5,past mobility,subjective_economic,medical-food,0.0504019903249133,0.05612072839994454,-0.05959261612513217,0.16039659677495877,0.36913257958074075,5171,
clean,outcome_ord,q20_ses_next1,expected mobility,subjective_economic,level,0.02462194657388221,0.023536111678258306,-0.021507984651616636,0.07075187779938105,0.295498778812911,5171,
clean,outcome_ord,q20_ses_next1,expected mobility,subjective_economic,food-cash,0.03629130025254081,0.05842451015697179,-0.07821863546951846,0.1508012359746001,0.5344906217421078,5171,
clean,outcome_ord,q20_ses_next1,expected mobility,subjective_economic,medical-cash,0.07429615679337548,0.05762671497180727,-0.03865012909872188,0.18724244268547285,0.19730567216594996,5171,
clean,outcome_ord,q20_ses_next1,expected mobility,subjective_economic,restricted-cash,0.05529372852295815,0.0505098488053795,-0.043703756000149155,0.15429121304606547,0.2736429085136075,5171,
clean,outcome_ord,q20_ses_next1,expected mobility,subjective_economic,medical-food,0.038004856540834665,0.05712743671545962,-0.07396286195055735,0.1499725750322267,0.5058813220490868,5171,
clean,outcome_ord,q01_lifesat,life satisfaction,attitudes,level,0.04845785523128529,0.023671877143875794,0.002061828582831854,0.09485388187973873,0.04065176907002742,5171,
clean,outcome_ord,q01_lifesat,life satisfaction,attitudes,food-cash,0.06074398070935987,0.05951311205289109,-0.05589957552220325,0.177387536940923,0.3074049781535205,5171,
clean,outcome_ord,q01_lifesat,life satisfaction,attitudes,medical-cash,0.034199212940078494,0.05836935449260647,-0.08020261966628138,0.14860104554643838,0.5579357153967353,5171,
clean,outcome_ord,q01_lifesat,life satisfaction,attitudes,restricted-cash,0.04747159682471919,0.051678385837396375,-0.05381617819574251,0.1487593718451809,0.35830653710152127,5171,
clean,outcome_ord,q01_lifesat,life satisfaction,attitudes,medical-food,-0.02654476776928138,0.05670063358704045,-0.1376759675004828,0.08458643196192003,0.6396727076000619,5171,
clean,outcome_ord,q02_safety,safety,attitudes,level,0.056624362622032284,0.023265805149209094,0.01102422245825592,0.10222450278580865,0.014941166512846193,5171,
clean,outcome_ord,q02_safety,safety,attitudes,food-cash,0.07582413690018727,0.05796428687983511,-0.037783777773837124,0.18943205157421167,0.19083323131684382,5171,
clean,outcome_ord,q02_safety,safety,attitudes,medical-cash,-0.014539086487177319,0.05735580444699927,-0.12695439750761817,0.09787622453326351,0.7998900778399204,5171,
clean,outcome_ord,q02_safety,safety,attitudes,restricted-cash,0.030642525206504977,0.05071543874085669,-0.06875790818572153,0.13004295859873147,0.545707310684435,5171,
clean,outcome_ord,q02_safety,safety,attitudes,medical-food,-0.09036322338736459,0.05487140245875022,-0.19790919598771758,0.017182749212988402,0.09959542245392902,5171,
clean,outcome_ord,q03a_fair_dist,distribution fairness,attitudes,level,0.059924829049107474,0.022918923899467286,0.0150045636417373,0.10484509445647765,0.008932047497365198,5171,
clean,outcome_ord,q03a_fair_dist,distribution fairness,attitudes,food-cash,0.04138653948651092,0.058191246738135805,-0.07266620833571916,0.155439287308741,0.4769504617593059,5171,
clean,outcome_ord,q03a_fair_dist,distribution fairness,attitudes,medical-cash,0.11005642745587063,0.05606337221032042,0.00017423707177888215,0.21993861783996238,0.04963782665009265,5171,
clean,outcome_ord,q03a_fair_dist,distribution fairness,attitudes,restricted-cash,0.07572148347119077,0.050226567189871806,-0.022720779288039117,0.17416374623042066,0.1316573876890065,5171,
clean,outcome_ord,q03a_fair_dist,distribution fairness,attitudes,medical-food,0.06866988796935972,0.05447764306895288,-0.03810433040841603,0.17544410634713548,0.20748362885903282,5171,
clean,outcome_ord,q03b_fair_opp,opportunity fairness,attitudes,level,0.06795092871434198,0.023027416851251866,0.022818021028897587,0.11308383639978638,0.0031687958239366605,5171,
clean,outcome_ord,q03b_fair_opp,opportunity fairness,attitudes,food-cash,0.041806314037973524,0.058393569792922796,-0.07264297968488118,0.15625560776082822,0.47402816884554744,5171,
clean,outcome_ord,q03b_fair_opp,opportunity fairness,attitudes,medical-cash,0.07131823104832766,0.056015772644281384,-0.03847066590064785,0.18110712799730316,0.20295373488939106,5171,
clean,outcome_ord,q03b_fair_opp,opportunity fairness,attitudes,restricted-cash,0.05656227254315059,0.0502363696322779,-0.04189920265015577,0.15502374773645694,0.2601982096241532,5171,
clean,outcome_ord,q03b_fair_opp,opportunity fairness,attitudes,medical-food,0.029511917010354133,0.05477572656633704,-0.0778465342866803,0.13687036830738858,0.5900405418801801,5171,
clean,outcome_ord,q03c_fair_rule,rule fairness,attitudes,level,0.07534512610136727,0.02297818925523695,0.030308702731157607,0.12038154947157695,0.001041813628314307,5171,
clean,outcome_ord,q03c_fair_rule,rule fairness,attitudes,food-cash,0.041308072610701636,0.05785827238897461,-0.07209205747939684,0.1547082027008001,0.47525639808054265,5171,
clean,outcome_ord,q03c_fair_rule,rule fairness,attitudes,medical-cash,0.0501399392513137,0.05634601000229088,-0.06029621102571006,0.16057608952833746,0.37354221965123824,5171,
clean,outcome_ord,q03c_fair_rule,rule fairness,attitudes,restricted-cash,0.04572400593100767,0.050030242339483035,-0.05233346719219001,0.14378147905420535,0.36075503046586166,5171,
clean,outcome_ord,q03c_fair_rule,rule fairness,attitudes,medical-food,0.008831866640612064,0.0550709039315725,-0.09910512166133528,0.11676885494255942,0.8725875351849974,5171,
clean,outcome_ord,q04_trust_gov,institutional trust,attitudes,level,0.0561059389732142,0.02328437890310378,0.010469394920746541,0.10174248302568185,0.015970207626483605,5171,
clean,outcome_ord,q04_trust_gov,institutional trust,attitudes,food-cash,0.024764000423010742,0.05940075818718467,-0.09165934627824396,0.14118734712426545,0.6767537167296453,5171,
clean,outcome_ord,q04_trust_gov,institutional trust,attitudes,medical-cash,0.007394532266250561,0.057274300070669054,-0.10486103311200067,0.11965009764450178,0.8972727178187883,5171,
clean,outcome_ord,q04_trust_gov,institutional trust,attitudes,restricted-cash,0.016079266344630652,0.051373092439949516,-0.08461014461211733,0.11676867730137863,0.7542882279103859,5171,
clean,outcome_ord,q04_trust_gov,institutional trust,attitudes,medical-food,-0.01736946815676018,0.055324610583541045,-0.12580371235920412,0.09106477604568378,0.7535548042852824,5171,
clean,outcome_ord,q05_trust_soc,generalized trust,attitudes,level,0.08378334736982518,0.02342427594712022,0.037872610149541686,0.12969408459010867,0.0003478603192974376,5171,
clean,outcome_ord,q05_trust_soc,generalized trust,attitudes,food-cash,0.06733365870917503,0.05987547576870316,-0.05002011735468387,0.18468743477303393,0.2607748685555379,5171,
clean,outcome_ord,q05_trust_soc,generalized trust,attitudes,medical-cash,0.11593655557745075,0.056417881631389596,0.005359539495883275,0.22651357165901823,0.039882756164775025,5171,
clean,outcome_ord,q05_trust_soc,generalized trust,attitudes,restricted-cash,0.09163510714331288,0.05106794509808754,-0.008456226013407495,0.19172644030003327,0.07275313719343553,5171,
clean,outcome_ord,q05_trust_soc,generalized trust,attitudes,medical-food,0.04860289686827572,0.055716782628207825,-0.060599990417458546,0.15780578415400998,0.3830335063696755,5171,
clean,outcome_ord,q08_support,social support,attitudes,level,0.08574226964079351,0.023765153667007887,0.03916342436639805,0.13232111491518897,0.0003086868289903443,5171,
clean,outcome_ord,q08_support,social support,attitudes,food-cash,0.04071613051594376,0.060106275712194956,-0.07709000512479294,0.15852226615668047,0.49815072779264924,5171,
clean,outcome_ord,q08_support,social support,attitudes,medical-cash,-0.0396569776198034,0.05767119707963836,-0.15269044684120614,0.07337649160159933,0.4916799966983052,5171,
clean,outcome_ord,q08_support,social support,attitudes,restricted-cash,0.000529576448070182,0.05156590764194049,-0.10053774536025192,0.10159689825639229,0.9918059535165152,5171,
clean,outcome_ord,q08_support,social support,attitudes,medical-food,-0.08037310813574716,0.05693234038250338,-0.1919584448410291,0.03121222856953479,0.15802939757569912,5171,
clean,outcome_ord,q12_voice,voice/response,attitudes,level,0.08071178145149124,0.023669645456086394,0.03432012883072977,0.12710343407225272,0.0006498008527787179,5171,
clean,outcome_ord,q12_voice,voice/response,attitudes,food-cash,0.03183403639337498,0.05986121472770317,-0.0854917885437419,0.14915986133049186,0.594866346402358,5171,
clean,outcome_ord,q12_voice,voice/response,attitudes,medical-cash,0.05933847168366114,0.05719327644526252,-0.05275829030689642,0.1714352336742187,0.2994992521764265,5171,
clean,outcome_ord,q12_voice,voice/response,attitudes,restricted-cash,0.045586254038518056,0.05101004370185827,-0.054391594466938364,0.14556410254397448,0.37149734506648713,5171,
clean,outcome_ord,q12_voice,voice/response,attitudes,medical-food,0.027504435290286157,0.05745235908627995,-0.08510011934568507,0.1401089899262574,0.6321274088944067,5171,
clean,outcome_ord,q16_fut_society,national outlook,attitudes,level,0.0862848673354134,0.023594874425269422,0.04003976324214013,0.13252997142868667,0.00025525138364336286,5171,
clean,outcome_ord,q16_fut_society,national outlook,attitudes,food-cash,0.04787849212001167,0.05792748134372439,-0.06565728502880402,0.16141426926882738,0.40850653232310374,5171,
clean,outcome_ord,q16_fut_society,national outlook,attitudes,medical-cash,-0.013718658614794025,0.05750821115053338,-0.1264326812851642,0.09899536405557614,0.8114535307206434,5171,
clean,outcome_ord,q16_fut_society,national outlook,attitudes,restricted-cash,0.017079916752608823,0.049923974827056024,-0.08076927587350526,0.1149291093787229,0.7322616949371732,5171,
clean,outcome_ord,q16_fut_society,national outlook,attitudes,medical-food,-0.06159715073480569,0.05793066406484259,-0.1751391659023859,0.05194486443277452,0.2876500287327165,5171,
clean,outcome_ord,q17d_fut_fair,fairness outlook,attitudes,level,0.07060869351901936,0.023228072528940134,0.025082507932012478,0.11613487910602624,0.002367353443655242,5171,
clean,outcome_ord,q17d_fut_fair,fairness outlook,attitudes,food-cash,0.09839199591708572,0.05822447620239821,-0.015725880458324223,0.21250987229249568,0.09105216979953155,5171,
clean,outcome_ord,q17d_fut_fair,fairness outlook,attitudes,medical-cash,0.08929391337344027,0.05641484862956825,-0.02127715813379233,0.19986498488067286,0.11346507254655436,5171,
clean,outcome_ord,q17d_fut_fair,fairness outlook,attitudes,restricted-cash,0.09384295464526299,0.05005311366795587,-0.004259345458020036,0.191945254748546,0.06081095812955194,5171,
clean,outcome_ord,q17d_fut_fair,fairness outlook,attitudes,medical-food,-0.009098082543645455,0.055894479141076425,-0.11864924859478054,0.10045308350748963,0.8706975832976027,5171,
clean,outcome_ord,q21_order,social order,attitudes,level,0.09994923870642718,0.022830769757157424,0.05520175224307235,0.144696725169782,1.1986654720287752e-05,5171,
clean,outcome_ord,q21_order,social order,attitudes,food-cash,0.025122276510541712,0.05757565169039037,-0.08772392718904609,0.13796848021012953,0.6625936344133013,5171,
clean,outcome_ord,q21_order,social order,attitudes,medical-cash,0.036143748649881464,0.0551684867990212,-0.0719844985577735,0.14427199585753642,0.5123698462819961,5171,
clean,outcome_ord,q21_order,social order,attitudes,restricted-cash,0.030633012580211588,0.04921015720811989,-0.06581712322125753,0.12708314838168072,0.5336172885091628,5171,
clean,outcome_ord,q21_order,social order,attitudes,medical-food,0.011021472139339752,0.05504976763568,-0.09687408978389174,0.11891703406257124,0.8413169410171543,5171,
clean,outcome_ord,q22_vitality,social vitality,attitudes,level,0.07313973887305149,0.023352799941456923,0.027369092049626835,0.11891038569647613,0.0017365103866427778,5171,
clean,outcome_ord,q22_vitality,social vitality,attitudes,food-cash,0.01308273199736446,0.059140478384007426,-0.10283047566375968,0.1289959396584886,0.8249254111064079,5171,
clean,outcome_ord,q22_vitality,social vitality,attitudes,medical-cash,-0.018118055531417387,0.05619348264325653,-0.12825525767807683,0.09201914661524205,0.7471324742590313,5171,
clean,outcome_ord,q22_vitality,social vitality,attitudes,restricted-cash,-0.002517661767026463,0.05025547793017949,-0.1010165885360258,0.09598126500197288,0.9600448828411762,5171,
clean,outcome_ord,q22_vitality,social vitality,attitudes,medical-food,-0.031200787528781845,0.05664057822949388,-0.1422142809221133,0.07981270586454962,0.581732571482953,5171,
clean,mpc_midpoint,q42_age,age,objective,level,0.009155829447422763,0.003741312472867052,0.0018229917456928525,0.016488667149152675,0.014396136133198997,5171,
clean,mpc_midpoint,q42_age,age,objective,food-cash,-4.055124308456902e-05,0.009331992834376104,-0.018330921102447592,0.018249818616278453,0.9965328832192106,5171,
clean,mpc_midpoint,q42_age,age,objective,medical-cash,-0.00142637136468958,0.009068596313941414,-0.019200493530347442,0.016347750800968282,0.8750187472468998,5171,
clean,mpc_midpoint,q42_age,age,objective,restricted-cash,-0.0007334613038870745,0.008001391382584001,-0.016415900239960864,0.014948977632186717,0.9269628395822325,5171,
clean,mpc_midpoint,q42_age,age,objective,medical-food,-0.001385820121605011,0.00908636354671105,-0.019194765423596296,0.016423125180386276,0.8787795987583598,5171,
clean,mpc_midpoint,q41_gender,gender,objective,level,-0.010422156578292997,0.0035734898467315156,-0.017426067977006326,-0.0034182451795796683,0.0035395940357765337,5171,
clean,mpc_midpoint,q41_gender,gender,objective,food-cash,-0.0002921835935264452,0.009137255887926514,-0.018200876051388964,0.017616508864336074,0.9744902565295075,5171,
clean,mpc_midpoint,q41_gender,gender,objective,medical-cash,0.0010486387573827233,0.008668028349554744,-0.015940384624716742,0.01803766213948219,0.903708641237005,5171,
clean,mpc_midpoint,q41_gender,gender,objective,restricted-cash,0.00037822758192813905,0.007830729337078004,-0.014969719891425962,0.01572617505528224,0.9614768131133785,5171,
clean,mpc_midpoint,q41_gender,gender,objective,medical-food,0.0013408223509091687,0.008483338579708375,-0.015286215733978422,0.01796786043579676,0.8744145489958344,5171,
clean,mpc_midpoint,q43_edu,education,objective,level,0.018779242748295878,0.0036808354054617166,0.011564937920571026,0.02599354757602073,3.362659315103682e-07,5171,
clean,mpc_midpoint,q43_edu,education,objective,food-cash,0.012266713125333594,0.009280881889815337,-0.005923481123474501,0.030456907374141688,0.18626191184526153,5171,
clean,mpc_midpoint,q43_edu,education,objective,medical-cash,-0.010349952252039649,0.009092783206013394,-0.02817147985505655,0.007471575350977252,0.25501189274908254,5171,
clean,mpc_midpoint,q43_edu,education,objective,restricted-cash,0.0009583804366469729,0.00812580547165441,-0.014967905633174176,0.016884666506468124,0.9061129621570689,5171,
clean,mpc_midpoint,q43_edu,education,objective,medical-food,-0.022616665377373245,0.008573919285592096,-0.03942123838348714,-0.0058120923712593475,0.00834348440853327,5171,
clean,mpc_midpoint,income_h,monthly income harmonized 1-6,objective,level,0.0226499505573816,0.0037464603455822326,0.015307023210532941,0.02999287790423026,1.4876877841691597e-09,5171,
clean,mpc_midpoint,income_h,monthly income harmonized 1-6,objective,food-cash,0.004959919084219363,0.009388145124358201,-0.013440507241158018,0.023360345409596747,0.5972791557406549,5171,
clean,mpc_midpoint,income_h,monthly income harmonized 1-6,objective,medical-cash,-0.02076413195332346,0.009404245471214297,-0.03919611437867739,-0.002332149527969528,0.027247550018467407,5171,
clean,mpc_midpoint,income_h,monthly income harmonized 1-6,objective,restricted-cash,-0.007902106434552048,0.00833674003011418,-0.024241816642049205,0.00843760377294511,0.3431980415909881,5171,
clean,mpc_midpoint,income_h,monthly income harmonized 1-6,objective,medical-food,-0.025724051037542824,0.00866886764225281,-0.04271471940310299,-0.008733382671982662,0.003003239651476239,5171,
clean,mpc_midpoint,q23_hukou,hukou,objective,level,0.01766442447465393,0.0036096476255396085,0.010589645131715772,0.024739203817592086,9.897271849701176e-07,5171,
clean,mpc_midpoint,q23_hukou,hukou,objective,food-cash,-0.003043343809922419,0.009070030982637914,-0.020820277874555166,0.014733590254710329,0.7372189723801339,5171,
clean,mpc_midpoint,q23_hukou,hukou,objective,medical-cash,0.01772061911246682,0.008736617551263525,0.0005971633652897927,0.034844074859643845,0.04252803098415287,5171,
clean,mpc_midpoint,q23_hukou,hukou,objective,restricted-cash,0.0073386376512722005,0.007788467084693506,-0.007926477329502742,0.02260375263204714,0.3460676480366155,5171,
clean,mpc_midpoint,q23_hukou,hukou,objective,medical-food,0.02076396292238924,0.008634061524491149,0.003841513294083592,0.03768641255069488,0.016177361554186066,5171,
clean,mpc_midpoint,q24_workstat,employment status,objective,level,-0.018782507692120982,0.003573630310422515,-0.025786694394609806,-0.01177832098963216,1.4733275300726282e-07,5171,
clean,mpc_midpoint,q24_workstat,employment status,objective,food-cash,-0.012948194803923277,0.008937579637931516,-0.030465529003227583,0.004569139395381032,0.1474112781215985,5171,
clean,mpc_midpoint,q24_workstat,employment status,objective,medical-cash,0.0008653268723898385,0.009004835870414145,-0.016783827120316275,0.01851448086509595,0.923444490023835,5171,
clean,mpc_midpoint,q24_workstat,employment status,objective,restricted-cash,-0.006041433965766719,0.007942883884538324,-0.021609200312845436,0.009526332381311998,0.44689026664304654,5171,
clean,mpc_midpoint,q24_workstat,employment status,objective,medical-food,0.013813521676313115,0.00834129366836441,-0.002535113498153118,0.03016215685077935,0.09771358002237951,5171,
clean,mpc_midpoint,q25_unittype,work-unit type,objective,level,-0.014521674707074477,0.0037656552548338143,-0.021902223384742753,-0.007141126029406202,0.00011509390874447765,5171,
clean,mpc_midpoint,q25_unittype,work-unit type,objective,food-cash,-0.006383534388687435,0.009459423386714549,-0.024923663541163855,0.012156594763788983,0.4997816483256605,5171,
clean,mpc_midpoint,q25_unittype,work-unit type,objective,medical-cash,0.0034517626689082553,0.009281836340582732,-0.014740302269028949,0.02164382760684546,0.7099795196783366,5171,
clean,mpc_midpoint,q25_unittype,work-unit type,objective,restricted-cash,-0.00146588585988959,0.008233735130721806,-0.01760371017434652,0.014671938454567341,0.8586961730547699,5171,
clean,mpc_midpoint,q25_unittype,work-unit type,objective,medical-food,0.00983529705759569,0.008949233291932843,-0.007704877883839509,0.02737547199903089,0.27176369543892787,5171,
clean,mpc_midpoint,q26_housing,housing tenure,objective,level,-0.012882267731637562,0.0037571461565203924,-0.02024613888307062,-0.005518396580204504,0.0006063958298478305,5171,
clean,mpc_midpoint,q26_housing,housing tenure,objective,food-cash,-0.003625367552079549,0.009492710706724375,-0.02223073865291709,0.014980003548757989,0.702527622016503,5171,
clean,mpc_midpoint,q26_housing,housing tenure,objective,medical-cash,0.007785651500170059,0.009242199859639729,-0.010328727362644952,0.02590003036298507,0.39956274057501173,5171,
clean,mpc_midpoint,q26_housing,housing tenure,objective,restricted-cash,0.002080141974045255,0.008236867985089559,-0.014063822622141283,0.018224106570231793,0.8006233875021387,5171,
clean,mpc_midpoint,q26_housing,housing tenure,objective,medical-food,0.011411019052249609,0.008926121935028395,-0.006083858462019021,0.02890589656651824,0.20111376315148388,5171,
clean,mpc_midpoint,q27_minorchild,minor child,needs,level,-0.008886102428835172,0.003566255545945496,-0.015875834858554573,-0.001896369999115772,0.012712699735376117,5171,
clean,mpc_midpoint,q27_minorchild,minor child,needs,food-cash,0.017676624396318757,0.009123093574928104,-0.00020431043812909472,0.03555755923076661,0.05267581286383959,5171,
clean,mpc_midpoint,q27_minorchild,minor child,needs,medical-cash,0.006945418618625731,0.008600626712761109,-0.009911499982859161,0.023802337220110624,0.41935085068643785,5171,
clean,mpc_midpoint,q27_minorchild,minor child,needs,restricted-cash,0.012311021507472243,0.007777758461532639,-0.00293310495758339,0.027555147972527876,0.1134557591049053,5171,
clean,mpc_midpoint,q27_minorchild,minor child,needs,medical-food,-0.010731205777693027,0.008510530283979877,-0.02741153862363102,0.005949127068244969,0.20733310197623933,5171,
clean,mpc_midpoint,q28_hhsize,household size,needs,level,0.017127813061546496,0.0036697035613965884,0.009935326247270813,0.02432029987582218,3.0510038427680677e-06,5171,
clean,mpc_midpoint,q28_hhsize,household size,needs,food-cash,-0.010751963433447231,0.009443575566871027,-0.02926103142979687,0.007757104562902408,0.25489175600036773,5171,
clean,mpc_midpoint,q28_hhsize,household size,needs,medical-cash,-0.003126477021336886,0.009007171011081005,-0.02078020780564888,0.014527253762975107,0.7285088569611518,5171,
clean,mpc_midpoint,q28_hhsize,household size,needs,restricted-cash,-0.006939220227392059,0.008165503971537192,-0.02294331392722373,0.009064873472439613,0.3954243756425686,5171,
clean,mpc_midpoint,q28_hhsize,household size,needs,medical-food,0.007625486412110345,0.008597597209881621,-0.00922549447283969,0.024476467297060378,0.3751153664574223,5171,
clean,mpc_midpoint,q29_foodexp,monthly food spending,needs,level,0.04210697119829488,0.0038387723361654794,0.034583115674561855,0.049630826722027906,5.394596310025698e-28,5171,
clean,mpc_midpoint,q29_foodexp,monthly food spending,needs,food-cash,-0.0035039505806316166,0.009776084522541775,-0.022664724154632946,0.01565682299336971,0.7200285394357716,5171,
clean,mpc_midpoint,q29_foodexp,monthly food spending,needs,medical-cash,-0.012926410283600635,0.009385310306809478,-0.031321280468679775,0.005468459901478505,0.16841877770770175,5171,
clean,mpc_midpoint,q29_foodexp,monthly food spending,needs,restricted-cash,-0.008215180432116127,0.008439868045601302,-0.024757017835765133,0.00832665697153288,0.33036555402376655,5171,
clean,mpc_midpoint,q29_foodexp,monthly food spending,needs,medical-food,-0.00942245970296902,0.00907668804054223,-0.027212441361337228,0.008367521955399188,0.2992260735854675,5171,
clean,mpc_midpoint,q30_medexp,annual OOP medical spending,needs,level,0.03064671115592909,0.003853687828052351,0.023093621805286096,0.03819980050657208,1.8268577915070248e-15,5171,
clean,mpc_midpoint,q30_medexp,annual OOP medical spending,needs,food-cash,-0.00436397656651236,0.0097095425004945,-0.02339433017384256,0.01466637704081784,0.6531053838904088,5171,
clean,mpc_midpoint,q30_medexp,annual OOP medical spending,needs,medical-cash,0.016343452019376068,0.009353848018783993,-0.001989753214301896,0.034676657253054036,0.08059507442235672,5171,
clean,mpc_midpoint,q30_medexp,annual OOP medical spending,needs,restricted-cash,0.005989737726431854,0.008371903230027372,-0.010418891086476343,0.02239836653934005,0.4743266314936073,5171,
clean,mpc_midpoint,q30_medexp,annual OOP medical spending,needs,medical-food,0.020707428585888428,0.009120543946665982,0.0028314909310083007,0.03858336624076855,0.02318235673047599,5171,
clean,mpc_midpoint,q31_gotsubsidy,prior subsidy,objective,level,-0.01460386787721563,0.003493496912950619,-0.021450996006700702,-0.007756739747730556,2.9112376344193336e-05,5171,
clean,mpc_midpoint,q31_gotsubsidy,prior subsidy,objective,food-cash,0.008502703055290004,0.009066303832048952,-0.009266925928423422,0.026272332039003428,0.34832887108456956,5171,
clean,mpc_midpoint,q31_gotsubsidy,prior subsidy,objective,medical-cash,0.0025472998614439837,0.008371198535783457,-0.013859947776126027,0.018954547499013995,0.7609044278247139,5171,
clean,mpc_midpoint,q31_gotsubsidy,prior subsidy,objective,restricted-cash,0.0055250014583669935,0.007673505882329812,-0.009514793706155688,0.020564796622889674,0.47151879939740327,5171,
clean,mpc_midpoint,q31_gotsubsidy,prior subsidy,objective,medical-food,-0.005955403193846021,0.00830776083529469,-0.02223831522319601,0.010327508835503967,0.4734677824507275,5171,
clean,mpc_midpoint,q49_citytier,city tier,objective,level,-0.009645600115694042,0.003510932353207763,-0.01652690108013772,-0.002764299151250366,0.006008732669069579,5171,
clean,mpc_midpoint,q49_citytier,city tier,objective,food-cash,0.00216000422132701,0.0091293111888556,-0.015733116912488514,0.02005312535514253,0.81296633883912,5171,
clean,mpc_midpoint,q49_citytier,city tier,objective,medical-cash,0.02163455986802292,0.008624774877750362,0.004730311732866362,0.03853880800317948,0.012127234318285138,5171,
clean,mpc_midpoint,q49_citytier,city tier,objective,restricted-cash,0.011897282044674964,0.0078753589064607,-0.0035381377773147545,0.027332701866664682,0.1308656356974243,5171,
clean,mpc_midpoint,q49_citytier,city tier,objective,medical-food,0.01947455564669591,0.008208350463241447,0.003386484366260007,0.035562626927131816,0.01766674048838591,5171,
clean,mpc_midpoint,q06_socsec,perceived social protection,subjective_economic,level,0.0012539359598524031,0.0040483847364737495,-0.0066807523191978226,0.00918862423890263,0.7567606974275274,5171,
clean,mpc_midpoint,q06_socsec,perceived social protection,subjective_economic,food-cash,0.009754571587725781,0.010259529867017824,-0.010353737449942162,0.029862880625393724,0.34171528634838244,5171,
clean,mpc_midpoint,q06_socsec,perceived social protection,subjective_economic,medical-cash,0.010819766436149458,0.009971464570856927,-0.008723944995847263,0.03036347786814618,0.2778893485982048,5171,
clean,mpc_midpoint,q06_socsec,perceived social protection,subjective_economic,restricted-cash,0.01028716901193762,0.008908712874122439,-0.007173587369950673,0.027747925393825913,0.24820050475892996,5171,
clean,mpc_midpoint,q06_socsec,perceived social protection,subjective_economic,medical-food,0.001065194848423677,0.009587254939029833,-0.017725479542678547,0.0198558692395259,0.9115328449609872,5171,
clean,mpc_midpoint,q07_emergfund,emergency liquidity,subjective_economic,level,0.008711448756082353,0.004050256724061043,0.0007730914487815242,0.016649806063383184,0.03148893627062659,5171,
clean,mpc_midpoint,q07_emergfund,emergency liquidity,subjective_economic,food-cash,0.012268624700851515,0.010469626485463948,-0.008251466142244486,0.032788715543947515,0.24126522744241674,5171,
clean,mpc_midpoint,q07_emergfund,emergency liquidity,subjective_economic,medical-cash,0.0072415312454028324,0.009844701620428681,-0.012053729369180494,0.02653679185998616,0.4619884631855482,5171,
clean,mpc_midpoint,q07_emergfund,emergency liquidity,subjective_economic,restricted-cash,0.009755077973127173,0.00900758287849745,-0.007899460056487458,0.027409616002741805,0.2788150401891494,5171,
clean,mpc_midpoint,q07_emergfund,emergency liquidity,subjective_economic,medical-food,-0.005027093455448682,0.009408308042830915,-0.0234670383748558,0.013412851463958434,0.5931167529396599,5171,
clean,mpc_midpoint,q09_gain,sense of gain,subjective_economic,level,0.006661634461031826,0.004064605031283744,-0.0013048450116646118,0.014628113933728263,0.1012262331314272,5171,
clean,mpc_midpoint,q09_gain,sense of gain,subjective_economic,food-cash,0.0040281685701290555,0.010481380665644822,-0.016514960042789253,0.024571297183047368,0.7007438067068081,5171,
clean,mpc_midpoint,q09_gain,sense of gain,subjective_economic,medical-cash,0.005938161934302999,0.00982546066239742,-0.013319387095511006,0.025195710964117005,0.5456011758344655,5171,
clean,mpc_midpoint,q09_gain,sense of gain,subjective_economic,restricted-cash,0.004983165252216027,0.008916286756621839,-0.012492435666594227,0.02245876617102628,0.5762412536724881,5171,
clean,mpc_midpoint,q09_gain,sense of gain,subjective_economic,medical-food,0.0019099933641739432,0.009736393463069603,-0.01717298716275369,0.020992973891101576,0.8444767017172483,5171,
clean,mpc_midpoint,q10_effort,returns to effort,subjective_economic,level,0.0006533472576356686,0.00404633854820794,-0.007277330566107984,0.00858402508137932,0.8717261627122544,5171,
clean,mpc_midpoint,q10_effort,returns to effort,subjective_economic,food-cash,0.004585937031472502,0.010459803372134903,-0.015914900863282518,0.025086774926227517,0.6610714547217058,5171,
clean,mpc_midpoint,q10_effort,returns to effort,subjective_economic,medical-cash,0.0076723485874128075,0.009770722932127914,-0.011477916462477498,0.026822613637303115,0.43231370027086136,5171,
clean,mpc_midpoint,q10_effort,returns to effort,subjective_economic,restricted-cash,0.006129142809442654,0.008902430782677563,-0.011319300899466095,0.0235775865183514,0.4911507541115314,5171,
clean,mpc_midpoint,q10_effort,returns to effort,subjective_economic,medical-food,0.003086411555940306,0.009629949690357149,-0.015787943010092353,0.021960766121972963,0.748588332351325,5171,
clean,mpc_midpoint,q11_mobility,upward mobility,subjective_economic,level,-0.0005824451926868189,0.003936224684218242,-0.008297303808812122,0.007132413423438484,0.8823660378714139,5171,
clean,mpc_midpoint,q11_mobility,upward mobility,subjective_economic,food-cash,0.008726892370707558,0.01027539008370896,-0.011412502120462017,0.028866286861877134,0.3957141874397322,5171,
clean,mpc_midpoint,q11_mobility,upward mobility,subjective_economic,medical-cash,0.02035367070251973,0.009606239314314988,0.0015257876195896095,0.03918155378544985,0.03410762937752023,5171,
clean,mpc_midpoint,q11_mobility,upward mobility,subjective_economic,restricted-cash,0.014540281536613645,0.008819588249029635,-0.002745793789957117,0.031826356863184406,0.09922244167300916,5171,
clean,mpc_midpoint,q11_mobility,upward mobility,subjective_economic,medical-food,0.011626778331812172,0.009197086644305586,-0.006399180253721121,0.029652736917345466,0.20616521937493493,5171,
clean,mpc_midpoint,q13_pressure,pressure affordability,subjective_economic,level,0.004861775728320053,0.0040752159664604595,-0.003125500795165037,0.012849052251805142,0.23286523294611006,5171,
clean,mpc_midpoint,q13_pressure,pressure affordability,subjective_economic,food-cash,0.010128564196989912,0.01043956874513003,-0.010332614557594955,0.03058974295157478,0.33194229476910275,5171,
clean,mpc_midpoint,q13_pressure,pressure affordability,subjective_economic,medical-cash,0.01934957826556942,0.009787735984936794,0.00016596824490662868,0.038533188286232214,0.04805059007673471,5171,
clean,mpc_midpoint,q13_pressure,pressure affordability,subjective_economic,restricted-cash,0.014739071231279665,0.008884673704912785,-0.002674569244739442,0.032152711707298776,0.09712945669438937,5171,
clean,mpc_midpoint,q13_pressure,pressure affordability,subjective_economic,medical-food,0.009221014068579508,0.009686022672860626,-0.009763241523665709,0.028205269660824726,0.3411011452920304,5171,
clean,mpc_midpoint,q15_fut_self,future self,subjective_economic,level,-0.0016567200127145358,0.0039271222635763586,-0.009353738212209611,0.00604029818678054,0.6731227070556269,5171,
clean,mpc_midpoint,q15_fut_self,future self,subjective_economic,food-cash,0.007073104635150141,0.009929504126547375,-0.012388365837224562,0.026534575107524844,0.4762591441576546,5171,
clean,mpc_midpoint,q15_fut_self,future self,subjective_economic,medical-cash,0.009775114984276124,0.009629481325780427,-0.009098321604054525,0.028648551572606772,0.31004685208410765,5171,
clean,mpc_midpoint,q15_fut_self,future self,subjective_economic,restricted-cash,0.008424109809713132,0.008598284541450646,-0.008428218220357626,0.02527643783978389,0.32721295346636725,5171,
clean,mpc_midpoint,q15_fut_self,future self,subjective_economic,medical-food,0.002702010349125983,0.00932319351844389,-0.01557111316792131,0.020975133866173275,0.7719570316341006,5171,
clean,mpc_midpoint,q17a_fut_econ,economic outlook,subjective_economic,level,0.0015015833225422899,0.0039044427985810578,-0.00615098394237336,0.00915415058745794,0.7005462018684165,5171,
clean,mpc_midpoint,q17a_fut_econ,economic outlook,subjective_economic,food-cash,0.009381045872585949,0.00985336531256471,-0.009931195266557134,0.028693287011729032,0.34106393428304216,5171,
clean,mpc_midpoint,q17a_fut_econ,economic outlook,subjective_economic,medical-cash,0.007160900560539427,0.009565659986342399,-0.01158744850104758,0.025909249622126436,0.4540953386079297,5171,
clean,mpc_midpoint,q17a_fut_econ,economic outlook,subjective_economic,restricted-cash,0.008270973216562689,0.00855921471472429,-0.00850477936024219,0.02504672579336757,0.33388216120244907,5171,
clean,mpc_midpoint,q17a_fut_econ,economic outlook,subjective_economic,medical-food,-0.002220145312046522,0.0091728235447609,-0.02019854909631892,0.015758258472225874,0.8087529617073154,5171,
clean,mpc_midpoint,q17b_fut_job,employment/income outlook,subjective_economic,level,-0.0016953073081134849,0.0039372904623807894,-0.009412254811052888,0.006021640194825919,0.6667758583093488,5171,
clean,mpc_midpoint,q17b_fut_job,employment/income outlook,subjective_economic,food-cash,0.008075036095862896,0.010136023840767457,-0.01179120557848067,0.02794127777020646,0.4256444318929796,5171,
clean,mpc_midpoint,q17b_fut_job,employment/income outlook,subjective_economic,medical-cash,0.017738394105830706,0.009450326193488944,-0.0007839048755631274,0.036260693087224544,0.06051618181323442,5171,
clean,mpc_midpoint,q17b_fut_job,employment/income outlook,subjective_economic,restricted-cash,0.012906715100846802,0.008637531809115553,-0.004022536160338777,0.02983596636203238,0.1351077718665575,5171,
clean,mpc_midpoint,q17b_fut_job,employment/income outlook,subjective_economic,medical-food,0.00966335800996781,0.009255672094125146,-0.008477425947229897,0.02780414196716552,0.296463578734779,5171,
clean,mpc_midpoint,q17c_fut_price,price/affordability outlook,subjective_economic,level,0.0015766401910591759,0.003941746226216843,-0.00614904044852251,0.009302320830640861,0.6891674104293454,5171,
clean,mpc_midpoint,q17c_fut_price,price/affordability outlook,subjective_economic,food-cash,0.018605062310422554,0.010025537347595282,-0.0010446298165254185,0.03825475443737053,0.06348676275055125,5171,
clean,mpc_midpoint,q17c_fut_price,price/affordability outlook,subjective_economic,medical-cash,0.024726967470876233,0.009509080145078444,0.006089512860417572,0.0433644220813349,0.009312784053703147,5171,
clean,mpc_midpoint,q17c_fut_price,price/affordability outlook,subjective_economic,restricted-cash,0.021666014890649392,0.008598032599291648,0.004814180658136456,0.03851784912316233,0.011739467388271243,5171,
clean,mpc_midpoint,q17c_fut_price,price/affordability outlook,subjective_economic,medical-food,0.0061219051604536785,0.009282421575923941,-0.012071306817674776,0.024315117138582133,0.5095645019119781,5171,
clean,mpc_midpoint,q17e_fut_welfare,welfare outlook,subjective_economic,level,0.005791205312314159,0.003946485960957022,-0.0019437650366545501,0.013526175661282867,0.14225819414772717,5171,
clean,mpc_midpoint,q17e_fut_welfare,welfare outlook,subjective_economic,food-cash,0.016602090703556765,0.010111931879362997,-0.0032169315941171298,0.03642111300123066,0.10062487943414394,5171,
clean,mpc_midpoint,q17e_fut_welfare,welfare outlook,subjective_economic,medical-cash,0.012398325964208434,0.009728635235495782,-0.0066694487160906465,0.031466100644507514,0.2025161136482655,5171,
clean,mpc_midpoint,q17e_fut_welfare,welfare outlook,subjective_economic,restricted-cash,0.0145002083338826,0.008806365410587743,-0.002759950705568663,0.03176036737333386,0.09964853417572614,5171,
clean,mpc_midpoint,q17e_fut_welfare,welfare outlook,subjective_economic,medical-food,-0.004203764739348331,0.009142578015922569,-0.02212288837640423,0.013715358897707568,0.6456592047370233,5171,
clean,mpc_midpoint,q18_ses_now,subjective SES,subjective_economic,level,-0.0046363226137458476,0.003933849745098246,-0.01234652643473048,0.0030738812072387866,0.23856890461643043,5171,
clean,mpc_midpoint,q18_ses_now,subjective SES,subjective_economic,food-cash,0.003403409930892349,0.009979044674902371,-0.01615515823203251,0.02296197809381721,0.7330616604390374,5171,
clean,mpc_midpoint,q18_ses_now,subjective SES,subjective_economic,medical-cash,0.007401318120377263,0.009524129654359084,-0.011265632986256453,0.02606826922701098,0.4370925289526364,5171,
clean,mpc_midpoint,q18_ses_now,subjective SES,subjective_economic,restricted-cash,0.0054023640256348066,0.008538899271903726,-0.011333571014911788,0.0221382990661814,0.5269446803585389,5171,
clean,mpc_midpoint,q18_ses_now,subjective SES,subjective_economic,medical-food,0.003997908189484914,0.009430246735404487,-0.014485035777234301,0.022480852156204132,0.6716057518635503,5171,
clean,mpc_midpoint,q19_ses_past5,past mobility,subjective_economic,level,-0.0032798467026039723,0.003921139592410923,-0.010965139082083448,0.0044054456768755045,0.40290043298414924,5171,
clean,mpc_midpoint,q19_ses_past5,past mobility,subjective_economic,food-cash,0.006692550270890647,0.009986793134301786,-0.012881204593392736,0.02626630513517403,0.5027685020314507,5171,
clean,mpc_midpoint,q19_ses_past5,past mobility,subjective_economic,medical-cash,0.0167246994104217,0.009510070055351368,-0.0019146953885198215,0.03536409420936322,0.0786402862707004,5171,
clean,mpc_midpoint,q19_ses_past5,past mobility,subjective_economic,restricted-cash,0.011708624840656174,0.008576351957675867,-0.00510071611512811,0.028517965796440458,0.17218326859121202,5171,
clean,mpc_midpoint,q19_ses_past5,past mobility,subjective_economic,medical-food,0.010032149139531052,0.009281146886152235,-0.0081585644925534,0.028222862771615502,0.27973405067733237,5171,
clean,mpc_midpoint,q20_ses_next1,expected mobility,subjective_economic,level,-0.006172001428666599,0.003932247320536474,-0.013879064555222217,0.00153506169788902,0.11651139335342016,5171,
clean,mpc_midpoint,q20_ses_next1,expected mobility,subjective_economic,food-cash,0.0032068612888052693,0.00985245960924752,-0.016103604704455442,0.022517327282065982,0.7448114625077407,5171,
clean,mpc_midpoint,q20_ses_next1,expected mobility,subjective_economic,medical-cash,0.012588122103623041,0.009645555795565837,-0.006316819866557587,0.03149306407380367,0.19186913297594121,5171,
clean,mpc_midpoint,q20_ses_next1,expected mobility,subjective_economic,restricted-cash,0.007897491696214155,0.008527670144438332,-0.008816434658922456,0.024611418051350767,0.3543930161500063,5171,
clean,mpc_midpoint,q20_ses_next1,expected mobility,subjective_economic,medical-food,0.009381260814817771,0.009451496259591675,-0.009143331453996945,0.027905853083632488,0.32092010919505665,5171,
clean,mpc_midpoint,q01_lifesat,life satisfaction,attitudes,level,0.00043548142426150184,0.003983054195017261,-0.007371161346443506,0.00824212419496651,0.9129379431570342,5171,
clean,mpc_midpoint,q01_lifesat,life satisfaction,attitudes,food-cash,0.00991545602131403,0.010125033385130105,-0.009929244755806643,0.029760156798434703,0.3274312422431661,5171,
clean,mpc_midpoint,q01_lifesat,life satisfaction,attitudes,medical-cash,0.008853133633017131,0.009830144775579551,-0.01041359608993336,0.028119863355967622,0.36779533993865987,5171,
clean,mpc_midpoint,q01_lifesat,life satisfaction,attitudes,restricted-cash,0.00938429482716558,0.00878448163145478,-0.007832972793339443,0.026601562447670604,0.28539377614172234,5171,
clean,mpc_midpoint,q01_lifesat,life satisfaction,attitudes,medical-food,-0.001062322388296899,0.009467186730187625,-0.01961766741438016,0.017493022637786362,0.9106561160496075,5171,
clean,mpc_midpoint,q02_safety,safety,attitudes,level,0.009660979769567184,0.00392131047570386,0.0019753524649879922,0.017346607074146377,0.013750654090419624,5171,
clean,mpc_midpoint,q02_safety,safety,attitudes,food-cash,0.010371429517235435,0.009924846136854645,-0.009080911463101157,0.029823770497572025,0.2960245852329908,5171,
clean,mpc_midpoint,q02_safety,safety,attitudes,medical-cash,-0.004388219365842199,0.009718907994553081,-0.02343692900422464,0.014660490272540242,0.6516194083806082,5171,
clean,mpc_midpoint,q02_safety,safety,attitudes,restricted-cash,0.002991605075696618,0.008706777703159847,-0.014073365643893058,0.020056575795286292,0.7311509035282342,5171,
clean,mpc_midpoint,q02_safety,safety,attitudes,medical-food,-0.014759648883077634,0.009093270863923881,-0.032582132278035865,0.0030628345118805956,0.10455954600820294,5171,
clean,mpc_midpoint,q03a_fair_dist,distribution fairness,attitudes,level,-0.00013138836529440055,0.0038001779651826648,-0.007579600311895131,0.00731682358130633,0.9724192216744427,5171,
clean,mpc_midpoint,q03a_fair_dist,distribution fairness,attitudes,food-cash,0.007179220136163396,0.009805043014275821,-0.012038311038683264,0.026396751311010058,0.4640485183874684,5171,
clean,mpc_midpoint,q03a_fair_dist,distribution fairness,attitudes,medical-cash,0.0213565767728885,0.009251130512200919,0.0032246941526951137,0.03948845939308188,0.020969289218960678,5171,
clean,mpc_midpoint,q03a_fair_dist,distribution fairness,attitudes,restricted-cash,0.014267898454525947,0.008422616334304,-0.0022401262163086657,0.03077592312536056,0.09026559023233569,5171,
clean,mpc_midpoint,q03a_fair_dist,distribution fairness,attitudes,medical-food,0.014177356636725102,0.008926516950726618,-0.003318295094085374,0.031673008367535574,0.11223447589742949,5171,
clean,mpc_midpoint,q03b_fair_opp,opportunity fairness,attitudes,level,0.0011016519098207935,0.0038233049242259844,-0.006391888043576776,0.008595191863218363,0.7732386080487166,5171,
clean,mpc_midpoint,q03b_fair_opp,opportunity fairness,attitudes,food-cash,0.0059245802754634425,0.00984816302581881,-0.01337746456902043,0.025226625119947315,0.5474454724783704,5171,
clean,mpc_midpoint,q03b_fair_opp,opportunity fairness,attitudes,medical-cash,0.013808516792323281,0.00927563381328421,-0.004371391415495694,0.031988425000142255,0.13656977242928123,5171,
clean,mpc_midpoint,q03b_fair_opp,opportunity fairness,attitudes,restricted-cash,0.009866548533893363,0.008450303157149387,-0.006695741312564549,0.026428838380351274,0.242969364772599,5171,
clean,mpc_midpoint,q03b_fair_opp,opportunity fairness,attitudes,medical-food,0.007883936516859839,0.008967547125695884,-0.009692132879169773,0.025460005912889452,0.37931284942533805,5171,
clean,mpc_midpoint,q03c_fair_rule,rule fairness,attitudes,level,0.0036647868426637168,0.0038419335693167266,-0.0038652645841924867,0.01119483826951992,0.34013868939449343,5171,
clean,mpc_midpoint,q03c_fair_rule,rule fairness,attitudes,food-cash,0.005688390096995021,0.009786844386395053,-0.013493472422637286,0.024870252616627328,0.5610866537548339,5171,
clean,mpc_midpoint,q03c_fair_rule,rule fairness,attitudes,medical-cash,0.00738481382548044,0.009387469505334953,-0.011014288310944106,0.025783915961904984,0.43147674245393675,5171,
clean,mpc_midpoint,q03c_fair_rule,rule fairness,attitudes,restricted-cash,0.00653660196123773,0.0084331817030252,-0.009992130451773818,0.02306533437424928,0.4382775712706398,5171,
clean,mpc_midpoint,q03c_fair_rule,rule fairness,attitudes,medical-food,0.0016964237284854185,0.009129052468315427,-0.016196190322389302,0.019589037779360136,0.8525804908833038,5171,
clean,mpc_midpoint,q04_trust_gov,institutional trust,attitudes,level,0.0024847913646070564,0.00390389513660637,-0.005166702502562503,0.010136285231776617,0.524456904985328,5171,
clean,mpc_midpoint,q04_trust_gov,institutional trust,attitudes,food-cash,0.0032918389244524686,0.010083983437004519,-0.01647240543277482,0.023056083281679754,0.744089724662712,5171,
clean,mpc_midpoint,q04_trust_gov,institutional trust,attitudes,medical-cash,0.0021899726665862433,0.009631880732124704,-0.016688166671763465,0.02106811200493595,0.8201383107006265,5171,
clean,mpc_midpoint,q04_trust_gov,institutional trust,attitudes,restricted-cash,0.002740905795519356,0.00872503291732455,-0.0143598444863632,0.019841656077401914,0.7534126253550166,5171,
clean,mpc_midpoint,q04_trust_gov,institutional trust,attitudes,medical-food,-0.0011018662578662253,0.009187758113801504,-0.01910954125958283,0.016905808743850382,0.904540459418331,5171,
clean,mpc_midpoint,q05_trust_soc,generalized trust,attitudes,level,0.004517551087221945,0.003914734074173377,-0.0031551867072096267,0.012190288881653516,0.24850561838077312,5171,
clean,mpc_midpoint,q05_trust_soc,generalized trust,attitudes,food-cash,0.008989232484364095,0.010176046232533497,-0.010955451636416062,0.02893391660514425,0.37703541098532234,5171,
clean,mpc_midpoint,q05_trust_soc,generalized trust,attitudes,medical-cash,0.022947435309484964,0.009361825270303248,0.004598594950133643,0.041296275668836285,0.014239226020444886,5171,
clean,mpc_midpoint,q05_trust_soc,generalized trust,attitudes,restricted-cash,0.01596833389692453,0.008629379743128862,-0.0009449396085275431,0.0328816074023766,0.0642470802346863,5171,
clean,mpc_midpoint,q05_trust_soc,generalized trust,attitudes,medical-food,0.013958202825120869,0.009193834870836233,-0.004061382401526608,0.03197778805176835,0.12896062349419332,5171,
clean,mpc_midpoint,q08_support,social support,attitudes,level,0.008256070520961676,0.004003237276693299,0.0004098696370746016,0.01610227140484875,0.03917456558975634,5171,
clean,mpc_midpoint,q08_support,social support,attitudes,food-cash,0.008554983953511324,0.010249581069621726,-0.011533825799570782,0.02864379370659343,0.40390539884916843,5171,
clean,mpc_midpoint,q08_support,social support,attitudes,medical-cash,-0.0012628742700378493,0.00971549604475743,-0.020304896609703756,0.017779148069628055,0.8965778450210091,5171,
clean,mpc_midpoint,q08_support,social support,attitudes,restricted-cash,0.0036460548417367373,0.008787769231315311,-0.01357765635609051,0.020869766039563985,0.6782143277760185,5171,
clean,mpc_midpoint,q08_support,social support,attitudes,medical-food,-0.009817858223549173,0.009486305853464886,-0.028410676042671848,0.008774959595573504,0.3006919678838724,5171,
clean,mpc_midpoint,q12_voice,voice/response,attitudes,level,0.0019459741842222248,0.003977917546849161,-0.005850600941072054,0.009742549309516502,0.6247042167579725,5171,
clean,mpc_midpoint,q12_voice,voice/response,attitudes,food-cash,0.0015991066721486626,0.010221287689666677,-0.018434249075220642,0.021632462419517967,0.875679391183882,5171,
clean,mpc_midpoint,q12_voice,voice/response,attitudes,medical-cash,0.011167318440875689,0.009534562002348214,-0.007520079692090911,0.02985471657384229,0.2414998749945243,5171,
clean,mpc_midpoint,q12_voice,voice/response,attitudes,restricted-cash,0.006383212556512176,0.008641187937646469,-0.010553204584916851,0.023319629697941203,0.46009150335949833,5171,
clean,mpc_midpoint,q12_voice,voice/response,attitudes,medical-food,0.009568211768727027,0.009596075933849237,-0.009239751454529044,0.028376174991983097,0.3187177708098474,5171,
clean,mpc_midpoint,q16_fut_society,national outlook,attitudes,level,0.007142631804227387,0.003973624634430096,-0.0006455293673367406,0.014930792975791515,0.0722546206697564,5171,
clean,mpc_midpoint,q16_fut_society,national outlook,attitudes,food-cash,0.00636133369252352,0.00983369084393047,-0.01291234619668149,0.02563501358172853,0.5177019915588452,5171,
clean,mpc_midpoint,q16_fut_society,national outlook,attitudes,medical-cash,-0.0024058769964777882,0.009662335735569788,-0.021343707044728905,0.01653195305177333,0.8033643520537983,5171,
clean,mpc_midpoint,q16_fut_society,national outlook,attitudes,restricted-cash,0.0019777283480228655,0.008454402492437542,-0.014592596047960382,0.018548052744006113,0.8150402434163477,5171,
clean,mpc_midpoint,q16_fut_society,national outlook,attitudes,medical-food,-0.008767210689001308,0.009706530221722142,-0.027791660338426293,0.010257238960423676,0.3664048559515857,5171,
clean,mpc_midpoint,q17d_fut_fair,fairness outlook,attitudes,level,0.00121069148463174,0.0038935617583963082,-0.006420549333407468,0.008841932302670948,0.7558408867838163,5171,
clean,mpc_midpoint,q17d_fut_fair,fairness outlook,attitudes,food-cash,0.017060311684519682,0.009910002607337586,-0.0023629365125600182,0.03648355988159938,0.0851557012495392,5171,
clean,mpc_midpoint,q17d_fut_fair,fairness outlook,attitudes,medical-cash,0.01856860600231472,0.009398687488582877,0.0001475170227450695,0.03698969498188437,0.048193357495132066,5171,
clean,mpc_midpoint,q17d_fut_fair,fairness outlook,attitudes,restricted-cash,0.017814458843417202,0.00847777680907187,0.0011983216286674363,0.034430596058166965,0.035613538403514736,5171,
clean,mpc_midpoint,q17d_fut_fair,fairness outlook,attitudes,medical-food,0.0015082943177950371,0.009251819165613698,-0.016624938038285225,0.0196415266738753,0.8704973467857634,5171,
clean,mpc_midpoint,q21_order,social order,attitudes,level,0.012679231926077991,0.0038298562726809485,0.005172851565658519,0.020185612286497463,0.0009308664931246238,5171,
clean,mpc_midpoint,q21_order,social order,attitudes,food-cash,0.0013222874228541143,0.009791343997617838,-0.017868394172719286,0.020512969018427515,0.8925750539994373,5171,
clean,mpc_midpoint,q21_order,social order,attitudes,medical-cash,0.004374263133414509,0.009241606536296848,-0.01373895283701727,0.022487479103846287,0.6359828941325997,5171,
clean,mpc_midpoint,q21_order,social order,attitudes,restricted-cash,0.0028482752781343115,0.008356524630875141,-0.013530212034302835,0.019226762590571458,0.7332206643756528,5171,
clean,mpc_midpoint,q21_order,social order,attitudes,medical-food,0.003051975710560395,0.009123014944475944,-0.014828805011033135,0.020932756432153924,0.737975230687596,5171,
clean,mpc_midpoint,q22_vitality,social vitality,attitudes,level,0.006798495273924591,0.003920956952972892,-0.0008864391388341882,0.01448342968668337,0.08293818083094157,5171,
clean,mpc_midpoint,q22_vitality,social vitality,attitudes,food-cash,-0.0016403659388669726,0.01008243936847537,-0.021401583977387464,0.01812085209965352,0.8707583132948599,5171,
clean,mpc_midpoint,q22_vitality,social vitality,attitudes,medical-cash,-0.003221309144638733,0.009411995199290426,-0.021668480757911855,0.015225862468634388,0.7321584597139708,5171,
clean,mpc_midpoint,q22_vitality,social vitality,attitudes,restricted-cash,-0.002430837541752853,0.008546228895538069,-0.01918113838064299,0.014319463297137285,0.7760778535997852,5171,
clean,mpc_midpoint,q22_vitality,social vitality,attitudes,medical-food,-0.0015809432057717605,0.009398423333792573,-0.02000151445146607,0.016839628039922547,0.8664151933896642,5171,
clean,mpc_alt,q42_age,age,objective,level,0.010223335354240335,0.004117680732382349,0.0021528294189364187,0.01829384128954425,0.013035801752329795,5171,
clean,mpc_alt,q42_age,age,objective,food-cash,-3.772975752704854e-05,0.010343165161681843,-0.020309960960572866,0.02023450144551877,0.9970894862664844,5171,
clean,mpc_alt,q42_age,age,objective,medical-cash,-0.0019620135377275685,0.009929314662010278,-0.021423112666433215,0.017499085590978077,0.8433595351702261,5171,
clean,mpc_alt,q42_age,age,objective,restricted-cash,-0.0009998716476273086,0.008829367179593013,-0.01830511332590961,0.016305370030654992,0.909837221628637,5171,
clean,mpc_alt,q42_age,age,objective,medical-food,-0.00192428378020052,0.00996563150381276,-0.02145656261087127,0.017607995050470227,0.846886912973432,5171,
clean,mpc_alt,q41_gender,gender,objective,level,-0.01124978560319622,0.003926132017505285,-0.01894486295605616,-0.0035547082503362805,0.004165340806096484,5171,
clean,mpc_alt,q41_gender,gender,objective,food-cash,0.0007734832364347022,0.010100123122673733,-0.01902239432342604,0.020569360796295448,0.9389564247980395,5171,
clean,mpc_alt,q41_gender,gender,objective,medical-cash,0.00340464274599904,0.009503548798258404,-0.015221970623906345,0.022031256115904424,0.7201565166590349,5171,
clean,mpc_alt,q41_gender,gender,objective,restricted-cash,0.002089062991216871,0.008639230834971158,-0.014843518299454496,0.01902164428188824,0.8089264407059182,5171,
clean,mpc_alt,q41_gender,gender,objective,medical-food,0.002631159509564338,0.009279796119981785,-0.015556906669474494,0.02081922568860317,0.7767657220271156,5171,
clean,mpc_alt,q43_edu,education,objective,level,0.01951827721322334,0.004060278216523567,0.011560278141624624,0.027476276284822056,1.5311394395327245e-06,5171,
clean,mpc_alt,q43_edu,education,objective,food-cash,0.013082901804194436,0.010282401866942948,-0.007070235529581156,0.033236039137970026,0.20324575864595829,5171,
clean,mpc_alt,q43_edu,education,objective,medical-cash,-0.011447090784021804,0.01002758844535844,-0.031100802988714336,0.00820662142067073,0.2536370864565808,5171,
clean,mpc_alt,q43_edu,education,objective,restricted-cash,0.0008179055100863159,0.008999721569330222,-0.016821224636689218,0.018457035656861846,0.9275869873385352,5171,
clean,mpc_alt,q43_edu,education,objective,medical-food,-0.02452999258821624,0.009411731140641725,-0.042976646656048105,-0.006083338520384375,0.009152064423821535,5171,
clean,mpc_alt,income_h,monthly income harmonized 1-6,objective,level,0.02409890371057204,0.004142713819681521,0.0159793338257399,0.03221847359540418,5.984939947867541e-09,5171,
clean,mpc_alt,income_h,monthly income harmonized 1-6,objective,food-cash,0.005949354677767679,0.01043917241386442,-0.014511047281810643,0.026409756637346002,0.5687409558992025,5171,
clean,mpc_alt,income_h,monthly income harmonized 1-6,objective,medical-cash,-0.023511784704510014,0.01041899669002165,-0.04393264297199448,-0.003090926437025545,0.02403141903191929,5171,
clean,mpc_alt,income_h,monthly income harmonized 1-6,objective,restricted-cash,-0.008781215013371167,0.009284580371176803,-0.02697865815244523,0.009416228125702895,0.34425835853359743,5171,
clean,mpc_alt,income_h,monthly income harmonized 1-6,objective,medical-food,-0.029461139382277693,0.009499994460565419,-0.048080786378315934,-0.010841492386239455,0.0019275474379218738,5171,
clean,mpc_alt,q23_hukou,hukou,objective,level,0.018964672466986465,0.0039701770323609265,0.011183268471310938,0.026746076462661993,1.7812218672844292e-06,5171,
clean,mpc_alt,q23_hukou,hukou,objective,food-cash,-0.004593308212962149,0.010020686935063243,-0.024233493706037165,0.015046877280112867,0.6466776130898776,5171,
clean,mpc_alt,q23_hukou,hukou,objective,medical-cash,0.01831408603685717,0.009596433009600861,-0.000494577042011838,0.037122749115726175,0.05633612827309914,5171,
clean,mpc_alt,q23_hukou,hukou,objective,restricted-cash,0.006860388911947511,0.008592412178255406,-0.009980429497756441,0.023701207321651464,0.42462442567784864,5171,
clean,mpc_alt,q23_hukou,hukou,objective,medical-food,0.02290739424981932,0.009470649299413486,0.004345262712759392,0.04146952578687925,0.015572758715898359,5171,
clean,mpc_alt,q24_workstat,employment status,objective,level,-0.019051793306382337,0.003942728384427239,-0.026779398940683517,-0.011324187672081158,1.3507703869357624e-06,5171,
clean,mpc_alt,q24_workstat,employment status,objective,food-cash,-0.01459597414713453,0.009882297896622282,-0.03396492210901013,0.004772973814741071,0.13968051566313447,5171,
clean,mpc_alt,q24_workstat,employment status,objective,medical-cash,0.0021459162763057655,0.009956530452041186,-0.017368524820671263,0.02166035737328279,0.8293552784800402,5171,
clean,mpc_alt,q24_workstat,employment status,objective,restricted-cash,-0.006225028935414382,0.008797766526279976,-0.023468334471315196,0.011018276600486432,0.47921280322634385,5171,
clean,mpc_alt,q24_workstat,employment status,objective,medical-food,0.016741890423440296,0.00916416048071439,-0.0012195340673051766,0.03470331491418577,0.06771668290427857,5171,
clean,mpc_alt,q25_unittype,work-unit type,objective,level,-0.014580197142629814,0.004147731408335742,-0.022709601320513466,-0.0064507929647461635,0.00043938634147854905,5171,
clean,mpc_alt,q25_unittype,work-unit type,objective,food-cash,-0.0067743853815982165,0.01048735953585691,-0.02732923236480046,0.013780461601604028,0.5183070751897081,5171,
clean,mpc_alt,q25_unittype,work-unit type,objective,medical-cash,0.004443725907251955,0.010219967992139888,-0.015587043280494354,0.024474495094998265,0.663701650936644,5171,
clean,mpc_alt,q25_unittype,work-unit type,objective,restricted-cash,-0.0011653297371731308,0.00912432570398845,-0.01904867950020357,0.016718020025857306,0.898373089631668,5171,
clean,mpc_alt,q25_unittype,work-unit type,objective,medical-food,0.011218111288850172,0.00979038474113904,-0.007970690198572845,0.03040691277627319,0.2518657218133754,5171,
clean,mpc_alt,q26_housing,housing tenure,objective,level,-0.012564461511574402,0.004171149528618308,-0.02073976436179751,-0.0043891586613512956,0.002593360710894872,5171,
clean,mpc_alt,q26_housing,housing tenure,objective,food-cash,-0.003041852229023507,0.010580849080765526,-0.023779935353177673,0.01769623089513066,0.7737397678645335,5171,
clean,mpc_alt,q26_housing,housing tenure,objective,medical-cash,0.009079319748954805,0.010252968090427755,-0.011016128442922006,0.029174767940831618,0.37587037791617306,5171,
clean,mpc_alt,q26_housing,housing tenure,objective,restricted-cash,0.003018733759965649,0.009171328745776091,-0.014956740272132396,0.020994207792063693,0.7420430629405212,5171,
clean,mpc_alt,q26_housing,housing tenure,objective,medical-food,0.012121171977978313,0.009884450415381595,-0.007251994843141589,0.031494338799098215,0.22009073236149124,5171,
clean,mpc_alt,q27_minorchild,minor child,needs,level,-0.008782409912611125,0.003919512712957721,-0.016464513666955137,-0.0011003061582671144,0.02504621238841557,5171,
clean,mpc_alt,q27_minorchild,minor child,needs,food-cash,0.019411011730880178,0.010083082806378423,-0.00035146742275658435,0.03917349088451694,0.05421599278021678,5171,
clean,mpc_alt,q27_minorchild,minor child,needs,medical-cash,0.00869239254269977,0.009433671846279261,-0.009797264517977057,0.0271820496033766,0.3568301602264161,5171,
clean,mpc_alt,q27_minorchild,minor child,needs,restricted-cash,0.014051702136789974,0.008580453411146946,-0.002765677520081892,0.03086908179366184,0.10149660903968664,5171,
clean,mpc_alt,q27_minorchild,minor child,needs,medical-food,-0.010718619188180407,0.009318193161964352,-0.028981942186617943,0.007544703810257129,0.25002467898783154,5171,
clean,mpc_alt,q28_hhsize,household size,needs,level,0.0191854444353316,0.004055869623294152,0.011236086047685027,0.02713480282297817,2.2419799972014783e-06,5171,
clean,mpc_alt,q28_hhsize,household size,needs,food-cash,-0.012151184322939022,0.010495530953857374,-0.0327220469911248,0.008419678345246751,0.24696672023107813,5171,
clean,mpc_alt,q28_hhsize,household size,needs,medical-cash,-0.0040627993211968414,0.009965081413840686,-0.02359399999533407,0.015468401352940385,0.6834913122460784,5171,
clean,mpc_alt,q28_hhsize,household size,needs,restricted-cash,-0.008106991822067932,0.009077899179913845,-0.02589934726998476,0.009685363625848896,0.37183193334202125,5171,
clean,mpc_alt,q28_hhsize,household size,needs,medical-food,0.00808838500174218,0.00944907514484782,-0.010431461969372145,0.026608231972856503,0.39199914468856234,5171,
clean,mpc_alt,q29_foodexp,monthly food spending,needs,level,0.045102126084127975,0.0042673120650581434,0.03673834812582077,0.05346590404243518,4.139579857582643e-26,5171,
clean,mpc_alt,q29_foodexp,monthly food spending,needs,food-cash,-0.005233245635393834,0.01092880849124499,-0.026653316672169546,0.016186825401381874,0.6320462750133796,5171,
clean,mpc_alt,q29_foodexp,monthly food spending,needs,medical-cash,-0.01625852678459279,0.010425449472973799,-0.03669203227426352,0.004174978705077943,0.11887721503437665,5171,
clean,mpc_alt,q29_foodexp,monthly food spending,needs,restricted-cash,-0.01074588620999331,0.009428163072372035,-0.029224746272213,0.00773297385222638,0.2543843989817387,5171,
clean,mpc_alt,q29_foodexp,monthly food spending,needs,medical-food,-0.011025281149198955,0.01003477293349071,-0.03069307469187809,0.008642512393480182,0.271895632459922,5171,
clean,mpc_alt,q30_medexp,annual OOP medical spending,needs,level,0.033237566647276895,0.004284584176936909,0.02483993597175036,0.04163519732280343,8.663503550839843e-15,5171,
clean,mpc_alt,q30_medexp,annual OOP medical spending,needs,food-cash,-0.005120205842638812,0.010829944282565177,-0.026346506591042033,0.01610609490576441,0.6363685114098554,5171,
clean,mpc_alt,q30_medexp,annual OOP medical spending,needs,medical-cash,0.017149401069750683,0.010369228608510273,-0.0031739135503918332,0.0374727156898932,0.09815304831492225,5171,
clean,mpc_alt,q30_medexp,annual OOP medical spending,needs,restricted-cash,0.006014597613555935,0.009316945035958155,-0.012246279102861288,0.024275474329973158,0.5185677856586244,5171,
clean,mpc_alt,q30_medexp,annual OOP medical spending,needs,medical-food,0.022269606912389495,0.010119057811168333,0.0024366180450208497,0.04210259577975814,0.0277530939941845,5171,
clean,mpc_alt,q31_gotsubsidy,prior subsidy,objective,level,-0.014628682477196115,0.0038257718048642347,-0.022127057427798816,-0.007130307526593415,0.00013145286853891115,5171,
clean,mpc_alt,q31_gotsubsidy,prior subsidy,objective,food-cash,0.010411859794327133,0.01000680324999203,-0.009201114176035611,0.030024833764689875,0.2981178259839087,5171,
clean,mpc_alt,q31_gotsubsidy,prior subsidy,objective,medical-cash,0.003665390201221659,0.00912625508761241,-0.0142217410842241,0.021552521486667416,0.6879553502435942,5171,
clean,mpc_alt,q31_gotsubsidy,prior subsidy,objective,restricted-cash,0.0070386249977743955,0.00843454383625966,-0.009492777147318842,0.02357002714286763,0.4039994098083818,5171,
clean,mpc_alt,q31_gotsubsidy,prior subsidy,objective,medical-food,-0.006746469593105474,0.00907100697350088,-0.02452531656467888,0.011032377378467928,0.4570338608037562,5171,
clean,mpc_alt,q49_citytier,city tier,objective,level,-0.009822147668638714,0.003843135813392554,-0.017354555450584164,-0.002289739886693262,0.01059549918052826,5171,
clean,mpc_alt,q49_citytier,city tier,objective,food-cash,0.0022800334175624997,0.010085819436551622,-0.01748780943265274,0.02204787626777774,0.8211522040802581,5171,
clean,mpc_alt,q49_citytier,city tier,objective,medical-cash,0.023692746176222062,0.009410321901478903,0.005248854166394933,0.042136638186049194,0.011811038955332847,5171,
clean,mpc_alt,q49_citytier,city tier,objective,restricted-cash,0.01298638979689228,0.00866691737149566,-0.0040004561082237645,0.029973235702008327,0.1340329274092913,5171,
clean,mpc_alt,q49_citytier,city tier,objective,medical-food,0.021412712758659563,0.008949524964768746,0.0038719661489707256,0.0389534593683484,0.01672906440653951,5171,
clean,mpc_alt,q06_socsec,perceived social protection,subjective_economic,level,-0.00106148437358321,0.004502460649771361,-0.009886145088943886,0.007763176341777467,0.8136216230662937,5171,
clean,mpc_alt,q06_socsec,perceived social protection,subjective_economic,food-cash,0.0104438954126038,0.011441198771421763,-0.01198044211934677,0.03286823294455437,0.3613307650679678,5171,
clean,mpc_alt,q06_socsec,perceived social protection,subjective_economic,medical-cash,0.011188351838198673,0.011082464326960327,-0.010532879102593498,0.032909582778990844,0.3127087735129259,5171,
clean,mpc_alt,q06_socsec,perceived social protection,subjective_economic,restricted-cash,0.010816123625401236,0.009926961959888955,-0.008640364291880262,0.030272611542682737,0.27590244061755875,5171,
clean,mpc_alt,q06_socsec,perceived social protection,subjective_economic,medical-food,0.0007444564255948728,0.010642640403524532,-0.020114735465724037,0.021603648316913783,0.9442331774058134,5171,
clean,mpc_alt,q07_emergfund,emergency liquidity,subjective_economic,level,0.007644672220874785,0.004516711063723398,-0.0012079187925966711,0.016497263234346242,0.09054482823854888,5171,
clean,mpc_alt,q07_emergfund,emergency liquidity,subjective_economic,food-cash,0.013688365003426241,0.01174202587510529,-0.009325582817317537,0.03670231282417002,0.24371215103284227,5171,
clean,mpc_alt,q07_emergfund,emergency liquidity,subjective_economic,medical-cash,0.007693468619354601,0.010971823603706098,-0.013810910488635818,0.02919784772734502,0.4831767364016686,5171,
clean,mpc_alt,q07_emergfund,emergency liquidity,subjective_economic,restricted-cash,0.010690916811390422,0.010094981117744439,-0.009094882604000577,0.03047671622678142,0.28958481092124777,5171,
clean,mpc_alt,q07_emergfund,emergency liquidity,subjective_economic,medical-food,-0.00599489638407164,0.010434442707423422,-0.026446028289368158,0.014456235521224879,0.5656094639324066,5171,
clean,mpc_alt,q09_gain,sense of gain,subjective_economic,level,0.005124913331065617,0.004523338732033006,-0.0037406676735941497,0.013990494335725384,0.25721698765472745,5171,
clean,mpc_alt,q09_gain,sense of gain,subjective_economic,food-cash,0.003698688353215535,0.011725608900771331,-0.019283082789098564,0.026680459495529635,0.7524300422726502,5171,
clean,mpc_alt,q09_gain,sense of gain,subjective_economic,medical-cash,0.0066500781884927165,0.010887374874365727,-0.014688784451450406,0.027988940828435838,0.541327759839725,5171,
clean,mpc_alt,q09_gain,sense of gain,subjective_economic,restricted-cash,0.005174383270854126,0.009933326150339448,-0.014294578230501096,0.024643344772209346,0.6024284627288281,5171,
clean,mpc_alt,q09_gain,sense of gain,subjective_economic,medical-food,0.0029513898352771816,0.010833549642733252,-0.01828197728920676,0.024184756959761126,0.7852909889159687,5171,
clean,mpc_alt,q10_effort,returns to effort,subjective_economic,level,-0.0012742601430277922,0.00449013021521788,-0.010074753650749918,0.007526233364694334,0.7765702791109631,5171,
clean,mpc_alt,q10_effort,returns to effort,subjective_economic,food-cash,0.005059644915697822,0.011670584055587623,-0.01781427951180132,0.027933569343196962,0.6646237638368484,5171,
clean,mpc_alt,q10_effort,returns to effort,subjective_economic,medical-cash,0.00860122934077858,0.010828644972373475,-0.01262252480644416,0.02982498348800132,0.427018834750467,5171,
clean,mpc_alt,q10_effort,returns to effort,subjective_economic,restricted-cash,0.0068304371282382,0.009918339978866195,-0.012609152016763304,0.026270026273239704,0.4910326133491306,5171,
clean,mpc_alt,q10_effort,returns to effort,subjective_economic,medical-food,0.0035415844250807575,0.010650366027840965,-0.017332749411656447,0.024415918261817965,0.7394877997050948,5171,
clean,mpc_alt,q11_mobility,upward mobility,subjective_economic,level,-0.0027221505192923014,0.004359151806905147,-0.01126593106396909,0.005821630025384487,0.5323203232738359,5171,
clean,mpc_alt,q11_mobility,upward mobility,subjective_economic,food-cash,0.009510481205989633,0.01145249913438449,-0.01293600463038011,0.031956967042359376,0.4062965808347322,5171,
clean,mpc_alt,q11_mobility,upward mobility,subjective_economic,medical-cash,0.02260437031704113,0.010622354357798673,0.0017849383447336373,0.043423802289348626,0.0333370816782899,5171,
clean,mpc_alt,q11_mobility,upward mobility,subjective_economic,restricted-cash,0.016057425761515382,0.009811014725898966,-0.003171809753038702,0.03528666127606947,0.10169875256321186,5171,
clean,mpc_alt,q11_mobility,upward mobility,subjective_economic,medical-food,0.013093889111051499,0.010147130493110772,-0.006794121201873771,0.032981899423976765,0.19691072039586266,5171,
clean,mpc_alt,q13_pressure,pressure affordability,subjective_economic,level,0.0033174683886297946,0.004537456033632821,-0.005575782018724498,0.012210718795984087,0.4646999994448783,5171,
clean,mpc_alt,q13_pressure,pressure affordability,subjective_economic,food-cash,0.010642380696766237,0.011679110856702918,-0.01224825595382222,0.03353301734735469,0.3621730946996661,5171,
clean,mpc_alt,q13_pressure,pressure affordability,subjective_economic,medical-cash,0.020718106025886564,0.010876227642499792,-0.0005989084410720075,0.042035120492845135,0.05679331046550058,5171,
clean,mpc_alt,q13_pressure,pressure affordability,subjective_economic,restricted-cash,0.0156802433613264,0.009921774444560568,-0.0037660772127422124,0.03512656393539501,0.11401826657097473,5171,
clean,mpc_alt,q13_pressure,pressure affordability,subjective_economic,medical-food,0.010075725329120327,0.010752743080457396,-0.010999263843588446,0.031150714501829102,0.34873918090412603,5171,
clean,mpc_alt,q15_fut_self,future self,subjective_economic,level,-0.004135499990055675,0.004353365775858504,-0.012667940122267612,0.004396940142156261,0.3421353046589093,5171,
clean,mpc_alt,q15_fut_self,future self,subjective_economic,food-cash,0.007013512955596929,0.011047642978253763,-0.014639469395837266,0.028666495307031123,0.5255311612427391,5171,
clean,mpc_alt,q15_fut_self,future self,subjective_economic,medical-cash,0.009797823613210367,0.010675371015309567,-0.011125519098399176,0.030721166324819908,0.3587251472006,5171,
clean,mpc_alt,q15_fut_self,future self,subjective_economic,restricted-cash,0.008405668284403648,0.009565824013667535,-0.010343002264833107,0.027154338833640403,0.3795538257668102,5171,
clean,mpc_alt,q15_fut_self,future self,subjective_economic,medical-food,0.0027843106576134376,0.010296017052098778,-0.017395511948710425,0.0229641332639373,0.7868325435880766,5171,
clean,mpc_alt,q17a_fut_econ,economic outlook,subjective_economic,level,-0.00036341581746472906,0.0043341575661972834,-0.00885820855053318,0.008131376915603722,0.933176298064542,5171,
clean,mpc_alt,q17a_fut_econ,economic outlook,subjective_economic,food-cash,0.009500487501352645,0.010986059178004663,-0.012031792819562202,0.031032767822267493,0.38716138706027403,5171,
clean,mpc_alt,q17a_fut_econ,economic outlook,subjective_economic,medical-cash,0.007629227409051298,0.010605107876112215,-0.01315640208029071,0.028414856898393306,0.4718995614691238,5171,
clean,mpc_alt,q17a_fut_econ,economic outlook,subjective_economic,restricted-cash,0.008564857455201972,0.009534839156712636,-0.010123083890337056,0.027252798800741,0.3690417628388992,5171,
clean,mpc_alt,q17a_fut_econ,economic outlook,subjective_economic,medical-food,-0.0018712600923013476,0.010132669326276938,-0.02173092703905788,0.017988406854455186,0.8534832295080369,5171,
clean,mpc_alt,q17b_fut_job,employment/income outlook,subjective_economic,level,-0.0039174194042524224,0.0043671898988144366,-0.01247695431957584,0.004642115511070996,0.369712799841711,5171,
clean,mpc_alt,q17b_fut_job,employment/income outlook,subjective_economic,food-cash,0.008781885536725391,0.011309216109748403,-0.01338377073176166,0.03094754180521244,0.43743924837396375,5171,
clean,mpc_alt,q17b_fut_job,employment/income outlook,subjective_economic,medical-cash,0.01937342204381575,0.01045032484804362,-0.0011088382850937585,0.03985568237272526,0.06375942707386677,5171,
clean,mpc_alt,q17b_fut_job,employment/income outlook,subjective_economic,restricted-cash,0.01407765379027057,0.009616703100276909,-0.004770737936286851,0.03292604551682799,0.14322803312866614,5171,
clean,mpc_alt,q17b_fut_job,employment/income outlook,subjective_economic,medical-food,0.01059153650709036,0.01021231623177423,-0.009424235505920931,0.03060730852010165,0.29967358848156933,5171,
clean,mpc_alt,q17c_fut_price,price/affordability outlook,subjective_economic,level,-0.000165405340320191,0.004368974192928424,-0.008728437407844852,0.00839762672720447,0.96980003964954,5171,
clean,mpc_alt,q17c_fut_price,price/affordability outlook,subjective_economic,food-cash,0.019868568837183267,0.011177527395558731,-0.002038982294321638,0.04177611996868817,0.07547845347701165,5171,
clean,mpc_alt,q17c_fut_price,price/affordability outlook,subjective_economic,medical-cash,0.026835721510513017,0.01052912968932934,0.0061990065308761035,0.04747243649014993,0.010812148006581892,5171,
clean,mpc_alt,q17c_fut_price,price/affordability outlook,subjective_economic,restricted-cash,0.023352145173848142,0.009580874276856628,0.004573976650802919,0.042130313696893365,0.014794491598729588,5171,
clean,mpc_alt,q17c_fut_price,price/affordability outlook,subjective_economic,medical-food,0.00696715267332975,0.01021894190954391,-0.01306160542948328,0.02699591077614278,0.49537296950566245,5171,
clean,mpc_alt,q17e_fut_welfare,welfare outlook,subjective_economic,level,0.00421568835361063,0.0043926054958551754,-0.004393660216558219,0.012825036923779478,0.33719420556952495,5171,
clean,mpc_alt,q17e_fut_welfare,welfare outlook,subjective_economic,food-cash,0.01803770677878893,0.01130361636705802,-0.004116974195702276,0.040192387753280136,0.11054539192206783,5171,
clean,mpc_alt,q17e_fut_welfare,welfare outlook,subjective_economic,medical-cash,0.013910489353204655,0.010821374600362596,-0.007299015126722555,0.035119993833131864,0.19863012855700135,5171,
clean,mpc_alt,q17e_fut_welfare,welfare outlook,subjective_economic,restricted-cash,0.01597409806599679,0.00983581387090647,-0.0033037428796193896,0.03525193901161297,0.10435983201368508,5171,
clean,mpc_alt,q17e_fut_welfare,welfare outlook,subjective_economic,medical-food,-0.004127217425584275,0.010137792877028255,-0.02399692634728635,0.0157424914961178,0.6839257090878874,5171,
clean,mpc_alt,q18_ses_now,subjective SES,subjective_economic,level,-0.007699057556218858,0.0043582024989468815,-0.01624097749148721,0.000842862379049493,0.07730073926919356,5171,
clean,mpc_alt,q18_ses_now,subjective SES,subjective_economic,food-cash,0.0030213804321504306,0.011092392008150782,-0.018719308406225026,0.024762069270525888,0.7853274443426742,5171,
clean,mpc_alt,q18_ses_now,subjective SES,subjective_economic,medical-cash,0.007392507827587953,0.010546682385095638,-0.013278609803582492,0.028063625458758398,0.48334541455314584,5171,
clean,mpc_alt,q18_ses_now,subjective SES,subjective_economic,restricted-cash,0.005206944129869192,0.009486172673472562,-0.013385612661265067,0.02379950092100345,0.583075239404544,5171,
clean,mpc_alt,q18_ses_now,subjective SES,subjective_economic,medical-food,0.004371127395437522,0.010421010105810164,-0.016053677094478337,0.02479593188535338,0.6748848554950155,5171,
clean,mpc_alt,q19_ses_past5,past mobility,subjective_economic,level,-0.0057930568796419986,0.004347314454520475,-0.01431363663997252,0.0027275228806885226,0.1826762746575077,5171,
clean,mpc_alt,q19_ses_past5,past mobility,subjective_economic,food-cash,0.007367773057830241,0.011130403173948701,-0.014447416296519518,0.02918296241218,0.5080031120756319,5171,
clean,mpc_alt,q19_ses_past5,past mobility,subjective_economic,medical-cash,0.0180346522849088,0.010520369146841162,-0.0025848923469662527,0.03865419691678385,0.0864809113444632,5171,
clean,mpc_alt,q19_ses_past5,past mobility,subjective_economic,restricted-cash,0.01270121267136952,0.009539769170968767,-0.005996391324554791,0.031398816667293834,0.18305867056122738,5171,
clean,mpc_alt,q19_ses_past5,past mobility,subjective_economic,medical-food,0.010666879227078558,0.010251794977439081,-0.009426269705590656,0.030760028159747772,0.29811280263360407,5171,
clean,mpc_alt,q20_ses_next1,expected mobility,subjective_economic,level,-0.008830935128273588,0.004350462742607076,-0.017357685419866806,-0.00030418483668037156,0.04236832213281264,5171,
clean,mpc_alt,q20_ses_next1,expected mobility,subjective_economic,food-cash,0.003591200500347731,0.010937252178254748,-0.01784541985886383,0.02502782085955929,0.7426502403619668,5171,
clean,mpc_alt,q20_ses_next1,expected mobility,subjective_economic,medical-cash,0.013883225743971933,0.010662901968721114,-0.0070156780854026875,0.03478212957334655,0.1929123018834361,5171,
clean,mpc_alt,q20_ses_next1,expected mobility,subjective_economic,restricted-cash,0.008737213122159831,0.009459107855153541,-0.009802297599821028,0.02727672384414069,0.35565160583949373,5171,
clean,mpc_alt,q20_ses_next1,expected mobility,subjective_economic,medical-food,0.010292025243624202,0.01042799316977529,-0.01014646580016504,0.030730516287413447,0.3236616321831113,5171,
clean,mpc_alt,q01_lifesat,life satisfaction,attitudes,level,-0.001206160449216701,0.004417338877582862,-0.009863985556787698,0.007451664658354296,0.784813724837581,5171,
clean,mpc_alt,q01_lifesat,life satisfaction,attitudes,food-cash,0.011240709340267597,0.011295373380583963,-0.010897815677609408,0.033379234358144605,0.3196582131020512,5171,
clean,mpc_alt,q01_lifesat,life satisfaction,attitudes,medical-cash,0.01020449475339459,0.010879954159546587,-0.011119823552763473,0.03152881305955265,0.3482870288110932,5171,
clean,mpc_alt,q01_lifesat,life satisfaction,attitudes,restricted-cash,0.010722602046831092,0.009778908749442133,-0.008443706910179108,0.029888911003841293,0.2728587440079049,5171,
clean,mpc_alt,q01_lifesat,life satisfaction,attitudes,medical-food,-0.0010362145868730074,0.010459899584681309,-0.02153724105475384,0.019464811881007828,0.9210863095132585,5171,
clean,mpc_alt,q02_safety,safety,attitudes,level,0.0101734125004849,0.004329450485480846,0.00168784547609299,0.018658979524876808,0.018782687804560064,5171,
clean,mpc_alt,q02_safety,safety,attitudes,food-cash,0.01029803777475333,0.011059629693036607,-0.011378438105948192,0.03197451365545485,0.35178235713371886,5171,
clean,mpc_alt,q02_safety,safety,attitudes,medical-cash,-0.005308875837435762,0.010703441805784015,-0.026287236287392792,0.01566948461252127,0.6198964740204965,5171,
clean,mpc_alt,q02_safety,safety,attitudes,restricted-cash,0.0024945809686587844,0.009669068673961532,-0.016456445396350276,0.021445607333667845,0.7964100001144501,5171,
clean,mpc_alt,q02_safety,safety,attitudes,medical-food,-0.015606913612189091,0.009989724459997237,-0.035186413769262515,0.003972586544884332,0.11821810778850632,5171,
clean,mpc_alt,q03a_fair_dist,distribution fairness,attitudes,level,-0.002117924360113653,0.004194302033106124,-0.010338605285284781,0.006102756565057476,0.613592020688368,5171,
clean,mpc_alt,q03a_fair_dist,distribution fairness,attitudes,food-cash,0.008030518592088566,0.010880283882194084,-0.013294445958583478,0.02935548314276061,0.46046591107620327,5171,
clean,mpc_alt,q03a_fair_dist,distribution fairness,attitudes,medical-cash,0.02330565902692719,0.010182833876871569,0.003347671367704544,0.043263646686149834,0.022095606366766742,5171,
clean,mpc_alt,q03a_fair_dist,distribution fairness,attitudes,restricted-cash,0.015668088809507878,0.009322288855350028,-0.0026032616004573045,0.03393943921947306,0.09281874222072017,5171,
clean,mpc_alt,q03a_fair_dist,distribution fairness,attitudes,medical-food,0.015275140434838623,0.009824514656300227,-0.00398055445709573,0.03453083532677298,0.11999407174188635,5171,
clean,mpc_alt,q03b_fair_opp,opportunity fairness,attitudes,level,-0.0008779135319408684,0.004218807637569978,-0.009146624559280536,0.0073907974953987985,0.8351546511025796,5171,
clean,mpc_alt,q03b_fair_opp,opportunity fairness,attitudes,food-cash,0.006599115934000683,0.010926313144491905,-0.014816064313010037,0.0280142961810114,0.5458665946671635,5171,
clean,mpc_alt,q03b_fair_opp,opportunity fairness,attitudes,medical-cash,0.015068766759265906,0.010222461509914958,-0.0049668896335143525,0.03510442315204616,0.14045898097764054,5171,
clean,mpc_alt,q03b_fair_opp,opportunity fairness,attitudes,restricted-cash,0.010833941346633295,0.009365331235203748,-0.007521770577654071,0.02918965327092066,0.24734857632565743,5171,
clean,mpc_alt,q03b_fair_opp,opportunity fairness,attitudes,medical-food,0.008469650825265223,0.009845220156301581,-0.010826626100953678,0.027765927751484124,0.38963444454588003,5171,
clean,mpc_alt,q03c_fair_rule,rule fairness,attitudes,level,0.0021417923298997104,0.004256854824879827,-0.006201489814280309,0.010485074474079729,0.6148661108785909,5171,
clean,mpc_alt,q03c_fair_rule,rule fairness,attitudes,food-cash,0.005533999374452692,0.010899630447276619,-0.01582888374700568,0.026896882495911066,0.6116472105139423,5171,
clean,mpc_alt,q03c_fair_rule,rule fairness,attitudes,medical-cash,0.0073971844274188575,0.010366025100364997,-0.012919851432134734,0.02771422028697245,0.47547521895036227,5171,
clean,mpc_alt,q03c_fair_rule,rule fairness,attitudes,restricted-cash,0.006465591900935775,0.0093633216843149,-0.011886181375984349,0.024817365177855898,0.4898651550421428,5171,
clean,mpc_alt,q03c_fair_rule,rule fairness,attitudes,medical-food,0.0018631850529661651,0.010090870561123394,-0.017914557819491174,0.021640927925423506,0.853510888071342,5171,
clean,mpc_alt,q04_trust_gov,institutional trust,attitudes,level,0.0010821660886635776,0.004326835455981001,-0.007398275572090126,0.00956260774941728,0.8025056298502159,5171,
clean,mpc_alt,q04_trust_gov,institutional trust,attitudes,food-cash,0.003391553777103992,0.011218104623499798,-0.018595527259757876,0.025378634813965857,0.7624015841611782,5171,
clean,mpc_alt,q04_trust_gov,institutional trust,attitudes,medical-cash,0.002073346923085372,0.010679780279693338,-0.018858637787914675,0.02300533163408542,0.8460681403053436,5171,
clean,mpc_alt,q04_trust_gov,institutional trust,attitudes,restricted-cash,0.002732450350094682,0.009703962341922742,-0.01628696634740685,0.021751867047596216,0.7782648953023631,5171,
clean,mpc_alt,q04_trust_gov,institutional trust,attitudes,medical-food,-0.0013182068540186203,0.010155767612485515,-0.02122314560984856,0.018586731901811322,0.8967255808057201,5171,
clean,mpc_alt,q05_trust_soc,generalized trust,attitudes,level,0.002840406630273513,0.0043280587447428525,-0.005642432632396114,0.011323245892943139,0.511645731839469,5171,
clean,mpc_alt,q05_trust_soc,generalized trust,attitudes,food-cash,0.010052499912945153,0.011323277843085068,-0.012140716846441968,0.032245716672332274,0.37466288958872174,5171,
clean,mpc_alt,q05_trust_soc,generalized trust,attitudes,medical-cash,0.025715144312463148,0.010319803303768355,0.005488701509539708,0.04594158711538659,0.012708862201590568,5171,
clean,mpc_alt,q05_trust_soc,generalized trust,attitudes,restricted-cash,0.017883822112704152,0.009580426974712234,-0.0008934697142478527,0.036661113939656154,0.06194292380882267,5171,
clean,mpc_alt,q05_trust_soc,generalized trust,attitudes,medical-food,0.015662644399517995,0.010113930917757138,-0.00416029594141213,0.03548558474044812,0.12147288829375395,5171,
clean,mpc_alt,q08_support,social support,attitudes,level,0.007513614226713918,0.004453543551485757,-0.001215170737778771,0.016242399191206607,0.09158235944410784,5171,
clean,mpc_alt,q08_support,social support,attitudes,food-cash,0.010091288345895158,0.01146213341390741,-0.012374080331356502,0.03255665702314682,0.3786414239549374,5171,
clean,mpc_alt,q08_support,social support,attitudes,medical-cash,-0.0010719065608632732,0.010791022180937982,-0.022221921391874587,0.02007810827014804,0.9208737339568039,5171,
clean,mpc_alt,q08_support,social support,attitudes,restricted-cash,0.0045096908925159425,0.009811420016962828,-0.014720338977926566,0.023739720762958452,0.6457768529288511,5171,
clean,mpc_alt,q08_support,social support,attitudes,medical-food,-0.011163194906758432,0.010516533327022789,-0.03177522146993829,0.009448831656421424,0.28846727745333245,5171,
clean,mpc_alt,q12_voice,voice/response,attitudes,level,-0.0003752096754986653,0.004403606217650754,-0.009006119264190794,0.008255699913193464,0.9320983420068916,5171,
clean,mpc_alt,q12_voice,voice/response,attitudes,food-cash,0.0007253931006039267,0.011386088690385175,-0.021590930657329848,0.0230417168585377,0.9492021637929946,5171,
clean,mpc_alt,q12_voice,voice/response,attitudes,medical-cash,0.012162722242224835,0.010509223536276596,-0.00843497739435796,0.03276042187880763,0.24713435253634042,5171,
clean,mpc_alt,q12_voice,voice/response,attitudes,restricted-cash,0.006444057671414381,0.009587550976239275,-0.012347196941956434,0.025235312284785198,0.5015024642592163,5171,
clean,mpc_alt,q12_voice,voice/response,attitudes,medical-food,0.011437329141620907,0.010606085758353437,-0.009350216961695015,0.03222487524493683,0.28086680029171207,5171,
clean,mpc_alt,q16_fut_society,national outlook,attitudes,level,0.006139250512138891,0.004409631629273449,-0.002503468666325748,0.01478196969060353,0.16385076539575782,5171,
clean,mpc_alt,q16_fut_society,national outlook,attitudes,food-cash,0.006264164031125116,0.010946335741065679,-0.015190259784047179,0.02771858784629741,0.56714498175842,5171,
clean,mpc_alt,q16_fut_society,national outlook,attitudes,medical-cash,-0.0031889923666840827,0.010705035237716433,-0.02417047588584047,0.017792491152472303,0.7657821709661332,5171,
clean,mpc_alt,q16_fut_society,national outlook,attitudes,restricted-cash,0.0015375858322205168,0.009395319495386764,-0.016876902001984575,0.019952073666425606,0.8700031786448971,5171,
clean,mpc_alt,q16_fut_society,national outlook,attitudes,medical-food,-0.0094531563978092,0.010758809298067634,-0.030540035138556423,0.011633722342938024,0.3795946756483096,5171,
clean,mpc_alt,q17d_fut_fair,fairness outlook,attitudes,level,-0.0008015409293515688,0.004308992230706961,-0.00924701051120012,0.007643928652496982,0.8524323177565043,5171,
clean,mpc_alt,q17d_fut_fair,fairness outlook,attitudes,food-cash,0.0186426647792402,0.01103022447825492,-0.0029761779395315532,0.04026150749801195,0.09100045984136346,5171,
clean,mpc_alt,q17d_fut_fair,fairness outlook,attitudes,medical-cash,0.020810443280268393,0.010371228837117562,0.0004832082840947431,0.04113767827644205,0.04479704428837619,5171,
clean,mpc_alt,q17d_fut_fair,fairness outlook,attitudes,restricted-cash,0.019726554029754297,0.009413634166335491,0.001276170100100997,0.038176937959407596,0.036123892933447095,5171,
clean,mpc_alt,q17d_fut_fair,fairness outlook,attitudes,medical-food,0.0021677785010281933,0.010197570612391472,-0.017819092629063154,0.02215464963111954,0.8316561835350604,5171,
clean,mpc_alt,q21_order,social order,attitudes,level,0.012924898794809975,0.004241075790157552,0.004612542990396422,0.02123725459922353,0.002307136429115514,5171,
clean,mpc_alt,q21_order,social order,attitudes,food-cash,0.0008079194152292221,0.010896307017903922,-0.0205484499043535,0.022164288734811948,0.9408940792555345,5171,
clean,mpc_alt,q21_order,social order,attitudes,medical-cash,0.0039133985293065415,0.010209252624306933,-0.016096368923406077,0.02392316598201916,0.7014833968053396,5171,
clean,mpc_alt,q21_order,social order,attitudes,restricted-cash,0.002360658972267882,0.009279294745952961,-0.01582642453173167,0.020547742476267436,0.7991860191041674,5171,
clean,mpc_alt,q21_order,social order,attitudes,medical-food,0.003105479114077319,0.010074494906525067,-0.01664016806514403,0.022851126293298666,0.7578908961135837,5171,
clean,mpc_alt,q22_vitality,social vitality,attitudes,level,0.006285707511556182,0.004349607113817149,-0.0022393657784246434,0.014810780801537006,0.14842397042621175,5171,
clean,mpc_alt,q22_vitality,social vitality,attitudes,food-cash,-0.00296350592839169,0.011251057457990134,-0.02501517333404312,0.019088161477259745,0.7922438390847295,5171,
clean,mpc_alt,q22_vitality,social vitality,attitudes,medical-cash,-0.004482815678322229,0.0104240653353569,-0.024913608308114194,0.015947976951469735,0.6671630118744909,5171,
clean,mpc_alt,q22_vitality,social vitality,attitudes,restricted-cash,-0.0037231608033569596,0.00952287003783421,-0.022387643106967597,0.014941321500253676,0.6958190768554877,5171,
clean,mpc_alt,q22_vitality,social vitality,attitudes,medical-food,-0.0015193097499305395,0.010380493680343305,-0.021864703505149054,0.018826084005287978,0.8836356288499897,5171,
clean,any_spend,q42_age,age,objective,level,-0.006746470433043935,0.00668664166981034,-0.01985204728339697,0.0063591064173091,0.3129998104767021,5171,
clean,any_spend,q42_age,age,objective,food-cash,0.026794098023453984,0.01612175953375845,-0.0048039700301278285,0.0583921660770358,0.09651608675734662,5171,
clean,any_spend,q42_age,age,objective,medical-cash,0.02142298253005392,0.016416673212052313,-0.0107531057115321,0.053599070771639945,0.19190894421103866,5171,
clean,any_spend,q42_age,age,objective,restricted-cash,0.02410854027675395,0.013988244301259235,-0.003307914760661803,0.05152499531416971,0.0848007127403597,5171,
clean,any_spend,q42_age,age,objective,medical-food,-0.005371115493400063,0.016617841770351804,-0.03794148686407493,0.027199255877274803,0.7465333437991312,5171,
clean,any_spend,q41_gender,gender,objective,level,-0.019027897265892667,0.0063825673287262975,-0.031537499359098234,-0.0065182951726871045,0.0028709366033112136,5171,
clean,any_spend,q41_gender,gender,objective,food-cash,0.0022196323316481226,0.015395568754759966,-0.02795512794919158,0.032394392612487825,0.8853635021494674,5171,
clean,any_spend,q41_gender,gender,objective,medical-cash,-0.006479717018959814,0.015665819834543383,-0.03718415968295807,0.02422472564503845,0.6791514597124593,5171,
clean,any_spend,q41_gender,gender,objective,restricted-cash,-0.0021300423436558455,0.01336506323809752,-0.02832508494142726,0.02406500025411557,0.8733742954489867,5171,
clean,any_spend,q41_gender,gender,objective,medical-food,-0.008699349350607937,0.015823502624528023,-0.03971284460395788,0.02231414590274201,0.5824744363725398,5171,
clean,any_spend,q43_edu,education,objective,level,0.038165138878459424,0.006685909067051571,0.025060997903128553,0.051269279853790296,1.1411375431054477e-08,5171,
clean,any_spend,q43_edu,education,objective,food-cash,0.003781137091061806,0.016175833399403552,-0.027922913791689263,0.03548518797381288,0.8151773389377,5171,
clean,any_spend,q43_edu,education,objective,medical-cash,-0.023639828565760652,0.016243937444402598,-0.055477360923911354,0.008197703792390047,0.14558577686670182,5171,
clean,any_spend,q43_edu,education,objective,restricted-cash,-0.009929345737349424,0.013910173911559394,-0.037192785622694485,0.017334094147995634,0.4753391401555055,5171,
clean,any_spend,q43_edu,education,objective,medical-food,-0.027420965656822456,0.01664555276121939,-0.06004564957157371,0.005203718257928799,0.09948718366529866,5171,
clean,any_spend,income_h,monthly income harmonized 1-6,objective,level,0.03988204678961265,0.00661694805901584,0.02691306690636939,0.05285102667285591,1.6676566853790905e-09,5171,
clean,any_spend,income_h,monthly income harmonized 1-6,objective,food-cash,0.025202223003077947,0.015771382727543547,-0.005709119129304489,0.05611356513546038,0.11004927920906721,5171,
clean,any_spend,income_h,monthly income harmonized 1-6,objective,medical-cash,-0.00454404161822819,0.016404194281360827,-0.03669567160509333,0.02760758836863695,0.7817763707313474,5171,
clean,any_spend,income_h,monthly income harmonized 1-6,objective,restricted-cash,0.010329090692424879,0.013836653234455142,-0.016790251313676847,0.03744843269852661,0.45536416367386445,5171,
clean,any_spend,income_h,monthly income harmonized 1-6,objective,medical-food,-0.029746264621306136,0.016427303960064435,-0.06194318874612463,0.002450659503512361,0.07017461970800999,5171,
clean,any_spend,q23_hukou,hukou,objective,level,0.01924173833427752,0.006439546182298082,0.006620459740190878,0.031863016928364164,0.0028075614800189466,5171,
clean,any_spend,q23_hukou,hukou,objective,food-cash,0.010025259681649216,0.015657608814666806,-0.020663089679114607,0.04071360904241304,0.5219903354911315,5171,
clean,any_spend,q23_hukou,hukou,objective,medical-cash,0.016558879517538233,0.015688904356188835,-0.014190807977485446,0.04730856701256191,0.291218825070536,5171,
clean,any_spend,q23_hukou,hukou,objective,restricted-cash,0.013292069599593725,0.013487389217277707,-0.013142727511744449,0.039726866710931896,0.3243695212527027,5171,
clean,any_spend,q23_hukou,hukou,objective,medical-food,0.006533619835889017,0.015967660936661632,-0.024762420517314886,0.037829660189092916,0.6824088419577925,5171,
clean,any_spend,q24_workstat,employment status,objective,level,-0.051184796371966906,0.006665289742755403,-0.06424852421429174,-0.038121068529642074,1.5995333347759118e-14,5171,
clean,any_spend,q24_workstat,employment status,objective,food-cash,-0.01955073367071672,0.016125861801393238,-0.051156842021117664,0.012055374679684226,0.22536549774554637,5171,
clean,any_spend,q24_workstat,employment status,objective,medical-cash,-0.015359298579470475,0.01641035135943933,-0.047522996217619476,0.01680439905867852,0.3492979835206764,5171,
clean,any_spend,q24_workstat,employment status,objective,restricted-cash,-0.0174550161250936,0.014059228209108768,-0.04501059706537635,0.010100564815189152,0.2144083809249948,5171,
clean,any_spend,q24_workstat,employment status,objective,medical-food,0.0041914350912462435,0.016371881682096676,-0.02789686336481428,0.036279733547306764,0.7979398301741918,5171,
clean,any_spend,q25_unittype,work-unit type,objective,level,-0.03253953328917054,0.006493410419522516,-0.04526638384827179,-0.01981268273006928,5.410226847868284e-07,5171,
clean,any_spend,q25_unittype,work-unit type,objective,food-cash,-0.028232306854784166,0.015577519903404119,-0.0587636848339121,0.0022990711243437677,0.06992828075178571,5171,
clean,any_spend,q25_unittype,work-unit type,objective,medical-cash,-0.01368972856596831,0.015824523062030058,-0.044705223840070724,0.0173257667081341,0.3869862053162253,5171,
clean,any_spend,q25_unittype,work-unit type,objective,restricted-cash,-0.02096101771037624,0.013425609135727615,-0.04727472808691428,0.005352692666161809,0.11845976134658573,5171,
clean,any_spend,q25_unittype,work-unit type,objective,medical-food,0.014542578288815855,0.016283776905313276,-0.01737303797788326,0.04645819455551497,0.37181884396756226,5171,
clean,any_spend,q26_housing,housing tenure,objective,level,-0.026276808596135744,0.006558909830837954,-0.03913203564242383,-0.013421581549847655,6.168334641335655e-05,5171,
clean,any_spend,q26_housing,housing tenure,objective,food-cash,-0.03399091193160744,0.015890105280868955,-0.06513494599266031,-0.0028468778705545705,0.03242559474691206,5171,
clean,any_spend,q26_housing,housing tenure,objective,medical-cash,-0.019834349469714053,0.015930705437602805,-0.05105795837573195,0.011389259436303846,0.21311741706575138,5171,
clean,any_spend,q26_housing,housing tenure,objective,restricted-cash,-0.026912630700660748,0.013685946289898752,-0.053736592523211876,-8.866887810961982e-05,0.04924748223827602,5171,
clean,any_spend,q26_housing,housing tenure,objective,medical-food,0.014156562461893389,0.01622791236584547,-0.01764956131943591,0.04596268624322269,0.3830126590297772,5171,
clean,any_spend,q27_minorchild,minor child,needs,level,-0.026053054529057856,0.006421636865148902,-0.0386392315065444,-0.013466877551571312,4.969138871230566e-05,5171,
clean,any_spend,q27_minorchild,minor child,needs,food-cash,-0.007877331599733634,0.015520452970630634,-0.03829686044591737,0.022542197246450103,0.6117723213607745,5171,
clean,any_spend,q27_minorchild,minor child,needs,medical-cash,-0.0165385776923693,0.015722725045674655,-0.0473545525207175,0.014277397135978899,0.2928500074667153,5171,
clean,any_spend,q27_minorchild,minor child,needs,restricted-cash,-0.012207954646051466,0.01344459968918101,-0.03855888582340465,0.01414297653130172,0.36386807801334,5171,
clean,any_spend,q27_minorchild,minor child,needs,medical-food,-0.008661246092635666,0.015910626742576175,-0.039845501479544805,0.022523009294273477,0.5861878278728747,5171,
clean,any_spend,q28_hhsize,household size,needs,level,0.0015545114575206008,0.006508801808920488,-0.01120250567047271,0.014311528585513912,0.8112357003902663,5171,
clean,any_spend,q28_hhsize,household size,needs,food-cash,-0.01966566203398739,0.01585441629237327,-0.05073974696294406,0.011408422894969277,0.21483111710880132,5171,
clean,any_spend,q28_hhsize,household size,needs,medical-cash,0.007111665857806105,0.01589894995842438,-0.02404970345271027,0.03827303516832248,0.6546554909400006,5171,
clean,any_spend,q28_hhsize,household size,needs,restricted-cash,-0.006276998088090642,0.013715976713918913,-0.03315981846016175,0.020605822283980467,0.6472101314828844,5171,
clean,any_spend,q28_hhsize,household size,needs,medical-food,0.026777327891793497,0.015992691538250964,-0.004567771539036869,0.05812242732262386,0.09406226539049689,5171,
clean,any_spend,q29_foodexp,monthly food spending,needs,level,0.0599213739489902,0.006429499893567311,0.04731978571899416,0.07252296217898624,1.1660751348266394e-20,5171,
clean,any_spend,q29_foodexp,monthly food spending,needs,food-cash,0.011224674409075272,0.01554645347386578,-0.019245814487029264,0.04169516330517981,0.470289138659692,5171,
clean,any_spend,q29_foodexp,monthly food spending,needs,medical-cash,0.006708070941838414,0.015888559610139037,-0.02443293366025186,0.03784907554392869,0.6728826669985699,5171,
clean,any_spend,q29_foodexp,monthly food spending,needs,restricted-cash,0.008966372675456843,0.013584083070152584,-0.017657940905042507,0.0355906862559562,0.5092123596297742,5171,
clean,any_spend,q29_foodexp,monthly food spending,needs,medical-food,-0.004516603467236859,0.01581669474867634,-0.035516755529106284,0.026483548594632568,0.7752157191755832,5171,
clean,any_spend,q30_medexp,annual OOP medical spending,needs,level,0.024863939268628964,0.006634881509963754,0.011859810467409275,0.03786806806984865,0.00017863579240980342,5171,
clean,any_spend,q30_medexp,annual OOP medical spending,needs,food-cash,-0.004116679072066914,0.016014254636587847,-0.03550404139903267,0.027270683254898842,0.7971298151302788,5171,
clean,any_spend,q30_medexp,annual OOP medical spending,needs,medical-cash,0.04433226651345302,0.016251660253116196,0.012479597728364177,0.07618493529854187,0.0063746507093797745,5171,
clean,any_spend,q30_medexp,annual OOP medical spending,needs,restricted-cash,0.020107793720693053,0.013909789268162465,-0.007154892277447134,0.047370479718833236,0.14829341438234447,5171,
clean,any_spend,q30_medexp,annual OOP medical spending,needs,medical-food,0.04844894558551993,0.016346763445943463,0.016409877967674874,0.08048801320336499,0.003038410601975282,5171,
clean,any_spend,q31_gotsubsidy,prior subsidy,objective,level,-0.05652303052245149,0.00639595516374399,-0.0690588722901227,-0.04398718875478028,9.805189280672758e-19,5171,
clean,any_spend,q31_gotsubsidy,prior subsidy,objective,food-cash,0.011846444767759888,0.015372121282452869,-0.018282359311829404,0.041975248847349184,0.44091752078720503,5171,
clean,any_spend,q31_gotsubsidy,prior subsidy,objective,medical-cash,0.0021219184717311905,0.015645574037225267,-0.028542843158685265,0.03278668010214764,0.8921183729090575,5171,
clean,any_spend,q31_gotsubsidy,prior subsidy,objective,restricted-cash,0.0069841816197455395,0.013325170696483646,-0.019132673033210916,0.03310103627270199,0.6001849973749298,5171,
clean,any_spend,q31_gotsubsidy,prior subsidy,objective,medical-food,-0.009724526296028697,0.01587235026679319,-0.04083376116894807,0.02138470857689067,0.5400940020670445,5171,
clean,any_spend,q49_citytier,city tier,objective,level,-0.019023613307171852,0.006481153535745847,-0.03172644081550814,-0.006320785798835563,0.0033331097449082374,5171,
clean,any_spend,q49_citytier,city tier,objective,food-cash,0.0025464158686599337,0.015851085878355747,-0.028521141568768775,0.033613973306088646,0.8723721070141099,5171,
clean,any_spend,q49_citytier,city tier,objective,medical-cash,0.012578809436769027,0.016000055392568484,-0.018780722883311077,0.04393834175684913,0.4317662190604842,5171,
clean,any_spend,q49_citytier,city tier,objective,restricted-cash,0.00756261265271448,0.01383802531099062,-0.01955941857398082,0.03468464387940978,0.5847157414605635,5171,
clean,any_spend,q49_citytier,city tier,objective,medical-food,0.010032393568109093,0.01576558321617279,-0.02086758173085873,0.040932368867076914,0.5245497819410789,5171,
clean,any_spend,q06_socsec,perceived social protection,subjective_economic,level,0.04544619560808172,0.006813047078246109,0.0320928687097435,0.05879952250641994,2.5499328389907653e-11,5171,
clean,any_spend,q06_socsec,perceived social protection,subjective_economic,food-cash,0.0160141516746837,0.016638262208713853,-0.0165962430197293,0.0486245463690967,0.335803805228996,5171,
clean,any_spend,q06_socsec,perceived social protection,subjective_economic,medical-cash,0.008700903342309827,0.01670369826819461,-0.024037743671975677,0.041439550356595335,0.6024386494524336,5171,
clean,any_spend,q06_socsec,perceived social protection,subjective_economic,restricted-cash,0.012357527508496762,0.014432509769409381,-0.015929671846068104,0.04064472686306163,0.39187135075854584,5171,
clean,any_spend,q06_socsec,perceived social protection,subjective_economic,medical-food,-0.007313248332373871,0.016688356939651584,-0.04002182689524005,0.025395330230492306,0.6612234867763291,5171,
clean,any_spend,q07_emergfund,emergency liquidity,subjective_economic,level,0.04719233486988208,0.006787502569297877,0.03388907428908516,0.060495595450679,3.5803626040862086e-12,5171,
clean,any_spend,q07_emergfund,emergency liquidity,subjective_economic,food-cash,0.0342057525771918,0.01645314291356076,0.0019581850341223034,0.0664533201202613,0.037619202603613164,5171,
clean,any_spend,q07_emergfund,emergency liquidity,subjective_economic,medical-cash,0.001421059231036908,0.01665245593291406,-0.031217154651614995,0.03405927311368881,0.9319940213352345,5171,
clean,any_spend,q07_emergfund,emergency liquidity,subjective_economic,restricted-cash,0.017813405904114354,0.014302127270303559,-0.010218248447988777,0.045845060256217485,0.21294528289264125,5171,
clean,any_spend,q07_emergfund,emergency liquidity,subjective_economic,medical-food,-0.03278469334615489,0.016667843976938213,-0.06545306724088665,-0.00011631945142313166,0.049189821825616833,5171,
clean,any_spend,q09_gain,sense of gain,subjective_economic,level,0.057008137455013604,0.006814962798047938,0.04365105581485933,0.07036521909516788,6.004212672112001e-17,5171,
clean,any_spend,q09_gain,sense of gain,subjective_economic,food-cash,0.020144164398972476,0.01683312697705565,-0.012848158223246187,0.05313648702119114,0.23142440241640294,5171,
clean,any_spend,q09_gain,sense of gain,subjective_economic,medical-cash,0.008049437258260825,0.016798239135045228,-0.02487450645011909,0.04097338096664074,0.6318081660851029,5171,
clean,any_spend,q09_gain,sense of gain,subjective_economic,restricted-cash,0.01409680082861665,0.014663917444156977,-0.014643949234199663,0.042837550891432964,0.3363884253636563,5171,
clean,any_spend,q09_gain,sense of gain,subjective_economic,medical-food,-0.01209472714071165,0.01646050134386806,-0.04435671694216621,0.02016726266074291,0.4624779313515027,5171,
clean,any_spend,q10_effort,returns to effort,subjective_economic,level,0.04934717463702496,0.006851516874200471,0.03591844832412359,0.06277590094992633,5.91738988051961e-13,5171,
clean,any_spend,q10_effort,returns to effort,subjective_economic,food-cash,0.01016957682877026,0.016731741378358877,-0.0226240336714517,0.04296318732899222,0.5433191612252335,5171,
clean,any_spend,q10_effort,returns to effort,subjective_economic,medical-cash,-0.011104202176974793,0.016734600207130943,-0.04390341587862796,0.02169501152467838,0.5069799666568104,5171,
clean,any_spend,q10_effort,returns to effort,subjective_economic,restricted-cash,-0.0004673126741022663,0.01445951944397305,-0.02880745001804607,0.02787282466984154,0.9742179074126263,5171,
clean,any_spend,q10_effort,returns to effort,subjective_economic,medical-food,-0.021273779005745053,0.016842957492288826,-0.05428536908377021,0.01173781107228011,0.20656520438950343,5171,
clean,any_spend,q11_mobility,upward mobility,subjective_economic,level,0.056600267098318766,0.006880452349434208,0.04311482829608372,0.07008570590055381,1.931782949917556e-16,5171,
clean,any_spend,q11_mobility,upward mobility,subjective_economic,food-cash,0.004348181956568856,0.01702620477278873,-0.029022566191501026,0.03771893010463874,0.7984282656058971,5171,
clean,any_spend,q11_mobility,upward mobility,subjective_economic,medical-cash,0.009471625601053123,0.01671284270860449,-0.023284944187094522,0.042228195389200765,0.5708994140481418,5171,
clean,any_spend,q11_mobility,upward mobility,subjective_economic,restricted-cash,0.00690990377881099,0.014610876161654952,-0.02172688728060754,0.03554669483822952,0.6362639941698713,5171,
clean,any_spend,q11_mobility,upward mobility,subjective_economic,medical-food,0.005123443644484267,0.016867445327912234,-0.027936141709422112,0.03818302899839065,0.7613202987203616,5171,
clean,any_spend,q13_pressure,pressure affordability,subjective_economic,level,0.051844355295431827,0.006925739297859728,0.03827015570531304,0.06541855488555062,7.113951656573975e-14,5171,
clean,any_spend,q13_pressure,pressure affordability,subjective_economic,food-cash,0.014295394852609675,0.01683528530678255,-0.018701158018140478,0.047291947723359824,0.39580733807778845,5171,
clean,any_spend,q13_pressure,pressure affordability,subjective_economic,medical-cash,0.0035647003230090727,0.016869416017992897,-0.029498747512480102,0.03662814815849825,0.8326442690273849,5171,
clean,any_spend,q13_pressure,pressure affordability,subjective_economic,restricted-cash,0.008930047587809374,0.014532289431838624,-0.019552716311506374,0.03741281148712512,0.5388869854055611,5171,
clean,any_spend,q13_pressure,pressure affordability,subjective_economic,medical-food,-0.010730694529600602,0.017066291681992696,-0.04418001157596178,0.022718622516760583,0.5295026237729783,5171,
clean,any_spend,q15_fut_self,future self,subjective_economic,level,0.05510281316623938,0.00680980554624588,0.041755839553876344,0.06844978677860242,5.884409486680729e-16,5171,
clean,any_spend,q15_fut_self,future self,subjective_economic,food-cash,0.017335170277004232,0.016487153906311867,-0.01497905758693589,0.04964939814094435,0.29305885890522954,5171,
clean,any_spend,q15_fut_self,future self,subjective_economic,medical-cash,0.005370771016354617,0.016642031043509874,-0.02724701045852227,0.0379885524912315,0.7469048120214641,5171,
clean,any_spend,q15_fut_self,future self,subjective_economic,restricted-cash,0.011352970646679426,0.01426223478412004,-0.016600495869250245,0.03930643716260909,0.42602259050318336,5171,
clean,any_spend,q15_fut_self,future self,subjective_economic,medical-food,-0.011964399260649615,0.01684997086696792,-0.044989735300455885,0.021060936779156658,0.4776702805829205,5171,
clean,any_spend,q17a_fut_econ,economic outlook,subjective_economic,level,0.05020505172561393,0.006855215007994897,0.03676907720366547,0.06364102624756239,2.413532843563684e-13,5171,
clean,any_spend,q17a_fut_econ,economic outlook,subjective_economic,food-cash,0.03250984794256054,0.01641815405371234,0.00033085730465405583,0.06468883858046702,0.047690506568069335,5171,
clean,any_spend,q17a_fut_econ,economic outlook,subjective_economic,medical-cash,-0.00011950025599984679,0.016903660580475172,-0.03325006620062061,0.033011065688620916,0.9943594102224694,5171,
clean,any_spend,q17a_fut_econ,economic outlook,subjective_economic,restricted-cash,0.016195173843280345,0.014329689843689352,-0.011890502159980183,0.044280849846540876,0.2583990631340062,5171,
clean,any_spend,q17a_fut_econ,economic outlook,subjective_economic,medical-food,-0.032629348198560386,0.017006440045975155,-0.06596135819391138,0.0007026617967906199,0.055029075134292595,5171,
clean,any_spend,q17b_fut_job,employment/income outlook,subjective_economic,level,0.05800888175991068,0.006803882905408828,0.04467351631028164,0.07134424720953973,1.5169237059375588e-17,5171,
clean,any_spend,q17b_fut_job,employment/income outlook,subjective_economic,food-cash,0.0036878227319243843,0.016521788210215008,-0.02869428712029551,0.036069932584144274,0.8233723338635451,5171,
clean,any_spend,q17b_fut_job,employment/income outlook,subjective_economic,medical-cash,0.0010820056059400568,0.016663295644595313,-0.031577453721209896,0.033741464933090014,0.948226971701313,5171,
clean,any_spend,q17b_fut_job,employment/income outlook,subjective_economic,restricted-cash,0.0023849141689322208,0.014288880421104459,-0.02562077683583204,0.030390605173696482,0.8674432249635269,5171,
clean,any_spend,q17b_fut_job,employment/income outlook,subjective_economic,medical-food,-0.0026058171259843274,0.01686954059985892,-0.03566950913744403,0.030457874885475373,0.8772401364303964,5171,
clean,any_spend,q17c_fut_price,price/affordability outlook,subjective_economic,level,0.05490530044038024,0.006780244539204702,0.04161626533716466,0.06819433554359583,5.594595224621801e-16,5171,
clean,any_spend,q17c_fut_price,price/affordability outlook,subjective_economic,food-cash,0.026059947657528674,0.016350779541723436,-0.0059869913634035925,0.05810688667846094,0.11097980679763764,5171,
clean,any_spend,q17c_fut_price,price/affordability outlook,subjective_economic,medical-cash,0.020718466981939472,0.01651460837067972,-0.011649570643376482,0.053086504607255426,0.2096407333161967,5171,
clean,any_spend,q17c_fut_price,price/affordability outlook,subjective_economic,restricted-cash,0.023389207319734075,0.014088750743271154,-0.004224236724239303,0.05100265136370745,0.09688759555570874,5171,
clean,any_spend,q17c_fut_price,price/affordability outlook,subjective_economic,medical-food,-0.005341480675589202,0.016917120691590477,-0.03849842795322386,0.027815466602045463,0.752196767399242,5171,
clean,any_spend,q17e_fut_welfare,welfare outlook,subjective_economic,level,0.05070290251857525,0.006826697617596409,0.0373228210547409,0.06408298398240961,1.1096308021901158e-13,5171,
clean,any_spend,q17e_fut_welfare,welfare outlook,subjective_economic,food-cash,0.024784874933571635,0.016651523506792807,-0.007851511427464368,0.05742126129460764,0.1366336078323442,5171,
clean,any_spend,q17e_fut_welfare,welfare outlook,subjective_economic,medical-cash,0.003340419965212331,0.016641213548554867,-0.029275759248995198,0.03595659917941986,0.8409083298341541,5171,
clean,any_spend,q17e_fut_welfare,welfare outlook,subjective_economic,restricted-cash,0.014062647449391983,0.014390576750365603,-0.014142364698084046,0.04226765959686801,0.32846409961105905,5171,
clean,any_spend,q17e_fut_welfare,welfare outlook,subjective_economic,medical-food,-0.021444454968359304,0.016734743801418255,-0.054243950109643994,0.011355040172925386,0.2000415770099051,5171,
clean,any_spend,q18_ses_now,subjective SES,subjective_economic,level,0.07050490918961819,0.006889180333527776,0.05700236385290211,0.08400745452633426,1.3941311220962871e-24,5171,
clean,any_spend,q18_ses_now,subjective SES,subjective_economic,food-cash,0.021719300263758987,0.01681926082609435,-0.011245845201971336,0.054684445729489314,0.1965875373827316,5171,
clean,any_spend,q18_ses_now,subjective SES,subjective_economic,medical-cash,0.007838115579164348,0.016665586911987766,-0.02482583454955377,0.040502065707882465,0.6381282647064228,5171,
clean,any_spend,q18_ses_now,subjective SES,subjective_economic,restricted-cash,0.014778707921461668,0.014398568635547605,-0.013441968033139665,0.042999383876063,0.30470251932479564,5171,
clean,any_spend,q18_ses_now,subjective SES,subjective_economic,medical-food,-0.01388118468459464,0.017087525528996853,-0.04737211930633721,0.019609749937147928,0.4165863521265081,5171,
clean,any_spend,q19_ses_past5,past mobility,subjective_economic,level,0.05748861240627301,0.006913094738326879,0.04393919569743898,0.07103802911510704,9.105770361237962e-17,5171,
clean,any_spend,q19_ses_past5,past mobility,subjective_economic,food-cash,0.010232192847818136,0.016935387172431093,-0.022960556074388426,0.0434249417700247,0.5457172786838411,5171,
clean,any_spend,q19_ses_past5,past mobility,subjective_economic,medical-cash,0.01097247121848758,0.016830270792126917,-0.022014253384137587,0.04395919582111275,0.5144343413568426,5171,
clean,any_spend,q19_ses_past5,past mobility,subjective_economic,restricted-cash,0.010602332033152858,0.014547235553214091,-0.01790972572576737,0.03911438979207309,0.46611111067528765,5171,
clean,any_spend,q19_ses_past5,past mobility,subjective_economic,medical-food,0.0007402783706694435,0.017135998899105467,-0.03284566231069529,0.034326219052034174,0.965541955383118,5171,
clean,any_spend,q20_ses_next1,expected mobility,subjective_economic,level,0.049694100939538355,0.006941363285980633,0.03608927889540771,0.063298922983669,8.119247454917985e-13,5171,
clean,any_spend,q20_ses_next1,expected mobility,subjective_economic,food-cash,0.020564767253736058,0.01677246589674187,-0.012308661835804306,0.05343819634327642,0.2201599955679392,5171,
clean,any_spend,q20_ses_next1,expected mobility,subjective_economic,medical-cash,0.014455538105856158,0.016967818985993775,-0.01880077600288658,0.04771185221459889,0.3942482318295253,5171,
clean,any_spend,q20_ses_next1,expected mobility,subjective_economic,restricted-cash,0.01751015267979611,0.014517187030907854,-0.010943011057615245,0.04596331641720747,0.2277530853088684,5171,
clean,any_spend,q20_ses_next1,expected mobility,subjective_economic,medical-food,-0.0061092291478799,0.017188662241029783,-0.039798388082721806,0.02757992978696201,0.722273450729072,5171,
clean,any_spend,q01_lifesat,life satisfaction,attitudes,level,0.041487165036213566,0.006853328399321362,0.02805488819931816,0.05491944187310897,1.4166252857419224e-09,5171,
clean,any_spend,q01_lifesat,life satisfaction,attitudes,food-cash,0.01429995940608002,0.016771162318962807,-0.018570914717962336,0.04717083353012237,0.3938525048365322,5171,
clean,any_spend,q01_lifesat,life satisfaction,attitudes,medical-cash,-0.008730920395147336,0.016795108470769978,-0.04164872811430007,0.024186887324005403,0.6031688218176402,5171,
clean,any_spend,q01_lifesat,life satisfaction,attitudes,restricted-cash,0.0027845195054663416,0.014549583379384605,-0.025732139908190052,0.031301178919122735,0.8482267984410761,5171,
clean,any_spend,q01_lifesat,life satisfaction,attitudes,medical-food,-0.023030879801227356,0.0167312163961021,-0.05582346135513351,0.009761701752678795,0.16866022248793855,5171,
clean,any_spend,q02_safety,safety,attitudes,level,0.007182365740946617,0.006852221536648485,-0.006247741684974119,0.020612473166867352,0.29455540295135996,5171,
clean,any_spend,q02_safety,safety,attitudes,food-cash,0.01816960405916561,0.016653801175855583,-0.014471246451202138,0.050810454569533356,0.2752647718415737,5171,
clean,any_spend,q02_safety,safety,attitudes,medical-cash,-0.0010392499196301306,0.01656059067762776,-0.033497411210490304,0.03141891137123005,0.9499620783604948,5171,
clean,any_spend,q02_safety,safety,attitudes,restricted-cash,0.008565177069767739,0.014302039598799814,-0.019466305449345585,0.03659665958888106,0.5492542338277879,5171,
clean,any_spend,q02_safety,safety,attitudes,medical-food,-0.01920885397879574,0.016882273770175888,-0.05229750254548571,0.01387979458789423,0.2551989857687892,5171,
clean,any_spend,q03a_fair_dist,distribution fairness,attitudes,level,0.05569331903699505,0.006840582883814348,0.04228602295145779,0.06910061512253231,3.900742947533115e-16,5171,
clean,any_spend,q03a_fair_dist,distribution fairness,attitudes,food-cash,0.009410600951163082,0.016683981616072076,-0.02328940213506655,0.04211060403739272,0.5727200589141823,5171,
clean,any_spend,q03a_fair_dist,distribution fairness,attitudes,medical-cash,0.008915053758751056,0.016783386210520748,-0.023979778752495788,0.0418098862699979,0.5952917938282053,5171,
clean,any_spend,q03a_fair_dist,distribution fairness,attitudes,restricted-cash,0.009162827354957069,0.014475449464734263,-0.01920853225595169,0.03753418696586583,0.5267396049356134,5171,
clean,any_spend,q03a_fair_dist,distribution fairness,attitudes,medical-food,-0.0004955471924120262,0.016790474730916813,-0.03340427294833884,0.03241317856351478,0.9764549801591222,5171,
clean,any_spend,q03b_fair_opp,opportunity fairness,attitudes,level,0.05536772069706466,0.006853094505584412,0.041935902283469884,0.06879953911065943,6.517746686602408e-16,5171,
clean,any_spend,q03b_fair_opp,opportunity fairness,attitudes,food-cash,0.014159660101863224,0.016692205076111136,-0.018556460669871273,0.04687578087359772,0.39628217390582043,5171,
clean,any_spend,q03b_fair_opp,opportunity fairness,attitudes,medical-cash,0.0059125669246282795,0.01671149410216306,-0.026841359643464846,0.0386664934927214,0.7234869656115757,5171,
clean,any_spend,q03b_fair_opp,opportunity fairness,attitudes,restricted-cash,0.01003611351324575,0.0143886216877836,-0.018165066781982032,0.03823729380847353,0.4854877704120656,5171,
clean,any_spend,q03b_fair_opp,opportunity fairness,attitudes,medical-food,-0.008247093177234944,0.016961065843942004,-0.04149017137077373,0.02499598501630384,0.6267993329530965,5171,
clean,any_spend,q03c_fair_rule,rule fairness,attitudes,level,0.05152432373047279,0.00681126976748107,0.03817448029722338,0.0648741671637222,3.891511478695709e-14,5171,
clean,any_spend,q03c_fair_rule,rule fairness,attitudes,food-cash,0.010101279838547226,0.016648475856542742,-0.022529133237761175,0.042731692914855623,0.5440241260286209,5171,
clean,any_spend,q03c_fair_rule,rule fairness,attitudes,medical-cash,0.007201149307179392,0.016720788881786065,-0.025570994694219057,0.03997329330857784,0.6667080238247505,5171,
clean,any_spend,q03c_fair_rule,rule fairness,attitudes,restricted-cash,0.00865121457286331,0.014438470045608075,-0.019647666708388908,0.03695009585411553,0.5490541471033896,5171,
clean,any_spend,q03c_fair_rule,rule fairness,attitudes,medical-food,-0.002900130531367834,0.016722302153669138,-0.035675240491155925,0.02987497942842026,0.862314307387817,5171,
clean,any_spend,q04_trust_gov,institutional trust,attitudes,level,0.03822096141611625,0.006878208976795076,0.024739919543457806,0.051702003288774695,2.7473559649816195e-08,5171,
clean,any_spend,q04_trust_gov,institutional trust,attitudes,food-cash,0.0023684831067033087,0.017045828433970105,-0.031040726710526885,0.035777692923933506,0.8894912710237,5171,
clean,any_spend,q04_trust_gov,institutional trust,attitudes,medical-cash,-0.007278186947845535,0.016754057514740288,-0.04011553627164915,0.025559162375958074,0.6639882748848499,5171,
clean,any_spend,q04_trust_gov,institutional trust,attitudes,restricted-cash,-0.0024548519205711133,0.014671136369993535,-0.03120975081803415,0.026300046976891922,0.8671141182874222,5171,
clean,any_spend,q04_trust_gov,institutional trust,attitudes,medical-food,-0.009646670054548844,0.01677940555762778,-0.04253370062949052,0.02324036052039283,0.5653512794670403,5171,
clean,any_spend,q05_trust_soc,generalized trust,attitudes,level,0.055442029359542365,0.006897190483807336,0.0419237844167676,0.06896027430231713,9.105642464411638e-16,5171,
clean,any_spend,q05_trust_soc,generalized trust,attitudes,food-cash,0.021173836835235355,0.01685043577299573,-0.01185241040364162,0.05420008407411233,0.20890756128637789,5171,
clean,any_spend,q05_trust_soc,generalized trust,attitudes,medical-cash,0.006887317597125829,0.01685830579403672,-0.026154354599549057,0.03992898979380072,0.6828761665937202,5171,
clean,any_spend,q05_trust_soc,generalized trust,attitudes,restricted-cash,0.014030577216180591,0.014561579432328645,-0.014509594029202757,0.04257074846156394,0.3352795984350625,5171,
clean,any_spend,q05_trust_soc,generalized trust,attitudes,medical-food,-0.014286519238109526,0.01697412553606653,-0.04755519395786156,0.018982155481642515,0.399975762798796,5171,
clean,any_spend,q08_support,social support,attitudes,level,0.04084539194700034,0.006901788384796615,0.027318135283882102,0.054372648610118576,3.2570543228711706e-09,5171,
clean,any_spend,q08_support,social support,attitudes,food-cash,-0.0017284581763300434,0.01689971371915429,-0.0348512884149099,0.03139437206224981,0.9185365217606521,5171,
clean,any_spend,q08_support,social support,attitudes,medical-cash,-0.04104327108164315,0.01677276562943219,-0.07391728763646152,-0.008169254526824772,0.014404336688097858,5171,
clean,any_spend,q08_support,social support,attitudes,restricted-cash,-0.021385864628986596,0.0145456607781099,-0.04989483588541886,0.0071231066274456654,0.14149206824638472,5171,
clean,any_spend,q08_support,social support,attitudes,medical-food,-0.03931481290531311,0.0169572106023098,-0.07255033496410107,-0.006079290846525143,0.02042369922721631,5171,
clean,any_spend,q12_voice,voice/response,attitudes,level,0.06429396627307905,0.006834056895634479,0.05089946088933787,0.07768847165682025,5.062590400327686e-21,5171,
clean,any_spend,q12_voice,voice/response,attitudes,food-cash,0.020530782441104616,0.01657533134270713,-0.011956270022419294,0.053017834904628525,0.21548076950550998,5171,
clean,any_spend,q12_voice,voice/response,attitudes,medical-cash,0.003273881188331288,0.016741024707281598,-0.029537924302235848,0.03608568667889842,0.8449542719665426,5171,
clean,any_spend,q12_voice,voice/response,attitudes,restricted-cash,0.011902331814717951,0.014365191424554113,-0.016252926008431742,0.040057589637867645,0.40735702367587956,5171,
clean,any_spend,q12_voice,voice/response,attitudes,medical-food,-0.017256901252773328,0.01686926602091366,-0.05032005509938941,0.015806252593842753,0.3063178767906731,5171,
clean,any_spend,q16_fut_society,national outlook,attitudes,level,0.044785823981813,0.006877511856478656,0.031306148439867634,0.05826549952375837,7.419501547675331e-11,5171,
clean,any_spend,q16_fut_society,national outlook,attitudes,food-cash,0.016630082401631115,0.016642031773629443,-0.015987700504253834,0.04924786530751606,0.3176581140068453,5171,
clean,any_spend,q16_fut_society,national outlook,attitudes,medical-cash,-0.0019288294295508436,0.016792720628534555,-0.034841957063921396,0.030984298204819707,0.9085552627466893,5171,
clean,any_spend,q16_fut_society,national outlook,attitudes,restricted-cash,0.007350626486040136,0.014347126081935934,-0.02076922391620955,0.035470476888289824,0.6084121040950501,5171,
clean,any_spend,q16_fut_society,national outlook,attitudes,medical-food,-0.018558911831181957,0.0171623211740469,-0.05219644322342305,0.015078619561059142,0.27953016221412574,5171,
clean,any_spend,q17d_fut_fair,fairness outlook,attitudes,level,0.059567347161932016,0.006781782030777066,0.04627529863060806,0.07285939569325597,1.585553820526808e-18,5171,
clean,any_spend,q17d_fut_fair,fairness outlook,attitudes,food-cash,0.01663687470286095,0.01637758265086909,-0.01546259744667049,0.04873634685239239,0.30970933190019234,5171,
clean,any_spend,q17d_fut_fair,fairness outlook,attitudes,medical-cash,0.0036276823097081425,0.016616223047162412,-0.02893951642181458,0.036194881041230864,0.8271784565225143,5171,
clean,any_spend,q17d_fut_fair,fairness outlook,attitudes,restricted-cash,0.010132278506284545,0.014179403151388704,-0.01765884099271106,0.03792339800528015,0.4748703240802359,5171,
clean,any_spend,q17d_fut_fair,fairness outlook,attitudes,medical-food,-0.013009192393152806,0.016864942002857628,-0.04606387132011056,0.020045486533804953,0.4404847678456827,5171,
clean,any_spend,q21_order,social order,attitudes,level,0.031870239986698426,0.0068035554971950405,0.018535516245376644,0.04520496372802021,2.8084878458243623e-06,5171,
clean,any_spend,q21_order,social order,attitudes,food-cash,0.016801971886880707,0.01656630764582753,-0.015667394455751778,0.04927133822951319,0.31047515683184124,5171,
clean,any_spend,q21_order,social order,attitudes,medical-cash,0.012417086623037732,0.016500453714692803,-0.019923208386330313,0.04475738163240578,0.4517323888294159,5171,
clean,any_spend,q21_order,social order,attitudes,restricted-cash,0.01460952925495922,0.014217347539001522,-0.013255959877172936,0.042475018387091376,0.30414520939946177,5171,
clean,any_spend,q21_order,social order,attitudes,medical-food,-0.004384885263842975,0.016878482142504272,-0.03746610237685379,0.028696331849167846,0.7950246504094928,5171,
clean,any_spend,q22_vitality,social vitality,attitudes,level,0.03698347183395032,0.006839852905065658,0.02357760648046997,0.050389337187430674,6.406889945634032e-08,5171,
clean,any_spend,q22_vitality,social vitality,attitudes,food-cash,0.014545184786829726,0.016719370610070262,-0.01822417945308546,0.04731454902674491,0.38432222717659603,5171,
clean,any_spend,q22_vitality,social vitality,attitudes,medical-cash,-0.0064682635962412405,0.01652422903040883,-0.03885515736813376,0.025918630175651283,0.6954711635427424,5171,
clean,any_spend,q22_vitality,social vitality,attitudes,restricted-cash,0.0040384605952942425,0.014275793562336188,-0.023941580637613445,0.03201850182820193,0.7772621616981263,5171,
clean,any_spend,q22_vitality,social vitality,attitudes,medical-food,-0.021013448383070968,0.017028854041150766,-0.054389389001715825,0.01236249223557389,0.21720635080142114,5171,
clean,mpc_10plus,q42_age,age,objective,level,-0.004125037809171683,0.0070653073554868525,-0.017972785765631848,0.00972271014728848,0.5593252245797925,5171,
clean,mpc_10plus,q42_age,age,objective,food-cash,0.006088252159609217,0.017265707011871134,-0.027751911751278883,0.03992841607049732,0.7243725360369275,5171,
clean,mpc_10plus,q42_age,age,objective,medical-cash,-0.02238795974859215,0.01717304943520157,-0.056046518146313146,0.011270598649128844,0.19234671045136176,5171,
clean,mpc_10plus,q42_age,age,objective,restricted-cash,-0.008149853794491466,0.014887299113531562,-0.0373284238840884,0.02102871629510547,0.5840787523267099,5171,
clean,mpc_10plus,q42_age,age,objective,medical-food,-0.028476211908201366,0.01730635234427739,-0.062396039206745385,0.0054436153903426494,0.09988330371905331,5171,
clean,mpc_10plus,q41_gender,gender,objective,level,-0.026814739807047523,0.006931274035430298,-0.04039978728346851,-0.013229692330626536,0.00010943529650864278,5171,
clean,mpc_10plus,q41_gender,gender,objective,food-cash,-0.021301180919017868,0.017081568880534227,-0.05478044072430513,0.01217807888626939,0.21238752635499425,5171,
clean,mpc_10plus,q41_gender,gender,objective,medical-cash,-0.025282974062647425,0.016951004672296845,-0.05850633272211943,0.007940384596824574,0.13582174991269838,5171,
clean,mpc_10plus,q41_gender,gender,objective,restricted-cash,-0.023292077490832647,0.0147666796816525,-0.05223423783811094,0.005650082856445644,0.11471726706185527,5171,
clean,mpc_10plus,q41_gender,gender,objective,medical-food,-0.003981793143629557,0.016911942359150074,-0.03712859107618106,0.029165004788921943,0.8138651580133787,5171,
clean,mpc_10plus,q43_edu,education,objective,level,0.04305185330766205,0.00695258314327952,0.029425040747313908,0.056678665868010195,5.932652049328461e-10,5171,
clean,mpc_10plus,q43_edu,education,objective,food-cash,0.012482913852707646,0.01710388368911598,-0.021040082173721747,0.04600590987913704,0.46549458975248514,5171,
clean,mpc_10plus,q43_edu,education,objective,medical-cash,-0.002732831503913221,0.01697995094486368,-0.0360129238151029,0.030547260807276454,0.8721370302217133,5171,
clean,mpc_10plus,q43_edu,education,objective,restricted-cash,0.004875041174397212,0.014773618303256632,-0.02408071862132753,0.03383080097012195,0.7414128950497942,5171,
clean,mpc_10plus,q43_edu,education,objective,medical-food,-0.015215745356620868,0.016990701916056675,-0.04851690918414764,0.018085418470905903,0.3705018843479051,5171,
clean,mpc_10plus,income_h,monthly income harmonized 1-6,objective,level,0.045612505152517954,0.006952381843692649,0.03198608713211018,0.05923892317292573,5.35550684654304e-11,5171,
clean,mpc_10plus,income_h,monthly income harmonized 1-6,objective,food-cash,0.004868880387134055,0.01689715777931389,-0.028248940301411972,0.03798670107568008,0.7732335343256614,5171,
clean,mpc_10plus,income_h,monthly income harmonized 1-6,objective,medical-cash,-0.01904739099354991,0.01723862556598569,-0.05283447624585326,0.014739694258753443,0.2691920222953438,5171,
clean,mpc_10plus,income_h,monthly income harmonized 1-6,objective,restricted-cash,-0.0070892553032079276,0.014817680383387117,-0.036131375189072334,0.02195286458265648,0.6323426257835665,5171,
clean,mpc_10plus,income_h,monthly income harmonized 1-6,objective,medical-food,-0.023916271380683966,0.016944429676731675,-0.05712674328564972,0.009294200524281787,0.15811099293082953,5171,
clean,mpc_10plus,q23_hukou,hukou,objective,level,0.029362031120276452,0.006963241302024532,0.015714328952646576,0.04300973328790633,2.4788266910423773e-05,5171,
clean,mpc_10plus,q23_hukou,hukou,objective,food-cash,0.01656618001620904,0.017176822729774506,-0.01709977390297797,0.05023213393539605,0.33482055918896914,5171,
clean,mpc_10plus,q23_hukou,hukou,objective,medical-cash,0.04173892068630565,0.016962839813209046,0.008492365576893784,0.07498547579571752,0.013870133312088938,5171,
clean,mpc_10plus,q23_hukou,hukou,objective,restricted-cash,0.029152550351257345,0.014816813885770162,0.00011212876951485762,0.05819297193299983,0.0491219501916398,5171,
clean,mpc_10plus,q23_hukou,hukou,objective,medical-food,0.02517274067009661,0.01695318413558851,-0.008054889658932675,0.05840037099912589,0.1375866079200484,5171,
clean,mpc_10plus,q24_workstat,employment status,objective,level,-0.048165183900177516,0.006882421838917566,-0.06165448283086787,-0.03467588496948716,2.591053623343189e-12,5171,
clean,mpc_10plus,q24_workstat,employment status,objective,food-cash,-0.01910012740036892,0.01701032913621003,-0.052439759872512905,0.014239505071775065,0.2614992248589848,5171,
clean,mpc_10plus,q24_workstat,employment status,objective,medical-cash,-0.02028191847960694,0.016980458470534008,-0.053563005522831685,0.012999168563617804,0.2323109709851987,5171,
clean,mpc_10plus,q24_workstat,employment status,objective,restricted-cash,-0.01969102293998793,0.014824139828822002,-0.04874580310626482,0.009363757226288957,0.1840763910589467,5171,
clean,mpc_10plus,q24_workstat,employment status,objective,medical-food,-0.0011817910792380204,0.01662389989519863,-0.033764036156426515,0.031400453997950474,0.9433262209205728,5171,
clean,mpc_10plus,q25_unittype,work-unit type,objective,level,-0.037976105046616054,0.00694727485855051,-0.05159251356007565,-0.024359696533156457,4.594456286377263e-08,5171,
clean,mpc_10plus,q25_unittype,work-unit type,objective,food-cash,-0.019737661821543004,0.017121578229838924,-0.053295338510512345,0.013820014867426338,0.24899472786588972,5171,
clean,mpc_10plus,q25_unittype,work-unit type,objective,medical-cash,-0.016196720951603922,0.016939097906195924,-0.04939674277834577,0.01700330087513793,0.3389844541150483,5171,
clean,mpc_10plus,q25_unittype,work-unit type,objective,restricted-cash,-0.01796719138657346,0.014754811448483856,-0.04688609042428109,0.010951707651134162,0.22333136314675273,5171,
clean,mpc_10plus,q25_unittype,work-unit type,objective,medical-food,0.003540940869939082,0.01701014739475027,-0.02979833539548928,0.036880217135367446,0.8350990555082286,5171,
clean,mpc_10plus,q26_housing,housing tenure,objective,level,-0.03269233947069569,0.006934961652478299,-0.046284614543719536,-0.019100064397671847,2.4274072362756273e-06,5171,
clean,mpc_10plus,q26_housing,housing tenure,objective,food-cash,-0.01779640050983472,0.017137982935018666,-0.051386229830133356,0.015793428810463916,0.29907520666659404,5171,
clean,mpc_10plus,q26_housing,housing tenure,objective,medical-cash,0.00870038932264873,0.01702031388465446,-0.024658812896841027,0.04205959154213849,0.6092272732298638,5171,
clean,mpc_10plus,q26_housing,housing tenure,objective,restricted-cash,-0.004548005593592995,0.014880480747083293,-0.033713211930517926,0.024617200743331936,0.759882064114912,5171,
clean,mpc_10plus,q26_housing,housing tenure,objective,medical-food,0.02649678983248345,0.016765686939968754,-0.006363352745928856,0.059356932410895756,0.11401122107129949,5171,
clean,mpc_10plus,q27_minorchild,minor child,needs,level,-0.019991144043014022,0.006931573345283419,-0.033576778155967345,-0.0064055099300607005,0.003925712452538652,5171,
clean,mpc_10plus,q27_minorchild,minor child,needs,food-cash,0.015530562845099426,0.01710467275933112,-0.01799397973053292,0.04905510542073177,0.3638930488981984,5171,
clean,mpc_10plus,q27_minorchild,minor child,needs,medical-cash,0.0008488999971415952,0.01693086207646884,-0.03233497989995236,0.03403277989423556,0.9600114564022074,5171,
clean,mpc_10plus,q27_minorchild,minor child,needs,restricted-cash,0.00818973142112051,0.014767729427564274,-0.02075448639033778,0.037133949232578796,0.5791891975690622,5171,
clean,mpc_10plus,q27_minorchild,minor child,needs,medical-food,-0.01468166284795783,0.016914624203021426,-0.047833717097909345,0.01847039140199368,0.3854018076851454,5171,
clean,mpc_10plus,q28_hhsize,household size,needs,level,0.01720591407017487,0.006926003507866358,0.003631196637958729,0.030780631502391007,0.01298251638024045,5171,
clean,mpc_10plus,q28_hhsize,household size,needs,food-cash,-0.00737257128111031,0.01734190751898753,-0.041362085441550234,0.026616942879329614,0.6707416514883193,5171,
clean,mpc_10plus,q28_hhsize,household size,needs,medical-cash,-0.0019983012087741556,0.016922575407735393,-0.03516593953359875,0.031169337116050435,0.9060003604477271,5171,
clean,mpc_10plus,q28_hhsize,household size,needs,restricted-cash,-0.004685436244942233,0.01494394831380252,-0.03397503672682324,0.02460416423693878,0.7538749756209037,5171,
clean,mpc_10plus,q28_hhsize,household size,needs,medical-food,0.005374270072336155,0.016761392091136373,-0.027477454757045636,0.03822599490171795,0.7484878644626729,5171,
clean,mpc_10plus,q29_foodexp,monthly food spending,needs,level,0.07105331436186259,0.006860134791525455,0.057607697241382504,0.08449893148234267,3.8725700805961716e-25,5171,
clean,mpc_10plus,q29_foodexp,monthly food spending,needs,food-cash,-0.00865755284739704,0.01695634693235347,-0.04189138214417607,0.02457627644938199,0.6096459585912912,5171,
clean,mpc_10plus,q29_foodexp,monthly food spending,needs,medical-cash,-0.006513977128901978,0.016843550408397034,-0.039526729301145085,0.02649877504334113,0.6989529885152141,5171,
clean,mpc_10plus,q29_foodexp,monthly food spending,needs,restricted-cash,-0.007585764988149509,0.014701819671486144,-0.03640080205146484,0.021229272075165822,0.6058721749437261,5171,
clean,mpc_10plus,q29_foodexp,monthly food spending,needs,medical-food,0.002143575718495062,0.016669486395492265,-0.030528017257450177,0.034815168694440304,0.8976798738204177,5171,
clean,mpc_10plus,q30_medexp,annual OOP medical spending,needs,level,0.046472688674562425,0.0069498703146100614,0.032851193160702646,0.0600941841884222,2.2803695864964803e-11,5171,
clean,mpc_10plus,q30_medexp,annual OOP medical spending,needs,food-cash,0.001035131691455569,0.017100095603389806,-0.032480439823380176,0.03455070320629131,0.9517305933693845,5171,
clean,mpc_10plus,q30_medexp,annual OOP medical spending,needs,medical-cash,0.04633234505090049,0.017026151349504887,0.012961701610542872,0.0797029884912581,0.006503635751895828,5171,
clean,mpc_10plus,q30_medexp,annual OOP medical spending,needs,restricted-cash,0.02368373837117803,0.014842517496174028,-0.005407061361228687,0.05277453810358475,0.11056281384589946,5171,
clean,mpc_10plus,q30_medexp,annual OOP medical spending,needs,medical-food,0.04529721335944492,0.016834633834619278,0.012301937350671713,0.07829248936821813,0.0071298929131906556,5171,
clean,mpc_10plus,q31_gotsubsidy,prior subsidy,objective,level,-0.04791589194277692,0.006964883623452569,-0.061566813001256784,-0.03426497088429706,6.000400430325791e-12,5171,
clean,mpc_10plus,q31_gotsubsidy,prior subsidy,objective,food-cash,-0.004099706222593395,0.017301881378122143,-0.038010770588497035,0.029811358143310242,0.8126944396377024,5171,
clean,mpc_10plus,q31_gotsubsidy,prior subsidy,objective,medical-cash,-0.009792750186591764,0.01699698089972681,-0.043106220595971516,0.023520720222787984,0.5645161979411323,5171,
clean,mpc_10plus,q31_gotsubsidy,prior subsidy,objective,restricted-cash,-0.0069462282045925795,0.014920717766719362,-0.03619029765084943,0.022297841241664278,0.6415430113053465,5171,
clean,mpc_10plus,q31_gotsubsidy,prior subsidy,objective,medical-food,-0.005693043963998369,0.016911346580334642,-0.03883867419152887,0.027452586263532135,0.7363879309157357,5171,
clean,mpc_10plus,q49_citytier,city tier,objective,level,-0.03220780979272842,0.006957039980138979,-0.04584335759280607,-0.01857226199265077,3.665005737178684e-06,5171,
clean,mpc_10plus,q49_citytier,city tier,objective,food-cash,0.003147941915888506,0.017363712897534085,-0.03088431000117193,0.03718019383294894,0.8561365915583434,5171,
clean,mpc_10plus,q49_citytier,city tier,objective,medical-cash,0.016373694949268394,0.01715011963705212,-0.01723992186990691,0.0499873117684437,0.3397153981882539,5171,
clean,mpc_10plus,q49_citytier,city tier,objective,restricted-cash,0.00976081843257845,0.015096524994392745,-0.019827826848140072,0.03934946371329697,0.5179163572546843,5171,
clean,mpc_10plus,q49_citytier,city tier,objective,medical-food,0.013225753033379889,0.016722140732606132,-0.019549040546938366,0.046000546613698144,0.4289949522878872,5171,
clean,mpc_10plus,q06_socsec,perceived social protection,subjective_economic,level,0.03666938777915382,0.007078957553338746,0.022794885926522103,0.05054388963178554,2.218207718358928e-07,5171,
clean,mpc_10plus,q06_socsec,perceived social protection,subjective_economic,food-cash,0.023140326844539903,0.017534623719177606,-0.011226904127509981,0.05750755781658978,0.18693741114711726,5171,
clean,mpc_10plus,q06_socsec,perceived social protection,subjective_economic,medical-cash,0.01816843745916981,0.017398552273009137,-0.015932098379065597,0.052268973297405215,0.29636975931305654,5171,
clean,mpc_10plus,q06_socsec,perceived social protection,subjective_economic,restricted-cash,0.020654382151854854,0.015220233577013109,-0.009176727495378078,0.05048549179908779,0.17477024680257625,5171,
clean,mpc_10plus,q06_socsec,perceived social protection,subjective_economic,medical-food,-0.004971889385370094,0.017138356390978847,-0.0385624506659005,0.02861867189516031,0.7717374059036934,5171,
clean,mpc_10plus,q07_emergfund,emergency liquidity,subjective_economic,level,0.0356312049316967,0.006983406840013194,0.02194397903588017,0.04931843082751323,3.356091487735885e-07,5171,
clean,mpc_10plus,q07_emergfund,emergency liquidity,subjective_economic,food-cash,0.03208024526094196,0.017273694360653215,-0.0017755735658909755,0.0659360640877749,0.063286491624005,5171,
clean,mpc_10plus,q07_emergfund,emergency liquidity,subjective_economic,medical-cash,0.02051197396192928,0.017075792231517874,-0.012955963819334598,0.05397991174319315,0.22966153967224545,5171,
clean,mpc_10plus,q07_emergfund,emergency liquidity,subjective_economic,restricted-cash,0.026296109611435622,0.014945878751278657,-0.0029972744583730213,0.055589493681244266,0.07850583829458427,5171,
clean,mpc_10plus,q07_emergfund,emergency liquidity,subjective_economic,medical-food,-0.011568271299012684,0.016923629274087942,-0.04473797516393278,0.02160143256590742,0.4942547197656353,5171,
clean,mpc_10plus,q09_gain,sense of gain,subjective_economic,level,0.03920506663028001,0.007078268890523182,0.02533191453196429,0.053078218728595736,3.0456325799055425e-08,5171,
clean,mpc_10plus,q09_gain,sense of gain,subjective_economic,food-cash,0.02681544114547009,0.017700558947643066,-0.007877016898138522,0.0615078991890787,0.12978536198054974,5171,
clean,mpc_10plus,q09_gain,sense of gain,subjective_economic,medical-cash,0.01882289078315471,0.01743359937316756,-0.015346336109153771,0.05299211767546319,0.2802800472132093,5171,
clean,mpc_10plus,q09_gain,sense of gain,subjective_economic,restricted-cash,0.0228191659643124,0.015370431337760553,-0.007306325884544086,0.052944657813168886,0.13764595961920587,5171,
clean,mpc_10plus,q09_gain,sense of gain,subjective_economic,medical-food,-0.00799255036231538,0.01701410327613372,-0.041339580012782415,0.025354479288151655,0.6385262767020716,5171,
clean,mpc_10plus,q10_effort,returns to effort,subjective_economic,level,0.028310170809463676,0.007069787471136972,0.014453641987682704,0.04216669963124465,6.217828909754252e-05,5171,
clean,mpc_10plus,q10_effort,returns to effort,subjective_economic,food-cash,0.019639195419701393,0.01764494315691411,-0.014944257677106745,0.05422264851650953,0.2656993339947833,5171,
clean,mpc_10plus,q10_effort,returns to effort,subjective_economic,medical-cash,0.015349755051546414,0.017248925905630152,-0.01845751849548862,0.04915702859858145,0.37352157991185875,5171,
clean,mpc_10plus,q10_effort,returns to effort,subjective_economic,restricted-cash,0.017494475235623905,0.015192796003813645,-0.012282857756314897,0.0472718082275627,0.2495273898979804,5171,
clean,mpc_10plus,q10_effort,returns to effort,subjective_economic,medical-food,-0.004289440368154979,0.017159683160341704,-0.03792180134854317,0.029342920612233217,0.8026089999072519,5171,
clean,mpc_10plus,q11_mobility,upward mobility,subjective_economic,level,0.03103827920893225,0.007130768528624954,0.017062229710735666,0.045014328707128834,1.3445535472547412e-05,5171,
clean,mpc_10plus,q11_mobility,upward mobility,subjective_economic,food-cash,0.011492622616282238,0.017890017065193654,-0.02357116651430428,0.04655641174686875,0.5206107546843421,5171,
clean,mpc_10plus,q11_mobility,upward mobility,subjective_economic,medical-cash,0.02561120468715853,0.01738387926316836,-0.008460572580244151,0.05968298195456121,0.14067736460630142,5171,
clean,mpc_10plus,q11_mobility,upward mobility,subjective_economic,restricted-cash,0.018551913651720382,0.015392395383638496,-0.011616626936011658,0.048720454239452426,0.22810106094820104,5171,
clean,mpc_10plus,q11_mobility,upward mobility,subjective_economic,medical-food,0.014118582070876292,0.017227901644531387,-0.019647484681603596,0.04788464882335618,0.4124907189994751,5171,
clean,mpc_10plus,q13_pressure,pressure affordability,subjective_economic,level,0.03906549722590459,0.007155432749675447,0.025041106742742306,0.05308988770906688,4.773224736805819e-08,5171,
clean,mpc_10plus,q13_pressure,pressure affordability,subjective_economic,food-cash,0.02913656423128848,0.017660592942556223,-0.005477561881743972,0.06375069034432093,0.09898248183061363,5171,
clean,mpc_10plus,q13_pressure,pressure affordability,subjective_economic,medical-cash,0.041928799044967505,0.01739312287363865,0.007838904633955937,0.07601869345597907,0.015923952550451627,5171,
clean,mpc_10plus,q13_pressure,pressure affordability,subjective_economic,restricted-cash,0.03553268163812799,0.015203733246328085,0.005733912044770705,0.06533145123148527,0.019433859648292712,5171,
clean,mpc_10plus,q13_pressure,pressure affordability,subjective_economic,medical-food,0.012792234813679023,0.017441918307867108,-0.021393296891030308,0.04697776651838835,0.4633028957663172,5171,
clean,mpc_10plus,q15_fut_self,future self,subjective_economic,level,0.03304223201272511,0.007105146426176793,0.019116400912535116,0.046968063112915105,3.311880737592465e-06,5171,
clean,mpc_10plus,q15_fut_self,future self,subjective_economic,food-cash,0.026803104398200647,0.017460080909412295,-0.007418025351402804,0.0610242341478041,0.124757378705139,5171,
clean,mpc_10plus,q15_fut_self,future self,subjective_economic,medical-cash,0.03024755503225995,0.017408381469355597,-0.0038722456768114887,0.06436735574133139,0.08229396757254133,5171,
clean,mpc_10plus,q15_fut_self,future self,subjective_economic,restricted-cash,0.0285253297152303,0.01513824600461168,-0.0011450872429159611,0.05819574667337656,0.05952143577883471,5171,
clean,mpc_10plus,q15_fut_self,future self,subjective_economic,medical-food,0.0034444506340593033,0.017295848435595403,-0.03045478938177112,0.037343690649889724,0.8421462052849439,5171,
clean,mpc_10plus,q17a_fut_econ,economic outlook,subjective_economic,level,0.0328406152200396,0.007096505368821818,0.018931720281053707,0.046749510159025495,3.697195911777671e-06,5171,
clean,mpc_10plus,q17a_fut_econ,economic outlook,subjective_economic,food-cash,0.02962690686726944,0.017321638501621255,-0.004322880749130571,0.06357669448366945,0.08719218308203883,5171,
clean,mpc_10plus,q17a_fut_econ,economic outlook,subjective_economic,medical-cash,0.014795603367855894,0.017479149072050434,-0.01946289929376966,0.04905410602948145,0.3972897077854509,5171,
clean,mpc_10plus,q17a_fut_econ,economic outlook,subjective_economic,restricted-cash,0.022211255117562667,0.015103582377170187,-0.007391222379224752,0.051813732614350086,0.14140063410428425,5171,
clean,mpc_10plus,q17a_fut_econ,economic outlook,subjective_economic,medical-food,-0.014831303499413544,0.017281401066804605,-0.048702227192742635,0.01903962019391555,0.39076909429717566,5171,
clean,mpc_10plus,q17b_fut_job,employment/income outlook,subjective_economic,level,0.03238896039707668,0.007134462316932513,0.018405671206830766,0.04637224958732259,5.631029388772704e-06,5171,
clean,mpc_10plus,q17b_fut_job,employment/income outlook,subjective_economic,food-cash,0.00952370761499229,0.017530750728290363,-0.02483593243440614,0.043883347664390726,0.5869526866885004,5171,
clean,mpc_10plus,q17b_fut_job,employment/income outlook,subjective_economic,medical-cash,0.013970210614927436,0.017442499180899684,-0.020216459580005338,0.048156880809860206,0.42317251170213277,5171,
clean,mpc_10plus,q17b_fut_job,employment/income outlook,subjective_economic,restricted-cash,0.011746959114959862,0.015145728570996051,-0.017938123403811696,0.04143204163373142,0.4379878507644477,5171,
clean,mpc_10plus,q17b_fut_job,employment/income outlook,subjective_economic,medical-food,0.004446502999935145,0.017480378192737536,-0.029814408693969785,0.03870741469384008,0.7992088769742451,5171,
clean,mpc_10plus,q17c_fut_price,price/affordability outlook,subjective_economic,level,0.0313903424491309,0.007113351473094501,0.017448429752490738,0.045332255145771064,1.0200613080243855e-05,5171,
clean,mpc_10plus,q17c_fut_price,price/affordability outlook,subjective_economic,food-cash,0.034869233647490845,0.017490970027038626,0.0005875623398255633,0.06915090495515613,0.046200564104283484,5171,
clean,mpc_10plus,q17c_fut_price,price/affordability outlook,subjective_economic,medical-cash,0.038995033980041165,0.017251024233082266,0.005183647786772216,0.07280642017331011,0.02379349352692139,5171,
clean,mpc_10plus,q17c_fut_price,price/affordability outlook,subjective_economic,restricted-cash,0.036932133813766005,0.015031464650437067,0.0074710044640224,0.0663932631635096,0.014010722275623869,5171,
clean,mpc_10plus,q17c_fut_price,price/affordability outlook,subjective_economic,medical-food,0.0041258003325503195,0.017415051564808933,-0.030007073523383103,0.03825867418848374,0.8127265911577715,5171,
clean,mpc_10plus,q17e_fut_welfare,welfare outlook,subjective_economic,level,0.04121990400941904,0.007075369053510899,0.027352435487208424,0.05508737253162965,5.682911984587664e-09,5171,
clean,mpc_10plus,q17e_fut_welfare,welfare outlook,subjective_economic,food-cash,0.021351767804548165,0.01749339074313763,-0.01293464801948796,0.05563818362858429,0.2222519054813279,5171,
clean,mpc_10plus,q17e_fut_welfare,welfare outlook,subjective_economic,medical-cash,0.010231251749289086,0.017340175946956103,-0.023754868592332605,0.04421737209091078,0.5551694645772088,5171,
clean,mpc_10plus,q17e_fut_welfare,welfare outlook,subjective_economic,restricted-cash,0.015791509776918625,0.0151681903449446,-0.01393759700982097,0.04552061656365822,0.2978319907089265,5171,
clean,mpc_10plus,q17e_fut_welfare,welfare outlook,subjective_economic,medical-food,-0.011120516055259079,0.01712030518901735,-0.04467569763006728,0.022434665519549125,0.5159821157476687,5171,
clean,mpc_10plus,q18_ses_now,subjective SES,subjective_economic,level,0.03687065906538568,0.007161601458689496,0.022834178134724756,0.05090713999604661,2.6274318120868333e-07,5171,
clean,mpc_10plus,q18_ses_now,subjective SES,subjective_economic,food-cash,0.015129395910088267,0.017747990033262835,-0.01965602535308273,0.04991481717325926,0.3939605712777191,5171,
clean,mpc_10plus,q18_ses_now,subjective SES,subjective_economic,medical-cash,0.01283608920086973,0.017356170334240324,-0.02118137956378381,0.046853557965523276,0.4595614294944941,5171,
clean,mpc_10plus,q18_ses_now,subjective SES,subjective_economic,restricted-cash,0.013982742555478999,0.01520198113150329,-0.01581259295592491,0.04377807806688291,0.35767864794781656,5171,
clean,mpc_10plus,q18_ses_now,subjective SES,subjective_economic,medical-food,-0.0022933067092185365,0.01755148644683958,-0.03669358802016699,0.032106974601729926,0.8960429471600706,5171,
clean,mpc_10plus,q19_ses_past5,past mobility,subjective_economic,level,0.03593892357007945,0.007201006097342222,0.02182521096683536,0.050052636173323534,6.01235786517877e-07,5171,
clean,mpc_10plus,q19_ses_past5,past mobility,subjective_economic,food-cash,0.02006487319971616,0.017781154495523064,-0.014785549215051517,0.05491529561448384,0.2591363453834239,5171,
clean,mpc_10plus,q19_ses_past5,past mobility,subjective_economic,medical-cash,0.034552651141256524,0.01765788474253499,-5.6166997271379915e-05,0.06916146927978442,0.05037297021111827,5171,
clean,mpc_10plus,q19_ses_past5,past mobility,subjective_economic,restricted-cash,0.02730876217048634,0.01540712662808522,-0.002888651125808734,0.05750617546678141,0.07631557586659882,5171,
clean,mpc_10plus,q19_ses_past5,past mobility,subjective_economic,medical-food,0.014487777941540363,0.01750492770088496,-0.01982124990417169,0.048796805787252415,0.4078744216743232,5171,
clean,mpc_10plus,q20_ses_next1,expected mobility,subjective_economic,level,0.023125566621395775,0.007249578041400415,0.008916654757138537,0.037334478485653015,0.0014231268281597025,5171,
clean,mpc_10plus,q20_ses_next1,expected mobility,subjective_economic,food-cash,0.012236386627093816,0.017819659954545663,-0.02268950510056634,0.04716227835475397,0.49228502088434545,5171,
clean,mpc_10plus,q20_ses_next1,expected mobility,subjective_economic,medical-cash,0.016766954132386637,0.0177704075553464,-0.018062404666690776,0.05159631293146405,0.34540868420019466,5171,
clean,mpc_10plus,q20_ses_next1,expected mobility,subjective_economic,restricted-cash,0.014501670379740227,0.015426796333796731,-0.015734294831335913,0.044737635590816366,0.3472015401485725,5171,
clean,mpc_10plus,q20_ses_next1,expected mobility,subjective_economic,medical-food,0.004530567505292821,0.01774010007468178,-0.030239389723219788,0.03930052473380543,0.7984252305606705,5171,
clean,mpc_10plus,q01_lifesat,life satisfaction,attitudes,level,0.025899071572884194,0.007062422860318628,0.01205697712306733,0.03974116602270106,0.0002452543240206936,5171,
clean,mpc_10plus,q01_lifesat,life satisfaction,attitudes,food-cash,0.01672735046353267,0.017512859448362825,-0.017597223321570463,0.051051924248635805,0.339503499396124,5171,
clean,mpc_10plus,q01_lifesat,life satisfaction,attitudes,medical-cash,0.00882648754986746,0.017378672445489036,-0.025235084542409678,0.042888059642144594,0.6115291320448812,5171,
clean,mpc_10plus,q01_lifesat,life satisfaction,attitudes,restricted-cash,0.012776919006700065,0.015198588637911173,-0.01701176733944551,0.04256560535284564,0.40053572596544185,5171,
clean,mpc_10plus,q01_lifesat,life satisfaction,attitudes,medical-food,-0.00790086291366521,0.017130342019751138,-0.04147571631523057,0.02567399048790015,0.6446404990577267,5171,
clean,mpc_10plus,q02_safety,safety,attitudes,level,0.01746078645017345,0.007067802970485905,0.003608147178195865,0.03131342572215103,0.013493610364925341,5171,
clean,mpc_10plus,q02_safety,safety,attitudes,food-cash,0.03206734864256314,0.017409395060818848,-0.0020544386692713107,0.06618913595439758,0.0654815109572681,5171,
clean,mpc_10plus,q02_safety,safety,attitudes,medical-cash,0.009665845373994907,0.017345351349974263,-0.024330418571147854,0.043662109319137665,0.5773507901648427,5171,
clean,mpc_10plus,q02_safety,safety,attitudes,restricted-cash,0.020866597008279024,0.015159271851804998,-0.008845029853110583,0.050578223869668634,0.1686697587960725,5171,
clean,mpc_10plus,q02_safety,safety,attitudes,medical-food,-0.02240150326856823,0.016990656472535896,-0.05570257802843094,0.010899571491294485,0.18734966083202864,5171,
clean,mpc_10plus,q03a_fair_dist,distribution fairness,attitudes,level,0.03260569781817149,0.0071106282319859555,0.0186691225760253,0.04654227306031768,4.529280860431929e-06,5171,
clean,mpc_10plus,q03a_fair_dist,distribution fairness,attitudes,food-cash,0.006821395804853947,0.017620398346529252,-0.027713950347592504,0.0413567419573004,0.6986595072281647,5171,
clean,mpc_10plus,q03a_fair_dist,distribution fairness,attitudes,medical-cash,0.022080758188606556,0.017455196482471624,-0.012130798260108062,0.05629231463732118,0.20587267018708977,5171,
clean,mpc_10plus,q03a_fair_dist,distribution fairness,attitudes,restricted-cash,0.01445107699673025,0.015266660210090486,-0.015471027179257798,0.044373181172718296,0.34385411559417034,5171,
clean,mpc_10plus,q03a_fair_dist,distribution fairness,attitudes,medical-food,0.01525936238375261,0.017263863657440086,-0.01857718861883989,0.049095913386345114,0.3767554103171873,5171,
clean,mpc_10plus,q03b_fair_opp,opportunity fairness,attitudes,level,0.0375938680282753,0.0070904877408769895,0.023696767423333633,0.05149096863321697,1.1453181150415785e-07,5171,
clean,mpc_10plus,q03b_fair_opp,opportunity fairness,attitudes,food-cash,0.01306950815327532,0.017589501718844353,-0.021405281721664986,0.04754429802821562,0.45746418232162833,5171,
clean,mpc_10plus,q03b_fair_opp,opportunity fairness,attitudes,medical-cash,0.01672546913883143,0.01718727343513761,-0.0169609677864803,0.050411906064143155,0.3304881826290931,5171,
clean,mpc_10plus,q03b_fair_opp,opportunity fairness,attitudes,restricted-cash,0.014897488646053374,0.015075981392381307,-0.014650891914610005,0.044445869206716754,0.32307407138826716,5171,
clean,mpc_10plus,q03b_fair_opp,opportunity fairness,attitudes,medical-food,0.0036559609855561087,0.01733334987615265,-0.03031678050313489,0.03762870247424711,0.8329492098975011,5171,
clean,mpc_10plus,q03c_fair_rule,rule fairness,attitudes,level,0.03740786626091936,0.0070367842431083745,0.023616022577448003,0.051199709944390714,1.0604655574221787e-07,5171,
clean,mpc_10plus,q03c_fair_rule,rule fairness,attitudes,food-cash,0.017580836157318477,0.017465219413741927,-0.016650364875705457,0.051812037190342414,0.3141175024372126,5171,
clean,mpc_10plus,q03c_fair_rule,rule fairness,attitudes,medical-cash,0.024479934271377048,0.017246616231148832,-0.009322812396858587,0.05828268093961268,0.15578095934009867,5171,
clean,mpc_10plus,q03c_fair_rule,rule fairness,attitudes,restricted-cash,0.02103038521434776,0.015112096942922313,-0.008588780524657828,0.05064955095335335,0.1640357175722723,5171,
clean,mpc_10plus,q03c_fair_rule,rule fairness,attitudes,medical-food,0.006899098114058571,0.01707212421288636,-0.026561650482792912,0.04035984671091006,0.6861282999167441,5171,
clean,mpc_10plus,q04_trust_gov,institutional trust,attitudes,level,0.029756984457601516,0.007048066219141556,0.01594302850743068,0.04357094040777235,2.4213665770998658e-05,5171,
clean,mpc_10plus,q04_trust_gov,institutional trust,attitudes,food-cash,0.020334487688297976,0.017809455235876542,-0.01457140315829834,0.05524037853489429,0.25354529350377464,5171,
clean,mpc_10plus,q04_trust_gov,institutional trust,attitudes,medical-cash,0.0077897862023261055,0.017261256707964044,-0.026041655273183834,0.04162122767783605,0.6517824857245677,5171,
clean,mpc_10plus,q04_trust_gov,institutional trust,attitudes,restricted-cash,0.01406213694531204,0.015370297666613663,-0.016063092912910772,0.044187366803534855,0.36024919884003803,5171,
clean,mpc_10plus,q04_trust_gov,institutional trust,attitudes,medical-food,-0.01254470148597187,0.016889972067253713,-0.04564843843767667,0.020559035465732928,0.4576447136818962,5171,
clean,mpc_10plus,q05_trust_soc,generalized trust,attitudes,level,0.03891890598535696,0.007058952937424994,0.025083612459440748,0.05275419951127317,3.5194583790177695e-08,5171,
clean,mpc_10plus,q05_trust_soc,generalized trust,attitudes,food-cash,0.025112079118750866,0.017510104254620785,-0.009207094585847439,0.05943125282334917,0.15153006319652193,5171,
clean,mpc_10plus,q05_trust_soc,generalized trust,attitudes,medical-cash,0.022986899221219603,0.017247485616423964,-0.010817551410843979,0.056791349853283185,0.18260790608606237,5171,
clean,mpc_10plus,q05_trust_soc,generalized trust,attitudes,restricted-cash,0.024049489169985235,0.015127442182316703,-0.005599752685567502,0.053698731025537974,0.11188165886746937,5171,
clean,mpc_10plus,q05_trust_soc,generalized trust,attitudes,medical-food,-0.0021251798975312625,0.017111428761957374,-0.03566296399499052,0.031412604199927995,0.9011596778656624,5171,
clean,mpc_10plus,q08_support,social support,attitudes,level,0.03483937901738512,0.007009050635213942,0.021101892206548203,0.04857686582822203,6.673659807831583e-07,5171,
clean,mpc_10plus,q08_support,social support,attitudes,food-cash,0.012142669991592154,0.017371431068210277,-0.021904709262020147,0.04619004924520445,0.4845506035162156,5171,
clean,mpc_10plus,q08_support,social support,attitudes,medical-cash,-0.006422133762055471,0.017133174050703453,-0.04000253784229047,0.02715827031817953,0.7077822941634995,5171,
clean,mpc_10plus,q08_support,social support,attitudes,restricted-cash,0.0028602681147683415,0.014996818723806227,-0.0265329564665678,0.03225349269610448,0.84874105817183,5171,
clean,mpc_10plus,q08_support,social support,attitudes,medical-food,-0.018564803753647625,0.017058905400984516,-0.05199964395525308,0.014870036447957837,0.276473116240328,5171,
clean,mpc_10plus,q12_voice,voice/response,attitudes,level,0.041303492780338555,0.0071018588865401884,0.027384105139434053,0.055222880421243056,6.031909127458774e-09,5171,
clean,mpc_10plus,q12_voice,voice/response,attitudes,food-cash,0.01846146071705514,0.017556165872658853,-0.01594799209996742,0.052870913534077704,0.29299888125671847,5171,
clean,mpc_10plus,q12_voice,voice/response,attitudes,medical-cash,0.018689927050935314,0.01741488877523466,-0.015442627743295474,0.0528224818451661,0.2831744767686345,5171,
clean,mpc_10plus,q12_voice,voice/response,attitudes,restricted-cash,0.01857569388399523,0.015206002646063772,-0.011227523651110526,0.04837891141910099,0.2218579072258443,5171,
clean,mpc_10plus,q12_voice,voice/response,attitudes,medical-food,0.0002284663338801736,0.01726570463421107,-0.033611692916879835,0.034068625584640175,0.9894423978185922,5171,
clean,mpc_10plus,q16_fut_society,national outlook,attitudes,level,0.04019006099849765,0.007121888382068672,0.02623141626772882,0.054148705729266486,1.6694270453186258e-08,5171,
clean,mpc_10plus,q16_fut_society,national outlook,attitudes,food-cash,0.015829343812677633,0.017405625639150546,-0.018285055568444394,0.049943743193799656,0.36311877562187655,5171,
clean,mpc_10plus,q16_fut_society,national outlook,attitudes,medical-cash,-0.0032797167838623624,0.017413787414012095,-0.03741011294976296,0.03085067938203823,0.8506099480549927,5171,
clean,mpc_10plus,q16_fut_society,national outlook,attitudes,restricted-cash,0.006274813514407635,0.015048321203406805,-0.023219354072060147,0.03576898110087542,0.6766947602800656,5171,
clean,mpc_10plus,q16_fut_society,national outlook,attitudes,medical-food,-0.019109060596539995,0.017509531913152628,-0.053427112532473855,0.015208991339393865,0.275118076936954,5171,
clean,mpc_10plus,q17d_fut_fair,fairness outlook,attitudes,level,0.03598385970901817,0.007105760582972431,0.022056824883627868,0.04991089453440847,4.104622869900195e-07,5171,
clean,mpc_10plus,q17d_fut_fair,fairness outlook,attitudes,food-cash,0.024692841752876518,0.017457012142909383,-0.009522273324904261,0.0589079568306573,0.15721686044929262,5171,
clean,mpc_10plus,q17d_fut_fair,fairness outlook,attitudes,medical-cash,0.01567473299829313,0.017361007167140497,-0.018352215784643997,0.04970168178123026,0.36659488031895315,5171,
clean,mpc_10plus,q17d_fut_fair,fairness outlook,attitudes,restricted-cash,0.020183787375584822,0.015078951705285896,-0.009370414891394365,0.04973798964256401,0.18072031114157217,5171,
clean,mpc_10plus,q17d_fut_fair,fairness outlook,attitudes,medical-food,-0.00901810875458339,0.017401280053748948,-0.04312399094482654,0.025087773435659762,0.6042880481698394,5171,
clean,mpc_10plus,q21_order,social order,attitudes,level,0.039261655763858976,0.007014495576588505,0.025513497064029986,0.053009814463687965,2.1781966673776863e-08,5171,
clean,mpc_10plus,q21_order,social order,attitudes,food-cash,0.013837596629982053,0.017410361163418403,-0.020286084208152894,0.047961277468117,0.4267351449274459,5171,
clean,mpc_10plus,q21_order,social order,attitudes,medical-cash,0.014790120109698206,0.017102307506249203,-0.01872978665507926,0.04831002687447567,0.38714714026601416,5171,
clean,mpc_10plus,q21_order,social order,attitudes,restricted-cash,0.01431385836984013,0.015004953787482638,-0.015095310643313715,0.043723027382993974,0.340112909462047,5171,
clean,mpc_10plus,q21_order,social order,attitudes,medical-food,0.0009525234797161525,0.017047716653557834,-0.03246038717990089,0.0343654341393332,0.955442213392925,5171,
clean,mpc_10plus,q22_vitality,social vitality,attitudes,level,0.02945804312061626,0.00703675127956399,0.015666264044504698,0.04324982219672782,2.8352235347573873e-05,5171,
clean,mpc_10plus,q22_vitality,social vitality,attitudes,food-cash,0.0178050732661299,0.01742832866618566,-0.016353823230320988,0.05196396976258079,0.3069623057074873,5171,
clean,mpc_10plus,q22_vitality,social vitality,attitudes,medical-cash,0.000819392909277657,0.017038320245516485,-0.032575101128994303,0.034213886947549614,0.9616435761883577,5171,
clean,mpc_10plus,q22_vitality,social vitality,attitudes,restricted-cash,0.009312233087703778,0.014931824941310755,-0.019953606020722207,0.03857807219612976,0.5328574459736302,5171,
clean,mpc_10plus,q22_vitality,social vitality,attitudes,medical-food,-0.016985680356852245,0.01721233306263075,-0.05072123324951652,0.016749872535812033,0.32372502451265284,5171,
clean,mpc_25plus,q42_age,age,objective,level,0.018007444316464283,0.006376937802974417,0.005508875890982446,0.03050601274194612,0.0047452246081651685,5171,
clean,mpc_25plus,q42_age,age,objective,food-cash,0.005083100266828226,0.015775927953654872,-0.025837150345033998,0.03600335087869045,0.7472965613283643,5171,
clean,mpc_25plus,q42_age,age,objective,medical-cash,0.0061218452254273425,0.015576091284996915,-0.024406732713074822,0.03665042316392951,0.6942985535400836,5171,
clean,mpc_25plus,q42_age,age,objective,restricted-cash,0.005602472746127784,0.01361987630843378,-0.02109199429229277,0.03229693978454834,0.6808193227595367,5171,
clean,mpc_25plus,q42_age,age,objective,medical-food,0.0010387449585991162,0.015523689072085576,-0.02938712652988662,0.031464616447084856,0.9466505354303757,5171,
clean,mpc_25plus,q41_gender,gender,objective,level,-0.014965975834888932,0.006229877561033055,-0.027176311482607952,-0.0027556401871699117,0.016292762956264587,5171,
clean,mpc_25plus,q41_gender,gender,objective,food-cash,-0.0071974948937857715,0.015655784630889708,-0.0378822689200453,0.02348727913247376,0.6457072350750774,5171,
clean,mpc_25plus,q41_gender,gender,objective,medical-cash,-0.013405985037023005,0.01524065112982371,-0.04327711235241716,0.01646514227837115,0.37906507648943244,5171,
clean,mpc_25plus,q41_gender,gender,objective,restricted-cash,-0.010301739965404389,0.01352721112708513,-0.036814586585760714,0.016211106654951936,0.44632455112612,5171,
clean,mpc_25plus,q41_gender,gender,objective,medical-food,-0.006208490143237233,0.014927167012955106,-0.035465199879843576,0.023048219593369113,0.6774693852851262,5171,
clean,mpc_25plus,q43_edu,education,objective,level,0.028067259626510146,0.006171635931917498,0.015971075474258557,0.040163443778761736,5.421404842496543e-06,5171,
clean,mpc_25plus,q43_edu,education,objective,food-cash,0.019058646957165748,0.015444679853026338,-0.011212369307517251,0.049329663221848744,0.21720502695771826,5171,
clean,mpc_25plus,q43_edu,education,objective,medical-cash,-0.020134409836986368,0.015184358058080527,-0.049895204759184755,0.00962638508521202,0.18484076514444403,5171,
clean,mpc_25plus,q43_edu,education,objective,restricted-cash,-0.00053788143991031,0.01345234021467034,-0.026903983768443995,0.025828220888623375,0.9681057003734345,5171,
clean,mpc_25plus,q43_edu,education,objective,medical-food,-0.039193056794152116,0.014640488441032214,-0.06788788685465022,-0.010498226733654012,0.00742775292180867,5171,
clean,mpc_25plus,income_h,monthly income harmonized 1-6,objective,level,0.03281844572697332,0.006186604908544308,0.020692922919647763,0.044943968534298884,1.1282218501996692e-07,5171,
clean,mpc_25plus,income_h,monthly income harmonized 1-6,objective,food-cash,0.001232642709154152,0.01524068538005073,-0.028638551735451427,0.03110383715375973,0.9355386339424708,5171,
clean,mpc_25plus,income_h,monthly income harmonized 1-6,objective,medical-cash,-0.030809956959508545,0.015349227354222924,-0.0608938897643025,-0.0007260241547145906,0.044721522326831534,5171,
clean,mpc_25plus,income_h,monthly income harmonized 1-6,objective,restricted-cash,-0.014788657125177197,0.01339391916447523,-0.04104025629938946,0.011462942049035066,0.26953580509189934,5171,
clean,mpc_25plus,income_h,monthly income harmonized 1-6,objective,medical-food,-0.0320425996686627,0.014770452265000128,-0.06099215414343102,-0.0030930451938943823,0.030054483280074724,5171,
clean,mpc_25plus,q23_hukou,hukou,objective,level,0.030081286836255248,0.006249581735768061,0.017832331715710532,0.04233024195679996,1.484373516560492e-06,5171,
clean,mpc_25plus,q23_hukou,hukou,objective,food-cash,-0.004509296898580613,0.0155564196191254,-0.0349993190804587,0.02598072528329748,0.7719177812539993,5171,
clean,mpc_25plus,q23_hukou,hukou,objective,medical-cash,0.035431757183096886,0.015205804634734447,0.0056289277430651395,0.06523458662312863,0.0197983930311938,5171,
clean,mpc_25plus,q23_hukou,hukou,objective,restricted-cash,0.015461230142258137,0.01343937259513826,-0.010879456119027452,0.04180191640354373,0.24996151899384267,5171,
clean,mpc_25plus,q23_hukou,hukou,objective,medical-food,0.0399410540816775,0.014965641613650564,0.010608935513388498,0.0692731726499665,0.007611141073347676,5171,
clean,mpc_25plus,q24_workstat,employment status,objective,level,-0.033575371665129354,0.005946765971954003,-0.04523081879464753,-0.02191992453561118,1.64234924361011e-08,5171,
clean,mpc_25plus,q24_workstat,employment status,objective,food-cash,-0.019343436373976716,0.01489064528846996,-0.048528564845938885,0.009841692097985452,0.1939326792131495,5171,
clean,mpc_25plus,q24_workstat,employment status,objective,medical-cash,-0.0025714552191399374,0.014876560897781325,-0.031728978792608185,0.026586068354328314,0.8627671325102648,5171,
clean,mpc_25plus,q24_workstat,employment status,objective,restricted-cash,-0.010957445796558326,0.01315665185416076,-0.03674400958784554,0.014829117994728885,0.40493240554918564,5171,
clean,mpc_25plus,q24_workstat,employment status,objective,medical-food,0.01677198115483678,0.013917500151194216,-0.010505817896334639,0.0440497802060082,0.2281646520426257,5171,
clean,mpc_25plus,q25_unittype,work-unit type,objective,level,-0.02922542881558568,0.006389784735687698,-0.04174917676649736,-0.016701680864674003,4.790174151720865e-06,5171,
clean,mpc_25plus,q25_unittype,work-unit type,objective,food-cash,0.0013992310182590782,0.01596522172591305,-0.029892028569726902,0.03269049060624506,0.9301608681526847,5171,
clean,mpc_25plus,q25_unittype,work-unit type,objective,medical-cash,0.015547895437905104,0.015616994544221208,-0.015060851415526981,0.04615664229133719,0.31945649700333545,5171,
clean,mpc_25plus,q25_unittype,work-unit type,objective,restricted-cash,0.008473563228082091,0.013795961266395687,-0.01856602398616305,0.03551315044232724,0.5390791590851494,5171,
clean,mpc_25plus,q25_unittype,work-unit type,objective,medical-food,0.014148664419646025,0.015370213324740862,-0.015976400131543705,0.04427372897083576,0.3572985156869454,5171,
clean,mpc_25plus,q26_housing,housing tenure,objective,level,-0.025166877034070986,0.006161740491577949,-0.037243666479645894,-0.013090087588496079,4.419504672208733e-05,5171,
clean,mpc_25plus,q26_housing,housing tenure,objective,food-cash,-0.009426445958611744,0.015443260119016124,-0.0396946795957671,0.020841787678543607,0.5416020150101617,5171,
clean,mpc_25plus,q26_housing,housing tenure,objective,medical-cash,0.017029430180510507,0.015363965703639657,-0.013083389258331812,0.04714224961935283,0.26768880724057365,5171,
clean,mpc_25plus,q26_housing,housing tenure,objective,restricted-cash,0.0038014921109493817,0.013578053337672053,-0.022811003411051717,0.03041398763295048,0.7794980059031884,5171,
clean,mpc_25plus,q26_housing,housing tenure,objective,medical-food,0.02645587613912225,0.014547759990106731,-0.002057209497219714,0.05496896177546422,0.06897961643965247,5171,
clean,mpc_25plus,q27_minorchild,minor child,needs,level,-0.01803986166414001,0.006182117733748504,-0.030156589770473457,-0.005923133557806565,0.0035220356209907065,5171,
clean,mpc_25plus,q27_minorchild,minor child,needs,food-cash,0.028682923520464906,0.015570706943694038,-0.001835101303003149,0.05920094834393296,0.06545935672460083,5171,
clean,mpc_25plus,q27_minorchild,minor child,needs,medical-cash,0.007673986003578237,0.01507494885937778,-0.02187237082958538,0.03722034283674185,0.6107133050376445,5171,
clean,mpc_25plus,q27_minorchild,minor child,needs,restricted-cash,0.01817845476202157,0.013413151688337456,-0.008110839466292465,0.04446774899033561,0.17533124854880666,5171,
clean,mpc_25plus,q27_minorchild,minor child,needs,medical-food,-0.02100893751688667,0.014824015745442074,-0.050063474484207816,0.008045599450434475,0.15641771071850347,5171,
clean,mpc_25plus,q28_hhsize,household size,needs,level,0.023620301078439095,0.0061150078106528,0.011635106004378481,0.03560549615249971,0.0001121511721488126,5171,
clean,mpc_25plus,q28_hhsize,household size,needs,food-cash,-0.020592224584230674,0.015545936535475919,-0.051061700299708856,0.009877251131247513,0.18530221120453239,5171,
clean,mpc_25plus,q28_hhsize,household size,needs,medical-cash,-0.006979075150528595,0.014940227558597129,-0.03626138308621175,0.02230323278515456,0.6404046377947841,5171,
clean,mpc_25plus,q28_hhsize,household size,needs,restricted-cash,-0.013785649867379634,0.01340206210974891,-0.04005320892105639,0.012481909186297123,0.30365754849228155,5171,
clean,mpc_25plus,q28_hhsize,household size,needs,medical-food,0.01361314943370208,0.01453657488410357,-0.014878013797710428,0.042104312665114586,0.3490283078273524,5171,
clean,mpc_25plus,q29_foodexp,monthly food spending,needs,level,0.0661149592682232,0.006217493011453462,0.05392889689164493,0.07830102164480146,2.0770367881770102e-26,5171,
clean,mpc_25plus,q29_foodexp,monthly food spending,needs,food-cash,0.004353630965095948,0.015473558283045953,-0.025973985982355556,0.03468124791254745,0.7784347603037035,5171,
clean,mpc_25plus,q29_foodexp,monthly food spending,needs,medical-cash,-0.012076374249956215,0.0153486813158354,-0.042159236839176446,0.018006488339264014,0.4313977408374813,5171,
clean,mpc_25plus,q29_foodexp,monthly food spending,needs,restricted-cash,-0.003861371642430133,0.013493309699059769,-0.030307772684832274,0.02258502939997201,0.7747484190081599,5171,
clean,mpc_25plus,q29_foodexp,monthly food spending,needs,medical-food,-0.01643000521505216,0.014891219614552323,-0.04561625934545114,0.012756248915346817,0.2698816711597799,5171,
clean,mpc_25plus,q30_medexp,annual OOP medical spending,needs,level,0.0512827666428453,0.006167333587908672,0.03919501492990011,0.06337051835579048,9.157833361709803e-17,5171,
clean,mpc_25plus,q30_medexp,annual OOP medical spending,needs,food-cash,-0.009674239717537947,0.015327695471980275,-0.039715970808616954,0.020367491373541057,0.5279354250385131,5171,
clean,mpc_25plus,q30_medexp,annual OOP medical spending,needs,medical-cash,0.023252436015375647,0.01518356740493479,-0.006506809255132834,0.05301168128588413,0.12566534415092873,5171,
clean,mpc_25plus,q30_medexp,annual OOP medical spending,needs,restricted-cash,0.00678909814891885,0.013357167936594295,-0.019390469942259157,0.03296866624009685,0.6112613600236738,5171,
clean,mpc_25plus,q30_medexp,annual OOP medical spending,needs,medical-food,0.03292667573291359,0.014741173430171528,0.004034506719918628,0.061818844745908555,0.025505871403986705,5171,
clean,mpc_25plus,q31_gotsubsidy,prior subsidy,objective,level,-0.02263509898775412,0.006218770221032542,-0.03482366464910809,-0.010446533326400147,0.00027284662313751114,5171,
clean,mpc_25plus,q31_gotsubsidy,prior subsidy,objective,food-cash,0.006228366021268173,0.01580478791572593,-0.024748449076848516,0.03720518111938486,0.6935212664246592,5171,
clean,mpc_25plus,q31_gotsubsidy,prior subsidy,objective,medical-cash,-0.0021117819320201135,0.015227127451890473,-0.03195640332572661,0.02773283946168638,0.889698669017552,5171,
clean,mpc_25plus,q31_gotsubsidy,prior subsidy,objective,restricted-cash,0.00205829204462403,0.013660504133321856,-0.02471580406734735,0.02883238815659541,0.8802323501621162,5171,
clean,mpc_25plus,q31_gotsubsidy,prior subsidy,objective,medical-food,-0.008340147953288286,0.014726709418209197,-0.037203968023765126,0.020523672117188557,0.5711708267944382,5171,
clean,mpc_25plus,q49_citytier,city tier,objective,level,-0.014940088156630822,0.006193585254052317,-0.027079292189751726,-0.0028008841235099193,0.015857129853265955,5171,
clean,mpc_25plus,q49_citytier,city tier,objective,food-cash,0.01370290110520411,0.015643501658359687,-0.016957798737273485,0.0443636009476817,0.38105805612846777,5171,
clean,mpc_25plus,q49_citytier,city tier,objective,medical-cash,0.05018368088674498,0.015353348456833135,0.020091670869258418,0.08027569090423153,0.0010808779071982135,5171,
clean,mpc_25plus,q49_citytier,city tier,objective,restricted-cash,0.031943290995974545,0.013655832407030258,0.005178351299280324,0.05870823069266877,0.019326722267031807,5171,
clean,mpc_25plus,q49_citytier,city tier,objective,medical-food,0.036480779781540865,0.014661578053828112,0.007744614839514906,0.06521694472356682,0.01283954165190003,5171,
clean,mpc_25plus,q06_socsec,perceived social protection,subjective_economic,level,0.004406521189232787,0.006422105860508661,-0.0081805750022678,0.016993617380733374,0.4926191862476448,5171,
clean,mpc_25plus,q06_socsec,perceived social protection,subjective_economic,food-cash,0.008641339804375297,0.016159080260237924,-0.023029875528983158,0.040312555137733755,0.5928111162905092,5171,
clean,mpc_25plus,q06_socsec,perceived social protection,subjective_economic,medical-cash,0.017182389767961603,0.01586479250262347,-0.013912032159381468,0.04827681169530468,0.2787854960895292,5171,
clean,mpc_25plus,q06_socsec,perceived social protection,subjective_economic,restricted-cash,0.01291186478616845,0.014072433835352706,-0.014669598705945716,0.040493328278282614,0.35886555422510924,5171,
clean,mpc_25plus,q06_socsec,perceived social protection,subjective_economic,medical-food,0.008541049963586306,0.015280099993609296,-0.021407395704058623,0.03848949563123123,0.5761852107740714,5171,
clean,mpc_25plus,q07_emergfund,emergency liquidity,subjective_economic,level,0.015224929526793303,0.006343986108723745,0.00279094523527236,0.027658913818314246,0.016399570610486375,5171,
clean,mpc_25plus,q07_emergfund,emergency liquidity,subjective_economic,food-cash,0.011639778011307216,0.015997855208288326,-0.01971544202682443,0.04299499804943886,0.46686848733546293,5171,
clean,mpc_25plus,q07_emergfund,emergency liquidity,subjective_economic,medical-cash,0.012264107882442863,0.01550151948751533,-0.018118312018732978,0.04264652778361871,0.4288534257266057,5171,
clean,mpc_25plus,q07_emergfund,emergency liquidity,subjective_economic,restricted-cash,0.01195194294687504,0.01383559551433675,-0.015165325965888914,0.03906921185963899,0.3876677647871274,5171,
clean,mpc_25plus,q07_emergfund,emergency liquidity,subjective_economic,medical-food,0.0006243298711356478,0.015058623523715913,-0.02889002989209518,0.03013868963436648,0.9669292157416676,5171,
clean,mpc_25plus,q09_gain,sense of gain,subjective_economic,level,0.011959171329872132,0.006409137310055227,-0.0006025069698080334,0.024520849629552297,0.06204745378117238,5171,
clean,mpc_25plus,q09_gain,sense of gain,subjective_economic,food-cash,0.0020530118337555962,0.016207904233975723,-0.029713896729711076,0.03381992039722227,0.8992037102761634,5171,
clean,mpc_25plus,q09_gain,sense of gain,subjective_economic,medical-cash,-1.7274192996201768e-05,0.015810609308120414,-0.03100549901054596,0.030970950624553552,0.9991282556616708,5171,
clean,mpc_25plus,q09_gain,sense of gain,subjective_economic,restricted-cash,0.0010178688203796972,0.014068334800928582,-0.026555560711891794,0.028591298352651187,0.942321971961218,5171,
clean,mpc_25plus,q09_gain,sense of gain,subjective_economic,medical-food,-0.002070286026751798,0.015286297014628204,-0.032030877632405225,0.027890305578901632,0.8922686569277876,5171,
clean,mpc_25plus,q10_effort,returns to effort,subjective_economic,level,0.005281119948227293,0.006358217961833576,-0.007180758262822183,0.01774299815927677,0.40620104710764815,5171,
clean,mpc_25plus,q10_effort,returns to effort,subjective_economic,food-cash,0.0013176672480721633,0.016189235317859065,-0.03041265091217546,0.03304798540831978,0.9351305545843169,5171,
clean,mpc_25plus,q10_effort,returns to effort,subjective_economic,medical-cash,0.010583847510879298,0.015416782540022276,-0.019632491025050297,0.04080018604680889,0.49238861125600175,5171,
clean,mpc_25plus,q10_effort,returns to effort,subjective_economic,restricted-cash,0.0059507573794757304,0.013853983007672854,-0.02120255035799296,0.03310406511694442,0.6675346224893621,5171,
clean,mpc_25plus,q10_effort,returns to effort,subjective_economic,medical-food,0.009266180262807134,0.015225165595787434,-0.020574595963594552,0.03910695648920882,0.5427833129235233,5171,
clean,mpc_25plus,q11_mobility,upward mobility,subjective_economic,level,-0.001689922100194711,0.006388647839575957,-0.014211441775673211,0.010831597575283791,0.7913796206781031,5171,
clean,mpc_25plus,q11_mobility,upward mobility,subjective_economic,food-cash,0.010684136842924071,0.01629032203513867,-0.021244307642506958,0.042612581328355104,0.5119155408164672,5171,
clean,mpc_25plus,q11_mobility,upward mobility,subjective_economic,medical-cash,0.027245505098675064,0.015653062102711297,-0.0034339328704078853,0.057924943067758014,0.0817561247120983,5171,
clean,mpc_25plus,q11_mobility,upward mobility,subjective_economic,restricted-cash,0.018964820970799566,0.014059355299429347,-0.008591009061934302,0.046520651003533434,0.17736550993352374,5171,
clean,mpc_25plus,q11_mobility,upward mobility,subjective_economic,medical-food,0.016561368255750993,0.015169838649680948,-0.013170969148907391,0.04629370566040938,0.2749517859648395,5171,
clean,mpc_25plus,q13_pressure,pressure affordability,subjective_economic,level,0.008601409767257671,0.006409735171459534,-0.003961440319242683,0.021164259853758027,0.17961900467699354,5171,
clean,mpc_25plus,q13_pressure,pressure affordability,subjective_economic,food-cash,0.015318958866837557,0.016075766069388535,-0.016188963653054996,0.04682688138673011,0.34062934931611455,5171,
clean,mpc_25plus,q13_pressure,pressure affordability,subjective_economic,medical-cash,0.027098953009541203,0.015625094944535498,-0.003525670336767244,0.057723576355849654,0.08286088557433115,5171,
clean,mpc_25plus,q13_pressure,pressure affordability,subjective_economic,restricted-cash,0.021208955938189382,0.013865503508606965,-0.005966931566194024,0.04838484344257279,0.1261107363042517,5171,
clean,mpc_25plus,q13_pressure,pressure affordability,subjective_economic,medical-food,0.011779994142703646,0.015366813049495224,-0.018338405991467112,0.041898394276874404,0.44332729960420847,5171,
clean,mpc_25plus,q15_fut_self,future self,subjective_economic,level,0.0012204029029881432,0.006332501695374263,-0.011191072351984245,0.013631878157960532,0.8471778665001057,5171,
clean,mpc_25plus,q15_fut_self,future self,subjective_economic,food-cash,0.0134906378866434,0.01587574492352671,-0.017625250391213546,0.04460652616450035,0.39545626002355583,5171,
clean,mpc_25plus,q15_fut_self,future self,subjective_economic,medical-cash,0.014732966931360872,0.015547658611915576,-0.01573988399191767,0.04520581785463941,0.34333294174508633,5171,
clean,mpc_25plus,q15_fut_self,future self,subjective_economic,restricted-cash,0.014111802409002137,0.013777079980331626,-0.012890778164575647,0.041114382982579925,0.3056956754186767,5171,
clean,mpc_25plus,q15_fut_self,future self,subjective_economic,medical-food,0.0012423290447174714,0.015109804738688568,-0.028372344056544763,0.03085700214597971,0.9344717222720461,5171,
clean,mpc_25plus,q17a_fut_econ,economic outlook,subjective_economic,level,0.0019979251966587078,0.006306125122989199,-0.01036185292640334,0.014357703319720756,0.7513779451704123,5171,
clean,mpc_25plus,q17a_fut_econ,economic outlook,subjective_economic,food-cash,0.012708492741612499,0.015710984375113375,-0.018084470795281242,0.04350145627850624,0.4185771549237052,5171,
clean,mpc_25plus,q17a_fut_econ,economic outlook,subjective_economic,medical-cash,0.014318937459625512,0.01556455608604011,-0.016187031904366808,0.04482490682361783,0.35758800695317394,5171,
clean,mpc_25plus,q17a_fut_econ,economic outlook,subjective_economic,restricted-cash,0.013513715100619005,0.013728037780155918,-0.013392744526891785,0.040420174728129796,0.32492479581054245,5171,
clean,mpc_25plus,q17a_fut_econ,economic outlook,subjective_economic,medical-food,0.0016104447180130127,0.014978143650250408,-0.027746177391745088,0.030967066827771113,0.9143767396175585,5171,
clean,mpc_25plus,q17b_fut_job,employment/income outlook,subjective_economic,level,-0.006683559130439243,0.006374162322075024,-0.019176687713318492,0.005809569452440004,0.29439024656568424,5171,
clean,mpc_25plus,q17b_fut_job,employment/income outlook,subjective_economic,food-cash,0.012598002787986253,0.015949737127415906,-0.01866290754463026,0.04385891312060276,0.4296116058244551,5171,
clean,mpc_25plus,q17b_fut_job,employment/income outlook,subjective_economic,medical-cash,0.030170487207535783,0.015560344840575733,-0.0003272282670163003,0.06066820268208786,0.05250933185465186,5171,
clean,mpc_25plus,q17b_fut_job,employment/income outlook,subjective_economic,restricted-cash,0.021384244997761016,0.013770041871467846,-0.0056045411359244846,0.04837303113144652,0.12043406568418422,5171,
clean,mpc_25plus,q17b_fut_job,employment/income outlook,subjective_economic,medical-food,0.01757248441954953,0.015316026880842553,-0.012446376653149217,0.04759134549224828,0.2512466812707882,5171,
clean,mpc_25plus,q17c_fut_price,price/affordability outlook,subjective_economic,level,0.002794096757811753,0.0063905069060298265,-0.0097310666209612,0.015319260136584703,0.6619473438901411,5171,
clean,mpc_25plus,q17c_fut_price,price/affordability outlook,subjective_economic,food-cash,0.0319001943347085,0.01597273994681834,0.0005941993045203361,0.06320618936489666,0.04580728109898924,5171,
clean,mpc_25plus,q17c_fut_price,price/affordability outlook,subjective_economic,medical-cash,0.0377006138129601,0.015547226015852846,0.007228610762384371,0.06817261686353583,0.015312209446541818,5171,
clean,mpc_25plus,q17c_fut_price,price/affordability outlook,subjective_economic,restricted-cash,0.0348004040738343,0.013777900794252205,0.007796214734534172,0.06180459341313443,0.011543083049227312,5171,
clean,mpc_25plus,q17c_fut_price,price/affordability outlook,subjective_economic,medical-food,0.005800419478251606,0.015309053374012834,-0.024204773772214947,0.035805612728718156,0.704770896730657,5171,
clean,mpc_25plus,q17e_fut_welfare,welfare outlook,subjective_economic,level,0.01017022786380184,0.006296691105569047,-0.002171059924887187,0.022511515652490866,0.10627384094056123,5171,
clean,mpc_25plus,q17e_fut_welfare,welfare outlook,subjective_economic,food-cash,0.01957814554681987,0.015844865124658727,-0.01147721943740599,0.05063351053104573,0.2166018817698181,5171,
clean,mpc_25plus,q17e_fut_welfare,welfare outlook,subjective_economic,medical-cash,0.015246215405230816,0.015543772201637567,-0.015219018293873678,0.04571144910433531,0.32666333988050344,5171,
clean,mpc_25plus,q17e_fut_welfare,welfare outlook,subjective_economic,restricted-cash,0.017412180476025343,0.013826648927621173,-0.009687553448991516,0.0445119144010422,0.20791464290564932,5171,
clean,mpc_25plus,q17e_fut_welfare,welfare outlook,subjective_economic,medical-food,-0.0043319301415890524,0.014853697448086898,-0.033444642177093885,0.024780781893915776,0.7705620010182176,5171,
clean,mpc_25plus,q18_ses_now,subjective SES,subjective_economic,level,-0.0056260491968664105,0.006396711652015089,-0.018163373654303695,0.0069112752605708745,0.3791182615700114,5171,
clean,mpc_25plus,q18_ses_now,subjective SES,subjective_economic,food-cash,0.006820253506986662,0.016057517676002785,-0.024651902819094105,0.03829240983306743,0.6710269724400633,5171,
clean,mpc_25plus,q18_ses_now,subjective SES,subjective_economic,medical-cash,0.013037574685400934,0.015552911364336959,-0.01744557144344322,0.04352072081424509,0.4018777927584807,5171,
clean,mpc_25plus,q18_ses_now,subjective SES,subjective_economic,restricted-cash,0.009928914096193798,0.013807138982610793,-0.017132581039262358,0.03699040923164996,0.4720703627387657,5171,
clean,mpc_25plus,q18_ses_now,subjective SES,subjective_economic,medical-food,0.006217321178414272,0.015392384613944807,-0.023951198301106015,0.03638584065793456,0.6862701543390075,5171,
clean,mpc_25plus,q19_ses_past5,past mobility,subjective_economic,level,-0.002957025264542973,0.006352449829611228,-0.015407598144178584,0.009493547615092638,0.6415779599216094,5171,
clean,mpc_25plus,q19_ses_past5,past mobility,subjective_economic,food-cash,0.009258595730607016,0.015886036212797758,-0.02187746310357567,0.040394654564789696,0.5600188828978176,5171,
clean,mpc_25plus,q19_ses_past5,past mobility,subjective_economic,medical-cash,0.021445006228021257,0.01562586139681497,-0.00918111933715083,0.052071131793193344,0.1699374757498564,5171,
clean,mpc_25plus,q19_ses_past5,past mobility,subjective_economic,restricted-cash,0.015351800979314136,0.01382228114221899,-0.011739372243622245,0.042442974202250516,0.2667164017169871,5171,
clean,mpc_25plus,q19_ses_past5,past mobility,subjective_economic,medical-food,0.012186410497414242,0.015127642182290577,-0.017463223350884197,0.04183604434571268,0.420489464931709,5171,
clean,mpc_25plus,q20_ses_next1,expected mobility,subjective_economic,level,-0.010040558868897986,0.006441079375877129,-0.02266484246718089,0.0025837247293849144,0.11903621348768324,5171,
clean,mpc_25plus,q20_ses_next1,expected mobility,subjective_economic,food-cash,0.00446923990392876,0.016000846762510623,-0.02689184347273639,0.035830323280593906,0.7800048515704079,5171,
clean,mpc_25plus,q20_ses_next1,expected mobility,subjective_economic,medical-cash,0.019978804140019683,0.015843350382429018,-0.011073592003990086,0.05103120028402945,0.20730113117729554,5171,
clean,mpc_25plus,q20_ses_next1,expected mobility,subjective_economic,restricted-cash,0.012224022021974222,0.013902404179789137,-0.015024189468931595,0.03947223351288004,0.37925274958368205,5171,
clean,mpc_25plus,q20_ses_next1,expected mobility,subjective_economic,medical-food,0.015509564236090923,0.015523219028366729,-0.014915385983634717,0.04593451445581656,0.31773638772198487,5171,
clean,mpc_25plus,q01_lifesat,life satisfaction,attitudes,level,0.0028833085941296775,0.006317482916414379,-0.009498730394989571,0.015265347583248925,0.6481012969917934,5171,
clean,mpc_25plus,q01_lifesat,life satisfaction,attitudes,food-cash,0.006392569337367338,0.015812476318309975,-0.024599314752912722,0.0373844534276474,0.6860114152343078,5171,
clean,mpc_25plus,q01_lifesat,life satisfaction,attitudes,medical-cash,0.006790854745970482,0.01565532923068848,-0.02389302671229609,0.03747473620423705,0.6644534932598154,5171,
clean,mpc_25plus,q01_lifesat,life satisfaction,attitudes,restricted-cash,0.00659171204166891,0.013787390758760608,-0.02043107728628225,0.03361450136962007,0.6325810700666425,5171,
clean,mpc_25plus,q01_lifesat,life satisfaction,attitudes,medical-food,0.00039828540860314433,0.015161757996277881,-0.02931821420641368,0.030114785023619965,0.979042718304904,5171,
clean,mpc_25plus,q02_safety,safety,attitudes,level,0.017520788629597793,0.006351711750233381,0.005071662358960494,0.02996991490023509,0.005807872483589267,5171,
clean,mpc_25plus,q02_safety,safety,attitudes,food-cash,0.018845306313158113,0.015731856996600537,-0.011988566810113403,0.04967917943642963,0.23095310815311898,5171,
clean,mpc_25plus,q02_safety,safety,attitudes,medical-cash,-0.004938658875507448,0.015883350075475724,-0.03606945297728142,0.026192135226266518,0.7558514998861812,5171,
clean,mpc_25plus,q02_safety,safety,attitudes,restricted-cash,0.0069533237188253326,0.013937033321587144,-0.02036275964282011,0.03426940708047078,0.6178428685433479,5171,
clean,mpc_25plus,q02_safety,safety,attitudes,medical-food,-0.02378396518866556,0.014919137948792034,-0.05302493824868272,0.005457007871351602,0.11089311547689393,5171,
clean,mpc_25plus,q03a_fair_dist,distribution fairness,attitudes,level,-0.002035608141983636,0.006294864341089025,-0.014373315538083584,0.010302099254116312,0.7464104922605306,5171,
clean,mpc_25plus,q03a_fair_dist,distribution fairness,attitudes,food-cash,0.008652401392498493,0.015897082815761843,-0.022505308385645312,0.0398101111706423,0.5862515274982198,5171,
clean,mpc_25plus,q03a_fair_dist,distribution fairness,attitudes,medical-cash,0.03228849131506237,0.015440203992871031,0.0020262475750836076,0.06255073505504113,0.03651050654387009,5171,
clean,mpc_25plus,q03a_fair_dist,distribution fairness,attitudes,restricted-cash,0.020470446353780432,0.013768666945364463,-0.006515644974261034,0.0474565376818219,0.13708313953668685,5171,
clean,mpc_25plus,q03a_fair_dist,distribution fairness,attitudes,medical-food,0.023636089922563875,0.014964274956570203,-0.0056933500470684045,0.052965529892196155,0.11422114651465763,5171,
clean,mpc_25plus,q03b_fair_opp,opportunity fairness,attitudes,level,0.0022660525163454874,0.006325120975432309,-0.010130956793360693,0.01466306182605167,0.7201470132421968,5171,
clean,mpc_25plus,q03b_fair_opp,opportunity fairness,attitudes,food-cash,0.0012275538899561914,0.01604240159312567,-0.030214975458098113,0.032670083238010496,0.9390059325486712,5171,
clean,mpc_25plus,q03b_fair_opp,opportunity fairness,attitudes,medical-cash,0.014956878849582196,0.01537135732919632,-0.015170427909138386,0.04508418560830278,0.33053557838962155,5171,
clean,mpc_25plus,q03b_fair_opp,opportunity fairness,attitudes,restricted-cash,0.008092216369769194,0.013779732839395105,-0.018915563712029067,0.03509999645156746,0.5570324898397991,5171,
clean,mpc_25plus,q03b_fair_opp,opportunity fairness,attitudes,medical-food,0.013729324959626005,0.015091401576179119,-0.015849278605916072,0.043307928525168085,0.3629570820426873,5171,
clean,mpc_25plus,q03c_fair_rule,rule fairness,attitudes,level,0.0038129330793729953,0.006249269515172672,-0.008435410100049527,0.01606127625879552,0.5417686710430492,5171,
clean,mpc_25plus,q03c_fair_rule,rule fairness,attitudes,food-cash,0.008415351366120174,0.015775745624927392,-0.02250454188800284,0.03933524462024319,0.5937317710388732,5171,
clean,mpc_25plus,q03c_fair_rule,rule fairness,attitudes,medical-cash,0.01299898683979784,0.01536363561895047,-0.01711318564494182,0.043111159324537504,0.39750368697327265,5171,
clean,mpc_25plus,q03c_fair_rule,rule fairness,attitudes,restricted-cash,0.010707169102959007,0.013669487037099064,-0.01608453317689229,0.03749887138281031,0.4334569801528563,5171,
clean,mpc_25plus,q03c_fair_rule,rule fairness,attitudes,medical-food,0.004583635473677666,0.01491346356413966,-0.02464621599678642,0.033813486944141755,0.7585778774117952,5171,
clean,mpc_25plus,q04_trust_gov,institutional trust,attitudes,level,0.003557560765460083,0.0062322183035058805,-0.008657362653202758,0.015772484184122925,0.5681123187354027,5171,
clean,mpc_25plus,q04_trust_gov,institutional trust,attitudes,food-cash,-0.002326928021552312,0.016043916013638367,-0.03377242557926895,0.02911856953616432,0.8846833037535843,5171,
clean,mpc_25plus,q04_trust_gov,institutional trust,attitudes,medical-cash,0.002811490285094184,0.01537249165685872,-0.02731803971499137,0.03294102028517974,0.8548835491685468,5171,
clean,mpc_25plus,q04_trust_gov,institutional trust,attitudes,restricted-cash,0.00024228113177093618,0.01388260166183729,-0.026967118137146057,0.027451680400687926,0.9860759123917214,5171,
clean,mpc_25plus,q04_trust_gov,institutional trust,attitudes,medical-food,0.005138418306646496,0.014715127113985637,-0.02370270086469418,0.033979537477987175,0.7269444759173991,5171,
clean,mpc_25plus,q05_trust_soc,generalized trust,attitudes,level,0.00950033270312331,0.00627055077291594,-0.0027897209750217325,0.021790386381268352,0.1297543007004243,5171,
clean,mpc_25plus,q05_trust_soc,generalized trust,attitudes,food-cash,0.009408098720777401,0.015886049753132705,-0.02172798665197412,0.04054418409352892,0.5537006511523223,5171,
clean,mpc_25plus,q05_trust_soc,generalized trust,attitudes,medical-cash,0.03571755325600079,0.01519274151155488,0.005940327066926605,0.06549477944507498,0.01872496163751143,5171,
clean,mpc_25plus,q05_trust_soc,generalized trust,attitudes,restricted-cash,0.022562825988389094,0.013614072749122928,-0.004120266282800048,0.049245918259578234,0.09745552405623123,5171,
clean,mpc_25plus,q05_trust_soc,generalized trust,attitudes,medical-food,0.02630945453522339,0.015000001183940445,-0.0030900075533580526,0.05570891662380483,0.07943676207919452,5171,
clean,mpc_25plus,q08_support,social support,attitudes,level,0.013109922453267812,0.006249507781075465,0.0008611122812570704,0.025358732625278553,0.03592698790704302,5171,
clean,mpc_25plus,q08_support,social support,attitudes,food-cash,0.00903813123583395,0.015663237866169463,-0.021661250863142203,0.039737513334810105,0.5639203503305715,5171,
clean,mpc_25plus,q08_support,social support,attitudes,medical-cash,0.007201016033451649,0.01535057018076853,-0.022885548663009177,0.03728758072991248,0.6389951995262555,5171,
clean,mpc_25plus,q08_support,social support,attitudes,restricted-cash,0.008119573634642798,0.013579604987084432,-0.018495963064323193,0.03473511033360879,0.5498905516105735,5171,
clean,mpc_25plus,q08_support,social support,attitudes,medical-food,-0.0018371152023823004,0.01497769555815634,-0.03119285906777427,0.02751862866300967,0.9023789272748333,5171,
clean,mpc_25plus,q12_voice,voice/response,attitudes,level,0.004204826529849268,0.006399540830689992,-0.008338043015896655,0.016747696075595193,0.5111479405728739,5171,
clean,mpc_25plus,q12_voice,voice/response,attitudes,food-cash,-0.0010887330331556082,0.016044909506873806,-0.032536177801832586,0.030358711735521373,0.9459007782142095,5171,
clean,mpc_25plus,q12_voice,voice/response,attitudes,medical-cash,0.013525647220127822,0.01574405725817372,-0.0173321379764291,0.04438343241668475,0.39028788314957075,5171,
clean,mpc_25plus,q12_voice,voice/response,attitudes,restricted-cash,0.006218457093486107,0.013913092752137318,-0.021050703614268296,0.03348761780124051,0.6549111465933268,5171,
clean,mpc_25plus,q12_voice,voice/response,attitudes,medical-food,0.01461438025328343,0.015373103796778977,-0.015516349518999327,0.044745110025566186,0.34178408851743736,5171,
clean,mpc_25plus,q16_fut_society,national outlook,attitudes,level,0.008953252169022537,0.006400731455464624,-0.0035919509584007667,0.02149845529644584,0.16187723047704394,5171,
clean,mpc_25plus,q16_fut_society,national outlook,attitudes,food-cash,0.006072097611372527,0.015759703799100293,-0.02481635424188311,0.036960549464628165,0.7000206265965847,5171,
clean,mpc_25plus,q16_fut_society,national outlook,attitudes,medical-cash,-0.004561143466558297,0.015688766942217918,-0.03531056163514801,0.026188274702031417,0.7712603482649837,5171,
clean,mpc_25plus,q16_fut_society,national outlook,attitudes,restricted-cash,0.0007554770724071147,0.013673741262663422,-0.026044563336332434,0.027555517481146666,0.9559391284211208,5171,
clean,mpc_25plus,q16_fut_society,national outlook,attitudes,medical-food,-0.010633241077930823,0.0155282498541257,-0.041068051534956546,0.019801569379094896,0.4934906368435129,5171,
clean,mpc_25plus,q17d_fut_fair,fairness outlook,attitudes,level,0.0006005999821875226,0.006363898252007488,-0.011872411393024558,0.013073611357399604,0.924810389960096,5171,
clean,mpc_25plus,q17d_fut_fair,fairness outlook,attitudes,food-cash,0.02247414270140078,0.015811813264113284,-0.00851644182653397,0.053464727229335526,0.15521463170277938,5171,
clean,mpc_25plus,q17d_fut_fair,fairness outlook,attitudes,medical-cash,0.02139988508634215,0.015580505413596705,-0.009137344385238732,0.051937114557923034,0.16959574690846202,5171,
clean,mpc_25plus,q17d_fut_fair,fairness outlook,attitudes,restricted-cash,0.021937013893871465,0.013689705839648429,-0.004894316510787117,0.048768344298530046,0.10905702722698803,5171,
clean,mpc_25plus,q17d_fut_fair,fairness outlook,attitudes,medical-food,-0.001074257615058631,0.015359003593338754,-0.031177351496423863,0.0290288362663066,0.9442388813742368,5171,
clean,mpc_25plus,q21_order,social order,attitudes,level,0.020526455654135814,0.006281879751007812,0.00821419758694906,0.03283871372132257,0.001084766336262336,5171,
clean,mpc_25plus,q21_order,social order,attitudes,food-cash,-0.002636245026853342,0.01584318865662752,-0.033688324194116805,0.028415834140410122,0.8678452318535338,5171,
clean,mpc_25plus,q21_order,social order,attitudes,medical-cash,0.006589833814718913,0.015265152578288954,-0.023329315457236183,0.03650898308667401,0.6659657793454556,5171,
clean,mpc_25plus,q21_order,social order,attitudes,restricted-cash,0.0019767943939327853,0.013613343908031069,-0.024704869374965858,0.02865845816283143,0.8845450287119724,5171,
clean,mpc_25plus,q21_order,social order,attitudes,medical-food,0.009226078841572255,0.015058900712288372,-0.020288824201277523,0.03874098188442203,0.5400971037937423,5171,
clean,mpc_25plus,q22_vitality,social vitality,attitudes,level,0.008149793749423349,0.0063461432558708465,-0.0042884184728152665,0.020588005971661966,0.19906776405746296,5171,
clean,mpc_25plus,q22_vitality,social vitality,attitudes,food-cash,-0.004472443548481939,0.015970019568588435,-0.03577310673531516,0.026828219638351282,0.7794372436621081,5171,
clean,mpc_25plus,q22_vitality,social vitality,attitudes,medical-cash,-0.002339522652541086,0.01535688367915639,-0.03243846157845857,0.027759416273376396,0.8789159533853013,5171,
clean,mpc_25plus,q22_vitality,social vitality,attitudes,restricted-cash,-0.0034059831005115128,0.013652814161583208,-0.030165007144833014,0.023353040943809987,0.8029963629669115,5171,
clean,mpc_25plus,q22_vitality,social vitality,attitudes,medical-food,0.002132920895940853,0.015367285530944198,-0.027986405284853258,0.03225224707673496,0.889611193799969,5171,
clean,high_mpc,q42_age,age,objective,level,0.017089128073173598,0.004933223742065842,0.007420187211046633,0.026758068935300562,0.0005320296640555099,5171,
clean,high_mpc,q42_age,age,objective,food-cash,-0.012654202754756455,0.012218835502436033,-0.03660268027255045,0.011294274763037546,0.30037440316343533,5171,
clean,high_mpc,q42_age,age,objective,medical-cash,0.0005915591134889406,0.012039149589951394,-0.02300474048730595,0.024187858714283833,0.9608106852117464,5171,
clean,high_mpc,q42_age,age,objective,restricted-cash,-0.006031321820633757,0.010543343582974377,-0.026695895519895027,0.014633251878627511,0.567287964936378,5171,
clean,high_mpc,q42_age,age,objective,medical-food,0.013245761868245396,0.011993071005169952,-0.010260225365919294,0.03675174910241009,0.2693974538846875,5171,
clean,high_mpc,q41_gender,gender,objective,level,-0.005881864089332736,0.004761455433403837,-0.01521414525279681,0.0034504170741313372,0.2167158896247885,5171,
clean,high_mpc,q41_gender,gender,objective,food-cash,0.006270590894412915,0.0121849215564256,-0.017611416510627,0.03015259829945283,0.6068193572347467,5171,
clean,high_mpc,q41_gender,gender,objective,medical-cash,0.010008741585334357,0.011567731452956212,-0.01266359544529101,0.03268107861595972,0.38691288035536775,5171,
clean,high_mpc,q41_gender,gender,objective,restricted-cash,0.008139666239873635,0.010458774389119995,-0.012359154885231462,0.028638487364978732,0.4364145971098916,5171,
clean,high_mpc,q41_gender,gender,objective,medical-food,0.0037381506909214424,0.011270563504894781,-0.01835174786414385,0.025828049245986737,0.7401355820252412,5171,
clean,high_mpc,q43_edu,education,objective,level,0.01759193314303284,0.004812925943823224,0.008158771632880873,0.027025094653184804,0.00025703854575677876,5171,
clean,high_mpc,q43_edu,education,objective,food-cash,0.020292741160148793,0.012166964434738402,-0.0035540709331182106,0.0441395532534158,0.09534437270819618,5171,
clean,high_mpc,q43_edu,education,objective,medical-cash,-0.01042079141760369,0.011940244632241382,-0.0338232408633945,0.01298165802818712,0.3828019645370314,5171,
clean,high_mpc,q43_edu,education,objective,restricted-cash,0.004935974871272552,0.01069866308839035,-0.0160330194647006,0.0259049692072457,0.6445376847573683,5171,
clean,high_mpc,q43_edu,education,objective,medical-food,-0.030713532577752483,0.01110690611072102,-0.05248266853443353,-0.008944396621071438,0.005687666622711682,5171,
clean,high_mpc,income_h,monthly income harmonized 1-6,objective,level,0.021970758488242807,0.0049484845506135595,0.012271906990987357,0.031669609985498254,9.000221494504462e-06,5171,
clean,high_mpc,income_h,monthly income harmonized 1-6,objective,food-cash,0.0034631926269850285,0.012462234906081424,-0.020962338955812468,0.02788872420978252,0.7810929709759264,5171,
clean,high_mpc,income_h,monthly income harmonized 1-6,objective,medical-cash,-0.02599483641577408,0.012379814027546473,-0.05025882604506892,-0.001730846786479237,0.0357485501538929,5171,
clean,high_mpc,income_h,monthly income harmonized 1-6,objective,restricted-cash,-0.011265821894394526,0.011021882603636677,-0.03286831483935097,0.010336671050561921,0.30671830133083566,5171,
clean,high_mpc,income_h,monthly income harmonized 1-6,objective,medical-food,-0.029458029042759105,0.01145454512010783,-0.05190852493745948,-0.007007533148058732,0.010119096579864297,5171,
clean,high_mpc,q23_hukou,hukou,objective,level,0.01766132126395762,0.004784723997537315,0.008283434552819968,0.02703920797509527,0.00022320807431236463,5171,
clean,high_mpc,q23_hukou,hukou,objective,food-cash,-0.006454364440941539,0.011957158538524165,-0.02988996453388449,0.016981235652001415,0.5893412969897345,5171,
clean,high_mpc,q23_hukou,hukou,objective,medical-cash,0.013608099061606418,0.011651194201688303,-0.009227821950584561,0.0364440200737974,0.2428239289347539,5171,
clean,high_mpc,q23_hukou,hukou,objective,restricted-cash,0.0035768673103324395,0.01031827226857979,-0.016646574718762346,0.023800309339427228,0.7288514940203233,5171,
clean,high_mpc,q23_hukou,hukou,objective,medical-food,0.020062463502547957,0.011470874545889779,-0.0024200374785732573,0.04254496448366917,0.08029246724135208,5171,
clean,high_mpc,q24_workstat,employment status,objective,level,-0.011795897297807379,0.004614412978694111,-0.02083998054584203,-0.0027518140497727293,0.010578703041606267,5171,
clean,high_mpc,q24_workstat,employment status,objective,food-cash,-0.00967558493649371,0.011637982147150788,-0.03248561079762938,0.013134440924641961,0.40575902587984947,5171,
clean,high_mpc,q24_workstat,employment status,objective,medical-cash,0.00848657538924161,0.011570254240345567,-0.014190706213807542,0.031163856992290764,0.4632643880830415,5171,
clean,high_mpc,q24_workstat,employment status,objective,restricted-cash,-0.0005945047736260495,0.010290769916411924,-0.02076404318298168,0.019575033635729586,0.9539312932984801,5171,
clean,high_mpc,q24_workstat,employment status,objective,medical-food,0.01816216032573532,0.010725066032298145,-0.002858582829382939,0.039182903480853584,0.09037344008034007,5171,
clean,high_mpc,q25_unittype,work-unit type,objective,level,-0.008742217110244562,0.005023900705869074,-0.018588881555653303,0.0011044473351641774,0.08183700512783257,5171,
clean,high_mpc,q25_unittype,work-unit type,objective,food-cash,-0.008011422144342431,0.012509651013742379,-0.032529887590442466,0.016507043301757608,0.5219000284189367,5171,
clean,high_mpc,q25_unittype,work-unit type,objective,medical-cash,0.004269334607554898,0.012464076320302607,-0.020159806080796733,0.02869847529590653,0.7319511930673377,5171,
clean,high_mpc,q25_unittype,work-unit type,objective,restricted-cash,-0.0018710437683937663,0.0109611300393046,-0.023354463875290894,0.019612376338503358,0.8644611786316805,5171,
clean,high_mpc,q25_unittype,work-unit type,objective,medical-food,0.01228075675189733,0.011962593659141192,-0.011165495981706627,0.03572700948550128,0.30461050395836264,5171,
clean,high_mpc,q26_housing,housing tenure,objective,level,-0.01233648760522391,0.004835926682234679,-0.021814729734280155,-0.002858245476167663,0.01074118633352794,5171,
clean,high_mpc,q26_housing,housing tenure,objective,food-cash,0.0040679466153616065,0.012242319497525155,-0.019926558687020188,0.028062451917743397,0.7396736039280046,5171,
clean,high_mpc,q26_housing,housing tenure,objective,medical-cash,0.006786391098612266,0.011932799738193235,-0.016601466622975458,0.030174248820199992,0.5695479230056418,5171,
clean,high_mpc,q26_housing,housing tenure,objective,restricted-cash,0.005427168856986936,0.010644870936643977,-0.015436394798912411,0.026290732512886283,0.6101643589081235,5171,
clean,high_mpc,q26_housing,housing tenure,objective,medical-food,0.0027184444832506595,0.011457708475580433,-0.019738251474246314,0.02517514044074763,0.8124558654078933,5171,
clean,high_mpc,q27_minorchild,minor child,needs,level,-0.0067358775865027035,0.00473002766077486,-0.01600656144749967,0.002534806274494261,0.15442699935635706,5171,
clean,high_mpc,q27_minorchild,minor child,needs,food-cash,0.027695244989809013,0.01211843088045377,0.003943556914981605,0.05144693306463642,0.022290432783457863,5171,
clean,high_mpc,q27_minorchild,minor child,needs,medical-cash,0.010549959818951155,0.011408986387523622,-0.01181124260070288,0.032911162238605185,0.35511878220787363,5171,
clean,high_mpc,q27_minorchild,minor child,needs,restricted-cash,0.019122602404380084,0.010335211243335102,-0.0011340394051701508,0.03937924421393032,0.06427922883755427,5171,
clean,high_mpc,q27_minorchild,minor child,needs,medical-food,-0.01714528517085786,0.011259498612843668,-0.039213496936010145,0.004922926594294427,0.12782384961489865,5171,
clean,high_mpc,q28_hhsize,household size,needs,level,0.024240101066562235,0.004801687094967101,0.01482896729539596,0.033651234837728514,4.458831246872046e-07,5171,
clean,high_mpc,q28_hhsize,household size,needs,food-cash,-0.007720888903117419,0.012378850919132723,-0.031982990874608104,0.016541213068373264,0.5328140326374051,5171,
clean,high_mpc,q28_hhsize,household size,needs,medical-cash,0.0001447478667808491,0.011754085180134327,-0.022892835757498425,0.023182331491060124,0.9901745506078171,5171,
clean,high_mpc,q28_hhsize,household size,needs,restricted-cash,-0.003788070518168285,0.010679276462255693,-0.024719067765135765,0.017142926728799197,0.7228051492180738,5171,
clean,high_mpc,q28_hhsize,household size,needs,medical-food,0.007865636769898269,0.011251717823105014,-0.014187324927594978,0.029918598467391515,0.4845139290770656,5171,
clean,high_mpc,q29_foodexp,monthly food spending,needs,level,0.04406374632120676,0.005151846626150325,0.033966312480077934,0.05416118016233559,1.1992946845721726e-17,5171,
clean,high_mpc,q29_foodexp,monthly food spending,needs,food-cash,-0.0015805051146221133,0.013056928746473639,-0.027171615206416158,0.02401060497717193,0.9036536225818174,5171,
clean,high_mpc,q29_foodexp,monthly food spending,needs,medical-cash,-0.013472235350417035,0.012499782121136288,-0.037971358122441845,0.011026887421607772,0.28112408441671044,5171,
clean,high_mpc,q29_foodexp,monthly food spending,needs,restricted-cash,-0.007526370232519574,0.01119679343432422,-0.02947168210612959,0.014418941641090442,0.501462879739633,5171,
clean,high_mpc,q29_foodexp,monthly food spending,needs,medical-food,-0.011891730235794921,0.012328144624761353,-0.03605444969652823,0.01227098922493839,0.33474512094594844,5171,
clean,high_mpc,q30_medexp,annual OOP medical spending,needs,level,0.03262465518765092,0.005051870404168846,0.022723171140916175,0.04252613923438566,1.0614068619452115e-10,5171,
clean,high_mpc,q30_medexp,annual OOP medical spending,needs,food-cash,-0.0033609103143217665,0.012710082239917325,-0.0282722137451019,0.021550393116458372,0.7914496115953195,5171,
clean,high_mpc,q30_medexp,annual OOP medical spending,needs,medical-cash,0.008291641034066068,0.012405184040587679,-0.016022072907076846,0.032605354975208986,0.5038774713097238,5171,
clean,high_mpc,q30_medexp,annual OOP medical spending,needs,restricted-cash,0.002465365359872151,0.011055992102179488,-0.019203980973758927,0.024134711693503227,0.8235440158242714,5171,
clean,high_mpc,q30_medexp,annual OOP medical spending,needs,medical-food,0.011652551348387835,0.011913425947174273,-0.01169733444055872,0.03500243713733439,0.3280236462149714,5171,
clean,high_mpc,q31_gotsubsidy,prior subsidy,objective,level,-0.004846323442936526,0.004668591446863731,-0.01399659453732118,0.004303947651448129,0.29923759470511413,5171,
clean,high_mpc,q31_gotsubsidy,prior subsidy,objective,food-cash,0.013435429649593062,0.012173796375155099,-0.010424772800835192,0.03729563210002132,0.2697514349399338,5171,
clean,high_mpc,q31_gotsubsidy,prior subsidy,objective,medical-cash,0.007405893672120297,0.011268997552453835,-0.01468093567255924,0.029492723016799834,0.5110575469147296,5171,
clean,high_mpc,q31_gotsubsidy,prior subsidy,objective,restricted-cash,0.01042066166085668,0.010364188928435209,-0.009892775367845105,0.030734098689558464,0.31468077585121124,5171,
clean,high_mpc,q31_gotsubsidy,prior subsidy,objective,medical-food,-0.006029535977472765,0.010987156113603926,-0.02756396625265553,0.01550489429771,0.5831561594796938,5171,
clean,high_mpc,q49_citytier,city tier,objective,level,-0.0053093219561155865,0.004656048266069978,-0.01443500886789291,0.0038163649556617364,0.254158643817322,5171,
clean,high_mpc,q49_citytier,city tier,objective,food-cash,-0.005365791700415314,0.012035428030500717,-0.028954797178720557,0.018223213777889928,0.6557178394686886,5171,
clean,high_mpc,q49_citytier,city tier,objective,medical-cash,0.019223194935114502,0.011557439450268945,-0.0034289701409150296,0.04187536001114403,0.09625749008835982,5171,
clean,high_mpc,q49_citytier,city tier,objective,restricted-cash,0.006928701617349594,0.010487716307060586,-0.013626844624562574,0.027484247859261762,0.5088372950268807,5171,
clean,high_mpc,q49_citytier,city tier,objective,medical-food,0.024588986635529816,0.010811248572595694,0.00339932880533219,0.04577864446572744,0.022942598202796396,5171,
clean,high_mpc,q06_socsec,perceived social protection,subjective_economic,level,-0.007410043455684976,0.005224385216210295,-0.017649650320820658,0.002829563409450706,0.1560865566381683,5171,
clean,high_mpc,q06_socsec,perceived social protection,subjective_economic,food-cash,0.011817630151172053,0.013276561378681996,-0.014203951989580105,0.03783921229192421,0.3734056066019704,5171,
clean,high_mpc,q06_socsec,perceived social protection,subjective_economic,medical-cash,0.015760071315787955,0.01295528778691327,-0.009631826155913677,0.041151968787489585,0.22379557708671505,5171,
clean,high_mpc,q06_socsec,perceived social protection,subjective_economic,restricted-cash,0.013788850733480004,0.011597090177092513,-0.00894102833908456,0.036518729806044564,0.23444270339190532,5171,
clean,high_mpc,q06_socsec,perceived social protection,subjective_economic,medical-food,0.003942441164615902,0.012257370234468982,-0.02008156304011658,0.027966445369348385,0.7477266361686425,5171,
clean,high_mpc,q07_emergfund,emergency liquidity,subjective_economic,level,0.003945994244730514,0.005208928212703018,-0.006263317450221995,0.014155305939683022,0.44872379364326254,5171,
clean,high_mpc,q07_emergfund,emergency liquidity,subjective_economic,food-cash,0.005523480827853032,0.01349989852161844,-0.02093583406946463,0.031982795725170696,0.6824297291284342,5171,
clean,high_mpc,q07_emergfund,emergency liquidity,subjective_economic,medical-cash,0.004999140856870834,0.012676276289571192,-0.01984590412876773,0.029844185842509398,0.6933080188116238,5171,
clean,high_mpc,q07_emergfund,emergency liquidity,subjective_economic,restricted-cash,0.005261310842361933,0.011614304932343942,-0.017502308530498105,0.02802493021522197,0.6505468376481587,5171,
clean,high_mpc,q07_emergfund,emergency liquidity,subjective_economic,medical-food,-0.0005243399709821978,0.012095543190828839,-0.024231168998455406,0.023182489056491014,0.9654226547818048,5171,
clean,high_mpc,q09_gain,sense of gain,subjective_economic,level,-0.0016311909861834928,0.005248188961423914,-0.011917452334635037,0.00865507036226805,0.755944867859864,5171,
clean,high_mpc,q09_gain,sense of gain,subjective_economic,food-cash,-0.0003304469037096365,0.013477412214487009,-0.02674568944890439,0.026084795641485116,0.980438969738222,5171,
clean,high_mpc,q09_gain,sense of gain,subjective_economic,medical-cash,0.007049804214861672,0.012828454010303381,-0.018093503622661378,0.032193112052384724,0.5826319484673783,5171,
clean,high_mpc,q09_gain,sense of gain,subjective_economic,restricted-cash,0.0033596786555760176,0.011576405675264767,-0.01932965953836801,0.026049016849520046,0.771649641418308,5171,
clean,high_mpc,q09_gain,sense of gain,subjective_economic,medical-food,0.007380251118571308,0.012504681969331953,-0.01712847517944672,0.03188897741658933,0.5550572250662028,5171,
clean,high_mpc,q10_effort,returns to effort,subjective_economic,level,-0.01021516805486824,0.0052622017406032135,-0.02052889394583452,9.855783609804235e-05,0.05222982893759445,5171,
clean,high_mpc,q10_effort,returns to effort,subjective_economic,food-cash,0.0016464381780248762,0.013555404203766884,-0.024921665857241065,0.028214542213290818,0.9033267665414055,5171,
clean,high_mpc,q10_effort,returns to effort,subjective_economic,medical-cash,0.009337233223643314,0.012765989649372056,-0.015683646716137027,0.03435811316342366,0.4645258539545861,5171,
clean,high_mpc,q10_effort,returns to effort,subjective_economic,restricted-cash,0.005491835700834095,0.011579895558301984,-0.017204342538173135,0.028188013939841328,0.6353173175633366,5171,
clean,high_mpc,q10_effort,returns to effort,subjective_economic,medical-food,0.007690795045618438,0.012532478810914571,-0.016872412060785484,0.03225400215202236,0.5394340085581074,5171,
clean,high_mpc,q11_mobility,upward mobility,subjective_economic,level,-0.010699393501877515,0.0050774568742736476,-0.020651026108509184,-0.000747760895245848,0.035097237255771074,5171,
clean,high_mpc,q11_mobility,upward mobility,subjective_economic,food-cash,0.01347560162677925,0.013196607733929696,-0.01238927424982569,0.039340477503384194,0.3071874822595655,5171,
clean,high_mpc,q11_mobility,upward mobility,subjective_economic,medical-cash,0.02691275435117788,0.012528872490457059,0.0023566155029873907,0.05146889319936837,0.03170908752895913,5171,
clean,high_mpc,q11_mobility,upward mobility,subjective_economic,restricted-cash,0.020194177988978566,0.011443602312863241,-0.002234870397632649,0.04262322637558978,0.07761929778808094,5171,
clean,high_mpc,q11_mobility,upward mobility,subjective_economic,medical-food,0.013437152724398629,0.011765290797545711,-0.009622393506431494,0.03649669895522875,0.25341195720729837,5171,
clean,high_mpc,q13_pressure,pressure affordability,subjective_economic,level,-0.004981185855042486,0.00521620721632955,-0.015204764134946334,0.0052423924248613625,0.33960601025055137,5171,
clean,high_mpc,q13_pressure,pressure affordability,subjective_economic,food-cash,0.00672119661011291,0.013359931884426733,-0.019463788719271822,0.03290618193949764,0.6149037083303379,5171,
clean,high_mpc,q13_pressure,pressure affordability,subjective_economic,medical-cash,0.023093588985022166,0.012612346976304338,-0.0016261568490569846,0.047813334819101314,0.06709602636642543,5171,
clean,high_mpc,q13_pressure,pressure affordability,subjective_economic,restricted-cash,0.014907392797567538,0.011434359796462188,-0.007503540589771093,0.03731832618490617,0.19232342273334413,5171,
clean,high_mpc,q13_pressure,pressure affordability,subjective_economic,medical-food,0.016372392374909256,0.012334497014253444,-0.007802777540444325,0.04054756229026284,0.18438763000485514,5171,
clean,high_mpc,q15_fut_self,future self,subjective_economic,level,-0.015314641194130035,0.0050829360707501,-0.025277012828519768,-0.005352269559740304,0.0025872003779372423,5171,
clean,high_mpc,q15_fut_self,future self,subjective_economic,food-cash,0.0011080554132103168,0.012871657421668924,-0.024119929554598466,0.0263360403810191,0.9313989227167505,5171,
clean,high_mpc,q15_fut_self,future self,subjective_economic,medical-cash,0.010934485641140702,0.012571843607370388,-0.01370587504857537,0.03557484633085677,0.3844316210879414,5171,
clean,high_mpc,q15_fut_self,future self,subjective_economic,restricted-cash,0.006021270527175509,0.011235934888382858,-0.016000757186691965,0.028043298241042985,0.5920317846035668,5171,
clean,high_mpc,q15_fut_self,future self,subjective_economic,medical-food,0.009826430227930385,0.011936360486934548,-0.013568406432948312,0.03322126688880908,0.4103743450822198,5171,
clean,high_mpc,q17a_fut_econ,economic outlook,subjective_economic,level,-0.007133331702244239,0.005014685968101786,-0.016961935593502113,0.0026952721890136358,0.15488456970094486,5171,
clean,high_mpc,q17a_fut_econ,economic outlook,subjective_economic,food-cash,0.005086433244773305,0.012714116817546575,-0.01983277781285299,0.030005644302399603,0.6891109536585778,5171,
clean,high_mpc,q17a_fut_econ,economic outlook,subjective_economic,medical-cash,0.00606793585363438,0.012365076779659721,-0.01816716930057119,0.030303041007839947,0.6236161823389809,5171,
clean,high_mpc,q17a_fut_econ,economic outlook,subjective_economic,restricted-cash,0.005577184549203843,0.011089927445878,-0.01615867383587931,0.02731304293428699,0.6150307747826669,5171,
clean,high_mpc,q17a_fut_econ,economic outlook,subjective_economic,medical-food,0.0009815026088610748,0.011710756483457792,-0.02197115833043513,0.02393416354815728,0.9332058603639645,5171,
clean,high_mpc,q17b_fut_job,employment/income outlook,subjective_economic,level,-0.011453741709511535,0.005097546384824508,-0.021444749033289925,-0.0014627343857331436,0.024645606926608145,5171,
clean,high_mpc,q17b_fut_job,employment/income outlook,subjective_economic,food-cash,0.01106752827228153,0.013100003138461021,-0.014608006076463745,0.036743062621026806,0.3981949937551863,5171,
clean,high_mpc,q17b_fut_job,employment/income outlook,subjective_economic,medical-cash,0.026535456724762117,0.012304410438954732,0.0024192554134121642,0.050651658036112074,0.031038332886459397,5171,
clean,high_mpc,q17b_fut_job,employment/income outlook,subjective_economic,restricted-cash,0.018801492498521824,0.01122070286383773,-0.003190680995825569,0.04079366599286922,0.09381512280528495,5171,
clean,high_mpc,q17b_fut_job,employment/income outlook,subjective_economic,medical-food,0.015467928452480587,0.011933168310291637,-0.007920651657145714,0.03885650856210689,0.19490209589043606,5171,
clean,high_mpc,q17c_fut_price,price/affordability outlook,subjective_economic,level,-0.008668583703619394,0.005129716244340004,-0.01872264279343587,0.0013854753861970819,0.09105170480220992,5171,
clean,high_mpc,q17c_fut_price,price/affordability outlook,subjective_economic,food-cash,0.016145435204586518,0.013024295878744123,-0.009381715641745416,0.04167258605091845,0.21510866220148894,5171,
clean,high_mpc,q17c_fut_price,price/affordability outlook,subjective_economic,medical-cash,0.02823613612963398,0.01242933482831199,0.0038750875143531427,0.052597184744914816,0.02310261241571543,5171,
clean,high_mpc,q17c_fut_price,price/affordability outlook,subjective_economic,restricted-cash,0.022190785667110247,0.011198525216522833,0.00024207956276188144,0.04413949177145861,0.04752614672737013,5171,
clean,high_mpc,q17c_fut_price,price/affordability outlook,subjective_economic,medical-food,0.012090700925047462,0.012108403145019994,-0.011641333149483249,0.03582273499957817,0.31801853683621994,5171,
clean,high_mpc,q17e_fut_welfare,welfare outlook,subjective_economic,level,-0.0031177578805810678,0.005051712450016159,-0.013018932342865337,0.006783416581703201,0.5371235793277808,5171,
clean,high_mpc,q17e_fut_welfare,welfare outlook,subjective_economic,food-cash,0.023628058885925465,0.01295467743483367,-0.0017626423176822607,0.049018760089533195,0.06816692658708441,5171,
clean,high_mpc,q17e_fut_welfare,welfare outlook,subjective_economic,medical-cash,0.01951531455299236,0.012580037939397269,-0.005141106732373762,0.044171735838358483,0.12083167861535896,5171,
clean,high_mpc,q17e_fut_welfare,welfare outlook,subjective_economic,restricted-cash,0.021571686719458912,0.011377770050671062,-0.0007283328042348332,0.04387170624315266,0.05796661467739875,5171,
clean,high_mpc,q17e_fut_welfare,welfare outlook,subjective_economic,medical-food,-0.004112744332933106,0.011590834253440834,-0.026830362020450346,0.018604873354584134,0.7227189807959816,5171,
clean,high_mpc,q18_ses_now,subjective SES,subjective_economic,level,-0.02207888292832266,0.005031897344243858,-0.03194122049694337,-0.012216545359701951,1.1451096828487883e-05,5171,
clean,high_mpc,q18_ses_now,subjective SES,subjective_economic,food-cash,-0.0006948850998804929,0.012745028016220641,-0.025674680993626922,0.024284910793865938,0.9565192385351713,5171,
clean,high_mpc,q18_ses_now,subjective SES,subjective_economic,medical-cash,0.011260027359234906,0.012274216877172485,-0.012796995658456855,0.035317050376926666,0.358947549015053,5171,
clean,high_mpc,q18_ses_now,subjective SES,subjective_economic,restricted-cash,0.005282571129677206,0.010985441994627289,-0.016248499534046133,0.026813641793400546,0.630608789700122,5171,
clean,high_mpc,q18_ses_now,subjective SES,subjective_economic,medical-food,0.0119549124591154,0.011977668174354585,-0.011520885781391207,0.035430710699622,0.3182307950673756,5171,
clean,high_mpc,q19_ses_past5,past mobility,subjective_economic,level,-0.020115269448771657,0.005030306048482009,-0.029974488135010392,-0.010256050762532923,6.3660084398084e-05,5171,
clean,high_mpc,q19_ses_past5,past mobility,subjective_economic,food-cash,0.0018826670341384952,0.01272251379609745,-0.02305300179902647,0.02681833586730346,0.8823592070332275,5171,
clean,high_mpc,q19_ses_past5,past mobility,subjective_economic,medical-cash,0.019792349849047357,0.01236580777957094,-0.004444188038656902,0.04402888773675162,0.1094720319342595,5171,
clean,high_mpc,q19_ses_past5,past mobility,subjective_economic,restricted-cash,0.010837508441592926,0.011073610511441645,-0.010866369339656868,0.03254138622284272,0.32773868371350734,5171,
clean,high_mpc,q19_ses_past5,past mobility,subjective_economic,medical-food,0.017909682814908862,0.011792019319435099,-0.005202250356184452,0.04102161598600218,0.1288136173253576,5171,
clean,high_mpc,q20_ses_next1,expected mobility,subjective_economic,level,-0.016885692521297912,0.005076160159933316,-0.026834783614524294,-0.006936601428071532,0.0008795360918395672,5171,
clean,high_mpc,q20_ses_next1,expected mobility,subjective_economic,food-cash,-0.004053807224555847,0.012679272116016415,-0.028904723922130983,0.02079710947301929,0.7491811745363397,5171,
clean,high_mpc,q20_ses_next1,expected mobility,subjective_economic,medical-cash,0.012734031292320664,0.012578977963905507,-0.011920312479257112,0.037388375063898444,0.3113820231726898,5171,
clean,high_mpc,q20_ses_next1,expected mobility,subjective_economic,restricted-cash,0.004340112033882408,0.011086243547649543,-0.017388526043350255,0.02606875011111507,0.6954378421907526,5171,
clean,high_mpc,q20_ses_next1,expected mobility,subjective_economic,medical-food,0.016787838516876513,0.012098349971199338,-0.00692449169903539,0.040500168732788416,0.16525464828784253,5171,
clean,high_mpc,q01_lifesat,life satisfaction,attitudes,level,-0.00867855498411697,0.005146155364693631,-0.018764834157764074,0.0014077241895301337,0.09171584249599847,5171,
clean,high_mpc,q01_lifesat,life satisfaction,attitudes,food-cash,0.012722074950751422,0.012921929247642575,-0.012604440985402782,0.038048590886905626,0.32485316490948757,5171,
clean,high_mpc,q01_lifesat,life satisfaction,attitudes,medical-cash,0.016501902076368216,0.012874999776079605,-0.00873263378570907,0.0417364379384455,0.1999474998307177,5171,
clean,high_mpc,q01_lifesat,life satisfaction,attitudes,restricted-cash,0.014611988513559819,0.011353854352907323,-0.007641157103851857,0.03686513413097149,0.19810724451036532,5171,
clean,high_mpc,q01_lifesat,life satisfaction,attitudes,medical-food,0.0037798271256167942,0.012241066733015175,-0.02021222280344433,0.02777187705467792,0.7574869859498347,5171,
clean,high_mpc,q02_safety,safety,attitudes,level,0.010360959953972699,0.005228142712992301,0.0001139885304722605,0.02060793137747314,0.04750534046533998,5171,
clean,high_mpc,q02_safety,safety,attitudes,food-cash,0.007329011825157404,0.013049464029617597,-0.01824746769044401,0.03290549134075882,0.5743659772263159,5171,
clean,high_mpc,q02_safety,safety,attitudes,medical-cash,-0.010861771293285642,0.013226905320143482,-0.0367860293476881,0.015062486761116815,0.41153939018380614,5171,
clean,high_mpc,q02_safety,safety,attitudes,restricted-cash,-0.0017663797340641187,0.011668880335421555,-0.024636964931398032,0.02110420546326979,0.8796797083164759,5171,
clean,high_mpc,q02_safety,safety,attitudes,medical-food,-0.018190783118443046,0.012075926402851891,-0.04185916394798908,0.00547759771110299,0.1319728578303303,5171,
clean,high_mpc,q03a_fair_dist,distribution fairness,attitudes,level,-0.010446291705521294,0.0049005330833515595,-0.020051160053937374,-0.0008414233571052143,0.03303444892864175,5171,
clean,high_mpc,q03a_fair_dist,distribution fairness,attitudes,food-cash,0.00969175369059386,0.012631956799265988,-0.015066426690233333,0.03444993407142105,0.4429383095877253,5171,
clean,high_mpc,q03a_fair_dist,distribution fairness,attitudes,medical-cash,0.031179466161141197,0.012022198976499905,0.007616389152227083,0.05474254317005531,0.009500699553635217,5171,
clean,high_mpc,q03a_fair_dist,distribution fairness,attitudes,restricted-cash,0.02043560992586753,0.010926848658988717,-0.0009806199102701425,0.0418518397620052,0.061453285847898165,5171,
clean,high_mpc,q03a_fair_dist,distribution fairness,attitudes,medical-food,0.021487712470547336,0.01142869700151251,-0.0009121220426380923,0.04388754698373276,0.06008706784555329,5171,
clean,high_mpc,q03b_fair_opp,opportunity fairness,attitudes,level,-0.011440188993250448,0.0049419166003194575,-0.021126167544477208,-0.0017542104420236859,0.020616785425117502,5171,
clean,high_mpc,q03b_fair_opp,opportunity fairness,attitudes,food-cash,0.00795330662458061,0.01273910548335175,-0.017014881318045537,0.032921494567206756,0.5324159937464887,5171,
clean,high_mpc,q03b_fair_opp,opportunity fairness,attitudes,medical-cash,0.02364131639974494,0.01206266457564741,-1.0717261111174714e-06,0.047283704525601,0.050010386189702334,5171,
clean,high_mpc,q03b_fair_opp,opportunity fairness,attitudes,restricted-cash,0.015797311512162775,0.010985032423586564,-0.005732956407071634,0.03732757943139718,0.15041249080080477,5171,
clean,high_mpc,q03b_fair_opp,opportunity fairness,attitudes,medical-food,0.01568800977516433,0.011528296533837542,-0.0069070362342551934,0.03828305578458385,0.17356857046903928,5171,
clean,high_mpc,q03c_fair_rule,rule fairness,attitudes,level,-0.005216040867285715,0.004929328593583648,-0.014877347378673142,0.0044452656441017115,0.2899804212394409,5171,
clean,high_mpc,q03c_fair_rule,rule fairness,attitudes,food-cash,0.006445731029053877,0.012449895866166148,-0.017955616479905873,0.030847078538013627,0.6046440608496639,5171,
clean,high_mpc,q03c_fair_rule,rule fairness,attitudes,medical-cash,0.005360904017451821,0.012225155393873604,-0.018599960259946022,0.029321768294849664,0.661013591816465,5171,
clean,high_mpc,q03c_fair_rule,rule fairness,attitudes,restricted-cash,0.005903317523252849,0.01088364172023927,-0.01542822826905368,0.02723486331555938,0.5875410651199107,5171,
clean,high_mpc,q03c_fair_rule,rule fairness,attitudes,medical-food,-0.0010848270116020561,0.011622995938541167,-0.023865480443598066,0.021695826420393954,0.9256377906790839,5171,
clean,high_mpc,q04_trust_gov,institutional trust,attitudes,level,-0.00420856545841601,0.005046183059196425,-0.014098902513837153,0.005681771597005134,0.4042755357884772,5171,
clean,high_mpc,q04_trust_gov,institutional trust,attitudes,food-cash,0.003590238828349919,0.013050511124101515,-0.021988292954728386,0.029168770611428224,0.7832368674207473,5171,
clean,high_mpc,q04_trust_gov,institutional trust,attitudes,medical-cash,0.005004448674682668,0.01255508259849665,-0.019603061041296322,0.02961195839066166,0.6901883871158199,5171,
clean,high_mpc,q04_trust_gov,institutional trust,attitudes,restricted-cash,0.004297343751516294,0.011365374665483112,-0.017978381263634574,0.02657306876666716,0.7053500605166493,5171,
clean,high_mpc,q04_trust_gov,institutional trust,attitudes,medical-food,0.0014142098463327491,0.011798513218347484,-0.021710451132748082,0.024538870825413582,0.9045913621867153,5171,
clean,high_mpc,q05_trust_soc,generalized trust,attitudes,level,-0.006660765022610423,0.005071204282334407,-0.016600142774231153,0.003278612729010307,0.18903190599448183,5171,
clean,high_mpc,q05_trust_soc,generalized trust,attitudes,food-cash,0.0031335046057633705,0.013070656193599074,-0.02248451078799621,0.028751519999522947,0.8105350567801174,5171,
clean,high_mpc,q05_trust_soc,generalized trust,attitudes,medical-cash,0.028203113479278855,0.012193008936228473,0.004305255101096011,0.052100971857461695,0.020719555915929864,5171,
clean,high_mpc,q05_trust_soc,generalized trust,attitudes,restricted-cash,0.015668309042521113,0.011137834182371565,-0.006161444820706276,0.0374980629057485,0.15949725096696277,5171,
clean,high_mpc,q05_trust_soc,generalized trust,attitudes,medical-food,0.025069608873515482,0.011950633431095469,0.0016467977561280302,0.04849241999090294,0.03592599602119715,5171,
clean,high_mpc,q08_support,social support,attitudes,level,0.0028872265771219246,0.005154227956730505,-0.007214874586179337,0.012989327740423186,0.5753657765082896,5171,
clean,high_mpc,q08_support,social support,attitudes,food-cash,0.008973352325777385,0.013155540937472876,-0.01681103410881175,0.034757738760366516,0.49517774631941347,5171,
clean,high_mpc,q08_support,social support,attitudes,medical-cash,-0.000920330482953125,0.012607352352059545,-0.025630287033396173,0.02378962606748992,0.9418065112946612,5171,
clean,high_mpc,q08_support,social support,attitudes,restricted-cash,0.004026510921412129,0.011356489992922063,-0.018231800455504647,0.02628482229832891,0.7229222932157633,5171,
clean,high_mpc,q08_support,social support,attitudes,medical-food,-0.00989368280873051,0.012171594864094689,-0.033749570376768796,0.013962204759307775,0.4163039738397635,5171,
clean,high_mpc,q12_voice,voice/response,attitudes,level,-0.01052103325400843,0.0051731627784890885,-0.0206602459860102,-0.0003818205220066581,0.041974595821851285,5171,
clean,high_mpc,q12_voice,voice/response,attitudes,food-cash,0.0009202348407286939,0.013227985768935012,-0.025006140854392303,0.02684661053584969,0.9445380895698922,5171,
clean,high_mpc,q12_voice,voice/response,attitudes,medical-cash,0.015885785813473427,0.012502896371426908,-0.00861944077695984,0.04039101240390669,0.2038822126994162,5171,
clean,high_mpc,q12_voice,voice/response,attitudes,restricted-cash,0.00840301032710106,0.011272657742544361,-0.013690992858332477,0.030497013512534598,0.45601004089355557,5171,
clean,high_mpc,q12_voice,voice/response,attitudes,medical-food,0.014965550972744733,0.012422270325242216,-0.009381651470950672,0.03931275341644014,0.2283053981734371,5171,
clean,high_mpc,q16_fut_society,national outlook,attitudes,level,0.00038278052278809503,0.005146633767221381,-0.009704436302583512,0.010469997348159702,0.9407120570273904,5171,
clean,high_mpc,q16_fut_society,national outlook,attitudes,food-cash,0.010124325585518176,0.012718051857104729,-0.014802598007919842,0.03505124917895619,0.4259974717624605,5171,
clean,high_mpc,q16_fut_society,national outlook,attitudes,medical-cash,0.0023159540268272195,0.012560395536297448,-0.022301968855893434,0.026933876909547873,0.8537110931084739,5171,
clean,high_mpc,q16_fut_society,national outlook,attitudes,restricted-cash,0.006220139806172698,0.010980465032653215,-0.015301176191329032,0.027741455803674427,0.5710721066188861,5171,
clean,high_mpc,q16_fut_society,national outlook,attitudes,medical-food,-0.007808371558690956,0.012519676864967874,-0.03234648731210732,0.01672974419472541,0.532832540312415,5171,
clean,high_mpc,q17d_fut_fair,fairness outlook,attitudes,level,-0.009445254022252107,0.005054224928229292,-0.01935135285134606,0.000460844806841847,0.06165288983116577,5171,
clean,high_mpc,q17d_fut_fair,fairness outlook,attitudes,food-cash,0.021929312002183524,0.0128201681191644,-0.0031977557871273043,0.04705637979149435,0.08716748090191183,5171,
clean,high_mpc,q17d_fut_fair,fairness outlook,attitudes,medical-cash,0.030656914755467578,0.012247765506475845,0.0066517354716829485,0.05466209403925221,0.012312402056129719,5171,
clean,high_mpc,q17d_fut_fair,fairness outlook,attitudes,restricted-cash,0.02629311337882555,0.011016708458337725,0.0047007615723058255,0.047885465185345276,0.017002308084642207,5171,
clean,high_mpc,q17d_fut_fair,fairness outlook,attitudes,medical-food,0.008727602753284054,0.011969021680424744,-0.014731248670527521,0.03218645417709563,0.4658899526434578,5171,
clean,high_mpc,q21_order,social order,attitudes,level,0.006325552351878293,0.004974633007900243,-0.0034245491799103417,0.016075653883666927,0.20352892447947446,5171,
clean,high_mpc,q21_order,social order,attitudes,food-cash,0.0012338970815309646,0.012640451460356918,-0.023540932529095327,0.026008726692157254,0.9222380500402141,5171,
clean,high_mpc,q21_order,social order,attitudes,medical-cash,0.00603362493528995,0.012152394538081977,-0.01778463068527199,0.029851880555851893,0.619543948297048,5171,
clean,high_mpc,q21_order,social order,attitudes,restricted-cash,0.0036337610084104573,0.010907104131356675,-0.017743770264676655,0.025011292281497573,0.7390169569424212,5171,
clean,high_mpc,q21_order,social order,attitudes,medical-food,0.0047997278537589855,0.011792528572475744,-0.01831320343495301,0.02791265914247098,0.6839974797011232,5171,
clean,high_mpc,q22_vitality,social vitality,attitudes,level,0.002650732268008828,0.005064455479512898,-0.007275418073142982,0.012576882609160638,0.6006964366103973,5171,
clean,high_mpc,q22_vitality,social vitality,attitudes,food-cash,-0.004209962590915443,0.012978361658582628,-0.029647084020072916,0.02122715883824203,0.7456479310162674,5171,
clean,high_mpc,q22_vitality,social vitality,attitudes,medical-cash,-3.760992244466251e-05,0.012234708011195089,-0.024017196985750708,0.02394197714086138,0.9975472786794303,5171,
clean,high_mpc,q22_vitality,social vitality,attitudes,restricted-cash,-0.0021237862566800525,0.011068153505193634,-0.023816968502220332,0.01956939598886023,0.8478341542812088,5171,
clean,high_mpc,q22_vitality,social vitality,attitudes,medical-food,0.00417235266847078,0.012092800124959367,-0.019529100048691045,0.027873805385632604,0.7300734434903222,5171,
