domain,encoded_predictor,context,row_type,standardized_coef,lo,p10,p25,p50,p75,p90,hi,pooled_coef,fixed_display_subset,bootstrap_B
demographics_exposure,q42_age,cash,form,0.0014826842,-0.013948423904366791,-0.009301947709172963,-0.004509701626375318,0.0009545625362079591,0.007732698228210211,0.01087028849869967,0.01719316714443266,-0.002128444,False,300
demographics_exposure,q42_age,food,form,0.0028639392,-0.010903081041760743,-0.006391382450237869,-0.0018581636250019073,0.0019257419626228511,0.006816793465986848,0.010903785098344105,0.016713490011170503,-0.002128444,False,300
demographics_exposure,q42_age,medical,form,-0.010523463,-0.023581740213558078,-0.019360834918916225,-0.015411373926326632,-0.010802681092172861,-0.006614626501686871,-0.002602030616253614,0.0024824187334161222,-0.002128444,False,300
demographics_exposure,q42_age,cash-food,difference,-0.001381255,-0.02091477098874748,-0.014584380015730859,-0.00794853875413537,0.00011305643420200795,0.006122636375948787,0.012659786082804212,0.01934116533957419,-0.002128444,False,300
demographics_exposure,q42_age,cash-medical,difference,0.012006147,-0.007219030777923762,-8.988960180431556e-05,0.00546534510795027,0.011562401428818703,0.018634069710969925,0.025062434375286102,0.031645725015550845,-0.002128444,False,300
demographics_exposure,q42_age,food-medical,difference,0.013387402,-0.004656689881812781,0.0009948186110705147,0.0071997204795479774,0.012930518016219139,0.019350009504705667,0.025069361552596096,0.03332238662987944,-0.002128444,False,300
security_pressure,q06_socsec,cash,form,-0.011164336,-0.03630196703597903,-0.026988978497684002,-0.02081891754642129,-0.011298047378659248,-0.001786031702067703,0.004015832440927629,0.015484338998794539,-0.008913421,True,300
security_pressure,q06_socsec,food,form,-0.005777253,-0.028728833701461554,-0.0211725577712059,-0.014565300429239869,-0.005248175235465169,0.0028709012549370527,0.011388313770294194,0.018884429568424812,-0.008913421,True,300
security_pressure,q06_socsec,medical,form,-0.004616227,-0.028526320401579142,-0.020197035931050777,-0.012270918814465404,-0.005587944993749261,0.0022060396731831133,0.009320875536650425,0.017116298759356136,-0.008913421,True,300
security_pressure,q06_socsec,cash-food,difference,-0.0053870836,-0.04089890383183956,-0.028810747154057025,-0.019118319265544415,-0.004553999286144972,0.0065167625434696674,0.01708938237279655,0.025151873379945747,-0.008913421,True,300
security_pressure,q06_socsec,cash-medical,difference,-0.0065481095,-0.03699394864961505,-0.02685342524200678,-0.017780248541384935,-0.0067826686426997185,0.005599309457466006,0.015276118181645874,0.02863075584173197,-0.008913421,True,300
security_pressure,q06_socsec,food-medical,difference,-0.0011610258,-0.02899622553959489,-0.021145449206233024,-0.01177623332478106,-0.0005812065210193396,0.010782632511109114,0.022010491415858275,0.030926769971847526,-0.008913421,True,300
liquidity,q07_emergfund,cash,form,-0.0039550154,-0.02739944765344262,-0.017955495044589043,-0.011454122373834252,-0.0022151345619931817,0.005852558882907033,0.012992021255195146,0.01998892049305141,0.00062083424,False,300
liquidity,q07_emergfund,food,form,0.0018261025,-0.021028580190613867,-0.012009845953434706,-0.006341588799841702,0.0013674435904249549,0.00986556801944971,0.014555862545967104,0.020939787058159697,0.00062083424,False,300
liquidity,q07_emergfund,medical,form,0.0040034167,-0.014681005594320595,-0.008201888669282198,-0.002671759983059019,0.0038318465230986476,0.010921847308054566,0.01820907015353441,0.022482340363785616,0.00062083424,False,300
liquidity,q07_emergfund,cash-food,difference,-0.005781118,-0.035810825135558846,-0.02634397782385349,-0.016643103677779436,-0.003655319567769766,0.008214979898184538,0.017777903378009798,0.02752292742952702,0.00062083424,False,300
liquidity,q07_emergfund,cash-medical,difference,-0.007958433,-0.03757466217502951,-0.02766139842569828,-0.017970704473555088,-0.006590805249288678,0.004104048013687134,0.011946327518671756,0.0210173106752336,0.00062083424,False,300
liquidity,q07_emergfund,food-medical,difference,-0.0021773144,-0.03266638061031699,-0.02245481386780739,-0.013174248626455665,-0.0037287172162905335,0.0073292485903948545,0.01707868929952384,0.025922574289143078,0.00062083424,False,300
security_pressure,q09_gain,cash,form,0.021395013,-0.006344431173056364,0.0016251836786977958,0.012260486371815205,0.021693669259548187,0.029842150397598743,0.03851084560155869,0.04752733819186682,0.01115775,True,300
security_pressure,q09_gain,food,form,0.0076596537,-0.01782763674855232,-0.010249010380357504,-0.00016800434968899935,0.007818059530109167,0.01710286783054471,0.026404012180864814,0.03810568889603018,0.01115775,True,300
security_pressure,q09_gain,medical,form,0.008107026,-0.016098509123548866,-0.007589344913139939,-0.0009301118552684784,0.008001312613487244,0.016254127025604248,0.023345895670354368,0.030611282167956184,0.01115775,True,300
security_pressure,q09_gain,cash-food,difference,0.01373536,-0.02467517936602235,-0.014171027857810256,-0.0011849978473037481,0.013151190243661404,0.02740089502185583,0.037492533028125774,0.05077196033671493,0.01115775,True,300
security_pressure,q09_gain,cash-medical,difference,0.013287987,-0.021868879441171885,-0.009994809329509734,-0.0004667094981414266,0.012112841475754976,0.0251843580044806,0.036986025422811514,0.05094137471169232,0.01115775,True,300
security_pressure,q09_gain,food-medical,difference,-0.00044737244,-0.03582557803019881,-0.022717012278735637,-0.012240275042131543,0.000819434761069715,0.012288994388654828,0.024322773702442676,0.036618164740502834,0.01115775,True,300
security_pressure,q10_effort,cash,form,-0.0022369295,-0.03267510943114758,-0.02053143586963415,-0.011956244939938188,-0.0015400968259200454,0.006336984573863447,0.015011347830295585,0.025009354157373303,-0.00722532,True,300
security_pressure,q10_effort,food,form,-0.012758344,-0.03912288350984454,-0.0279390599578619,-0.0201783268712461,-0.011622447986155748,-0.002861804619897157,0.0029888464370742512,0.013542967406101484,-0.00722532,True,300
security_pressure,q10_effort,medical,form,-0.010821444,-0.031316054379567505,-0.02509014345705509,-0.01941691990941763,-0.010407726746052504,-0.002788701851386577,0.0035795364994555797,0.011925113433971993,-0.00722532,True,300
security_pressure,q10_effort,cash-food,difference,0.010521415,-0.027967834379523993,-0.014340473152697085,-0.0038503160467371345,0.008923791348934174,0.021158454474061728,0.03224185220897198,0.04391004405915737,-0.00722532,True,300
security_pressure,q10_effort,cash-medical,difference,0.008584514,-0.027003568597137928,-0.015388215985149145,-0.004894739482551813,0.008617766201496124,0.021761465817689896,0.030182156898081305,0.04503367096185679,-0.00722532,True,300
security_pressure,q10_effort,food-medical,difference,-0.0019369004,-0.034931890293955804,-0.0233623631298542,-0.011835698271170259,0.00010928278788924217,0.010275682900100946,0.019317078404128555,0.0317294991575181,-0.00722532,True,300
security_pressure,q11_mobility,cash,form,-0.03283969,-0.05954341320320963,-0.04899406433105469,-0.04160749167203903,-0.031158990226686,-0.021974831353873014,-0.014115016162395475,-0.004693493526428943,-0.014202364,True,300
security_pressure,q11_mobility,food,form,-0.024886146,-0.04808446587994695,-0.04204118326306343,-0.03554434049874544,-0.026147929020226002,-0.01675003906711936,-0.00980393029749393,-0.001773343470995319,-0.014202364,True,300
security_pressure,q11_mobility,medical,form,9.698365e-05,-0.02179029742255807,-0.013724853936582801,-0.0069660787703469396,-7.680909766349941e-05,0.007110467180609703,0.01350409155711532,0.02102826610207557,-0.014202364,True,300
security_pressure,q11_mobility,cash-food,difference,-0.007953543,-0.04510178733617067,-0.03164108358323574,-0.0189875615760684,-0.005871344357728958,0.009319887962192297,0.019901804439723496,0.026595413358882065,-0.014202364,True,300
security_pressure,q11_mobility,cash-medical,difference,-0.032936674,-0.06589207723736763,-0.054570088908076284,-0.04479516018182039,-0.03153804875910282,-0.019480957183986902,-0.008958938624709839,0.002154342015273867,-0.014202364,True,300
security_pressure,q11_mobility,food-medical,difference,-0.02498313,-0.060928055271506305,-0.047368249669671056,-0.03822092432528734,-0.02540581114590168,-0.013742521870881319,-0.0036982567515224185,0.005597503727767561,-0.014202364,True,300
security_pressure,q13_pressure,cash,form,-0.008102511,-0.03219074523076415,-0.021526982076466084,-0.01566854235716164,-0.006596757331863046,0.000529114346136339,0.00743684279732407,0.016801783395931115,0.0035963056,False,300
security_pressure,q13_pressure,food,form,0.002705948,-0.02262678402476013,-0.014002722594887017,-0.0064075186382979155,0.0036598026053979993,0.011338163167238235,0.018076657503843314,0.027754923608154014,0.0035963056,False,300
security_pressure,q13_pressure,medical,form,0.026374465,0.005551932554226369,0.01389386160299182,0.019794059917330742,0.027318677864968777,0.0346258245408535,0.04098067730665207,0.04695040639489888,0.0035963056,False,300
security_pressure,q13_pressure,cash-food,difference,-0.010808459,-0.042858485318720344,-0.031548166275024415,-0.021625769324600697,-0.009167854208499193,0.0004569100055960007,0.008924795221537355,0.022279767179861656,0.0035963056,False,300
security_pressure,q13_pressure,cash-medical,difference,-0.034476977,-0.06475245971232653,-0.052797022834420206,-0.04613903630524874,-0.03498362936079502,-0.024126690346747637,-0.013290106970816845,-0.004157461610157084,0.0035963056,False,300
security_pressure,q13_pressure,food-medical,difference,-0.023668516,-0.055254417937248945,-0.044956729933619495,-0.03613029047846794,-0.024368670769035816,-0.013366618426516652,-0.004600751027464856,0.008979144273325778,0.0035963056,False,300
expectations,q15_fut_self,cash,form,-0.0019911327,-0.026984885660931466,-0.01802052017301321,-0.010516277980059385,-0.0010322154266759753,0.007155683706514537,0.015170113276690251,0.022229852015152558,-0.0048606945,False,300
expectations,q15_fut_self,food,form,-0.0042688423,-0.030611472390592098,-0.02255115006119013,-0.012420481070876122,-0.003917689551599324,0.004547635326161981,0.012079828325659039,0.020055736787617205,-0.0048606945,False,300
expectations,q15_fut_self,medical,form,-0.005930316,-0.022876885114237668,-0.017517929151654243,-0.01218841434456408,-0.006156898802146316,0.0011667904909700155,0.009742847457528115,0.017408072575926768,-0.0048606945,False,300
expectations,q15_fut_self,cash-food,difference,0.0022777095,-0.03526200139895081,-0.022773484885692596,-0.010092661483213305,0.0034442925825715065,0.015725150238722563,0.02841705847531558,0.04180111391469833,-0.0048606945,False,300
expectations,q15_fut_self,cash-medical,difference,0.0039391834,-0.027866570744663477,-0.017143761925399303,-0.007427948177792132,0.004022522596642375,0.014840940712019801,0.0245963964611292,0.03640707936137913,-0.0048606945,False,300
expectations,q15_fut_self,food-medical,difference,0.0016614739,-0.03219987759366631,-0.020602175593376158,-0.009019352495670319,0.00044995383359491825,0.01159553905017674,0.02133115455508233,0.02949495040811593,-0.0048606945,False,300
expectations,q17a_fut_econ,cash,form,-0.0032382011,-0.029207551293075083,-0.019125350937247276,-0.011575618293136358,-0.0033775923075154424,0.005338708404451609,0.015513766743242743,0.022720343945547866,-0.0055627017,False,300
expectations,q17a_fut_econ,food,form,0.0045569995,-0.02056835531257093,-0.011297570168972015,-0.005166492075659335,0.003471383242867887,0.012712311930954456,0.02105612140148878,0.03279609000310294,-0.0055627017,False,300
expectations,q17a_fut_econ,medical,form,-0.019480497,-0.04329710686579347,-0.03639687709510326,-0.029993286356329918,-0.020390352234244347,-0.011530597228556871,-0.004404408251866689,0.005671295535284999,-0.0055627017,False,300
expectations,q17a_fut_econ,cash-food,difference,-0.0077952007,-0.04020150760188699,-0.03218959346413612,-0.018053269013762474,-0.007521036546677351,0.003452893579378724,0.013686096481978896,0.02651392384432256,-0.0055627017,False,300
expectations,q17a_fut_econ,cash-medical,difference,0.016242296,-0.0203854673076421,-0.008590680081397295,0.005058841314166784,0.017896966077387333,0.02970502758398652,0.04105455167591573,0.05064214430749416,-0.0055627017,False,300
expectations,q17a_fut_econ,food-medical,difference,0.024037495,-0.011350235622376203,0.0023270186968147757,0.012946400325745344,0.023586343973875046,0.03623763658106327,0.04861714392900467,0.06331859603524208,-0.0055627017,False,300
expectations,q17b_fut_job,cash,form,-0.013297463,-0.04033058537170291,-0.029453444480895995,-0.021518900524824858,-0.012589721940457821,-0.004061231040395796,0.004321508528664716,0.014594527380540963,-0.012811091,True,300
expectations,q17b_fut_job,food,form,-0.015607756,-0.041347870137542486,-0.032723572477698325,-0.02387604210525751,-0.015126870479434729,-0.0064195923041552305,0.001377343526110062,0.010755805671215026,-0.012811091,True,300
expectations,q17b_fut_job,medical,form,0.0046833167,-0.016289743361994624,-0.009132911544293165,-0.0019042544008698314,0.004932001233100891,0.011263921158388257,0.018470137007534505,0.02546359892003237,-0.012811091,True,300
expectations,q17b_fut_job,cash-food,difference,0.0023102928,-0.03405143031850457,-0.0219738082960248,-0.010117018595337868,0.0024949819780886173,0.014897945802658796,0.027134909480810182,0.04059688383713362,-0.012811091,True,300
expectations,q17b_fut_job,cash-medical,difference,-0.01798078,-0.055325068160891534,-0.04011472016572952,-0.029389506205916405,-0.017598182894289494,-0.005601060343906283,0.006865798169747001,0.014952279394492495,-0.012811091,True,300
expectations,q17b_fut_job,food-medical,difference,-0.020291071,-0.051208020001649854,-0.04186861701309681,-0.03213051240891218,-0.02037955354899168,-0.007777502876706421,0.0011005150619894355,0.011940257064998142,-0.012811091,True,300
expectations,q17c_fut_price,cash,form,-0.021861268,-0.04344803746789694,-0.03679397404193878,-0.02804454881697893,-0.02011100109666586,-0.011381367454305291,-0.004835992399603126,0.002353911509271694,-0.0010242525,False,300
expectations,q17c_fut_price,food,form,0.00042697505,-0.025233820267021655,-0.01726165246218443,-0.009493772871792316,-0.0009878588316496462,0.008062665117904544,0.015533439815044405,0.020646001351997248,-0.0010242525,False,300
expectations,q17c_fut_price,medical,form,0.016123822,-0.007825345103628933,0.0017914910335093744,0.008034154307097197,0.015867138281464577,0.023856901563704014,0.0313961498439312,0.03964562704786653,-0.0010242525,False,300
expectations,q17c_fut_price,cash-food,difference,-0.022288242,-0.051567093655467036,-0.042365143075585365,-0.03163654636591673,-0.019700326956808567,-0.0062775114784017205,0.0037080576643347793,0.014884100435301657,-0.0010242525,False,300
expectations,q17c_fut_price,cash-medical,difference,-0.03798509,-0.07407976500689983,-0.05691952109336853,-0.04703561216592789,-0.034880027174949646,-0.024073181673884392,-0.014946172479540108,-0.004934546700678775,-0.0010242525,False,300
expectations,q17c_fut_price,food-medical,difference,-0.015696848,-0.04692432750016451,-0.03993490785360336,-0.028451019432395697,-0.01662538666278124,-0.003938028123229742,0.0036936195567250367,0.014710935181938098,-0.0010242525,False,300
expectations,q17e_fut_welfare,cash,form,-1.6855e-05,-0.02632431578822434,-0.017309664748609063,-0.009195551043376327,0.0007475329039152712,0.008378836093470454,0.014271895494312055,0.021082959556952115,0.0126335025,True,300
expectations,q17e_fut_welfare,food,form,0.027941398,0.0032874195487238465,0.010698757693171503,0.021302323788404465,0.0289694145321846,0.03621281683444977,0.044523896649479866,0.05024053156375885,0.0126335025,True,300
expectations,q17e_fut_welfare,medical,form,0.0026225545,-0.02187590505927801,-0.011402871459722519,-0.0038501497474499047,0.0034777713008224964,0.011234463658183813,0.016628930531442165,0.024515369255095714,0.0126335025,True,300
expectations,q17e_fut_welfare,cash-food,difference,-0.027958253,-0.06334493104368448,-0.05070501156151295,-0.041810053400695324,-0.02884593978524208,-0.016895305830985308,-0.006293174996972082,0.007704351097345352,0.0126335025,True,300
expectations,q17e_fut_welfare,cash-medical,difference,-0.0026394096,-0.03794641671702266,-0.025649341754615307,-0.014485462801530957,-0.003855307586491108,0.008150206413120031,0.018288149125874054,0.030104949139058576,0.0126335025,True,300
expectations,q17e_fut_welfare,food-medical,difference,0.025318844,-0.009499152167700229,0.0018419517204165462,0.014828699175268412,0.025320659391582012,0.036236039362847805,0.04702761322259903,0.059954160358756774,0.0126335025,True,300
security_pressure,q18_ses_now,cash,form,0.0028473674,-0.021703418996185064,-0.014061623625457285,-0.005981669528409839,0.00266137917060405,0.010895189829170704,0.019084230624139314,0.027892427332699286,-0.008546379,True,300
security_pressure,q18_ses_now,food,form,-0.009399861,-0.03351134154945612,-0.026033432222902775,-0.01812844118103385,-0.008299826178699732,0.002491384162567556,0.008380836807191391,0.02095052781514822,-0.008546379,True,300
security_pressure,q18_ses_now,medical,form,-0.022252917,-0.04464688813313842,-0.035421254485845564,-0.030719521455466747,-0.021010885946452618,-0.013959049014374614,-0.006095849210396377,0.001105403115798245,-0.008546379,True,300
security_pressure,q18_ses_now,cash-food,difference,0.012247229,-0.026432428415864705,-0.014585536066442728,-0.0007166228024289012,0.009532594587653875,0.02360017690807581,0.03588557988405229,0.04712969809770583,-0.008546379,True,300
security_pressure,q18_ses_now,cash-medical,difference,0.025100285,-0.01040820381604135,0.0011633074842393404,0.012354856356978416,0.02428948786109686,0.03519141022115946,0.044776930287480365,0.05602322295308113,-0.008546379,True,300
security_pressure,q18_ses_now,food-medical,difference,0.012853056,-0.021805916540324686,-0.008797954395413398,0.0008886019350029528,0.01285577192902565,0.02498645195737481,0.037523736059665684,0.04479891387745737,-0.008546379,True,300
security_pressure,q19_ses_past5,cash,form,-0.01149814,-0.0390298985876143,-0.029730223678052423,-0.021155941300094128,-0.012094609439373016,-0.004590698750689626,0.003157188231125475,0.009921462717466056,-0.0051375264,False,300
security_pressure,q19_ses_past5,food,form,-0.0060611307,-0.03299187980592251,-0.02229240499436855,-0.015517148189246655,-0.006521790288388729,0.0020577172399498522,0.008744579553604132,0.01556109737139195,-0.0051375264,False,300
security_pressure,q19_ses_past5,medical,form,-0.0016597419,-0.023281771782785655,-0.015866334922611712,-0.008984902640804648,-0.0020388810080476105,0.005828582565300167,0.011251525301486254,0.017670014314353454,-0.0051375264,False,300
security_pressure,q19_ses_past5,cash-food,difference,-0.0054370095,-0.03830651957541704,-0.029084348306059837,-0.01758511969819665,-0.0056249904446303844,0.006777552887797356,0.016568742319941543,0.028206342225894295,-0.0051375264,False,300
security_pressure,q19_ses_past5,cash-medical,difference,-0.009838399,-0.04689752031117678,-0.03138423152267933,-0.021768375299870968,-0.011147742159664631,0.0010210280888713896,0.011784071754664189,0.019777054572477935,-0.0051375264,False,300
security_pressure,q19_ses_past5,food-medical,difference,-0.0044013886,-0.03456865483894944,-0.025128494575619695,-0.01719794701784849,-0.004880258580669761,0.005768368486315012,0.014899976179003722,0.02354896343313154,-0.0051375264,False,300
expectations,q20_ses_next1,cash,form,-0.0122562805,-0.038865255750715734,-0.02929985523223877,-0.020251044537872076,-0.012100407853722572,-0.0037950394907966256,0.002279180474579338,0.015116498130373645,-0.015150811,True,300
expectations,q20_ses_next1,food,form,-0.0212739,-0.044589975569397214,-0.0364735409617424,-0.029040458612143993,-0.021441415883600712,-0.012064236449077725,-0.005162734817713489,0.0013496518455212631,-0.015150811,True,300
expectations,q20_ses_next1,medical,form,-0.013870518,-0.032537696044892074,-0.026793935522437095,-0.021524823270738125,-0.013314263429492712,-0.006200159201398492,0.0011377294897101941,0.0072358362725935595,-0.015150811,True,300
expectations,q20_ses_next1,cash-food,difference,0.009017619,-0.02583665894344449,-0.015548864193260669,-0.0023062732070684433,0.010555590968579054,0.02027918817475438,0.02939111609011889,0.0438223993405699,-0.015150811,True,300
expectations,q20_ses_next1,cash-medical,difference,0.0016142372,-0.03364630686119199,-0.020570782013237476,-0.010826316429302096,0.0011185889597982168,0.011903377715498209,0.022655575722455985,0.03160422034561634,-0.015150811,True,300
expectations,q20_ses_next1,food-medical,difference,-0.007403382,-0.03851776709780097,-0.028342800214886665,-0.018788374960422516,-0.007357759401202202,0.002530347555875778,0.013045119121670725,0.0231078242883086,-0.015150811,True,300
social_wellbeing,q01_lifesat,cash,form,-0.015846629,-0.03833670476451516,-0.03295233733952045,-0.024581759236752987,-0.015790334902703762,-0.006639251369051635,-0.0006500649848021533,0.0072231948026455755,-0.0061766393,False,300
social_wellbeing,q01_lifesat,food,form,-9.564212e-05,-0.021659660758450626,-0.014489620085805654,-0.007412924082018435,0.0004156565119046718,0.007567981840111315,0.014390740729868417,0.02550174947828053,-0.0061766393,False,300
social_wellbeing,q01_lifesat,medical,form,-0.006699653,-0.025388496508821846,-0.019303837418556215,-0.012104299385100603,-0.005798542173579335,0.0009248059359379113,0.006386748002842071,0.012284528464078901,-0.0061766393,False,300
social_wellbeing,q01_lifesat,cash-food,difference,-0.015750987,-0.048665551841259,-0.03793793506920338,-0.026674299966543913,-0.015952405519783497,-0.004904777393676341,0.004075122904032473,0.018765870295464965,-0.0061766393,False,300
social_wellbeing,q01_lifesat,cash-medical,difference,-0.009146975,-0.039536615181714294,-0.0291448175907135,-0.020945318043231964,-0.009612678084522486,0.0005758974584750831,0.010592717956751586,0.022417625598609443,-0.0061766393,False,300
social_wellbeing,q01_lifesat,food-medical,difference,0.0066040107,-0.022256994666531683,-0.012813428789377211,-0.0046651666052639484,0.005432535894215107,0.015812473371624947,0.025805928185582173,0.03871385874226689,-0.0061766393,False,300
social_wellbeing,q02_safety,cash,form,0.004102606,-0.014329971862025559,-0.007656278042122721,-0.0025116928736679256,0.004223722731694579,0.010494126239791512,0.01651087272912264,0.021248619491234418,0.0045878734,False,300
social_wellbeing,q02_safety,food,form,0.012362652,-0.002883713494520634,0.0015928952139802278,0.005920474999584258,0.011229448951780796,0.016674713231623173,0.022541652992367756,0.028107250574976192,0.0045878734,False,300
social_wellbeing,q02_safety,medical,form,-0.0032627825,-0.018655483704060317,-0.013791568204760551,-0.00864505977369845,-0.003292592358775437,0.0025941060157492757,0.007311123423278334,0.011186970211565488,0.0045878734,False,300
social_wellbeing,q02_safety,cash-food,difference,-0.008260047,-0.0315725683234632,-0.023338570818305017,-0.016122418455779552,-0.007560437079519033,0.0006646019755862653,0.0077814077492803346,0.017307781474664805,0.0045878734,False,300
social_wellbeing,q02_safety,cash-medical,difference,0.0073653883,-0.016431262949481606,-0.008438052795827388,0.0007148111326387152,0.006736650364473462,0.014660644577816129,0.022641165740787984,0.029902701126411555,0.0045878734,False,300
social_wellbeing,q02_safety,food-medical,difference,0.015625436,-0.006933508580550551,-0.0013136036228388547,0.0061903324676677585,0.014983368571847677,0.022709679789841175,0.029959405213594446,0.03990085842087862,0.0045878734,False,300
social_wellbeing,q03a_fair_dist,cash,form,0.0011533555,-0.025585300475358962,-0.020268033631145953,-0.010064156260341406,0.0002529778575990349,0.009768775897100568,0.01597786694765091,0.02942489869892597,0.0058479835,False,300
social_wellbeing,q03a_fair_dist,food,form,-0.007387755,-0.03662925269454718,-0.02809253167361021,-0.019088055938482285,-0.007293768227100372,0.0021322848624549806,0.00854143612086774,0.01995769985951482,0.0058479835,False,300
social_wellbeing,q03a_fair_dist,medical,form,0.02629403,0.007242395146749914,0.013503484427928925,0.01876444136723876,0.026548055931925774,0.03314442466944456,0.03982856646180153,0.05142339300364254,0.0058479835,False,300
social_wellbeing,q03a_fair_dist,cash-food,difference,0.008541111,-0.027244161209091542,-0.017101484537124633,-0.007596146431751549,0.009020145516842604,0.022382088005542755,0.03627787530422211,0.049007079284638155,0.0058479835,False,300
social_wellbeing,q03a_fair_dist,cash-medical,difference,-0.025140675,-0.05955071793869138,-0.04900327958166599,-0.038915859535336494,-0.026739212684333324,-0.013497836655005813,-0.004633913375437259,0.00574823357164857,0.0058479835,False,300
social_wellbeing,q03a_fair_dist,food-medical,difference,-0.033681784,-0.06883173901587725,-0.059521154314279553,-0.04761777073144913,-0.03520099259912968,-0.02089877100661397,-0.01425306405872106,0.0016580504365265346,0.0058479835,False,300
social_wellbeing,q03b_fair_opp,cash,form,0.00068883406,-0.023110561585053802,-0.01509683234617114,-0.006369509734213352,0.0014478776138275862,0.00930438912473619,0.017179005593061448,0.02578015285544094,-0.0007579879,False,300
social_wellbeing,q03b_fair_opp,food,form,0.0005834427,-0.025213460624217986,-0.017994364723563194,-0.009668318089097738,0.000295499645289965,0.01068680128082633,0.019241455197334292,0.028428755234926894,-0.0007579879,False,300
social_wellbeing,q03b_fair_opp,medical,form,-0.0043132585,-0.030370426177978516,-0.02111182678490877,-0.012437941040843725,-0.004182221833616495,0.0048185751074925065,0.0111912121064961,0.017124967975541947,-0.0007579879,False,300
social_wellbeing,q03b_fair_opp,cash-food,difference,0.00010539137,-0.03792699193581939,-0.023410442098975182,-0.012189839268103242,0.001316019450314343,0.014009749051183462,0.024700771272182488,0.03817874928936356,-0.0007579879,False,300
social_wellbeing,q03b_fair_opp,cash-medical,difference,0.0050020926,-0.026391922309994698,-0.01464232737198472,-0.0053438423201441765,0.00561699247919023,0.017641592770814896,0.02899952158331872,0.03802852062508463,-0.0007579879,False,300
social_wellbeing,q03b_fair_opp,food-medical,difference,0.0048967013,-0.02613068469800055,-0.017975734546780586,-0.009120419388636947,0.003976799547672272,0.019421083386987448,0.02871575485914947,0.04209950529038899,-0.0007579879,False,300
social_wellbeing,q03c_fair_rule,cash,form,0.011543781,-0.011734392121434211,-0.005821598786860703,0.003032014472410083,0.01075353380292654,0.01838081842288375,0.025640677474439145,0.03134925295598804,-0.0016106636,False,300
social_wellbeing,q03c_fair_rule,food,form,0.004573041,-0.02125396877527237,-0.011992004048079251,-0.0039579515578225255,0.005223616724833846,0.0152255033608526,0.023209205269813547,0.03221974670886993,-0.0016106636,False,300
social_wellbeing,q03c_fair_rule,medical,form,-0.018358922,-0.04046955294907093,-0.032626401633024216,-0.026346519123762846,-0.018627576529979706,-0.011473157675936818,-0.0036132716340944015,0.0050073148333467515,-0.0016106636,False,300
social_wellbeing,q03c_fair_rule,cash-food,difference,0.0069707395,-0.030718364007771014,-0.019360683113336562,-0.007588314940221608,0.0054029920138418674,0.017672686837613583,0.02912186775356532,0.03653733795508741,-0.0016106636,False,300
social_wellbeing,q03c_fair_rule,cash-medical,difference,0.029902702,-0.0021765379002317785,0.009201084636151793,0.017872935626655817,0.029176277108490467,0.04141105618327856,0.049707413464784626,0.05739660374820232,-0.0016106636,False,300
social_wellbeing,q03c_fair_rule,food-medical,difference,0.022931963,-0.01091469768434763,-0.00020120856352150436,0.01212167227640748,0.0227959668263793,0.03723656479269266,0.04627757743000984,0.060568109340965716,-0.0016106636,False,300
social_wellbeing,q04_trust_gov,cash,form,-0.008048534,-0.033708665519952774,-0.023766248673200607,-0.015978178940713406,-0.007429934572428465,0.0011106349702458829,0.007887845300137999,0.013987018540501581,-0.0069526196,False,300
social_wellbeing,q04_trust_gov,food,form,-0.011055256,-0.03778709731996059,-0.027557904832065105,-0.018201525323092937,-0.00959680788218975,-0.0019587835122365505,0.0056306743994355285,0.01182416765950619,-0.0069526196,False,300
social_wellbeing,q04_trust_gov,medical,form,-0.013280937,-0.036861995607614516,-0.0271423052996397,-0.020748439710587263,-0.013221629429608583,-0.006592143909074366,0.001621010340750225,0.007816583185922347,-0.0069526196,False,300
social_wellbeing,q04_trust_gov,cash-food,difference,0.0030067218,-0.032536106463521716,-0.020240421779453753,-0.009518283884972334,0.0016410485841333866,0.015827782917767763,0.0262193150818348,0.04028743598610161,-0.0069526196,False,300
social_wellbeing,q04_trust_gov,cash-medical,difference,0.005232403,-0.028523098630830645,-0.017982205003499983,-0.005418719258159399,0.006352821132168174,0.01680003898218274,0.0271683692932129,0.03555118897929786,-0.0069526196,False,300
social_wellbeing,q04_trust_gov,food-medical,difference,0.0022256812,-0.03227704493328929,-0.019926278665661813,-0.008466246305033565,0.0022071730345487595,0.015602681552991271,0.02587496154010296,0.03368303524330258,-0.0069526196,False,300
social_wellbeing,q05_trust_soc,cash,form,-0.01153846,-0.036430077720433475,-0.029012972861528395,-0.020959568675607443,-0.012195614166557789,-0.0011890908353962004,0.006199203012511138,0.011282476363703595,0.0034739755,False,300
social_wellbeing,q05_trust_soc,food,form,-0.008463491,-0.030323401419445874,-0.02322461660951376,-0.01586542185395956,-0.00811208039522171,0.0010871492850128561,0.008335467893630271,0.019004585687071078,0.0034739755,False,300
social_wellbeing,q05_trust_soc,medical,form,0.032302637,0.011384946131147445,0.018634345196187497,0.025010438170284033,0.031232871115207672,0.037878492847085,0.04509616605937481,0.05269872630015014,0.0034739755,False,300
social_wellbeing,q05_trust_soc,cash-food,difference,-0.0030749692,-0.03928257692605257,-0.029640128649771214,-0.01692870259284973,-0.003392544575035572,0.008350015617907047,0.019687509350478683,0.029204044165089715,0.0034739755,False,300
social_wellbeing,q05_trust_soc,cash-medical,difference,-0.043841098,-0.0747347230091691,-0.06483381465077401,-0.05604459811002016,-0.043302442878484726,-0.03225651942193508,-0.02232213392853737,-0.009202970424667003,0.0034739755,False,300
social_wellbeing,q05_trust_soc,food-medical,difference,-0.040766127,-0.06957573257386684,-0.059475934505462645,-0.05105277616530657,-0.03935753554105759,-0.02853445801883936,-0.01836694926023483,-0.007301456085406255,0.0034739755,False,300
social_wellbeing,q08_support,cash,form,0.010253207,-0.013612274779006839,-0.004669905174523589,0.0019517325854394585,0.009761022869497538,0.017241640016436577,0.02361852265894415,0.034519334975630034,0.0018089174,False,300
social_wellbeing,q08_support,food,form,0.009480974,-0.013899193494580686,-0.004769496293738483,0.0031914102146402,0.009596952237188816,0.016303594689816236,0.022712845355272297,0.02964736935682594,0.0018089174,False,300
social_wellbeing,q08_support,medical,form,-0.010037,-0.028529993537813426,-0.022110520862042904,-0.017536406870931387,-0.010716020595282316,-0.0043984915828332305,0.001986801996827126,0.01204805455636232,0.0018089174,False,300
social_wellbeing,q08_support,cash-food,difference,0.0007722331,-0.031194202415645123,-0.018159720301628112,-0.009217048063874245,-0.0002648410154506564,0.010400806553661823,0.020236987993121163,0.03113263621926307,0.0018089174,False,300
social_wellbeing,q08_support,cash-medical,difference,0.020290207,-0.01241006248164922,-0.000917866011150181,0.010332884266972542,0.020757455378770828,0.030383887235075235,0.0411897785961628,0.04807664016261693,0.0018089174,False,300
social_wellbeing,q08_support,food-medical,difference,0.019517973,-0.00882967443903908,0.0023949138354510077,0.009958984330296516,0.020164400339126587,0.02900545345619321,0.0361783929169178,0.04475355297327038,0.0018089174,False,300
social_wellbeing,q12_voice,cash,form,0.025646387,0.002273978909943253,0.01053946288302541,0.018223318737000227,0.025378428399562836,0.03327016346156597,0.043712367862463,0.050486130174249404,0.0078061693,True,300
social_wellbeing,q12_voice,food,form,0.0013570391,-0.023626512661576272,-0.015683060325682164,-0.006845946772955358,0.0019155583577230573,0.011424519587308168,0.017446831241250047,0.025222480809316,0.0078061693,True,300
social_wellbeing,q12_voice,medical,form,0.0071436544,-0.014682954014278948,-0.0071173641365021465,-3.237394594179932e-05,0.007164742331951857,0.014452610397711396,0.02087411731481553,0.02924121026881036,0.0078061693,True,300
social_wellbeing,q12_voice,cash-food,difference,0.024289347,-0.010461437446065248,0.0022613183595240126,0.011650814674794674,0.023842360824346542,0.036389206536114216,0.04767092764377596,0.06135958880186081,0.0078061693,True,300
social_wellbeing,q12_voice,cash-medical,difference,0.018502733,-0.014267931110225618,-0.004208854585886002,0.007644866360351443,0.019655797630548477,0.031126666348427534,0.04041810743510725,0.049784070812165696,0.0078061693,True,300
social_wellbeing,q12_voice,food-medical,difference,-0.0057866154,-0.03561346558853984,-0.02578091565519571,-0.015746529679745436,-0.0044552471954375505,0.005716838757507503,0.015020953025668875,0.023513971501961342,0.0078061693,True,300
expectations,q16_fut_society,cash,form,0.028819002,0.004344616492744535,0.01193210929632187,0.019304591696709394,0.029057334177196026,0.036694470793008804,0.045186479389667515,0.053384236712008704,0.014452391,True,300
expectations,q16_fut_society,food,form,0.024097038,-0.00036692653520731234,0.008997129928320647,0.016221925150603056,0.022558321245014668,0.0316122155636549,0.03884282410144806,0.049462256673723455,0.014452391,True,300
expectations,q16_fut_society,medical,form,-0.011321721,-0.032375517394393684,-0.027041596360504627,-0.019850774202495813,-0.010895170271396637,-0.002611426345538348,0.0037904978031292644,0.01097299228422343,0.014452391,True,300
expectations,q16_fut_society,cash-food,difference,0.004721964,-0.0333039247430861,-0.019474808312952518,-0.005496119847521186,0.005949325859546661,0.017737440299242735,0.02704289648681879,0.03660799441859125,0.014452391,True,300
expectations,q16_fut_society,cash-medical,difference,0.040140722,0.0067669773474335684,0.019630955532193184,0.028413631487637758,0.0387708805501461,0.05244319420307875,0.06100875660777092,0.07017095237970349,0.014452391,True,300
expectations,q16_fut_society,food-medical,difference,0.03541876,0.0027518090792000294,0.012609511800110341,0.02462246874347329,0.035899568349123,0.047608330845832825,0.05390736125409604,0.06769785080105065,0.014452391,True,300
expectations,q17d_fut_fair,cash,form,-0.016166257,-0.04147152779623866,-0.03379606939852237,-0.026108541060239077,-0.01764016505330801,-0.009281656704843044,-0.0018947425996884667,0.00565234724199399,0.00016525856,False,300
expectations,q17d_fut_fair,food,form,0.0061195064,-0.01999989543110132,-0.010705565381795167,-0.003129592281766236,0.005811850540339947,0.01582537265494466,0.02097046822309495,0.03326287698000668,0.00016525856,False,300
expectations,q17d_fut_fair,medical,form,0.0064524747,-0.01872743577696383,-0.011023937724530697,-0.004471268388442695,0.004293178208172321,0.0133696214761585,0.021316109597682955,0.029223738703876713,0.00016525856,False,300
expectations,q17d_fut_fair,cash-food,difference,-0.022285763,-0.05868888795375824,-0.04275666773319244,-0.03512572683393955,-0.024891922250390053,-0.012924046721309423,-0.00010041878558694298,0.009040417219512159,0.00016525856,False,300
expectations,q17d_fut_fair,cash-medical,difference,-0.022618731,-0.05778418891131878,-0.04497997164726257,-0.03614679351449013,-0.02290468942373991,-0.0095429802313447,0.0023379067424684806,0.011633755359798669,0.00016525856,False,300
expectations,q17d_fut_fair,food-medical,difference,-0.0003329683,-0.033096255734562874,-0.02373635768890381,-0.011313081253319979,0.0007961860974319279,0.015068442327901721,0.025104047358036043,0.036511845886707216,0.00016525856,False,300
social_wellbeing,q21_order,cash,form,0.02020657,-0.0001310682957409879,0.0048564449883997446,0.011231915792450309,0.02070572506636381,0.02822492318227887,0.03511515967547895,0.04352678302675485,0.018108137,True,300
social_wellbeing,q21_order,food,form,0.0061259535,-0.014420113153755664,-0.0076478656847029924,-0.001128270261688158,0.006221299758180976,0.013175174361094832,0.020337871834635736,0.03067409382201725,0.018108137,True,300
social_wellbeing,q21_order,medical,form,0.031803805,0.013217951939441263,0.01905936375260353,0.024320140946656466,0.03168007172644138,0.03910930175334215,0.046403473988175396,0.05454252529889344,0.018108137,True,300
social_wellbeing,q21_order,cash-food,difference,0.014080618,-0.015572869312018156,-0.006720683583989739,0.0021663035731762648,0.01365184085443616,0.025065964553505182,0.03467669188976291,0.04550831904634832,0.018108137,True,300
social_wellbeing,q21_order,cash-medical,difference,-0.011597235,-0.040747861564159396,-0.032065749168395996,-0.0223121945746243,-0.011646166909486055,-0.0013342902529984713,0.006258843094110489,0.01907150386832651,0.018108137,True,300
social_wellbeing,q21_order,food-medical,difference,-0.025677852,-0.05615683067589998,-0.045543603226542474,-0.035889037884771824,-0.02482049260288477,-0.015480741392821074,-0.00768615081906318,0.006187796639278517,0.018108137,True,300
social_wellbeing,q22_vitality,cash,form,0.024892054,-0.001562031445791944,0.009809097833931447,0.016694062389433384,0.02570807747542858,0.035942516289651394,0.043754067644476896,0.05300084985792636,0.0041788616,False,300
social_wellbeing,q22_vitality,food,form,0.003465342,-0.022040902636945248,-0.013178945705294608,-0.005007736152037978,0.003445909242145717,0.011487796436995268,0.01773654129356146,0.026520231133326886,0.0041788616,False,300
social_wellbeing,q22_vitality,medical,form,-0.01450438,-0.034442456997931005,-0.029454516991972924,-0.023216087836772203,-0.014436202123761177,-0.00671985768713057,-0.00025191974418703206,0.006451724236831067,0.0041788616,False,300
social_wellbeing,q22_vitality,cash-food,difference,0.021426713,-0.01602366166189313,0.0008131595561280847,0.011201872723177075,0.02358684316277504,0.03501354716718197,0.046553022414445894,0.05776274362578986,0.0041788616,False,300
social_wellbeing,q22_vitality,cash-medical,difference,0.039396435,0.004855772433802487,0.017923970706760883,0.029425347689539194,0.042073605582118034,0.05281849391758442,0.061261367797851574,0.07472486756741994,0.0041788616,False,300
social_wellbeing,q22_vitality,food-medical,difference,0.017969722,-0.010981908719986676,-0.001321214553900063,0.006834101979620755,0.016743618994951248,0.029180784709751606,0.03700430877506737,0.04811273207888002,0.0041788616,False,300
resources_position,q43_edu_1.0,cash,form,0.003044368,-0.010187775455415249,-0.006772261671721935,-0.0019488630641717464,0.00284451839979738,0.0076257348991930485,0.012531882338225848,0.016399507597088796,-0.00055158965,False,300
resources_position,q43_edu_1.0,food,form,-0.012021637,-0.02247611088678241,-0.018467154540121555,-0.01550875580869615,-0.011838655918836594,-0.00801575486548245,-0.005199417285621166,-0.0015034286130685395,-0.00055158965,False,300
resources_position,q43_edu_1.0,medical,form,0.0095741125,-0.0010929762880550697,0.002040222799405456,0.0052997012389823794,0.009281675796955824,0.013038929551839828,0.016731905378401284,0.02058826377615332,-0.00055158965,False,300
resources_position,q43_edu_1.0,cash-food,difference,0.015066004,-0.0019414716749452054,0.003536293120123446,0.008145177038386464,0.014454861637204885,0.021299817599356174,0.025612476468086245,0.03305582217872138,-0.00055158965,False,300
resources_position,q43_edu_1.0,cash-medical,difference,-0.0065297447,-0.02539901649579406,-0.019555277563631533,-0.012384858913719654,-0.005656816530972719,-0.00011281424667686224,0.005254036281257868,0.012029092712327832,-0.00055158965,False,300
resources_position,q43_edu_1.0,food-medical,difference,-0.02159575,-0.03488232186064124,-0.030785145424306392,-0.026365079917013645,-0.021012245677411556,-0.015537665458396077,-0.011094176676124334,-0.006802775512915108,-0.00055158965,False,300
resources_position,q43_edu_2.0,cash,form,8.9892106e-05,-0.011608156072907149,-0.006987149734050035,-0.003550223249476403,6.72672649670858e-05,0.0037473785341717303,0.0064793320838362,0.011512571107596155,-0.0019446649,False,300
resources_position,q43_edu_2.0,food,form,-0.002820377,-0.013270638254471123,-0.010083589609712363,-0.006722452002577484,-0.0031217816285789013,0.001274185284273699,0.00378820023033768,0.007274184119887635,-0.0019446649,False,300
resources_position,q43_edu_2.0,medical,form,-0.004357619,-0.01382870830129832,-0.010495845414698123,-0.007153683691285551,-0.004141566809266806,-0.00114882955676876,0.0011059859418310273,0.0036696383322123373,-0.0019446649,False,300
resources_position,q43_edu_2.0,cash-food,difference,0.0029102692,-0.012159413192421198,-0.007483156956732273,-0.002620598068460822,0.003038680413737893,0.008693726966157556,0.012928262352943424,0.018020471371710298,-0.0019446649,False,300
resources_position,q43_edu_2.0,cash-medical,difference,0.0044475114,-0.00989606969524175,-0.0050932231824845076,-0.0004275747633073479,0.004136271541938186,0.009229931514710188,0.01335829170420766,0.01967351413331925,-0.0019446649,False,300
resources_position,q43_edu_2.0,food-medical,difference,0.0015372422,-0.01235309203621,-0.007807892793789506,-0.0037445732159540057,0.0014616299886256456,0.006146408035419881,0.010296875145286323,0.015603217808529725,-0.0019446649,False,300
resources_position,q43_edu_3.0,cash,form,-0.0077423747,-0.015749693452380597,-0.013620065897703171,-0.010467132087796926,-0.007332244422286749,-0.004940456128679216,-0.002335760765708981,0.0006218549038749068,-0.002433259,False,300
resources_position,q43_edu_3.0,food,form,0.00067581545,-0.007538889977149665,-0.004915300197899341,-0.002348181209526956,0.00048194242117460817,0.003609861305449158,0.005956571036949758,0.009130200184881686,-0.002433259,False,300
resources_position,q43_edu_3.0,medical,form,-0.000843139,-0.008067614934407174,-0.005553970066830516,-0.0032114090863615274,-0.00041211691859643906,0.0024449689663015306,0.004599059745669366,0.0065247002756223076,-0.002433259,False,300
resources_position,q43_edu_3.0,cash-food,difference,-0.00841819,-0.02028116644360125,-0.016055750660598278,-0.012132606469094753,-0.008026499766856432,-0.004052962991409004,-0.0007976542401593158,0.0029055235325358758,-0.002433259,False,300
resources_position,q43_edu_3.0,cash-medical,difference,-0.006899236,-0.01898346235975623,-0.015020856633782387,-0.011080768890678883,-0.007243841188028455,-0.002808001241646707,0.0003066621313337256,0.003854182048235082,-0.002433259,False,300
resources_position,q43_edu_3.0,food-medical,difference,0.0015189545,-0.010367630398832262,-0.005904674530029297,-0.0032898567733354867,0.0009013826493173838,0.004983197432011366,0.008496735338121652,0.012917915405705567,-0.002433259,False,300
resources_position,q43_edu_4.0,cash,form,0.003077138,-0.005117163888644427,-0.0027919623767957086,-2.4221082185249543e-05,0.0029794074362143874,0.005798065918497741,0.008329883310943845,0.011031942162662739,0.0020790712,False,300
resources_position,q43_edu_4.0,food,form,0.0034550074,-0.004321859451010823,-0.0017964310711249707,0.0010038487816927955,0.003375959349796176,0.006627471535466611,0.00894296802580357,0.011519078677520155,0.0020790712,False,300
resources_position,q43_edu_4.0,medical,form,5.2744977e-05,-0.007927489094436168,-0.004788578860461712,-0.002480595256201923,-0.00015648613771190867,0.0024795917561277747,0.00432127406820655,0.006591746455524114,0.0020790712,False,300
resources_position,q43_edu_4.0,cash-food,difference,-0.00037786947,-0.012356458185240626,-0.007747083576396107,-0.004795748507604003,-0.000641885562799871,0.0029900941881351173,0.006713189929723746,0.010831827856600277,0.0020790712,False,300
resources_position,q43_edu_4.0,cash-medical,difference,0.003024393,-0.007457830652128904,-0.004429265996441245,-0.0007200852414825931,0.00258413003757596,0.006761455675587058,0.010544329974800348,0.015890478389337652,0.0020790712,False,300
resources_position,q43_edu_4.0,food-medical,difference,0.0034022625,-0.007835086842533201,-0.0030624762177467344,6.198596383910626e-05,0.0037016780115664005,0.0076630988623946905,0.010950584523379804,0.015184318856336166,0.0020790712,False,300
resources_position,q43_edu_5.0,cash,form,0.005523549,-0.005706635408569127,-0.0018315883702598513,0.0019088654371444136,0.006175973918288946,0.010624403832480311,0.014297606609761726,0.019164234492927756,0.003981231,False,300
resources_position,q43_edu_5.0,food,form,0.0066077863,-0.0058460347237996755,-0.0020391712198033927,0.0022470380063168705,0.00648600235581398,0.010761358076706529,0.014243434462696315,0.017893930943682787,0.003981231,False,300
resources_position,q43_edu_5.0,medical,form,0.0004086702,-0.009913027193397284,-0.007204026496037841,-0.003458231862168759,0.0007658973045181483,0.0038295810809358954,0.007140152389183643,0.011211936129257073,0.003981231,False,300
resources_position,q43_edu_5.0,cash-food,difference,-0.0010842374,-0.019332953449338674,-0.011999644618481398,-0.006397393066436052,-0.00027696951292455196,0.006273586302995682,0.011321189627051361,0.016862686816602943,0.003981231,False,300
resources_position,q43_edu_5.0,cash-medical,difference,0.0051148785,-0.009640812152065336,-0.0047413448337465525,0.0004932730225846171,0.005301473895087838,0.01150239515118301,0.0171385418623686,0.02202282613143324,0.003981231,False,300
resources_position,q43_edu_5.0,food-medical,difference,0.006199116,-0.01115289842709899,-0.00612086383625865,5.5121490731835365e-06,0.0063382883090525866,0.011491813696920872,0.01670195627957583,0.02296494650654494,0.003981231,False,300
resources_position,income_h_1.0,cash,form,0.0019133405,-0.011675003496930002,-0.007127394480630755,-0.002630640345159918,0.001913899730425328,0.007869048742577434,0.012995017413049939,0.017202515527606002,0.0021695222,False,300
resources_position,income_h_1.0,food,form,-0.00592455,-0.016519912239164113,-0.012178725562989712,-0.009475726634263992,-0.0057436169590801,-0.0020014741457998753,0.0007523486099671577,0.005504964478313916,0.0021695222,False,300
resources_position,income_h_1.0,medical,form,0.010794168,-0.0010412931675091385,0.0034818260930478575,0.007120828260667622,0.011095653288066387,0.014305011602118611,0.018983001820743087,0.024101592786610122,0.0021695222,False,300
resources_position,income_h_1.0,cash-food,difference,0.007837891,-0.010104818968102336,-0.0042480110656470055,0.000959452532697469,0.00814079213887453,0.014927526703104377,0.020551178045570852,0.025765688577666875,0.0021695222,False,300
resources_position,income_h_1.0,cash-medical,difference,-0.008880828,-0.026919316360726954,-0.021459141001105308,-0.015126519370824099,-0.009202874731272459,-0.0020961069967597723,0.0045430036727339045,0.00982298844028263,0.0021695222,False,300
resources_position,income_h_1.0,food-medical,difference,-0.01671872,-0.031832631677389145,-0.026137125678360462,-0.022504351567476988,-0.016593865118920803,-0.011606075335294008,-0.006706016277894371,-0.0005871424276847824,0.0021695222,False,300
resources_position,income_h_2.0,cash,form,-0.003622688,-0.01568050719797611,-0.011518838815391064,-0.007100245100446045,-0.0035451611038297415,0.000479041162179783,0.004141399962827564,0.0071570178959518655,-0.0013265212,False,300
resources_position,income_h_2.0,food,form,-0.0018381663,-0.013229571841657161,-0.00801492678001523,-0.005388059886172414,-0.001367590215522796,0.0023410163703374565,0.006103519909083844,0.009658078267239023,-0.0013265212,False,300
resources_position,income_h_2.0,medical,form,-0.0002268406,-0.010083097009919583,-0.007340335892513395,-0.004143199766986072,-0.0008407609711866826,0.003397967549972236,0.007293998915702105,0.011393582052551199,-0.0013265212,False,300
resources_position,income_h_2.0,cash-food,difference,-0.0017845216,-0.017466599820181727,-0.012303379178047181,-0.007569251582026482,-0.0017800471978262067,0.0037871621316298842,0.007103754952549936,0.012605575541965662,-0.0013265212,False,300
resources_position,income_h_2.0,cash-medical,difference,-0.0033958473,-0.019493371387943624,-0.01408570520579815,-0.008587278658524156,-0.0028843425679951906,0.002618634083773941,0.0067650534678250565,0.01148326143156733,-0.0013265212,False,300
resources_position,income_h_2.0,food-medical,difference,-0.0016113257,-0.01706865304149687,-0.012506665755063295,-0.0064859718549996614,-0.0005567230982705951,0.004691411159001291,0.009339488577097654,0.014319104864262031,-0.0013265212,False,300
resources_position,income_h_3.0,cash,form,-0.005463445,-0.0137924276990816,-0.011253514885902404,-0.008875138824805617,-0.005050143925473094,-0.001464125292841345,0.0012272784369997687,0.0037072027684189376,-0.006648775,False,300
resources_position,income_h_3.0,food,form,-0.009317836,-0.0184205727186054,-0.016239458136260508,-0.012717542937025428,-0.0096588428132236,-0.006450616754591465,-0.0038902156287804247,-0.0003340088238474062,-0.006648775,False,300
resources_position,income_h_3.0,medical,form,-0.0041416967,-0.013092235289514064,-0.009980921819806098,-0.007170972763560712,-0.004300106782466173,-0.0016594431072007865,0.0011266222223639546,0.004159628390334538,-0.006648775,False,300
resources_position,income_h_3.0,cash-food,difference,0.0038543907,-0.008538835658691823,-0.004416201403364539,-7.607218867633492e-05,0.004846200812608004,0.009155357023701072,0.012952370382845402,0.018071411596611138,-0.006648775,False,300
resources_position,income_h_3.0,cash-medical,difference,-0.0013217484,-0.013109865272417665,-0.009122508484870196,-0.00510375143494457,-0.0005462055560201406,0.003590941079892218,0.00741214859299362,0.011830389569513499,-0.006648775,False,300
resources_position,income_h_3.0,food-medical,difference,-0.005176139,-0.017523627588525416,-0.01357428813353181,-0.009312843903899193,-0.005304706050083041,-0.0010719075798988342,0.0022705695359036358,0.0077925050980411446,-0.006648775,False,300
resources_position,income_h_4.0,cash,form,-0.002585995,-0.011792098870500922,-0.008615858573466539,-0.005527208326384425,-0.0029861710499972105,1.3452168332150904e-05,0.0026362888747826223,0.0063297043088823505,-0.0006659552,False,300
resources_position,income_h_4.0,food,form,-0.0024530464,-0.010412261844612658,-0.007888246141374112,-0.005823980318382382,-0.0023784610675647855,0.00048642881301930174,0.0031421470921486616,0.005499187693931157,-0.0006659552,False,300
resources_position,income_h_4.0,medical,form,0.00322393,-0.004480068641714751,-0.0018830592744052404,0.0004577985091600567,0.003099554916843772,0.005786494235508144,0.007184967864304783,0.009209220577031371,-0.0006659552,False,300
resources_position,income_h_4.0,cash-food,difference,-0.00013294863,-0.012171194888651371,-0.008050202950835228,-0.004715550458058715,-0.0005089690675958991,0.003960733534768224,0.008233867771923543,0.012784343282692132,-0.0006659552,False,300
resources_position,income_h_4.0,cash-medical,difference,-0.005809925,-0.016345440410077572,-0.013160960841923952,-0.00983911706134677,-0.00575106218457222,-0.0018165944202337414,0.0016149115166626921,0.006400820962153356,-0.0006659552,False,300
resources_position,income_h_4.0,food-medical,difference,-0.0056769764,-0.015814693132415413,-0.0122850657440722,-0.009647143771871924,-0.0057821625377982855,-0.0019701606361195445,0.002270156680606306,0.006921343156136568,-0.0006659552,False,300
resources_position,income_h_5.0,cash,form,0.0020763215,-0.007759798038750887,-0.004374158149585128,-0.0017798514454625547,0.001633735781069845,0.005964683019556105,0.009432427864521743,0.012462311889976261,0.002263412,False,300
resources_position,income_h_5.0,food,form,0.011848165,0.0022692536265822134,0.0057379222009330995,0.008822551928460598,0.011973988264799118,0.015372303780168295,0.018080436810851103,0.021886664628982515,0.002263412,False,300
resources_position,income_h_5.0,medical,form,-0.0043231966,-0.012703586369752884,-0.009829850122332572,-0.007039700984023511,-0.004376213066279888,-0.0013249519106466323,0.001021444844081998,0.002900048997253179,0.002263412,False,300
resources_position,income_h_5.0,cash-food,difference,-0.009771843,-0.023909446923062204,-0.019096240773797034,-0.014889058424159884,-0.010228876490145922,-0.005125630530528724,-0.0006166858598589891,0.0038180640898644916,0.002263412,False,300
resources_position,income_h_5.0,cash-medical,difference,0.006399518,-0.0067965129623189565,-0.0021061861887574193,0.001606267091119662,0.006775024812668562,0.011443335562944412,0.015469133295118813,0.019493787968531243,0.002263412,False,300
resources_position,income_h_5.0,food-medical,difference,0.016171362,0.00384110352024436,0.008216511644423007,0.012106394860893488,0.01634200755506754,0.02039635321125388,0.024506651982665065,0.031223151646554457,0.002263412,False,300
resources_position,income_h_6.0,cash,form,0.010956952,-0.0022209008398931473,0.0010793709661811592,0.005507615744136274,0.010000687558203936,0.014391114003956318,0.019679911434650425,0.024724982772022484,0.0065202476,False,300
resources_position,income_h_6.0,food,form,0.0046901163,-0.007379552966449409,-0.0037179836072027683,8.490579784847796e-05,0.004671246279031038,0.008773661451414227,0.012337549217045309,0.01646477547474203,0.0065202476,False,300
resources_position,income_h_6.0,medical,form,-0.001364561,-0.012622901541180908,-0.007444598386064171,-0.004216988221742213,-0.0008332398720085621,0.0034380248398520052,0.00663861446082592,0.01004188708029687,0.0065202476,False,300
resources_position,income_h_6.0,cash-food,difference,0.006266836,-0.012238069996237754,-0.006267773825675249,-0.0006785423029214144,0.006441200617700815,0.012352580903097987,0.017522024363279345,0.027503584977239346,0.0065202476,False,300
resources_position,income_h_6.0,cash-medical,difference,0.012321513,-0.006728819222189485,0.0004399357363581668,0.005103068542666733,0.010466029867529869,0.01667086035013199,0.022541439905762673,0.028189675090834452,0.0065202476,False,300
resources_position,income_h_6.0,food-medical,difference,0.006054677,-0.008958800183609127,-0.005975923174992203,-0.0008102888823486865,0.005012176465243101,0.011124339187517762,0.015584180504083634,0.02177388807758689,0.0065202476,False,300
household_needs,q28_hhsize_1.0,cash,form,-0.0018674936,-0.011233971989713609,-0.007996350713074207,-0.005024917307309806,-0.001067989505827427,0.0021657642791979015,0.005131489830091598,0.008082721312530338,-0.0041072527,False,300
household_needs,q28_hhsize_1.0,food,form,-0.0010377672,-0.012432608287781477,-0.008958338946104049,-0.005726364674046636,-0.0020093655912205577,0.001926619588630274,0.004828687012195591,0.009105818718671792,-0.0041072527,False,300
household_needs,q28_hhsize_1.0,medical,form,-0.013101417,-0.022501107398420574,-0.018869857676327227,-0.015649182256311178,-0.013371441513299942,-0.01014350913465023,-0.007094622775912282,-0.003919683914864439,-0.0041072527,False,300
household_needs,q28_hhsize_1.0,cash-food,difference,-0.00082972646,-0.014887283905409276,-0.010273948684334755,-0.004948061658069491,0.0003332081250846386,0.0054461738327518106,0.010109892580658197,0.015354731772094956,-0.0041072527,False,300
household_needs,q28_hhsize_1.0,cash-medical,difference,0.011233923,-0.0013782643596641716,0.0031245973426848655,0.007441387162543833,0.011868423782289028,0.01595468260347843,0.02000064477324486,0.02511886293068528,-0.0041072527,False,300
household_needs,q28_hhsize_1.0,food-medical,difference,0.0120636495,-0.0018787752138450739,0.0022640377748757603,0.00660930504091084,0.011129391845315695,0.016193974763154984,0.020017015002667907,0.02439599623903632,-0.0041072527,False,300
household_needs,q28_hhsize_2.0,cash,form,-0.008270603,-0.018262198101729153,-0.014800663106143475,-0.01159984222613275,-0.008191143162548542,-0.004817504086531699,-0.0018589465529657886,0.0028193985985126273,-0.009051544,True,300
household_needs,q28_hhsize_2.0,food,form,-0.0101477355,-0.01746557573787868,-0.01576817166060209,-0.012903186026960611,-0.009495034348219633,-0.00660940702073276,-0.003636172739788889,0.0005740002176025863,-0.009051544,True,300
household_needs,q28_hhsize_2.0,medical,form,-0.008652918,-0.01614030823111534,-0.014057352393865585,-0.011021665763109922,-0.008392575662583113,-0.005715269013307989,-0.0034656197298318114,-0.00046111142873997326,-0.009051544,True,300
household_needs,q28_hhsize_2.0,cash-food,difference,0.0018771328,-0.012894576624967157,-0.007266962248831987,-0.003434153157286346,0.0013177015352994204,0.006052306620404124,0.009784070122987033,0.016179927159100767,-0.009051544,True,300
household_needs,q28_hhsize_2.0,cash-medical,difference,0.00038231537,-0.013901786925271152,-0.007867323048412799,-0.003738722181878984,0.0003543018829077482,0.0044873966835439205,0.00795321986079216,0.012251708796247832,-0.009051544,True,300
household_needs,q28_hhsize_2.0,food-medical,difference,-0.0014948174,-0.012614251044578851,-0.00865812711417675,-0.005480442079715431,-0.0013499530032277107,0.002924744039773941,0.007247691508382559,0.011250839172862464,-0.009051544,True,300
household_needs,q28_hhsize_3.0,cash,form,0.002549619,-0.006802522530779243,-0.0035543225007131697,-0.0004533601022558287,0.0019844452617689967,0.005241721053607762,0.0077738921623677045,0.01058427316602319,0.0038956243,False,300
household_needs,q28_hhsize_3.0,food,form,-0.0003742147,-0.008304354292340577,-0.005684383492916822,-0.00294094521086663,7.620954420417547e-05,0.002834777464158833,0.005615921132266524,0.007883467071224,0.0038956243,False,300
household_needs,q28_hhsize_3.0,medical,form,0.010324073,0.002961814618902281,0.0053976415656507015,0.007376507739536464,0.010155174415558577,0.012845926452428102,0.015216956846415998,0.017286309925839304,0.0038956243,False,300
household_needs,q28_hhsize_3.0,cash-food,difference,0.0029238337,-0.009550166712142526,-0.005861238297075033,-0.0019260307308286428,0.0022604502737522125,0.00594115792773664,0.010108488798141482,0.014462784770876168,0.0038956243,False,300
household_needs,q28_hhsize_3.0,cash-medical,difference,-0.007774454,-0.01934968833811581,-0.014891354367136955,-0.012162029277533293,-0.008180125616490841,-0.003777014440856874,-0.0006651597097515975,0.003611826850101339,0.0038956243,False,300
household_needs,q28_hhsize_3.0,food-medical,difference,-0.010698288,-0.020972356759011747,-0.0174764895811677,-0.014355081366375089,-0.010015859734266996,-0.006449183449149132,-0.0025578812696039665,0.0007271488371770784,0.0038956243,False,300
household_needs,q28_hhsize_4.0,cash,form,0.0006328269,-0.008743024128489197,-0.0058398429770022625,-0.002743006916716695,0.00011962548524024896,0.003799422236625105,0.006153582222759724,0.00989526303019374,0.00013744335,False,300
household_needs,q28_hhsize_4.0,food,form,0.0058303997,-0.002661926072323695,-0.0003039633622393012,0.0026991356862708926,0.00587184214964509,0.008666645037010312,0.011543665453791622,0.014452720922417936,0.00013744335,False,300
household_needs,q28_hhsize_4.0,medical,form,-0.005383587,-0.012506173364818097,-0.010287981480360031,-0.008194598602131009,-0.00563185615465045,-0.002790423692204058,-0.00026501920947339037,0.0030216360872145514,0.00013744335,False,300
household_needs,q28_hhsize_4.0,cash-food,difference,-0.005197573,-0.017781651625409723,-0.014315980579704046,-0.009623695397749543,-0.005247408291324973,-0.0007800949533702806,0.003004675684496763,0.0072800780180841684,0.00013744335,False,300
household_needs,q28_hhsize_4.0,cash-medical,difference,0.0060164137,-0.007144384586717933,-0.002056838455609977,0.001757236197590828,0.005794784752652049,0.009316971292719245,0.013625781517475843,0.01696631507948041,0.00013744335,False,300
household_needs,q28_hhsize_4.0,food-medical,difference,0.011213986,-9.111418621614553e-05,0.0037402211455628276,0.006932802265509963,0.011149568483233452,0.015312067698687315,0.01860261112451554,0.022853919537737966,0.00013744335,False,300
household_needs,q28_hhsize_5.0,cash,form,0.0026595937,-0.008787628752179442,-0.004729189584031701,-0.0013845966313965619,0.0024542761966586113,0.006866580806672573,0.010744345095008613,0.015716922283172594,0.0049667046,False,300
household_needs,q28_hhsize_5.0,food,form,0.0076320358,-0.003624508163193241,-0.00012814566071028808,0.002997650997713208,0.00727215432561934,0.011602090671658516,0.01545172762125731,0.01893211449496447,0.0049667046,False,300
household_needs,q28_hhsize_5.0,medical,form,0.0055710613,-0.00399103790987283,-0.0006006115290801969,0.0021630587289109826,0.005308173364028335,0.00894320267252624,0.011926102172583344,0.015380873042158778,0.0049667046,False,300
household_needs,q28_hhsize_5.0,cash-food,difference,-0.004972442,-0.02092154324054718,-0.015433295723050832,-0.010171431582421064,-0.004994042683392763,0.001214192103361711,0.0059409792069345735,0.01260639161337163,0.0049667046,False,300
household_needs,q28_hhsize_5.0,cash-medical,difference,-0.0029114676,-0.016943929996341468,-0.012325598392635584,-0.008137160213664174,-0.002915484830737114,0.002813014783896506,0.006880608107894659,0.012495005759410554,0.0049667046,False,300
household_needs,q28_hhsize_5.0,food-medical,difference,0.0020609745,-0.011065516690723597,-0.008142553456127643,-0.004637196427211165,0.002171311294659972,0.007434393162839115,0.011804632097482682,0.016435706708580224,0.0049667046,False,300
household_needs,q28_hhsize_6.0,cash,form,0.006321929,-0.008986557996831835,-0.003090154007077217,0.0016529657586943358,0.006792174419388175,0.012235370464622974,0.017106905765831473,0.02242503245361148,0.005491337,False,300
household_needs,q28_hhsize_6.0,food,form,-0.0011333328,-0.01189392157830298,-0.008688380476087332,-0.0060358596965670586,-0.0018019462586380541,0.002325400128029287,0.007031157519668348,0.011360251414589583,0.005491337,False,300
household_needs,q28_hhsize_6.0,medical,form,0.011961666,0.0006292328806011944,0.005270540341734886,0.008178509073331952,0.011736479122191668,0.015753475483506918,0.018522767163813115,0.02352469437755643,0.005491337,False,300
household_needs,q28_hhsize_6.0,cash-food,difference,0.007455262,-0.01007448248565197,-0.0056629976723343136,0.0015265753027051687,0.008622325025498867,0.01453334465622902,0.02071297485381365,0.02777062552049756,0.005491337,False,300
household_needs,q28_hhsize_6.0,cash-medical,difference,-0.005639737,-0.0242841687053442,-0.017500582337379455,-0.011447960045188665,-0.005607569823041558,0.0006721653044223785,0.008418684918433441,0.015417238534428158,0.005491337,False,300
household_needs,q28_hhsize_6.0,food-medical,difference,-0.013094999,-0.029378888476639987,-0.02355369199067354,-0.01911552855744958,-0.013616977259516716,-0.008275761734694242,-0.002936065196990966,0.003882407478522475,0.005491337,False,300
household_needs,q29_foodexp_1.0,cash,form,-0.014559589,-0.026645998284220696,-0.02279697358608246,-0.019092305097728968,-0.015157059766352177,-0.010830796556547284,-0.006020462559536096,-0.0021282944187987615,-0.011870358,True,300
household_needs,q29_foodexp_1.0,food,form,-0.018226735,-0.02621807102113962,-0.024158423766493797,-0.021453543566167355,-0.018488691188395023,-0.014906537719070911,-0.012280847597867246,-0.009224535780958837,-0.011870358,True,300
household_needs,q29_foodexp_1.0,medical,form,-0.0021567617,-0.013445954048074782,-0.00982069382444024,-0.0059794733533635736,-0.002426378079690039,0.0014845049299765378,0.0054520241450518375,0.010346366534940895,-0.011870358,True,300
household_needs,q29_foodexp_1.0,cash-food,difference,0.003667146,-0.01173884910531342,-0.0066629255190491675,-0.0024035852402448654,0.003073332831263542,0.008831222774460912,0.014655981026589871,0.0208772784564644,-0.011870358,True,300
household_needs,q29_foodexp_1.0,cash-medical,difference,-0.012402828,-0.028972976235672833,-0.023971724696457385,-0.019006386399269104,-0.011747661512345076,-0.006813926505856216,-0.0017344937194138754,0.0032121466007083562,-0.011870358,True,300
household_needs,q29_foodexp_1.0,food-medical,difference,-0.016069973,-0.02908310992643237,-0.02508195601403713,-0.021395291667431593,-0.015884391963481903,-0.010569165460765362,-0.0063760454766452245,-0.002583644399419434,-0.011870358,True,300
household_needs,q29_foodexp_2.0,cash,form,-0.0077384138,-0.01725299875251949,-0.01417423328384757,-0.01074854307807982,-0.007415736792609096,-0.003976928070187569,-0.0005703228263882876,0.0035817836527712614,-0.008796903,True,300
household_needs,q29_foodexp_2.0,food,form,-0.008063244,-0.01983167864382267,-0.015479287691414356,-0.011942539131268859,-0.00835366128012538,-0.004524850519374013,-0.0015655522700399101,0.0015120448835659764,-0.008796903,True,300
household_needs,q29_foodexp_2.0,medical,form,-0.010393403,-0.01820837236009538,-0.015262513421475887,-0.01267510442994535,-0.009706174954771996,-0.007119371788576245,-0.004773415159434076,-0.0023231415252666925,-0.008796903,True,300
household_needs,q29_foodexp_2.0,cash-food,difference,0.00032482995,-0.014198192674666644,-0.009140169620513916,-0.004519396461546421,0.0013174768537282944,0.005572688882239163,0.010978767555207014,0.017631958983838552,-0.008796903,True,300
household_needs,q29_foodexp_2.0,cash-medical,difference,0.0026549888,-0.00984170672018081,-0.005838117003440857,-0.002223555522505194,0.002494528889656067,0.006453291513025761,0.011636469513177875,0.014794369903393079,-0.008796903,True,300
household_needs,q29_foodexp_2.0,food-medical,difference,0.0023301588,-0.011521345586515963,-0.006903034169226885,-0.0024962398456409574,0.0017177544068545103,0.006118343211710453,0.009756885375827555,0.013920259755104775,-0.008796903,True,300
household_needs,q29_foodexp_3.0,cash,form,-0.015687581,-0.025173875410109757,-0.02201281599700451,-0.01950097782537341,-0.016016511246562004,-0.01311094406992197,-0.0102072243578732,-0.007311434380244477,-0.005406398,False,300
household_needs,q29_foodexp_3.0,food,form,-0.007016061,-0.016138687171041964,-0.01289413459599018,-0.009858571225777268,-0.007238791091367602,-0.004049113835208118,-0.001231390296015888,0.0008367638380150277,-0.005406398,False,300
household_needs,q29_foodexp_3.0,medical,form,0.0049508736,-0.0017186247452627868,2.227443401352509e-05,0.0019540118519216776,0.005338667426258326,0.007866650354117155,0.00969476541504264,0.013273566076531991,-0.005406398,False,300
household_needs,q29_foodexp_3.0,cash-food,difference,-0.00867152,-0.02082968531176448,-0.017744367569684984,-0.01316084316931665,-0.008635538164526224,-0.0049555315636098385,-0.0008569168858230094,0.003155604563653468,-0.005406398,False,300
household_needs,q29_foodexp_3.0,cash-medical,difference,-0.020638455,-0.031749280914664266,-0.02819772344082594,-0.02523396722972393,-0.021505803801119328,-0.017526986077427864,-0.01361303050071001,-0.010390687338076549,-0.005406398,False,300
household_needs,q29_foodexp_3.0,food-medical,difference,-0.011966934,-0.0235298122279346,-0.019178370013833046,-0.016590507235378027,-0.011987156700342894,-0.008317647501826286,-0.004331755405291909,-0.0006217631904291993,-0.005406398,False,300
household_needs,q29_foodexp_4.0,cash,form,0.006583372,-0.0025849733094219117,0.000900065148016438,0.0033166531356982887,0.006527259247377515,0.009792300406843424,0.01381178991869092,0.017407010728493322,0.00078997825,False,300
household_needs,q29_foodexp_4.0,food,form,-0.0010016444,-0.010033534723334014,-0.006692683277651668,-0.003989191260188818,-0.0005753466975875199,0.002002238528802991,0.00491811838001013,0.007627535494975744,0.00078997825,False,300
household_needs,q29_foodexp_4.0,medical,form,-0.0027652448,-0.010351997800171375,-0.0078081564046442505,-0.005474453908391297,-0.0032919853692874312,-0.0009141942718997598,0.0017081536469049795,0.004186306020710611,0.00078997825,False,300
household_needs,q29_foodexp_4.0,cash-food,difference,0.0075850165,-0.0036331350333057345,-0.0005968877230770884,0.002665781998075545,0.007650837767869234,0.012498048134148121,0.01574682649224997,0.021395757375285013,0.00078997825,False,300
household_needs,q29_foodexp_4.0,cash-medical,difference,0.009348617,-0.0033177451696246862,0.0025318758795037865,0.006161414785310626,0.010109630413353443,0.013628616696223617,0.017712362110614777,0.022137128654867402,0.00078997825,False,300
household_needs,q29_foodexp_4.0,food-medical,difference,0.0017636004,-0.00896710972301662,-0.005775203742086887,-0.0019241590052843094,0.0023833205923438072,0.006600319757126272,0.009180171601474286,0.01265690722502767,0.00078997825,False,300
household_needs,q29_foodexp_5.0,cash,form,0.020845344,0.009040339989587665,0.012976072076708079,0.01718971412628889,0.021454348228871822,0.025082183070480824,0.02932916805148125,0.0349079204723239,0.010620861,True,300
household_needs,q29_foodexp_5.0,food,form,0.010980194,0.00037742688728030797,0.0038412306690588597,0.007276728865690529,0.011683410964906216,0.014874691143631935,0.01873637791723013,0.022294023865833873,0.010620861,True,300
household_needs,q29_foodexp_5.0,medical,form,-5.120783e-05,-0.010810777335427702,-0.006953005911782383,-0.003731622244231403,-0.0005712609272450209,0.0024972290848381817,0.006064223870635033,0.009184170747175808,0.010620861,True,300
household_needs,q29_foodexp_5.0,cash-food,difference,0.00986515,-0.005111944396048784,-0.0012408507056534289,0.004501934861764312,0.009586209896951914,0.015668382868170738,0.02112930789589882,0.02818909999914467,0.010620861,True,300
household_needs,q29_foodexp_5.0,cash-medical,difference,0.020896552,0.006804689695127308,0.011610807105898856,0.01606645341962576,0.021796795539557934,0.026967549696564674,0.03326221182942391,0.03897190690040586,0.010620861,True,300
household_needs,q29_foodexp_5.0,food-medical,difference,0.011031402,-0.004413823981303721,0.0024757266975939276,0.006724109989590943,0.012473504524677992,0.01719631813466549,0.021269213780760767,0.027614269824698563,0.010620861,True,300
household_needs,q29_foodexp_6.0,cash,form,0.015594872,0.0015355265582911672,0.004709122516214847,0.009135435102507472,0.014326994773000479,0.02021248498931527,0.025565273314714445,0.032444374822080124,0.02118556,True,300
household_needs,q29_foodexp_6.0,food,form,0.03304773,0.017159115057438612,0.02260104604065418,0.027518195565789938,0.03277008607983589,0.03887765668332577,0.04416872411966324,0.049593282770365475,0.02118556,True,300
household_needs,q29_foodexp_6.0,medical,form,0.016755076,0.0059109344379976395,0.009304395318031311,0.013614434283226728,0.01743146311491728,0.021585720125585794,0.026194541901350024,0.029517987603321656,0.02118556,True,300
household_needs,q29_foodexp_6.0,cash-food,difference,-0.017452857,-0.04012446468695998,-0.03262176439166069,-0.026853152085095644,-0.018019902519881725,-0.0101540288887918,-0.00374357365071773,0.0038551827892661017,0.02118556,True,300
household_needs,q29_foodexp_6.0,cash-medical,difference,-0.0011602044,-0.020563415437936782,-0.016076001338660717,-0.009990126825869083,-0.0029853368178009987,0.004184250719845295,0.011877285689115528,0.01885878434404729,0.02118556,True,300
household_needs,q29_foodexp_6.0,food-medical,difference,0.016292652,-0.00587058151140809,0.002071753703057767,0.007989360485225916,0.01554568950086832,0.02247852412983775,0.0298950182273984,0.0386933566071093,0.02118556,True,300
household_needs,q30_medexp_1.0,cash,form,0.004075627,-0.010145108285360038,-0.00541110010817647,-0.0010256987006869167,0.0032762634800747037,0.007862458005547523,0.01258799554780126,0.017904138425365083,-0.003037413,False,300
household_needs,q30_medexp_1.0,food,form,-0.0038183965,-0.015690239774994553,-0.012145021744072436,-0.008293048711493611,-0.004258826375007629,-0.0008247229125117883,0.003046586876735099,0.008946195337921377,-0.003037413,False,300
household_needs,q30_medexp_1.0,medical,form,-0.013075999,-0.02272102190181613,-0.01999171990901232,-0.016915183048695326,-0.012708976399153471,-0.009105176199227571,-0.00591870374046266,-0.001987082953564823,-0.003037413,False,300
household_needs,q30_medexp_1.0,cash-food,difference,0.007894023,-0.009578717197291553,-0.005056360922753811,0.001982609974220395,0.007915985770523548,0.01489010639488697,0.019974550791084768,0.026504967454820845,-0.003037413,False,300
household_needs,q30_medexp_1.0,cash-medical,difference,0.017151626,-0.0017886234854813663,0.006382360821589829,0.010860562324523926,0.016586833633482456,0.022147150244563818,0.027345257438719274,0.03344546593725681,-0.003037413,False,300
household_needs,q30_medexp_1.0,food-medical,difference,0.0092576025,-0.006848760135471821,-0.0015760332578793165,0.0028691753977909684,0.008444559294730425,0.014193272916600108,0.01855946369469166,0.024814548483118416,-0.003037413,False,300
household_needs,q30_medexp_2.0,cash,form,-0.009441412,-0.020011511212214828,-0.015592863131314515,-0.01247586915269494,-0.008582106325775385,-0.005174618447199464,-0.0025277333566918947,0.0008415687087108329,-0.010216323,True,300
household_needs,q30_medexp_2.0,food,form,-0.0074779075,-0.01605398701503873,-0.014337815809994936,-0.010241014650091529,-0.0067272367887198925,-0.00401641963981092,-0.001159471180289983,0.0014856464375043246,-0.010216323,True,300
household_needs,q30_medexp_2.0,medical,form,-0.012841432,-0.020834428584203125,-0.01884769070893526,-0.015860842540860176,-0.012725640088319778,-0.009976425673812628,-0.007518865633755921,-0.005165686027612549,-0.010216323,True,300
household_needs,q30_medexp_2.0,cash-food,difference,-0.0019635046,-0.015779049438424408,-0.010640420578420162,-0.006970507092773914,-0.00206603086553514,0.0035388889955356717,0.0074482607655227216,0.0117570430971682,-0.010216323,True,300
household_needs,q30_medexp_2.0,cash-medical,difference,0.0034000203,-0.009515179973095655,-0.004940076451748609,-0.00012644589878618717,0.00403412152081728,0.008475586073473096,0.012493348401039842,0.016653821663931007,-0.010216323,True,300
household_needs,q30_medexp_2.0,food-medical,difference,0.005363525,-0.006230844371020794,-0.002742930874228477,0.0010689250193536282,0.006001780275255442,0.010609559714794159,0.013611237797886136,0.017369538731873028,-0.010216323,True,300
household_needs,q30_medexp_3.0,cash,form,0.0037573813,-0.0043273518793284895,-0.0023063486441969867,0.0005631767126033083,0.0036355349002406,0.00671814102679491,0.00894851386547089,0.0115211856784299,-0.00073003024,False,300
household_needs,q30_medexp_3.0,food,form,0.004549559,-0.00324582036701031,-0.001222748612053692,0.0012159509642515332,0.0038107207510620356,0.006394825060851872,0.008762413635849953,0.011478063277900219,-0.00073003024,False,300
household_needs,q30_medexp_3.0,medical,form,-0.0070612896,-0.014814673038199545,-0.011539410334080458,-0.009094734210520983,-0.006933581782504916,-0.004655320546589792,-0.0030220058979466553,-0.001220996136544274,-0.00073003024,False,300
household_needs,q30_medexp_3.0,cash-food,difference,-0.00079217786,-0.01067228028550744,-0.0075855722650885575,-0.004832567879930139,-0.00039269658736884594,0.003698618500493467,0.007282409677281979,0.009938768437132239,-0.00073003024,False,300
household_needs,q30_medexp_3.0,cash-medical,difference,0.010818671,-0.00013719565467908967,0.003663316881284118,0.007118119392544031,0.010436760261654854,0.014507966814562678,0.0180399663746357,0.02167764017358422,-0.00073003024,False,300
household_needs,q30_medexp_3.0,food-medical,difference,0.011610849,0.0007682401046622545,0.004385134670883418,0.007857204647734761,0.0111870551481843,0.014343034476041794,0.017284590750932697,0.020787843549624072,-0.00073003024,False,300
household_needs,q30_medexp_4.0,cash,form,0.0030814526,-0.0057071221992373465,-0.0030250813346356154,-0.0006070118251955137,0.0031679626554250717,0.0064623188227415085,0.009222884476184846,0.012189334188587963,0.005881069,False,300
household_needs,q30_medexp_4.0,food,form,0.0057134433,-0.0029206173901911822,0.00045503111032303445,0.003216587472707033,0.0059369096998125315,0.00908934767358005,0.01174738006666303,0.014828879432752708,0.005881069,False,300
household_needs,q30_medexp_4.0,medical,form,0.007939308,-0.0005112974271469283,0.0023601261433213953,0.005228897091001272,0.007899308577179909,0.010749296052381396,0.013007637392729521,0.016728594200685603,0.005881069,False,300
household_needs,q30_medexp_4.0,cash-food,difference,-0.0026319907,-0.016313759470358492,-0.010581104829907416,-0.007493647281080484,-0.0030352952890098095,0.0013554358738474548,0.005433929851278666,0.011994605278596275,0.005881069,False,300
household_needs,q30_medexp_4.0,cash-medical,difference,-0.0048578554,-0.019483380671590566,-0.012536753434687853,-0.008829084224998951,-0.004544808762148023,-0.0006507095531560481,0.0025983374565839807,0.007207532890606657,0.005881069,False,300
household_needs,q30_medexp_4.0,food-medical,difference,-0.0022258647,-0.013485146476887167,-0.010302945878356696,-0.005896839196793735,-0.001996487146243453,0.002195933600887656,0.006171745853498584,0.010237448196858163,0.005881069,False,300
household_needs,q30_medexp_5.0,cash,form,-0.0025739532,-0.013853409281000494,-0.010404634568840266,-0.006849762168712914,-0.0029242841992527246,0.0006900564476381987,0.004185807146131995,0.008992464141920205,0.0031259754,False,300
household_needs,q30_medexp_5.0,food,form,-0.007848344,-0.01859225085936487,-0.015447107516229153,-0.011820422019809484,-0.007805633125826716,-0.0036852878401987255,0.00030753814498894256,0.0047746680676937076,0.0031259754,False,300
household_needs,q30_medexp_5.0,medical,form,0.017668191,0.007968838373199106,0.0116150738671422,0.014281632844358683,0.017823676578700542,0.02142113773152232,0.024089351482689383,0.028732008533552282,0.0031259754,False,300
household_needs,q30_medexp_5.0,cash-food,difference,0.005274391,-0.012286539003252984,-0.006721129268407821,-0.0013014156138524413,0.004823524272069335,0.010403810534626245,0.01645131651312113,0.020537899993360025,0.0031259754,False,300
household_needs,q30_medexp_5.0,cash-medical,difference,-0.020242145,-0.03715092903003096,-0.03093152232468128,-0.02669842867180705,-0.02080667018890381,-0.01536172698251903,-0.01080834586173296,-0.006275515432935215,0.0031259754,False,300
household_needs,q30_medexp_5.0,food-medical,difference,-0.025516536,-0.04096885584294796,-0.03587212078273296,-0.031345974653959274,-0.02567879483103752,-0.019599623046815395,-0.014667274896055453,-0.01100376341491938,0.0031259754,False,300
household_needs,q30_medexp_6.0,cash,form,0.004502147,-0.009509476250968874,-0.0049636654090136284,0.00024031964494497515,0.005049196304753423,0.009746188065037131,0.014378927834331997,0.01938911876641212,0.006717083,False,300
household_needs,q30_medexp_6.0,food,form,0.0063830097,-0.006659502431284636,-0.0015806725481525062,0.002190497354604304,0.006095469929277897,0.010695416014641523,0.014788370486348868,0.0223086689133197,0.006717083,False,300
household_needs,q30_medexp_6.0,medical,form,0.0062576933,-0.0072916068020276725,-0.002414747350849211,0.002139059768524021,0.005950406426563859,0.010962142143398523,0.01440760102123023,0.0202053794171661,0.006717083,False,300
household_needs,q30_medexp_6.0,cash-food,difference,-0.0018808628,-0.019977904530242084,-0.01433474589139223,-0.007411777274683118,-0.001471712370403111,0.004362989217042923,0.009999041818082342,0.018992347130551913,0.006717083,False,300
household_needs,q30_medexp_6.0,cash-medical,difference,-0.0017555463,-0.020884184492751957,-0.015858958289027215,-0.00836086692288518,-0.0014181130100041628,0.006327328039333224,0.011689430009573705,0.019582830555737,0.006717083,False,300
household_needs,q30_medexp_6.0,food-medical,difference,0.00012531644,-0.01660557114519179,-0.01274096593260765,-0.0055435734102502465,8.730485569685698e-05,0.006334824953228235,0.012096923962235452,0.018367897020652887,0.006717083,False,300
demographics_exposure,q49_citytier_1.0,cash,form,-0.0010137873,-0.011747053638100623,-0.00838330090045929,-0.0048315622843801975,-0.0011158486013300717,0.0030069148051552474,0.006157201342284681,0.008883250644430506,-0.0029437495,False,300
demographics_exposure,q49_citytier_1.0,food,form,-0.004153275,-0.0140044977189973,-0.010857301764190197,-0.007809818023815751,-0.004700507503002882,-0.0014042999246157706,0.0019749350612983108,0.004065571108367294,-0.0029437495,False,300
demographics_exposure,q49_citytier_1.0,medical,form,-0.0019915085,-0.00951416944153607,-0.007401611702516675,-0.005023241857998073,-0.0025791518855839968,0.00027161882462678477,0.002459217468276623,0.004655608173925423,-0.0029437495,False,300
demographics_exposure,q49_citytier_1.0,cash-food,difference,0.0031394875,-0.009900885028764605,-0.005664775520563125,-0.0013961195363663137,0.003499510232359171,0.00834155990742147,0.01243834625929594,0.018249960523098692,-0.0029437495,False,300
demographics_exposure,q49_citytier_1.0,cash-medical,difference,0.0009777212,-0.011871100985445082,-0.0075189809314906595,-0.002872597542591393,0.0012960996245965362,0.005472039338201284,0.010400555841624737,0.015140631096437564,-0.0029437495,False,300
demographics_exposure,q49_citytier_1.0,food-medical,difference,-0.0021617664,-0.015075180865824222,-0.009374672640115022,-0.006258474197238684,-0.002013975870795548,0.0020242423051968217,0.005539210420101884,0.009498047106899311,-0.0029437495,False,300
demographics_exposure,q49_citytier_2.0,cash,form,0.008623359,0.00015675773647672045,0.003175395913422108,0.006113081239163876,0.009263765532523394,0.012153991032391787,0.01432106113061309,0.016162000969052313,0.0026336475,False,300
demographics_exposure,q49_citytier_2.0,food,form,0.0028665108,-0.004939676844514906,-0.002452521282248199,0.00045206565118860453,0.0033754610922187567,0.006578996544703841,0.009071222599595787,0.011910853092558673,0.0026336475,False,300
demographics_exposure,q49_citytier_2.0,medical,form,-0.0040775067,-0.011553142848424614,-0.008538114093244075,-0.006432903930544853,-0.003968796459957957,-0.0011610616638790816,0.0007460861292202028,0.003289402439258992,0.0026336475,False,300
demographics_exposure,q49_citytier_2.0,cash-food,difference,0.005756848,-0.005901068891398608,-0.0019859104184433815,0.0014292040723375976,0.005847389344125986,0.009807781782001257,0.013136879075318582,0.017446451075375076,0.0026336475,False,300
demographics_exposure,q49_citytier_2.0,cash-medical,difference,0.012700865,0.0010418137855594978,0.004697134857997299,0.009120798669755459,0.013015882577747107,0.01689288066700101,0.020523606427013875,0.023680637031793586,0.0026336475,False,300
demographics_exposure,q49_citytier_2.0,food-medical,difference,0.0069440175,-0.003613719972781837,-0.00035770009271800517,0.002977763710077852,0.007186994189396501,0.011345918523147702,0.015159699041396382,0.018466214090585707,0.0026336475,False,300
demographics_exposure,q49_citytier_3.0,cash,form,-0.001783525,-0.011096875416114926,-0.007383843511343002,-0.0047956876223906875,-0.0017727291560731828,0.0008955861558206379,0.004626469174399972,0.008377965295221617,0.0039869975,False,300
demographics_exposure,q49_citytier_3.0,food,form,0.007399518,-0.0030621777987107635,0.0005114572704769672,0.003875086607877165,0.007116976659744978,0.010775701608508825,0.014538174867630007,0.017103194352239365,0.0039869975,False,300
demographics_exposure,q49_citytier_3.0,medical,form,0.00737032,-0.002664706914220005,0.001159397070296109,0.004043986322358251,0.007227371679618955,0.010403783293440938,0.012509092967957262,0.015963658690452572,0.0039869975,False,300
demographics_exposure,q49_citytier_3.0,cash-food,difference,-0.009183043,-0.023310192115604877,-0.018201576732099056,-0.013649150729179382,-0.008772063069045544,-0.004132886067964137,5.405503325164411e-05,0.004216341534629448,0.0039869975,False,300
demographics_exposure,q49_citytier_3.0,cash-medical,difference,-0.009153845,-0.021267671883106232,-0.017160306312143804,-0.013266968075186014,-0.008801620919257402,-0.0048070274060592055,-0.00047680782154202315,0.004269848729018119,0.0039869975,False,300
demographics_exposure,q49_citytier_3.0,food-medical,difference,2.9197894e-05,-0.013238079310394823,-0.008497933112084865,-0.004741954966448247,-0.00011850404553115368,0.005042688106186688,0.008545669261366134,0.013105601584538815,0.0039869975,False,300
demographics_exposure,q49_citytier_4.0,cash,form,-0.0086395815,-0.01897065485827625,-0.015958601981401442,-0.012927131960168481,-0.008641562424600124,-0.005154038197360933,-0.0017549931770190596,0.0002485815068212064,-0.004200074,False,300
demographics_exposure,q49_citytier_4.0,food,form,-0.009862404,-0.01953822039067745,-0.015870137698948385,-0.012802714016288519,-0.009218656923621893,-0.006169358151964843,-0.0027633568271994585,0.00019564867216104013,-0.004200074,False,300
demographics_exposure,q49_citytier_4.0,medical,form,0.004346917,-0.004040573164820671,-0.0012419565697200591,0.0014922150003258139,0.004544690018519759,0.0075243632309138775,0.010445027053356171,0.012981054163537915,-0.004200074,False,300
demographics_exposure,q49_citytier_4.0,cash-food,difference,0.0012228228,-0.014927616366185248,-0.009366792254149913,-0.00530595239251852,0.0006535220891237259,0.005646408651955426,0.009792100079357624,0.014916685316711663,-0.004200074,False,300
demographics_exposure,q49_citytier_4.0,cash-medical,difference,-0.012986498,-0.027035284880548717,-0.02253660149872303,-0.018664805684238672,-0.01392467925325036,-0.008367168484255672,-0.005296146031469101,0.00030690459534525203,-0.004200074,False,300
demographics_exposure,q49_citytier_4.0,food-medical,difference,-0.014209321,-0.02686253311112523,-0.021995140984654427,-0.0185105768032372,-0.014287604484707117,-0.009545266861096025,-0.005533133540302511,-0.0014085958508076226,-0.004200074,False,300
demographics_exposure,q49_citytier_5.0,cash,form,-0.0004426607,-0.010866246721707284,-0.007743222452700138,-0.004404679290018976,-0.0007431234989780933,0.0033687244285829365,0.007020069472491742,0.00921261291950941,-0.0003896953,False,300
demographics_exposure,q49_citytier_5.0,food,form,0.0029539405,-0.006875973858404905,-0.004096579831093549,-0.0012758531665895134,0.0022829045774415135,0.005801328690722585,0.008893816452473403,0.011975049623288204,-0.0003896953,False,300
demographics_exposure,q49_citytier_5.0,medical,form,-0.004424188,-0.012622803798876703,-0.009389956016093493,-0.007286825217306614,-0.004158445866778493,-0.0008858976507326588,0.0015366362640634181,0.003938414820004253,-0.0003896953,False,300
demographics_exposure,q49_citytier_5.0,cash-food,difference,-0.0033966012,-0.01651390395127237,-0.01156722279265523,-0.007245546788908541,-0.0033129004295915365,0.001336431596428156,0.00689544961787761,0.01115810598712414,-0.0003896953,False,300
demographics_exposure,q49_citytier_5.0,cash-medical,difference,0.003981527,-0.010258263722062112,-0.005087105510756373,-0.0009196519386023283,0.003710670047439635,0.007833513082005084,0.01303964648395777,0.015657326905056824,-0.0003896953,False,300
demographics_exposure,q49_citytier_5.0,food-medical,difference,0.0073781284,-0.006228929827921092,-0.002576519688591361,0.0015542615437880158,0.006148019339889288,0.011358745861798525,0.014726054016500725,0.019761084113270027,-0.0003896953,False,300
demographics_exposure,q41_gender_1.0,cash,form,0.0048003127,-0.0007050437969155609,0.0006645198620390148,0.002814935229253024,0.004913166165351868,0.007005737395957112,0.008608218748122455,0.010743665997870265,0.0051940046,False,300
demographics_exposure,q41_gender_1.0,food,form,0.00575721,0.00031607807613909255,0.0020983076188713316,0.004118156968615949,0.006160296266898513,0.008136395830661058,0.010046101920306685,0.012140927719883612,0.0051940046,False,300
demographics_exposure,q41_gender_1.0,medical,form,0.004707177,-0.00040987025276990603,0.0011911554145626726,0.0028838812722824514,0.004886468639597297,0.0065172124886885285,0.008430592436343434,0.009759121644310647,0.0051940046,False,300
demographics_exposure,q41_gender_1.0,cash-food,difference,-0.00095689716,-0.009069390408694743,-0.006730642821639776,-0.004587905132211745,-0.0010067168623209,0.0016629680758342147,0.003767818864434962,0.0067017626599408684,0.0051940046,False,300
demographics_exposure,q41_gender_1.0,cash-medical,difference,9.313552e-05,-0.007404831645544618,-0.005301982583478093,-0.002878370287362486,4.195875953882933e-05,0.0027198517927899957,0.005071279034018519,0.00815267148427665,0.0051940046,False,300
demographics_exposure,q41_gender_1.0,food-medical,difference,0.0010500327,-0.006542955129407346,-0.0038303104229271408,-0.001080215472029522,0.0013259730767458677,0.0041506021516397595,0.006507868506014349,0.009797271387651556,0.0051940046,False,300
demographics_exposure,q41_gender_2.0,cash,form,-0.004800404,-0.010743746557272971,-0.008608247339725494,-0.00700571748893708,-0.004913141718134284,-0.0028148690471425653,-0.0006645233253948371,0.0007050290718325408,-0.0051942365,False,300
demographics_exposure,q41_gender_2.0,food,form,-0.00575718,-0.012140759732574224,-0.010046226438134909,-0.008136388612911105,-0.0061602722853422165,-0.004118195967748761,-0.0020983627298846804,-0.0003160743013722868,-0.0051942365,False,300
demographics_exposure,q41_gender_2.0,medical,form,-0.004706949,-0.009759128699079156,-0.008430470898747443,-0.006517403642646968,-0.004886379232630134,-0.0028838407015427947,-0.001191121037118136,0.0004098633027751915,-0.0051942365,False,300
demographics_exposure,q41_gender_2.0,cash-food,difference,0.0009567761,-0.006701918190810829,-0.003767898958176374,-0.001662907947320491,0.0010065825190395117,0.0045878279488533735,0.006730805709958077,0.00906927480828016,-0.0051942365,False,300
demographics_exposure,q41_gender_2.0,cash-medical,difference,-9.345496e-05,-0.008152869576588274,-0.005071326345205307,-0.002719711512327194,-4.1934545151889324e-05,0.002878500847145915,0.005302053457126023,0.007404711656272405,-0.0051942365,False,300
demographics_exposure,q41_gender_2.0,food-medical,difference,-0.001050231,-0.009797210525721311,-0.006507808435708284,-0.004150525783188641,-0.0013259376864880323,0.0010803133773151785,0.003830319596454505,0.0065429488662630255,-0.0051942365,False,300
demographics_exposure,q23_hukou_1.0,cash,form,-0.0010329486,-0.009236630448140205,-0.00522411004640162,-0.0030729197897017,-0.0011235441779717803,0.0013906264503020793,0.0034978425363078737,0.005991298705339424,-0.0039146603,False,300
demographics_exposure,q23_hukou_1.0,food,form,0.00037774775,-0.005721085984259844,-0.004104444570839405,-0.0018041272414848208,0.0005274100403767079,0.0027526163612492383,0.004605668224394322,0.006900502112694077,-0.0039146603,False,300
demographics_exposure,q23_hukou_1.0,medical,form,-0.012171101,-0.01804396603256464,-0.01600029692053795,-0.014201717916876078,-0.012039943598210812,-0.010293812025338411,-0.008434702549129723,-0.00619325092993677,-0.0039146603,False,300
demographics_exposure,q23_hukou_1.0,cash-food,difference,-0.0014106964,-0.012233064579777419,-0.007419322291389108,-0.0043437001295387745,-0.0014754971489310265,0.002112648158799857,0.004663152899593116,0.00767959184013306,-0.0039146603,False,300
demographics_exposure,q23_hukou_1.0,cash-medical,difference,0.011138152,0.0009663035627454521,0.005633671348914504,0.00836793752387166,0.011044130194932222,0.013858101796358824,0.01683972794562578,0.020527212601155035,-0.0039146603,False,300
demographics_exposure,q23_hukou_1.0,food-medical,difference,0.012548849,0.004597594786901027,0.00720366551540792,0.00978091568686068,0.012604677118360996,0.015500442823395133,0.018409386090934277,0.0201640538405627,-0.0039146603,False,300
demographics_exposure,q23_hukou_2.0,cash,form,0.0028980325,-0.0041404399904422465,-0.0017062772414647043,0.0005512344796443358,0.002795616863295436,0.005491797812283039,0.007344719208776951,0.010382564994506537,0.0036554553,False,300
demographics_exposure,q23_hukou_2.0,food,form,0.0003255469,-0.006215590564534068,-0.0037071139318868517,-0.0020988021860830486,-1.7079532426578226e-05,0.0028596982010640204,0.004675473086535931,0.006758941640146077,0.0036554553,False,300
demographics_exposure,q23_hukou_2.0,medical,form,0.00792974,0.0022386045136954637,0.0038148464402183893,0.005690335179679096,0.007874376140534878,0.010029478464275599,0.011837491113692523,0.013702909438870843,0.0036554553,False,300
demographics_exposure,q23_hukou_2.0,cash-food,difference,0.0025724857,-0.007026330416556448,-0.0039066331228241324,-0.0011393475579097867,0.0027779301162809134,0.005910774692893028,0.00887856250628829,0.013184619066305452,0.0036554553,False,300
demographics_exposure,q23_hukou_2.0,cash-medical,difference,-0.0050317068,-0.013921353965997696,-0.011078836861997843,-0.008052913006395102,-0.004870736040174961,-0.001965895644389093,0.0005933582782745391,0.004426140559371557,0.0036554553,False,300
demographics_exposure,q23_hukou_2.0,food-medical,difference,-0.0076041925,-0.0163690107408911,-0.013136287406086921,-0.010290104430168867,-0.007780016399919987,-0.0045305934036150575,-0.002024884568527339,0.0013804953312501285,0.0036554553,False,300
demographics_exposure,q23_hukou_3.0,cash,form,-0.0094685545,-0.02122920178808272,-0.017646886594593524,-0.013764550210908055,-0.009735924657434225,-0.005919132730923593,-0.0017518621985800553,0.0013848499831510634,0.0012317621,False,300
demographics_exposure,q23_hukou_3.0,food,form,-0.0035642425,-0.012963903928175568,-0.01005817549303174,-0.007990730926394463,-0.004251249134540558,-0.0003249532383051701,0.002434480329975492,0.006790571217425168,0.0012317621,False,300
demographics_exposure,q23_hukou_3.0,medical,form,0.021438815,0.004021910979645328,0.011224666610360146,0.016541188582777977,0.021405366249382496,0.027524557895958424,0.03203436359763146,0.03991421507671475,0.0012317621,False,300
demographics_exposure,q23_hukou_3.0,cash-food,difference,-0.0059043122,-0.022632873384281993,-0.015228184219449757,-0.010925427079200745,-0.005157949402928352,-0.0005779924103990197,0.003354963986203079,0.008015615167096255,0.0012317621,False,300
demographics_exposure,q23_hukou_3.0,cash-medical,difference,-0.03090737,-0.05230292230844498,-0.044752674922347066,-0.037780691869556904,-0.030774792656302452,-0.025759503711014986,-0.019087644666433333,-0.009755348623730273,0.0012317621,False,300
demographics_exposure,q23_hukou_3.0,food-medical,difference,-0.025003057,-0.04557645851746202,-0.0386301513761282,-0.03226756304502487,-0.026054099202156067,-0.01858031889423728,-0.012816949468106024,-0.007407242991030222,0.0012317621,False,300
resources_position,q24_workstat_1.0,cash,form,0.004719137,-0.003197251446545124,-0.0003790693474002182,0.0020750801195390522,0.004906381713226438,0.007969958242028952,0.01062967907637358,0.01297816836740821,0.0050007454,False,300
resources_position,q24_workstat_1.0,food,form,0.009971038,0.001314378352253698,0.005351791810244322,0.007820839062333107,0.010220201686024666,0.012800333555787802,0.015749339200556278,0.01827832721173763,0.0050007454,False,300
resources_position,q24_workstat_1.0,medical,form,0.0030621213,-0.0038485777797177432,-0.001284974289592355,0.0007068946142680943,0.0034282661508768797,0.00583428202662617,0.008146616443991665,0.011188400536775587,0.0050007454,False,300
resources_position,q24_workstat_1.0,cash-food,difference,-0.005251901,-0.01684654620476067,-0.01220436980947852,-0.008995423326268792,-0.005296432180330157,-0.0015719144139438868,0.0019881058484315876,0.005848369037266802,0.0050007454,False,300
resources_position,q24_workstat_1.0,cash-medical,difference,0.0016570159,-0.011117590917274356,-0.005633493606001138,-0.0021422728314064443,0.001605549652595073,0.005770124611444771,0.008669070247560742,0.013438884890638292,0.0050007454,False,300
resources_position,q24_workstat_1.0,food-medical,difference,0.006908917,-0.0037302556447684765,-0.0002736588940024374,0.003009226522408426,0.006833414547145367,0.010405673645436764,0.014632983598858118,0.019626275170594454,0.0050007454,False,300
resources_position,q24_workstat_2.0,cash,form,-0.0014081299,-0.011554025672376156,-0.007933160290122032,-0.00453653943259269,-0.0007769798976369202,0.002005811780691147,0.004848530096933246,0.007433920470066368,0.0024087352,False,300
resources_position,q24_workstat_2.0,food,form,-0.0025406496,-0.012659035879187286,-0.009718634095042944,-0.0063940881518647075,-0.0022148392163217068,0.002354290510993451,0.00575504070147872,0.009998368076048775,0.0024087352,False,300
resources_position,q24_workstat_2.0,medical,form,0.008607838,-0.002422896825009957,0.0018193919793702664,0.005008760024793446,0.009233638178557158,0.013110734289512038,0.016598157584667206,0.020173886278644203,0.0024087352,False,300
resources_position,q24_workstat_2.0,cash-food,difference,0.0011325197,-0.014985625795088709,-0.009756881464272737,-0.0044185081496834755,0.000727407110389322,0.0068531116703525186,0.01060929419472814,0.015332439821213472,0.0024087352,False,300
resources_position,q24_workstat_2.0,cash-medical,difference,-0.010015968,-0.024207003135234117,-0.0198123250156641,-0.015710868407040834,-0.010380314197391272,-0.004462089855223894,-0.001299967302475123,0.002982929523568584,0.0024087352,False,300
resources_position,q24_workstat_2.0,food-medical,difference,-0.011148488,-0.026269471179693936,-0.02221129834651947,-0.016922142822295427,-0.011514497920870781,-0.005690446007065475,-0.00022784299217163664,0.006012428947724402,0.0024087352,False,300
resources_position,q24_workstat_3.0,cash,form,-0.003111858,-0.013826893619261682,-0.009924911428242922,-0.0065158221404999495,-0.0024933754466474056,0.0013090069114696234,0.004860524041578178,0.00804148404859006,-0.0038674865,False,300
resources_position,q24_workstat_3.0,food,form,0.00028993963,-0.011943655763752758,-0.007220775075256825,-0.00417560909409076,-0.0005818642675876617,0.003532380098477006,0.006483746133744718,0.012400359124876548,-0.0038674865,False,300
resources_position,q24_workstat_3.0,medical,form,-0.010149136,-0.021991300163790584,-0.018103137612342834,-0.014379802625626326,-0.010829994920641184,-0.007007496897131205,-0.003110302705317735,0.001501643480150956,-0.0038674865,False,300
resources_position,q24_workstat_3.0,cash-food,difference,-0.0034017975,-0.018985685938969255,-0.013751100935041904,-0.007609918713569641,-0.002090584486722946,0.0033042262657545507,0.007089460827410226,0.01311625509988515,-0.0038674865,False,300
resources_position,q24_workstat_3.0,cash-medical,difference,0.0070372783,-0.006495276466012001,-0.003352398378774524,0.0026661991141736507,0.007759833009913564,0.013903425773605704,0.018747230432927614,0.022992530465126036,-0.0038674865,False,300
resources_position,q24_workstat_3.0,food-medical,difference,0.0104390755,-0.00659881861647591,5.806088447570945e-05,0.004769701161421835,0.010476067196577787,0.016210461035370827,0.0212583389133215,0.02682781890034675,-0.0038674865,False,300
resources_position,q24_workstat_4.0,cash,form,-0.0056463527,-0.015661529591307045,-0.012442685849964618,-0.009931596927344799,-0.006351661402732134,-0.0032293013646267354,-0.0005652805382851497,0.003892957296920928,-0.004758427,False,300
resources_position,q24_workstat_4.0,food,form,-0.009054259,-0.017776826536282896,-0.01501560639590025,-0.012426874367520213,-0.009054895490407944,-0.00635468540713191,-0.003752046008594332,0.00011066576334996954,-0.004758427,False,300
resources_position,q24_workstat_4.0,medical,form,-0.00020967767,-0.008977480628527702,-0.005701451189815998,-0.0029105793801136315,-2.7625496841210406e-05,0.0027854956570081413,0.005759339500218633,0.008099098340608171,-0.004758427,False,300
resources_position,q24_workstat_4.0,cash-food,difference,0.0034079067,-0.010507890675216913,-0.005627333326265216,-0.00175072334241122,0.0030760124791413546,0.007394320913590491,0.010874729603528982,0.016014527855440965,-0.004758427,False,300
resources_position,q24_workstat_4.0,cash-medical,difference,-0.005436675,-0.019415806280449033,-0.015077577624469995,-0.010475533548742533,-0.006464879726991057,-0.001941841037478298,0.0022227120585739633,0.007156881422270088,-0.004758427,False,300
resources_position,q24_workstat_4.0,food-medical,difference,-0.008844581,-0.022429820988327263,-0.018366227857768536,-0.013370694126933813,-0.008896769024431705,-0.004621898173354566,-0.0006917412509210407,0.004439870291389522,-0.004758427,False,300
resources_position,q24_workstat_5.0,cash,form,0.005086086,-0.008277939027175307,-0.0036980652948841453,0.0003164006629958749,0.004918136168271303,0.009406328899785876,0.01369906496256591,0.01928111915476619,0.0001357617,False,300
resources_position,q24_workstat_5.0,food,form,-0.0052720103,-0.015523553523235022,-0.012247272953391074,-0.009240638930350542,-0.0053487843833863735,-0.0012358833046164364,0.0023931151023134593,0.004962829814758141,0.0001357617,False,300
resources_position,q24_workstat_5.0,medical,form,-0.0004225073,-0.011564603028818964,-0.008212966471910476,-0.004898917744867504,-0.0010092794545926154,0.002944530686363578,0.006223551370203496,0.010641697165556225,0.0001357617,False,300
resources_position,q24_workstat_5.0,cash-food,difference,0.010358097,-0.008381515764631331,-0.0015089557273313392,0.004849571152590215,0.010110032744705677,0.016852525994181633,0.02094656899571419,0.02862748834304507,0.0001357617,False,300
resources_position,q24_workstat_5.0,cash-medical,difference,0.0055085933,-0.011966735403984784,-0.006938606454059481,-0.0005275256116874516,0.005839457968249917,0.012528307270258665,0.019067669846117498,0.024985356256365752,0.0001357617,False,300
resources_position,q24_workstat_5.0,food-medical,difference,-0.004849503,-0.018403755500912666,-0.013710758183151484,-0.009688966441899538,-0.004834636813029647,0.0009199152264045551,0.00640159868635238,0.011009527347050602,0.0001357617,False,300
resources_position,q25_unittype_1.0,cash,form,0.0048994357,-0.007214401452802121,-0.0027138495584949846,0.0010067927360069007,0.005535026313737035,0.009526106528937817,0.012454329896718267,0.01573406720999627,0.00014717478,False,300
resources_position,q25_unittype_1.0,food,form,-0.0020376232,-0.01305612176656723,-0.008908908441662788,-0.0054127981420606375,-0.0019756625406444073,0.001676433254033327,0.0050236982293427,0.010448647453449665,0.00014717478,False,300
resources_position,q25_unittype_1.0,medical,form,-0.0031290895,-0.014007224515080453,-0.010555049125105142,-0.007452398305758834,-0.003395395237021148,-0.00014398110943147913,0.00388210767414421,0.006494832201860845,0.00014717478,False,300
resources_position,q25_unittype_1.0,cash-food,difference,0.0069370586,-0.010681145102716982,-0.0028608407359570257,0.0012960099265910685,0.00768946623429656,0.012212610803544521,0.016875172965228558,0.02242452609352765,0.00014717478,False,300
resources_position,q25_unittype_1.0,cash-medical,difference,0.008028525,-0.007120933965779841,-0.0013322270475327963,0.002898228296544403,0.008520606905221939,0.014108732808381319,0.018574863113462927,0.02466363627463577,0.00014717478,False,300
resources_position,q25_unittype_1.0,food-medical,difference,0.0010914663,-0.013304753764532506,-0.008710542321205139,-0.0035233701346442103,0.001011684478726238,0.00697538978420198,0.012188271712511784,0.017832091404125085,0.00014717478,False,300
resources_position,q25_unittype_2.0,cash,form,0.0077533326,-0.0013542545260861508,0.0011714305379427969,0.004197530681267381,0.00821621809154749,0.011784326285123825,0.015219594165682797,0.01903993156738578,0.00636133,False,300
resources_position,q25_unittype_2.0,food,form,0.00076175714,-0.01006414913572371,-0.006801199866458774,-0.0033526502666063607,0.0003459399740677327,0.004956470220349729,0.008203807938843972,0.011795650864951312,0.00636133,False,300
resources_position,q25_unittype_2.0,medical,form,0.0059380922,-0.004691897029988468,-0.001261090743355453,0.0017145761230494827,0.005478549050167203,0.009774105390533805,0.013830634579062471,0.01623458308167755,0.00636133,False,300
resources_position,q25_unittype_2.0,cash-food,difference,0.0069915755,-0.006295612757094204,-0.0021501407725736496,0.0027936455444432795,0.007705029798671603,0.01268025184981525,0.017391818203032018,0.02277266499586403,0.00636133,False,300
resources_position,q25_unittype_2.0,cash-medical,difference,0.0018152404,-0.013149388832971454,-0.007988931518048048,-0.0031181374797597528,0.002630246104672551,0.008573607541620731,0.012410140410065652,0.016018764907494185,0.00636133,False,300
resources_position,q25_unittype_2.0,food-medical,difference,-0.005176335,-0.020698187919333578,-0.015127106197178363,-0.01076516299508512,-0.005525202490389347,-0.00048713796422816813,0.004848074819892652,0.011468640668317674,0.00636133,False,300
resources_position,q25_unittype_3.0,cash,form,-0.0021171495,-0.012436005147174,-0.008964951429516078,-0.005325505742803216,-0.0022767484188079834,0.0009555800352245569,0.0037321092328056697,0.006882633455097673,-0.00035007007,False,300
resources_position,q25_unittype_3.0,food,form,0.00061626,-0.009366623708046973,-0.0054336176719516505,-0.002836145635228604,0.00028572451265063137,0.003968078177422285,0.007150993822142487,0.01061223119031637,-0.00035007007,False,300
resources_position,q25_unittype_3.0,medical,form,0.001347781,-0.007339101424440742,-0.0039620616007596254,-0.0013626180589199066,0.0014748897519893944,0.004261579364538193,0.006457570102065807,0.009568546130321919,-0.00035007007,False,300
resources_position,q25_unittype_3.0,cash-food,difference,-0.0027334094,-0.01812360999174416,-0.012182117998600006,-0.0069573866203427315,-0.002661162754520774,0.001991084311157465,0.005504343565553431,0.009102312684990463,-0.00035007007,False,300
resources_position,q25_unittype_3.0,cash-medical,difference,-0.0034649307,-0.017075088759884238,-0.01213562125340104,-0.0074382402235642076,-0.0036536678671836853,0.0001786223438102752,0.004360694391652943,0.008355234540067612,-0.00035007007,False,300
resources_position,q25_unittype_3.0,food-medical,difference,-0.00073152105,-0.012797927716746926,-0.008753267303109168,-0.005611601751297712,-0.000710055697709322,0.0030721997609362006,0.0074141398072242745,0.0121789330849424,-0.00035007007,False,300
resources_position,q25_unittype_4.0,cash,form,-0.0059396075,-0.013977859145961702,-0.011500813439488411,-0.008649167837575078,-0.00529024051502347,-0.0017133096989709884,0.001716526795644315,0.005081275163684039,-0.0017305221,False,300
resources_position,q25_unittype_4.0,food,form,-0.0006162614,-0.010079843015410006,-0.006384221743792296,-0.003458476916421205,-0.0008915418875403702,0.0024383983109146357,0.005805745534598828,0.010036518657580018,-0.0017305221,False,300
resources_position,q25_unittype_4.0,medical,form,0.0013097005,-0.006568332342430949,-0.004259599465876817,-0.001173790980828926,0.001594232686329633,0.004515924141742289,0.007186689088121057,0.01008736030198632,-0.0017305221,False,300
resources_position,q25_unittype_4.0,cash-food,difference,-0.0053233462,-0.01809802670031786,-0.014359573647379876,-0.00915954215452075,-0.004825757350772619,-0.00032757793087512255,0.00463164527900518,0.010169761162251227,-0.0017305221,False,300
resources_position,q25_unittype_4.0,cash-medical,difference,-0.007249308,-0.018228715844452383,-0.014530983567237853,-0.011084393598139286,-0.007082916097715497,-0.0020976500236429274,0.0016827281331643464,0.0059766604565083875,-0.0017305221,False,300
resources_position,q25_unittype_4.0,food-medical,difference,-0.0019259619,-0.013816834427416325,-0.010043449886143207,-0.006252623163163662,-0.002210700768046081,0.0022256498923525214,0.006154685281217107,0.010326925734989344,-0.0017305221,False,300
resources_position,q25_unittype_5.0,cash,form,-0.0071151233,-0.01651376555673778,-0.014033930003643036,-0.010206979233771563,-0.007414980325847864,-0.0032734222477301955,-3.795216143771452e-05,0.0026388032012619016,-0.0073026503,True,300
resources_position,q25_unittype_5.0,food,form,-0.0049118074,-0.014174591633491218,-0.010872191842645406,-0.007966732140630484,-0.0043883060570806265,-0.0013108153943903744,0.0013450785656459634,0.0033373467973433386,-0.0073026503,True,300
resources_position,q25_unittype_5.0,medical,form,-0.0060247686,-0.01497404722031206,-0.012362595647573471,-0.009521196130663157,-0.006605785572901368,-0.003442189597990364,-0.0008014626975636895,0.0024081158102489944,-0.0073026503,True,300
resources_position,q25_unittype_5.0,cash-food,difference,-0.002203316,-0.015929511422291397,-0.010986609756946562,-0.007567435270175338,-0.002379829529672861,0.002066196291707456,0.006823719898238779,0.012067449418827888,-0.0073026503,True,300
resources_position,q25_unittype_5.0,cash-medical,difference,-0.0010903548,-0.012898997915908695,-0.009493104368448257,-0.005303124664351344,-0.0004938016645610332,0.004066613037139177,0.007812002673745158,0.011979742231778789,-0.0073026503,True,300
resources_position,q25_unittype_5.0,food-medical,difference,0.0011129612,-0.010901659820228815,-0.006606386601924895,-0.00246308435453102,0.001866593025624752,0.005689297686330974,0.00980483945459128,0.014164789044298222,-0.0073026503,True,300
resources_position,q25_unittype_6.0,cash,form,-0.0021819419,-0.013359487475827336,-0.010844487324357032,-0.006211744854226708,-0.0021841778652742505,0.0021272770245559514,0.006341254804283387,0.011806446220725771,-0.0021456028,False,300
resources_position,q25_unittype_6.0,food,form,-0.002602468,-0.013077525678090752,-0.009123057965189219,-0.006531495368108153,-0.0027576740831136703,0.0010046461247839034,0.0039592748042196054,0.007541474245954303,-0.0021456028,False,300
resources_position,q25_unittype_6.0,medical,form,0.0015560554,-0.006838952261023223,-0.004037439683452248,-0.001736726931994781,0.0014198111603036523,0.005178795545361936,0.008616500440984972,0.011597221717238409,-0.0021456028,False,300
resources_position,q25_unittype_6.0,cash-food,difference,0.00042052614,-0.01602888833731413,-0.010382303036749363,-0.004774459404870868,0.0012392878998070955,0.006087375455535948,0.01037846012040973,0.017424905067309718,-0.0021456028,False,300
resources_position,q25_unittype_6.0,cash-medical,difference,-0.0037379973,-0.019645122066140174,-0.014290087018162012,-0.009339275769889355,-0.003769248374737799,0.002491044346243143,0.006580919586122042,0.010957727255299685,-0.0021456028,False,300
resources_position,q25_unittype_6.0,food-medical,difference,-0.0041585234,-0.017837534099817275,-0.01426136465743184,-0.009250239003449678,-0.0038962786784395576,0.00023790238628862426,0.004123464459553366,0.008525103633292015,-0.0021456028,False,300
resources_position,q25_unittype_7.0,cash,form,0.00042223535,-0.012596912705339492,-0.007930770609527826,-0.004497969406656921,-3.6440098483581096e-05,0.004001517780125141,0.006920575024560102,0.011245826119557023,-0.0015209641,False,300
resources_position,q25_unittype_7.0,food,form,-0.0024966085,-0.012516824086196721,-0.009530430007725955,-0.006319391541182995,-0.0021951139206066728,0.0012954738922417164,0.004179929569363594,0.008727063843980426,-0.0015209641,False,300
resources_position,q25_unittype_7.0,medical,form,-0.0065927776,-0.015494588948786258,-0.012975712027400731,-0.009444394148886204,-0.006259768735617399,-0.002329782408196479,0.0011499957181513355,0.0048954843310639136,-0.0015209641,False,300
resources_position,q25_unittype_7.0,cash-food,difference,0.0029188439,-0.014443056960590183,-0.008893597405403852,-0.004876170190982521,0.0028545972891151905,0.007512994343414903,0.01388721838593483,0.017575641116127364,-0.0015209641,False,300
resources_position,q25_unittype_7.0,cash-medical,difference,0.007015013,-0.010952327167615294,-0.006206458387896419,0.00110762775875628,0.005337008507922292,0.01052582054398954,0.01600705981254578,0.021458131307736036,-0.0015209641,False,300
resources_position,q25_unittype_7.0,food-medical,difference,0.004096169,-0.010725034354254603,-0.005976643785834313,-0.002169571351259947,0.0036411413457244635,0.009308263659477234,0.013247785717248928,0.018421052722260325,-0.0015209641,False,300
resources_position,q25_unittype_8.0,cash,form,0.008436968,-0.006377857853658496,-0.00020650222722906603,0.003391247650142759,0.007350969361141324,0.012082817265763879,0.015558420028537514,0.02071041003800928,0.009575805,True,300
resources_position,q25_unittype_8.0,food,form,0.013534666,0.0014912929269485177,0.005202416423708201,0.008602311369031668,0.012417399790138006,0.017778451088815928,0.021434856578707695,0.025937693659216162,0.009575805,True,300
resources_position,q25_unittype_8.0,medical,form,0.007260139,-0.004343018948566168,-0.0007364799908827989,0.003607192658819258,0.007532628020271659,0.011614558519795537,0.0150223944336176,0.01833890276029706,0.009575805,True,300
resources_position,q25_unittype_8.0,cash-food,difference,-0.0050976984,-0.025127070443704724,-0.016529248282313346,-0.011453343322500587,-0.0046010909136384726,-0.0001758676953613758,0.004454653477296237,0.010616373759694374,0.009575805,True,300
resources_position,q25_unittype_8.0,cash-medical,difference,0.0011768285,-0.01752316686324775,-0.010813855193555355,-0.006454903515987098,-0.0005657989531755447,0.006216559209860861,0.012163190543651586,0.0202351267915219,0.009575805,True,300
resources_position,q25_unittype_8.0,food-medical,difference,0.006274527,-0.009632565733045339,-0.005509169865399599,-0.0016628112643957138,0.005927091930061579,0.012084455462172627,0.017620021104812634,0.024784462060779333,0.009575805,True,300
resources_position,q26_housing_1.0,cash,form,0.00429315,-0.002558138681342825,-0.0006393105897586793,0.0015430672792717814,0.0045092429500073195,0.0065979171777144074,0.00895435456186533,0.011461368575692167,0.0029120487,False,300
resources_position,q26_housing_1.0,food,form,0.004463635,-0.003696125914575532,-0.0007964140211697666,0.0012384510191623122,0.0037741787964478135,0.0069284867495298386,0.009058277029544117,0.011404334777034817,0.0029120487,False,300
resources_position,q26_housing_1.0,medical,form,-0.0024167625,-0.009966731374152004,-0.006862473068758845,-0.004970979178324342,-0.002495262073352933,-0.0005534279334824532,0.001829807483591141,0.004500546585768458,0.0029120487,False,300
resources_position,q26_housing_1.0,cash-food,difference,-0.00017048512,-0.009863205347210168,-0.006993614276871085,-0.0035947143333032727,-0.000197642482817173,0.003791728988289833,0.006889546429738403,0.010878240340389297,0.0029120487,False,300
resources_position,q26_housing_1.0,cash-medical,difference,0.0067099123,-0.0030082638142630456,0.0004835379542782903,0.0030577010475099087,0.006627870490774512,0.01061096671037376,0.013285193964838984,0.0168653717264533,0.0029120487,False,300
resources_position,q26_housing_1.0,food-medical,difference,0.0068803974,-0.002753845986444503,0.00013342443853616744,0.0026559302350506186,0.006623212480917573,0.010107024805620313,0.013602813612669707,0.017773700645193454,0.0029120487,False,300
resources_position,q26_housing_2.0,cash,form,-0.007639306,-0.016131882276386022,-0.01303320685401559,-0.010804133024066687,-0.007864196319133043,-0.0054496246157214046,-0.0030840992461889974,-0.0003698209766298648,-0.004766188,False,300
resources_position,q26_housing_2.0,food,form,-0.0028728102,-0.010154741862788797,-0.007580403424799442,-0.005463753128424287,-0.002651350339874625,6.646923429798335e-05,0.0022513011703267738,0.004315432696603236,-0.004766188,False,300
resources_position,q26_housing_2.0,medical,form,-0.0037401847,-0.01065778627526015,-0.007761776307597756,-0.006274352432228625,-0.003941833972930908,-0.00162482017185539,0.0012304688454605661,0.0033047826553229227,-0.004766188,False,300
resources_position,q26_housing_2.0,cash-food,difference,-0.004766496,-0.015652114478871226,-0.012470581196248531,-0.009062733966857195,-0.005580878583714366,-0.0014610502403229475,0.0011809388641268017,0.005710763065144409,-0.004766188,False,300
resources_position,q26_housing_2.0,cash-medical,difference,-0.0038991214,-0.013047480746172369,-0.010784227680414916,-0.008197684772312641,-0.004306044429540634,-0.0006516068824566901,0.0021715424954891253,0.006377541855908925,-0.004766188,False,300
resources_position,q26_housing_2.0,food-medical,difference,0.0008673745,-0.008917536004446447,-0.005604462372139096,-0.0022976481704972684,0.0009698625653982162,0.004548585508018732,0.007665037317201496,0.011898809857666486,-0.004766188,False,300
resources_position,q26_housing_3.0,cash,form,0.005044419,-0.006111274240538478,-0.0030291291186586022,0.0014806834515184164,0.005820209160447121,0.010706372326239944,0.013666706159710886,0.0188700096681714,0.002694149,False,300
resources_position,q26_housing_3.0,food,form,-0.0032017948,-0.013373402506113052,-0.009743114933371544,-0.006771465763449669,-0.002885820809751749,0.0013496047467924654,0.004812260065227753,0.008597754314541814,0.002694149,False,300
resources_position,q26_housing_3.0,medical,form,0.010544841,-0.001596418983535841,0.004004824161529541,0.006616718717850745,0.011184684000909328,0.014498460106551647,0.018642704375088217,0.0225724919233471,0.002694149,False,300
resources_position,q26_housing_3.0,cash-food,difference,0.008246213,-0.007445636531338095,-0.003312412090599537,0.0032663687015883625,0.009058099240064621,0.013823642395436764,0.019525637291371824,0.024777317745611052,0.002694149,False,300
resources_position,q26_housing_3.0,cash-medical,difference,-0.0055004223,-0.0223291230853647,-0.01647535152733326,-0.010424005566164851,-0.004906746093183756,0.0010022222995758057,0.005866864137351515,0.010276191588491185,0.002694149,False,300
resources_position,q26_housing_3.0,food-medical,difference,-0.013746636,-0.029714763909578324,-0.024300829507410526,-0.019544174894690514,-0.013275702949613333,-0.007989022647961974,-0.0032423212192952545,0.0023954253992997,0.002694149,False,300
household_needs,q27_minorchild_1.0,cash,form,0.0017064862,-0.004634437570348382,-0.002533864346332848,-3.300468324596295e-05,0.001717855455353856,0.003935673739761114,0.006422967603430156,0.008408401953056454,-0.0021182557,False,300
household_needs,q27_minorchild_1.0,food,form,-0.0076893573,-0.01428849073126912,-0.011553970351815223,-0.00959955994039774,-0.007195406826213002,-0.004599679377861321,-0.0025574302766472093,-0.0011354331014445062,-0.0021182557,False,300
household_needs,q27_minorchild_1.0,medical,form,-0.0029156238,-0.008351540751755237,-0.006586930993944406,-0.004656721488572657,-0.0024301785742864013,-0.000614988457527943,0.0012800049735233207,0.002875898208003487,-0.0021182557,False,300
household_needs,q27_minorchild_1.0,cash-food,difference,0.009395843,0.00024756108759902426,0.0029620530549436808,0.005513351643458009,0.008906706236302853,0.012297882698476315,0.01476113758981228,0.020337425824254737,-0.0021182557,False,300
household_needs,q27_minorchild_1.0,cash-medical,difference,0.00462211,-0.003911239921581,-0.0012374873971566559,0.0015002644213382155,0.0045104422606527805,0.007538280566222966,0.010286464355885983,0.013825638126581906,-0.0021182557,False,300
household_needs,q27_minorchild_1.0,food-medical,difference,-0.004773733,-0.013993334723636508,-0.009992350451648235,-0.007692702813073993,-0.004642215091735125,-0.0016021871124394238,0.0013679728377610472,0.004545751132536665,-0.0021182557,False,300
household_needs,q27_minorchild_2.0,cash,form,-0.0017064533,-0.008408209821209312,-0.006423067953437566,-0.0039360912051051855,-0.0017180126742459834,3.3268321658397326e-05,0.002533872378990054,0.004634232877288013,0.0021178403,False,300
household_needs,q27_minorchild_2.0,food,form,0.0076892213,0.001135463171522133,0.0025575981475412846,0.004599784384481609,0.007195329992100596,0.009599510813131928,0.011553820781409742,0.014288105070590964,0.0021178403,False,300
household_needs,q27_minorchild_2.0,medical,form,0.002915656,-0.002875647728797048,-0.0012799733551219104,0.0006149722466943786,0.0024299955694004893,0.004656744538806379,0.006586656207218766,0.00835182948503643,0.0021178403,False,300
household_needs,q27_minorchild_2.0,cash-food,difference,-0.009395675,-0.020337740890681744,-0.014760935213416815,-0.012297650100663304,-0.00890664616599679,-0.005513134878128767,-0.0029621741967275736,-0.0002476549358107195,0.0021178403,False,300
household_needs,q27_minorchild_2.0,cash-medical,difference,-0.0046221092,-0.013825665577314794,-0.010286442376673222,-0.007538205129094422,-0.004510076716542244,-0.0015003582811914384,0.0012374530779197812,0.0039112821687012885,0.0021178403,False,300
household_needs,q27_minorchild_2.0,food-medical,difference,0.0047735656,-0.004545938270166516,-0.001368019846267998,0.0016023190109990537,0.00464214407838881,0.00769256497733295,0.009992673993110662,0.013993377308361216,0.0021178403,False,300
demographics_exposure,q31_gotsubsidy_1.0,cash,form,0.011304061,0.0031389676616527143,0.00565842753276229,0.008622514782473445,0.011540825944393873,0.01406422397121787,0.016640194691717625,0.01873290385119616,0.007006921,True,300
demographics_exposure,q31_gotsubsidy_1.0,food,form,0.0052092387,-0.003683918813476339,0.00023935075732879372,0.0027096736012026668,0.0052133777644485235,0.007753541576676071,0.009475398249924183,0.01199296531267464,0.007006921,True,300
demographics_exposure,q31_gotsubsidy_1.0,medical,form,0.0051782373,-0.0008064595225732773,0.0010998025652952492,0.0030390791362151504,0.005124418763443828,0.007582750171422958,0.009720756951719523,0.012075057486072183,0.007006921,True,300
demographics_exposure,q31_gotsubsidy_1.0,cash-food,difference,0.006094822,-0.004531626531388611,-0.001331169856712222,0.00237360259052366,0.006708033848553896,0.010218191426247358,0.013245150633156302,0.017473878851160394,0.007006921,True,300
demographics_exposure,q31_gotsubsidy_1.0,cash-medical,difference,0.0061258236,-0.00349582529743202,-0.0004981291480362415,0.0023401372600346804,0.00604472286067903,0.009821879211813211,0.012722625955939294,0.01602515606209635,0.007006921,True,300
demographics_exposure,q31_gotsubsidy_1.0,food-medical,difference,3.10014e-05,-0.010949666728265584,-0.007434839149937033,-0.0036641781916841865,-3.862642915919423e-05,0.0033480217680335045,0.006328298989683401,0.009152916935272513,0.007006921,True,300
demographics_exposure,q31_gotsubsidy_2.0,cash,form,-0.012148903,-0.019547929475083946,-0.01780306492000818,-0.015172678278759122,-0.012404264882206917,-0.009730762569233775,-0.006973229954019188,-0.005535884492564947,-0.005256287,False,300
demographics_exposure,q31_gotsubsidy_2.0,food,form,-0.003422027,-0.01092200744897127,-0.008298757020384073,-0.005834204028360546,-0.003333294065669179,-0.00016756841068854555,0.0020409252261742975,0.0042201464530080505,-0.005256287,False,300
demographics_exposure,q31_gotsubsidy_2.0,medical,form,-0.0015915179,-0.007775187166407704,-0.006332499999552965,-0.00446345005184412,-0.002020862535573542,0.00038350518298102543,0.002461399626918142,0.004862672300077972,-0.005256287,False,300
demographics_exposure,q31_gotsubsidy_2.0,cash-food,difference,-0.008726876,-0.020219185575842857,-0.017695699632167817,-0.013111060718074441,-0.009569847490638494,-0.0051521946443244815,-0.0014258022885769593,0.002068925870116771,-0.005256287,False,300
demographics_exposure,q31_gotsubsidy_2.0,cash-medical,difference,-0.010557385,-0.020017380826175213,-0.017582958005368708,-0.013726589735597372,-0.010062523186206818,-0.006803156225942075,-0.004937110003083943,-0.0006992517737671942,-0.005256287,False,300
demographics_exposure,q31_gotsubsidy_2.0,food-medical,difference,-0.001830509,-0.01293060954194516,-0.008820039220154285,-0.004956166259944439,-0.0009048508945852518,0.0028796225669793785,0.0052541598677635325,0.009000946767628186,-0.005256287,False,300
demographics_exposure,q31_gotsubsidy_3.0,cash,form,0.0011676414,-0.008756460412405432,-0.00515879294835031,-0.0017533634672872722,0.0011703664786182344,0.005199409788474441,0.008295275736600162,0.012357342033646981,-0.00323246,False,300
demographics_exposure,q31_gotsubsidy_3.0,food,form,-0.0032768492,-0.014144834573380649,-0.010726114641875027,-0.007288937806151807,-0.0038918452337384224,-0.0003218232377548702,0.0051945926621556286,0.007996746618300672,-0.00323246,False,300
demographics_exposure,q31_gotsubsidy_3.0,medical,form,-0.0064140405,-0.013601579912938177,-0.011813180521130562,-0.009289627196267247,-0.006036777514964342,-0.003044345765374601,-0.00033917192922671937,0.002345613634679463,-0.00323246,False,300
demographics_exposure,q31_gotsubsidy_3.0,cash-food,difference,0.0044444907,-0.012242744793184102,-0.004606590047478675,-0.0006920129526406527,0.005303308367729187,0.010600602952763438,0.015427137631922962,0.02038656151853501,-0.00323246,False,300
demographics_exposure,q31_gotsubsidy_3.0,cash-medical,difference,0.007581682,-0.005067502753809094,-0.001912913634441793,0.002833664184436202,0.007616237737238407,0.012197940610349178,0.01618929896503687,0.02151312245987356,-0.00323246,False,300
demographics_exposure,q31_gotsubsidy_3.0,food-medical,difference,0.0031371913,-0.011498686345294117,-0.006156804971396923,-0.0018146652728319168,0.0022163557587191463,0.006869252189062536,0.012532970029860743,0.017128032771870468,-0.00323246,False,300
