draw,maximum_statistic
1,3.3114423347042505
2,2.2615845819327522
3,2.607145423894725
4,2.514140257946605
5,2.573253860353204
6,4.244540647297995
7,2.3412070355047083
8,2.7645723467936483
9,2.371402253021078
10,3.9749524494731863
11,3.3048785869823916
12,2.806815804582481
13,2.8698924925001985
14,2.51529168689277
15,3.3265734062083627
16,2.3814213099105985
17,4.039118928941323
18,2.8267352346460983
19,2.5643387449054655
20,2.797610488541392
21,2.748326339091903
22,3.6927009249010427
23,3.6067705362696607
24,3.178524631236043
25,3.8063551535811038
26,3.4620029630487577
27,4.62718822942658
28,2.6376238936592196
29,3.487198838003309
30,3.4728314417622608
31,3.449972584271925
32,2.891521368006075
33,2.684954299035614
34,4.182746081679597
35,2.5175063803842006
36,3.380323648588143
37,2.646465222730906
38,3.160003003265625
39,3.530228132324218
40,2.8187196887561496
41,3.09791712316781
42,4.675757336329291
43,3.5459854905581625
44,2.2637074332409495
45,3.6610700559973224
46,2.408940178136522
47,3.661040052858179
48,2.547643236256723
49,2.6076985854228876
50,3.7976244447778953
51,2.0950707946324383
52,2.581243418783552
53,3.107560194449306
54,2.559289083078476
55,3.7784906291371163
56,3.198538560534537
57,3.0817616008329534
58,4.720852318951418
59,3.875168024876383
60,3.1384918266382598
61,3.1625534731820752
62,3.825185268611112
63,2.893883788787611
64,4.383635655425808
65,3.4838939049986117
66,3.423623046405682
67,3.574071294427555
68,2.634373889254828
69,3.2876563367556257
70,2.714197457234103
71,2.399429158549132
72,3.4848703072069744
73,2.1329439815592557
74,3.0805088941563974
75,2.4970996457749157
76,3.0594903588566633
77,2.6776294658427564
78,3.4896537402721877
79,2.8496941614247766
80,3.8779402479977434
81,2.3278725240162346
82,2.2458524179509727
83,3.7992685940756723
84,3.448662403908484
85,3.4971261797605835
86,2.3662683685780594
87,3.3028134383646472
88,3.7520328676737833
89,2.795296744266415
90,4.230447762426004
91,2.7992443552213935
92,3.0367982341814606
93,3.0915658730972715
94,3.6455837716918285
95,4.542937330547803
96,2.696240734248621
97,2.6793841324055077
98,3.8321584104860222
99,2.001963253551942
100,4.4367229834365824
101,3.2934698813935928
102,2.93803867196223
103,2.5635497136006293
104,3.627672533970198
105,2.6690511305316633
106,4.310397711205548
107,3.272380275508488
108,2.885594983876982
109,2.8560209329090176
110,3.3137042230089193
111,4.066827806901543
112,3.234633720711001
113,2.7892645704853383
114,2.9023180170232505
115,3.3985846712565273
116,3.532079236511238
117,3.584003891034607
118,2.2565762130268125
119,2.8246436421571137
120,3.279582612292366
121,2.1341345364045825
122,2.9838540081157077
123,3.3859762799224367
124,3.427725917023275
125,3.667008824806769
126,2.549604685395634
127,2.806214332383758
128,2.7093145018232017
129,2.8782129474345632
130,3.117360144981123
131,4.04866588826644
132,3.6143812650166622
133,2.6433599564802837
134,2.7084732818263824
135,3.6160201938912615
136,3.198481160384506
137,2.8336072969297104
138,2.88052335203194
139,2.5661933292491548
140,2.683261494534184
141,3.1810712734884827
142,3.4917560612734535
143,3.285011513144265
144,3.512535924261983
145,2.7753877447423867
146,1.9138115854364603
147,3.879262788420234
148,2.013127994141837
149,4.128250532668088
150,2.9308215510890383
151,3.415861825538228
152,5.234823918641329
153,2.528054394235137
154,2.717814304834421
155,2.8105263982337263
156,4.011225702801582
157,3.3749564542286596
158,2.418702371856495
159,2.3698852548693736
160,3.765561042932208
161,2.912113930872173
162,3.0603405138931143
163,2.827228434514845
164,2.854145875717234
165,3.024427229235398
166,3.02060693285169
167,2.4064029066385006
168,1.7132447892784985
169,2.3696621421032837
170,3.4936694348542003
171,3.0509553419752677
172,2.824034675386
173,3.213269194433035
174,3.4583532949586573
175,3.350729008668532
176,2.0826027661079287
177,2.266901407883834
178,2.7545890821026076
179,3.0720746312310743
180,2.378306396843392
181,3.4679165249410397
182,2.818267532841567
183,2.842082447461291
184,2.903694467656543
185,2.302858321982788
186,2.95407841362379
187,4.145383541004269
188,2.4731464822627167
189,2.9205052289059066
190,2.5824128806632975
191,3.0494970903244987
192,3.783651143558493
193,1.9675485803270838
194,3.0884537197575903
195,3.232814160893744
196,2.5909437689028643
197,2.8993040406914687
198,3.0019968657129232
199,2.42432446452726
200,2.158975247525372
201,2.9398056004250863
202,2.6951882690041016
203,3.0402318289544454
204,2.7039142413516215
205,2.1588517057119088
206,2.3907040655025664
207,2.4988739925729173
208,2.878282370754517
209,2.6595204933537606
210,2.4997255231136184
211,2.6324046960222183
212,2.1268682670162
213,3.8337862778812717
214,3.11665850773709
215,2.5343546520467393
216,2.4403682941821008
217,2.2601665798747472
218,3.0450476393457295
219,2.99315795884605
220,2.8992220794643635
221,2.9972106936751706
222,3.405632641619036
223,3.1184082413787695
224,2.5394692022264964
225,2.7633312326302732
226,2.4437186547246843
227,2.872234544096136
228,1.8078408232142182
229,3.0838704846707765
230,3.2260397656014095
231,3.0155580474515244
232,3.3539989761090436
233,3.3063922856010217
234,3.914483314988578
235,3.2449059149618504
236,2.9221536064676203
237,2.8025165397008442
238,3.4348021101018125
239,3.07252850591185
240,2.6958060067509004
241,3.1620848364141056
242,3.4513787623701684
243,2.7811912296894588
244,2.2020675434096706
245,2.964169377006798
246,3.2924248248140886
247,2.6035439173964234
248,2.6331555223272782
249,2.249527322463067
250,2.97451787087855
251,3.5532177346971174
252,4.560312212399374
253,2.6467949729187747
254,2.020172608388384
255,2.9504752192982333
256,3.4747635603614007
257,2.5875361372362886
258,2.411540779181194
259,2.4259622383044173
260,2.8128207302264037
261,2.9481001871485986
262,2.6930839518047733
263,2.416300510781026
264,2.843722570498225
265,3.0174669165524945
266,2.640931021213223
267,3.6726784751739907
268,2.938576760471276
269,4.192080512405698
270,3.72682165401204
271,3.18979606764218
272,2.9078524022892807
273,3.2902043386625537
274,3.1312500976205953
275,4.370909624108136
276,2.607236680755026
277,3.215948733254022
278,2.18821481399107
279,3.0945229527975515
280,2.1225049759976264
281,4.0975907413231765
282,3.1976531151706813
283,3.7420279638328884
284,3.5794224203846334
285,2.9039145901420484
286,3.080304894635781
287,2.335779715537509
288,2.6644137899773717
289,3.1998560477501563
290,3.3102798554198967
291,2.303972980439508
292,3.4431476958171716
293,2.9208576090918728
294,2.4692086265168762
295,3.6412237988523692
296,2.9282701284967474
297,2.583667301357063
298,2.8787007861183835
299,4.193194200381705
300,2.3188610993237804
301,2.423287029026285
302,3.330664724944989
303,3.049415546452008
304,3.4253457636099456
305,2.754251741150283
306,4.348899759766774
307,2.4015878369178347
308,3.1296744893393655
309,2.3012039432027325
310,2.5358169277613687
311,3.3340952506605044
312,3.0406503151503252
313,2.6748751241997195
314,2.882780151186076
315,3.1892080046298696
316,2.9609855205651083
317,2.841242467605807
318,4.251318721889514
319,3.7587903443242165
320,2.5110014412304498
321,3.225341179592153
322,4.179059001581199
323,3.6967130634646876
324,2.522799745422133
325,2.9232640691339786
326,3.338186383378464
327,2.6072275604524835
328,3.568513824489369
329,2.675640258801974
330,2.8235977776961296
331,2.8019249610502035
332,2.8589821015426673
333,2.527652745585163
334,2.4996755298257827
335,3.683060901627173
336,3.2810212930624387
337,2.1075050651556024
338,2.967018481303671
339,3.9973266880457734
340,3.7126279343408806
341,3.333348346525266
342,3.6956033692249384
343,3.3057608124533493
344,2.780044335366386
345,4.030361481585767
346,2.662573205821356
347,2.4327675531192754
348,2.393236671737878
349,2.9152993096545274
350,2.361315677038659
351,3.3639172436958145
352,2.9079949586909515
353,3.1886676860257537
354,2.817320090121908
355,2.7019435034981987
356,3.0182658864266663
357,2.784214479168282
358,3.1969993880960055
359,3.248064324140299
360,3.2806902937022606
361,2.754251189431377
362,2.663609927004336
363,2.3586357353751524
364,3.229705182751538
365,3.5552997975338174
366,2.5965724933708967
367,2.5798179814755526
368,3.225610803540124
369,2.8956642647660487
370,2.1904305264657946
371,3.2611276857844196
372,3.1255863473017818
373,3.8524807915246497
374,2.6204744297624094
375,2.295273080324962
376,3.088810231234742
377,2.2723253059178816
378,3.9650449907386682
379,3.8450942932201246
380,2.868041196284586
381,3.0216996373195943
382,2.8250373469505417
383,3.570970109676023
384,2.967542467063549
385,3.6414100566777097
386,2.8433233028602576
387,3.185283206939676
388,4.003791336392253
389,3.2589802982248224
390,2.9488313595854407
391,2.9821390537195227
392,2.489972150410271
393,1.8238426936196295
394,3.211682217785866
395,3.3158905115799007
396,2.254888574852055
397,3.52184111047057
398,3.789571036978298
399,2.83647871740388
400,3.2789725471234723
401,2.8186248759544084
402,3.270709996160806
403,2.804399278881408
404,2.4479672637172443
405,2.684574644523156
406,2.5678442442604315
407,2.9341044076046767
408,3.6961911795156537
409,3.575883180973007
410,2.698488677745246
411,2.6690417260415464
412,2.9907568225584633
413,3.510248234912046
414,2.7994128141042447
415,2.5782786716700272
416,2.633610638057422
417,2.60241091522819
418,2.7449006307373183
419,1.9692930890946383
420,4.143048547622909
421,3.9924571880765334
422,2.811718916721306
423,3.260273757228038
424,3.434536249577747
425,3.231186596226467
426,3.2560209526678143
427,2.7192598796735408
428,2.6298662952780463
429,3.430490536042039
430,3.1086952715345633
431,2.5290581965093537
432,2.955897493208136
433,2.564725851793942
434,3.1647231964141374
435,1.9169509949749575
436,3.2502535038209266
437,3.120255269535636
438,2.399737301119257
439,2.0897849056460003
440,2.806742359067394
441,3.0247927051625396
442,3.073207135987131
443,2.984581704098176
444,2.965683016742926
445,2.9463228078788664
446,4.01308336683944
447,2.5932426166856386
448,3.457213627145437
449,3.2510543847792146
450,3.891095328553877
451,3.809212566437389
452,3.2139863418707564
453,2.7925467677239677
454,3.26963716198134
455,2.612680729172952
456,2.979819209905732
457,3.085252829426538
458,2.4500280678991158
459,2.340084660001813
460,2.754412610693997
461,2.715066997003681
462,2.6304383045387025
463,2.5215659440658884
464,4.112956367068411
465,2.45704183025317
466,2.073316676863135
467,2.98733405658544
468,2.734982718192263
469,2.186860533066726
470,2.3666449127015823
471,3.482257040931323
472,2.539957063706397
473,3.984128526028463
474,2.5488346663150767
475,3.1443998608102643
476,2.917566151767477
477,2.827725445299207
478,4.028606700311727
479,3.1217292795326665
480,2.748536864175882
481,2.3175188675570064
482,3.597162577884007
483,2.391924022625959
484,2.859682421279415
485,2.3191045264339256
486,3.171410121591494
487,2.901781031853906
488,3.43563349523367
489,1.8811490304896048
490,3.3933162430365895
491,3.022622069726211
492,3.8252051559786713
493,2.2376870445223314
494,3.3642857049782373
495,3.5774178213492758
496,2.6108048317419392
497,3.1146129211542015
498,2.72171127725316
499,2.88318456446402
500,2.5120661943318625
501,2.1542852769940235
502,2.441281826955259
503,2.471608881707779
504,3.47991237781266
505,2.7625121694280255
506,2.5948032209954297
507,2.8382497566773552
508,3.2373231853203555
509,3.2527319862801165
510,3.164681511618716
511,3.619627566035442
512,3.070865114398908
513,3.664464980888296
514,2.7638249724759882
515,3.9938114266157543
516,2.5874963319702706
517,3.2435988441161516
518,3.4145306391009584
519,2.9501376346838355
520,3.0320545732896216
521,2.691323424323254
522,2.776204660920784
523,2.8824056776358216
524,3.049941485242293
525,2.279450467698569
526,2.325578199292891
527,3.664898836430236
528,3.5857524332469892
529,4.028260513406728
530,4.210013642032136
531,3.3773488486586176
532,3.4091883947176806
533,3.3212826144495313
534,2.753755738078736
535,2.3552131513231545
536,2.587408236865338
537,3.695271190822082
538,2.3308435078824354
539,3.2162791403820536
540,3.4640961708521987
541,3.00640194160617
542,2.559861741948595
543,3.0206682236787037
544,2.806730420688915
545,2.7836250544705368
546,3.159164503332681
547,2.9701099386030645
548,3.0482736690874925
549,3.022211948928407
550,2.716214000803358
551,3.0884029941075646
552,2.408455855812221
553,3.4329131724695205
554,2.642766817492619
555,3.4957478955446373
556,3.1972815323685904
557,2.5112846371021718
558,2.4468113227343626
559,3.0393532580333393
560,3.043509887334075
561,2.949845350318659
562,2.4834894377571635
563,3.875839265230407
564,4.078825647631353
565,3.441111680535626
566,2.345636652798325
567,3.3067575115651073
568,2.18280334031627
569,2.903728355612267
570,3.6414659581616253
571,2.26674314675646
572,3.565838378518809
573,3.100920049737011
574,3.404134771338432
575,2.4280173320009624
576,3.0659066470980694
577,2.6841976433104886
578,3.104991590525114
579,2.6910658885007694
580,2.775167067696513
581,2.4414145332045494
582,3.719693451481141
583,3.0051293180066554
584,3.004154082623951
585,2.861210535091757
586,3.212124968949518
587,3.390268923177431
588,2.9586891525702224
589,2.947630842058465
590,2.5828220263398074
591,3.869111088981215
592,2.944442339211234
593,2.6291385605948663
594,3.071850684175889
595,3.974442631466425
596,3.6163941470572496
597,2.5348866622642343
598,2.232628385724494
599,2.9859843853620935
600,3.132182432241372
601,3.619834241830736
602,3.2707097729099632
603,2.4941487840089382
604,3.467002026524257
605,2.8085250525583803
606,3.5765424912341843
607,2.9500262456154918
608,3.3606560205799023
609,2.382125355473314
610,2.6874158123040606
611,3.475300603236915
612,3.834929524242971
613,2.2655961514948024
614,2.301738998381415
615,3.126920479861457
616,2.8548121711962997
617,3.0031531742572897
618,2.750570168919664
619,2.6496160792842685
620,3.35883983539762
621,2.7797834783989654
622,3.3432089334920136
623,3.3657449473794854
624,2.191159941370031
625,2.5378707545670824
626,3.167606818923201
627,2.9676576575108347
628,4.690239399284471
629,3.1250554488221836
630,3.405086442193783
631,3.0350878964959396
632,2.743835266118516
633,2.7404859402859114
634,2.724445414800654
635,2.4653827719967008
636,2.3709072293352698
637,3.0592301321703124
638,3.389699109961419
639,3.314248146803353
640,3.596112753025979
641,3.392908876567867
642,2.7922640633682887
643,3.1091748808784336
644,3.029184346614604
645,3.330531846972208
646,3.423663698216381
647,3.962692308220947
648,3.150312343222956
649,2.6071198853225255
650,2.8980630699267786
651,2.9392211433939743
652,3.1253503726722722
653,3.6921596305662465
654,2.8662117320789333
655,3.638037577607941
656,3.544663309095374
657,2.514687459895279
658,3.1467201357721097
659,2.2614238493632115
660,3.953663096772554
661,2.664634891377775
662,3.431745047653781
663,3.301758426675235
664,2.7056559994000113
665,2.7781653456092217
666,3.7288253894015173
667,2.436675580970201
668,2.90378838773392
669,3.592180676271958
670,3.8171924289481045
671,2.8234825751187693
672,3.609169488305839
673,4.299003632686482
674,2.8793796325124377
675,3.089556793047546
676,3.356328946402335
677,3.566557361397723
678,2.8924611036325123
679,3.747290781872836
680,4.002388716764989
681,2.6010824010482883
682,3.95549938552049
683,4.071204437781912
684,2.8851232420938326
685,2.9931178195398984
686,2.832594723285818
687,3.918250306979421
688,1.6044872420238034
689,2.022002835297181
690,3.3509653449866432
691,3.6205569701865152
692,2.2551144133526684
693,3.9897435659458003
694,4.176590312388979
695,2.7709894879909918
696,2.466201575011711
697,2.876764031828595
698,3.9748839411196824
699,2.438341600719993
700,3.287767827491914
701,2.8942912302093777
702,2.358810634722561
703,1.8720816843387298
704,2.8335483591622412
705,2.7812142461589757
706,4.103360610215835
707,2.825918594407947
708,3.3139938708190306
709,2.3928644755524893
710,2.6788708325587347
711,3.252552727397228
712,2.8239341865623038
713,2.6044980043801473
714,4.237886427829597
715,2.271501047594989
716,2.953560938902835
717,2.383914879414764
718,3.0865963609345646
719,2.6584683508415683
720,2.994040996508973
721,3.160651074015877
722,2.4565941500436677
723,2.6045715213029066
724,2.5814792489781095
725,3.433085109755369
726,2.3301554395096096
727,2.915368998415997
728,2.8200438022732195
729,2.7702071805223873
730,2.39166685735136
731,1.7698447746565458
732,2.237273412927784
733,2.800708477975338
734,3.2852984937620446
735,2.526501668432877
736,2.8107428703760364
737,2.9621614214287595
738,3.3017807733910467
739,2.6761411888071027
740,3.8392667255289266
741,3.794802398459494
742,3.033036061955923
743,2.689765195295623
744,3.152685802978509
745,2.8063324771155
746,3.478983745292337
747,3.7369935958700355
748,3.2815309207082595
749,3.5889108657849897
750,2.2468328938529893
751,3.7156907420657954
752,2.8298835535366234
753,3.1108847717217243
754,2.988657673185844
755,2.3548819729921453
756,2.8798944426190842
757,3.513553344546279
758,3.0449604534641073
759,2.6487109350930726
760,2.9461691932477243
761,3.2170380812927446
762,3.2921831695663832
763,2.6883909593211013
764,3.2138106298471243
765,2.558922799950586
766,2.4902908281953704
767,2.513552904023028
768,3.2810401305969012
769,3.037122580518547
770,3.8228579129470095
771,3.8480998924772227
772,2.4426132986802807
773,3.075364544372046
774,3.1730508061598894
775,2.928557866074021
776,3.4494262971608767
777,2.5463895287768357
778,3.0611988168339255
779,3.7252366899842113
780,2.406103998758403
781,3.6642621507849475
782,2.5154342360645554
783,2.8283407727558347
784,2.6916141368306614
785,2.802945178157163
786,2.8381232350743715
787,2.3496592605077513
788,3.6321885273961705
789,3.2049596881622073
790,4.075034085424677
791,2.9368226839824607
792,3.1676752126646823
793,3.552477881524223
794,3.5285096011063857
795,2.9530154918338942
796,3.3929975828515437
797,2.8279581502881417
798,3.739536065405237
799,3.857449494391134
800,2.318774562743786
801,2.463283097970275
802,3.9657539711246894
803,2.411899346257464
804,2.3408784545799324
805,3.073476545022019
806,2.9454248789690087
807,2.71124692203329
808,3.0894499749489484
809,2.835240684659563
810,3.354029848757889
811,2.9767823254199035
812,2.424004712332955
813,2.7479785824199094
814,3.105408586150022
815,3.4551623290477473
816,3.026839149654299
817,3.238820646605084
818,2.396185711450616
819,3.0307772412193463
820,2.6901354588744173
821,2.7732893875740445
822,2.9460547519372686
823,2.2718049214555975
824,3.164640573013715
825,3.1143554213157794
826,3.368889079355103
827,2.9400789057239782
828,2.9898824718803936
829,2.4609491850456466
830,2.790361603619853
831,3.7027656512824225
832,2.4772514649011703
833,3.6436492677036787
834,3.427178828483936
835,3.1558365540409983
836,2.510993345614944
837,3.5976833099937835
838,2.7771545932721717
839,2.747408631322827
840,2.0869797869300166
841,3.9709343701653603
842,2.0401300943014524
843,2.633866784586747
844,3.937643140383601
845,3.4094147431083455
846,2.3085368369801516
847,3.2297706918184033
848,2.6490989781374985
849,3.346130984483815
850,1.9564974202768017
851,3.0724572450083794
852,3.3936226750813145
853,3.9876298432755015
854,2.5624337115051006
855,4.169254078951639
856,3.4934823538591013
857,3.841047851407316
858,3.62186993639814
859,3.6904661960704677
860,3.1915253597586037
861,2.558155547482434
862,3.725355693811437
863,3.4938761562193306
864,2.1594011764084216
865,3.0188449218600013
866,3.988589111427468
867,2.960190443216538
868,2.804387010536699
869,2.6760456128211487
870,2.403052418474403
871,3.11087587714872
872,3.2021623448493957
873,2.815381888604731
874,2.5143134863264804
875,2.9051765360373203
876,2.665535273079976
877,3.348617580540324
878,3.0857585467453745
879,2.056609839470829
880,3.375112227764631
881,3.1947458506953663
882,3.3694266007484077
883,3.3231907480161675
884,3.1833349858250326
885,3.1961930103149006
886,3.6599711669653097
887,2.3890442430244394
888,2.5964638695145426
889,3.4582131916439582
890,2.527819838987113
891,2.454441186517406
892,2.7869480592997493
893,3.518824508386227
894,3.0807774413790474
895,3.0469993945646316
896,3.942641373338013
897,3.402199501097614
898,4.12653315042492
899,2.539417840334328
900,3.446487076028834
901,3.05319150645434
902,2.6847127271168034
903,3.191890938661246
904,3.787641229228133
905,3.1935059372269934
906,3.478840605103421
907,2.111798085033055
908,2.4737403406615273
909,3.4916318213695714
910,3.0415773086763336
911,3.584991232880263
912,3.3463446465139297
913,4.331133432469285
914,2.8831419385634987
915,2.4457371765043323
916,3.3474829263701515
917,2.838246102124891
918,2.954609289695849
919,3.451471318277948
920,4.076322765294842
921,3.744977635063247
922,3.8322486638355056
923,3.526702337557563
924,3.513873420960622
925,3.076549971982086
926,2.6479446200177255
927,2.2677224250042265
928,2.776260016935225
929,3.245452396908966
930,3.7976829656055173
931,3.057941420093772
932,3.283607272436778
933,3.1368721492431884
934,3.569616361476317
935,2.89016317955841
936,2.2872774143605983
937,2.695925555242408
938,2.878615708781979
939,3.8391713897603954
940,2.965135560846002
941,2.9080550013138664
942,2.96883018745359
943,2.9636420586096506
944,2.9428910918545848
945,2.5686545742053624
946,2.9056090469304463
947,2.914869363162467
948,3.130325753845735
949,3.2432692411860993
950,3.172941457807781
951,2.745060478480231
952,2.9837205113296346
953,4.44481502417805
954,3.1769856412989346
955,2.0734974097922234
956,2.9286051528946344
957,3.4466446316973105
958,3.0818591082890787
959,3.516784135060775
960,3.3666871903620184
961,3.2790933528222674
962,3.4801659599456802
963,2.7882808134565855
964,3.624530653876285
965,3.324471624427722
966,2.477014316842153
967,3.2680922186711623
968,2.992658040696426
969,3.666322619994244
970,2.5928212627217193
971,3.5696935060077517
972,2.868069045382173
973,2.3826971500316563
974,2.783734706877137
975,4.109412696429431
976,3.0936820572817125
977,2.630230265593963
978,2.6663565332317214
979,3.3063747154366077
980,2.6165221564873007
981,3.2381293870038292
982,3.7009337571587224
983,3.8861936425099044
984,3.1911102389363073
985,3.419763912895133
986,3.1674028205579607
987,2.538777465102374
988,3.2645338871155576
989,2.0992861901922586
990,3.0571655751836957
991,3.521159716407575
992,3.2514165487992335
993,2.7602280837248716
994,3.692461178083684
995,2.945813426566241
996,2.43138796065821
997,3.1163482149839363
998,3.3112830180807182
999,3.003836425615849
1000,3.3178126933482823
1001,2.4872463791979595
1002,2.338356153813118
1003,2.8853666700853564
1004,3.871779863190033
1005,3.809444590389446
1006,2.5059051469778986
1007,3.0441692858352907
1008,3.0306237304215125
1009,2.715168154442517
1010,2.9095854020845504
1011,2.640015046993671
1012,3.5899101902232786
1013,2.874999997767776
1014,2.851068551781251
1015,3.039560524840701
1016,3.2918358434617816
1017,3.549365448025616
1018,2.750175709994631
1019,2.9958824686439063
1020,3.216268496216009
1021,3.2134168605787874
1022,3.240877458307895
1023,3.6006643391506774
1024,3.2220268178423193
1025,3.615500414822005
1026,3.88481388787125
1027,2.5464706605910563
1028,3.3875626995217227
1029,3.7573096832133057
1030,2.8872211563028833
1031,3.2138257632383
1032,2.6902326605443987
1033,2.8853077651561527
1034,2.8749455430458637
1035,2.396904679472436
1036,2.7267011710711806
1037,2.3849984308854117
1038,2.855538026788383
1039,2.4419377942594336
1040,2.8325400677599646
1041,3.2058628351714984
1042,2.7111930565781295
1043,2.5064922795376763
1044,3.286754173406577
1045,2.679945239259175
1046,2.853168691815905
1047,2.932462455438835
1048,3.3104180122770073
1049,2.706390682869506
1050,3.1734490897241274
1051,2.9782482953325484
1052,3.1878319971089097
1053,2.8271017313929154
1054,3.0036307761594467
1055,3.2311349226427084
1056,3.217934964790216
1057,3.1250756709416496
1058,2.27988963930961
1059,2.1073381328530196
1060,2.901951921046513
1061,2.666580722014053
1062,4.101239715456795
1063,5.115261518728681
1064,2.705612925825701
1065,2.8357240876643255
1066,3.4355204921671416
1067,3.0119833338153676
1068,2.8108166308882274
1069,3.015810000983667
1070,2.4578921875761717
1071,3.856021442257258
1072,3.0906142858807693
1073,3.3050955094972094
1074,3.023629323859187
1075,2.2959081036720286
1076,3.420687476569922
1077,2.741415022204943
1078,2.5073729961864686
1079,2.321048073065571
1080,3.2125985735915346
1081,2.3328518982337294
1082,2.164066182874544
1083,2.5886362604649196
1084,2.418079986721212
1085,3.427156007361713
1086,2.9613145310970914
1087,2.5319234977121865
1088,3.5662019830655933
1089,3.291921265792623
1090,2.795576969907747
1091,3.1842039130578255
1092,2.596179628674229
1093,3.1012209944957863
1094,3.5003106245977498
1095,2.946138561031169
1096,2.87540513011012
1097,2.9943130835554017
1098,2.7530072826009313
1099,2.9173972213627026
1100,3.79726944363722
1101,2.6502527375785565
1102,2.6570160466705026
1103,2.994597385717293
1104,2.7240803755521683
1105,3.491734239806554
1106,2.513795135817333
1107,3.3869173013497598
1108,2.793282856008046
1109,2.767664468265316
1110,3.604008849024379
1111,2.698253998536809
1112,2.6434080260482817
1113,3.3903427017474574
1114,3.2851708332461667
1115,2.424221444305246
1116,3.0540249527285916
1117,2.834673296445064
1118,2.543686094128686
1119,3.1101717800172115
1120,3.7134645643456343
1121,3.2309351804539603
1122,4.3227083608989005
1123,3.2782239498875305
1124,3.612607357125885
1125,2.704148737853316
1126,2.7287463707882322
1127,4.032349117995117
1128,3.2377668484358684
1129,2.5083252752711247
1130,2.772311279355216
1131,3.561667306985451
1132,2.654894422180473
1133,2.6240657304807424
1134,2.793092459522625
1135,2.5531078463470296
1136,2.1385538320173056
1137,2.7865938382994266
1138,3.4337797264084653
1139,2.2485970533810162
1140,3.610434607033827
1141,3.814846654079108
1142,2.1899198633766606
1143,2.2144285392612493
1144,4.359477490629959
1145,3.024661243155473
1146,3.795493402259964
1147,2.699648078980802
1148,2.580389809457317
1149,2.4491724959986327
1150,2.5590556207527806
1151,3.0188667358665877
1152,2.5890249349962504
1153,3.9003361523535216
1154,3.1763748208947704
1155,2.6542597490316187
1156,2.6249654847157795
1157,3.1708017806264275
1158,3.0407026200210554
1159,3.4768975346382494
1160,4.478986914685585
1161,2.9391630938014752
1162,3.2450599790376793
1163,2.3505645465509817
1164,2.4884818774319117
1165,2.5440113974435126
1166,3.450132011059331
1167,3.327105548326245
1168,2.3718606419838237
1169,3.8540219593862073
1170,2.74018101990417
1171,3.0052459084050005
1172,3.284877897530449
1173,4.501432988566415
1174,4.958312241359273
1175,2.3023964628414686
1176,2.8325270427004208
1177,3.100661775109064
1178,3.1286655561903562
1179,2.8951919820745666
1180,2.5086345334925966
1181,3.323337894315644
1182,5.167747290180396
1183,3.5683914154340686
1184,2.705105523320154
1185,3.2517310478145456
1186,2.8542256864650817
1187,2.762633899442902
1188,3.225506926502327
1189,3.1873253214420942
1190,2.556016596689283
1191,2.6512749135167484
1192,2.962699943613823
1193,2.408437324798252
1194,3.638681539120308
1195,3.7293024422397023
1196,2.570970164786818
1197,2.446941822747075
1198,3.3807613409741593
1199,3.290911708430514
1200,3.456546350370605
1201,2.6317880380988345
1202,4.07019846176019
1203,2.078061451752499
1204,2.4478171125480364
1205,3.3615964398517324
1206,3.767831696332733
1207,3.547078093454399
1208,2.3626407483269425
1209,2.8240127529444456
1210,2.9172200567069444
1211,2.538544369766508
1212,2.843182001996276
1213,2.821352494104566
1214,3.1950784510711645
1215,3.166897989197236
1216,2.6712399136805614
1217,3.8112365957972814
1218,2.990413197337174
1219,2.6975075911964943
1220,2.3744231829445233
1221,3.031249190046378
1222,3.191835938720734
1223,3.4374367597373303
1224,3.337024072310904
1225,3.154221853559596
1226,2.787255584619699
1227,3.432061056841835
1228,2.6673841238774716
1229,2.9206971875992447
1230,3.358269100249658
1231,2.6048934060516533
1232,2.811793126595673
1233,2.6653571892376577
1234,3.4833653149155825
1235,2.3564061777712895
1236,4.4950806208995795
1237,3.2670405368668787
1238,2.671266008660394
1239,3.218661488611121
1240,2.960463737619487
1241,3.627371129705537
1242,2.450068782432114
1243,4.0450346577244725
1244,2.82881049780458
1245,3.10242754963205
1246,3.7059890290058823
1247,3.0500224887633554
1248,2.6480096349435414
1249,2.6461189541915227
1250,2.946573896899022
1251,3.2108320534109684
1252,3.8455399094730964
1253,2.950676967050139
1254,2.2517579601847855
1255,3.280008495855448
1256,2.952638936645877
1257,2.224027958768007
1258,2.6060405653319756
1259,2.840698635205388
1260,3.2302413794099145
1261,3.268248431907504
1262,3.2077110598616536
1263,3.580907157584196
1264,4.047212327973626
1265,3.292475187635801
1266,5.3793350489454195
1267,2.4055043018299127
1268,2.3870894013576542
1269,3.082320375608278
1270,2.67362707163335
1271,2.211852418013501
1272,3.35238888450653
1273,3.372153024526704
1274,4.200977866584453
1275,2.1310550948263134
1276,3.179417343726222
1277,3.7912669625283466
1278,2.545387250397177
1279,3.7057140809381095
1280,2.913182270605228
1281,2.4626004481969845
1282,2.5846424376306056
1283,3.242728206354384
1284,2.9819933536072094
1285,2.768413371841454
1286,2.3934717550217273
1287,2.67722632693782
1288,2.785540662287279
1289,2.986219199210358
1290,3.35350852059847
1291,3.8446342516263456
1292,3.3423791853236517
1293,2.471667746330394
1294,2.7426259726917244
1295,2.350946670642925
1296,3.218495124160985
1297,2.3207350049076503
1298,3.627435472946287
1299,3.066823604099941
1300,2.447636653717041
1301,2.6928618520948513
1302,3.910459647860198
1303,3.2699909754436693
1304,3.3441081784202993
1305,4.216507814773281
1306,3.7355171605617645
1307,2.6634428913174855
1308,2.862711560233278
1309,3.133643970789831
1310,2.4401051217183447
1311,2.8139607426252216
1312,3.3662647198713302
1313,2.458284546421817
1314,2.4966585634995693
1315,2.396901807071033
1316,2.4136755761429165
1317,2.978617766336129
1318,2.689824942704909
1319,2.861950957145494
1320,3.91874457464213
1321,3.27921802277768
1322,2.746651883534216
1323,2.1337046800623547
1324,3.544956644822709
1325,2.781660795752383
1326,3.352132926835188
1327,2.876580979440704
1328,2.1367771465486567
1329,3.3970873305144336
1330,3.084144863764334
1331,2.6802922603125983
1332,2.1786862782068264
1333,2.6800517204979184
1334,2.498063749591073
1335,2.3907897307557917
1336,2.642936642944894
1337,2.4807217394764196
1338,3.435465501179338
1339,2.8504905579792266
1340,1.9384238117903554
1341,2.957621547956422
1342,2.705876554409557
1343,2.6217948334679755
1344,2.3521048024057865
1345,3.478807388005505
1346,2.411542623029384
1347,3.240697458664903
1348,2.350971537424556
1349,3.1291485919972546
1350,3.5698338237002476
1351,3.021489976922107
1352,3.1145714280119523
1353,2.81380923961593
1354,2.628439339192779
1355,2.5830380269448856
1356,3.3707364593745353
1357,2.129079524294402
1358,3.7816646986136586
1359,2.6510381422476312
1360,3.492968545521941
1361,2.275867473520484
1362,3.361144992338429
1363,2.7250835041584867
1364,2.9599918162928045
1365,2.163562080270861
1366,2.9166476711034073
1367,3.131599357495201
1368,2.62392848438407
1369,2.854713844094387
1370,2.9321252023255133
1371,3.1908014846601387
1372,3.2298176642340084
1373,2.914924947478057
1374,2.795307585701274
1375,3.5105830546076753
1376,3.6865240605858496
1377,3.837375359921085
1378,3.0330582307701146
1379,2.1875546084187003
1380,3.0000280704235616
1381,3.8931549687590903
1382,3.2018677621548144
1383,3.7189163964493677
1384,3.9157730743854375
1385,3.0339369398795877
1386,3.7812123224681917
1387,2.754538896239724
1388,2.770990778818145
1389,3.593782781496198
1390,2.9354486875672006
1391,2.200591094333505
1392,2.8909273549516126
1393,3.9681178889689184
1394,2.754165735556495
1395,2.905145013990824
1396,2.3177178245253685
1397,2.7636610982506657
1398,3.60991129256443
1399,3.8955639357752103
1400,3.3347025614228714
1401,2.751770355630015
1402,3.0480204487780136
1403,2.9694715545510593
1404,2.975293621434392
1405,2.8007196396848992
1406,4.02093617602486
1407,2.632762547931057
1408,3.3196090291984093
1409,2.870606068860597
1410,3.046769886823497
1411,2.8469923224050824
1412,3.3998402448291642
1413,3.6415739184617633
1414,3.00223973094946
1415,3.5821216039509527
1416,2.8113078294652514
1417,2.9700177198328417
1418,3.5014925530536014
1419,3.6441189851910147
1420,4.03110732156532
1421,2.9052365765027837
1422,3.384209157494368
1423,2.5944937738724705
1424,2.642920526881455
1425,3.7071325700327162
1426,3.2854921913641415
1427,2.7892345852507026
1428,3.2718034260125224
1429,3.7210352136739315
1430,3.048265190154262
1431,2.6438127582348905
1432,3.829484589819921
1433,2.2502039306026163
1434,2.2806016151275417
1435,4.027838013243091
1436,3.200193316532882
1437,3.107945713645113
1438,1.9156896079236083
1439,2.470718636498643
1440,2.422298099561934
1441,3.1393579151445103
1442,2.6507471490663437
1443,3.040242049131499
1444,3.9106401746413955
1445,2.3096248627004203
1446,3.209984214231433
1447,2.8562042420943596
1448,2.6032097743215767
1449,2.5616478284592397
1450,3.7544369080616353
1451,3.923823748815656
1452,3.102381381493405
1453,3.6863949488350607
1454,3.602674929926911
1455,2.604807864221728
1456,2.262417118658512
1457,3.7098728583035125
1458,3.0871295442758506
1459,3.0924324601809046
1460,2.8697922325847887
1461,3.621903539989597
1462,3.1993978533602014
1463,2.638406077937332
1464,2.915195931528684
1465,3.170904802762712
1466,2.5482551182773716
1467,2.9836364009264744
1468,2.0682230441435805
1469,3.257300286526266
1470,3.1490497241015483
1471,2.5359304655267736
1472,3.3235858683920028
1473,3.9817330148228884
1474,3.5460898729332877
1475,3.8080347117631166
1476,2.885760304095917
1477,3.7185669706658206
1478,3.1330968028823416
1479,3.3088577693711967
1480,3.2252494550968795
1481,2.498569588163643
1482,2.1680698694125873
1483,3.6920699884928436
1484,3.376306617044523
1485,2.5353724818850423
1486,3.8805217023568814
1487,2.306632346144385
1488,3.412494721346273
1489,3.0860518508364247
1490,2.9151696325866574
1491,2.7059393800632168
1492,2.993871522178333
1493,2.159562130497516
1494,2.9199843326730854
1495,2.5557164545398634
1496,3.1397387241319916
1497,2.6947655938344948
1498,3.0969989620437683
1499,3.3939930192517647
1500,3.529453358683476
1501,3.5792221103549315
1502,2.7545154568988877
1503,3.1632021379165707
1504,3.5259245087827846
1505,2.8031369008532
1506,2.8735163063879727
1507,2.707990540818911
1508,2.302540464345472
1509,2.8320733508245364
1510,2.970840157377802
1511,2.271872614395359
1512,3.4770669805099765
1513,2.4828782254935753
1514,2.955328512608286
1515,2.653623719539703
1516,3.3786073457598187
1517,2.1172249565186627
1518,3.38996320758785
1519,2.6393062435485684
1520,2.860530025031006
1521,3.00527165429929
1522,3.105994155385292
1523,3.5782199570336997
1524,2.120948318280042
1525,2.355234408785408
1526,3.028732630156468
1527,2.174724905223659
1528,3.293395487364859
1529,4.25976010039733
1530,2.7674192248687017
1531,2.9095834829094662
1532,3.4950862378262277
1533,2.7167529642359267
1534,3.6428224337842727
1535,3.8294961336799145
1536,2.8568379792835743
1537,2.178086618829911
1538,3.406060378007439
1539,2.9826467603427527
1540,2.7286268895197603
1541,4.092798250605843
1542,2.1910782763767878
1543,3.3513536249280174
1544,3.3984262249630883
1545,3.3595805269843666
1546,3.088514799995983
1547,3.038397989582156
1548,2.7797134822964744
1549,1.6895887930881321
1550,2.8789502430165346
1551,3.4010102294309936
1552,3.2102293242461104
1553,2.776137738841233
1554,2.4571943004222403
1555,3.6582924471381495
1556,1.9247311120358879
1557,3.8877390448939733
1558,3.5742317194578552
1559,2.309270215348341
1560,3.4186575800144405
1561,3.2123300139870348
1562,2.4490937512796003
1563,2.5136786423175574
1564,3.4974149897175564
1565,2.823451292829185
1566,2.844247721751214
1567,3.066022802786383
1568,2.8567603039731315
1569,2.791988553777209
1570,3.0767374608715192
1571,3.257198319853662
1572,3.3332433661917764
1573,2.493828623676694
1574,2.6839251252811245
1575,2.992664182897183
1576,2.8476791456732156
1577,2.3346316315754776
1578,2.5990826464340406
1579,2.7740414104013955
1580,3.4390723863248134
1581,3.4608104254894316
1582,2.7418128230315637
1583,3.1704174452488614
1584,3.6158066502261423
1585,2.829879460016324
1586,3.281142384364365
1587,3.276404304296514
1588,2.843786150736549
1589,2.8598982470436565
1590,3.036003617364248
1591,2.4062640633974186
1592,3.3505210537309944
1593,2.87120984306771
1594,2.89848334553988
1595,3.658530887165497
1596,2.395159604599502
1597,2.566933346782616
1598,2.9332042291067646
1599,2.8629299983570125
1600,2.371881554504566
1601,3.0942311537390808
1602,3.4680435033836834
1603,3.4066124608428807
1604,2.44993793784858
1605,3.5710367143465147
1606,2.8399955405030197
1607,2.8108828568834086
1608,2.778891179809543
1609,2.149852896648066
1610,3.294832557622689
1611,2.929820755071431
1612,3.0806253997819213
1613,3.571064219830494
1614,3.525570950627786
1615,2.5277404601716116
1616,3.326572426597526
1617,2.0893401552727635
1618,2.520225103837708
1619,3.2355608550422295
1620,3.467572178884591
1621,3.3184533774518545
1622,3.4245852418651754
1623,2.207549472600121
1624,3.1172208643868538
1625,2.4017034044689667
1626,2.824756865452404
1627,3.330544925762941
1628,2.428490856678158
1629,3.4545090429029663
1630,3.367868702950954
1631,3.668808858405468
1632,3.4044222184262147
1633,2.8515401245215486
1634,2.479488529255015
1635,2.302142001127565
1636,4.013751830304718
1637,2.2305506361709684
1638,2.8638819260042854
1639,1.9716312611803637
1640,2.5840838305465845
1641,3.4941375119237197
1642,2.721668423176153
1643,2.3373097781300363
1644,2.979388863472989
1645,3.5488632029912295
1646,4.225677373078599
1647,2.324487439420915
1648,3.232899140479969
1649,2.4439706035938693
1650,2.6628438752481354
1651,2.344755479562002
1652,3.097721151321157
1653,3.3539325279700294
1654,3.142343426373351
1655,2.6770907193377664
1656,3.512488811772792
1657,3.212017932164184
1658,2.5159658222047083
1659,2.608030761859145
1660,2.744165353096736
1661,3.469952803670704
1662,2.9557821394570536
1663,2.367572576921657
1664,2.2962408796091744
1665,2.935169399519086
1666,3.1265986318906447
1667,3.3073937241731968
1668,3.4693003597580914
1669,2.869561373228696
1670,3.6702767593217267
1671,4.0510254346206205
1672,3.2410598195647897
1673,3.440047752407965
1674,3.345564123924287
1675,2.226887801861143
1676,3.2840836762669645
1677,2.7086129745662464
1678,3.1885143526647526
1679,2.7276509405538203
1680,4.098560894123199
1681,2.814048045245384
1682,3.487599187607157
1683,3.3037814032158406
1684,2.8122036812538367
1685,2.909284402487282
1686,3.6766154652078598
1687,4.032354387435248
1688,3.1115996158483474
1689,3.6754179633179334
1690,3.5257544885748593
1691,2.915774240075128
1692,2.627348517965711
1693,2.52054517606263
1694,2.4225959109968356
1695,2.7444540798542034
1696,3.1902949089969583
1697,3.6727283024979345
1698,2.1868132694781326
1699,3.558099855314553
1700,3.525434577806306
1701,3.303349802217848
1702,2.6375470835482893
1703,3.045298756987837
1704,2.4964529688267554
1705,4.371113614357321
1706,3.13865205256874
1707,2.7790928644612434
1708,3.253660488069103
1709,2.038212195319136
1710,2.099856855108667
1711,3.0952332994274814
1712,2.5502302261357723
1713,2.4259937291990807
1714,3.2794414215813767
1715,2.42823224948671
1716,2.8625997137945887
1717,3.200032965996935
1718,2.949293756806449
1719,2.803902400980444
1720,3.8705991031838067
1721,3.6002091036096737
1722,2.598747426398734
1723,3.1374844604160277
1724,1.9971456701353638
1725,3.0202852772818414
1726,4.3051699497678895
1727,2.8606422566672576
1728,2.811476253368513
1729,3.021309258037472
1730,2.3681445369825718
1731,2.7577455978550827
1732,2.5167475749739423
1733,2.165006549056343
1734,3.739377186765146
1735,3.1827559918108963
1736,2.6175813863015596
1737,3.0030968037584644
1738,3.562270725755717
1739,3.3198315159922327
1740,3.3278844692176697
1741,2.793052448206989
1742,2.5617440023679876
1743,2.495128036520714
1744,3.638428183607848
1745,1.9252571097230369
1746,3.3201884312044916
1747,3.0862394051892985
1748,3.2305571719692705
1749,2.9672730055287775
1750,2.4423318071062283
1751,3.098880134932079
1752,2.5632043195400707
1753,3.7911138098338255
1754,3.7481492339196736
1755,3.0487035428528992
1756,2.57810662795795
1757,2.155369559285311
1758,2.9531011405191023
1759,4.821378661707521
1760,4.417208326342314
1761,2.724330584167231
1762,2.63394067028497
1763,3.626772909192832
1764,3.5513871107327897
1765,3.3579923873791757
1766,2.954160378404621
1767,3.1910999391534065
1768,3.0887507111622874
1769,3.461266462571076
1770,2.7872750095926127
1771,2.926672505511682
1772,2.6695530275344326
1773,3.34750792644262
1774,2.6019597642504153
1775,2.8894628140922207
1776,3.367008523634208
1777,3.243790920280389
1778,2.4869281901678093
1779,2.9091055938953048
1780,4.054705373709659
1781,2.109364788424377
1782,3.4617162206970997
1783,3.2738012318169947
1784,2.6162676811715255
1785,3.985730262761874
1786,2.33279844379051
1787,3.3064914663089726
1788,3.4669947878533893
1789,2.8536593965458725
1790,3.656636868431566
1791,2.274387600798618
1792,2.982212345342067
1793,3.270926216442471
1794,3.2479199046153506
1795,2.6814832467126317
1796,2.600870237382617
1797,3.2763012560831886
1798,3.302524687168043
1799,3.039740897705826
1800,2.946032907715272
1801,2.9098899997036947
1802,3.580327392511579
1803,2.7910915659617253
1804,3.5880819969423605
1805,2.5940718214308434
1806,2.715117634751031
1807,2.9255438485859417
1808,2.795219047591708
1809,3.3856730088646216
1810,2.035633766892039
1811,2.7541948032795984
1812,2.986114710827719
1813,3.850560820875834
1814,3.0603633976930094
1815,2.400705479830716
1816,3.8675257781598456
1817,2.6714072815646963
1818,2.248870473531889
1819,2.9655456093458374
1820,2.782192011812135
1821,2.416776809823006
1822,3.264452312708123
1823,2.893842081554123
1824,3.1293551133680966
1825,3.3127603668536154
1826,3.36472803755387
1827,2.9934971631342617
1828,3.3228370336464996
1829,3.160696648088365
1830,2.807069970518848
1831,2.816395439972045
1832,3.9629235873728947
1833,2.9444651120825514
1834,2.478976869457819
1835,2.9451258163791434
1836,2.9564319705142226
1837,3.4945317084096614
1838,4.034086426597291
1839,2.310861830449549
1840,2.4199553912438163
1841,2.535090542364596
1842,3.5913323354486693
1843,2.242302936295818
1844,2.880119326509555
1845,2.6591423585454295
1846,2.925929803602788
1847,4.004815770841693
1848,2.98008653460908
1849,3.331950699785304
1850,2.9723477304435955
1851,3.2219031866608203
1852,3.5029089787252845
1853,3.0432620032052906
1854,3.2117143031669113
1855,2.269283221244643
1856,2.9897463682268
1857,3.4484108773369186
1858,2.64768653373324
1859,2.7208855156193916
1860,2.7054194063018433
1861,3.1404740266203
1862,2.954586640895539
1863,2.5422855389368673
1864,3.3886051038534784
1865,3.4116744458185533
1866,3.1356531926187445
1867,2.9916319875717674
1868,2.791145920613224
1869,2.8937141879875545
1870,3.5550445973424964
1871,2.678410945756786
1872,3.0191776504960623
1873,2.8684426505442886
1874,2.601284931488753
1875,2.4458969097625207
1876,2.7442120959035248
1877,5.066246382741171
1878,3.8111997093865515
1879,3.1547991025746684
1880,2.8737879948967575
1881,2.343745369004562
1882,3.4092972679275233
1883,2.6424159290819325
1884,3.5761273001719203
1885,2.988003823685984
1886,3.9490409867989698
1887,3.3695830048313886
1888,2.7831927566339503
1889,3.401010960475255
1890,2.583734658549616
1891,2.680084943384333
1892,3.2553813065674198
1893,3.224477986343422
1894,3.408252394361665
1895,3.0139178496492267
1896,2.5491712740131085
1897,2.454225369114586
1898,2.9842860751449884
1899,3.10477857650617
1900,2.8178176891279656
1901,2.7523258234553913
1902,2.7559697061294286
1903,2.6938372498142615
1904,2.401176430218085
1905,3.080349210791752
1906,2.514167920595215
1907,2.4301600171451696
1908,2.369463235874761
1909,2.641533032801558
1910,2.551330880824238
1911,2.446577681932022
1912,2.584069288561523
1913,2.5204912906524317
1914,2.4795464475226185
1915,3.1091428768176486
1916,2.6493649882130086
1917,3.0665745372509723
1918,2.969962034535607
1919,2.6041446023535846
1920,2.401531238999726
1921,3.4877807261170863
1922,3.267705123668413
1923,4.00708160673899
1924,3.1310171568633525
1925,3.012242983765239
1926,2.873401651157447
1927,2.532076185541925
1928,2.761666506229867
1929,3.4017686130898914
1930,2.4507264996558082
1931,2.1991206841474362
1932,3.10054071613595
1933,3.5514908924970157
1934,3.6588190911734517
1935,2.9512507292111825
1936,2.7606593196164813
1937,2.4842831843883064
1938,2.851212037757648
1939,3.1363077418433516
1940,2.889150215448134
1941,2.661790871627271
1942,2.3079440169861623
1943,3.57369980474989
1944,3.0352870723871708
1945,4.122278908410732
1946,2.45904271333657
1947,2.6190668344045935
1948,3.6653063044463394
1949,3.2014505160365325
1950,2.5609208917441335
1951,2.9784233199533965
1952,2.930640202805717
1953,3.1674864306923904
1954,3.0868852492491334
1955,2.2512940289071546
1956,3.004152643058257
1957,3.6321482843226667
1958,3.1874850730499014
1959,3.7880397841925815
1960,1.9248156838197377
1961,3.630108834538894
1962,1.9325650274030792
1963,2.3599265289148046
1964,3.5978972064850474
1965,2.9360585027580774
1966,3.072834337823286
1967,2.9653936590293024
1968,3.0696430595293744
1969,3.6120200262746835
1970,3.745126014133497
1971,3.222934695787699
1972,2.7977037779619343
1973,2.9660104185946414
1974,3.2803238888736295
1975,2.9910784960598797
1976,3.754223220937857
1977,2.195900572320902
1978,2.548492244237488
1979,3.151870039094046
1980,3.501765044006301
1981,2.2245187580997787
1982,2.545197642407213
1983,3.2787162710375783
1984,2.699886907111843
1985,3.186960588802616
1986,4.628301218453086
1987,3.038248944140121
1988,3.1588700061543666
1989,2.724294812673314
1990,2.7629265341699365
1991,3.5065563030897957
1992,3.5061528697838606
1993,2.524659594428262
1994,3.858689362212704
1995,3.1655494509039954
1996,2.582629234283095
1997,1.9539874166548445
1998,4.341496794939155
1999,2.0086621960311497
2000,2.942679499215112
2001,2.998585912380005
2002,2.608928240520457
2003,4.12213158215119
2004,3.429786067744069
2005,3.0085535966774164
2006,4.282647311958797
2007,2.503594370829036
2008,2.9172309879069256
2009,2.9785218553476116
2010,2.8790077353556804
2011,3.4950988063345196
2012,2.8669367293677332
2013,3.24420645768337
2014,2.273217967392037
2015,3.066801190748774
2016,3.1463017133333646
2017,2.4399292997349975
2018,2.703181391194582
2019,2.3161923036673584
2020,2.684140810212386
2021,2.8337809505643294
2022,3.4797992169983094
2023,3.1208348677666704
2024,2.5389968409679584
2025,2.4487748089638544
2026,3.6326223013752506
2027,2.903599378603557
2028,2.8005709595281374
2029,3.4242553276759904
2030,3.625510608327773
2031,2.658749095652655
2032,2.9225255899455886
2033,2.3147075486178657
2034,2.7627749647011846
2035,2.3195779260461156
2036,3.6167050181108884
2037,3.0994728658658546
2038,2.77612699800147
2039,2.7970617189549003
2040,3.1671173828995913
2041,2.641489567634192
2042,3.1791715412885155
2043,2.843313155919453
2044,3.0871698524546516
2045,3.358999690475277
2046,3.1422109898778934
2047,2.6599564690379727
2048,2.5642880475109884
2049,3.066470051943663
2050,3.5319370602455287
2051,2.9523448762812547
2052,3.19775422815134
2053,2.6128129420311255
2054,2.697429804444403
2055,3.2033217185095375
2056,2.6109915906773127
2057,2.9012655519639967
2058,2.712943302811985
2059,2.770654639540536
2060,2.8807167925047934
2061,2.654089801131906
2062,3.506398319812617
2063,3.966364108716622
2064,3.548430166303394
2065,2.50141352211414
2066,3.1832292328487926
2067,2.893054265866659
2068,3.838607329713379
2069,2.9003721137173706
2070,2.904839622869177
2071,3.413379254617372
2072,2.8016547958631146
2073,2.946751167897851
2074,4.081887061163779
2075,3.1883025521795845
2076,2.56271148361055
2077,2.22607054219148
2078,3.170464606746897
2079,2.9264493468420705
2080,3.4375558425949015
2081,3.3001775502110773
2082,3.2668964991795812
2083,2.851525721001405
2084,2.58301909595445
2085,2.617907009637606
2086,2.875748627508785
2087,2.48548623098335
2088,3.2666416572003643
2089,3.0042743120755606
2090,2.4602094889935806
2091,2.5107943364200667
2092,3.3134414695767327
2093,2.7459119240063163
2094,2.7959729425780804
2095,2.5552966673414734
2096,3.136056705609685
2097,3.2628036880014957
2098,3.212658721924102
2099,3.2489621027532256
2100,3.148059522528754
2101,2.695162003577481
2102,2.8208207343954634
2103,3.0868919096109924
2104,3.089037127791789
2105,2.650727240474646
2106,4.370636288350739
2107,2.5368731435442835
2108,3.871792852377629
2109,1.7918958223933033
2110,3.259423344276146
2111,3.5092925332283738
2112,2.4650059208954564
2113,4.150971202095661
2114,2.887265761624559
2115,4.605697047805186
2116,3.3786933835332618
2117,2.2980597496149757
2118,2.6595403090805805
2119,2.208033210695621
2120,3.3088730348887343
2121,2.1386606964064696
2122,3.6022711435065196
2123,3.0939421322134333
2124,2.846688034640649
2125,2.8638240969052173
2126,3.8541379766739734
2127,3.312335230435497
2128,2.5547285622332487
2129,2.304519774205103
2130,1.9859653785265916
2131,3.0918070395138035
2132,2.6729278703552524
2133,3.268132124055541
2134,2.3241058121665246
2135,3.593407195803527
2136,3.349160006206465
2137,4.156619352749141
2138,2.774757425071599
2139,2.980146297896043
2140,2.781929247685773
2141,2.2730160972508084
2142,2.206573363849938
2143,3.0099646007834546
2144,2.9156285514252676
2145,3.614667058335058
2146,3.225649923008883
2147,2.8519971892760374
2148,3.233481069929314
2149,2.6181362481299844
2150,2.9818198522901396
2151,3.262555075433585
2152,2.2866999959102294
2153,3.289371434083336
2154,2.214864258976375
2155,3.029540275969631
2156,3.820352967288386
2157,2.713047705439583
2158,2.5321990669068755
2159,2.8069378653900947
2160,3.99337692864807
2161,2.509287545870151
2162,2.8917187640194038
2163,4.38970475280743
2164,3.3634962508021333
2165,3.475745846727972
2166,3.169282984121638
2167,3.388746895922678
2168,2.7352062232327317
2169,2.5791855993493367
2170,2.7728369579939725
2171,3.274969209687698
2172,3.8244796670858765
2173,2.2258062445303346
2174,3.1257953758382193
2175,4.806347053002639
2176,3.1324634709846193
2177,2.9422776844524017
2178,3.5576417002687575
2179,2.9249256241892
2180,3.587974992800703
2181,3.0486543732431515
2182,2.791422851129669
2183,2.6362233785542553
2184,2.4110696041313933
2185,3.696737383663938
2186,2.685468683302176
2187,2.9501652850987115
2188,3.014515934876398
2189,3.286158296470223
2190,2.7753303115365835
2191,2.9894528995600007
2192,2.640766300491259
2193,3.6156095313959264
2194,2.4444791296012505
2195,3.5072792060554767
2196,3.1506207934693378
2197,3.185310208752663
2198,3.358451161717944
2199,2.088939633312203
2200,3.4896634238425297
2201,2.6104950924731343
2202,4.260309633974344
2203,1.8805801632571728
2204,3.127720875087301
2205,2.894674944885386
2206,3.024470697278267
2207,2.6037874972215658
2208,3.304260557027341
2209,3.5118729510074425
2210,3.4073447272925006
2211,3.9004518897206237
2212,2.252656471684031
2213,2.815716517546084
2214,2.5215704236864935
2215,2.726789694781761
2216,2.599851242211704
2217,2.4291401173994873
2218,3.918464038861472
2219,3.2054505144513152
2220,2.4648587098777894
2221,2.4961058299853587
2222,4.01143093246773
2223,3.615292789482851
2224,2.560273160913313
2225,3.3675806772691628
2226,2.3046775480349972
2227,3.186332643709857
2228,2.672440416273235
2229,2.6073327537978153
2230,3.757754323037144
2231,2.9709620787329905
2232,3.086381836851665
2233,4.156745042886107
2234,2.8499528630598716
2235,3.2777111547994062
2236,2.8187757947677317
2237,3.3155001524875893
2238,3.865573161458105
2239,2.5254909791326368
2240,2.2340200023338563
2241,2.7752888524498904
2242,2.725730547043858
2243,2.79953488694469
2244,2.4695047256923552
2245,2.6432719712253054
2246,2.8833638063798768
2247,3.0595990693061537
2248,2.827059412758733
2249,2.8483149093929563
2250,2.996085766109419
2251,2.3945433626982853
2252,3.7534664148103696
2253,3.7327934184920353
2254,2.339695554787768
2255,2.8006368228000285
2256,2.7706394262234864
2257,2.5830894250539833
2258,3.209010984443954
2259,2.8786456990292386
2260,2.6504434972403406
2261,3.2211690747174906
2262,2.1436749076492916
2263,3.100405795063528
2264,3.271196885377499
2265,4.541500297370363
2266,4.1217221597175
2267,2.399450876869556
2268,3.4514384532321674
2269,3.0751971421925997
2270,3.0981944590187394
2271,2.500360231276199
2272,2.511985150121207
2273,2.590468545889436
2274,4.372526988511957
2275,3.238823948332694
2276,3.3247009719292255
2277,3.5539217549850757
2278,2.269910038620766
2279,2.4984795142878977
2280,2.5118395464005157
2281,3.2991238399216805
2282,2.3720018196779855
2283,2.5907858313488537
2284,3.5454469007169465
2285,2.8493864818779824
2286,3.06208830909796
2287,2.96863208323789
2288,3.2092395769584754
2289,2.716269411789939
2290,2.5827223426448787
2291,2.209123641616158
2292,3.132750496120913
2293,2.5401859962336797
2294,3.7787470061130035
2295,3.5066713907499287
2296,2.2688730970874333
2297,2.198155495489659
2298,2.503450851607507
2299,3.5711698712667674
2300,1.8339401955647237
2301,2.33625785797197
2302,3.63685747309616
2303,3.641674585678063
2304,2.9910535671050984
2305,2.5177896151149564
2306,3.660807860987589
2307,2.506766106748678
2308,4.248243373829604
2309,2.1273244858308455
2310,2.8871066406661074
2311,2.6187653197255947
2312,3.5535898370263475
2313,3.562845304158215
2314,3.168286153700413
2315,3.144751885814204
2316,3.1073058340346416
2317,3.3399149401515933
2318,3.7162828882278744
2319,3.1065938384361718
2320,2.2411032549588032
2321,3.0178560081667007
2322,2.548190712211096
2323,2.79580960116005
2324,2.889007429644143
2325,3.024880234305809
2326,2.620209394692123
2327,2.3783370914538176
2328,3.6762607915034318
2329,3.716383161361859
2330,3.526255472259159
2331,2.434433132280781
2332,3.0057535241605127
2333,2.823196598753496
2334,2.892548520965507
2335,2.650551845186562
2336,4.631920872504944
2337,4.475357875440725
2338,3.6484258737561124
2339,3.0623914236462504
2340,2.9989143362178017
2341,3.4572907129975046
2342,3.314169957141172
2343,2.3173810550404403
2344,3.3572070337651736
2345,3.574614255557562
2346,2.9048479726427447
2347,4.6145115843870945
2348,3.0527972880771026
2349,4.150139599772881
2350,3.070405998464238
2351,2.031433510834972
2352,2.5070766266853366
2353,3.4617516930633676
2354,2.8487996217375904
2355,3.4421049988826673
2356,3.894206393027103
2357,3.878186604136881
2358,2.2981887244250463
2359,2.281489377318482
2360,3.397962035223328
2361,3.3372598286729382
2362,2.512126955588066
2363,2.668987321804977
2364,3.3133396334862506
2365,2.016185959079358
2366,2.3448265350493656
2367,3.9397880250853237
2368,3.404803486423769
2369,3.122325575692031
2370,3.4384556493937466
2371,2.844231081721725
2372,2.8700295319926545
2373,2.89301821785793
2374,2.920564725370076
2375,3.1926321747277733
2376,3.8281752356906686
2377,2.403416621978288
2378,2.6690670921530435
2379,2.32918600045793
2380,3.4087545155709083
2381,3.446870215725883
2382,2.7471653315373787
2383,2.9626053624814905
2384,3.5302472166954573
2385,2.559656596187731
2386,2.4047740756035574
2387,2.7602818213781815
2388,3.241523826299446
2389,3.523284959954716
2390,3.0488243001819013
2391,2.854968885338021
2392,3.7893641553723665
2393,2.3433526860073695
2394,3.0619218915544275
2395,2.9219454526652053
2396,3.1261588982763744
2397,3.564395021437328
2398,3.348195263097631
2399,2.9109723354843253
2400,2.6303643237542005
2401,2.7959264196897693
2402,2.5112426985653973
2403,3.210172417297915
2404,2.740141968801774
2405,2.5255956410650375
2406,2.499830629989948
2407,3.737884813522778
2408,3.1818433063734357
2409,3.5655088697212705
2410,2.4476212679915363
2411,4.272370513262611
2412,3.22654968397994
2413,3.455994014102789
2414,2.641226133092928
2415,3.006731135782993
2416,4.390470570464437
2417,3.320695053682005
2418,2.4624021395903233
2419,2.36274373415203
2420,3.0103351393856297
2421,2.3229393139904935
2422,2.796234169718866
2423,3.6682691102605736
2424,2.5309718282291125
2425,2.625132108640665
2426,2.892871273246784
2427,2.8117575302931175
2428,3.3126980718882613
2429,2.5123897971449494
2430,3.306969518394357
2431,3.2076832648948193
2432,4.705989283182938
2433,2.3139704607654363
2434,3.882551145498949
2435,2.811565163980207
2436,2.6309692364398494
2437,2.8354573335240243
2438,2.270968888845675
2439,3.1722327491762647
2440,2.387266937377433
2441,3.250045066883003
2442,2.676228027242794
2443,2.403077966437724
2444,3.813370117393723
2445,3.4830947569462873
2446,2.7292964992652973
2447,3.8314792593603
2448,2.568442354050744
2449,3.2424957864431625
2450,2.978482224670303
2451,2.615880759667643
2452,2.453834296060065
2453,3.2117109570121136
2454,2.796022553350379
2455,3.064561013736379
2456,3.7956010874655908
2457,2.130170922933246
2458,3.428764062298882
2459,2.3425922624272926
2460,2.5506290814104515
2461,3.186846875568649
2462,3.71922346410627
2463,2.8403280272587863
2464,2.9257577495839704
2465,3.7841060828327975
2466,3.3509006993707504
2467,3.019286245719988
2468,4.269830881482264
2469,3.1408015065216093
2470,2.0870162297388926
2471,3.8555896972359363
2472,2.8925997083378303
2473,2.98183006729915
2474,2.1719826126885597
2475,2.717701324001961
2476,2.666881834661284
2477,4.107888824334695
2478,2.736453360540346
2479,2.713888976599512
2480,3.226038441278536
2481,3.0760780370033007
2482,2.9849894970910706
2483,3.3702510052150143
2484,3.1823835873530606
2485,3.6493686063233617
2486,2.8413866853016905
2487,3.6866385808213855
2488,2.981390321490045
2489,3.426844548029234
2490,2.915857920494365
2491,2.206511298695296
2492,2.4773754184221985
2493,2.8984277305590522
2494,3.4244356737699966
2495,3.2098140079125503
2496,2.8845979029570192
2497,3.042625042707398
2498,3.5897061410887146
2499,3.791921277793358
2500,4.333820861816052
2501,3.2888253977626265
2502,2.7371707681556625
2503,3.193170371837297
2504,3.469429187179887
2505,3.1520393558470468
2506,2.661792126769517
2507,1.9106217821437013
2508,2.795494891010034
2509,2.892333383916021
2510,2.4579170769047356
2511,2.603071192534386
2512,2.5225672576088862
2513,2.6957743909611662
2514,2.330865666757128
2515,2.674543696973613
2516,3.041720976938681
2517,3.952630330584576
2518,3.362191322358271
2519,3.2421282659784354
2520,3.450877883706923
2521,2.4777810239582196
2522,2.6466109942897535
2523,2.9562695509149783
2524,3.5136780915381682
2525,3.093524516405105
2526,2.4158655070494444
2527,2.528647262733358
2528,4.0892308057157525
2529,2.8482441005248167
2530,2.8880916060428623
2531,2.9067884682537084
2532,2.9176695056116726
2533,3.3181180405547503
2534,2.2709507775018696
2535,3.0802862943810783
2536,3.512550875154154
2537,2.232129033497278
2538,3.5560267652400204
2539,2.5280595657890115
2540,3.793696619677568
2541,2.981586558594362
2542,1.9298557948084338
2543,2.9358746735778065
2544,2.3999987636203093
2545,2.8820443282746697
2546,4.228937691771786
2547,2.7404633606680813
2548,3.127947363695226
2549,3.017370238623948
2550,1.6182230466459244
2551,3.674206522065895
2552,2.7586475399935164
2553,2.132526337679112
2554,3.8818004251974716
2555,4.549619368638138
2556,2.0798170560964793
2557,2.7530764123415565
2558,3.0504582337694655
2559,3.3255902170505545
2560,3.0421849391647555
2561,3.5545624976775154
2562,2.9835946099067465
2563,3.7393985894765813
2564,2.476500212000124
2565,2.0733448181267726
2566,3.0307558839578217
2567,3.307040243822505
2568,2.8526902873437487
2569,2.249627619634082
2570,3.3616253747657536
2571,2.3002732369753094
2572,3.8636451875307496
2573,2.461588833138979
2574,2.9379983261950353
2575,3.380865119991195
2576,2.2256779017979262
2577,2.9335105423119985
2578,3.471949185812664
2579,1.9997200714347076
2580,2.308675363605782
2581,2.7735821743641647
2582,2.978391381964166
2583,2.9531428098308496
2584,3.9523293154978916
2585,2.471628405361911
2586,3.0644895214511116
2587,3.0823557763914065
2588,2.84485374358293
2589,2.6551654138403524
2590,3.506733994122123
2591,2.6104027197833064
2592,3.663754252898973
2593,3.015561854347183
2594,3.3815479408723834
2595,3.386840312765185
2596,4.319377148626153
2597,2.943313311972159
2598,3.549135691487012
2599,2.7471137464448288
2600,3.582938727355049
2601,3.0033969859027154
2602,3.4223751410089442
2603,3.0172970801477637
2604,2.595949358623125
2605,3.8178463495587556
2606,2.5817551524198676
2607,3.2582018466767293
2608,3.921227311280289
2609,2.5680167889116774
2610,3.232813956274417
2611,3.197766090734109
2612,2.2956258962593536
2613,2.571569359661303
2614,3.4863476567642597
2615,2.167901348540049
2616,2.5993758833164216
2617,2.364504662254104
2618,3.923833054430999
2619,4.399014074747783
2620,2.767046819049908
2621,3.094542172956424
2622,3.1499892360304993
2623,3.275761123025174
2624,2.9400602243079352
2625,2.8355757310827205
2626,3.9411009922565277
2627,2.652020926453063
2628,3.0600752311149533
2629,2.8220035718097556
2630,3.241701686443089
2631,3.7096621971222454
2632,3.5325759874930056
2633,2.6030264677058375
2634,3.4788900652928594
2635,2.543386983416222
2636,2.276952773014729
2637,4.165650661668495
2638,2.7460035885541183
2639,2.9352801415529415
2640,2.892023325716328
2641,3.2821661308298924
2642,3.1753064047271615
2643,2.5400267419958915
2644,3.2205102783965565
2645,3.3903827116391017
2646,2.8284888079372537
2647,3.8168774290742005
2648,2.28507103467425
2649,2.6567326238450755
2650,3.092366477348701
2651,2.677200409295211
2652,3.638773345942445
2653,2.4295717839865696
2654,4.926280493749751
2655,2.954975824476944
2656,4.047078890487634
2657,3.094302954881829
2658,3.1107849085862567
2659,2.8098001893916824
2660,3.3091645385000144
2661,3.2488870242622574
2662,2.7917820661910655
2663,3.6846580132881894
2664,2.469251122769969
2665,2.383983500990035
2666,2.681837862889213
2667,2.8387293562680154
2668,2.9788271507328568
2669,3.2579734901026987
2670,3.190191945173019
2671,3.299421423504308
2672,2.2644874086411777
2673,4.307896569735945
2674,3.5389647919866127
2675,3.081315099326168
2676,3.283886716211935
2677,3.1243601640624847
2678,3.1702876152608743
2679,3.101867266754161
2680,3.151960846731088
2681,4.376322498858928
2682,2.8152752284958833
2683,2.9711759656504757
2684,2.2004007103028544
2685,1.9892351821992589
2686,2.729271116200361
2687,2.0012238130769027
2688,2.117399111195675
2689,2.1561128464887886
2690,2.8760753231028104
2691,3.565719840165796
2692,3.5392913699123385
2693,2.449427329381675
2694,2.703525914722923
2695,3.399626237607749
2696,3.0857850490716925
2697,2.9741183506559064
2698,2.6931121322561506
2699,3.6121495291731973
2700,3.113655093663383
2701,2.9973197665791846
2702,3.1262776107611754
2703,3.2349390061149017
2704,2.6540902102787163
2705,3.237231288168868
2706,2.7606490387445413
2707,3.2867319226902527
2708,2.947843921656937
2709,2.754295225744562
2710,3.3533833639281876
2711,3.194330652304957
2712,3.154466584151041
2713,3.253881027000301
2714,2.8140511649344013
2715,3.7265427868932104
2716,3.120053348850886
2717,2.9431370653377407
2718,3.966343400895622
2719,2.545349821250006
2720,3.032499876430611
2721,3.9654604601051777
2722,3.3531486908693906
2723,3.299012286721419
2724,2.8579790824799507
2725,2.8138671604378906
2726,3.2893350248032123
2727,3.393886908146247
2728,2.143217894975113
2729,3.2301083003408384
2730,2.849594443809699
2731,3.151940804684316
2732,3.4639511192083785
2733,2.936069908111286
2734,3.1066503167734916
2735,2.404892994544781
2736,3.0081549589734498
2737,3.679516349211084
2738,2.8277546467849555
2739,3.0768174372152832
2740,3.655677129128395
2741,3.0303882842938563
2742,3.018601958664016
2743,3.052465933382869
2744,2.5361874188748317
2745,2.5242231717062418
2746,2.450142071928791
2747,2.3442915906820723
2748,2.676226309634494
2749,3.410050690622689
2750,3.0117706296762727
2751,3.0095486597139454
2752,4.401225114716083
2753,2.7611480056928706
2754,3.175732678727508
2755,2.6322117203276028
2756,3.795686658075457
2757,2.103742510031949
2758,2.0337793750566013
2759,3.2712675734232395
2760,2.749995506295309
2761,2.0423920278492003
2762,2.7079469640332605
2763,3.000875387722555
2764,2.4564327127850847
2765,2.7431405571576404
2766,3.118427168438765
2767,2.600002277157926
2768,3.7243420266219016
2769,3.2720418761448795
2770,2.942662016457367
2771,3.0032092198495843
2772,3.3877421557954475
2773,3.8058071489723093
2774,2.4453685393068416
2775,3.534300963828768
2776,3.5884909137896903
2777,2.3004952230999636
2778,3.2931935345158014
2779,2.790950822693648
2780,2.4223920198246884
2781,3.647966453065063
2782,3.4029479241907574
2783,2.956956677546822
2784,2.819787196026773
2785,2.4839618242632584
2786,2.99676359163533
2787,2.8170933013971853
2788,2.5916414337304627
2789,3.83702573236028
2790,2.958238683091353
2791,2.7091678456793944
2792,2.9547111481816164
2793,3.5937490372790264
2794,3.1449154626246094
2795,3.793797505522008
2796,4.285425744574545
2797,3.5725514192852983
2798,3.804199403532364
2799,2.6055144251462883
2800,2.922547251383775
2801,4.312060575473044
2802,2.970257282747642
2803,3.5464890985058717
2804,3.2051331861504297
2805,2.82175324366172
2806,3.33352631891227
2807,2.7056627933041026
2808,2.5830713978567656
2809,2.3869725457697326
2810,2.6386264011384797
2811,2.31159393092153
2812,3.0324703042612486
2813,2.0198725558904407
2814,4.236019685288532
2815,3.092095012917465
2816,2.8407257215119954
2817,2.5559918899554686
2818,2.933960645047628
2819,3.833045852226818
2820,2.8773433918012565
2821,2.882175090042285
2822,2.834956721650517
2823,3.5482338067564423
2824,2.6756085140960355
2825,2.7014594677221724
2826,3.866359049511519
2827,3.603665573201009
2828,4.191853661819268
2829,2.7358323307713395
2830,4.764474768113455
2831,2.5190348622749394
2832,2.61282649241835
2833,2.986360115425206
2834,2.3776383532374794
2835,3.3099831549726986
2836,2.830400680064149
2837,2.1870506198270103
2838,3.047856632445058
2839,3.579718314577849
2840,2.530360311017151
2841,2.4559253153613825
2842,2.776149395805382
2843,2.5404756450696278
2844,2.3907209849947204
2845,2.9041033909102048
2846,2.838677187484698
2847,3.0888918086875505
2848,4.202256167098526
2849,3.111717784036626
2850,3.3547353738123116
2851,2.4707789881691733
2852,2.331317293323121
2853,3.3306114237828477
2854,3.529694381229385
2855,2.61882989891353
2856,3.269687455589319
2857,2.8821963493643192
2858,2.1970725856351367
2859,4.117538287695194
2860,3.116965744669712
2861,2.776914685163134
2862,3.017837181417281
2863,2.506833411378019
2864,2.3637489042091415
2865,3.0122985806018923
2866,2.535157067919509
2867,2.9788138590937407
2868,2.7742029597514493
2869,3.2317743997315107
2870,2.9705248739604717
2871,2.9356018026150665
2872,3.8213993755773124
2873,3.1846170411112813
2874,2.9552747003779434
2875,2.1508542809419327
2876,2.045484788680219
2877,3.365846413443422
2878,3.1144949566109843
2879,3.184255758901566
2880,3.605476732977112
2881,3.049715556593396
2882,3.422719439510014
2883,3.834555328038171
2884,2.9711264052470407
2885,2.225443371864694
2886,3.23454454166297
2887,3.0306942569108863
2888,3.4828217540886137
2889,3.0585276231066394
2890,3.0365206221827803
2891,4.22409590481778
2892,3.455261526654981
2893,2.0734137745545667
2894,3.3322102749555707
2895,2.4284937878540207
2896,4.108746486011112
2897,2.276539324164135
2898,3.8936056182127907
2899,3.195459720446501
2900,3.02079795803321
2901,3.13809006747805
2902,3.1132630749106944
2903,3.194489483728425
2904,2.8103013906749448
2905,3.0497307056320833
2906,3.1624280356697683
2907,2.1149879421870295
2908,3.7821416062457067
2909,3.630679728284581
2910,3.250196838468035
2911,2.845054988674385
2912,3.6133346826189965
2913,2.9247721905752675
2914,3.2322647268303006
2915,2.69453411741164
2916,3.087328825056717
2917,2.7152429128785545
2918,2.6684403351695436
2919,1.9889005099353627
2920,2.8817893496839333
2921,2.902915998783465
2922,3.052002532151078
2923,2.414001696073248
2924,2.5740969813028856
2925,2.7845550077192134
2926,2.9906116999730434
2927,4.15197558986962
2928,2.959534419491682
2929,2.8198371190718508
2930,3.092994325464941
2931,2.3123442388672824
2932,3.082503176768432
2933,3.486113344845293
2934,2.415842437151514
2935,4.51938582119865
2936,2.866231259983933
2937,3.4050746115178496
2938,2.6548290018462692
2939,2.8449519572432784
2940,3.9054973679888128
2941,3.2922834044887193
2942,2.275829619512744
2943,2.7471495349941386
2944,3.436601929278039
2945,2.72246417728094
2946,2.9123225628405582
2947,3.563591385512824
2948,3.4631818150312057
2949,3.3774363010833404
2950,3.6123158064699536
2951,2.96192975460771
2952,2.260285405708079
2953,3.283968172285522
2954,2.5299920905692503
2955,2.5413008937669255
2956,3.7806905632775667
2957,2.566939115345652
2958,2.831688658599096
2959,2.455109536110558
2960,3.566782317509232
2961,2.4281708643135276
2962,2.742235047056642
2963,3.7477722353031684
2964,2.9705775745147407
2965,3.7132156923963913
2966,3.0731861826152
2967,2.5533978053086157
2968,2.8756945995650476
2969,2.701742076888855
2970,3.3714836098966257
2971,3.755837919611631
2972,2.925325999150087
2973,2.6927082654435894
2974,2.407543282685007
2975,3.204947776561581
2976,2.8726418065956723
2977,2.283269807353774
2978,3.2168456474127582
2979,3.615906111881013
2980,2.580780237207645
2981,3.985963330275636
2982,2.596991315205489
2983,2.7814856784769573
2984,3.33139608472622
2985,3.404690653281489
2986,2.556168114525087
2987,3.146663958809371
2988,3.0808890816612506
2989,3.282296699494792
2990,2.825051892144869
2991,3.6342892884073716
2992,3.1565061544729147
2993,3.5396098854455564
2994,3.09315558541845
2995,3.1776175945921645
2996,3.079976339822848
2997,2.9232649560152004
2998,3.0656019032046338
2999,2.832154296216896
3000,3.630269714581576
3001,2.5649985243959206
3002,2.8581028125417505
3003,3.031332590395962
3004,2.5468572201729773
3005,2.315589405618464
3006,3.751923737715695
3007,2.8294160084383795
3008,2.3749026322952984
3009,2.536579615474901
3010,2.4773952689938485
3011,3.705197989943598
3012,2.5045449734717846
3013,2.362022832935399
3014,3.0915071247053465
3015,3.334231531742779
3016,2.8257497116302015
3017,2.18201744139624
3018,3.083018183288571
3019,3.496405426090355
3020,3.5901980648842984
3021,2.6366116690814154
3022,3.445055365317716
3023,3.317970289486792
3024,2.8639841927109986
3025,4.504719446257068
3026,3.274927961553955
3027,2.440341615418935
3028,2.3568396419261846
3029,2.911782174133029
3030,3.941466064247594
3031,2.6251538420759597
3032,4.644738042411842
3033,3.749360098864271
3034,2.3262817518545713
3035,2.6395437170009495
3036,3.032659993068494
3037,2.701603868958865
3038,3.094454739595212
3039,2.623892304242243
3040,3.302970303637103
3041,2.6486518739751492
3042,2.0291344138645506
3043,2.615020715739372
3044,3.312556837143621
3045,4.741193730430514
3046,3.1062706024786335
3047,2.9934170305972323
3048,2.882243401997652
3049,2.3220745037258266
3050,3.0765203009300244
3051,3.3854924135967663
3052,3.550349090572055
3053,3.2554348350821574
3054,3.520920535131611
3055,3.051788430886469
3056,2.8899537208827444
3057,2.9010166524317054
3058,2.3019710609730986
3059,3.363353792604781
3060,4.040113318108375
3061,2.902891643223677
3062,3.3090408512021803
3063,2.984645498758548
3064,3.3159965755749363
3065,2.156058228330773
3066,1.8901231972497423
3067,3.868786063851706
3068,3.4008560385278575
3069,2.967872588330866
3070,3.0621892655752756
3071,4.123007594340195
3072,4.1431497207440104
3073,2.557881546844475
3074,3.7986528804776962
3075,2.9667808914847815
3076,2.7863898438408343
3077,4.124905049671433
3078,2.660738696410881
3079,3.3928987879461583
3080,2.6305457601935345
3081,2.914320975582472
3082,3.944789958866604
3083,2.678531601354905
3084,2.3770533271839054
3085,2.564598856794575
3086,2.923279272192909
3087,3.8553304330608613
3088,2.9068825732176315
3089,3.355520394464325
3090,3.6199092718583623
3091,2.5906137881236284
3092,3.7228963828099255
3093,3.8333507560874733
3094,3.59543430476475
3095,2.79406756056418
3096,3.0367831600172512
3097,2.7869736166615744
3098,3.258817027829914
3099,3.291880808032954
3100,3.0779466105343323
3101,2.8148142283379682
3102,2.734914065995874
3103,2.2614437435170953
3104,2.864449071149651
3105,2.508660735548668
3106,3.204387933542139
3107,2.792162586229386
3108,2.8053524208677203
3109,3.6128350905105093
3110,2.7950880935515237
3111,3.013202015255099
3112,3.2758874367831243
3113,2.8858179021783443
3114,2.94658371328296
3115,2.5083332592945404
3116,2.2686818932140986
3117,2.6846792808446214
3118,2.598079965326158
3119,2.7060508575304123
3120,3.0248801942601395
3121,3.1668036143671383
3122,3.035996506234027
3123,3.216848219938014
3124,3.1458142610248956
3125,3.188349807015068
3126,3.4583408471490213
3127,2.879386411264861
3128,3.2003276802559313
3129,2.181344914711108
3130,3.7808494324569955
3131,2.9298613457592
3132,3.229529043859346
3133,3.6791344940591366
3134,2.9571315850984186
3135,2.467216009204291
3136,2.722388191687122
3137,3.0363335079786773
3138,3.5349767160582863
3139,3.4859674492027093
3140,3.868021449213883
3141,3.2696141048201723
3142,2.6911256898418756
3143,2.9064301266677464
3144,2.992731048098485
3145,3.228717652372469
3146,3.329115016467631
3147,2.4551623705769745
3148,3.8748290950068607
3149,2.725821587041846
3150,2.548301162876309
3151,3.315061442857334
3152,3.496041012051033
3153,2.945258180332327
3154,2.5422348202386935
3155,3.930291114560346
3156,2.3339274720659624
3157,3.3089365630872853
3158,3.3800669201209628
3159,2.7551221829801498
3160,2.8664572956520002
3161,4.074378852760131
3162,3.5090213927860496
3163,2.8760062236213737
3164,2.403325559966701
3165,3.7609473556044657
3166,2.579215023269887
3167,3.0530109550670637
3168,3.5614629593775318
3169,2.3409669186668616
3170,3.114743134834567
3171,3.9843654108439437
3172,2.894607769263693
3173,2.8954383959325667
3174,3.1867540911781425
3175,3.357815898282629
3176,2.764643917900151
3177,2.917892741951019
3178,2.925930375340484
3179,2.4516680352853824
3180,2.5474898235187307
3181,3.8572855120868668
3182,2.8552430733796843
3183,3.3528904974239393
3184,2.4149938905036903
3185,2.3947533831156544
3186,3.110498309907809
3187,2.8551053859648583
3188,2.75975982435704
3189,3.6498610475148863
3190,3.0315139619266445
3191,3.0527876931487463
3192,3.026256648936426
3193,2.8313003463595363
3194,3.0987847949741925
3195,2.979051888348073
3196,2.3055158871553667
3197,2.638499203652676
3198,3.0568109900635623
3199,3.5555449344097516
3200,3.0851057415876615
3201,2.4332014334203116
3202,2.9144056342735905
3203,2.969663014321539
3204,2.784012209562564
3205,2.7916557853741297
3206,2.6992781116815463
3207,3.085685915009588
3208,3.488054980271793
3209,3.716653136710904
3210,3.4705907025075895
3211,2.855607112045298
3212,3.6123953679670917
3213,2.666205950181259
3214,2.484244697942885
3215,2.676720925010917
3216,3.2007551538893
3217,2.254767872566085
3218,3.2455233886642403
3219,3.0940337480610207
3220,1.8737088867690073
3221,2.937032846805239
3222,3.3213678640904716
3223,3.303015092513456
3224,3.34657812447155
3225,3.609669910033727
3226,3.118867750833163
3227,2.402985887901732
3228,2.3086318919877584
3229,3.0390997789349385
3230,2.7021368732972526
3231,3.1037444845023088
3232,2.202715198250122
3233,2.997265774572055
3234,3.5656346170138984
3235,3.1471310988820638
3236,2.8334756855898267
3237,2.636988112098936
3238,2.1547866268484333
3239,2.725522869587673
3240,2.5933070803462805
3241,2.6334461801719184
3242,2.5305127392364444
3243,2.7181740185793775
3244,4.607620796007627
3245,3.1716389010025
3246,3.0550829364239704
3247,3.682029555445828
3248,2.7521802354971836
3249,2.468205707351995
3250,2.325071352177712
3251,3.2663002146354683
3252,3.908355519107193
3253,2.766015393148468
3254,2.50736906317529
3255,3.057583571108697
3256,3.1282394057689635
3257,3.8984240835896284
3258,2.750874027131735
3259,4.043628429354548
3260,3.455608802962181
3261,2.722825355737242
3262,3.5072636207554444
3263,2.495720965498872
3264,2.458595894651704
3265,2.5871680812954185
3266,2.619366391806994
3267,4.031650246420717
3268,3.5232789860658844
3269,2.509435177311676
3270,3.297565783238131
3271,2.754588388886972
3272,2.8958260261183097
3273,2.6568950870993486
3274,2.935560698159969
3275,4.204724369592933
3276,2.4034569863153017
3277,2.9181118203521326
3278,3.429639169204981
3279,2.9399534062018997
3280,3.4448799529185727
3281,3.326518708018869
3282,3.4090269691199935
3283,3.776676592014752
3284,3.2551394883219666
3285,2.3115554583978546
3286,2.2841305636389917
3287,2.9859672005054487
3288,3.250615815576076
3289,3.2509688592291477
3290,3.002997578816819
3291,3.0127986202724353
3292,3.738789860201034
3293,3.746665438865295
3294,2.7428338090852606
3295,2.6437620419767063
3296,3.446626429000843
3297,2.319676274516788
3298,3.9799935237873045
3299,2.8292760377136323
3300,2.759609397420791
3301,3.623996841343639
3302,3.0439343123243265
3303,2.5923244358480217
3304,3.559505563740251
3305,3.1956872430015038
3306,3.097190116853115
3307,3.0533492190105758
3308,2.2551401571922955
3309,2.2656966687183036
3310,3.347511625338494
3311,3.5781464093161586
3312,3.265725743651674
3313,3.422328681037552
3314,3.4149965035345193
3315,3.570143188627158
3316,2.638938705317888
3317,2.779588350747461
3318,2.54354245188932
3319,3.1762638010785347
3320,2.7086230114368104
3321,3.1613003691025505
3322,3.0903611937554754
3323,3.2690630073884983
3324,2.061341154182144
3325,2.2031250219405165
3326,2.045965124189664
3327,2.4261535683052644
3328,3.0698411460169965
3329,3.152217636344957
3330,2.139648747095984
3331,2.7193697586561925
3332,2.500493342003009
3333,3.6463704441935048
3334,2.2245100077786955
3335,4.0363319995988185
3336,2.6653408581838405
3337,2.7503951248076537
3338,4.285587126366313
3339,2.966138114116946
3340,3.1306748937142115
3341,2.721964853732064
3342,3.6139587789731813
3343,2.2511977583161693
3344,3.0750746749669626
3345,3.0611229019368045
3346,2.616333656321756
3347,3.765790680296822
3348,2.5360899567551245
3349,3.7649410540284354
3350,2.629657130565298
3351,2.586558431590031
3352,3.3593891172416006
3353,2.4731923959910023
3354,2.7554471489022
3355,2.677610659378841
3356,2.6039055206862707
3357,3.168271983785661
3358,3.328896519512294
3359,2.27380319585776
3360,3.1583040526910864
3361,3.6048805718820383
3362,3.1095242362594613
3363,2.999063519330056
3364,3.290698835001242
3365,2.791162972989659
3366,3.902045702668604
3367,3.3131076973189835
3368,2.396675648081674
3369,2.5896700048266412
3370,3.5871512045875673
3371,2.4766416571454033
3372,2.684634062193896
3373,1.9518554426301775
3374,2.9652015383661556
3375,3.6679502460391546
3376,3.2125575868837863
3377,2.960897255705488
3378,2.925183007466898
3379,3.4931606659334897
3380,2.680030221045994
3381,2.754813416667122
3382,2.251016579136897
3383,4.5300263997601125
3384,2.452498680458946
3385,3.6666139187858366
3386,2.8841733727843226
3387,2.783995253844761
3388,3.3520732375931463
3389,3.0367354733527465
3390,3.0955202168236404
3391,2.861051654507314
3392,3.09847910405537
3393,2.6893956579820193
3394,4.333850300158916
3395,3.10491994834765
3396,2.748918649985332
3397,2.8056660399119564
3398,2.870158024031519
3399,2.2306555341548724
3400,3.285873165159117
3401,2.878362919329687
3402,2.9275036555163902
3403,2.13465512223995
3404,3.0463658554164574
3405,3.294881266701479
3406,2.957963718968696
3407,3.2455641558479145
3408,2.5610216445641387
3409,3.0614652034408985
3410,2.6053956241799474
3411,2.7007574664712033
3412,3.2670818728995368
3413,3.270061266820414
3414,2.641706896140099
3415,1.9026778362991672
3416,3.01428641389887
3417,3.048833225430858
3418,3.759940609125374
3419,4.157643114374391
3420,3.5044695393710428
3421,2.8232738711661143
3422,2.994410899977681
3423,3.020226561857884
3424,3.926586211519485
3425,3.3484920731263466
3426,2.3391975858992153
3427,3.9246928089796893
3428,2.2921924187635874
3429,3.2785795894871117
3430,2.234357550440669
3431,3.360009575034046
3432,3.0335732370568866
3433,3.1778683476601914
3434,2.986808136746945
3435,2.6650275412256237
3436,2.803742286917986
3437,2.579692909525705
3438,2.59566096746599
3439,2.814283469410739
3440,3.3540375793458725
3441,3.3885394842404417
3442,2.9974293819911995
3443,2.705060085375395
3444,2.198442942280574
3445,3.1249995986043038
3446,2.288656838146243
3447,3.801372438970798
3448,3.1576549535302902
3449,3.0353795662929106
3450,2.7356464572926256
3451,3.6363514042052882
3452,2.542272909003963
3453,4.334495648797244
3454,3.158579573096575
3455,3.296315425132376
3456,2.845876955776911
3457,2.641159444229812
3458,2.6056860239465247
3459,3.3701931260609714
3460,2.4412117651385823
3461,3.732949701034069
3462,3.1434026114303535
3463,3.06703296155336
3464,3.7114753934687448
3465,2.5510299288524942
3466,4.4158857366635065
3467,2.922781876846899
3468,3.792087936188549
3469,3.999987518157469
3470,2.349075933786547
3471,3.1564151609672253
3472,2.801014218382791
3473,3.554323883159194
3474,3.37486114036046
3475,2.973018186135329
3476,2.2461325940693695
3477,3.2319465484591503
3478,2.5951915981163394
3479,3.332120429484135
3480,2.8477288848068354
3481,3.767102291469211
3482,2.937625432383466
3483,3.078209238632404
3484,2.414204197500436
3485,3.099706595693591
3486,3.0209682236034245
3487,4.015657235008024
3488,3.0926682577727647
3489,2.416713534647915
3490,2.369346020814565
3491,3.167392408751509
3492,3.4030082288381522
3493,2.6385422836612595
3494,3.24761461666495
3495,2.8983445257529863
3496,3.39296597056909
3497,3.2197289948808545
3498,3.3210755331464745
3499,2.8428427157024703
3500,3.631709567059659
3501,3.3561105716926507
3502,2.0369938252138717
3503,3.1870057650665027
3504,2.608950295665121
3505,2.6366761532802068
3506,2.364557312521294
3507,3.251277745185736
3508,3.8764014654198053
3509,2.7633883896316087
3510,3.4837959951399653
3511,3.433118666921462
3512,3.350512394802161
3513,2.855458890697196
3514,2.638869516341634
3515,2.5735242805631744
3516,2.563536820041274
3517,2.2833846636120545
3518,3.533293211668881
3519,2.7351801988180995
3520,3.1735414776865536
3521,3.3972609494851627
3522,2.641429328244827
3523,3.325036957088219
3524,2.5161953160070465
3525,3.7082541455466633
3526,3.403346240860187
3527,2.92194027331088
3528,2.750721416486151
3529,3.1475551855524238
3530,3.1328114874000184
3531,4.201138609901064
3532,3.0397078751215134
3533,2.2983011910076643
3534,1.8449775435642028
3535,2.8711469421842097
3536,2.1820557602536246
3537,3.3167007178032932
3538,2.667862735209752
3539,2.8381300298743146
3540,3.8107628069973654
3541,2.4340234473511364
3542,2.9459181782164103
3543,2.8426516099851855
3544,2.9296798613579598
3545,3.5809374542249945
3546,3.1449811925697664
3547,3.216942278258357
3548,3.252836900895736
3549,2.79314775734402
3550,2.7822764932583928
3551,3.409917907300689
3552,2.904512663236319
3553,3.0188808886400107
3554,3.250619130406887
3555,3.6194689061633953
3556,2.6250196243069457
3557,1.8838803929128087
3558,2.593303413936018
3559,2.9333936966493104
3560,2.5477217408320207
3561,3.1210976742756693
3562,2.9978118789789656
3563,2.592299948119833
3564,3.0915921521161227
3565,2.2587464420678347
3566,2.3255182376193275
3567,2.5772477660921984
3568,4.294310160545649
3569,3.1545476891664723
3570,3.0940638877345523
3571,2.5582829072817925
3572,2.3759682310398635
3573,2.049863606438994
3574,3.8074214250352867
3575,2.6239298280650742
3576,2.429722403210133
3577,2.4837899546558693
3578,2.900200539851951
3579,3.133628639677804
3580,2.7734774287061166
3581,3.506519706868544
3582,3.226522615916107
3583,2.8930387339666064
3584,2.347729157382564
3585,2.878406768253827
3586,2.5736722273964863
3587,3.8767531758116816
3588,2.9819388069030857
3589,3.7746582829989723
3590,4.778181061533975
3591,2.8098352520788925
3592,3.356082894543048
3593,3.3974297627655865
3594,3.07626921735443
3595,2.934964717519988
3596,2.809537451798103
3597,3.103932379251699
3598,2.917924345727381
3599,4.3157883148945
3600,2.6745086873062296
3601,2.676658045256602
3602,3.8111964681166124
3603,3.302081825542078
3604,3.723763390760226
3605,3.8504185220200773
3606,3.383320315454139
3607,3.187921086853426
3608,3.0032891488986913
3609,2.3405438696843404
3610,2.2309573826738083
3611,2.9595712795396176
3612,2.633552897908726
3613,3.214384620520646
3614,3.035578386312401
3615,2.731278891907834
3616,3.3189997784981267
3617,3.769905705312543
3618,2.703459850330617
3619,2.8809967339374998
3620,2.651224199527943
3621,2.7804946565574213
3622,2.750731143580881
3623,3.694877746341458
3624,2.8940351787241916
3625,2.7500327878790216
3626,3.2689679016019717
3627,3.0089795273924373
3628,3.7475691238086473
3629,3.0589686426381286
3630,3.4720831327431303
3631,3.2069338926591664
3632,3.536943254052439
3633,2.7696018600731627
3634,2.9359885896633893
3635,2.5210587328988585
3636,2.8047127177590787
3637,4.280341240335381
3638,3.2701982789842052
3639,3.357018802308047
3640,2.6664179032795423
3641,3.078164086986214
3642,3.7530502863986612
3643,2.305272321715579
3644,2.863740037294374
3645,2.404397055352584
3646,3.1058202336294762
3647,3.1124608011482864
3648,3.46908330928505
3649,3.3794455427990346
3650,2.7622292147562644
3651,3.7786433123550753
3652,2.2258431323642864
3653,2.4168185045433423
3654,2.2410421819543114
3655,3.2468855310862943
3656,2.867876673893476
3657,3.9460256748323403
3658,3.179157712509609
3659,2.640149372212472
3660,3.1584843051316738
3661,3.6351213603132204
3662,2.8535934457446253
3663,3.390105642249221
3664,4.0769059375465435
3665,3.7000173511866037
3666,3.2733883642688126
3667,3.867603762732139
3668,3.572664756778881
3669,3.9469407816475925
3670,2.9838101795726026
3671,2.7767132563589194
3672,3.047299277839216
3673,3.9427103294769643
3674,3.3963969575174473
3675,3.415500608942768
3676,3.357550616414353
3677,3.6710059240752146
3678,2.2525677138570583
3679,2.677197950640628
3680,3.865972629138385
3681,2.7989070500831756
3682,3.5000540194441703
3683,2.3266671752000043
3684,3.0956114929895953
3685,4.03009404771933
3686,3.827657765688435
3687,3.226383001949036
3688,3.1104374450405423
3689,2.2824252542360277
3690,3.241396341376879
3691,2.464849088886216
3692,3.1652541341553744
3693,3.7980193037460674
3694,2.2814107286344325
3695,2.7764493491190065
3696,2.6484564642075106
3697,3.3368130356428476
3698,2.102392307803436
3699,2.724307833750054
3700,1.8839466852202242
3701,3.1735074252054734
3702,3.727991721188651
3703,3.1383322377529423
3704,2.8971537855145444
3705,2.910354306869339
3706,3.6856840961330555
3707,3.6264957024455726
3708,2.985667269832674
3709,2.682406007484312
3710,3.233929820175635
3711,2.6163752608997606
3712,2.617665674550152
3713,2.7253234974426186
3714,3.7427404123591055
3715,2.7916774771390838
3716,2.221229796934658
3717,3.1986639091661324
3718,2.8979774156846125
3719,3.9904306296241243
3720,2.8898733615777106
3721,3.1607928740743207
3722,2.648153207337665
3723,3.690677108129209
3724,3.055279930922102
3725,3.377448697085486
3726,2.8166581624075757
3727,2.5041357737763983
3728,3.1759178781003734
3729,2.328336182852719
3730,3.438573735198194
3731,3.561080423645586
3732,3.391294895289063
3733,3.0319174970787452
3734,2.522400563788382
3735,2.4612478547155843
3736,2.6042669452609957
3737,3.8182355543398887
3738,3.228672697137823
3739,2.8083003121363803
3740,2.571972955624276
3741,2.6067450978131053
3742,3.3247302085654384
3743,3.0756470064917676
3744,3.2136600860046167
3745,2.788630313944862
3746,2.188453194524078
3747,3.8669866952376015
3748,3.264835508388971
3749,2.124342485268083
3750,2.6837183382005967
3751,2.9671561493175025
3752,2.9101364967867727
3753,4.870827623157732
3754,2.977154036736346
3755,3.462003394376943
3756,2.650767400006144
3757,3.461632130145528
3758,3.1219153693635397
3759,4.605975943702695
3760,2.7528843159688683
3761,3.1580298249259484
3762,2.49189156934244
3763,2.729918515054025
3764,2.8725602197539537
3765,2.5031784296339747
3766,2.580865902312012
3767,2.9326734690253176
3768,2.8873924144863548
3769,3.219668188647507
3770,2.8617325425471054
3771,3.447355073510796
3772,2.0906987546197953
3773,3.012783871222922
3774,3.270330235656649
3775,2.947349360243289
3776,2.4697700361628616
3777,3.7714071504681606
3778,3.02692029076784
3779,3.545955114361866
3780,3.4877121502478183
3781,3.387596745380387
3782,3.334645519309417
3783,2.3747692581065007
3784,3.724741761135312
3785,3.05775527576392
3786,3.635187657450783
3787,3.224114318748803
3788,3.476348880274782
3789,2.227694350006066
3790,2.7810218720011455
3791,2.7694812453119977
3792,4.131290021293316
3793,3.1066697508905126
3794,2.3562931446344906
3795,2.986244729295136
3796,2.7958247277596353
3797,2.8010014332096205
3798,4.081762520989897
3799,3.6487340675904716
3800,2.4209167489540393
3801,2.208303248617686
3802,2.5464494516001093
3803,2.3286538250556337
3804,2.545465789477826
3805,3.296270366387703
3806,3.3783498793443663
3807,3.1840592779447023
3808,3.81846646222273
3809,2.7184371021638243
3810,2.582732254209748
3811,3.6032465533052895
3812,3.2421540640083126
3813,3.5756086751523095
3814,2.050611761966966
3815,2.699753147783756
3816,2.959969491429232
3817,2.6679516239554726
3818,2.207321815365191
3819,2.21218821338397
3820,2.7921225268926557
3821,3.6404164304901685
3822,4.392528497068622
3823,3.329923644065106
3824,3.0190986140220706
3825,2.93765334221478
3826,3.455615497978026
3827,2.2949905384730576
3828,3.2350171057389816
3829,2.828737779599969
3830,3.7743401292757883
3831,2.54921747688227
3832,4.012318153724084
3833,2.596149251944297
3834,3.2861045263311883
3835,3.0351538283975144
3836,3.439425707977907
3837,4.10867948858012
3838,3.1516063109208754
3839,2.703265691061794
3840,2.378332374073161
3841,2.0701720880981846
3842,2.851240436779541
3843,2.8288329940768593
3844,3.3694671698155183
3845,2.893025107550048
3846,2.4418298984935025
3847,2.78109811841598
3848,2.796672405931879
3849,3.218196266937861
3850,2.010937505856946
3851,2.1967114801834917
3852,3.3816496384126897
3853,3.0512106249223825
3854,3.392668652713755
3855,2.7465093329931958
3856,3.889988478103577
3857,3.4016650986484707
3858,3.5678199666382766
3859,3.000210225372807
3860,2.437562499002371
3861,2.7704068296544846
3862,3.507198746689589
3863,3.5029471194011763
3864,3.0190373406048736
3865,1.939202992665687
3866,2.518139093306633
3867,2.754698790532214
3868,2.8017736132403703
3869,4.010348374909401
3870,3.5405339698026905
3871,3.5239570894174017
3872,3.3025459470465433
3873,2.283435167434679
3874,2.8289604822156216
3875,2.7311696993529995
3876,2.9682301078049647
3877,3.990819484407613
3878,2.9710607762464387
3879,3.241905675943976
3880,3.543704110438137
3881,3.443927303086365
3882,3.1502189411865276
3883,2.982720523435556
3884,3.1034437005326736
3885,2.828931415248332
3886,3.471485019797689
3887,2.7357839425172163
3888,3.4152062990044043
3889,2.451369231150816
3890,3.0201805087353653
3891,3.400632346078381
3892,3.1654270817099777
3893,3.189380436093603
3894,2.7230306947224165
3895,2.7284021256993976
3896,3.471888420031683
3897,3.293674101004065
3898,2.6330814240961637
3899,2.0809786822620153
3900,2.670276272793217
3901,2.922454574076219
3902,2.2509989712600844
3903,2.9830400842976807
3904,3.5024131729555
3905,3.138281898345106
3906,3.2537116038613387
3907,2.8614004137099855
3908,3.6119842002564027
3909,2.918870987929876
3910,2.751862728285885
3911,3.6821431512169793
3912,3.996516212600041
3913,2.656642732475262
3914,2.9972130156359036
3915,2.3216453286134633
3916,2.9960125955146246
3917,4.398612805067206
3918,3.760900044447224
3919,3.600620540175886
3920,3.4701339189779765
3921,3.1688760100666133
3922,2.89512858569415
3923,3.526111028713579
3924,4.074182895372282
3925,3.012120912071122
3926,2.595215889157847
3927,3.679405598939687
3928,3.341911767342891
3929,2.774478503732535
3930,2.4137365501439967
3931,2.929755672135652
3932,2.600893248407508
3933,2.273035006812863
3934,2.677535567147833
3935,2.741832041600611
3936,2.2051246406814258
3937,2.5558671111133355
3938,3.096569239068323
3939,3.135969599917787
3940,3.808073100699705
3941,3.485919858253178
3942,2.582748100158196
3943,2.6424127432535878
3944,3.1133336016604716
3945,3.629370090955186
3946,2.5334640378507305
3947,4.241006557476322
3948,2.594759518862428
3949,4.0330428664408515
3950,3.2231735490145805
3951,3.0099916578870696
3952,5.191933179767947
3953,3.0722263551509887
3954,2.796609770289118
3955,3.481786619315003
3956,3.077587880232626
3957,2.4956998036281166
3958,3.1769809415296995
3959,2.866026292035598
3960,2.347057146519531
3961,3.1285587564059676
3962,3.4109833458981877
3963,2.666114634681084
3964,3.7567754709681194
3965,2.705290595226503
3966,2.799134189588295
3967,3.239086867950786
3968,2.9113290382745927
3969,3.087430214968517
3970,3.268514545441021
3971,2.9460481482279115
3972,4.323267348813851
3973,3.456914401494011
3974,3.7652944346597113
3975,2.912782943040396
3976,2.8169187103675166
3977,2.0861725954689856
3978,2.8701901655477546
3979,3.0841181684250527
3980,2.6542759092993475
3981,4.110714081445034
3982,2.530456361549971
3983,2.7835350061224657
3984,3.039503195329119
3985,3.264750031313747
3986,2.7464608534514636
3987,3.503893558992409
3988,2.5938500100480724
3989,2.5953251493846374
3990,3.2771864728374265
3991,3.075367904911523
3992,3.6820050755789056
3993,3.5996891458994216
3994,2.2865061293893656
3995,3.0512007159833203
3996,3.152076070317905
3997,2.1213455986923035
3998,3.2731022346765255
3999,3.3700123444901973
4000,2.1570090005836278
4001,2.8252811200055743
4002,3.111496460201566
4003,2.333823878240179
4004,2.5737239709190747
4005,3.4111112681922715
4006,2.945935859683516
4007,2.7542029085667
4008,2.432261238227936
4009,2.2873411178647456
4010,3.085893134550528
4011,3.719316327273208
4012,2.9095514446220556
4013,2.79537676464619
4014,2.747944581506392
4015,2.9805242353272017
4016,3.9330823912213586
4017,3.34471191230413
4018,2.6457053138156192
4019,3.2977613604383573
4020,3.200902892140925
4021,3.5938365722305994
4022,2.4871249140505234
4023,3.24391118127124
4024,2.8372447597136805
4025,2.328378454038003
4026,2.5264317973382857
4027,2.555737161921477
4028,3.0168937791326162
4029,2.919758943522848
4030,3.0093773305524403
4031,3.260736540488526
4032,3.1798412965872904
4033,4.601913259961263
4034,2.7152437986902793
4035,3.040096228596194
4036,2.682053946500657
4037,2.9605288853467453
4038,4.207783813260516
4039,4.010909959035651
4040,4.300044161139608
4041,3.3947316895378004
4042,2.3870094998999734
4043,3.1110360566373085
4044,3.1476456179473162
4045,3.997166821144889
4046,2.950097856526273
4047,3.403776230587909
4048,3.5169959432641567
4049,2.6212176546764043
4050,2.828384045257804
4051,3.16915870486856
4052,3.252565346202843
4053,3.9316532255163192
4054,2.829340620351364
4055,2.871010123300929
4056,3.006407983568938
4057,2.393823574111204
4058,3.3581011727537056
4059,2.4345903448015083
4060,3.199744609473738
4061,3.391707227810042
4062,3.5401242389352157
4063,2.59854686800631
4064,2.586965279568934
4065,3.198968375722778
4066,2.319162850809115
4067,2.225844663097819
4068,3.0823812915021214
4069,3.1582425108022614
4070,2.4072438329251655
4071,3.792743045022757
4072,3.5230919728945675
4073,3.791694116632597
4074,3.6450504647236777
4075,3.277403070913749
4076,2.856943852345731
4077,2.5564520446994385
4078,3.3232202205916224
4079,3.2875669418091014
4080,2.9339669387976857
4081,2.647136481879989
4082,3.319889753898836
4083,2.6657862634976643
4084,2.5108864117519905
4085,2.8850737790673
4086,2.9708612475121514
4087,2.667339043925236
4088,3.8396305853400268
4089,2.6093775819404144
4090,3.9071635366468294
4091,4.089773840588717
4092,4.10082179119587
4093,3.0315391769804814
4094,3.2767645683863362
4095,2.4553917548058446
4096,3.08948377323449
4097,5.5953292196842765
4098,3.0334063342139115
4099,2.9971291769749513
4100,2.592894526523323
4101,3.225020033897831
4102,4.005934768604226
4103,2.135749917406391
4104,3.571795950064571
4105,3.254519188189913
4106,2.848290822356479
4107,3.124977271662269
4108,3.302786081082314
4109,3.379990454871908
4110,3.078011100630979
4111,2.7007583596329727
4112,2.7466906503592674
4113,2.274660463181627
4114,3.285979307857136
4115,2.674191520304298
4116,3.3639778016315014
4117,2.803346459830913
4118,2.733033703717602
4119,2.184828025313206
4120,3.0658534384301923
4121,2.7586232636741697
4122,3.4655577746451987
4123,2.934861138179182
4124,3.485046129685826
4125,2.7724968038130102
4126,3.3960877776876037
4127,2.3564097722710864
4128,3.725411933425685
4129,2.9664275195788226
4130,3.4011566100621455
4131,2.871179694597309
4132,2.3538541880093033
4133,2.055371070700903
4134,2.2539678340234723
4135,3.44843461845042
4136,2.9863927041086553
4137,4.244061823712934
4138,2.5125494109136977
4139,3.366026433764853
4140,2.86267935814655
4141,2.9549796210991106
4142,3.810756406450064
4143,2.839359153933403
4144,2.93848756652235
4145,2.2300860047259765
4146,3.4561057572098863
4147,2.6583246329283523
4148,3.5068244306772516
4149,3.741818745184237
4150,2.3423046528424947
4151,3.2170084560349763
4152,3.238273636736846
4153,3.6391816003298847
4154,2.6440094405049566
4155,2.5444048800216064
4156,2.6997658423095077
4157,2.9279062502553144
4158,3.2626447591636047
4159,2.9840718616434816
4160,2.258531138222753
4161,2.7751213271489164
4162,2.8192336857392037
4163,2.7144858664717235
4164,2.6260849749276964
4165,2.898390207045244
4166,2.9596877896135054
4167,4.094596248616535
4168,3.4635880724649977
4169,1.8045505773884345
4170,3.2228460332753412
4171,4.308270316831164
4172,3.7131675983485524
4173,4.014073013294473
4174,3.966140419841493
4175,3.395569443303609
4176,2.942248291136716
4177,3.0915156593853967
4178,2.8903883803227126
4179,3.4763839372246674
4180,2.264363564370555
4181,3.5287500282698225
4182,2.9934940502009706
4183,3.479329814603824
4184,3.193151919005073
4185,1.8783054086853845
4186,3.2978814837859614
4187,3.419440970310478
4188,2.819052239644898
4189,3.3453263095163503
4190,3.1812821028270557
4191,2.6966856780777197
4192,3.856718832960286
4193,2.804945168919422
4194,2.912486866847952
4195,2.6544557132945994
4196,2.730872741695751
4197,3.112628547957006
4198,2.9272845967770897
4199,2.508217216649592
4200,3.5423675888666364
4201,2.7729630941741883
4202,3.0995370679577503
4203,3.623401175064588
4204,2.865076422688177
4205,2.3638093561294378
4206,3.5130643700248783
4207,2.4050098632180905
4208,2.810365372421663
4209,1.9034900624086013
4210,3.193692878938422
4211,2.642879206895051
4212,2.494975733460516
4213,2.4303913083290185
4214,2.495323884309789
4215,2.6933987360651392
4216,3.7202724971160532
4217,2.443936012724458
4218,2.9850799778956043
4219,3.0467120115581676
4220,3.367096991540904
4221,2.2576731959934038
4222,3.7983842415480717
4223,2.875925596501376
4224,3.0708559798410633
4225,3.1201307275628287
4226,3.5177590392291394
4227,2.797179350051189
4228,3.217715373018684
4229,3.038415703589438
4230,2.854054096587942
4231,3.0472843612048774
4232,2.9665738488170215
4233,2.314711573514256
4234,2.0927439658614104
4235,2.691422435200442
4236,3.5495509549215467
4237,2.535666952838517
4238,3.569903973815261
4239,2.1387050101469955
4240,3.0205860629525105
4241,3.145149090728071
4242,3.490320388096757
4243,2.3818090174064452
4244,2.952627211604815
4245,2.8479544104178025
4246,3.423678618671796
4247,2.389318026618994
4248,3.1996474962619574
4249,3.0053747606138446
4250,3.1122620358465096
4251,3.082925095781228
4252,3.3181703577542834
4253,2.5042741544689826
4254,2.9176245160635443
4255,2.4324678355066376
4256,3.634321622705088
4257,3.322589895497279
4258,3.050590033431054
4259,2.5395208790297517
4260,2.7766786436408584
4261,2.6323488285370473
4262,3.0716967915788866
4263,2.3735639997189324
4264,3.6625765492198563
4265,2.5826839274535645
4266,3.097399458100852
4267,3.6059264910417617
4268,3.4620544626278345
4269,3.117096853609233
4270,2.5248902171715986
4271,2.7964338098153134
4272,2.7538125731399785
4273,3.7541233154157765
4274,2.7467837037172766
4275,2.8284607489300915
4276,3.0262467819395362
4277,3.204008331179499
4278,3.2643999300265194
4279,2.583781753311268
4280,2.913201810711714
4281,2.9669937658320453
4282,2.8182660758219504
4283,2.7059507768708446
4284,2.953675261456548
4285,2.685249451466338
4286,2.6957201081950344
4287,3.110640573209204
4288,2.4767460582485903
4289,2.940426958519018
4290,3.3241095640082357
4291,3.6118493495779425
4292,3.3332086995792105
4293,3.5555158552227346
4294,2.733016631515549
4295,3.203031395119946
4296,2.3935322539612858
4297,2.85036079410459
4298,3.0114287981875822
4299,2.7102416427528286
4300,2.1972693008859707
4301,3.192575857539434
4302,3.2271958677826516
4303,3.4786483060349997
4304,2.9091304101117004
4305,2.797135821145984
4306,2.535089871755878
4307,3.2229855815437123
4308,3.2864032273880275
4309,3.849868167852584
4310,2.616524379839228
4311,3.0454493048657287
4312,2.6406954784392616
4313,3.4481384540518936
4314,3.4852109503566435
4315,4.542879169875306
4316,2.272594683078845
4317,3.323686336261253
4318,3.032380764108184
4319,2.988141381299897
4320,2.7326914018658766
4321,3.4584130125635917
4322,2.7359106450888575
4323,2.2186111606418804
4324,2.5349234051915017
4325,3.8313881404545147
4326,3.1305340366672545
4327,3.103147266137656
4328,4.03327522424039
4329,2.936890968344036
4330,2.4598735705937083
4331,3.8653612063416727
4332,2.4725053056179775
4333,3.983824876517753
4334,2.5082164206587954
4335,3.504172573270306
4336,4.613282182483669
4337,2.6510045310984505
4338,2.439355320833827
4339,2.709627104236432
4340,2.7840452720247746
4341,2.557381588207818
4342,2.9649838644932407
4343,3.1353218628017308
4344,3.6446395193782304
4345,3.3262558835845484
4346,2.2044767508645378
4347,3.184099417374606
4348,2.698060848107942
4349,3.1169406724996196
4350,2.7361079433797437
4351,2.9027968482169504
4352,3.1001158220132896
4353,2.874062829237074
4354,3.527587350700272
4355,2.7275005259963705
4356,3.2349059694277886
4357,3.4073879370703644
4358,3.374434500657268
4359,2.174075764003073
4360,4.368459333883783
4361,3.340339008940633
4362,3.6849278821530485
4363,2.7546272830841527
4364,3.3579269227682187
4365,2.541634457498337
4366,2.7569821131465164
4367,2.56161969255598
4368,3.8295546841041284
4369,3.1512781904866176
4370,3.158052578987256
4371,3.55973563640683
4372,3.221327289598996
4373,2.361987376809664
4374,2.0708197205187386
4375,2.4212330253424197
4376,2.726424555756871
4377,2.8927306617852895
4378,2.2434046228251145
4379,2.836138688308538
4380,3.776301078615701
4381,2.3495752208658525
4382,2.1827166598310432
4383,3.4842478059320277
4384,3.0743873006237017
4385,3.1488141464032924
4386,3.3246730030949005
4387,3.444337221046258
4388,3.088894108656242
4389,2.308230043430383
4390,2.9267658000702736
4391,2.1924379515637518
4392,3.6069473718935274
4393,3.307661655346406
4394,2.6583851497817275
4395,3.45448495242171
4396,2.6612758723657715
4397,3.053712224034279
4398,4.039869821316434
4399,3.685419851776693
4400,4.22533941236662
4401,2.7439902382928976
4402,3.0862433929655233
4403,3.931307981300272
4404,3.1307565124529924
4405,2.9503030861073145
4406,3.18095260599418
4407,2.071800061961164
4408,3.2093075016438015
4409,2.822643364575148
4410,3.364905395253578
4411,3.6983530280439227
4412,3.8517957445860276
4413,3.587420202554581
4414,3.9638483055024816
4415,3.474621999810005
4416,3.6102682425384134
4417,3.1973389870250446
4418,2.1134866999026927
4419,3.3871629753642964
4420,3.029541247885205
4421,3.041106419204321
4422,2.7000330648420525
4423,2.451020965076403
4424,2.686659216156103
4425,2.658405577204291
4426,2.448974032892277
4427,2.6168545400988226
4428,3.5506182765525414
4429,3.0312890901846608
4430,2.4755689813798525
4431,3.0570888967098155
4432,3.133371876558381
4433,2.2467620258942986
4434,3.4130337003301756
4435,3.7782239142064653
4436,2.5793337679528032
4437,2.6413198323868654
4438,3.1744448609503277
4439,3.3843630971885927
4440,4.375512231366005
4441,2.8863738055206607
4442,2.888490874581778
4443,2.9400853235922506
4444,3.8300517632552036
4445,3.033132783134809
4446,2.9932103567999433
4447,3.2120646290155705
4448,2.8091474183046565
4449,3.6456445022697666
4450,2.573658682834673
4451,3.4305695706431942
4452,2.520753797807848
4453,2.9139898004757896
4454,2.2877910620823387
4455,3.617820807729161
4456,2.7371090331159533
4457,3.2604691494739826
4458,2.4768314997012353
4459,3.234346934990345
4460,3.3170379404075327
4461,2.170489214734622
4462,2.2528033394659954
4463,2.662374428875061
4464,3.1169934377919395
4465,2.606038091648039
4466,2.835924372203218
4467,4.295851499055556
4468,2.6721955054260054
4469,2.829641638082409
4470,2.8549695997817377
4471,2.3429779636284103
4472,2.5866167765863346
4473,2.6351723490860715
4474,2.310307127399422
4475,4.687336046098258
4476,2.7894718296604624
4477,3.9055675603540596
4478,2.8604349117227
4479,3.262756051278226
4480,2.001858702463178
4481,2.3488376261823056
4482,2.338861131117592
4483,3.3492173453734346
4484,3.774786887086518
4485,3.3406286851145777
4486,2.534822903579673
4487,2.491096051807313
4488,3.8801977161831487
4489,3.0254524725196297
4490,2.871957447887977
4491,2.6242543504839277
4492,2.518738325640106
4493,3.0135834076723453
4494,2.5524088195069856
4495,3.1921092108963136
4496,3.4568553849460963
4497,3.1333600466460214
4498,2.002453748919513
4499,3.417967898080181
4500,2.6872076812993133
4501,3.668334893631294
4502,2.856693923694926
4503,2.846625391227789
4504,2.5798664266279006
4505,3.286951102492038
4506,3.5665538532831667
4507,2.2936640622263065
4508,2.5749682261622246
4509,2.6466773017875544
4510,2.9724227760264226
4511,3.588744820389721
4512,2.8725091680067565
4513,3.5696218244518105
4514,3.2208642148214803
4515,3.426227107951299
4516,4.027233117267998
4517,3.480279626896029
4518,3.665487431410267
4519,3.2257908518608023
4520,2.870354899803485
4521,3.4352633774559065
4522,2.4006260416577216
4523,3.2154903423555927
4524,3.4051178124356696
4525,2.6996742567347107
4526,3.2118895067532764
4527,2.309215429590449
4528,2.7352529616631602
4529,3.8768418389289905
4530,2.4105714894918897
4531,2.842923975270657
4532,3.076690221466154
4533,2.7593134735084344
4534,3.185885880903814
4535,3.527787935704524
4536,2.985588698586671
4537,2.991101392275163
4538,2.579973298067351
4539,2.6554458332949586
4540,2.260792988094269
4541,2.2463136887571995
4542,3.806406879922881
4543,2.6951057444440703
4544,2.4347874853483367
4545,2.9675645122018546
4546,3.4284629075377757
4547,3.9485476263400003
4548,2.7262685736104175
4549,3.900550474395495
4550,3.201620188523535
4551,2.9611250260780437
4552,2.6786434630191827
4553,3.1786840861421295
4554,2.6600716656505834
4555,2.786736911632265
4556,2.8661958132701475
4557,3.001232558826697
4558,3.0479041849966175
4559,2.5083968441084585
4560,2.1807814203178912
4561,2.7420450984577633
4562,3.306523442770395
4563,2.8371133836552147
4564,2.8042623747048245
4565,3.5440071054199804
4566,4.4328034580241695
4567,3.017964222424831
4568,2.940534583974353
4569,1.968375256136509
4570,2.8626287249073727
4571,3.183065036107014
4572,2.9002752491609085
4573,3.9751178484669665
4574,2.4432628358076887
4575,2.5994702637740037
4576,2.699199896411841
4577,3.0993090176963487
4578,2.283255680142026
4579,2.523564156021425
4580,2.25227973835657
4581,2.8129313886530785
4582,2.4592610042139134
4583,2.8961991250292543
4584,1.9786851881500467
4585,2.6333800581178224
4586,2.329235666888171
4587,3.236043162316962
4588,2.799932387089995
4589,2.7617827820934826
4590,2.413460422652832
4591,2.3577366217255475
4592,2.894889252828641
4593,2.782927403142428
4594,4.423207897815398
4595,3.386204220610755
4596,3.6612600212488706
4597,2.9179649883152314
4598,3.687827498668098
4599,3.2699358958574525
4600,2.496685497931927
4601,3.4667698774009685
4602,4.189786001463976
4603,2.508874745230473
4604,3.195032654492073
4605,2.8475313862292992
4606,2.5268248929155774
4607,2.9554619538556
4608,3.480611244136236
4609,3.804072716163487
4610,3.4957022720106
4611,3.1197890962425325
4612,2.407626829424977
4613,2.3171576103018787
4614,2.5196032349042174
4615,2.3308793797806224
4616,2.794352411786589
4617,3.2991918967223324
4618,2.3669080064630412
4619,3.487933296426491
4620,2.6636050472064365
4621,3.1962126010552026
4622,3.071473789333193
4623,2.664830220351743
4624,2.4659459188212787
4625,2.356904963751338
4626,3.449840166095105
4627,3.0144193603204483
4628,2.8218853266247574
4629,3.2292773743341967
4630,2.1335757949807976
4631,3.313307034621316
4632,1.9972119689253571
4633,3.2927263380827627
4634,2.7151077922198454
4635,3.5843654714332067
4636,2.870274210552096
4637,2.5021130756273244
4638,2.709734653168853
4639,3.54019032999474
4640,3.16907588235109
4641,3.148012673737163
4642,3.1769381827833403
4643,3.821459834326452
4644,3.128744097604623
4645,3.5543807074698313
4646,3.6534816714926364
4647,2.498038767041219
4648,2.8732958477952524
4649,3.0519980672565676
4650,3.5120985534940576
4651,3.374011208782885
4652,2.829264549427897
4653,4.202633697123529
4654,2.200720136745286
4655,3.9157583220814933
4656,2.571400812449777
4657,2.311269408660268
4658,4.47027990258186
4659,2.6232229181512037
4660,2.909573145062909
4661,2.1086696907736604
4662,3.247717184230648
4663,2.930850677549318
4664,3.4213399188412197
4665,3.4584540852017875
4666,3.349642303100977
4667,3.1508241980760485
4668,3.724269452298999
4669,2.944486925155062
4670,2.454263088141738
4671,3.8572741720578203
4672,3.524712745667546
4673,2.5935068987310137
4674,2.5657781380118503
4675,3.836245066031161
4676,2.9020808969724965
4677,2.625722533137791
4678,3.3871712928809474
4679,3.2475604216558156
4680,2.583847186672475
4681,4.294278876633579
4682,3.1394500337417406
4683,3.8156338400506313
4684,4.579389311114642
4685,3.4835170601217538
4686,2.5645523771511116
4687,2.5014073001528927
4688,2.7882763504419246
4689,3.43104566787502
4690,2.988614983063073
4691,2.996601105219889
4692,2.9951785369216295
4693,3.8549568824918405
4694,4.373517690488671
4695,2.649192268928983
4696,3.243859931047461
4697,3.50348362376854
4698,3.4147402265430364
4699,3.2274806813881742
4700,3.3194232488313893
4701,3.1258885386977897
4702,2.8450141331612486
4703,3.086227352341936
4704,3.7136001443927555
4705,2.5482529171786488
4706,2.4307161252550613
4707,3.738775252802781
4708,2.645827890348036
4709,2.129759424468488
4710,2.8995749801560176
4711,3.7059129605964665
4712,2.590974906070508
4713,3.5167691657308153
4714,3.2695706778147695
4715,4.397458123879909
4716,3.5145922125888274
4717,2.289676772683005
4718,4.366237532856183
4719,3.1876908879901804
4720,2.6288243637433912
4721,3.0795954990459893
4722,2.8241084805284418
4723,3.8430392558816266
4724,4.482991542738081
4725,2.7641064966999
4726,2.975504287123498
4727,2.9921432919181066
4728,3.559616439751185
4729,3.1660729634463602
4730,2.736332182643457
4731,2.726122746563329
4732,2.1665728543762146
4733,2.5035152085040995
4734,2.9756694602721168
4735,2.9779051121308315
4736,2.8908013164091826
4737,2.6391139508591457
4738,2.5063454478588225
4739,3.2085075640346354
4740,2.4221773964980455
4741,4.013025887869578
4742,2.7717047710508433
4743,3.7082196713609825
4744,3.1590089825626917
4745,3.164510881630874
4746,4.18542123215681
4747,3.379410981323268
4748,2.83826568085125
4749,3.4604970277763147
4750,3.61562401233659
4751,2.6192518264379125
4752,2.4846696852815846
4753,2.5168147824370766
4754,3.686512269439314
4755,3.0471497322738035
4756,3.174049590422564
4757,2.662386809550134
4758,3.847082266561869
4759,2.4926185900555735
4760,3.4393288839205014
4761,3.0669311442485245
4762,3.6233953104053693
4763,3.785946270830031
4764,3.13909640078651
4765,2.6872150702701303
4766,3.0360147842156073
4767,3.0698867212677503
4768,2.230922496076594
4769,2.727655652988859
4770,4.051979318630319
4771,3.382102910779979
4772,4.437163781267899
4773,2.9585995050495124
4774,3.7394291065738137
4775,3.0517273853408002
4776,3.5345228934399207
4777,2.5369433318251637
4778,3.1605467203833144
4779,3.1172569902825504
4780,2.9530628112974644
4781,3.054217862990916
4782,3.8903407764239883
4783,2.4122480854335904
4784,3.413551774928928
4785,2.4473567305050685
4786,2.7888022868111917
4787,3.0980781444914403
4788,2.412683235254196
4789,3.664616817868396
4790,2.501532415424897
4791,2.7537349340693886
4792,2.2365450496598887
4793,4.228437640065249
4794,5.003742174422333
4795,3.756480913102634
4796,3.271855061134582
4797,2.6968531802310873
4798,2.703180570867315
4799,3.2003548325959734
4800,3.8934893751977606
4801,3.1996902519289234
4802,2.72797671235223
4803,2.7378043785300052
4804,2.9401117013471656
4805,3.223782381140933
4806,1.9818716754669439
4807,2.1780608727837083
4808,2.602244508888305
4809,2.6751447092429848
4810,4.639493647311241
4811,2.9572231075519997
4812,2.5279946994290254
4813,2.9606573574584076
4814,3.1739999309860907
4815,3.8008367381629697
4816,2.336190915692302
4817,3.7848611361161604
4818,3.0344626509363186
4819,3.219903390926355
4820,3.1939142176519963
4821,2.215666577579528
4822,2.988355417402378
4823,2.8809397207411096
4824,2.7313565009766845
4825,3.7120332854832943
4826,2.9380175584943444
4827,2.350008748786319
4828,3.238007455492108
4829,2.5957827437943632
4830,2.859804924395383
4831,2.7416540257056368
4832,3.3621581797690157
4833,4.308855459667583
4834,3.6341705783678315
4835,3.9455062503931826
4836,2.893819996330721
4837,3.38560730590962
4838,3.2097384226125127
4839,3.3918509998750612
4840,3.5705237475129574
4841,2.214325348092092
4842,2.4630380442789828
4843,3.639088233012627
4844,5.303701579849837
4845,3.722300653149512
4846,2.6339053854038466
4847,3.263543997049623
4848,3.14489486246517
4849,4.06144181535606
4850,2.701816746144579
4851,3.3405594465481627
4852,3.28602193877524
4853,3.184215401490785
4854,2.7641663803032297
4855,2.217933401105593
4856,3.6454665789178127
4857,2.647102509779673
4858,2.391944957139686
4859,3.1834570959571726
4860,3.0460648823274883
4861,2.93403966014159
4862,3.3614161448291138
4863,3.8524833789446262
4864,2.2679963558116496
4865,2.931566574896594
4866,3.4574158155327175
4867,3.5291224112222213
4868,2.9640329377466905
4869,2.5591107830117497
4870,2.418500512345723
4871,3.635701938157567
4872,2.82989386986332
4873,3.568996530767804
4874,2.9121852272970075
4875,2.561879186954103
4876,2.612456081786106
4877,2.4118900008504607
4878,2.9303269297918755
4879,2.87475607231548
4880,2.6439649371853196
4881,2.9962064981916603
4882,3.156791573552782
4883,3.15706668423305
4884,3.0746323037984586
4885,3.0922929534373584
4886,3.203591918966687
4887,3.901158082472692
4888,2.630960208188557
4889,2.2932304549022664
4890,3.3629085396878224
4891,3.1594497876641126
4892,2.4198911342597174
4893,2.8025620484370326
4894,3.294967670764329
4895,3.6836588704808677
4896,2.5131267889340254
4897,2.982841191219357
4898,2.7258073553945796
4899,3.677394839464718
4900,3.715267071830236
4901,3.5381627144829757
4902,2.9462749357280975
4903,1.837587045454583
4904,3.87887872289059
4905,3.326694468478744
4906,3.9935820198900034
4907,2.536808848270273
4908,4.006566323230675
4909,2.213064907084989
4910,3.0068789428248492
4911,3.044430242484543
4912,3.813837310952846
4913,3.099102263769467
4914,3.657219353554386
4915,2.4728887952166176
4916,3.1276706760179724
4917,2.689553287234956
4918,3.4603108206134023
4919,3.0247340774818596
4920,3.0041461548425006
4921,3.223032681366636
4922,3.156993897982653
4923,2.9620600932903414
4924,2.58706159515459
4925,2.3126741842553584
4926,2.3651288143942404
4927,3.378459913339421
4928,3.1982580408462584
4929,3.234805514937413
4930,3.293567564604838
4931,3.8556213918302498
4932,3.1457379852051854
4933,3.3319727673326933
4934,2.508778296024331
4935,2.734775205003442
4936,3.0593995610369213
4937,3.422604348730739
4938,3.683826280978713
4939,2.8829423698803334
4940,3.052026415462087
4941,2.862552428003419
4942,2.770247204874864
4943,2.6122627629654827
4944,2.8633001891193173
4945,2.6190232090997423
4946,3.5162613343464986
4947,3.312753723797603
4948,2.530675833151368
4949,3.764967193655267
4950,3.5719612596568395
4951,3.402600035324336
4952,2.5000022280229808
4953,2.6121010371080273
4954,2.717491342071716
4955,3.0927183157284115
4956,3.6736653812096765
4957,2.44252727727549
4958,4.291007222801154
4959,3.758216368111777
4960,1.909861622310609
4961,2.528640245308835
4962,3.6207120153836128
4963,3.279513777469764
4964,3.068619213435564
4965,3.0356438551281766
4966,2.472492203842101
4967,3.0524534539792714
4968,2.795395464427239
4969,2.632288450020959
4970,2.2795062332219316
4971,2.0759038644772474
4972,3.7405635473395975
4973,2.030130425173467
4974,2.384076783888298
4975,3.1769578419800357
4976,3.323147212387432
4977,2.9008486503118553
4978,2.5241647984444806
4979,2.798427946697206
4980,3.078446630278456
4981,3.1835709479917047
4982,3.698357861328655
4983,2.80665384458794
4984,2.7249152040839526
4985,2.7768634559276073
4986,2.8596801797094877
4987,3.7308237710528243
4988,4.051989159962669
4989,2.831835857295976
4990,3.291631487824599
4991,3.168088200914431
4992,2.6641094788603583
4993,2.714843605836956
4994,4.290058915506604
4995,2.727008808386024
4996,3.0938730045367757
4997,3.0459323834819436
4998,2.447879079064133
4999,2.655983270939982
5000,2.735103907687083
