model_id,status,N,full_gradient,null_gradient,full_hessian_min,null_hessian_min,full_params,full_se,parameter_order,null_params
R/trend/ordinal/OLS_HC3,ok,5497,0.0,0.0,323.63855512376233,323.63855512376233,"[2.813092425693957, -0.11916221863725848, -0.3088579743315681, -0.11599481720757406, 0.037316496882475715, 0.14510039396328137]","[0.03725017786865159, 0.052005466904622495, 0.05071316614242406, 0.04538940125193859, 0.06406101175620843, 0.062096917714445365]",design columns; ordered: 5 cutpoint-transform parameters; location-scale: design columns for log scale,"[2.814296043201193, -0.12020560703392033, -0.30912297363889885, -0.05416326640729133, 0.0, 0.0]"
R/trend/ordinal/ordered_logit,ok,5497,8.508845584702819e-09,4.36955629886389e-09,102.71103618258238,102.79137869264976,"[-0.1381466402169622, -0.3538643249315756, -0.09562600904047544, 0.021769207514473962, 0.15117320862346717, -0.9560820503255927, -0.2130464422267861, -0.0602425698714624, -0.09567021779785717, -0.42418880462848757]","[0.05918982911372314, 0.05918619621380295, 0.05110456308757125, 0.0727555773359522, 0.07277670679983572, 0.04574546340224035, 0.028492208178335702, 0.026535422253683383, 0.034144155074711975, 0.05438526890678234]",design columns; ordered: 5 cutpoint-transform parameters; location-scale: design columns for log scale,"[-0.13814116846305338, -0.35143850428724577, -0.037757819401450385, 0.0, 0.0, -0.9549688761818901, -0.2136350642040307, -0.0610677612216293, -0.09627923508916816, -0.4247083718443057]"
R/trend/ordinal/ordered_probit,ok,5497,3.935988061339138e-09,1.1874169631949067e-08,290.0953719013897,290.1646716238361,"[-0.0809577075141762, -0.21836252599399913, -0.07011040265723535, 0.025641976251161908, 0.09406085011953262, -0.589831851532394, -0.6918620837070819, -0.5441245630747311, -0.657608061822625, -1.086102027222741]","[0.03514736865119378, 0.03505119159273732, 0.030282427208369173, 0.04324385020541655, 0.0430262065885886, 0.027202310177243023, 0.02825187074892205, 0.026206837674922656, 0.03301137385739471, 0.05253899626352777]",design columns; ordered: 5 cutpoint-transform parameters; location-scale: design columns for log scale,"[-0.08150477389618045, -0.21813166728111075, -0.030069661959246555, 0.0, 0.0, -0.5900855314851446, -0.6922364114012832, -0.5447392971993679, -0.6582966860387792, -1.0870745313857528]"
R/trend/ordinal/ordered_location_scale,ok,5497,8.287842424475937e-09,5.884000864089927e-09,213.3679885164613,219.67152666027533,"[-0.08251732688577322, -0.21667505488000208, -0.05150548479080552, 0.019915100433219327, 0.08700024162120862, -0.5884908782633987, -0.6974981068842689, -0.5486470401815177, -0.6580814991651415, -1.0784887329192654, 0.0008137410100126117, -0.01261176875266533, -0.11406785839950133, 0.051453873456478665, 0.06700241575497132]","[0.035901580555024515, 0.036787827393948265, 0.03071657326019498, 0.043770378777745846, 0.04390981611525925, 0.030758386784164166, 0.03470354571798676, 0.03229007372967418, 0.03801339530940996, 0.05550681612308051, 0.033547996769676645, 0.033142219579995386, 0.02902511969969976, 0.041218934114293816, 0.04014121939348986]",design columns; ordered: 5 cutpoint-transform parameters; location-scale: design columns for log scale,"[-0.08014241623871812, -0.2074501805244278, -0.014618674601382381, 0.0, 0.0, -0.5847782050364299, -0.6967067818437311, -0.5483100254762392, -0.6586055022942171, -1.080981105564447, 0.0012945200048388894, -0.009990213095212265, -0.07335380168945403, 0.0, 0.0]"
R/trend/midpoint/OLS_HC3,ok,5497,0.0,0.0,323.63855512376233,323.63855512376233,"[0.22676174003790417, -0.018918947961818592, -0.04848670283035042, -0.025925468909952884, 0.009205989884387937, 0.027049549020777306]","[0.006346307912293383, 0.00879918299715117, 0.008402574650318406, 0.007750026494246537, 0.010879456069004548, 0.010282646521843622]",design columns; ordered: 5 cutpoint-transform parameters; location-scale: design columns for log scale,"[0.22700062945758068, -0.019137797506495104, -0.04855901864643623, -0.013653378150573749, 0.0, 0.0]"
R/trend/any_spending/OLS_HC3,ok,5497,0.0,0.0,323.63855512376233,323.63855512376233,"[0.7230305365651927, -0.026917956204402287, -0.08015739243677641, 0.000254421263326475, 0.004970373937602378, 0.015332840106220493]","[0.010568182578288579, 0.015071385482414962, 0.015334501731285055, 0.012861247820103403, 0.018452010919441087, 0.018774859241062845]",design columns; ordered: 5 cutpoint-transform parameters; location-scale: design columns for log scale,"[0.7231643495795852, -0.02703932613530989, -0.08019585807473091, 0.007128586974118487, 0.0, 0.0]"
R/trend/any_spending/logit,ok,5497,4.879342963668996e-10,1.7620966553170168e-09,65.99622008653476,65.89668060026345,"[0.9595444420289033, -0.13061110393543343, -0.37124549846271676, 0.0012704662017187793, 0.023429447085994835, 0.066653991299937]","[0.05274389715861513, 0.07321339072634628, 0.07158645460674372, 0.06416983702502867, 0.08958159514729137, 0.0875715602679582]",design columns; ordered: 5 cutpoint-transform parameters; location-scale: design columns for log scale,"[0.9603336263825563, -0.13127900779483204, -0.3719808801090596, 0.03331923546215956, 0.0, 0.0]"
R/trend/any_spending/probit,ok,5497,9.514256771587336e-09,7.735798613209756e-09,182.95347689218602,182.86789984050083,"[0.5918681872453928, -0.07857814469902386, -0.22550948034009746, 0.0007613658927060262, 0.014168149918635084, 0.04088094230663189]","[0.03154413119495096, 0.0440267149982905, 0.043381070571457236, 0.03845407686474757, 0.053907763954702106, 0.05303768003313649]",design columns; ordered: 5 cutpoint-transform parameters; location-scale: design columns for log scale,"[0.5922823325968638, -0.0789383581117763, -0.22581087433476496, 0.019987607927648143, 0.0, 0.0]"
R/trend/ge10/OLS_HC3,ok,5497,0.0,0.0,323.63855512376233,323.63855512376233,"[0.5297994374051992, -0.029912318782997136, -0.07274648165772653, -0.012017472727197036, -0.005253378075873337, 0.0363195414156887]","[0.011785296702505003, 0.016590861904790602, 0.01649784330780241, 0.014402851695044376, 0.02033136360417174, 0.020140875155296476]",design columns; ordered: 5 cutpoint-transform parameters; location-scale: design columns for log scale,"[0.5300065630876821, -0.03001556394078164, -0.07266414776776338, -0.0013771305242197861, 0.0, 0.0]"
R/trend/ge10/logit,ok,5497,3.3559064096751643e-09,5.305864042509118e-09,80.56929481331511,80.61952834003537,"[0.11938560832932878, -0.11983748913380739, -0.29187510490311935, -0.04825130432976193, -0.020859600309905763, 0.14625879440749537]","[0.04729818323958345, 0.06648315902423806, 0.06638262676243556, 0.05779994126278797, 0.0814741681954768, 0.08105668142178524]",design columns; ordered: 5 cutpoint-transform parameters; location-scale: design columns for log scale,"[0.12017130266764553, -0.12020739638845168, -0.2912185632530995, -0.005528776922439392, 0.0, 0.0]"
R/trend/ge10/probit,ok,5497,3.4407940236831257e-09,4.158767863100775e-09,205.49981456091365,205.5766515700357,"[0.07478933555214343, -0.07507283128435296, -0.18278977140879404, -0.030219314805167666, -0.013085840082103811, 0.09154447475066652]","[0.02961488241764681, 0.04164097568695134, 0.04154137405239551, 0.03619677834683906, 0.05103288088766682, 0.05073145000476432]",design columns; ordered: 5 cutpoint-transform parameters; location-scale: design columns for log scale,"[0.07528847113432072, -0.07531092812144685, -0.18241626273524472, -0.003434788773909207, 0.0, 0.0]"
R/trend/ge25/OLS_HC3,ok,5497,0.0,0.0,323.63855512376233,323.63855512376233,"[0.3136065879379342, -0.034979512174820274, -0.07206004115941314, -0.03243871107412495, -0.004285363836107476, 0.032380775436755695]","[0.010932738801901236, 0.015122846663472756, 0.014767971450415144, 0.013319517965712747, 0.01851583267736273, 0.018033591118435693]",design columns; ordered: 5 cutpoint-transform parameters; location-scale: design columns for log scale,"[0.3137938208168066, -0.03507587064650758, -0.07199069354744057, -0.022820290610905958, 0.0, 0.0]"
R/trend/ge25/logit,ok,5497,7.414421472636883e-10,3.350416229537594e-09,67.04979683453017,67.32296660823107,"[-0.7861530221835974, -0.17005196092730437, -0.3580662292041376, -0.15098264959143004, -0.03231339632601332, 0.15066640441443926]","[0.05103438344408954, 0.07309717215159539, 0.07441904258045388, 0.06219319191341988, 0.08957038750372348, 0.0909104948819719]",design columns; ordered: 5 cutpoint-transform parameters; location-scale: design columns for log scale,"[-0.7842350415625392, -0.1685185414544305, -0.3609690939329736, -0.11443039323101233, 0.0, 0.0]"
R/trend/ge25/probit,ok,5497,4.497562068411933e-09,1.00385147125497e-09,184.85784980237912,185.18750672178388,"[-0.4870310505534365, -0.1022223043548489, -0.21430538479589548, -0.09175900243524202, -0.017785234400202805, 0.0915735250662646]","[0.030939860854476416, 0.04397899740795223, 0.04437363161755606, 0.03776046852295825, 0.05390615999006105, 0.054205498062845664]",design columns; ordered: 5 cutpoint-transform parameters; location-scale: design columns for log scale,"[-0.4860823794007896, -0.10174946069597125, -0.215020992215955, -0.06786520076790331, 0.0, 0.0]"
R/trend/ge50/OLS_HC3,ok,5497,0.0,0.0,323.63855512376233,323.63855512376233,"[0.15456415555963654, -0.016879334700591386, -0.04290415792856041, -0.031247094393526798, 0.013691352494109485, 0.030172066455675002]","[0.008501651718733681, 0.011702067550895088, 0.011209456736167342, 0.010344886922551777, 0.014465329053543063, 0.013718518703450434]",design columns; ordered: 5 cutpoint-transform parameters; location-scale: design columns for log scale,"[0.15485270161295298, -0.017160484214865934, -0.043019687388612456, -0.016424071426016554, 0.0, 0.0]"
R/trend/ge50/logit,ok,5497,6.304048777749086e-10,1.09267118361854e-09,38.59059208346283,39.51646830927631,"[-1.7125921157286215, -0.12733014855361244, -0.3613345559994661, -0.24063788669042116, 0.09238994815107059, 0.22979960652926182]","[0.06614940921105888, 0.09496357188459388, 0.09896402414232677, 0.08017542914310086, 0.11722948099535453, 0.12110141182501115]",design columns; ordered: 5 cutpoint-transform parameters; location-scale: design columns for log scale,"[-1.701989622870648, -0.13744532159163278, -0.3756717347544557, -0.14183363153207937, 0.0, 0.0]"
R/trend/ge50/probit,ok,5497,1.2063235980845693e-09,4.434913664049073e-09,132.90343295257742,134.3655561458613,"[-1.0230277823679772, -0.07001079300286674, -0.19473278201473798, -0.1323983448554243, 0.05313196457183775, 0.12676341014385287]","[0.0361391749484353, 0.05148605894803845, 0.05274248699260962, 0.04399780976299939, 0.06342573779497909, 0.06451734946445595]",design columns; ordered: 5 cutpoint-transform parameters; location-scale: design columns for log scale,"[-1.0185468858002211, -0.0742777967048838, -0.19976704380019003, -0.07494158632140996, 0.0, 0.0]"
R/trend/top75/OLS_HC3,ok,5497,0.0,0.0,323.63855512376233,323.63855512376233,"[0.09209170822599454, -0.010473096774447544, -0.040989901149092074, -0.040545960276051715, 0.028193512362744623, 0.030895170548941447]","[0.006757396262099278, 0.009300111600546987, 0.00847173414087399, 0.008313266977625168, 0.011598333014656782, 0.010369719958368634]",design columns; ordered: 5 cutpoint-transform parameters; location-scale: design columns for log scale,"[0.09247860810416611, -0.010914362096455436, -0.041252586860352033, -0.02067036082026751, 0.0, 0.0]"
R/trend/top75/logit,ok,5497,3.6574297677729393e-09,3.1303603233095204e-09,20.27697669908552,22.060666621462403,"[-2.355839987293302, -0.07228266981360926, -0.5777059371729155, -0.5007446857509583, 0.33535790395441817, 0.3004054295032669]","[0.08701577416719257, 0.12232637547938459, 0.13742602896515982, 0.10450149227368465, 0.15061568278163656, 0.16564779173782668]",design columns; ordered: 5 cutpoint-transform parameters; location-scale: design columns for log scale,"[-2.3098665249153245, -0.1370557466094826, -0.6381642040067925, -0.30404025450254013, 0.0, 0.0]"
R/trend/top75/probit,ok,5497,9.331946259338403e-09,5.663231436165655e-09,88.45847741470367,92.81960189115078,"[-1.356226550823352, -0.041081457529656376, -0.2827437343345388, -0.252663236658583, 0.1713909882326842, 0.15994821647479773]","[0.04293785547417453, 0.06045204228386415, 0.06511438725141697, 0.052226228286156834, 0.07457729237924433, 0.0790999088830607]",design columns; ordered: 5 cutpoint-transform parameters; location-scale: design columns for log scale,"[-1.3384156578205844, -0.0643681658345791, -0.30543378323221504, -0.1469955420638922, 0.0, 0.0]"
R/saturated/ordinal/OLS_HC3,ok,5497,0.0,0.0,44.014013331372375,44.014013331372375,"[2.9337641357027446, -0.1487478490577938, -0.4719755178165654, -0.13040279116492898, -0.231709341182197, 0.014741343229654907, 0.07460003128143142, 0.1996599249127362, 0.29036097486834433]","[0.06777375009102592, 0.094667742761271, 0.09164766851684503, 0.09419591713453898, 0.09068815653984204, 0.13015499880916692, 0.12805788146561134, 0.12708865647668224, 0.12415676967105908]",design columns; ordered: 5 cutpoint-transform parameters; location-scale: design columns for log scale,"[2.870077950079939, -0.12017242228758747, -0.309135259289673, -0.05907757760944946, -0.10830307459950024, 0.0, 0.0, 0.0, 0.0]"
R/saturated/ordinal/ordered_logit,ok,5497,9.239629838140034e-09,3.0722018444075774e-09,13.613106821087584,13.617950654229176,"[-0.16165207725826644, -0.5404449575178134, -0.12098465843393001, -0.19140490849081113, 0.028006017958801255, 0.04344837488103507, 0.2547884099666032, 0.30430021807599633, -1.0601801896806085, -0.21283784659047847, -0.060252528104501435, -0.09574245937815179, -0.42419118246353416]","[0.10912714730229378, 0.10833347450085616, 0.10735072713060347, 0.10225508264365471, 0.1492732530228686, 0.14559493878293564, 0.14842206680376333, 0.1458348200281886, 0.07898174023381323, 0.028499010473554343, 0.02654500998015461, 0.034153834408644314, 0.05439731979354567]",design columns; ordered: 5 cutpoint-transform parameters; location-scale: design columns for log scale,"[-0.1383045875540288, -0.3515417928019796, -0.02685369210850122, -0.07537428259326183, 0.0, 0.0, 0.0, 0.0, -0.9891150142636429, -0.21361535342290894, -0.061064684734689484, -0.096283686955834, -0.424727778348795]"
R/saturated/ordinal/ordered_probit,ok,5497,1.18301938301929e-09,6.4577254676619985e-09,39.32950087722301,39.31351882258737,"[-0.10498721862262003, -0.3323821796185858, -0.08491513627301622, -0.13997058921272598, 0.02135620809087706, 0.051150267804938324, 0.15378758289968444, 0.18860320894182475, -0.6647880292389455, -0.6917077883528723, -0.5441623216674106, -0.6576864223857004, -1.0860399604713455]","[0.06353579709201598, 0.06357460127392542, 0.06276898256805193, 0.06049463187543869, 0.0876968044464223, 0.08640785828396642, 0.08767503589189911, 0.08614715050882807, 0.046161422849046785, 0.02825914419522936, 0.0262153585913021, 0.03301983545795376, 0.05255224733984618]",design columns; ordered: 5 cutpoint-transform parameters; location-scale: design columns for log scale,"[-0.0815262587962446, -0.21813343213018846, -0.027400233164185186, -0.060145405956219006, 0.0, 0.0, 0.0, 0.0, -0.6192751506617907, -0.6922298012674862, -0.5447403587243452, -0.658305381573409, -1.0870938715475644]"
R/saturated/ordinal/ordered_location_scale,ok,5497,3.8748977788288686e-09,9.227762228178968e-09,30.07725027374729,32.059136743824034,"[-0.09705421612310404, -0.30423373926765584, -0.06692196708082353, -0.0948558720125186, 0.031624737527323706, 0.03707416594518536, 0.16023067122551704, 0.16443895937646133, -0.5838866969630743, -0.8019862194891977, -0.6535697353733951, -0.7624393575550946, -1.1823829429036299, -0.019692550283274275, -0.040840814152229184, -0.0864898176007149, -0.22718488010119345, -0.03890592243015748, 0.10080961268575614, -0.043936550678596226, 0.12855613628783666]","[0.060751913409298135, 0.06305289517297778, 0.05882548222449689, 0.05568159032061786, 0.08170782016022303, 0.07943056430653428, 0.08256247861147498, 0.08110199489709714, 0.051083305523793164, 0.050102897288145036, 0.0484133844997939, 0.05215672479420563, 0.0652144711877185, 0.05984536625216989, 0.0604681536613709, 0.058925251784880034, 0.05762181985852209, 0.0828044724486383, 0.08286534248886374, 0.0833095768794668, 0.08122152713851638]",design columns; ordered: 5 cutpoint-transform parameters; location-scale: design columns for log scale,"[-0.0735064218315063, -0.1894645433600135, -0.0032929476827984316, -0.026041968110180138, 0.0, 0.0, 0.0, 0.0, -0.5452718370876842, -0.7842751419584317, -0.6359457279884022, -0.7459817585964352, -1.168020675407066, 0.0007519033984494682, -0.011015312801256921, -0.1127468527953508, -0.14811695404560413, 0.0, 0.0, 0.0, 0.0]"
R/saturated/midpoint/OLS_HC3,ok,5497,0.0,0.0,44.014013331372375,44.014013331372375,"[0.2526655896607434, -0.02461184373240458, -0.07567371974204411, -0.025858866971667675, -0.051852233496359805, -0.0012674596018323696, 0.018482872950080827, 0.02746176829479854, 0.05410564659652851]","[0.011897259702632635, 0.016358261035630522, 0.015501323224352357, 0.01627875441488002, 0.01547496430889236, 0.022199868290334556, 0.021740015772372168, 0.021307285851441145, 0.020552243078755205]",design columns; ordered: 5 cutpoint-transform parameters; location-scale: design columns for log scale,"[0.2418182808449831, -0.019113928022994796, -0.048567855602292445, -0.01718819709957546, -0.02728988302231525, 0.0, 0.0, 0.0, 0.0]"
R/saturated/any_spending/OLS_HC3,ok,5497,0.0,0.0,44.014013331372375,44.014013331372375,"[0.7269789983844911, -0.03805391695126617, -0.11397086830319018, -0.012693284098776464, 0.0007607276429058684, 0.023768202665551432, 0.009649739096626649, 0.0712537814684559, 0.030885230326107647]","[0.01793559586514966, 0.02592026265639587, 0.0266210738892099, 0.025803793807073806, 0.025731733015932488, 0.03682139500848115, 0.0369152781783597, 0.03760866187408409, 0.03755575196801897]",design columns; ordered: 5 cutpoint-transform parameters; location-scale: design columns for log scale,"[0.7120962123964022, -0.02712009328320899, -0.08016595647587113, 0.01908935038346801, 0.014200079851207949, 0.0, 0.0, 0.0, 0.0]"
R/saturated/any_spending/logit,ok,5497,6.400088213526959e-09,9.609143460274128e-09,8.963444620262377,9.108089750469036,"[0.9793487194970605, -0.18425009698034933, -0.5193743959743603, -0.06305791882434632, 0.0038361788395925023, 0.1152573602306049, 0.04520092850192169, 0.31837182410111936, 0.1318118995411974]","[0.09029246368937405, 0.1255581919269652, 0.12254864121847787, 0.1280684543733264, 0.1296501083579139, 0.17806388720995586, 0.1798176723567193, 0.17517800238525139, 0.17478458573702355]",design columns; ordered: 5 cutpoint-transform parameters; location-scale: design columns for log scale,"[0.9089410924358629, -0.1316751781767708, -0.3718976898042293, 0.08906922239977319, 0.06596331555461027, 0.0, 0.0, 0.0, 0.0]"
R/saturated/any_spending/probit,ok,5497,1.4672014934828738e-09,4.30622694990313e-09,24.89395073258337,25.050813420092773,"[0.6037016558201707, -0.11089590006970797, -0.316533744711345, -0.037752826452980295, 0.0022896051393580777, 0.06934759314752335, 0.027395072859249806, 0.19483367282468803, 0.08146961271025609]","[0.053901386341083775, 0.07553697843035428, 0.07444248224491329, 0.07667435476986155, 0.07738217302319311, 0.10717193756105688, 0.10805855407529277, 0.10619940636073753, 0.10595034783507769]",design columns; ordered: 5 cutpoint-transform parameters; location-scale: design columns for log scale,"[0.5614239813128623, -0.07910585073214635, -0.22561517419317298, 0.05309475037868219, 0.039683777850404, 0.0, 0.0, 0.0, 0.0]"
R/saturated/ge10/OLS_HC3,ok,5497,0.0,0.0,44.014013331372375,44.014013331372375,"[0.5460420032310179, -0.029755358279877873, -0.11677371054809098, -0.025033599869673243, -0.023781729258415128, 0.01035985814433965, -0.010777340941894352, 0.05981759476844564, 0.07250085795913598]","[0.020043691535096306, 0.028457192299247435, 0.028309316376490368, 0.02868081704376233, 0.02881753225161423, 0.040437321481501455, 0.04067703816302106, 0.04037293202243137, 0.04029484456858495]",design columns; ordered: 5 cutpoint-transform parameters; location-scale: design columns for log scale,"[0.5314488587790037, -0.030014227949511092, -0.07266464237820947, -0.00157497675154819, -0.002753316639515777, 0.0, 0.0, 0.0, 0.0]"
R/saturated/ge10/logit,ok,5497,6.643168728514343e-10,7.396420799221275e-10,10.921940101593322,10.962088641425659,"[0.18469123347722066, -0.1195215809638318, -0.4695283394173678, -0.10060809857701937, -0.09559127127907614, 0.04189008116135307, -0.042700655743270435, 0.24140581030257116, 0.29232112618481404]","[0.0807959574594418, 0.11428149130813824, 0.11478568051156562, 0.11521115158417969, 0.11576769593767725, 0.16207449639150795, 0.16309122356051273, 0.16279452292289473, 0.16236311504604364]",design columns; ordered: 5 cutpoint-transform parameters; location-scale: design columns for log scale,"[0.12596154224237197, -0.12020203655733158, -0.2912205057351034, -0.0063227238204452575, -0.011053747217301176, 0.0, 0.0, 0.0, 0.0]"
R/saturated/ge10/probit,ok,5497,1.6331243686231104e-09,3.214256259694355e-09,27.90148711734995,27.94391384609085,"[0.11566757946638748, -0.07483166090243916, -0.2939049187956554, -0.0629829540308739, -0.05984037648776539, 0.026190015819038553, -0.026813767781446517, 0.15099043933106024, 0.18287235790510295]","[0.05053898302521695, 0.0715418604124723, 0.07170946518790312, 0.07211921197100635, 0.07246635571653205, 0.10150340939659484, 0.10213222629092703, 0.10182203991291292, 0.10156785214953191]",design columns; ordered: 5 cutpoint-transform parameters; location-scale: design columns for log scale,"[0.07888649111148265, -0.07530764054947396, -0.18241746093741565, -0.0039299335614726765, -0.006867474349311902, 0.0, 0.0, 0.0, 0.0]"
R/saturated/ge25/OLS_HC3,ok,5497,0.0,0.0,44.014013331372375,44.014013331372375,"[0.34248788368336036, -0.024898307136129054, -0.09858544465897016, -0.021479480322015757, -0.06509062340938777, -0.0219165478381188, -0.008312906626215677, 0.01450514587278896, 0.06489887620889695]","[0.01910430906757104, 0.026816074437772026, 0.02580334067895814, 0.027065324236519257, 0.026634301522602852, 0.03753242802002897, 0.03702851727116617, 0.03646575113878604, 0.036068573222977636]",design columns; ordered: 5 cutpoint-transform parameters; location-scale: design columns for log scale,"[0.3370171369669192, -0.035067607971429264, -0.07199375255351083, -0.024043905710742573, -0.04563474035724128, 0.0, 0.0, 0.0, 0.0]"
R/saturated/ge25/logit,ok,5497,2.9070601112003594e-09,3.8291779659560277e-10,9.48193788779981,9.488987584970936,"[-0.6522270112360171, -0.11264433669897748, -0.4791748546532762, -0.09691421419336568, -0.30518214323530984, -0.11166370884241232, -0.0598111971725677, 0.05872047418437889, 0.30414182980212673]","[0.08476879708188972, 0.12129679615499599, 0.12655990968004158, 0.12210340978184545, 0.12546819224146752, 0.17479780774125034, 0.17967947394288913, 0.1810900501528102, 0.18198498280871075]",design columns; ordered: 5 cutpoint-transform parameters; location-scale: design columns for log scale,"[-0.6688287975498267, -0.1684978240352635, -0.360977309783154, -0.11749393007089605, -0.22873840040690957, 0.0, 0.0, 0.0, 0.0]"
R/saturated/ge25/probit,ok,5497,8.780761548464364e-09,5.70293048933867e-10,25.733389373360335,25.738735066100702,"[-0.40568268664831497, -0.06876711483053165, -0.28812186134561046, -0.05919826373383538, -0.18490806740207735, -0.06653066790947605, -0.03354261142507252, 0.03678408495461546, 0.18429661387499877]","[0.05195324363541273, 0.07403639380229839, 0.07584923830853364, 0.07457052724276542, 0.07590013057355323, 0.10601478637846264, 0.10798860587696145, 0.1082590356873833, 0.10848437382605451]",design columns; ordered: 5 cutpoint-transform parameters; location-scale: design columns for log scale,"[-0.4173874304611029, -0.10173585687749694, -0.21503325586943914, -0.07042460812798408, -0.13566692003272943, 0.0, 0.0, 0.0, 0.0]"
R/saturated/ge50/OLS_HC3,ok,5497,0.0,0.0,44.014013331372375,44.014013331372375,"[0.1841680129240711, -0.021301563412670407, -0.0687208584525263, -0.02618481964676009, -0.06259267045831764, -0.014100984703350255, 0.02763319769110301, 0.016946815502012727, 0.060353063156584195]","[0.015605019479645226, 0.021593874164428966, 0.02025105616743706, 0.021629623768496038, 0.02066427536109882, 0.02940502606198034, 0.028908507975550515, 0.028107824168485705, 0.02742165013643803]",design columns; ordered: 5 cutpoint-transform parameters; location-scale: design columns for log scale,"[0.17422634427340575, -0.01710001323633074, -0.04304207494332809, -0.025379186051270104, -0.03280539606691414, 0.0, 0.0, 0.0, 0.0]"
R/saturated/ge50/logit,ok,5497,1.3044927945037291e-09,7.240100337098133e-09,5.908494275139981,5.894812649476332,"[-1.4883600104036145, -0.1486929294469931, -0.5479093217556802, -0.18495139986059503, -0.4892359900229609, -0.14621157652777947, 0.20669603147206334, 0.09115924522216004, 0.4671171961099601]","[0.10377745953946528, 0.15078088112337765, 0.16345829709241677, 0.15305158631329446, 0.16379829428292503, 0.22452310372365233, 0.23175675185283265, 0.2379383060735517, 0.24179817624282493]",design columns; ordered: 5 cutpoint-transform parameters; location-scale: design columns for log scale,"[-1.5395524292038467, -0.13699922112504895, -0.3759024838572524, -0.21002661618744126, -0.27851817885527314, 0.0, 0.0, 0.0, 0.0]"
R/saturated/ge50/probit,ok,5497,1.2191305951135564e-09,1.6939807194470766e-09,19.431674394797145,19.397539638209953,"[-0.8995946232704597, -0.08315047591947915, -0.29846370870584976, -0.10318668588800708, -0.2675531857604149, -0.07625084333656286, 0.11395745152167987, 0.05430177383223916, 0.2559663804808285]","[0.05857856717103143, 0.08427610087728467, 0.08844014018537091, 0.0853085111052876, 0.08902535548908494, 0.12313720255944048, 0.12585016180224823, 0.12763040940813414, 0.1288690288344478]",design columns; ordered: 5 cutpoint-transform parameters; location-scale: design columns for log scale,"[-0.9315048166406528, -0.07431212136268486, -0.20006759440617924, -0.11330347771360509, -0.14805617754193282, 0.0, 0.0, 0.0, 0.0]"
R/saturated/top75/OLS_HC3,ok,5497,0.0,0.0,44.014013331372375,44.014013331372375,"[0.13408723747980617, -0.03473870327785174, -0.07392463585378989, -0.04501160722770526, -0.08100504569898426, 0.0166308149612347, 0.056407342061813866, 0.03713658730103539, 0.061722947217622066]","[0.013717900277892605, 0.018286250018040687, 0.01674575917551693, 0.018028090302018934, 0.016569417832202973, 0.02403961105140395, 0.023152178004288076, 0.022326819722639352, 0.020703367322101485]",design columns; ordered: 5 cutpoint-transform parameters; location-scale: design columns for log scale,"[0.1152893976642087, -0.010870479847107496, -0.041268832938753934, -0.027168859479357006, -0.04130970138703737, 0.0, 0.0, 0.0, 0.0]"
R/saturated/top75/logit,ok,5497,1.115850760203861e-09,4.428196158674327e-09,3.7873956451542408,3.828684907709681,"[-1.8652935241524122, -0.3391905475975428, -0.883362507671807, -0.45968074366287043, -1.016077244638458, 0.09224674173771703, 0.7046585939452855, 0.31104472213896706, 0.6093707884224381]","[0.11805372397875966, 0.17935520773576638, 0.2067389088617481, 0.18623533198611375, 0.21922346973157097, 0.2782421822999199, 0.3005785739151433, 0.31067040162605497, 0.34209629535022046]",design columns; ordered: 5 cutpoint-transform parameters; location-scale: design columns for log scale,"[-1.991589886639924, -0.1367042236429781, -0.6383691904567734, -0.3564424027696608, -0.5980543388639045, 0.0, 0.0, 0.0, 0.0]"
R/saturated/top75/probit,ok,5497,1.6523975986142277e-09,9.345910929156707e-09,14.877340518304546,14.896317778101608,"[-1.1072763480186294, -0.17799612016285504, -0.44613370484199133, -0.23919283764743937, -0.5083996911779426, 0.055843795472694024, 0.35237823912795596, 0.1695362832531949, 0.3212513024191781]","[0.06342594707781525, 0.09384906328268723, 0.10239681757223487, 0.09634735723781823, 0.10673400206320713, 0.14089909371275447, 0.14815245574624053, 0.15114793878272167, 0.16087607768645654]",design columns; ordered: 5 cutpoint-transform parameters; location-scale: design columns for log scale,"[-1.1829652495032956, -0.0644108442023466, -0.305509203872271, -0.17580430125186353, -0.290425909562046, 0.0, 0.0, 0.0, 0.0]"
R/endpoint/ordinal/OLS_HC3,ok,3670,0.0,0.0,62.45937624726169,62.45937624726169,"[2.933764135702747, -0.14874784905779612, -0.4719755178165692, -0.23170934118219852, 0.07460003128143326, 0.29036097486834744]","[0.06777375009102593, 0.09466774276127105, 0.09164766851684508, 0.09068815653984205, 0.12805788146561145, 0.1241567696710591]",design columns; ordered: 5 cutpoint-transform parameters; location-scale: design columns for log scale,"[2.873707079040279, -0.11300515255291355, -0.32719596487633773, -0.10799591795454686, 0.0, 0.0]"
R/endpoint/ordinal/ordered_logit,ok,3670,7.59614636768406e-10,5.397055226587388e-09,19.566546507564794,19.588361938931097,"[-0.1603876682556627, -0.5356685743114942, -0.19005398593926406, 0.04371004080399371, 0.3015074599688111, -1.0431062080738167, -0.23531150149707694, -0.061588715327562014, -0.12152427320665343, -0.43198869511728194]","[0.10802003877179091, 0.107311100128502, 0.10118466560422325, 0.1441657948190403, 0.1444427861816874, 0.07909430973179603, 0.03530502506988054, 0.03253803931704265, 0.04218530179125402, 0.0660183089044151]",design columns; ordered: 5 cutpoint-transform parameters; location-scale: design columns for log scale,"[-0.13853338702116444, -0.38130743739131157, -0.0747317891350004, 0.0, 0.0, -0.9838032193700077, -0.23620266275650914, -0.06282429767455443, -0.12243723040799585, -0.43276541271859226]"
R/endpoint/ordinal/ordered_probit,ok,3670,5.991617161362507e-09,4.881609691105529e-09,55.78369018813811,55.77463185206034,"[-0.10443711847341927, -0.330310905617225, -0.1390954259930851, 0.05113114016631412, 0.1873105305952851, -0.6536601130347695, -0.7139539548035446, -0.5456043120326397, -0.6816206472638345, -1.088927504520748]","[0.06309694826297102, 0.06314318044231489, 0.06003069607634744, 0.08579803795430155, 0.08555582064578479, 0.04642035682197711, 0.035024005994328825, 0.032130004018373834, 0.04083668252274119, 0.06378669348433869]",design columns; ordered: 5 cutpoint-transform parameters; location-scale: design columns for log scale,"[-0.07968714539447333, -0.23630470263965667, -0.05937295462826556, 0.0, 0.0, -0.614179021808276, -0.7145165158058042, -0.5465207831605733, -0.682637835101845, -1.0903420597715134]"
R/endpoint/ordinal/ordered_location_scale,ok,3670,3.2408942992796743e-09,3.881576160582316e-09,41.55578695173169,44.76240061535307,"[-0.09702322449496031, -0.30409104675196785, -0.09497767978592933, 0.03707815814004912, 0.1644795482058984, -0.5828418830774351, -0.8116385552524426, -0.6427064890111458, -0.773441997739081, -1.169791845830159, -0.019908109626779594, -0.04135200454147869, -0.22748036549062003, 0.10108415116698664, 0.128772132949494]","[0.06073264307507576, 0.06301819397412113, 0.05565969957508859, 0.07939605384552054, 0.08105031320428147, 0.05114972254290714, 0.05366608861547133, 0.050880267307100886, 0.056594505385029054, 0.07351250724860682, 0.05986006825614003, 0.06051137406338325, 0.057643567763487995, 0.08288666421483024, 0.08125154101898786]",design columns; ordered: 5 cutpoint-transform parameters; location-scale: design columns for log scale,"[-0.0782825957643912, -0.2172118466794482, -0.028062463497334492, 0.0, 0.0, -0.565646406754229, -0.77097698382378, -0.6026605524818337, -0.7346661055936744, -1.1340710283560358, 0.03134538701268321, 0.026885781613426602, -0.14843732201433332, 0.0, 0.0]"
R/endpoint/midpoint/OLS_HC3,ok,3670,0.0,0.0,62.45937624726169,62.45937624726169,"[0.25266558966074315, -0.024611843732404323, -0.07567371974204395, -0.05185223349635951, 0.018482872950080508, 0.05410564659652827]","[0.011897259702632638, 0.01635826103563053, 0.015501323224352364, 0.015474964308892364, 0.02174001577237219, 0.0205522430787552]",design columns; ordered: 5 cutpoint-transform parameters; location-scale: design columns for log scale,"[0.24073737796645364, -0.015697803531446754, -0.04873044408731393, -0.02728093440692423, 0.0, 0.0]"
R/endpoint/any_spending/OLS_HC3,ok,3670,0.0,0.0,62.45937624726169,62.45937624726169,"[0.7269789983844912, -0.03805391695126639, -0.11397086830319063, 0.0007607276429062254, 0.009649739096626461, 0.030885230326107696]","[0.017935595865149662, 0.025920262656395875, 0.026621073889209913, 0.025731733015932488, 0.036915278178359726, 0.03755575196801897]",design columns; ordered: 5 cutpoint-transform parameters; location-scale: design columns for log scale,"[0.7203149426654374, -0.033408620330860624, -0.09858393684972379, 0.014488225981984322, 0.0, 0.0]"
R/endpoint/any_spending/logit,ok,3670,2.2897889845194123e-09,4.495059940616715e-09,12.683720732534008,12.735044340126866,"[0.9793488971169968, -0.18425010516033247, -0.5193743812252695, 0.003836073793854001, 0.04520092333076146, 0.13181157286850034]","[0.09029236337821354, 0.12555805143092408, 0.12254850298753198, 0.12964996114626906, 0.17981746708065044, 0.17478438184681908]",design columns; ordered: 5 cutpoint-transform parameters; location-scale: design columns for log scale,"[0.9487315876956772, -0.16263757263024625, -0.45452528939674774, 0.06743611126728764, 0.0, 0.0]"
R/endpoint/any_spending/probit,ok,3670,2.3465504257221345e-09,4.20825612032335e-09,35.26779965169939,35.32440723096311,"[0.6037016872912814, -0.11089589042158342, -0.31653375768686587, 0.002289578531225814, 0.02739505213151939, 0.08146959325752327]","[0.053901322868118225, 0.07553688951542599, 0.07444239422265163, 0.07738208142334597, 0.10805842607009267, 0.1059502219423949]",design columns; ordered: 5 cutpoint-transform parameters; location-scale: design columns for log scale,"[0.585233243139801, -0.09772977874783642, -0.27623597709540315, 0.04046243247905893, 0.0, 0.0]"
R/endpoint/ge10/OLS_HC3,ok,3670,0.0,0.0,62.45937624726169,62.45937624726169,"[0.5460420032310177, -0.029755358279877533, -0.11677371054809096, -0.023781729258414826, -0.010777340941894867, 0.0725008579591358]","[0.020043691535096313, 0.028457192299247442, 0.02830931637649038, 0.02881753225161423, 0.04067703816302109, 0.04029484456858495]",design columns; ordered: 5 cutpoint-transform parameters; location-scale: design columns for log scale,"[0.5357773125608015, -0.03529410856216489, -0.08039982269136879, -0.0026371695387740917, 0.0, 0.0]"
R/endpoint/ge10/logit,ok,3670,1.2432109939147406e-09,1.8485508854790997e-10,15.506860220903592,15.540897055895417,"[0.18469128115185396, -0.11952167028016308, -0.46952838305408345, -0.09559130719774753, -0.042700560091612626, 0.29232113422033723]","[0.08079586153521066, 0.11428135530194816, 0.11478554394967039, 0.11576755826491135, 0.16309102933665284, 0.1623629217899423]",design columns; ordered: 5 cutpoint-transform parameters; location-scale: design columns for log scale,"[0.1433526222521908, -0.1413965561663878, -0.3223405707905735, -0.010595696252910385, 0.0, 0.0]"
R/endpoint/ge10/probit,ok,3670,4.4269835826236156e-10,1.7530679183815238e-09,39.60575196457008,39.64304733919997,"[0.11566759497124567, -0.07483168467513339, -0.2939049346234867, -0.05984037809078893, -0.0268137346388317, 0.18287233581002552]","[0.05053892286974105, 0.07154177520185649, 0.07170937978780417, 0.07246626943358303, 0.10213210461238954, 0.10156773119390226]",design columns; ordered: 5 cutpoint-transform parameters; location-scale: design columns for log scale,"[0.08977203987629409, -0.0885802490129851, -0.20189395906780666, -0.00657134349715067, 0.0, 0.0]"
R/endpoint/ge25/OLS_HC3,ok,3670,0.0,0.0,62.45937624726169,62.45937624726169,"[0.3424878836833604, -0.02489830713612919, -0.0985854446589703, -0.06509062340938783, -0.008312906626215491, 0.06489887620889709]","[0.01910430906757104, 0.02681607443777203, 0.025803340678958155, 0.02663430152260285, 0.0370285172711662, 0.03606857322297763]",design columns; ordered: 5 cutpoint-transform parameters; location-scale: design columns for log scale,"[0.3330847838085678, -0.029199939406773817, -0.06603563850808819, -0.04572088171525175, 0.0, 0.0]"
R/endpoint/ge25/logit,ok,3670,5.095220883660661e-09,5.03829862359744e-09,13.24653444475509,13.25531238292899,"[-0.6522269748563235, -0.11264442455999384, -0.4791751336304536, -0.3051820458116973, -0.059811445058166296, 0.30414205498020863]","[0.08476869509916907, 0.12129665210676804, 0.12655976689241114, 0.12546803801546177, 0.17967926251437583, 0.18198476679986367]",design columns; ordered: 5 cutpoint-transform parameters; location-scale: design columns for log scale,"[-0.6872704707151811, -0.14049102389618157, -0.3315876550737029, -0.22901721079727094, 0.0, 0.0]"
R/endpoint/ge25/probit,ok,3670,2.068818489816884e-09,5.093900686545242e-09,36.188489217034395,36.19931898094175,"[-0.4056826911163771, -0.06876715763885932, -0.28812171564115197, -0.18490826080168318, -0.03354223085420138, 0.18429670709117868]","[0.0519531817955755, 0.07403630624428367, 0.07584914503477641, 0.07590004366401748, 0.10798847801787992, 0.10848424439578551]",design columns; ordered: 5 cutpoint-transform parameters; location-scale: design columns for log scale,"[-0.42870584444899235, -0.0848979284369978, -0.19709528034160095, -0.1359217035275802, 0.0, 0.0]"
R/endpoint/ge50/OLS_HC3,ok,3670,0.0,0.0,62.45937624726169,62.45937624726169,"[0.18416801292407114, -0.021301563412670487, -0.06872085845252644, -0.06259267045831769, 0.027633197691103093, 0.06035306315658433]","[0.015605019479645228, 0.021593874164428973, 0.02025105616743707, 0.020664275361098824, 0.02890850797555054, 0.027421650136438026]",design columns; ordered: 5 cutpoint-transform parameters; location-scale: design columns for log scale,"[0.16973360492057665, -0.007907137211054203, -0.0387198693425014, -0.032858778629201495, 0.0, 0.0]"
R/endpoint/ge50/logit,ok,3670,6.670952197059339e-09,1.1661669849583238e-09,8.040504553463514,8.062554153592728,"[-1.4883600080028694, -0.14869308045029717, -0.5479094104555327, -0.4892362519946044, 0.20669636149705836, 0.46711768412414917]","[0.10377733572200185, 0.15078070929911488, 0.16345810869426727, 0.16379811827161178, 0.2317564982671403, 0.2417978984718169]",design columns; ordered: 5 cutpoint-transform parameters; location-scale: design columns for log scale,"[-1.5765335006801227, -0.06211091953261653, -0.33660689099072316, -0.2789671555143164, 0.0, 0.0]"
R/endpoint/ge50/probit,ok,3670,7.714163985161076e-10,1.1100305856448743e-09,26.887768639254165,26.907246672109906,"[-0.8995946188985231, -0.08315050625069945, -0.2984637097399761, -0.26755318739063855, 0.11395748949631462, 0.2559663974606273]","[0.05857849719457682, 0.0842760011777077, 0.08844003452952792, 0.08902524916535907, 0.125850011930054, 0.1288688744146088]",design columns; ordered: 5 cutpoint-transform parameters; location-scale: design columns for log scale,"[-0.9521117790595246, -0.032995041134886285, -0.17826910641292423, -0.1485090610115153, 0.0, 0.0]"
R/endpoint/top75/OLS_HC3,ok,3670,0.0,0.0,62.45937624726169,62.45937624726169,"[0.13408723747980617, -0.034738703277851744, -0.07392463585378993, -0.08100504569898422, 0.05640734206181383, 0.06172294721762205]","[0.013717900277892608, 0.01828625001804069, 0.01674575917551694, 0.016569417832202976, 0.023152178004288093, 0.020703367322101485]",design columns; ordered: 5 cutpoint-transform parameters; location-scale: design columns for log scale,"[0.11479643508489568, -0.007195347042059373, -0.04345669748465487, -0.041267314053303875, 0.0, 0.0]"
R/endpoint/top75/logit,ok,3670,7.550068214583518e-09,2.4614686463473567e-09,4.752949205988714,4.995598274713897,"[-1.8652934481430314, -0.3391907092974573, -0.8833627925081855, -1.0160783140204195, 0.7046597976874629, 0.6093721710995925]","[0.11805357673964072, 0.17935499668069782, 0.2067386843603535, 0.219223343181519, 0.30057831482259734, 0.34209597822403015]",design columns; ordered: 5 cutpoint-transform parameters; location-scale: design columns for log scale,"[-2.0023145217545526, -0.0868711104106642, -0.6704150126084497, -0.5980355964445967, 0.0, 0.0]"
R/endpoint/top75/probit,ok,3670,8.299741497889416e-09,4.632815441598163e-10,19.56782920389686,20.00229843131089,"[-1.1072763105352224, -0.17799624837224387, -0.4461336458850595, -0.5083999625923635, 0.35237863767218447, 0.32125146245359776]","[0.06342586947357437, 0.09384895473543753, 0.10239668669445741, 0.10673389480042726, 0.14815229488330178, 0.1608758954236197]",design columns; ordered: 5 cutpoint-transform parameters; location-scale: design columns for log scale,"[-1.1887339795062941, -0.03722447752652851, -0.3198057224762911, -0.29084230244176784, 0.0, 0.0]"
A/trend/ordinal/OLS_HC3,ok,5480,0.0,0.0,322.3041879940893,322.3041879940893,"[2.814313366085294, -0.12346407343859532, -0.31110078753835124, -0.11523880808744474, 0.039885582094914857, 0.14162963214919247]","[0.03737554551481863, 0.05208783325076185, 0.05080213294962968, 0.04555345219267773, 0.06420007637554948, 0.06220089622049873]",design columns; ordered: 5 cutpoint-transform parameters; location-scale: design columns for log scale,"[2.815619897719817, -0.12460499880265004, -0.3115457256744252, -0.05369429161911275, 0.0, 0.0]"
A/trend/ordinal/ordered_logit,ok,5480,9.025662044836527e-09,4.9349773027187105e-09,102.17988630627448,102.26016901615964,"[-0.14172471743153126, -0.3551327849788192, -0.09530469364678483, 0.024449991294365505, 0.14851355467584146, -0.9567066388417975, -0.2148505672345526, -0.05769571909659049, -0.09672330016347011, -0.4189210404270971]","[0.059326123642735304, 0.05931685847635749, 0.05139540325204187, 0.07299317285644183, 0.07296396391675344, 0.0459346547514781, 0.028563804139802675, 0.026543101295087437, 0.034234609840880684, 0.05438830136605197]",design columns; ordered: 5 cutpoint-transform parameters; location-scale: design columns for log scale,"[-0.14177464214951452, -0.3529177652081945, -0.037332554769096214, 0.0, 0.0, -0.9557643633671862, -0.21541453094844157, -0.05847507794246294, -0.09729590659043484, -0.4194129678772476]"
A/trend/ordinal/ordered_probit,ok,5480,3.3316590427285106e-09,4.52064255810258e-09,288.8467137912696,288.91957116258874,"[-0.08337965438131181, -0.21932827330244428, -0.07004471070942092, 0.027650003027015365, 0.09221351441098154, -0.5903357909577601, -0.6936388058497334, -0.5416377389221474, -0.6588276401401348, -1.0811800900913102]","[0.03522553210780779, 0.03512321936412327, 0.030418437837973253, 0.04336819278681797, 0.0431152022867602, 0.02730049389833345, 0.028323422818817633, 0.026212621925844712, 0.03309882660882937, 0.052528594738000596]",design columns; ordered: 5 cutpoint-transform parameters; location-scale: design columns for log scale,"[-0.08400183984710795, -0.21923562641946762, -0.02991747071659149, 0.0, 0.0, -0.5906913396607869, -0.6939975531532839, -0.5422067604255075, -0.6594644835846554, -1.0821011674070138]"
A/trend/ordinal/ordered_location_scale,ok,5480,6.609239271686081e-09,5.653263059301865e-09,212.93570451061439,218.91418270020515,"[-0.0839621567352262, -0.21613616253394777, -0.05144509470845388, 0.021718847654459927, 0.08566254258005417, -0.5867853928072841, -0.702338344042756, -0.549121872253301, -0.6622429019034666, -1.0764493962720803, -0.003779083846261689, -0.01719666502010061, -0.11214605602788266, 0.051546179571155405, 0.06272241926001784]","[0.03588961832119018, 0.03676465548142185, 0.030817876533740986, 0.043791962444821385, 0.043900804428322275, 0.030819145271955124, 0.03480415002741831, 0.03236248275418681, 0.038123133828033944, 0.05550353164699923, 0.033612994966657976, 0.03319987320659527, 0.029091135135515773, 0.041284893820662714, 0.0401898812539225]",design columns; ordered: 5 cutpoint-transform parameters; location-scale: design columns for log scale,"[-0.08148232027343268, -0.20717199790008328, -0.014329015286776972, 0.0, 0.0, -0.5830916666333549, -0.7016996625064698, -0.5488846508176956, -0.6628003905395736, -1.0789261886726633, -0.003396042795159058, -0.014956896781272724, -0.07280807597382144, 0.0, 0.0]"
A/trend/midpoint/OLS_HC3,ok,5480,0.0,0.0,322.3041879940893,322.3041879940893,"[0.22710837638872297, -0.019899172683951052, -0.04911561719243665, -0.025684375373312588, 0.009616659904555822, 0.02625740807850029]","[0.006367943620710786, 0.008809850879191412, 0.008416672313593816, 0.007775355777446101, 0.010899032174028406, 0.010295409882838972]",design columns; ordered: 5 cutpoint-transform parameters; location-scale: design columns for log scale,"[0.22736623373181317, -0.020137687103292095, -0.0492216620548916, -0.013537937369855169, 0.0, 0.0]"
A/trend/any_spending/OLS_HC3,ok,5480,0.0,0.0,322.3041879940893,322.3041879940893,"[0.7223366010631942, -0.026499422112182383, -0.07914492238312754, -0.00046010781268666484, 0.006022583477137296, 0.01579357450050611]","[0.010600746801812758, 0.015106646019725, 0.015364013959679637, 0.012905897152213488, 0.018500303166147588, 0.0188132725988891]",design columns; ordered: 5 cutpoint-transform parameters; location-scale: design columns for log scale,"[0.7224933759521588, -0.026645780428270358, -0.07921123302142767, 0.0069248145885461585, 0.0, 0.0]"
A/trend/any_spending/logit,ok,5480,3.800848168236245e-10,1.5617812366964664e-09,65.81090725869868,65.70142576328716,"[0.956082437824786, -0.128440352347756, -0.36640891383606117, -0.002294056474466528, 0.028577020749019112, 0.06913800821146479]","[0.05282300459023616, 0.07331053741034979, 0.07168596107873139, 0.06429208885062276, 0.08972684544593958, 0.0877077596531742]",design columns; ordered: 5 cutpoint-transform parameters; location-scale: design columns for log scale,"[0.9569727253969943, -0.12923815374592637, -0.3672571436806226, 0.03234948670986096, 0.0, 0.0]"
A/trend/any_spending/probit,ok,5480,2.7532486085000742e-09,7.808865724686245e-09,182.36869994807984,182.27444843388713,"[0.5897972504476302, -0.07728967021538485, -0.22259069858573072, -0.0013748467887425841, 0.017263533464310237, 0.04235542040582667]","[0.03160169867323408, 0.04409451027024749, 0.04344704304882929, 0.038531150607149116, 0.05400151815799348, 0.05312300592069654]",design columns; ordered: 5 cutpoint-transform parameters; location-scale: design columns for log scale,"[0.5902711577383684, -0.07772185302629142, -0.22296134720684374, 0.0193992926622102, 0.0, 0.0]"
A/trend/ge10/OLS_HC3,ok,5480,0.0,0.0,322.3041879940893,322.3041879940893,"[0.5304809759885317, -0.030880259261536855, -0.07350331746338624, -0.011554025803368779, -0.004952236544669235, 0.035480665891106836]","[0.011811537802419348, 0.0166211225607134, 0.016525356963524362, 0.014431495778556139, 0.020369035661241368, 0.020174045581984622]",design columns; ordered: 5 cutpoint-transform parameters; location-scale: design columns for log scale,"[0.5307031467089299, -0.030984545189400907, -0.07345636224897256, -0.0010886155530307284, 0.0, 0.0]"
A/trend/ge10/logit,ok,5480,2.5137408274954694e-09,5.288203182732083e-09,80.23224702693528,80.27618618997077,"[0.12211919532118203, -0.123717480672329, -0.2949040427435875, -0.04639754130947098, -0.019651554718404726, 0.1428912284166319]","[0.0474095716768452, 0.06660654768500944, 0.06649649101133194, 0.05792152293837494, 0.08162560337170208, 0.08119270451815862]",design columns; ordered: 5 cutpoint-transform parameters; location-scale: design columns for log scale,"[0.12296773990490832, -0.12409342605133668, -0.2943999497742878, -0.0043707672557461085, 0.0, 0.0]"
A/trend/ge10/probit,ok,5480,3.5645384843310304e-09,4.127435615670622e-09,204.6395837612704,204.7087462304479,"[0.07650139490237844, -0.0775030506149221, -0.18468724272453013, -0.02905858608865604, -0.01232833860487196, 0.08943475344810427]","[0.02968376909091476, 0.04171793372839918, 0.04161216408369302, 0.03627348357983817, 0.05112869543698069, 0.05081654763146792]",design columns; ordered: 5 cutpoint-transform parameters; location-scale: design columns for log scale,"[0.07703928501010203, -0.07774452693981966, -0.18440895738612065, -0.0027104398814293937, 0.0, 0.0]"
A/trend/ge25/OLS_HC3,ok,5480,0.0,0.0,322.3041879940893,322.3041879940893,"[0.31385045842790577, -0.03613857691138644, -0.07285361065205162, -0.031781037211802636, -0.004615030163419083, 0.03112403644616395]","[0.010960487680628584, 0.01514552319130864, 0.014790528171535164, 0.013363673966802303, 0.018555216793042097, 0.018073736522571052]",design columns; ordered: 5 cutpoint-transform parameters; location-scale: design columns for log scale,"[0.3140434433818644, -0.03622676726082721, -0.07280954956615622, -0.022690430170068013, 0.0, 0.0]"
A/trend/ge25/logit,ok,5480,1.1176077763160883e-09,3.3600034851745385e-09,66.77365723930939,67.02820267121453,"[-0.7849005317730511, -0.17581105478567888, -0.3623237862271585, -0.14784332789256469, -0.034171284819231366, 0.14425150822207966]","[0.051137380325626515, 0.07325857540514195, 0.07456217768257054, 0.06236208528429382, 0.08981774051161656, 0.09114531084466333]",design columns; ordered: 5 cutpoint-transform parameters; location-scale: design columns for log scale,"[-0.7830763414512021, -0.17415374102722905, -0.3652134646469679, -0.11389780611603159, 0.0, 0.0]"
A/trend/ge25/probit,ok,5480,4.530117829602679e-09,1.338396586421811e-09,184.15341177843277,184.4614613818248,"[-0.4862822262823186, -0.10567275611912103, -0.2168184389963998, -0.089827856729596, -0.01889906495463973, 0.0877223567151284]","[0.03100581619124532, 0.04406920761990729, 0.044454412181026755, 0.03785379798149254, 0.05403557746028756, 0.05432488091051668]",design columns; ordered: 5 cutpoint-transform parameters; location-scale: design columns for log scale,"[-0.4853669458868453, -0.105140960009975, -0.21757008927365704, -0.06753771068094797, 0.0, 0.0]"
A/trend/ge50/OLS_HC3,ok,5480,0.0,0.0,322.3041879940893,322.3041879940893,"[0.1552084577708756, -0.01825159118015987, -0.04383906814355539, -0.03097001552980527, 0.014400210358410898, 0.029185249670393088]","[0.008534995975054378, 0.011721940989823222, 0.011234523641733782, 0.010382984467494662, 0.014498025438676237, 0.01374268225266773]",design columns; ordered: 5 cutpoint-transform parameters; location-scale: design columns for log scale,"[0.15552117743848257, -0.018561783569610572, -0.04399627939337732, -0.016239273292530224, 0.0, 0.0]"
A/trend/ge50/logit,ok,5480,3.637081883031953e-10,1.0980558749367386e-09,38.517380154829226,39.42485109944492,"[-1.7073188223227251, -0.13821964638952527, -0.3695951659581254, -0.2376378660655457, 0.09713255445396342, 0.21960231592160864]","[0.06617512310502174, 0.0951368995417565, 0.099103377330654, 0.08018450511819908, 0.11753529678934431, 0.12121056741452318]",design columns; ordered: 5 cutpoint-transform parameters; location-scale: design columns for log scale,"[-1.6968244977544338, -0.148703710776613, -0.3838254182999668, -0.1403686323585383, 0.0, 0.0]"
A/trend/ge50/probit,ok,5480,1.5141451771226616e-09,5.199618492783685e-09,132.52476895795493,133.95721944265978,"[-1.0201700804486578, -0.07595100125242218, -0.19914399639767738, -0.1308444086937937, 0.05581402879470033, 0.1214685387897123]","[0.03618008314760994, 0.051581007977202165, 0.05282101126330855, 0.044036118245939795, 0.06357045938671188, 0.06459205620732986]",design columns; ordered: 5 cutpoint-transform parameters; location-scale: design columns for log scale,"[-1.0156973342036726, -0.08038170344274782, -0.20425744708981314, -0.07417164603511876, 0.0, 0.0]"
A/trend/top75/OLS_HC3,ok,5480,0.0,0.0,322.3041879940893,322.3041879940893,"[0.09243687283478674, -0.01169422397332993, -0.041759868896230956, -0.040473621729781376, 0.02903005496745497, 0.030046105641022468]","[0.006782336212745594, 0.00930300527817597, 0.008482574078976514, 0.008341836865387068, 0.011612906175804719, 0.010373037603987329]",design columns; ordered: 5 cutpoint-transform parameters; location-scale: design columns for log scale,"[0.09285875423838147, -0.012186122354541175, -0.04207230144449194, -0.020600787192029943, 0.0, 0.0]"
A/trend/top75/logit,ok,5480,4.590220394538971e-09,4.147907428074861e-09,20.187106460571737,21.94790312502545,"[-2.3509259939723814, -0.08800151979690304, -0.593695578492785, -0.4979024668461531, 0.3432470603189876, 0.27946783486855936]","[0.08702968892429075, 0.12266775636781953, 0.13801659985664047, 0.10449099005404751, 0.15124809990618712, 0.1660203071258707]",design columns; ordered: 5 cutpoint-transform parameters; location-scale: design columns for log scale,"[-2.3055093672258704, -0.15347265960622433, -0.6516241512075556, -0.30430217603030263, 0.0, 0.0]"
A/trend/top75/probit,ok,5480,6.872189364205198e-10,5.816846166135064e-09,88.0728064146415,92.37180207425956,"[-1.3538266319033874, -0.04892208517091666, -0.29009837859173193, -0.25141158651216533, 0.1755957437440379, 0.15037195662407482]","[0.04297828385713569, 0.06060462217699226, 0.06532666879034697, 0.052259007749339795, 0.074823518149385, 0.0792576167775239]",design columns; ordered: 5 cutpoint-transform parameters; location-scale: design columns for log scale,"[-1.336146652028698, -0.07246562100048778, -0.3121704933629545, -0.14711660591414952, 0.0, 0.0]"
A/saturated/ordinal/OLS_HC3,ok,5480,0.0,0.0,43.90693532322598,43.90693532322598,"[2.935275080906145, -0.15550346589798872, -0.4711056997986522, -0.1329102160412803, -0.23010266711304167, 0.017112752890958528, 0.07971335594461766, 0.1973824061285496, 0.28328344373425496]","[0.0678666949210316, 0.09466380246142905, 0.09175311554494132, 0.09440086771655362, 0.09100879027399114, 0.13018644671021048, 0.12832858414516993, 0.1272890337682718, 0.12435961539198906]",design columns; ordered: 5 cutpoint-transform parameters; location-scale: design columns for log scale,"[2.8718954433924946, -0.12454752060987384, -0.3115626432008156, -0.061544351047154056, -0.10734239284939925, 0.0, 0.0, 0.0, 0.0]"
A/saturated/ordinal/ordered_logit,ok,5480,1.072871955591039e-09,2.607853364561466e-09,13.5713176310718,13.575888879789915,"[-0.16820942683624532, -0.5388495580949721, -0.12460755763041928, -0.19071902092335716, 0.031788526817842715, 0.04876307144908085, 0.25179271680760273, 0.29882270215374945, -1.0617619211134774, -0.21465529072862807, -0.0577053923725851, -0.09679187842296962, -0.4189133363838014]","[0.1092123981134345, 0.10848675971960228, 0.10762171535609316, 0.10281533982285512, 0.14938509478128592, 0.14604456896729315, 0.14865411104036524, 0.14618546636383553, 0.07919453137229489, 0.02857090200374636, 0.026552887472186076, 0.03424383211614019, 0.05439987768595018]",design columns; ordered: 5 cutpoint-transform parameters; location-scale: design columns for log scale,"[-0.14188412037550846, -0.3529831778530248, -0.030157283563328426, -0.0745811354099616, 0.0, 0.0, 0.0, 0.0, -0.9907196767886315, -0.21540288413288103, -0.058476199495959356, -0.09730061009860812, -0.41942576397415465]"
A/saturated/ordinal/ordered_probit,ok,5480,2.8586850907539433e-09,6.690655859350802e-09,39.2307506163805,39.21467902188229,"[-0.1091196107869906, -0.33130386681006113, -0.08624483382079148, -0.13978616399538643, 0.022562411939397283, 0.05514986232495152, 0.1514594622783674, 0.18480016966685472, -0.6656677741629722, -0.6934953887031936, -0.541674150777759, -0.6588921053321365, -1.0810867257222487]","[0.0635792976136008, 0.06364789819111148, 0.06292894956841044, 0.06075924586291711, 0.08777579900829759, 0.08664597088376975, 0.08782681806063801, 0.08631507578113558, 0.04625571396597154, 0.028330884252674715, 0.026221246006654493, 0.033106709398140574, 0.05254115489194144]",design columns; ordered: 5 cutpoint-transform parameters; location-scale: design columns for log scale,"[-0.0840090899188635, -0.21923630492444607, -0.029068431736184362, -0.059837843145930485, 0.0, 0.0, 0.0, 0.0, -0.6203291319042035, -0.6939956017451603, -0.5422075758002773, -0.6594675061130233, -1.0821072084288648]"
A/saturated/ordinal/ordered_location_scale,ok,5480,9.268472284553142e-09,9.20646387997827e-09,30.003945616803147,31.975841156983762,"[-0.09989727639782928, -0.3020955514075501, -0.06784251775603405, -0.09491158188684004, 0.03276742216167227, 0.04038236314539635, 0.15726725816734127, 0.16207888042333216, -0.5831399778695339, -0.8060049390838747, -0.6531827777338997, -0.7657183604010107, -1.1794085156823586, -0.02456578341118298, -0.043573759734412604, -0.08754854149550491, -0.22354376914147597, -0.03853294487481539, 0.10129373973179633, -0.04130903321147645, 0.12038685316916255]","[0.06069193054421652, 0.06299311124328305, 0.05888429610750469, 0.055913486714868406, 0.0815927841339037, 0.07953902653940015, 0.08251396285204324, 0.08108454925759832, 0.05115639359621783, 0.05019276588002427, 0.04847974745735225, 0.052276395861705106, 0.06523209815012627, 0.059871333762358855, 0.060527841919836844, 0.05908942833775555, 0.057789637446011795, 0.08287810397906938, 0.08304673845986447, 0.08349137766259966, 0.08129238199533824]",design columns; ordered: 5 cutpoint-transform parameters; location-scale: design columns for log scale,"[-0.07474492112999795, -0.18927093526891595, -0.004647566440342819, -0.025697075904914362, 0.0, 0.0, 0.0, 0.0, -0.5442476495145248, -0.7889172405800254, -0.636162877199558, -0.7498109255275496, -1.1656131518853938, -0.003940976975965752, -0.015919428005214953, -0.1128708856013461, -0.1469833336087337, 0.0, 0.0, 0.0, 0.0]"
A/saturated/midpoint/OLS_HC3,ok,5480,0.0,0.0,43.90693532322598,43.90693532322598,"[0.25299352750809057, -0.025995158829460824, -0.07571339721493082, -0.026304338318901326, -0.05135559647360759, -0.0008555812482582199, 0.019307144322523825, 0.02729753044800027, 0.05250606554953307]","[0.011912006955866793, 0.016347378879510596, 0.01552034401394268, 0.01631969441824963, 0.015523424307721962, 0.022194588605074304, 0.02177717172641386, 0.021348683173179794, 0.020576180842600465]",design columns; ordered: 5 cutpoint-transform parameters; location-scale: design columns for log scale,"[0.24222427941896008, -0.02010829153091827, -0.04923031403832002, -0.01755262500894254, -0.02705225199076647, 0.0, 0.0, 0.0, 0.0]"
A/saturated/any_spending/OLS_HC3,ok,5480,0.0,0.0,43.90693532322598,43.90693532322598,"[0.7265372168284775, -0.03811959855767794, -0.11253070217049689, -0.012010189801450319, -0.0006751478629598937, 0.023107918865061035, 0.011756694867619287, 0.06903477170648113, 0.031779043299616415]","[0.017959205553496352, 0.025953689418718034, 0.026641903917421404, 0.02585068200611779, 0.025822452185013826, 0.03687801758923202, 0.03701287511192268, 0.03765622862777046, 0.037633863023207405]",design columns; ordered: 5 cutpoint-transform parameters; location-scale: design columns for log scale,"[0.7116570256605366, -0.02673288072856118, -0.07918559683563942, 0.018820500594982168, 0.013779633992085412, 0.0, 0.0, 0.0, 0.0]"
A/saturated/any_spending/logit,ok,5480,5.4446139344385956e-09,8.666100421862873e-09,8.950523171720157,9.093784886248692,"[0.9771240423580746, -0.1843922722088484, -0.5129391567250806, -0.05965052309366536, -0.0033954635193692967, 0.11190998573373762, 0.055577700262414126, 0.3083178229841528, 0.13682553728119948]","[0.0903201418346869, 0.12560059176199814, 0.122641596834301, 0.12826760034179654, 0.12975587191725604, 0.17823808622645027, 0.18002672616285845, 0.17539143518132996, 0.17498738802205863]",design columns; ordered: 5 cutpoint-transform parameters; location-scale: design columns for log scale,"[0.9066773094849535, -0.12966322251680149, -0.3671926383490345, 0.08778246159743733, 0.06398067349015216, 0.0, 0.0, 0.0, 0.0]"
A/saturated/any_spending/probit,ok,5480,1.4732486970029857e-09,4.217293948934732e-09,24.84764295699078,25.00279555344252,"[0.6023734534356404, -0.1110034419629118, -0.31259663813678135, -0.035714540899586034, -0.002027756780454097, 0.06735165018178679, 0.033618346377532464, 0.1886998435134779, 0.08440363686932742]","[0.0539291237559194, 0.07557744909260011, 0.07450122298679958, 0.07679791483583631, 0.07748839794358615, 0.10728908884341662, 0.10821844833327697, 0.10633076660167229, 0.10609794589071002]",design columns; ordered: 5 cutpoint-transform parameters; location-scale: design columns for log scale,"[0.560070317448056, -0.07791318078228936, -0.2227848088833219, 0.052360191035374634, 0.03847706883278814, 0.0, 0.0, 0.0, 0.0]"
A/saturated/ge10/OLS_HC3,ok,5480,0.0,0.0,43.90693532322598,43.90693532322598,"[0.5469255663430416, -0.03142801332509698, -0.11695813963294371, -0.026655296072771267, -0.02278763530855876, 0.011965497497476163, -0.010239133068317372, 0.05986299211226425, 0.07073818967101615]","[0.02005663006548735, 0.028478755893916498, 0.02833284466399232, 0.02872802810278524, 0.028875336305673918, 0.04048771410816267, 0.040752923552592836, 0.040423538826722, 0.040361662692257494]",design columns; ordered: 5 cutpoint-transform parameters; location-scale: design columns for log scale,"[0.5322985659643631, -0.030973259914762342, -0.07345968383794918, -0.002629897077302228, -0.002168162080081526, 0.0, 0.0, 0.0, 0.0]"
A/saturated/ge10/logit,ok,5480,9.216764500027e-10,8.328830426638105e-10,10.89342266811003,10.933680719761092,"[0.18825630223099352, -0.1262462022434274, -0.4702403345551224, -0.10713073374723979, -0.09162951113896149, 0.048351654770997995, -0.04052621299870766, 0.2415480220844183, 0.28522799705839436]","[0.0808749069466603, 0.11438118540409023, 0.11487690582597772, 0.11541128198902054, 0.11603785685095319, 0.16227985622323823, 0.1634138979333376, 0.16299967658012995, 0.16264259671146417]",design columns; ordered: 5 cutpoint-transform parameters; location-scale: design columns for log scale,"[0.1293732867748727, -0.12404837600278952, -0.2944138530885641, -0.010558482898556468, -0.008704851864296256, 0.0, 0.0, 0.0, 0.0]"
A/saturated/ge10/probit,ok,5480,7.125453148845252e-10,3.4025173102383175e-09,27.830764910403516,27.873174993442536,"[0.11789750369729544, -0.07904111791140157, -0.29435459688135146, -0.06706558335291882, -0.05735572894450104, 0.030233945978375337, -0.025454041898817746, 0.1510849169578173, 0.17843312310260437]","[0.05058477436468197, 0.07160249301272421, 0.07176705743038068, 0.0722430152018326, 0.07263029646224653, 0.10163151365842465, 0.10233171870638888, 0.10195020755872729, 0.10174129468630196]",design columns; ordered: 5 cutpoint-transform parameters; location-scale: design columns for log scale,"[0.08102457042124488, -0.07771689511783003, -0.18441756864446351, -0.006583243257138236, -0.005400053915574526, 0.0, 0.0, 0.0, 0.0]"
A/saturated/ge25/OLS_HC3,ok,5480,0.0,0.0,43.90693532322598,43.90693532322598,"[0.3430420711974106, -0.026565725357280003, -0.0987423969303094, -0.023785314440653748, -0.06373172636982423, -0.019670029783967938, -0.009005053527067602, 0.015164854576171258, 0.06233426030461579]","[0.019127206459413154, 0.02683076797448862, 0.025836244889770918, 0.027096274485639307, 0.026722875884459714, 0.03754908485168327, 0.03710677529050192, 0.03649186501251722, 0.03614906710996963]",design columns; ordered: 5 cutpoint-transform parameters; location-scale: design columns for log scale,"[0.33761711103021985, -0.03620709972985555, -0.0728153383002513, -0.025376514743592975, -0.0453650551998046, 0.0, 0.0, 0.0, 0.0]"
A/saturated/ge25/logit,ok,5480,2.0799127520044784e-09,6.236806120376144e-09,9.462743851839827,9.468755952841665,"[-0.6497669405889756, -0.12024577632849416, -0.47948215112384984, -0.10742250392524097, -0.29811827896094195, -0.1019137211483097, -0.06415443713477298, 0.06015558148517516, 0.29053385806798937]","[0.08480475810736099, 0.12143115931478803, 0.12660251510093273, 0.12238066502244785, 0.1255831277520831, 0.17516700245487968, 0.1799903335437674, 0.1814224243202148, 0.18220433846541056]",design columns; ordered: 5 cutpoint-transform parameters; location-scale: design columns for log scale,"[-0.6659011898345708, -0.1740786588943357, -0.3652388525939581, -0.12421320801697583, -0.22737312236420218, 0.0, 0.0, 0.0, 0.0]"
A/saturated/ge25/probit,ok,5480,4.355398384202843e-09,6.126696658519652e-10,25.676696118728938,25.680865447766433,"[-0.4041748572101328, -0.07340017792221692, -0.2883634641323355, -0.06560334725537598, -0.18071657086857326, -0.06052326009543661, -0.036032327376849846, 0.037871177064982546, 0.17625747260800795]","[0.05198375903401872, 0.0741091242066199, 0.0758898512571716, 0.07472143829604255, 0.07600989183982057, 0.10620037016860316, 0.10818389371902291, 0.10843152691708743, 0.10863619917245175]",design columns; ordered: 5 cutpoint-transform parameters; location-scale: design columns for log scale,"[-0.41559919375977344, -0.10509918104179268, -0.21760030380214487, -0.07443542883442933, -0.134896962471441, 0.0, 0.0, 0.0, 0.0]"
A/saturated/ge50/OLS_HC3,ok,5480,0.0,0.0,43.90693532322598,43.90693532322598,"[0.18446601941747548, -0.02296520375679028, -0.06883084026438097, -0.025682235633691673, -0.062052226314027153, -0.014655413629578347, 0.029098989952173325, 0.016430035204001412, 0.05840442886440266]","[0.015627456270518772, 0.02158357431553226, 0.02028088924309402, 0.021693526769013653, 0.020738359682981194, 0.029407876982586265, 0.02897163631094153, 0.02817458037302247, 0.027468670219834807]",design columns; ordered: 5 cutpoint-transform parameters; location-scale: design columns for log scale,"[0.1747228041724737, -0.018495819228772286, -0.04401569464328442, -0.025248324737974878, -0.03242553659283942, 0.0, 0.0, 0.0, 0.0]"
A/saturated/ge50/logit,ok,5480,7.882991712758966e-10,4.726983303403736e-09,5.900079431178614,5.887430939780003,"[-1.4863778328861694, -0.16072549677654202, -0.5480515798563568, -0.18092751846729108, -0.4833903357283871, -0.1534302798665603, 0.2166314525443508, 0.08712524081334543, 0.4472200097217546]","[0.10379668156913191, 0.15112942168790172, 0.16348112157138278, 0.15310416640487423, 0.1638575504465771, 0.2251749610171996, 0.2320406994524103, 0.2379866587271738, 0.24225692966595155]",design columns; ordered: 5 cutpoint-transform parameters; location-scale: design columns for log scale,"[-1.535670059856954, -0.14821555412247642, -0.3840360481963667, -0.20925559971135557, -0.2754999630014794, 0.0, 0.0, 0.0, 0.0]"
A/saturated/ge50/probit,ok,5480,1.0717043051864496e-09,1.88285992344884e-09,19.395923874728748,19.363502517025992,"[-0.8984756254703261, -0.08983276262191298, -0.29861724543774465, -0.1009933332255872, -0.2645291032990259, -0.07989015763303176, 0.11955383691114009, 0.05209047517835847, 0.24559529853584236]","[0.058603800537365525, 0.08442043432188741, 0.08847509374367012, 0.08538294098914913, 0.08912133792729038, 0.12341181662056794, 0.12604213636940304, 0.12770582487973386, 0.12910111404794386]",design columns; ordered: 5 cutpoint-transform parameters; location-scale: design columns for log scale,"[-0.9293302090396645, -0.0804096303245669, -0.20453951234224488, -0.11288606163855466, -0.1464697001532904, 0.0, 0.0, 0.0, 0.0]"
A/saturated/top75/OLS_HC3,ok,5480,0.0,0.0,43.90693532322598,43.90693532322598,"[0.13430420711974095, -0.03642492490114391, -0.07404362080052265, -0.044777180092713906, -0.08085593125767197, 0.016364779941968215, 0.05810185772021014, 0.036889752529633064, 0.06002752159460508]","[0.013738411979981931, 0.01825538301081699, 0.016771260195868363, 0.01808035940141582, 0.016621442450248464, 0.02400377385737864, 0.023176957156158043, 0.02238135342729555, 0.020705936578705272]",design columns; ordered: 5 cutpoint-transform parameters; location-scale: design columns for log scale,"[0.11559993656490154, -0.012138461007922619, -0.042086329583691816, -0.027110115083266054, -0.04116327296875907, 0.0, 0.0, 0.0, 0.0]"
A/saturated/top75/logit,ok,5480,1.5517617244692674e-09,1.5782323363841656e-09,3.776228284804182,3.818273759927418,"[-1.8634261981380027, -0.3575869158116346, -0.8834985830261632, -0.455997431910591, -1.0106850553042177, 0.08210285179070166, 0.7211957679572222, 0.307355843104885, 0.5646676390442659]","[0.11806882492097501, 0.18012666296269952, 0.2067551930229627, 0.1862727812802854, 0.21926210049015124, 0.27970691890345095, 0.30107814018392337, 0.3107030152081151, 0.34437457964672163]",design columns; ordered: 5 cutpoint-transform parameters; location-scale: design columns for log scale,"[-1.986893195245636, -0.1530893151190918, -0.651813274625289, -0.3571206241019733, -0.5984043373861723, 0.0, 0.0, 0.0, 0.0]"
A/saturated/top75/probit,ok,5480,1.75423486345411e-09,9.829521974957708e-09,14.837910925432329,14.858291632201599,"[-1.1062729246946599, -0.18745740487236728, -0.4463168373489442, -0.2374004140606486, -0.5060276815171233, 0.05135744800403723, 0.36111050603633954, 0.16772379468402893, 0.3013037424645047]","[0.06345027536555536, 0.09412589788323954, 0.10243106526197082, 0.09642066961753945, 0.10683373206402998, 0.1414267597635845, 0.1484277137287217, 0.15122149120759043, 0.16164054148457496]",design columns; ordered: 5 cutpoint-transform parameters; location-scale: design columns for log scale,"[-1.1805725837169816, -0.07251146600697123, -0.3122173213360904, -0.17599460343629103, -0.29060994415608654, 0.0, 0.0, 0.0, 0.0]"
A/endpoint/ordinal/OLS_HC3,ok,3658,0.0,0.0,62.273653318406076,62.273653318406076,"[2.935275080906149, -0.15550346589799202, -0.4711056997986568, -0.23010266711304475, 0.07971335594462117, 0.2832834437342594]","[0.06786669492103166, 0.09466380246142911, 0.0917531155449414, 0.09100879027399117, 0.12832858414516993, 0.12435961539198907]",design columns; ordered: 5 cutpoint-transform parameters; location-scale: design columns for log scale,"[2.875683432521787, -0.11734841695262321, -0.3301324974116276, -0.10701508993293249, 0.0, 0.0]"
A/endpoint/ordinal/ordered_logit,ok,3658,7.754181222761263e-10,3.008442079623671e-09,19.494813882479743,19.51634469780795,"[-0.16681865842796728, -0.5338525512356611, -0.18940656962772592, 0.049004610996800216, 0.2959816347754317, -1.0434552638721717, -0.23938314047833636, -0.05978417614539649, -0.12008413111799714, -0.42684502579740513]","[0.10806675930861613, 0.10741750316937371, 0.10170198693058599, 0.1445539339267681, 0.1447249661893466, 0.07927445395400715, 0.035445058621365724, 0.03255379786695966, 0.042226937387076495, 0.06602008155146738]",design columns; ordered: 5 cutpoint-transform parameters; location-scale: design columns for log scale,"[-0.14239490527285603, -0.38256715664756646, -0.0739584396435095, 0.0, 0.0, -0.98434091110337, -0.24023606498694947, -0.06094984889509695, -0.12094152548833603, -0.42758055389207095]"
A/endpoint/ordinal/ordered_probit,ok,3658,6.039215201918154e-09,4.5775472233571644e-09,55.610070963337286,55.601123812910096,"[-0.10852573001337248, -0.3291908617778611, -0.1389791871179985, 0.05513392574752244, 0.1835455577216856, -0.6539579021805103, -0.7180210765870734, -0.5437559228776063, -0.6801878973248373, -1.0840599807876194]","[0.06313389329603152, 0.0632083183355152, 0.06028688389656788, 0.08602366935128428, 0.08571069281604937, 0.04650684694927716, 0.035163862134431075, 0.03214505279759675, 0.04087343996535782, 0.06377041706526503]",design columns; ordered: 5 cutpoint-transform parameters; location-scale: design columns for log scale,"[-0.08188484496842709, -0.2372724873663868, -0.0591089557725803, 0.0, 0.0, -0.6145538141336164, -0.718559282279285, -0.5446025588649067, -0.6811274898569885, -1.0853995252984938]"
A/endpoint/ordinal/ordered_location_scale,ok,3658,3.693022794927341e-09,2.009718953189623e-09,41.42226586269435,44.61144096260697,"[-0.09985042606207467, -0.30188367824151013, -0.0950705110809624, 0.04038779985305207, 0.16210855540716637, -0.5816798397443385, -0.8178274432331304, -0.6427958948190644, -0.7739561964109039, -1.1667478879826236, -0.024855604612544976, -0.044284375682182964, -0.2239823443102048, 0.10165818517468643, 0.12071018865728117]","[0.060659131883239195, 0.06293376605816266, 0.055877558230446496, 0.0794841714599115, 0.08100342820697755, 0.051192605514778375, 0.05381107600760055, 0.05095834118651992, 0.0566787992849107, 0.07351162248804048, 0.059897320455779744, 0.060587768644699294, 0.0578254599868355, 0.08309209716573827, 0.0813481380794238]",design columns; ordered: 5 cutpoint-transform parameters; location-scale: design columns for log scale,"[-0.07924919360256362, -0.21625298456742795, -0.02755000844816516, 0.0, 0.0, -0.5634942822871237, -0.7785744893705786, -0.6040847748822535, -0.7364226801598036, -1.1322021505456463, 0.026539620994789518, 0.019355376025442093, -0.14731465775406424, 0.0, 0.0]"
A/endpoint/midpoint/OLS_HC3,ok,3658,0.0,0.0,62.273653318406076,62.273653318406076,"[0.25299352750809057, -0.025995158829460838, -0.07571339721493094, -0.05135559647360774, 0.019307144322523926, 0.05250606554953327]","[0.011912006955866802, 0.016347378879510606, 0.015520344013942691, 0.015523424307721965, 0.021777171726413865, 0.020576180842600465]",design columns; ordered: 5 cutpoint-transform parameters; location-scale: design columns for log scale,"[0.2412210432168892, -0.016698306425996207, -0.049620135009812646, -0.027039327196264312, 0.0, 0.0]"
A/endpoint/any_spending/OLS_HC3,ok,3658,0.0,0.0,62.273653318406076,62.273653318406076,"[0.7265372168284789, -0.0381195985576795, -0.1125307021704985, -0.0006751478629617076, 0.011756694867621445, 0.031779043299618524]","[0.017959205553496366, 0.025953689418718052, 0.02664190391742142, 0.025822452185013826, 0.03701287511192269, 0.037633863023207405]",design columns; ordered: 5 cutpoint-transform parameters; location-scale: design columns for log scale,"[0.7194005623332544, -0.03245780267201037, -0.09673844375718592, 0.014065735042691528, 0.0, 0.0]"
A/endpoint/any_spending/logit,ok,3658,2.1558311206916574e-09,4.4862289381837115e-09,12.665699678536244,12.720256319064887,"[0.9771242016340682, -0.1843922769500447, -0.5129391528351667, -0.0033955673069858013, 0.05557769887431268, 0.13682527356531962]","[0.09032005358310996, 0.1256004681901404, 0.12264147503905802, 0.12975574197933668, 0.18002654507881619, 0.1749872081406864]",design columns; ordered: 5 cutpoint-transform parameters; location-scale: design columns for log scale,"[0.9440456397765802, -0.15778421395383074, -0.44575274877663684, 0.06542716868907877, 0.0, 0.0]"
A/endpoint/any_spending/probit,ok,3658,2.5192721537469176e-09,3.7194066258349886e-09,35.19465554405433,35.254805674963464,"[0.6023734873313484, -0.11100343172507351, -0.3125966546595474, -0.0020277880033830187, 0.03361832703979289, 0.08440362304518724]","[0.05392906798047355, 0.07557737096023488, 0.07450114553235104, 0.0774883172492424, 0.10821833556514389, 0.1060978349156161]",design columns; ordered: 5 cutpoint-transform parameters; location-scale: design columns for log scale,"[0.5824440884591221, -0.09483244120499525, -0.27093528039380377, 0.03924442915060447, 0.0, 0.0]"
A/endpoint/ge10/OLS_HC3,ok,3658,0.0,0.0,62.273653318406076,62.273653318406076,"[0.5469255663430419, -0.03142801332509747, -0.11695813963294416, -0.02278763530855921, -0.010239133068316806, 0.07073818967101657]","[0.020056630065487368, 0.02847875589391652, 0.028332844663992336, 0.02887533630567392, 0.04075292355259284, 0.040361662692257494]",design columns; ordered: 5 cutpoint-transform parameters; location-scale: design columns for log scale,"[0.5368820489334036, -0.03669764003573043, -0.0815174705866889, -0.0020425769348579766, 0.0, 0.0]"
A/endpoint/ge10/logit,ok,3658,4.466410451255608e-09,7.519073811668699e-09,15.457416143850088,15.49033349958795,"[0.18825635453737444, -0.126246339891135, -0.4702403614869772, -0.09162950117163932, -0.04052610000710157, 0.2852279595212784]","[0.08087482247875932, 0.11438106551061866, 0.11487678535805368, 0.11603773554319369, 0.16341372662100248, 0.16264242623524036]",design columns; ordered: 5 cutpoint-transform parameters; location-scale: design columns for log scale,"[0.1477942619350209, -0.1470382698311255, -0.3268284680120172, -0.008207512959929145, 0.0, 0.0]"
A/endpoint/ge10/probit,ok,3658,2.2755102364678693e-10,1.918939062932572e-09,39.483114078784304,39.51907655618468,"[0.11789750958214733, -0.07904112974817747, -0.2943546046751465, -0.05735572422468649, -0.02545402900544644, 0.1784331112487682]","[0.050584721309922434, 0.07160241788856642, 0.07176698214908321, 0.07263022028473853, 0.10233161133730115, 0.10174118796714483]",design columns; ordered: 5 cutpoint-transform parameters; location-scale: design columns for log scale,"[0.09255396342870872, -0.0921114537023028, -0.20470521325699587, -0.005080173892020904, 0.0, 0.0]"
A/endpoint/ge25/OLS_HC3,ok,3658,0.0,0.0,62.273653318406076,62.273653318406076,"[0.34304207119741087, -0.026565725357280343, -0.09874239693030988, -0.06373172636982465, -0.009005053527067106, 0.062334260304616404]","[0.019127206459413168, 0.02683076797448864, 0.025836244889770932, 0.026722875884459717, 0.037106775290501916, 0.03614906710996963]",design columns; ordered: 5 cutpoint-transform parameters; location-scale: design columns for log scale,"[0.3341889266046233, -0.031200645465823143, -0.06751233536641764, -0.04544540357299787, 0.0, 0.0]"
A/endpoint/ge25/logit,ok,3658,4.9145967373469095e-09,5.614282977403369e-09,13.222687742423776,13.231879164371628,"[-0.6497669555190192, -0.12024583847973364, -0.4794822919240926, -0.2981181960651587, -0.0641545814413864, 0.29053401795816886]","[0.08480466951870619, 0.12143103393304927, 0.12660238808479768, 0.12558299419453345, 0.17999014819974196, 0.18220414780284608]",design columns; ordered: 5 cutpoint-transform parameters; location-scale: design columns for log scale,"[-0.682141135840137, -0.15004229570369465, -0.338633513607271, -0.2276411526600192, 0.0, 0.0]"
A/endpoint/ge25/probit,ok,3658,2.071448598945248e-09,5.131783578363299e-09,36.10525445286672,36.11624539039882,"[-0.404174862790369, -0.07340018846411435, -0.2883634264188166, -0.1807166026754308, -0.03603220028005272, 0.176257491555572]","[0.05198370457147177, 0.07410904671500972, 0.0758897710136378, 0.07600981279315458, 0.10818377965794136, 0.10863608493721531]",design columns; ordered: 5 cutpoint-transform parameters; location-scale: design columns for log scale,"[-0.425554703788592, -0.09067606445630284, -0.20139788032915368, -0.1351377682165868, 0.0, 0.0]"
A/endpoint/ge50/OLS_HC3,ok,3658,0.0,0.0,62.273653318406076,62.273653318406076,"[0.1844660194174757, -0.02296520375679057, -0.0688308402643812, -0.062052226314027424, 0.029098989952173703, 0.05840442886440295]","[0.015627456270518782, 0.021583574315532275, 0.02028088924309403, 0.020738359682981197, 0.028971636310941535, 0.027468670219834804]",design columns; ordered: 5 cutpoint-transform parameters; location-scale: design columns for log scale,"[0.17014785830425763, -0.008882006172056802, -0.03986665926365553, -0.03247781766982869, 0.0, 0.0]"
A/endpoint/ge50/logit,ok,3658,7.3332027315231e-09,1.1760155087764866e-09,8.027810123909127,8.048363119187984,"[-1.4863778371583134, -0.16072558347677476, -0.5480516562904586, -0.483390644231434, 0.21663173008578904, 0.44722056171011726]","[0.10379657293483527, 0.1511292682172536, 0.1634809562547056, 0.1638574018602423, 0.23204048149377188, 0.24225668704778774]",design columns; ordered: 5 cutpoint-transform parameters; location-scale: design columns for log scale,"[-1.573279251293895, -0.06972359630880731, -0.34656018886061624, -0.2759488123886256, 0.0, 0.0]"
A/endpoint/ge50/probit,ok,3658,8.493685405090779e-10,1.1049382018058328e-09,26.8298111544984,26.847298165392388,"[-0.8984756227171958, -0.08983278717684963, -0.29861724602737716, -0.26452910079381586, 0.11955386267197328, 0.24559531069598672]","[0.058603738932632626, 0.08442034638032454, 0.08847500073419147, 0.08912124409667688, 0.1260420041792047, 0.1291009777626882]",design columns; ordered: 5 cutpoint-transform parameters; location-scale: design columns for log scale,"[-0.9502787197382692, -0.03712591638717004, -0.1837324174009205, -0.14692020492718288, 0.0, 0.0]"
A/endpoint/top75/OLS_HC3,ok,3658,0.0,0.0,62.273653318406076,62.273653318406076,"[0.1343042071197411, -0.03642492490114402, -0.07404362080052282, -0.08085593125767208, 0.05810185772021027, 0.06002752159460523]","[0.01373841197998194, 0.018255383010817, 0.016771260195868373, 0.01662144245024847, 0.023176957156158046, 0.020705936578705272]",design columns; ordered: 5 cutpoint-transform parameters; location-scale: design columns for log scale,"[0.11506403634624789, -0.008110322607002151, -0.04449758843767922, -0.0411150267979396, 0.0, 0.0]"
A/endpoint/top75/logit,ok,3658,7.21498202267956e-09,5.048758926390015e-09,4.733618081444882,4.972094375111961,"[-1.8634260597722478, -0.3575875057379148, -0.8834983917089936, -1.0106859690879175, 0.7211973932715621, 0.5646679382542007]","[0.11806868907865324, 0.18012650342746334, 0.20675492884813515, 0.21926197178651916, 0.30107790275632895, 0.34437429038079204]",design columns; ordered: 5 cutpoint-transform parameters; location-scale: design columns for log scale,"[-1.9983299602311009, -0.09804871843318726, -0.688876868631092, -0.598356162503097, 0.0, 0.0]"
A/endpoint/top75/probit,ok,3658,7.828396094540452e-09,4.349052915379956e-10,19.499794443669916,19.926468903997208,"[-1.1062729001904188, -0.18745740956270385, -0.44631691894471637, -0.5060279188100795, 0.3611106723472576, 0.3013041505790713]","[0.06345020746253276, 0.09412579719405229, 0.10243096146086139, 0.10683363837185017, 0.14842757285993083, 0.1616403785145029]",design columns; ordered: 5 cutpoint-transform parameters; location-scale: design columns for log scale,"[-1.1865892565704674, -0.042694484409241625, -0.3289993065442412, -0.2911130290030981, 0.0, 0.0]"
C/trend/ordinal/OLS_HC3,ok,5171,0.0,0.0,305.53273773108515,305.53273773108515,"[2.83163702354083, -0.11953514261829153, -0.32203352084727066, -0.12693269002692073, 0.06287078330140806, 0.17661367255031116]","[0.0382967961750269, 0.05361098181802076, 0.052100287781218016, 0.046564481465264256, 0.06593875146620405, 0.06392369227787974]",design columns; ordered: 5 cutpoint-transform parameters; location-scale: design columns for log scale,"[2.8337811626324743, -0.12153279004088542, -0.32346835767945115, -0.04607482250424023, 0.0, 0.0]"
C/trend/ordinal/ordered_logit,ok,5171,7.201088354419741e-09,5.530625260241332e-09,97.06807170252075,97.16712329849975,"[-0.13992339266866008, -0.36930450319038877, -0.1047087941007889, 0.04328647871372198, 0.18814121877242235, -0.9902268118859783, -0.19927472244830063, -0.05095482813400952, -0.09776392768659431, -0.4252570314039962]","[0.061033421091407254, 0.060923476783478106, 0.052556683758710095, 0.07499356751786355, 0.07511041667989853, 0.047286192727230135, 0.02924740432894974, 0.02718425004859195, 0.035121309921925976, 0.05582149844174037]",design columns; ordered: 5 cutpoint-transform parameters; location-scale: design columns for log scale,"[-0.13975360384272012, -0.366614029059196, -0.02753303348911794, 0.0, 0.0, -0.9887956036571859, -0.20015718595519805, -0.05208098351739708, -0.0986155012943661, -0.4260030624878413]"
C/trend/ordinal/ordered_probit,ok,5171,3.3750162844093774e-09,2.076758660268677e-09,274.3223798451942,274.410618841325,"[-0.08143428288409678, -0.22778337009215469, -0.07521124451801621, 0.039377043869782254, 0.1148042702016637, -0.6102255001025381, -0.6792718145445947, -0.5343961932500598, -0.658396441512184, -1.0851371687982927]","[0.03621409517215996, 0.03604398990534335, 0.0311056117338417, 0.04452769367075126, 0.04433432963351006, 0.02805592622433506, 0.028984666216510475, 0.026845695557637144, 0.03396870769397761, 0.05393943066501527]",design columns; ordered: 5 cutpoint-transform parameters; location-scale: design columns for log scale,"[-0.08247224613983864, -0.22801607720644454, -0.023756302235006237, 0.0, 0.0, -0.6108092117430262, -0.6798217502891826, -0.5352374558492283, -0.6593873741414702, -1.0865229993434884]"
C/trend/ordinal/ordered_location_scale,ok,5171,6.616794675722255e-09,4.9177595537128565e-09,200.78449495710817,208.5176651624474,"[-0.08299453485217984, -0.22595133077531504, -0.055261847814295835, 0.02963800073260179, 0.10841998460250649, -0.6084738394309762, -0.6855589859977241, -0.5396599231999598, -0.658998425766021, -1.0767094535091295, 0.0005955497539318366, -0.014864918197214921, -0.12864610632826448, 0.07564925808761491, 0.0751571303699404]","[0.036939725393205024, 0.03783631157752763, 0.03156021916330512, 0.045009280626449585, 0.045328146450736934, 0.03182950735788043, 0.03558525315296037, 0.03312640543014069, 0.039152362813725375, 0.05705319845535243, 0.03443589102639309, 0.033986462216389644, 0.029853096064803547, 0.042308460410196466, 0.04120487709045801]",design columns; ordered: 5 cutpoint-transform parameters; location-scale: design columns for log scale,"[-0.07959712384875227, -0.21437844266723177, -0.007796300642765171, 0.0, 0.0, -0.6033789923725664, -0.6851680529671621, -0.5398088290279798, -0.6606113288739298, -1.0812169968862844, 0.0006912837531443878, -0.012860775222285186, -0.07640847876048137, 0.0, 0.0]"
C/trend/midpoint/OLS_HC3,ok,5171,0.0,0.0,305.53273773108515,305.53273773108515,"[0.22919843147450503, -0.018985230313371147, -0.050707522842119046, -0.0288947063947737, 0.015072763251138521, 0.0326220410226707]","[0.006544797441478969, 0.00910148822084138, 0.00864731229106999, 0.007966582934613968, 0.011222743599992289, 0.010608000737943872]",design columns; ordered: 5 cutpoint-transform parameters; location-scale: design columns for log scale,"[0.22962476370875493, -0.01940338000773229, -0.051011302641060546, -0.012817244138729502, 0.0, 0.0]"
C/trend/any_spending/OLS_HC3,ok,5171,0.0,0.0,305.53273773108515,305.53273773108515,"[0.7296119134602336, -0.026247115740040655, -0.08248607760340634, 0.003364825378147946, 0.0026414089798193372, 0.01926271856556375]","[0.010798924914122713, 0.015435757647440053, 0.01571213424301864, 0.013130068794395818, 0.018905670764667155, 0.019230481050295747]",design columns; ordered: 5 cutpoint-transform parameters; location-scale: design columns for log scale,"[0.7298088604567841, -0.02640508685802144, -0.08259535327776686, 0.010791915448063327, 0.0, 0.0]"
C/trend/any_spending/logit,ok,5171,7.184380778466568e-10,3.1143656448085005e-09,61.37537164914935,61.2163256774955,"[0.9926992962387752, -0.12921496303329694, -0.38530114262071435, 0.01705585960485171, 0.011732926321558864, 0.08212755775568292]","[0.05472137915370203, 0.07607230121231917, 0.07414525560216029, 0.06650838827676384, 0.09310383948774743, 0.0906663987369225]",design columns; ordered: 5 cutpoint-transform parameters; location-scale: design columns for log scale,"[0.9939558137707468, -0.1300511981036724, -0.38691381466431485, 0.05102001986563684, 0.0, 0.0]"
C/trend/any_spending/probit,ok,5171,2.3297714012189126e-09,1.5997132172615492e-09,171.256268819264,171.11443384133867,"[0.611661519500473, -0.0775059897304786, -0.23363049612681722, 0.010186779711657589, 0.007148257844882205, 0.05057673886544514]","[0.03262401844575031, 0.045608689539663176, 0.04482500948360798, 0.03972108686502766, 0.05582788911777119, 0.054789654908012915]",design columns; ordered: 5 cutpoint-transform parameters; location-scale: design columns for log scale,"[0.6123064696766528, -0.07796930542239343, -0.23433085975162188, 0.03055783960178827, 0.0, 0.0]"
C/trend/ge10/OLS_HC3,ok,5171,0.0,0.0,305.53273773108515,305.53273773108515,"[0.5358938875877978, -0.031055829833228063, -0.07687439347638111, -0.013068283633493508, -3.0196358994231667e-05, 0.045436578592260815]","[0.012124819816341177, 0.01710902026534611, 0.016983146788283634, 0.014790682298546864, 0.02094198941506865, 0.020732374847440692]",design columns; ordered: 5 cutpoint-transform parameters; location-scale: design columns for log scale,"[0.5363036316224309, -0.03133948347317475, -0.07706202880156934, 0.002383619183679149, 0.0, 0.0]"
C/trend/ge10/logit,ok,5171,6.97104944739652e-09,4.681402040980932e-09,75.96548121615233,76.00623652403581,"[0.14388950912587992, -0.12452785125554697, -0.30864751721308153, -0.05255739820025729, 0.00014651237866595345, 0.18308991575991507]","[0.0487390262217806, 0.06860486351188173, 0.06840930148728966, 0.059454159898586295, 0.08396979213055301, 0.08355463115184421]",design columns; ordered: 5 cutpoint-transform parameters; location-scale: design columns for log scale,"[0.14547247986725767, -0.12561461044681244, -0.3088709527365125, 0.009573126979369734, 0.0, 0.0]"
C/trend/ge10/probit,ok,5171,7.764190316564874e-09,4.596539525633456e-09,193.85373429003084,193.93909774663635,"[0.09012813429813223, -0.07799666639099419, -0.19326194232414687, -0.032907870411128526, 6.688850982467216e-05, 0.11456330213310277]","[0.030506222863961662, 0.04296336738605542, 0.042799183544239484, 0.03722300499576488, 0.0525912425918842, 0.05227420098535923]",design columns; ordered: 5 cutpoint-transform parameters; location-scale: design columns for log scale,"[0.09112337318226994, -0.07867983624358413, -0.19347774113052033, 0.006016374296989162, 0.0, 0.0]"
C/trend/ge25/OLS_HC3,ok,5171,0.0,0.0,305.53273773108515,305.53273773108515,"[0.3160341154036185, -0.03534306928080118, -0.0738868532893929, -0.037557914667986976, 0.0024085064624777214, 0.039985221555233846]","[0.011270638983242128, 0.01562744063600992, 0.015226125969422773, 0.013724533529442876, 0.0191149473608239, 0.018648905110845673]",design columns; ordered: 5 cutpoint-transform parameters; location-scale: design columns for log scale,"[0.31641601810405845, -0.035627293934758164, -0.07407925046105282, -0.023155939498062023, 0.0, 0.0]"
C/trend/ge25/logit,ok,5171,2.6410417276070453e-09,3.1581671034546263e-09,63.283016000837236,63.72857269430174,"[-0.775800832790165, -0.1696662332608481, -0.3651723838859732, -0.174180453837672, -0.00040688844950188005, 0.187407494403247]","[0.052497896128703314, 0.0752720558603952, 0.0765846748367283, 0.063950649779104, 0.09213696723193351, 0.09389443537281575]",design columns; ordered: 5 cutpoint-transform parameters; location-scale: design columns for log scale,"[-0.7721650695341933, -0.17033940223906818, -0.3701319582963805, -0.1156755153841979, 0.0, 0.0]"
C/trend/ge25/probit,ok,5171,4.128794286285583e-09,1.1061688170012507e-09,174.60776450018955,175.13281289749187,"[-0.4806290502139973, -0.10226186628326271, -0.21879681551887786, -0.10588767292082513, 0.001400584639493496, 0.11362999549751861]","[0.03183839086517128, 0.04532050954157844, 0.04567971996075052, 0.03882408807315347, 0.05549108933575949, 0.0559165711394374]",design columns; ordered: 5 cutpoint-transform parameters; location-scale: design columns for log scale,"[-0.4788041582207181, -0.10284203492452704, -0.22050907183480362, -0.06847757526030976, 0.0, 0.0]"
C/trend/ge50/OLS_HC3,ok,5171,0.0,0.0,305.53273773108515,305.53273773108515,"[0.1557696112298263, -0.015090323424589741, -0.0446683074192697, -0.03686599428854945, 0.024558546945806753, 0.03818997986341138]","[0.008764006625818612, 0.012132933990414664, 0.011541718651496842, 0.010593751027222894, 0.014918544396568392, 0.014147675351391121]",design columns; ordered: 5 cutpoint-transform parameters; location-scale: design columns for log scale,"[0.15632923330786902, -0.01567808050677855, -0.045101366463993105, -0.0157620239232487, 0.0, 0.0]"
C/trend/ge50/logit,ok,5171,8.865136222612185e-09,1.1425483975843452e-09,36.10233399429285,37.553113363986164,"[-1.7084508553820168, -0.10368303013288954, -0.3711367860028266, -0.2827470852399557, 0.18082195977157847, 0.29615369179719664]","[0.0682228417124469, 0.09745816045491688, 0.10213834897787769, 0.0820108263553101, 0.11958615238738936, 0.12540940966328523]",design columns; ordered: 5 cutpoint-transform parameters; location-scale: design columns for log scale,"[-1.690402117627243, -0.12386541646240863, -0.39278163166518076, -0.1350078044131613, 0.0, 0.0]"
C/trend/ge50/probit,ok,5171,1.6897478214132359e-09,1.6988880612363339e-09,124.5937880347602,126.95212564086783,"[-1.0202992498266579, -0.058038775581994384, -0.20041210843891658, -0.15604821938399174, 0.10127659092138436, 0.1629849374689494]","[0.037242744755812504, 0.05294513285538655, 0.05438840324968756, 0.045099007887681966, 0.06495477223491589, 0.06666165682769588]",design columns; ordered: 5 cutpoint-transform parameters; location-scale: design columns for log scale,"[-1.012463429919619, -0.06654591779538986, -0.2086987940376608, -0.07109996721376464, 0.0, 0.0]"
C/trend/top75/OLS_HC3,ok,5171,0.0,0.0,305.53273773108515,305.53273773108515,"[0.0943274958593537, -0.01179880433963198, -0.04411788905882061, -0.04280532281503871, 0.03329251727229846, 0.03373917397384133]","[0.00701755139889255, 0.009660843077479884, 0.008745680120094466, 0.008620104124948734, 0.0120227864943544, 0.010756396611368246]",design columns; ordered: 5 cutpoint-transform parameters; location-scale: design columns for log scale,"[0.09492341914133161, -0.012482845268152666, -0.04463035867506907, -0.020332393714671968, 0.0, 0.0]"
C/trend/top75/logit,ok,5171,3.7027088640279736e-09,4.184961688349969e-09,19.18240175648783,21.122295445247175,"[-2.3339312961611833, -0.07892730343601569, -0.6170878546314511, -0.51821936818721, 0.3923324602086806, 0.3269935369227575]","[0.08908361932097786, 0.12531058033879194, 0.14191384250246905, 0.1065831251287106, 0.1538844901667025, 0.1725095600072171]",design columns; ordered: 5 cutpoint-transform parameters; location-scale: design columns for log scale,"[-2.2801413338793792, -0.15383809920973165, -0.6853705515627992, -0.29603776776407575, 0.0, 0.0]"
C/trend/top75/probit,ok,5171,9.797345154289026e-09,7.222490268159754e-09,83.5778730336515,88.3782532478058,"[-1.3448392638087607, -0.045187269020082556, -0.3022282420457106, -0.2625190226956467, 0.20049583992771824, 0.1746584325180557]","[0.04404352812705507, 0.062083253732327995, 0.06716621411186349, 0.05342459295123884, 0.07642326428460745, 0.08203148504959729]",design columns; ordered: 5 cutpoint-transform parameters; location-scale: design columns for log scale,"[-1.3236378659287422, -0.07243933939321504, -0.3283897284945851, -0.14301477233526755, 0.0, 0.0]"
C/saturated/ordinal/OLS_HC3,ok,5171,0.0,0.0,41.80357295076915,41.80357295076915,"[2.962837837837836, -0.17947561946695179, -0.5015641717448929, -0.14025719267654557, -0.2535142546568483, 0.05464972387388233, 0.12556944303552, 0.18588007830774067, 0.3528466491699656]","[0.06970706270967708, 0.09719190699553873, 0.09432423383363664, 0.09712993284859846, 0.09298097260018622, 0.13412978134557746, 0.1317760146942123, 0.13050196167931605, 0.12776676359291503]",design columns; ordered: 5 cutpoint-transform parameters; location-scale: design columns for log scale,"[2.884560249377363, -0.12141787860600764, -0.32344633468970685, -0.06050676898545348, -0.09202187586746365, 0.0, 0.0, 0.0, 0.0]"
C/saturated/ordinal/ordered_logit,ok,5171,9.594614633721068e-10,4.302846418840925e-09,12.884183718063824,12.890156107778541,"[-0.19212056889555273, -0.5774414328972198, -0.13250862079039588, -0.2095240387882277, 0.07053998923972621, 0.08667670427340615, 0.24724393312822385, 0.37709220944065475, -1.1040749184414886, -0.19918176429808834, -0.05096393248777296, -0.0978356573376271, -0.42529030457267775]","[0.11255605088261494, 0.11237002958403391, 0.1110588108306019, 0.10514715340904768, 0.1539662602596053, 0.15006395433659106, 0.1531832263842583, 0.15039809514631133, 0.08205388353307845, 0.02925562466391129, 0.02719343854312705, 0.03513180914398357, 0.055836982177995494]",design columns; ordered: 5 cutpoint-transform parameters; location-scale: design columns for log scale,"[-0.1397627315981116, -0.36662198581791033, -0.026977191329528107, -0.05506018614897734, 0.0, 0.0, 0.0, 0.0, -1.0161456206628907, -0.20015642913888507, -0.052081531881403124, -0.0986159748628031, -0.4260039831080551]"
C/saturated/ordinal/ordered_probit,ok,5171,8.462985710146909e-09,8.534424303042448e-09,37.38786951494097,37.3708421157243,"[-0.12283451653378788, -0.3522869745090866, -0.08935186513153279, -0.1500935016138653, 0.04602148637452707, 0.0784839023483881, 0.1442200762607402, 0.22950176378236592, -0.6899772705250751, -0.6792183922231945, -0.5344225407889012, -0.6584719936846186, -1.0851503979267745]","[0.06535295920794182, 0.06562467818271671, 0.06472975597519888, 0.06211102769448286, 0.09032070349977342, 0.08897557428393604, 0.09028301335269184, 0.08867261393909077, 0.047644477334860845, 0.028993264643953725, 0.0268539160129142, 0.03397762971586461, 0.053957161500054765]",design columns; ordered: 5 cutpoint-transform parameters; location-scale: design columns for log scale,"[-0.08244212327630877, -0.22800327647113022, -0.026950696662354556, -0.04749519544406391, 0.0, 0.0, 0.0, 0.0, -0.635611265999045, -0.6798282639243619, -0.5352304703636064, -0.6593744479675454, -1.0864998053401145]"
C/saturated/ordinal/ordered_location_scale,ok,5171,9.221672898641001e-10,7.4773815214109e-09,28.636640137445774,30.89360515513081,"[-0.10880162598374979, -0.3189602147556748, -0.06879012449186686, -0.10034119350478438, 0.05039164711358117, 0.05490796067277446, 0.15326915543582986, 0.19924520037759386, -0.5965063359185684, -0.8045705912452382, -0.6589139280273347, -0.7774062763702195, -1.1945687215776808, -0.04215648575921346, -0.0462910120388533, -0.10016476608691109, -0.2563112598222923, -0.020465778862865394, 0.1493369642460406, -0.05030770432159721, 0.144110729381321]","[0.061757687521012954, 0.06474551173895743, 0.05997827034784172, 0.05651709454291303, 0.0829300488479737, 0.08071111557516499, 0.08396575715150469, 0.08260247160402716, 0.0526478771932579, 0.05122981993438053, 0.049541313545690815, 0.053533871295873635, 0.06680644594745376, 0.061228828207318044, 0.06193458308876266, 0.0604059892753228, 0.059246659291413914, 0.08480849351566132, 0.08516121673768633, 0.08538001961450817, 0.08335071061848891]",design columns; ordered: 5 cutpoint-transform parameters; location-scale: design columns for log scale,"[-0.07242712414047056, -0.1950651003826046, -0.0014460746190376563, -0.013779435763310683, 0.0, 0.0, 0.0, 0.0, -0.5546250162674236, -0.7782971316915963, -0.6329665696889567, -0.7534401481776132, -1.1736025017419272, 4.2344041803203436e-05, -0.014121587231171984, -0.12273204800887122, -0.1543945751812254, 0.0, 0.0, 0.0, 0.0]"
C/saturated/midpoint/OLS_HC3,ok,5171,0.0,0.0,41.80357295076915,41.80357295076915,"[0.25793918918918923, -0.03116275937983037, -0.08083075545424934, -0.028414099583454543, -0.05780207767182177, 0.006387237995166594, 0.030226358342036734, 0.025098769296790648, 0.06520542844866649]","[0.012265614652763601, 0.016809975506395725, 0.015975544445028075, 0.01685052911562617, 0.01589409818454058, 0.02295164607160699, 0.022417553077944425, 0.02190633409013452, 0.021190943853851004]",design columns; ordered: 5 cutpoint-transform parameters; location-scale: design columns for log scale,"[0.24414552770295553, -0.019361767993414825, -0.05100332762129398, -0.018043376457447264, -0.025588220198647274, 0.0, 0.0, 0.0, 0.0]"
C/saturated/any_spending/OLS_HC3,ok,5171,0.0,0.0,41.80357295076915,41.80357295076915,"[0.7297297297297288, -0.036488828516557124, -0.11699306880029683, -0.007507507507506698, 0.007016156924750383, 0.025838281596580102, 0.0048939187714915995, 0.06546050175048841, 0.03849634039497569]","[0.018283255589471994, 0.026535188719758213, 0.027278274765032782, 0.02636472501448314, 0.02627071263599284, 0.037691297558040876, 0.03782326690434579, 0.03856220784168715, 0.03847039612326342]",design columns; ordered: 5 cutpoint-transform parameters; location-scale: design columns for log scale,"[0.715023306231214, -0.0265026397884758, -0.08261404947792493, 0.02304377421999381, 0.02147536254272922, 0.0, 0.0, 0.0, 0.0]"
C/saturated/any_spending/logit,ok,5171,8.684156291856247e-10,4.4124895370358433e-10,8.442010897127409,8.573572245815736,"[0.9932517348259834, -0.1779368901719793, -0.534421448650415, -0.03774022769999768, 0.035871458593693374, 0.12545488331099502, 0.020762213661097154, 0.2902158718994142, 0.16079986252056777]","[0.09262692565715629, 0.12939734996102945, 0.1258802083773538, 0.1323945811313053, 0.1342460978992674, 0.18472176940644125, 0.18639695452024285, 0.18059432780605797, 0.18106572118348288]",design columns; ordered: 5 cutpoint-transform parameters; location-scale: design columns for log scale,"[0.924622202134059, -0.13053050165839358, -0.3870642010728922, 0.10840196630958854, 0.10084782055497005, 0.0, 0.0, 0.0, 0.0]"
C/saturated/any_spending/probit,ok,5171,2.1692600222181958e-09,4.154592641293319e-09,23.528156043404856,23.67225326270069,"[0.6119957886977357, -0.1069379148258967, -0.32553691127923606, -0.022539976599659065, 0.021349410378676544, 0.07546410834632053, 0.012866382228412432, 0.1778994391947014, 0.09988114975782615]","[0.05522269340195833, 0.07773899417471798, 0.07642003027793128, 0.0790736369713527, 0.07989148680358481, 0.11087128381711162, 0.11173797767351025, 0.10934619051049753, 0.109488988755366]",design columns; ordered: 5 cutpoint-transform parameters; location-scale: design columns for log scale,"[0.5706730426230701, -0.07816832477006411, -0.23428750005670357, 0.06475370508078343, 0.06058737586929187, 0.0, 0.0, 0.0, 0.0]"
C/saturated/ge10/OLS_HC3,ok,5171,0.0,0.0,41.80357295076915,41.80357295076915,"[0.5540540540540537, -0.03758958265024086, -0.12720379587849423, -0.02896444831928669, -0.025717673798112007, 0.020271997640862443, -0.0005158917442443167, 0.06073487979889972, 0.09044990720504409]","[0.02046400112680473, 0.029207622298647866, 0.029005368781242605, 0.02944965213747646, 0.029597569175599723, 0.041650467573214785, 0.0419021148785016, 0.041465411991470864, 0.04148166567637877]",design columns; ordered: 5 cutpoint-transform parameters; location-scale: design columns for log scale,"[0.5353326673093818, -0.031304976440859576, -0.07705541546478878, -0.0019501848814055297, 0.004805606471304008, 0.0, 0.0, 0.0, 0.0]"
C/saturated/ge10/logit,ok,5171,6.17871901810599e-09,7.651590772058819e-10,10.350170787181616,10.401220819328676,"[0.2170643746708548, -0.1511827679250498, -0.511778222906308, -0.11662169633048632, -0.10359723097380033, 0.08183089743452332, -0.0013658196170516334, 0.2454388292989918, 0.36463802915580973]","[0.08275614096949709, 0.11747600929051877, 0.11788174668297781, 0.11852283666934225, 0.11915345654436438, 0.16709840547216812, 0.16813530593427245, 0.16748554920133302, 0.1673102909340958]",design columns; ordered: 5 cutpoint-transform parameters; location-scale: design columns for log scale,"[0.14157505489249403, -0.12547802198175942, -0.30884954980419704, -0.00783198306398466, 0.019300589201796798, 0.0, 0.0, 0.0, 0.0]"
C/saturated/ge10/probit,ok,5171,1.9448106753382758e-09,1.9844056088284793e-09,26.46629924244304,26.52073110223234,"[0.1359106624164012, -0.09462864291140538, -0.32030959677653403, -0.07297883819136827, -0.06482206327688317, 0.05117964534942063, -0.000949901957817253, 0.15346853086805937, 0.22811989200017052]","[0.05172918176280052, 0.07351662916923028, 0.07360660342118693, 0.07416148012683307, 0.07455105701256563, 0.1046267824856016, 0.10527187210489765, 0.10471680213742196, 0.10463919646650205]",design columns; ordered: 5 cutpoint-transform parameters; location-scale: design columns for log scale,"[0.08866569896042176, -0.07859595317264667, -0.19346431200263342, -0.004884927555295857, 0.012121596016666172, 0.0, 0.0, 0.0, 0.0]"
C/saturated/ge25/OLS_HC3,ok,5171,0.0,0.0,41.80357295076915,41.80357295076915,"[0.35135135135135126, -0.034193639046325185, -0.1052239847420569, -0.030562820885401423, -0.07530016305153403, -0.008529261022387992, 0.005034102611516875, 0.013745799103693364, 0.08001454728399059]","[0.019653909205379117, 0.027620938170961326, 0.02658456782167334, 0.027895362184600304, 0.027440235626204495, 0.0387647019230797, 0.03822358660443611, 0.037474920483645806, 0.03729425481296154]",design columns; ordered: 5 cutpoint-transform parameters; location-scale: design columns for log scale,"[0.3414657996293947, -0.03558103290568894, -0.07407038444898154, -0.028965950454785973, -0.046260441713550864, 0.0, 0.0, 0.0, 0.0]"
C/saturated/ge25/logit,ok,5171,3.3931719817721823e-09,4.790685041043583e-09,9.067587338474175,9.059394946410892,"[-0.613104561153937, -0.1537601655155746, -0.5062699001524675, -0.13704579625607416, -0.351029559475736, -0.05016659497790839, 0.0026347176201953816, 0.044210923198051595, 0.37627599672492706]","[0.08616717482137416, 0.12426297241680206, 0.1292945039041536, 0.12515684938315305, 0.12879634406486076, 0.17971996713117988, 0.18486317495347743, 0.18635843233267219, 0.18669495230129304]",design columns; ordered: 5 cutpoint-transform parameters; location-scale: design columns for log scale,"[-0.6484481780373089, -0.17014030928972368, -0.3701063070573824, -0.1412650580149841, -0.23022541421193726, 0.0, 0.0, 0.0, 0.0]"
C/saturated/ge25/probit,ok,5171,6.541133827586119e-09,6.431672941067822e-10,24.53988782992367,24.530696038841104,"[-0.38167466628033836, -0.09398700542605373, -0.30505246221115706, -0.08382026309438396, -0.21293800780964972, -0.029115626509030833, 0.004295736941152249, 0.029427488291489928, 0.227821875876282]","[0.052943904438181984, 0.07592941428866411, 0.07761662224212404, 0.07652049583318718, 0.07796122999194106, 0.10910257018833866, 0.11117705722809502, 0.11134766362302181, 0.11147381890687548]",design columns; ordered: 5 cutpoint-transform parameters; location-scale: design columns for log scale,"[-0.40509524773260835, -0.10272803558018362, -0.22054632454283546, -0.084811779851224, -0.13648745457411032, 0.0, 0.0, 0.0, 0.0]"
C/saturated/ge50/OLS_HC3,ok,5171,0.0,0.0,41.80357295076915,41.80357295076915,"[0.18918918918918906, -0.029743781910159563, -0.07387077266595324, -0.026106751913203444, -0.07401551460052362, -0.005532092326102421, 0.04956122632682269, 0.0107883353899676, 0.07654221592240562]","[0.016124315815458177, 0.02220530538715752, 0.02088524644757155, 0.022482708609506435, 0.021141933977550032, 0.030524516181967023, 0.02980278953089443, 0.02893753657742529, 0.02826278407075298]",design columns; ordered: 5 cutpoint-transform parameters; location-scale: design columns for log scale,"[0.1749724009950069, -0.015607702580059007, -0.04508787840373157, -0.02460092209691811, -0.0314457951708345, 0.0, 0.0, 0.0, 0.0]"
C/saturated/ge50/logit,ok,5171,7.040616684603417e-10,6.422061530064695e-09,5.640419456054475,5.616736929261097,"[-1.4552872485338122, -0.20707300491771946, -0.5822433626866492, -0.18018252677289157, -0.5836629726927217, -0.07795055617148414, 0.3884924181769816, 0.020488568115336867, 0.6081971464036764]","[0.10502906430878217, 0.15487114074002659, 0.16712694712504755, 0.1555131385741944, 0.1702983091972319, 0.22947554802096, 0.23915117481288165, 0.24550995264554465, 0.2492472104830178]",design columns; ordered: 5 cutpoint-transform parameters; location-scale: design columns for log scale,"[-1.535171109474959, -0.12334019974698132, -0.39273455799195783, -0.20244325122665735, -0.26488145938306823, 0.0, 0.0, 0.0, 0.0]"
C/saturated/ge50/probit,ok,5171,8.727973892986271e-09,8.548846227493439e-10,18.527318202259163,18.482257922866488,"[-0.8808881866988408, -0.11585152141512864, -0.3178319472716797, -0.10097973845034046, -0.31857638228280766, -0.039101606748546444, 0.2122125613882009, 0.01814849119784202, 0.3314684393952847]","[0.05952696051190004, 0.08655471993593325, 0.09052031247413185, 0.08706696846559601, 0.09212172118584304, 0.12625952005822447, 0.12977845790263948, 0.13144591035109782, 0.132784170445802]",design columns; ordered: 5 cutpoint-transform parameters; location-scale: design columns for log scale,"[-0.929249806933298, -0.06655374103309203, -0.20900864489387566, -0.10965826050127257, -0.14029814468796253, 0.0, 0.0, 0.0, 0.0]"
C/saturated/top75/OLS_HC3,ok,5171,0.0,0.0,41.80357295076915,41.80357295076915,"[0.1385135135135135, -0.04145978734366943, -0.07827254965809176, -0.04711566405114787, -0.08549706013142937, 0.02260079798493079, 0.06659608706993347, 0.03515056226469171, 0.06734363836354977]","[0.014221443492139092, 0.018832325257363683, 0.017321218844426826, 0.018751245133059837, 0.017157205864022744, 0.024912120336043807, 0.023983298526597203, 0.022997266536391447, 0.02145335273470137]",design columns; ordered: 5 cutpoint-transform parameters; location-scale: design columns for log scale,"[0.11776607521236575, -0.012421526890924448, -0.044618606894280044, -0.028033485772338003, -0.040596607997111775, 0.0, 0.0, 0.0, 0.0]"
C/saturated/top75/logit,ok,5171,1.9906050491964884e-09,2.45166412434122e-09,3.6280552607357377,3.677533081174771,"[-1.8276913566314634, -0.4027072039535367, -0.9195793492699271, -0.46899422935471025, -1.054988070251936, 0.15106447490197902, 0.8176723326932485, 0.23492157218436135, 0.6772538366397548]","[0.11908226036839424, 0.18436811183776794, 0.2112735473102962, 0.18920477640427347, 0.22507183994401217, 0.28517702636531045, 0.3084888826216151, 0.32225094165821555, 0.3506330836077056]",design columns; ordered: 5 cutpoint-transform parameters; location-scale: design columns for log scale,"[-1.965192654571381, -0.1532868957869933, -0.6853674229162544, -0.36649763428646887, -0.5788004010217658, 0.0, 0.0, 0.0, 0.0]"
C/saturated/top75/probit,ok,5171,1.0999894744396408e-09,9.635599651460017e-09,14.224716846572163,14.265771481539396,"[-1.0870221454703322, -0.2115014720769035, -0.46573180501811695, -0.24517415575736218, -0.5292619691016419, 0.0865576830134471, 0.4101784971534795, 0.13612235984745058, 0.35505723320352006]","[0.06430763808029397, 0.09641774783469939, 0.10474255014516255, 0.09829045096991985, 0.10959158678957912, 0.1446885095438831, 0.15225015089731073, 0.15616304224097435, 0.16515610220979018]",design columns; ordered: 5 cutpoint-transform parameters; location-scale: design columns for log scale,"[-1.169414481070452, -0.07244863872589657, -0.3284787301030259, -0.18157321292336157, -0.281284536423035, 0.0, 0.0, 0.0, 0.0]"
C/endpoint/ordinal/OLS_HC3,ok,3454,0.0,0.0,59.23164986319691,59.23164986319691,"[2.9628378378378373, -0.17947561946695276, -0.5015641717448935, -0.2535142546568499, 0.12556944303552176, 0.352846649169967]","[0.06970706270967711, 0.09719190699553876, 0.09432423383363667, 0.09298097260018623, 0.1317760146942123, 0.12776676359291506]",design columns; ordered: 5 cutpoint-transform parameters; location-scale: design columns for log scale,"[2.8852518750220217, -0.11966131467531872, -0.32727401501011993, -0.09195957157236491, 0.0, 0.0]"
C/endpoint/ordinal/ordered_logit,ok,3454,3.3105776021863873e-09,9.137588790747375e-09,18.527520913421096,18.556005719979478,"[-0.19017738310095333, -0.5711223025815767, -0.2078356779463156, 0.08639803577754457, 0.3728290925830136, -1.0817695581215199, -0.22933245485372164, -0.05503292423058405, -0.11483155615156035, -0.4433227889026393]","[0.11121266387028618, 0.11110541307119134, 0.10385347808515678, 0.14830117853012742, 0.14867492076414163, 0.08206027748132252, 0.03639298849530147, 0.03334336074798128, 0.04313245947609325, 0.06800743217284794]",design columns; ordered: 5 cutpoint-transform parameters; location-scale: design columns for log scale,"[-0.14674041657884698, -0.38072455243679476, -0.05480259689902246, 0.0, 0.0, -1.0031767576793513, -0.2306497998630034, -0.05670257817340642, -0.11609262174778939, -0.4444263308699146]"
C/endpoint/ordinal/ordered_probit,ok,3454,6.3289394557659804e-09,6.990347341827533e-09,52.94010277295485,52.93074375930378,"[-0.12198741383606783, -0.34965123711255497, -0.14907006329256928, 0.07812676819353441, 0.22765086087753938, -0.6760250811542444, -0.7091925109151416, -0.5383085726923366, -0.6733690953514382, -1.0981802131426939]","[0.06483405644129374, 0.06511521108142554, 0.061569317276697885, 0.08824542532147846, 0.08797181168606003, 0.04788512763375664, 0.036086726587584605, 0.03292701544403798, 0.04175376810503327, 0.06575425610499602]",design columns; ordered: 5 cutpoint-transform parameters; location-scale: design columns for log scale,"[-0.08445633599408175, -0.2361617453044464, -0.04702513739722771, 0.0, 0.0, -0.6258706055863786, -0.7100105001032481, -0.5395545812785181, -0.6748251192920427, -1.1001853051049728]"
C/endpoint/ordinal/ordered_location_scale,ok,3454,6.36572664798656e-09,8.905384295393541e-09,39.476557874512196,43.26553494147141,"[-0.1087450963904854, -0.31866169835329194, -0.10061679275895606, 0.054938040128861665, 0.19926470606409963, -0.5945294092102545, -0.8198269668929661, -0.6486881747815888, -0.7776560370514422, -1.1904712416044592, -0.04245331061537288, -0.047132003818180675, -0.25666776508541816, 0.1495786161141737, 0.1445149320547413]","[0.061713854896088244, 0.06465907366422734, 0.05647481437088718, 0.08064226377522525, 0.08249580532441071, 0.05263999082490459, 0.0549747541011962, 0.05208097928177961, 0.05789589602180881, 0.07555048757806115, 0.06122922353120928, 0.06197835857162727, 0.05926739569382997, 0.0851911863944296, 0.08339476377288724]",design columns; ordered: 5 cutpoint-transform parameters; location-scale: design columns for log scale,"[-0.08057839914871466, -0.21342405504077006, -0.016363656277698334, 0.0, 0.0, -0.5733288171629662, -0.7689000206999334, -0.5984627493604301, -0.729547781717319, -1.1467391915888614, 0.03254148495652868, 0.028080222166397672, -0.15591940136650556, 0.0, 0.0]"
C/endpoint/midpoint/OLS_HC3,ok,3454,0.0,0.0,59.23164986319691,59.23164986319691,"[0.257939189189189, -0.031162759379830162, -0.08083075545424924, -0.05780207767182143, 0.03022635834203634, 0.0652054284486662]","[0.012265614652763603, 0.01680997550639573, 0.015975544445028078, 0.01589409818454058, 0.022417553077944425, 0.021190943853851004]",design columns; ordered: 5 cutpoint-transform parameters; location-scale: design columns for log scale,"[0.24248800802878553, -0.016673184646837768, -0.04868087178855316, -0.025628594414601098, 0.0, 0.0]"
C/endpoint/any_spending/OLS_HC3,ok,3454,0.0,0.0,59.23164986319691,59.23164986319691,"[0.7297297297297299, -0.03648882851655812, -0.11699306880029785, 0.007016156924749231, 0.004893918771492988, 0.03849634039497721]","[0.018283255589472, 0.02653518871975822, 0.027278274765032785, 0.02627071263599284, 0.03782326690434579, 0.03847039612326342]",design columns; ordered: 5 cutpoint-transform parameters; location-scale: design columns for log scale,"[0.7226613698872382, -0.03427229058741985, -0.09790410608214398, 0.02173436873571422, 0.0, 0.0]"
C/endpoint/any_spending/logit,ok,3454,3.5120842845938974e-09,6.492123156378519e-10,11.909222350982096,11.954653600977519,"[0.9932518082904261, -0.17793693778206887, -0.5344214830054322, 0.03587146972214556, 0.02076213591560973, 0.16079979972063047]","[0.09262677292962972, 0.1293971351046668, 0.12587999938334193, 0.1342458769912142, 0.18639664414099386, 0.18106542040389348]",design columns; ordered: 5 cutpoint-transform parameters; location-scale: design columns for log scale,"[0.961917001570313, -0.16875957589839227, -0.4563009606828893, 0.10222982975369502, 0.0, 0.0]"
C/endpoint/any_spending/probit,ok,3454,3.418282246591727e-09,3.919434303201212e-09,33.251815367759455,33.30369451348761,"[0.6119958043163622, -0.10693791142808018, -0.325536930456894, 0.02134942163301261, 0.012866340581451717, 0.09988114525315288]","[0.055222600874216536, 0.07773886391834706, 0.07641990194772198, 0.07989135317517995, 0.11173779029118203, 0.10948880511489109]",design columns; ordered: 5 cutpoint-transform parameters; location-scale: design columns for log scale,"[0.592965911375872, -0.10117394423753195, -0.27660109441676795, 0.061303984143751586, 0.0, 0.0]"
C/endpoint/ge10/OLS_HC3,ok,3454,0.0,0.0,59.23164986319691,59.23164986319691,"[0.5540540540540541, -0.03758958265024125, -0.1272037958784947, -0.0257176737981126, -0.0005158917442436762, 0.09044990720504491]","[0.020464001126804736, 0.029207622298647873, 0.029005368781242616, 0.02959756917559972, 0.0419021148785016, 0.04148166567637877]",design columns; ordered: 5 cutpoint-transform parameters; location-scale: design columns for log scale,"[0.5393516771376624, -0.038261137950603825, -0.08225259620208387, 0.004896599159419702, 0.0, 0.0]"
C/endpoint/ge10/logit,ok,3454,6.482795788445619e-09,1.8500307682249535e-09,14.674865767103007,14.719078782613357,"[0.21706451149146294, -0.1511827787038295, -0.5117782727442071, -0.10359733354348513, -0.0013657369885164859, 0.364637933478342]","[0.08275600294609292, 0.11747581272746829, 0.1178815484330062, 0.11915325702336681, 0.16813502379752135, 0.16731000965514656]",design columns; ordered: 5 cutpoint-transform parameters; location-scale: design columns for log scale,"[0.15775615780119837, -0.15343769470022373, -0.32976278442193574, 0.019676027916129105, 0.0, 0.0]"
C/endpoint/ge10/probit,ok,3454,6.187346851560823e-09,7.153930033323511e-09,37.51434140474509,37.564462661078174,"[0.13591060626865348, -0.09462849515764851, -0.3203095115996916, -0.06482200533290358, -0.0009501007838710337, 0.22811979450805694]","[0.051729094436257055, 0.07351650537158477, 0.07360647922476897, 0.07455093137790171, 0.1052716949322019, 0.10463902016420852]",design columns; ordered: 5 cutpoint-transform parameters; location-scale: design columns for log scale,"[0.09878895507467227, -0.09609406462829687, -0.20655384634769153, 0.012351744172203763, 0.0, 0.0]"
C/endpoint/ge25/OLS_HC3,ok,3454,0.0,0.0,59.23164986319691,59.23164986319691,"[0.35135135135135126, -0.03419363904632518, -0.105223984742057, -0.07530016305153393, 0.005034102611516756, 0.08001454728399056]","[0.01965390920537912, 0.02762093817096133, 0.026584567821673347, 0.02744023562620449, 0.03822358660443611, 0.037294254812961544]",design columns; ordered: 5 cutpoint-transform parameters; location-scale: design columns for log scale,"[0.3374745421412908, -0.032100873213650814, -0.06550472444575299, -0.046404942411207045, 0.0, 0.0]"
C/endpoint/ge25/logit,ok,3454,4.868901088006843e-09,5.489971562988653e-09,12.638255312507898,12.650292347116096,"[-0.6131045149657172, -0.1537602815855964, -0.5062697841836099, -0.3510298758044354, 0.002635097711402713, 0.37627622746936384]","[0.08616702864904582, 0.12426276415469051, 0.12929427963904003, 0.1287961351648392, 0.18486287061118065, 0.18669463762072086]",design columns; ordered: 5 cutpoint-transform parameters; location-scale: design columns for log scale,"[-0.6676282536209042, -0.1536324805194142, -0.32564910856651175, -0.23072887678433865, 0.0, 0.0]"
C/endpoint/ge25/probit,ok,3454,1.441856971590569e-09,5.218091257677032e-09,34.4416455143235,34.458321911444486,"[-0.3816746602383954, -0.09398701899045964, -0.3050524179826765, -0.21293804978416933, 0.004295865554753128, 0.22782189518703913]","[0.05294381526672682, 0.07592928657074445, 0.07761649051949274, 0.07796109941758889, 0.11117686945064553, 0.11147363063236128]",design columns; ordered: 5 cutpoint-transform parameters; location-scale: design columns for log scale,"[-0.41685624813333233, -0.09275725402935628, -0.19374957910852664, -0.13701749837725183, 0.0, 0.0]"
C/endpoint/ge50/OLS_HC3,ok,3454,0.0,0.0,59.23164986319691,59.23164986319691,"[0.18918918918918912, -0.029743781910159636, -0.07387077266595335, -0.07401551460052369, 0.04956122632682277, 0.07654221592240576]","[0.016124315815458184, 0.022205305387157526, 0.020885246447571556, 0.02114193397755003, 0.029802789530894425, 0.028262784070752982]",design columns; ordered: 5 cutpoint-transform parameters; location-scale: design columns for log scale,"[0.16881889965201702, -0.005844941003321579, -0.03624878387627068, -0.03159913474158579, 0.0, 0.0]"
C/endpoint/ge50/logit,ok,3454,3.18259602651787e-09,1.0348688453175363e-09,7.584929660714996,7.646583085337165,"[-1.4552872321181098, -0.20707310947990984, -0.5822434620026369, -0.583663019179096, 0.388492524689848, 0.6081972939248318]","[0.10502888651659145, 0.15487088445388222, 0.16712667169506326, 0.17029802443526254, 0.23915077826065864, 0.2492467957400163]",design columns; ordered: 5 cutpoint-transform parameters; location-scale: design columns for log scale,"[-1.5846492834745343, -0.04558828593421961, -0.312708515303678, -0.26603901046765766, 0.0, 0.0]"
C/endpoint/ge50/probit,ok,3454,4.5093908045323974e-10,9.676790530172038e-10,25.43825947584741,25.520583596731502,"[-0.8808881259966455, -0.11585170024386678, -0.31783188607780566, -0.318576456919772, 0.21221282400008754, 0.3314684825713535]","[0.059526857948243105, 0.08655457674069857, 0.09052015275184248, 0.09212156532343875, 0.12977823964000823, 0.13278393963775503]",design columns; ordered: 5 cutpoint-transform parameters; location-scale: design columns for log scale,"[-0.9569640390734325, -0.023218195667728175, -0.16516280032844738, -0.1415893992767552, 0.0, 0.0]"
C/endpoint/top75/OLS_HC3,ok,3454,0.0,0.0,59.23164986319691,59.23164986319691,"[0.13851351351351346, -0.041459787343669424, -0.07827254965809179, -0.08549706013142938, 0.06659608706993346, 0.06734363836354978]","[0.014221443492139097, 0.01883232525736369, 0.017321218844426826, 0.01715720586402274, 0.023983298526597207, 0.02145335273470137]",design columns; ordered: 5 cutpoint-transform parameters; location-scale: design columns for log scale,"[0.11694538620381394, -0.00918207192032324, -0.04536380440386903, -0.04058646231470585, 0.0, 0.0]"
C/endpoint/top75/logit,ok,3454,5.6134545507045284e-09,2.0948692725821453e-09,4.5340403924681825,4.818431270911948,"[-1.8276914399755793, -0.4027070350453771, -0.9195795406772385, -1.0549884299780996, 0.8176726582645154, 0.6772547518555057]","[0.1190820671790306, 0.18436779884350285, 0.21127323071742055, 0.2250715292293301, 0.308488405267459, 0.35063252760977215]",design columns; ordered: 5 cutpoint-transform parameters; location-scale: design columns for log scale,"[-1.9810741566072387, -0.10901670955368417, -0.6857857156748588, -0.5790457655994575, 0.0, 0.0]"
C/endpoint/top75/probit,ok,3454,6.860513376463995e-09,4.907878730583424e-10,18.64290569969763,19.163824913167616,"[-1.0870221325753433, -0.2115014419666975, -0.4657318545319412, -0.5292621878446147, 0.4101786242622312, 0.3550576024134191]","[0.06430752918454054, 0.09641758279190554, 0.10474237646504936, 0.10959142133716537, 0.15224990903104646, 0.1651558305704351]",design columns; ordered: 5 cutpoint-transform parameters; location-scale: design columns for log scale,"[-1.1781105771543887, -0.04778603129615046, -0.3279027464000192, -0.2818920919180964, 0.0, 0.0]"
Q1/trend/ordinal/OLS_HC3,ok,2715,0.0,0.0,158.84026434403833,158.84026434403833,"[2.841480540258894, -0.1134023045014776, -0.38739221789714257, -0.08806615130425685, -0.004554396521069168, 0.08148320208893899]","[0.05619344006733004, 0.07772847592626995, 0.07428456225674523, 0.06880777689087433, 0.09539557389492725, 0.09134553981895073]",design columns; ordered: 5 cutpoint-transform parameters; location-scale: design columns for log scale,"[2.8419965773196, -0.11204440951732615, -0.38685271693053774, -0.0613536446324316, 0.0, 0.0]"
Q1/trend/ordinal/ordered_logit,ok,2715,1.2588325240398758e-09,3.730849772603449e-09,49.546086018331955,49.55610894535215,"[-0.11559418261438965, -0.4053725511761248, -0.055721659011913505, -0.03895644114751094, 0.07052000247218582, -0.8875947401026605, -0.2868139375488533, -0.11856099903181963, -0.13731568225602087, -0.5820988014440177]","[0.08602975666055843, 0.08496901104597183, 0.07639747119028556, 0.10583909414184653, 0.1052309568211523, 0.06706646042966664, 0.04206143954127171, 0.039007646934264714, 0.048833932752498886, 0.07996764016917308]",design columns; ordered: 5 cutpoint-transform parameters; location-scale: design columns for log scale,"[-0.11292167533073053, -0.40337310705802654, -0.04467165088942307, 0.0, 0.0, -0.8868247709258325, -0.2873123286435136, -0.11925203269040976, -0.13754851725942424, -0.5822007119339008]"
Q1/trend/ordinal/ordered_probit,ok,2715,9.379433915774774e-09,7.598736401225557e-09,140.59290600965502,140.59981251515345,"[-0.06818307633093869, -0.2571631591078136, -0.043877890613316504, -0.012064123309971416, 0.0414882447667005, -0.5504495844575714, -0.7634619312344111, -0.6015924454347005, -0.6920328208263695, -1.2254042715937532]","[0.050965255062473604, 0.050206017713972664, 0.04501643016101729, 0.06279856056650239, 0.062129361273970625, 0.03955975370915359, 0.04176503289919632, 0.03857389084074077, 0.04736585065394216, 0.07777003913639051]",design columns; ordered: 5 cutpoint-transform parameters; location-scale: design columns for log scale,"[-0.06694841495007746, -0.2566034025753307, -0.0338290508734384, 0.0, 0.0, -0.5503670800508201, -0.7637066663067376, -0.6020018064396419, -0.6921551141881248, -1.2255213720027887]"
Q1/trend/ordinal/ordered_location_scale,ok,2715,9.851172719473212e-09,1.79685915093281e-09,95.97343685215044,100.80150813677216,"[-0.05693059910018052, -0.2250487245788926, -0.01863889158435217, -0.027013952509507375, 0.02976274785319805, -0.5173545845739179, -0.814755646848134, -0.6499254071359138, -0.7327000289224184, -1.254376460247851, -0.047895134861308974, -0.0949456061000857, -0.16239859546635654, 0.11755764661977712, 0.10995712993825119]","[0.05054814652075019, 0.051558606714668845, 0.04480017802293963, 0.06139866107052448, 0.061065342118786246, 0.04401722832613399, 0.051951091161610834, 0.048014204012217655, 0.05538536390076289, 0.08222939330734837, 0.04984379607934142, 0.04899190951344988, 0.04426329558691855, 0.06110585785839342, 0.05918715370790813]",design columns; ordered: 5 cutpoint-transform parameters; location-scale: design columns for log scale,"[-0.05746363391935012, -0.2213259120608905, -0.015087043433298992, 0.0, 0.0, -0.5181391484280603, -0.8118405472352964, -0.6467056483963011, -0.7298806810806246, -1.2536697250669526, -0.04537105074106396, -0.0898561099902443, -0.08306241540509006, 0.0, 0.0]"
Q1/trend/midpoint/OLS_HC3,ok,2715,0.0,0.0,158.84026434403833,158.84026434403833,"[0.2386715988308465, -0.021637108150878, -0.06673218021204924, -0.024646648756176493, 0.007481391397873055, 0.019567927091920415]","[0.009651208779989368, 0.0132922318799732, 0.012346991653613732, 0.011845799107401668, 0.01633124736693069, 0.01519261502960276]",design columns; ordered: 5 cutpoint-transform parameters; location-scale: design columns for log scale,"[0.23885065754898868, -0.02170903407651055, -0.06671275703103823, -0.015377726875873693, 0.0, 0.0]"
Q1/trend/any_spending/OLS_HC3,ok,2715,0.0,0.0,158.84026434403833,158.84026434403833,"[0.6993207055984162, -0.009244570129789301, -0.0784215315084718, 0.023660054506257376, -0.02813046085379683, -0.01920608784004129]","[0.015477285139954038, 0.02189460172383499, 0.022199092554426175, 0.01902099068428206, 0.026867818612328242, 0.0272455990097408]",design columns; ordered: 5 cutpoint-transform parameters; location-scale: design columns for log scale,"[0.6990113043350551, -0.008209111869048607, -0.0781736081936817, 0.007643989108737353, 0.0, 0.0]"
Q1/trend/any_spending/logit,ok,2715,1.7350880344522955e-09,7.200309688363478e-10,33.535873862893496,33.75113026594526,"[0.8457512176224025, -0.04521966957337231, -0.3523553289228822, 0.1126350382006213, -0.13354065946636864, -0.09371186080002195]","[0.07376587013596446, 0.10328729502259358, 0.10001208819889294, 0.09061515101623242, 0.12670815885922404, 0.122713054376259]",design columns; ordered: 5 cutpoint-transform parameters; location-scale: design columns for log scale,"[0.842723223795216, -0.03875837680630061, -0.3495623690921315, 0.0347272509403431, 0.0, 0.0]"
Q1/trend/any_spending/probit,ok,2715,2.3609394006003844e-09,5.628456680552697e-09,91.94844119876306,92.18113812497398,"[0.523246932774406, -0.027151330678212755, -0.21538920338207893, 0.06794157845614665, -0.08056543011110733, -0.05628199379925824]","[0.04452466650022203, 0.062482152896649316, 0.061058077789823535, 0.05462525217725167, 0.07644901834961479, 0.0747230057131479]",design columns; ordered: 5 cutpoint-transform parameters; location-scale: design columns for log scale,"[0.5217139346536851, -0.02360472521711725, -0.2140206862656169, 0.021235746318054253, 0.0, 0.0]"
Q1/trend/ge10/OLS_HC3,ok,2715,0.0,0.0,158.84026434403833,158.84026434403833,"[0.5227235308587931, -0.021509301402242775, -0.07784390285625177, -0.0001936967212956066, -0.02584295623515257, 0.026995221478321254]","[0.016880703199954543, 0.023761492296419412, 0.023453215375173777, 0.020673499851174625, 0.028968780061043774, 0.02858370333483699]",design columns; ordered: 5 cutpoint-transform parameters; location-scale: design columns for log scale,"[0.5227380357465706, -0.019929949393039333, -0.07735262739701008, 0.0005571445283635013, 0.0, 0.0]"
Q1/trend/ge10/logit,ok,2715,8.40779978088979e-09,3.289824483877566e-09,39.577456147533454,39.59793763720296,"[0.09095681991120451, -0.086090958206025, -0.3127794219378204, -0.0007763112241164012, -0.10346556588581685, 0.10940351419423747]","[0.06758330158915694, 0.09512158593859113, 0.09446994101964412, 0.08272110044464628, 0.11595417538681026, 0.1151108693408817]",design columns; ordered: 5 cutpoint-transform parameters; location-scale: design columns for log scale,"[0.0910151292474325, -0.07978199685921938, -0.31034844692749675, 0.002239345484539935, 0.0, 0.0]"
Q1/trend/ge10/probit,ok,2715,7.89866991636879e-09,2.211932572197865e-09,100.91096477062736,100.94274546857092,"[0.05699025611512563, -0.05394731355422873, -0.19582286538923446, -0.0004864045488112824, -0.0648244162938789, 0.0684033440150184]","[0.042332776157478616, 0.059584501399903386, 0.05909733193312148, 0.05182221968711423, 0.07263228071023324, 0.07202888693185783]",design columns; ordered: 5 cutpoint-transform parameters; location-scale: design columns for log scale,"[0.05702790759079407, -0.04998530679578704, -0.19436037547541138, 0.001460657445991435, 0.0, 0.0]"
Q1/trend/ge25/OLS_HC3,ok,2715,0.0,0.0,158.84026434403833,158.84026434403833,"[0.3298790751368952, -0.043517825465065205, -0.09402160207021402, -0.04155375761954478, 0.004729423440261803, 0.02539376627064848]","[0.01583645982432663, 0.02185882827670266, 0.02108749801428101, 0.019167156861036237, 0.026554400493531156, 0.02567730177814388]",design columns; ordered: 5 cutpoint-transform parameters; location-scale: design columns for log scale,"[0.33007942891158043, -0.043380045097628404, -0.09393244276467487, -0.031182503400542298, 0.0, 0.0]"
Q1/trend/ge25/logit,ok,2715,2.295848008205624e-09,3.888681866958823e-09,33.39811920194784,33.53038121768437,"[-0.7127632692850254, -0.20507758074933638, -0.4642073475841963, -0.1885383598902675, 0.007957765419236937, 0.0987769661896947]","[0.07210293701234319, 0.10366088608658876, 0.10566676211984316, 0.08732909211050308, 0.12591032063351265, 0.1288870598797746]",design columns; ordered: 5 cutpoint-transform parameters; location-scale: design columns for log scale,"[-0.7108185565888182, -0.2042703765712272, -0.46776093686477666, -0.15511181364121746, 0.0, 0.0]"
Q1/trend/ge25/probit,ok,2715,7.003339563438451e-09,1.981658241470834e-09,91.3395332670638,91.50373308369873,"[-0.4422633961868743, -0.1239997445814508, -0.27809643009943064, -0.11558694089027698, 0.007378324338712597, 0.06329021493804994]","[0.04393737148550671, 0.06260370030672399, 0.06303139932158337, 0.05346661206485022, 0.07616368547959372, 0.07686105864961304]",design columns; ordered: 5 cutpoint-transform parameters; location-scale: design columns for log scale,"[-0.4412588441740038, -0.12360344124033491, -0.2792759287647167, -0.09241220602355793, 0.0, 0.0]"
Q1/trend/ge50/OLS_HC3,ok,2715,0.0,0.0,158.84026434403833,158.84026434403833,"[0.17674632121502074, -0.024147213837756355, -0.07592716983422347, -0.027249254751864824, 0.017838064879924096, 0.01807773310382957]","[0.012853015421338179, 0.017597001678308334, 0.016212128949255222, 0.015426847277453151, 0.021332328581485517, 0.01975552837825534]",design columns; ordered: 5 cutpoint-transform parameters; location-scale: design columns for log scale,"[0.17698199563025893, -0.02472081965912184, -0.07604956149392574, -0.015049637963065026, 0.0, 0.0]"
Q1/trend/ge50/logit,ok,2715,1.253923650732035e-09,9.685368700708103e-09,20.788520983948775,21.03322493066376,"[-1.546153737537901, -0.16945225087504573, -0.6447833117468365, -0.187941695293691, 0.11516681005992911, 0.08658871881588556]","[0.08913287704209726, 0.12899703929491213, 0.14082381274135725, 0.10671543985804617, 0.15620149187346197, 0.17296222844734882]",design columns; ordered: 5 cutpoint-transform parameters; location-scale: design columns for log scale,"[-1.5406723200245112, -0.18041818203948026, -0.6512342245550381, -0.1244905995030548, 0.0, 0.0]"
Q1/trend/ge50/probit,ok,2715,6.548364009255744e-09,6.849319399351139e-10,68.88632140108012,69.2661064346189,"[-0.9313623869698878, -0.09452749688194938, -0.34669300688901955, -0.10623110995857264, 0.06646574218630193, 0.054739501578491126]","[0.049844007276509325, 0.0713634604547102, 0.07492071094945996, 0.06022620743418647, 0.08664086821605754, 0.09169023216290746]",design columns; ordered: 5 cutpoint-transform parameters; location-scale: design columns for log scale,"[-0.9288795165769109, -0.0993422465164267, -0.34947335077614083, -0.06693575477718507, 0.0, 0.0]"
Q1/trend/top75/OLS_HC3,ok,2715,0.0,0.0,158.84026434403833,158.84026434403833,"[0.11281090744976958, -0.014983393666624384, -0.0611780116279823, -0.042729496717809054, 0.026851532247694414, 0.030222569076181025]","[0.010594013194024126, 0.014496240818506374, 0.012846603687919091, 0.013307790869245668, 0.01807688994777845, 0.01599434181454906]",design columns; ordered: 5 cutpoint-transform parameters; location-scale: design columns for log scale,"[0.11318581269613552, -0.015804483498488394, -0.061344477081246164, -0.023322636905925127, 0.0, 0.0]"
Q1/trend/top75/logit,ok,2715,4.060718179062998e-09,2.350819196028335e-09,11.962477947920481,12.568709433257181,"[-2.111192076050181, -0.11925560762197113, -0.819602517001904, -0.43701072793725015, 0.25665440009261564, 0.17868678283658992]","[0.11209141461127983, 0.15990643070659208, 0.18775390392690722, 0.1385107765122807, 0.19692918646303595, 0.22938043694726287]",design columns; ordered: 5 cutpoint-transform parameters; location-scale: design columns for log scale,"[-2.0831397563750294, -0.17007956409536465, -0.8540460546456069, -0.3010203892267613, 0.0, 0.0]"
Q1/trend/top75/probit,ok,2715,1.886616874756363e-09,3.3711206918668927e-09,49.62087174319563,50.9401545992303,"[-1.232239664675241, -0.0654357486167703, -0.40482925439033923, -0.225938265330168, 0.13431861940436476, 0.1067126610451555]","[0.05737907889187028, 0.0815667540077518, 0.08991931221055736, 0.0710369585099164, 0.10038779967070911, 0.11017557677939117]",design columns; ordered: 5 cutpoint-transform parameters; location-scale: design columns for log scale,"[-1.2212329370134352, -0.08430720284794295, -0.4187818034678303, -0.14925206373819766, 0.0, 0.0]"
Q1/saturated/ordinal/OLS_HC3,ok,2715,0.0,0.0,21.705794775208812,21.705794775208812,"[2.9139072847682095, -0.09709046795139281, -0.46260858346950695, -0.04018714824943823, -0.17706517950505243, -0.039605447114091794, -0.00892726455190794, 0.06222178028406862, 0.16441678495481557]","[0.10335171672052539, 0.13833114597747495, 0.13645827317464476, 0.1423225066911585, 0.1374952191447671, 0.19292889455471757, 0.19072814049710243, 0.18697554583030015, 0.18270015683780672]",design columns; ordered: 5 cutpoint-transform parameters; location-scale: design columns for log scale,"[2.89421533437737, -0.1117109392617028, -0.38651077124582117, -0.033401623696668784, -0.12323795968056936, 0.0, 0.0, 0.0, 0.0]"
Q1/saturated/ordinal/ordered_logit,ok,2715,7.62142410078581e-09,3.8000525559885026e-09,6.526412010639679,6.5285328144323564,"[-0.06967143485119007, -0.48699744843137704, 0.002279242244391011, -0.11019985323567834, -0.056589604737959605, -0.08116357107292513, 0.1014206928266544, 0.1424317492313801, -0.9238668305454472, -0.2864203678822145, -0.11852102930367227, -0.13726527213745857, -0.582152277584216]","[0.15765647521698786, 0.160492348718322, 0.1619826637098432, 0.15329924194673467, 0.21570467740643423, 0.2121237277947671, 0.21535729333669099, 0.21133779697848112, 0.12154911969076738, 0.04208386423844184, 0.03903127541965634, 0.04887196778200807, 0.08004165125113415]",design columns; ordered: 5 cutpoint-transform parameters; location-scale: design columns for log scale,"[-0.11283112434517707, -0.4036317190127657, 0.015800441591042116, -0.08933418926730272, 0.0, 0.0, 0.0, 0.0, -0.9116202997085481, -0.28699785841108466, -0.11920981677088881, -0.13744841591045154, -0.5822314145878599]"
Q1/saturated/ordinal/ordered_probit,ok,2715,1.2644123554597863e-09,3.492321602766382e-09,19.090583416051363,19.08900497717822,"[-0.053904263496500265, -0.3057946082178271, -0.018330661097842534, -0.08803669569276082, -0.01711008652419542, -0.025079641474733638, 0.06284157090478425, 0.08421766690906667, -0.5859192945146029, -0.7631801585433808, -0.6016252499491215, -0.6921537424386881, -1.2256420662973586]","[0.09119708731128146, 0.09303762946080296, 0.09270089283749476, 0.09007509154621071, 0.12602103959331198, 0.12571892226211476, 0.12605019081644325, 0.12453723335281078, 0.06962763180791842, 0.04178812279022122, 0.038595495706558194, 0.04740719267437111, 0.07782185952690301]",design columns; ordered: 5 cutpoint-transform parameters; location-scale: design columns for log scale,"[-0.06661515597989191, -0.25631743134894797, -0.003975347667499489, -0.06815341406052493, 0.0, 0.0, 0.0, 0.0, -0.5744153248689912, -0.7634869121054101, -0.6020105780696168, -0.692181910324695, -1.2257361696251354]"
Q1/saturated/ordinal/ordered_location_scale,ok,2715,3.024499536679494e-09,3.0891535187044108e-09,13.63656703988531,14.367770682084927,"[-0.023809843491227715, -0.22906256256679597, 0.011547420865059988, -0.026337141013985408, -0.02067912019899422, -0.051539138641701794, 0.06477227506738342, 0.050919282604150504, -0.43990301899889356, -0.9872367293701366, -0.8232718327145574, -0.9050767820884699, -1.4265903248699288, -0.1467927208211223, -0.16617488512812265, -0.1900884735173708, -0.32734173134537836, 0.05232954029103877, 0.24140890190621855, -0.006974755424378453, 0.21615844562345393]","[0.08108203612641936, 0.0864793642127263, 0.08138406445888083, 0.07761880160947963, 0.10708302435360477, 0.10574974171848588, 0.10832588092350526, 0.10723522171563199, 0.07316940739955916, 0.07752458554560632, 0.07542362674553435, 0.08081620623361259, 0.09908086718948692, 0.0899746513462599, 0.09115684085848978, 0.08813595130142249, 0.08988090909303292, 0.1222994578744039, 0.1250821529659127, 0.12276073525307034, 0.12202559566418522]",design columns; ordered: 5 cutpoint-transform parameters; location-scale: design columns for log scale,"[-0.05111595693740464, -0.1966278705150326, 0.028467930615073418, -0.023544039187589155, 0.0, 0.0, 0.0, 0.0, -0.45944652638417677, -0.9267596015395162, -0.7624438125581533, -0.8452632249176035, -1.368001143145015, -0.048194591889365854, -0.09392714993617915, -0.17089967970881834, -0.16855153266065728, 0.0, 0.0, 0.0, 0.0]"
Q1/saturated/midpoint/OLS_HC3,ok,2715,0.0,0.0,21.705794775208812,21.705794775208812,"[0.2603476821192049, -0.024762096533619313, -0.08153274705426976, -0.015552460276201455, -0.04947048913674872, -0.006192294859557186, 0.015408201042202543, 0.0049875252112662714, 0.03921383628040253]","[0.01804893175262841, 0.023955549468571362, 0.023075725939014607, 0.02461406320077797, 0.023663005834838352, 0.033185200778889014, 0.03263929461577262, 0.03135367744158852, 0.030382415577706413]",design columns; ordered: 5 cutpoint-transform parameters; location-scale: design columns for log scale,"[0.2544342671900687, -0.021716549853555495, -0.06672046382792482, -0.0160077115709587, -0.03074349346305126, 0.0, 0.0, 0.0, 0.0]"
Q1/saturated/any_spending/OLS_HC3,ok,2715,0.0,0.0,21.705794775208812,21.705794775208812,"[0.6721854304635757, 0.012499254221108964, -0.07478283306097828, 0.03429921117464951, 0.04711281515045941, -0.006181127693244388, -0.05796237438711545, 0.028298191422752986, -0.03715344936287294]","[0.027101644809843638, 0.03723887241056815, 0.03899333454273125, 0.03804053335600159, 0.03805190039460024, 0.05303395765974615, 0.053792246631627884, 0.05464498949263234, 0.054497249310143596]",design columns; ordered: 5 cutpoint-transform parameters; location-scale: design columns for log scale,"[0.6803283581880964, -0.007806133310717743, -0.07776038759385052, 0.0414223093912149, 0.014646695238067107, 0.0, 0.0, 0.0, 0.0]"
Q1/saturated/any_spending/logit,ok,2715,1.4575478430094287e-09,8.018443234376824e-09,4.743135713307394,4.714402460572918,"[0.7180861038088889, 0.057299252901336174, -0.3234319982450779, 0.16028544219723195, 0.22289713568466796, -0.026635274844214244, -0.27270006574898026, 0.10835469924312198, -0.18131442357153166]","[0.12278883314237792, 0.17039112621156197, 0.16917828972737478, 0.17773762732026072, 0.1803134579206187, 0.25001096101508014, 0.25066188589608546, 0.24502794167433253, 0.24282282888981652]",design columns; ordered: 5 cutpoint-transform parameters; location-scale: design columns for log scale,"[0.7588478476665165, -0.03696569501547349, -0.34809533234501205, 0.18927309824924454, 0.06567529790348875, 0.0, 0.0, 0.0, 0.0]"
Q1/saturated/any_spending/probit,ok,2715,8.565506720928133e-09,3.9911835529192285e-09,12.790688838268219,12.764920495301924,"[0.4459558421700736, 0.03488364832331149, -0.1993261754552441, 0.09718805819857305, 0.1348021845734175, -0.016436323604158108, -0.16511362567748764, 0.06864551314664659, -0.10898189313251136]","[0.07491204708661742, 0.10374018885589749, 0.10413121067315304, 0.10772325974430304, 0.10894698808125425, 0.15124751585802335, 0.15199751551356327, 0.14975229244929072, 0.1485523332683223]",design columns; ordered: 5 cutpoint-transform parameters; location-scale: design columns for log scale,"[0.47029696782896824, -0.02232034219084404, -0.21278926670683904, 0.11490743344968256, 0.04038130537227217, 0.0, 0.0, 0.0, 0.0]"
Q1/saturated/ge10/OLS_HC3,ok,2715,0.0,0.0,21.705794775208812,21.705794775208812,"[0.5264900662251651, -0.0039675437026426, -0.11415240388750263, -0.01113170445042108, -0.00017427675148092643, 0.0007199085714970612, -0.052814195591830135, 0.05546070877942517, 0.05409428312547476]","[0.02882681187049956, 0.03980870173206218, 0.040284696766188136, 0.04110074164521133, 0.041375346725255, 0.05756367964279403, 0.05800716851994431, 0.0575652522631962, 0.05720030302746107]",design columns; ordered: 5 cutpoint-transform parameters; location-scale: design columns for log scale,"[0.5200539823683517, -0.019852306309634964, -0.07727301094885466, 0.007065314466275173, 0.0009907311481817658, 0.0, 0.0, 0.0, 0.0]"
Q1/saturated/ge10/logit,ok,2715,6.618737145835143e-10,7.544661924878126e-10,5.399226385770474,5.411498533386327,"[0.10605955511055244, -0.01590846165546778, -0.4603695216291924, -0.04460674508740536, -0.0006990621463744492, 0.0029080230173542223, -0.21146696669508686, 0.22514744212038734, 0.21983425847622137]","[0.1154404234307872, 0.15938305574610317, 0.16361519790523696, 0.16442843337357874, 0.1656724930728645, 0.23023508193886993, 0.2322973267841242, 0.2322909215109145, 0.23077670200538736]",design columns; ordered: 5 cutpoint-transform parameters; location-scale: design columns for log scale,"[0.08023333870077269, -0.07947310999834951, -0.31004015406688257, 0.028392717295023188, 0.003978990650349783, 0.0, 0.0, 0.0, 0.0]"
Q1/saturated/ge10/probit,ok,2715,5.826779193374502e-10,9.80763213797896e-10,13.778832027165578,13.7920648273682,"[0.0664496172859903, -0.009964004711060083, -0.28798534634116935, -0.027942393300054793, -0.0004378101406312634, 0.0018185260701639333, -0.13248898618740781, 0.1406430917276056, 0.13729296258171078]","[0.07229794387894548, 0.09982624149287429, 0.10215741320171026, 0.1029990394007227, 0.10375767036194943, 0.14422993398482167, 0.1454811621826204, 0.14523779355840627, 0.14429772648332653]",design columns; ordered: 5 cutpoint-transform parameters; location-scale: design columns for log scale,"[0.050207189004461826, -0.04978823616435381, -0.1941664139928251, 0.01785073444462312, 0.0026188336368715, 0.0, 0.0, 0.0, 0.0]"
Q1/saturated/ge25/OLS_HC3,ok,2715,0.0,0.0,21.705794775208812,21.705794775208812,"[0.35761589403973487, -0.03028856671240749, -0.09787563429947514, 0.0007458807042925255, -0.08393168351341909, -0.05125659903508015, 0.011084642924442993, -0.04048614044455223, 0.051185288803834196]","[0.027672141874838647, 0.037827903821915594, 0.037337531824971126, 0.039444964496460566, 0.03831638898954512, 0.054024281026810304, 0.05308718937759307, 0.05253647833707367, 0.0513619626435367]",design columns; ordered: 5 cutpoint-transform parameters; location-scale: design columns for log scale,"[0.36094293941221123, -0.04336840022044671, -0.093920501923073, -0.030206410794715734, -0.06238353796454109, 0.0, 0.0, 0.0, 0.0]"
Q1/saturated/ge25/logit,ok,2715,1.0900442429592959e-09,1.5750027600111954e-09,4.769346142208749,4.79789005296264,"[-0.5857269318932851, -0.13457122472929225, -0.4615920502569811, 0.003245314933617867, -0.39028306256588896, -0.243254761025826, 0.03572298356211784, -0.2215927018301492, 0.21223805679270055]","[0.12025738326186182, 0.1677670913410118, 0.1772116381358449, 0.1713305680553219, 0.17936548445251396, 0.24572402997556755, 0.25457998753188865, 0.2564876524164524, 0.25817438715390856]",design columns; ordered: 5 cutpoint-transform parameters; location-scale: design columns for log scale,"[-0.5588705038139739, -0.20414818910391008, -0.46763652647951726, -0.14502631625168697, -0.3108893173923611, 0.0, 0.0, 0.0, 0.0]"
Q1/saturated/ge25/probit,ok,2715,5.688398535510925e-10,4.732585960526087e-10,12.838518202268466,12.867772531655675,"[-0.3648387406842324, -0.08246653829278337, -0.27930763595504765, 0.001997590556390177, -0.23686941656815985, -0.14701695565546163, 0.02371764699347879, -0.13004443030429125, 0.13223233304309318]","[0.07401456098825782, 0.10280954085197103, 0.10694596128243641, 0.10545889785271281, 0.1085973937884606, 0.149717364335017, 0.15334904452754056, 0.15371052011060593, 0.15393820059095129]",design columns; ordered: 5 cutpoint-transform parameters; location-scale: design columns for log scale,"[-0.3501623537711271, -0.12353578838569329, -0.27919885902925035, -0.08833129305067368, -0.18501207502674305, 0.0, 0.0, 0.0, 0.0]"
Q1/saturated/ge50/OLS_HC3,ok,2715,0.0,0.0,21.705794775208812,21.705794775208812,"[0.19536423841059591, -0.03019907324543067, -0.07848112152747894, -0.0008249892638381959, -0.05501336121761342, -0.019011456178143628, 0.036801601070369346, -0.029391460952612077, 0.03628975353695044]","[0.022890705370898674, 0.03066844507900469, 0.029348012299707373, 0.032595160716553793, 0.03082714807952261, 0.04372401959165942, 0.04265480814904112, 0.0408091366512011, 0.03950765503867702]",design columns; ordered: 5 cutpoint-transform parameters; location-scale: design columns for log scale,"[0.1926510814983589, -0.024743432685231808, -0.07607274924925413, -0.016945098708326903, -0.030063290515845973, 0.0, 0.0, 0.0, 0.0]"
Q1/saturated/ge50/logit,ok,2715,1.3802716861015649e-09,6.341142623880425e-10,3.0670527519818673,3.076592515945361,"[-1.4155240409880907, -0.20476395243452464, -0.6067592059263678, -0.005256436718741269, -0.39685465567873773, -0.1461742573888797, 0.25844404048424424, -0.32749188850979827, 0.20129408464229462]","[0.1453768855752038, 0.20733021185754572, 0.2295502298002918, 0.2073355442110002, 0.2243051333287856, 0.30461478267337216, 0.31757076447691335, 0.341757414158212, 0.3415234521262987]",design columns; ordered: 5 cutpoint-transform parameters; location-scale: design columns for log scale,"[-1.4133472824960647, -0.18053125710744541, -0.6513525374716613, -0.13372850615698123, -0.2482144651261003, 0.0, 0.0, 0.0, 0.0]"
Q1/saturated/ge50/probit,ok,2715,4.959018212643692e-10,9.678181969857814e-09,9.898039874502649,9.912758401487558,"[-0.8582970278259944, -0.11515169229848458, -0.3324160804436784, -0.002992677630996346, -0.2204472176208675, -0.08023908707818155, 0.1443062728329968, -0.16786513725384328, 0.11905022213196131]","[0.0827935229434318, 0.11656834705697278, 0.12480424965294543, 0.11804153976633673, 0.12409461941070951, 0.170125713048123, 0.17508896133494173, 0.18241376355753994, 0.18223707775042425]",design columns; ordered: 5 cutpoint-transform parameters; location-scale: design columns for log scale,"[-0.859180901308114, -0.09951646598252085, -0.3496941201901851, -0.07557021359539007, -0.13336740405440442, 0.0, 0.0, 0.0, 0.0]"
Q1/saturated/top75/OLS_HC3,ok,2715,0.0,0.0,21.705794775208812,21.705794775208812,"[0.16225165562913896, -0.04513453851202182, -0.09731659069407403, -0.06327554641412186, -0.08505867317299862, 0.03612382722088014, 0.053963061432225554, 0.04834048147905692, 0.0600009088514306]","[0.02128571943844895, 0.027667089358678492, 0.025524619971676987, 0.0275597203481352, 0.026547877068670293, 0.03684002869673344, 0.036069451346528156, 0.03342688661205485, 0.03195908473589628]",design columns; ordered: 5 cutpoint-transform parameters; location-scale: design columns for log scale,"[0.140238972910352, -0.01594066673567193, -0.06148412153078962, -0.034737738051116074, -0.04642855758643078, 0.0, 0.0, 0.0, 0.0]"
Q1/saturated/top75/logit,ok,2715,7.699560959340727e-10,7.652929534611347e-10,2.1881755346041802,2.172767566105283,"[-1.6415691857801464, -0.378448920249496, -1.0256590762607947, -0.567084147963133, -0.8395423417923875, 0.273044715592879, 0.49635076527966066, 0.28987357753452225, 0.32551665427978566]","[0.15633858982118096, 0.23147512496338013, 0.2794491502858882, 0.2506784429191883, 0.2717763833937357, 0.3665829380768273, 0.3856698563076224, 0.4323176773281191, 0.4559571532149788]",design columns; ordered: 5 cutpoint-transform parameters; location-scale: design columns for log scale,"[-1.7544355922930455, -0.1713965581779616, -0.855596129280181, -0.40410649871547893, -0.5820117434215893, 0.0, 0.0, 0.0, 0.0]"
Q1/saturated/top75/probit,ok,2715,2.4754490618583375e-09,2.498424149784203e-09,8.123712144278686,8.080539859786503,"[-0.9852458571262643, -0.20427644704413794, -0.5293682211002275, -0.30216189539440225, -0.43896318179528326, 0.1507160910087913, 0.2628169697134265, 0.1719223343562256, 0.20146544389437235]","[0.08654574302964121, 0.12469113967648753, 0.14075638558762896, 0.1324972189167635, 0.13952757342704625, 0.19078213512434958, 0.1974717436157417, 0.21168944269082243, 0.2184896962221893]",design columns; ordered: 5 cutpoint-transform parameters; location-scale: design columns for log scale,"[-1.0562732692427264, -0.08495678165481736, -0.419353944153338, -0.2041583231257403, -0.2913313812322142, 0.0, 0.0, 0.0, 0.0]"
Q1/endpoint/ordinal/OLS_HC3,ok,1833,0.0,0.0,30.760068175356107,30.760068175356107,"[2.913907284768211, -0.09709046795139348, -0.46260858346951, -0.17706517950505296, -0.00892726455190758, 0.1644167849548189]","[0.10335171672052545, 0.13833114597747495, 0.13645827317464485, 0.1374952191447671, 0.19072814049710243, 0.18270015683780672]",design columns; ordered: 5 cutpoint-transform parameters; location-scale: design columns for log scale,"[2.8876720234627924, -0.099558789323519, -0.3796157184437709, -0.12302974657073447, 0.0, 0.0]"
Q1/endpoint/ordinal/ordered_logit,ok,1833,7.326416692209852e-10,6.186228232832142e-09,9.43928168730016,9.44317750736615,"[-0.06895114389432318, -0.4782185702389066, -0.10940505538773268, -0.07839808912215294, 0.13921625891411232, -0.8893730020296343, -0.34245811391314346, -0.12735184746226397, -0.14565150566268345, -0.6615907844723544]","[0.15457259091969117, 0.157441461893134, 0.15029420981753214, 0.2080877814382042, 0.20739641576020437, 0.12010066138457487, 0.05272214143105894, 0.047833911068277314, 0.05974353706324652, 0.10021131437186716]",design columns; ordered: 5 cutpoint-transform parameters; location-scale: design columns for log scale,"[-0.10418846495548403, -0.4057027037160784, -0.0881844478994072, 0.0, 0.0, -0.8776724544406913, -0.34321809982921836, -0.12836926476513233, -0.14598113169778987, -0.6617278450430323]"
Q1/endpoint/ordinal/ordered_probit,ok,1833,7.1720132108775406e-09,4.5573237287951395e-09,27.02664283404753,27.025639500482562,"[-0.05314490089951886, -0.30146266462391597, -0.08678212630067438, -0.024697089125562077, 0.08259380941122288, -0.5628277905394183, -0.818191028548039, -0.6108149002332213, -0.7002876869443369, -1.3006265372463368]","[0.08995248028678962, 0.09177539656539421, 0.08879884297419141, 0.12397689506098543, 0.12286597851176459, 0.0693611742664764, 0.05239526021915414, 0.047280826175486824, 0.057939143088811755, 0.09761774975707298]",design columns; ordered: 5 cutpoint-transform parameters; location-scale: design columns for log scale,"[-0.06365895271914894, -0.25933813973168873, -0.06699104406253535, 0.0, 0.0, -0.5528139805131912, -0.8185746807939857, -0.6114219561363049, -0.7004551673892848, -1.3007746501663133]"
Q1/endpoint/ordinal/ordered_location_scale,ok,1833,4.627132480167257e-09,3.0066053166560856e-09,18.576460037845617,19.80969683027482,"[-0.023971877939146475, -0.22913497179514328, -0.02698225003616583, -0.051310324962647515, 0.051320968323838076, -0.4383644189577562, -1.0127804145548596, -0.8033506983078823, -0.8852720476519734, -1.4713829776392298, -0.1462711127018317, -0.16568857610002938, -0.32629580338342684, 0.2402589471726879, 0.21515982980968892]","[0.08109030076628518, 0.0864394155683101, 0.0776406946152379, 0.10576498426329295, 0.10721453939301397, 0.07311261520291613, 0.08269247995942826, 0.0785476198721622, 0.08617359318073702, 0.11361636444871376, 0.08968981386510302, 0.09092176848434946, 0.0895817568770557, 0.12468707890586685, 0.12169335882630103]",design columns; ordered: 5 cutpoint-transform parameters; location-scale: design columns for log scale,"[-0.05479986624043915, -0.2150224904175089, -0.025060955806114362, 0.0, 0.0, -0.47345734764730896, -0.9298487153803905, -0.7198741866348037, -0.8023372374746658, -1.3917414618480688, -0.022191407624260116, -0.050519373298158164, -0.169415305010503, 0.0, 0.0]"
Q1/endpoint/midpoint/OLS_HC3,ok,1833,0.0,0.0,30.760068175356107,30.760068175356107,"[0.26034768211920506, -0.02476209653361943, -0.08153274705427, -0.04947048913674883, 0.015408201042202651, 0.03921383628040276]","[0.01804893175262842, 0.023955549468571362, 0.02307572593901462, 0.023663005834838356, 0.03263929461577262, 0.030382415577706413]",design columns; ordered: 5 cutpoint-transform parameters; location-scale: design columns for log scale,"[0.25126084008222027, -0.017183087744268896, -0.06190585707367606, -0.030754782906187158, 0.0, 0.0]"
Q1/endpoint/any_spending/OLS_HC3,ok,1833,0.0,0.0,30.760068175356107,30.760068175356107,"[0.6721854304635758, 0.012499254221109079, -0.07478283306097844, 0.047112815150459494, -0.05796237438711561, -0.037153449362872654]","[0.02710164480984365, 0.03723887241056814, 0.038993334542731274, 0.03805190039460025, 0.05379224663162787, 0.054497249310143596]",design columns; ordered: 5 cutpoint-transform parameters; location-scale: design columns for log scale,"[0.6877915886728294, -0.014877405369794624, -0.09296523418940472, 0.014969605084382612, 0.0, 0.0]"
Q1/endpoint/any_spending/logit,ok,1833,5.493217015407661e-10,1.8189334613882398e-09,6.678164892019178,6.641282126574695,"[0.7180861383533168, 0.05729914302105807, -0.3234319484783007, 0.22289721025656345, -0.27270003607497867, -0.18131463131661688]","[0.12278627250446288, 0.17038756962181434, 0.16917476205035856, 0.18030970115244085, 0.25065665877602467, 0.2428177667073874]",design columns; ordered: 5 cutpoint-transform parameters; location-scale: design columns for log scale,"[0.7915511415099591, -0.06934224793605426, -0.40991643154730223, 0.0670401997734779, 0.0, 0.0]"
Q1/endpoint/any_spending/probit,ok,1833,4.958320013647896e-09,2.9339353549548694e-09,18.059420993903753,18.026789192232258,"[0.44595586652929353, 0.034883579101768585, -0.19932618105609007, 0.13480223933444777, -0.16511363569042237, -0.1089819958409045]","[0.07491048457980519, 0.10373802387222629, 0.10412903848512813, 0.108944717169227, 0.15199434510779264, 0.14854923525106517]",design columns; ordered: 5 cutpoint-transform parameters; location-scale: design columns for log scale,"[0.49043168481334737, -0.042282295855003545, -0.2517373364480471, 0.041296478136467314, 0.0, 0.0]"
Q1/endpoint/ge10/OLS_HC3,ok,1833,0.0,0.0,30.760068175356107,30.760068175356107,"[0.5264900662251654, -0.00396754370264291, -0.1141524038875032, -0.00017427675148123088, -0.052814195591829774, 0.054094283125475526]","[0.028826811870499573, 0.03980870173206216, 0.04028469676618815, 0.041375346725255, 0.05800716851994431, 0.05720030302746107]",design columns; ordered: 5 cutpoint-transform parameters; location-scale: design columns for log scale,"[0.5259061648459695, -0.028008960767773306, -0.08637184907169074, 0.0010283552119855805, 0.0, 0.0]"
Q1/endpoint/ge10/logit,ok,1833,9.335199890789977e-10,6.808503598092781e-09,7.651895257130835,7.661704502865082,"[0.10605957511311434, -0.015908470725834827, -0.46036952133036707, -0.0006990400644567418, -0.21146701724447606, 0.219834204843401]","[0.11543801478195147, 0.1593797301998642, 0.16361178372074006, 0.16566903644376685, 0.2322924799808079, 0.23077188667642412]",design columns; ordered: 5 cutpoint-transform parameters; location-scale: design columns for log scale,"[0.10371136095383243, -0.11213368290002909, -0.34674522157467375, 0.004137777963051856, 0.0, 0.0]"
Q1/endpoint/ge10/probit,ok,1833,6.742906410957378e-09,5.797556699370389e-09,19.527123801360148,19.53846817756475,"[0.06644950242744913, -0.009963867581405984, -0.28798521345696687, -0.0004376653173393938, -0.1324891926229974, 0.13729282180366495]","[0.07229643491795786, 0.09982415828345928, 0.10215528116581359, 0.10375550516503983, 0.14547812656051215, 0.14429471528908536]",design columns; ordered: 5 cutpoint-transform parameters; location-scale: design columns for log scale,"[0.06491040738388269, -0.07025178499874643, -0.21712861477911252, 0.002732484982385269, 0.0, 0.0]"
Q1/endpoint/ge25/OLS_HC3,ok,1833,0.0,0.0,30.760068175356107,30.760068175356107,"[0.3576158940397349, -0.030288566712407636, -0.09787563429947534, -0.08393168351341923, 0.011084642924443123, 0.051185288803834425]","[0.027672141874838664, 0.03782790382191559, 0.03733753182497115, 0.03831638898954512, 0.05308718937759306, 0.05136196264353669]",design columns; ordered: 5 cutpoint-transform parameters; location-scale: design columns for log scale,"[0.3472115488633143, -0.024600168333606776, -0.07217089130848804, -0.06250238309742281, 0.0, 0.0]"
Q1/endpoint/ge25/logit,ok,1833,3.680249415030662e-09,8.330211644927068e-09,6.603896906205498,6.607994109960692,"[-0.5857269562934764, -0.1345712364058576, -0.4615920598065226, -0.39028303945309467, 0.03572298090736384, 0.2122380988664029]","[0.12025487482545816, 0.1677635923519854, 0.177207942587758, 0.17936174245136416, 0.2545746771827573, 0.2581690004647058]",design columns; ordered: 5 cutpoint-transform parameters; location-scale: design columns for log scale,"[-0.6218473666107885, -0.11698771374475242, -0.3614775840772037, -0.3105871091554418, 0.0, 0.0]"
Q1/endpoint/ge25/probit,ok,1833,1.4352746572016168e-09,5.8096447485475234e-09,17.952367669186305,17.956511797132837,"[-0.3648387365442436, -0.08246654037169797, -0.2793076417866239, -0.23686941176174153, 0.02371764380980524, 0.1322323346443728]","[0.07401301652576694, 0.10280739554478675, 0.10694372974609802, 0.10859512751971263, 0.15334584446023672, 0.15393498825170263]",design columns; ordered: 5 cutpoint-transform parameters; location-scale: design columns for log scale,"[-0.3888993848553845, -0.07055623844638301, -0.2151731689834496, -0.18523787148344487, 0.0, 0.0]"
Q1/endpoint/ge50/OLS_HC3,ok,1833,0.0,0.0,30.760068175356107,30.760068175356107,"[0.19536423841059594, -0.03019907324543074, -0.07848112152747906, -0.05501336121761351, 0.03680160107036947, 0.03628975353695063]","[0.022890705370898684, 0.03066844507900469, 0.029348012299707397, 0.030827148079522606, 0.04265480814904112, 0.03950765503867702]",design columns; ordered: 5 cutpoint-transform parameters; location-scale: design columns for log scale,"[0.18331776257120747, -0.01268652802485742, -0.06053258529990625, -0.0302018478221011, 0.0, 0.0]"
Q1/endpoint/ge50/logit,ok,1833,2.2546027146229945e-09,5.715524462029939e-09,4.1891739099842455,4.180508584946239,"[-1.4155239626564784, -0.20476396497944946, -0.6067592038932272, -0.39685493368879404, 0.2584442210310147, 0.20129429959665782]","[0.14537384521705024, 0.20732587621386583, 0.22954542717408483, 0.2243004671810735, 0.31756414709234837, 0.3415163281352049]",design columns; ordered: 5 cutpoint-transform parameters; location-scale: design columns for log scale,"[-1.479542616910398, -0.09407104909282467, -0.5177131810816304, -0.2487413996264362, 0.0, 0.0]"
Q1/endpoint/ge50/probit,ok,1833,1.4409559018501314e-09,1.072099414276657e-09,13.710798094270178,13.694214328201639,"[-0.8582970071950577, -0.11515171760653968, -0.33241609628778224, -0.2204472461999265, 0.14430630688337165, 0.11905026283589197]","[0.08279179428096137, 0.11656591417587192, 0.1248016444503628, 0.12409202978141719, 0.17508530785604406, 0.1822332739483129]",design columns; ordered: 5 cutpoint-transform parameters; location-scale: design columns for log scale,"[-0.8971987986934672, -0.05088576368530162, -0.2775867434146818, -0.13411464651710003, 0.0, 0.0]"
Q1/endpoint/top75/OLS_HC3,ok,1833,0.0,0.0,30.760068175356107,30.760068175356107,"[0.162251655629139, -0.0451345385120219, -0.09731659069407411, -0.0850586731729987, 0.053963061432225665, 0.06000090885143074]","[0.02128571943844896, 0.027667089358678485, 0.025524619971677005, 0.026547877068670293, 0.03606945134652815, 0.03195908473589629]",design columns; ordered: 5 cutpoint-transform parameters; location-scale: design columns for log scale,"[0.14344495850947186, -0.01938572682748733, -0.06757515857428142, -0.04632347594757891, 0.0, 0.0]"
Q1/endpoint/top75/logit,ok,1833,4.058845695016139e-09,1.0338288411685623e-09,2.8594314737893316,2.912602246195892,"[-1.6415691491964775, -0.3784490845351043, -1.025659113436551, -0.8395426061077867, 0.49635113357806376, 0.3255169697984124]","[0.1563353238175152, 0.23147030472930102, 0.27944331727187405, 0.2717707453530213, 0.3856618418167465, 0.45594765067171567]",design columns; ordered: 5 cutpoint-transform parameters; location-scale: design columns for log scale,"[-1.732636147596686, -0.1998015216880307, -0.9078424460398148, -0.5821008072341255, 0.0, 0.0]"
Q1/endpoint/top75/probit,ok,1833,3.6252291362206136e-09,2.0275617644800656e-09,10.965294827475212,11.050137960898194,"[-0.9852458781893756, -0.20427634677643555, -0.5293683245141121, -0.4389632353528051, 0.26281688526722446, 0.20146570268229996]","[0.08654393854126986, 0.12468853411199615, 0.14075346264155103, 0.13952467014730938, 0.19746762961624126, 0.21848514244709752]",design columns; ordered: 5 cutpoint-transform parameters; location-scale: design columns for log scale,"[-1.043952324229973, -0.09928969542376459, -0.44763815196119067, -0.2911567247555976, 0.0, 0.0]"
Q2/trend/ordinal/OLS_HC3,ok,1208,0.0,0.0,71.85709351097653,71.85709351097653,"[2.7444583088667063, -0.002473874973710517, -0.33262599382224395, -0.06683059307105106, -0.05662136248232893, -0.0007595910275112115]","[0.08939344548678509, 0.1238630448818101, 0.11809648392776584, 0.10781211288415542, 0.14790742404972085, 0.14573309845159696]",design columns; ordered: 5 cutpoint-transform parameters; location-scale: design columns for log scale,"[2.7461948423562395, -0.002392956277199998, -0.33421004121593845, -0.08736254785906944, 0.0, 0.0]"
Q2/trend/ordinal/ordered_logit,ok,1208,7.036046845228211e-09,9.110979442565128e-09,21.563769968382577,21.58904987085344,"[0.002049901566998763, -0.29943656180761, -0.003160513477945025, -0.11974401623359139, -0.07671112702655081, -0.58520842549782, -0.43501958588882855, -0.3454442892146171, -0.20833340860083657, -0.6960013632487789]","[0.13268740371730534, 0.12945718187119878, 0.11412635847784636, 0.1582424747854042, 0.1610472744456338, 0.10006097445804939, 0.06767924572056255, 0.066538534116312, 0.07383100767576398, 0.12004443893099101]",design columns; ordered: 5 cutpoint-transform parameters; location-scale: design columns for log scale,"[-0.005084034642821283, -0.3087564276162858, -0.06975254559897845, 0.0, 0.0, -0.5940781809516982, -0.4360817472632633, -0.3458681371269869, -0.20823528746125622, -0.6956478987987218]"
Q2/trend/ordinal/ordered_probit,ok,1208,5.057577435586465e-09,3.5966166932105968e-09,61.39856496344534,61.439364341943374,"[-0.0040684606551715345, -0.20982852031388952, -0.01955532738671096, -0.053778033004726736, -0.0326309235097735, -0.3737105022592499, -0.9062368876981634, -0.8279294885236453, -0.7520080130355853, -1.3179255704670318]","[0.07832253205172289, 0.0770021935646943, 0.06783249623235879, 0.0940447202557335, 0.09581589647685677, 0.05951194329681189, 0.0673890095921293, 0.066002993155783, 0.07192152628611966, 0.11725288690275705]",design columns; ordered: 5 cutpoint-transform parameters; location-scale: design columns for log scale,"[-0.005644564282710728, -0.2127519749744703, -0.04883509859918032, 0.0, 0.0, -0.37649777594894623, -0.9068523831212143, -0.828086951911958, -0.7517364132751033, -1.317267260599029]"
Q2/trend/ordinal/ordered_location_scale,ok,1208,4.377717814447911e-09,1.0440091410952472e-09,31.949034989052,38.51193911576525,"[0.010451694248814897, -0.13572994900471147, 0.040917415883853336, -0.10576944464761141, -0.08285225769218967, -0.3202717996940983, -0.9940719428084596, -0.9122819421656427, -0.8223863161243108, -1.3677036449081896, -0.028945371989092677, -0.19525927391096598, -0.2438667818053093, 0.19892224100309772, 0.23401556067038304]","[0.07958513601533176, 0.07900997578598483, 0.06974924803191218, 0.09293380057929489, 0.09219685816710395, 0.06707299672320091, 0.08688245266616486, 0.08210179018690375, 0.08780606226053593, 0.1260571758515072, 0.08228678874300117, 0.08188529682768912, 0.07445146472224155, 0.10001757056441424, 0.097409269661102]",design columns; ordered: 5 cutpoint-transform parameters; location-scale: design columns for log scale,"[-0.009916396972089547, -0.1575878587199696, -0.02745784591342489, 0.0, 0.0, -0.3473852519911575, -0.9694879820627476, -0.8855129090148127, -0.7973301664193013, -1.345216871541808, -0.0038432369509539704, -0.1656187781414693, -0.09320061059788647, 0.0, 0.0]"
Q2/trend/midpoint/OLS_HC3,ok,1208,0.0,0.0,71.85709351097653,71.85709351097653,"[0.23446720860246625, -0.001628678408461015, -0.06395423298090673, -0.025171113476218455, 0.0034409749476561192, 0.01532194121400403]","[0.01532590236403093, 0.02118904370829337, 0.019552186953760927, 0.018625625184328237, 0.02525524523827954, 0.024189180768797638]",design columns; ordered: 5 cutpoint-transform parameters; location-scale: design columns for log scale,"[0.23395995972135197, -0.0009926850682029694, -0.06337507302666341, -0.019173641411279013, 0.0, 0.0]"
Q2/trend/any_spending/OLS_HC3,ok,1208,0.0,0.0,71.85709351097653,71.85709351097653,"[0.6354778332354669, -0.0007836892897688022, -0.05432726763145024, 0.04523267762771581, -0.06106800975361529, -0.06775601761521405]","[0.024246053465302314, 0.03393115047799473, 0.0349196907530287, 0.029057112812194308, 0.04096330524900942, 0.04283851326296793]",design columns; ordered: 5 cutpoint-transform parameters; location-scale: design columns for log scale,"[0.6391110206252268, -0.0035048163734400038, -0.05815170632959535, 0.002275579666435576, 0.0, 0.0]"
Q2/trend/any_spending/logit,ok,1208,8.227228501116575e-10,1.3878362403373228e-09,16.760967707683093,16.691707067992503,"[0.5593245166690511, -0.006471890972488697, -0.23137008762881262, 0.19615000343131483, -0.26448982790053654, -0.2887456832617099]","[0.10465121384442296, 0.1462224715401223, 0.1469229245595405, 0.1258132679872699, 0.17678866807409915, 0.18025522621008205]",design columns; ordered: 5 cutpoint-transform parameters; location-scale: design columns for log scale,"[0.5715320453537677, -0.015186047410337734, -0.24481695075922583, 0.00968462085380337, 0.0, 0.0]"
Q2/trend/any_spending/probit,ok,1208,2.849668039067537e-09,2.413656213821183e-09,43.92471285849929,43.907565883385544,"[0.34814084377532023, -0.0036129030599811067, -0.14311369785969344, 0.12131238989750018, -0.16304695608773487, -0.17867345820526523]","[0.06446286339433895, 0.0901211625622769, 0.09099804747313285, 0.07775405504934095, 0.10862219608874948, 0.1115133553830814]",design columns; ordered: 5 cutpoint-transform parameters; location-scale: design columns for log scale,"[0.3561229367076931, -0.00939174923739617, -0.1517898949700867, 0.006212346947445296, 0.0, 0.0]"
Q2/trend/ge10/OLS_HC3,ok,1208,0.0,0.0,71.85709351097653,71.85709351097653,"[0.4666948032883148, 0.011220578440273592, -0.03471851631233033, 0.01143203170874927, -0.04520754690773113, -0.02435724292807458]","[0.02513625454837535, 0.035149015678617244, 0.03562231151733226, 0.03052147954021868, 0.04219595458608102, 0.043556604007945976]",design columns; ordered: 5 cutpoint-transform parameters; location-scale: design columns for log scale,"[0.46870587291488897, 0.010288697606517938, -0.03673405356396235, -0.012345909170157113, 0.0, 0.0]"
Q2/trend/ge10/logit,ok,1208,3.78894840300382e-09,6.5953228794439e-09,17.835915293633914,17.872313580020368,"[-0.13346597715884456, 0.0447832039969008, -0.14045031852203493, 0.045937207764888716, -0.18150258866640806, -0.09862619155345312]","[0.10079304540475108, 0.1409895163640677, 0.14385340202068145, 0.1222524394217275, 0.16917380788953607, 0.17571573353559786]",design columns; ordered: 5 cutpoint-transform parameters; location-scale: design columns for log scale,"[-0.12537721077248073, 0.041254258922129146, -0.14854813762974017, -0.04977717696979385, 0.0, 0.0]"
Q2/trend/ge10/probit,ok,1208,2.226647100696007e-09,9.857600325417577e-09,45.56898635644978,45.61442395384784,"[-0.08360101952575597, 0.02801010255468916, -0.0878082779956228, 0.028741824185141984, -0.11374401939559371, -0.061689232232064226]","[0.06309144629492107, 0.08825905319482588, 0.08990930614159016, 0.07647943657511029, 0.105920635394515, 0.10989591814119266]",design columns; ordered: 5 cutpoint-transform parameters; location-scale: design columns for log scale,"[-0.07851030962559169, 0.025782088512360635, -0.0929076317337332, -0.03116050235857103, 0.0, 0.0]"
Q2/trend/ge25/OLS_HC3,ok,1208,0.0,0.0,71.85709351097653,71.85709351097653,"[0.32429903112155023, -0.004712495640942596, -0.07993994818645857, -0.04024148561362304, 0.005364594919022236, 0.021680398363406277]","[0.023598491704389955, 0.03287862622232716, 0.032188953289611, 0.028422441189437448, 0.038939564545479095, 0.039220445444791724]",design columns; ordered: 5 cutpoint-transform parameters; location-scale: design columns for log scale,"[0.3235662525660297, -0.003813558544476901, -0.07910678631813683, -0.0315774568101166, 0.0, 0.0]"
Q2/trend/ge25/logit,ok,1208,1.9070804567615974e-09,1.1772583981980907e-09,15.449808048755035,15.454151092441375,"[-0.7381385437208012, -0.02082451219866152, -0.3924857159145755, -0.18447112114494335, 0.023778434496341417, 0.08383352555709855]","[0.10751741536846762, 0.1508777300977302, 0.15996458341748593, 0.12988683910138601, 0.17883547677555084, 0.19547441372631102]",design columns; ordered: 5 cutpoint-transform parameters; location-scale: design columns for log scale,"[-0.7395605832683128, -0.018653107369127953, -0.39285688660995643, -0.15236531829743258, 0.0, 0.0]"
Q2/trend/ge25/probit,ok,1208,8.060278265287874e-10,3.863067461209002e-09,41.9126622145639,41.91458276732552,"[-0.45766699400350586, -0.01291192540096059, -0.23547843426647203, -0.11252927104366707, 0.01384363178296178, 0.05330934414355647]","[0.06547518899908976, 0.09176790581329271, 0.09557642720316002, 0.07920080686440491, 0.10935630996512674, 0.11686520895978277]",design columns; ordered: 5 cutpoint-transform parameters; location-scale: design columns for log scale,"[-0.4589066468038272, -0.011163458987706739, -0.23476173115585022, -0.09190720359031192, 0.0, 0.0]"
Q2/trend/ge50/OLS_HC3,ok,1208,0.0,0.0,71.85709351097653,71.85709351097653,"[0.18696785085143866, -0.0009577671469010055, -0.08673193045944785, -0.03414929536112743, 0.013492386065518256, 0.0368916178663197]","[0.019715081521583775, 0.027456806355963016, 0.024960990330488042, 0.023621785657247905, 0.03220303400563192, 0.030968328522149046]",design columns; ordered: 5 cutpoint-transform parameters; location-scale: design columns for log scale,"[0.18558864755938384, 0.0005631818455873457, -0.08519397729198502, -0.017842244672714627, 0.0, 0.0]"
Q2/trend/ge50/logit,ok,1208,5.918101059982211e-09,3.7413062787625477e-10,10.009473027861217,10.031196822731737,"[-1.4807226438040089, 0.0004379199693247306, -0.7141255931101302, -0.2266557236758844, 0.09003262363747916, 0.25706477921833504]","[0.1293717061073078, 0.18127090324497763, 0.21308989827162833, 0.15553256047132624, 0.21263586934117323, 0.2704243212433586]",design columns; ordered: 5 cutpoint-transform parameters; location-scale: design columns for log scale,"[-1.481410986296106, 0.001288925821978228, -0.7167007630678768, -0.1351467581564568, 0.0, 0.0]"
Q2/trend/ge50/probit,ok,1208,3.2072366925617177e-09,1.6233971988616313e-09,32.66951751492641,32.71216016003987,"[-0.8940789083613874, -0.0006348399343869272, -0.38622467202958016, -0.12850068362332032, 0.05010556954816764, 0.14377539341586298]","[0.07305292920541084, 0.1023215818348779, 0.113489368817198, 0.08816143959894934, 0.12114820258456273, 0.14184167370180734]",design columns; ordered: 5 cutpoint-transform parameters; location-scale: design columns for log scale,"[-0.8959787112071839, 0.0017520724956094507, -0.384571641263811, -0.07281888536838696, 0.0, 0.0]"
Q2/trend/top75/OLS_HC3,ok,1208,0.0,0.0,71.85709351097653,71.85709351097653,"[0.1310187903699354, -0.007240501336371993, -0.07690833123255714, -0.04910452143276572, 0.03079721319447702, 0.03278165328605146]","[0.017108241071561007, 0.023531590653084564, 0.02062752597908185, 0.021212407976616162, 0.028196050291095766, 0.02561202767840334]",design columns; ordered: 5 cutpoint-transform parameters; location-scale: design columns for log scale,"[0.12922304869071038, -0.005926460811388659, -0.07502351771225908, -0.027872516872516687, 0.0, 0.0]"
Q2/trend/top75/logit,ok,1208,6.176348334172885e-09,5.989848506817998e-10,6.227618144626291,6.488232095180103,"[-1.9411842274814164, -0.02354571286913178, -0.9503788589937056, -0.44541358463044356, 0.27615635703944597, 0.12147612191280935]","[0.15373467489162082, 0.21522420025333552, 0.2774854445955916, 0.191197676385486, 0.25739501653508157, 0.3424976095917651]",design columns; ordered: 5 cutpoint-transform parameters; location-scale: design columns for log scale,"[-1.9267816831778428, -0.06215482065390688, -0.9619001917625302, -0.3074526340536986, 0.0, 0.0]"
Q2/trend/top75/probit,ok,1208,5.930801492299515e-09,4.737785876642702e-09,25.183518085461444,25.559616294035468,"[-1.1426546625510157, -0.017098131400829775, -0.47548402311422694, -0.23469429211929943, 0.14374276215349527, 0.08415069571124405]","[0.08105008250975841, 0.11362491503787178, 0.13383527023677594, 0.10029284198538276, 0.13637547356394011, 0.16549111298442268]",design columns; ordered: 5 cutpoint-transform parameters; location-scale: design columns for log scale,"[-1.13970858143681, -0.02844393992093196, -0.4794741041622352, -0.15901204550534248, 0.0, 0.0]"
Q2/saturated/ordinal/OLS_HC3,ok,1208,0.0,0.0,9.06973692494194,9.06973692494194,"[2.841666666666666, -0.09483122362869102, -0.4051587301587293, -0.15416666666666543, -0.1403679653679639, 0.4565115514975429, -0.12471565285249227, 0.21019604359156488, 0.006185610255376143]","[0.17586765079390757, 0.22647347078623206, 0.2263115610375659, 0.23600525446241005, 0.2179801550349642, 0.31872218505041483, 0.2971936262900052, 0.3024022761340107, 0.2933685848407333]",design columns; ordered: 5 cutpoint-transform parameters; location-scale: design columns for log scale,"[2.782997844975444, 0.0017611740369281937, -0.33816980053900114, 0.06882478533632926, -0.1725630272933676, 0.0, 0.0, 0.0, 0.0]"
Q2/saturated/ordinal/ordered_logit,ok,1208,6.54428577112951e-09,2.5804170970691746e-09,2.6474070340821125,2.6482033631963087,"[-0.05944864194586438, -0.3535251224867004, -0.12260430111324566, -0.020721270797617663, 0.4767913264511654, -0.24455400255239032, 0.2799817255421954, -0.13987038454658812, -0.6349983695745066, -0.42851283846945815, -0.3413443696315225, -0.20601471872386912, -0.6945522528986593]","[0.2508995307162246, 0.2547658306428181, 0.262750949774725, 0.23355484801710674, 0.3440167499442241, 0.3221713555591141, 0.3347892922411255, 0.3288032034918505, 0.19758294191503584, 0.06773756347276058, 0.06666393951680838, 0.07397626292124689, 0.12019753106859203]",design columns; ordered: 5 cutpoint-transform parameters; location-scale: design columns for log scale,"[-0.0027202212395528416, -0.32055282755761155, 0.13529317753293002, -0.13362653798268895, 0.0, 0.0, 0.0, 0.0, -0.599401558531804, -0.43360590102194835, -0.344000870351796, -0.2066612796005485, -0.695161233609632]"
Q2/saturated/ordinal/ordered_probit,ok,1208,1.4698164569187087e-09,1.35313167587598e-09,7.718442417824903,7.712954414117796,"[-0.05774150245434053, -0.2521972498133834, -0.0990482133150819, -0.046199504421897686, 0.30470905883155597, -0.11442934193126861, 0.1789970008474818, -0.058183069528486606, -0.4230957604180175, -0.9011781365705646, -0.8250704346223758, -0.7506162145688974, -1.3167140444643197]","[0.14478467106202209, 0.14848224315080488, 0.15083321346449935, 0.13728192322561938, 0.19995484972847397, 0.19051558779676364, 0.19689347967489798, 0.1940373759230789, 0.1134567564774763, 0.06744248104730977, 0.06610192977712752, 0.07207533024433871, 0.11743682601405597]",design columns; ordered: 5 cutpoint-transform parameters; location-scale: design columns for log scale,"[-0.0037277074929054207, -0.21710848001667715, 0.06440305004379068, -0.09606118497819398, 0.0, 0.0, 0.0, 0.0, -0.38963136056884645, -0.9050744003767166, -0.8268274703682535, -0.7508244615631655, -1.3174005571196064]"
Q2/saturated/ordinal/ordered_location_scale,ok,1208,3.995219353287389e-09,8.611201568586122e-09,4.413608165541396,4.731342338587575,"[-0.013484045735728187, -0.1295611323074246, -0.04207758222473823, 0.039892542885078465, 0.21964779203723578, -0.14486508015739505, 0.14237844601380653, -0.1106228931530689, -0.2577507172933991, -1.2169133169960547, -1.1404522174077745, -1.0499155198699888, -1.596211680459984, -0.18339523490747942, -0.3226430653032572, -0.20488343149147226, -0.47632571982133903, 0.04264344945042208, 0.39526723396173985, -0.05792415971891237, 0.45956118462564083]","[0.12718998857931713, 0.13136820219595344, 0.1325321319774469, 0.11488248126657266, 0.17157264182310264, 0.15595862582341863, 0.16460837065017964, 0.15889345348854536, 0.11284051309172004, 0.13886539468474357, 0.1354134108428573, 0.13997425931707602, 0.1624196918130058, 0.1555622969700766, 0.16081230202336974, 0.1578535859112722, 0.14990809577574515, 0.20750079295885815, 0.20534650436435667, 0.20967489751969487, 0.20461035689342982]",design columns; ordered: 5 cutpoint-transform parameters; location-scale: design columns for log scale,"[0.0059057101258080825, -0.13440801759607052, 0.09562878734658427, -0.03293100952142569, 0.0, 0.0, 0.0, 0.0, -0.2745601857323081, -1.1075146511016776, -1.0258377207175555, -0.9380619946717181, -1.4857845535945848, -0.021518198047144513, -0.17463704969359004, -0.20231408822772312, -0.1931493565501965, 0.0, 0.0, 0.0, 0.0]"
Q2/saturated/midpoint/OLS_HC3,ok,1208,0.0,0.0,9.06973692494194,9.06973692494194,"[0.26250000000000023, -0.025158227848101646, -0.08273809523809547, -0.033398437500000475, -0.050974025974026296, 0.07351568174154444, 0.004873129734536412, 0.025278323782871787, 0.03128964059196644]","[0.03069672100042538, 0.039160920827659255, 0.03824376842094802, 0.0405381033894887, 0.037701968461020405, 0.055056573622702304, 0.05079088826270637, 0.050462011408262814, 0.04875951103026052]",design columns; ordered: 5 cutpoint-transform parameters; location-scale: design columns for log scale,"[0.2469625973203296, -0.0004856561009987925, -0.06385837820202622, -0.00011032460315939164, -0.038083393334857614, 0.0, 0.0, 0.0, 0.0]"
Q2/saturated/any_spending/OLS_HC3,ok,1208,0.0,0.0,9.06973692494194,9.06973692494194,"[0.6083333333333335, 0.005590717299577708, -0.044841269841270175, -0.006770833333333624, 0.08647186147186123, 0.12235497942173384, -0.12375357633834909, 0.09999518775171799, -0.13058408000268434]","[0.044933761374741005, 0.05948402010087263, 0.06326559076444505, 0.06261938470290991, 0.058429917539036695, 0.08417104011105661, 0.08210726897383809, 0.08724942046573608, 0.08580777346202338]",design columns; ordered: 5 cutpoint-transform parameters; location-scale: design columns for log scale,"[0.6158802714666188, -0.0017830741304640627, -0.059792888570640544, 0.06700978611771038, 0.005447261346443501, 0.0, 0.0, 0.0, 0.0]"
Q2/saturated/any_spending/logit,ok,1208,4.872992664277624e-10,4.2314738026981943e-10,2.1450194351913394,2.133696836648072,"[0.44031182712835765, 0.02352529600758421, -0.18496515435860178, -0.028332040982421047, 0.382369401281523, 0.5566237278620128, -0.5372016820715799, 0.42168080568796856, -0.5601578391705325]","[0.1877172305936887, 0.24928079986620583, 0.26028116143536933, 0.2609162318730338, 0.2570797700503481, 0.36990705079590663, 0.350880617778989, 0.3659741102995603, 0.36039705907963887]",design columns; ordered: 5 cutpoint-transform parameters; location-scale: design columns for log scale,"[0.4741731002437616, -0.00791562203722949, -0.25280160348656994, 0.28857326140929807, 0.022710741304628995, 0.0, 0.0, 0.0, 0.0]"
Q2/saturated/any_spending/probit,ok,1208,1.1996690793088063e-09,1.3808224497588284e-09,5.5941840821698285,5.5908652982033145,"[0.2749777505708245, 0.01458353942775586, -0.11514887496194617, -0.017584235920277125, 0.23453964687146556, 0.3393491937446609, -0.33078983027496645, 0.2612734105180093, -0.3457713368598826]","[0.11643174397780265, 0.15454219933271193, 0.1619684542103409, 0.16193242591692594, 0.15766020514809836, 0.2267762348381445, 0.21654907303526497, 0.22678829030063333, 0.22318785862386994]",design columns; ordered: 5 cutpoint-transform parameters; location-scale: design columns for log scale,"[0.29444262066241733, -0.0030162885327824616, -0.15506832766973086, 0.1776400628655799, 0.014622629266482414, 0.0, 0.0, 0.0, 0.0]"
Q2/saturated/ge10/OLS_HC3,ok,1208,0.0,0.0,9.06973692494194,9.06973692494194,"[0.4666666666666668, 0.014345991561181173, -0.03809523809523834, -0.021354166666666854, 0.020346320346320234, 0.09771855761914668, -0.092599854486577, 0.05546930525941746, -0.045816973723950306]","[0.045924709315225166, 0.06090375264671633, 0.06390568103498372, 0.06379144512571433, 0.061258762088102464, 0.08789365826509583, 0.08451575740952375, 0.08903645807662162, 0.08730377210009034]",design columns; ordered: 5 cutpoint-transform parameters; location-scale: design columns for log scale,"[0.46772620251053026, 0.011383568887523381, -0.03777769601970576, 0.028819151297705955, -0.024121979060646115, 0.0, 0.0, 0.0, 0.0]"
Q2/saturated/ge10/logit,ok,1208,7.209621944334445e-09,8.551708426017758e-09,2.2519481813942566,2.2538975805125685,"[-0.1335316012337495, 0.057545871088872096, -0.15415091851587612, -0.08609688446765534, 0.08157192306969042, 0.39260607042223195, -0.37468378358746507, 0.22424793167909296, -0.1864510856070747]","[0.18366673433752148, 0.24346825636721106, 0.257651196683147, 0.2561234970129785, 0.24478588540804183, 0.35301042253984494, 0.34043058854918434, 0.358459422690344, 0.3535964032522345]",design columns; ordered: 5 cutpoint-transform parameters; location-scale: design columns for log scale,"[-0.1292352984370145, 0.04572687513883321, -0.15299359051407269, 0.11587999034761262, -0.09773322502338781, 0.0, 0.0, 0.0, 0.0]"
Q2/saturated/ge10/probit,ok,1208,8.616512213078349e-10,2.6049434750543906e-09,5.751451705726831,5.755222343993347,"[-0.08365174412021463, 0.036039562298319686, -0.09636062532925901, -0.05386166135354776, 0.05109238871752378, 0.24579621598651422, -0.23421833665010708, 0.1402063418297619, -0.11640921480179513]","[0.11498612900206825, 0.15246782935120343, 0.16103082016625028, 0.16022192676569158, 0.15330462899456473, 0.22083099929975522, 0.2128488851679332, 0.22411660990924512, 0.22079683206778872]",design columns; ordered: 5 cutpoint-transform parameters; location-scale: design columns for log scale,"[-0.0808609845379354, 0.02845176258394574, -0.09575324624121921, 0.07253917781741763, -0.06105909651209837, 0.0, 0.0, 0.0, 0.0]"
Q2/saturated/ge25/OLS_HC3,ok,1208,0.0,0.0,9.06973692494194,9.06973692494194,"[0.35833333333333345, -0.029219409282700576, -0.09642857142857153, -0.02239583333333349, -0.07911255411255426, 0.07852781092204485, 0.00547308261666591, 0.006759728144989489, 0.04201399375817994]","[0.04414098355718067, 0.05799776268609532, 0.05922232325949768, 0.06098213340957848, 0.05720512235185836, 0.08430655757834245, 0.0780807693147485, 0.08175459274036743, 0.07876161076252773]",design columns; ordered: 5 cutpoint-transform parameters; location-scale: design columns for log scale,"[0.3429006863278311, -0.002807633492337094, -0.0800656443226549, 0.006243396029723207, -0.06263136750384862, 0.0, 0.0, 0.0, 0.0]"
Q2/saturated/ge25/logit,ok,1208,9.194993205399167e-09,2.143946243496066e-09,2.0061470800101016,1.986372250279516,"[-0.5826053113395618, -0.12958970183070082, -0.4534870754035002, -0.09884529336970684, -0.3657252626516685, 0.34369941028212087, 0.008295627689617576, 0.016324644383234912, 0.16394367954180356]","[0.19108865731830277, 0.25572399982846006, 0.2790677087384216, 0.2679519646017149, 0.2627201932288912, 0.36816826405666153, 0.3695472776990297, 0.392005066019202, 0.39395742096548003]",design columns; ordered: 5 cutpoint-transform parameters; location-scale: design columns for log scale,"[-0.6450265985897066, -0.013738303339947557, -0.39822299030012537, 0.029547946094611036, -0.3096712435099173, 0.0, 0.0, 0.0, 0.0]"
Q2/saturated/ge25/probit,ok,1208,1.3957354977444478e-09,6.4664203351762e-10,5.3846256337200185,5.366087814847103,"[-0.3629172817635836, -0.07944394218287933, -0.2745668316048652, -0.06065881506676166, -0.22224061460574207, 0.21128838389432353, 0.007240980462581126, 0.0118641170391634, 0.10366334611968152]","[0.11763099416343985, 0.15682953595732357, 0.16857821226587302, 0.16443232155608156, 0.15964980555963484, 0.22622297636090613, 0.22312781425263348, 0.23593131976799775, 0.2349810706126873]",design columns; ordered: 5 cutpoint-transform parameters; location-scale: design columns for log scale,"[-0.4019192222996686, -0.008799071972227021, -0.23762860817777717, 0.017189729692103018, -0.18492389133125814, 0.0, 0.0, 0.0, 0.0]"
Q2/saturated/ge50/OLS_HC3,ok,1208,0.0,0.0,9.06973692494194,9.06973692494194,"[0.21666666666666687, -0.02679324894514794, -0.10555555555555583, -0.021354166666666907, -0.06731601731601754, 0.06098894566645946, 0.02342800105435264, -0.015130078772802324, 0.07248397597234837]","[0.0379239020640366, 0.04923634450404219, 0.04727226239780666, 0.05182171810446736, 0.04768657282064646, 0.07172867831309122, 0.06467969690660255, 0.06328562004257149, 0.06228582782379439]",design columns; ordered: 5 cutpoint-transform parameters; location-scale: design columns for log scale,"[0.19958785313444474, 0.0008789379533253436, -0.08549495922969104, -0.005970420565504872, -0.03552015017962433, 0.0, 0.0, 0.0, 0.0]"
Q2/saturated/ge50/logit,ok,1208,4.288050175423981e-09,7.035487531779087e-09,1.355281751923388,1.3239084237417817,"[-1.2851983867628878, -0.16563470150772305, -0.7942435565583473, -0.13065469817471076, -0.45450459976742913, 0.37039763282044286, 0.1388960783372288, -0.3075998465632063, 0.5057984419430027]","[0.22241492807904575, 0.3015345673291768, 0.36114924185728803, 0.3155158629639099, 0.31774816876039375, 0.4332498895162368, 0.44878175860690045, 0.5379463851082783, 0.5078672210421613]",design columns; ordered: 5 cutpoint-transform parameters; location-scale: design columns for log scale,"[-1.3753179858902689, 0.003845504603297204, -0.7193040804980476, -0.041867992832115966, -0.2744621448385873, 0.0, 0.0, 0.0, 0.0]"
Q2/saturated/ge50/probit,ok,1208,6.321074230634966e-10,6.733622813127167e-09,4.291573827642209,4.251857460696889,"[-0.7835003865528856, -0.09486247754383466, -0.43713996687332335, -0.0749840787856852, -0.25572204953513483, 0.2128794751229917, 0.08027685317897545, -0.14654801432182654, 0.28256733650330307]","[0.12861550800647265, 0.17283724340846707, 0.19636259111678436, 0.18106426684811824, 0.17866110326555976, 0.2489809490828141, 0.2504791139213141, 0.28444790065868775, 0.273688876570187]",design columns; ordered: 5 cutpoint-transform parameters; location-scale: design columns for log scale,"[-0.8373795339355365, 0.0026181109578718048, -0.38502057349513413, -0.028034320932199635, -0.14657543083535293, 0.0, 0.0, 0.0, 0.0]"
Q2/saturated/top75/OLS_HC3,ok,1208,0.0,0.0,9.06973692494194,9.06973692494194,"[0.19166666666666674, -0.058755274261603464, -0.12023809523809538, -0.08229166666666679, -0.10075757575757585, 0.09692125786816087, 0.06273669430141766, 0.0631019012082447, 0.0680886942514851]","[0.036233659660782826, 0.04529463806981435, 0.0429852909175986, 0.045672115547032995, 0.04308792782467994, 0.06223103763414811, 0.05684589784748352, 0.05473438751770943, 0.0518148041555584]",design columns; ordered: 5 cutpoint-transform parameters; location-scale: design columns for log scale,"[0.15690283153601944, -0.005910625181119667, -0.07503861239630907, -0.02727712754330586, -0.055736791895692604, 0.0, 0.0, 0.0, 0.0]"
Q2/saturated/top75/logit,ok,1208,1.214632070419852e-09,7.950651961668005e-10,1.0366751144059558,0.99392028120744,"[-1.4392167434921714, -0.43624170739662654, -1.1257327075825343, -0.6579244376996566, -0.8633683695976379, 0.7793637857405848, 0.4834945066938905, 0.3245967767380508, 0.21747447278933937]","[0.23279020800388286, 0.3309408202641913, 0.4180282339107842, 0.3674150180979041, 0.3651746011260589, 0.5059490759204426, 0.5237447671963554, 0.6382889248361163, 0.6808340444711809]",design columns; ordered: 5 cutpoint-transform parameters; location-scale: design columns for log scale,"[-1.6304294574403408, -0.061045903060803174, -0.9629264880178832, -0.26787253774036457, -0.6206928661824507, 0.0, 0.0, 0.0, 0.0]"
Q2/saturated/top75/probit,ok,1208,8.69226804735509e-09,7.000962283776409e-09,3.690690829467763,3.621407901491084,"[-0.8717709659759703, -0.24096293301698754, -0.593462690664215, -0.358087749143083, -0.46340697613288073, 0.423783584057163, 0.2649135746371056, 0.19979813584908962, 0.16337681661817965]","[0.13219660110781833, 0.18276426780046834, 0.21446448390554024, 0.1983422500114665, 0.1941013496242366, 0.2734947124202187, 0.27522621986954615, 0.31701418176157936, 0.3277807371315092]",design columns; ordered: 5 cutpoint-transform parameters; location-scale: design columns for log scale,"[-0.9857946408549936, -0.028247719857202216, -0.4800669186929993, -0.14125575975172394, -0.3196302423223974, 0.0, 0.0, 0.0, 0.0]"
Q2/endpoint/ordinal/OLS_HC3,ok,824,0.0,0.0,13.26662373510408,13.26662373510408,"[2.8416666666666655, -0.09483122362869026, -0.40515873015872883, -0.14036796536796536, -0.12471565285249148, 0.006185610255377772]","[0.17586765079390715, 0.2264734707862315, 0.22631156103756545, 0.21798015503496374, 0.29719362629000445, 0.29336858484073275]",design columns; ordered: 5 cutpoint-transform parameters; location-scale: design columns for log scale,"[2.8657265585998033, -0.15692965002134238, -0.40443369024562204, -0.18317582504121016, 0.0, 0.0]"
Q2/endpoint/ordinal/ordered_logit,ok,824,8.58373839914278e-09,4.8535997357135426e-09,3.9548584769301685,3.960764892495639,"[-0.05950670519151078, -0.34867117991703067, -0.021077161976290934, -0.2391178524872498, -0.1376966364179434, -0.6076173438137966, -0.4830494067011477, -0.33880526120312526, -0.2511831129155288, -0.751298346533695]","[0.246032985639499, 0.24992270987942392, 0.22901051773530234, 0.31628869097193646, 0.32299884689148944, 0.19424106852086773, 0.08422437268668542, 0.08116380370542532, 0.09290474899976674, 0.14991471851567018]",design columns; ordered: 5 cutpoint-transform parameters; location-scale: design columns for log scale,"[-0.1884646270219726, -0.43034901832046246, -0.14911503576017562, 0.0, 0.0, -0.6839051928549015, -0.48450744539425267, -0.3394360992575246, -0.2510950469198262, -0.7507640029736401]"
Q2/endpoint/ordinal/ordered_probit,ok,824,8.972594729773274e-09,8.967404915714728e-09,11.287493895672714,11.298309659589188,"[-0.056992387701386246, -0.2481672138586844, -0.04441530658868118, -0.11350311974975076, -0.0592008974537199, -0.4014586636173446, -0.9538565109889409, -0.8246544051485188, -0.7995928522611069, -1.3739885166387804]","[0.14274037424349897, 0.14636906568827374, 0.13525772586940638, 0.18782379396898208, 0.1913962960566634, 0.11243756463953046, 0.08391322212945321, 0.08043713311678777, 0.09051906703651619, 0.14647207563357126]",design columns; ordered: 5 cutpoint-transform parameters; location-scale: design columns for log scale,"[-0.11584531640273941, -0.28203671881131726, -0.10321255264127388, 0.0, 0.0, -0.43492339505450245, -0.954774699522976, -0.8249610518133268, -0.7993012819865046, -1.3730733424668877]"
Q2/endpoint/ordinal/ordered_location_scale,ok,824,2.1537566465985506e-09,9.054410132122687e-09,6.325206019363806,7.03499529967068,"[-0.013400796708604956, -0.1296540716579961, 0.0398593929314309, -0.1451776042085549, -0.1108670013052791, -0.2582664560969099, -1.230853067024531, -1.1013114974978708, -1.066696452538649, -1.621941383344525, -0.18264652775166687, -0.3203990974844391, -0.4745945849453892, 0.3939544759773907, 0.45795058151520984]","[0.12735483246801546, 0.13161692620226698, 0.11504572480529822, 0.15618993573733295, 0.15926026589659564, 0.11309327477981075, 0.14670622872544326, 0.13984012349743102, 0.14882103662307572, 0.1810058738305119, 0.1551123200113874, 0.16036705430490716, 0.1493867355691249, 0.2045777476727318, 0.20376729234257218]",design columns; ordered: 5 cutpoint-transform parameters; location-scale: design columns for log scale,"[-0.12168092461741284, -0.23685707297456246, -0.042269966068928605, 0.0, 0.0, -0.3694877646185243, -1.0573431174439052, -0.9250301637554312, -0.8928583440466008, -1.4523811279855428, 0.04860740676132613, -0.049739912143367086, -0.19558675771738646, 0.0, 0.0]"
Q2/endpoint/midpoint/OLS_HC3,ok,824,0.0,0.0,13.26662373510408,13.26662373510408,"[0.26249999999999973, -0.025158227848100925, -0.082738095238095, -0.0509740259740257, 0.00487312973453567, 0.03128964059196592]","[0.030696721000425302, 0.039160920827659165, 0.038243768420947934, 0.037701968461020315, 0.05079088826270626, 0.048759511030260425]",design columns; ordered: 5 cutpoint-transform parameters; location-scale: design columns for log scale,"[0.2560377615762453, -0.021772507469947647, -0.06626348806786816, -0.03947627709020285, 0.0, 0.0]"
Q2/endpoint/any_spending/OLS_HC3,ok,824,0.0,0.0,13.26662373510408,13.26662373510408,"[0.6083333333333331, 0.005590717299578484, -0.044841269841269536, 0.08647186147186177, -0.12375357633834987, -0.1305840800026849]","[0.044933761374740894, 0.0594840201008725, 0.06326559076444492, 0.05842991753903658, 0.08210726897383794, 0.08580777346202324]",design columns; ordered: 5 cutpoint-transform parameters; location-scale: design columns for log scale,"[0.6561519207813125, -0.06018822273401073, -0.11567965717203624, 0.0013920370514307516, 0.0, 0.0]"
Q2/endpoint/any_spending/logit,ok,824,2.5450350219944415e-09,3.870242853275454e-09,3.105937761251629,3.039246757410297,"[0.4403118396626434, 0.02352526222773815, -0.1849651572379416, 0.38236940829914035, -0.5372016598319778, -0.5601578154408117]","[0.1877012729932093, 0.24925960800967265, 0.26025903508564896, 0.257057916619305, 0.350850789582112, 0.3603664223675049]",design columns; ordered: 5 cutpoint-transform parameters; location-scale: design columns for log scale,"[0.6463761888856276, -0.25773103182177326, -0.4842548210380878, 0.005848697954808942, 0.0, 0.0]"
Q2/endpoint/any_spending/probit,ok,824,7.440040540501789e-09,3.673991285959081e-09,8.136098223849386,8.087295290170566,"[0.2749777641757281, 0.014583558451006713, -0.1151488954180416, 0.23453964259579194, -0.33078985565075086, -0.34577132855725]","[0.11642184626535507, 0.15452906217348614, 0.16195468519829667, 0.15764680270915185, 0.21653066458815098, 0.2231688853872929]",design columns; ordered: 5 cutpoint-transform parameters; location-scale: design columns for log scale,"[0.40139294008547105, -0.15908905444354104, -0.3004726636423835, 0.004890628058437206, 0.0, 0.0]"
Q2/endpoint/ge10/OLS_HC3,ok,824,0.0,0.0,13.26662373510408,13.26662373510408,"[0.46666666666666634, 0.014345991561181829, -0.038095238095237745, 0.02034632034632066, -0.09259985448657759, -0.045816973723950785]","[0.04592470931522505, 0.0609037526467162, 0.06390568103498358, 0.061258762088102325, 0.08451575740952359, 0.08730377210009019]",design columns; ordered: 5 cutpoint-transform parameters; location-scale: design columns for log scale,"[0.493359162535938, -0.033294970520220415, -0.06394044700257227, -0.02714552295355212, 0.0, 0.0]"
Q2/endpoint/ge10/logit,ok,824,2.0526628056409684e-09,9.741767910153485e-10,3.2943751739485774,3.3013275963996556,"[-0.1335313938525262, 0.057545502007012, -0.1541506795374992, 0.08157164526694555, -0.3746832226855464, -0.18645122065620848]","[0.18365111803013365, 0.24344755751553307, 0.2576292834933421, 0.24476507409869327, 0.3404016452927216, 0.35356633584093056]",design columns; ordered: 5 cutpoint-transform parameters; location-scale: design columns for log scale,"[-0.025831641601117, -0.13414860426062997, -0.25923618588655056, -0.11009395647920255, 0.0, 0.0]"
Q2/endpoint/ge10/probit,ok,824,1.7312854407912453e-09,5.952563404431529e-09,8.413420288222639,8.423895588404683,"[-0.08365173337945418, 0.0360395466339071, -0.09636065120622375, 0.05109237026755021, -0.23421830686690354, -0.11640918073850179]","[0.11497635378660266, 0.1524548677923743, 0.16101713080298435, 0.1532915962973503, 0.21283079048976794, 0.22077806188164065]",design columns; ordered: 5 cutpoint-transform parameters; location-scale: design columns for log scale,"[-0.01620889514217765, -0.08404303709098333, -0.16201277604666728, -0.06887470683310074, 0.0, 0.0]"
Q2/endpoint/ge25/OLS_HC3,ok,824,0.0,0.0,13.26662373510408,13.26662373510408,"[0.35833333333333317, -0.029219409282700226, -0.0964285714285713, -0.07911255411255402, 0.005473082616665634, 0.04201399375817975]","[0.04414098355718055, 0.05799776268609519, 0.059222323259497556, 0.05720512235185823, 0.07808076931474836, 0.0787616107625276]",design columns; ordered: 5 cutpoint-transform parameters; location-scale: design columns for log scale,"[0.349871972009016, -0.025207783471167717, -0.07432894367617458, -0.06405792422383393, 0.0, 0.0]"
Q2/endpoint/ge25/logit,ok,824,2.3611321010553604e-09,5.229592206959645e-09,2.8801572689451143,2.876037873059199,"[-0.5826053237526978, -0.12959006816183732, -0.4534866271797049, -0.3657247775466141, 0.008295389562257007, 0.16394240799754325]","[0.1910724132593863, 0.25570227547066376, 0.2790439544818002, 0.262697833667628, 0.3695158607933515, 0.3939239133509905]",design columns; ordered: 5 cutpoint-transform parameters; location-scale: design columns for log scale,"[-0.6088447989918815, -0.12101105954850302, -0.37311042944076483, -0.3163315249662796, 0.0, 0.0]"
Q2/endpoint/ge25/probit,ok,824,1.1621797030669573e-09,4.444707631072289e-09,7.792874757001691,7.78816196054576,"[-0.3629172946197446, -0.07944390603110141, -0.2745668747267914, -0.22224058820530937, 0.007240922670786887, 0.10366339320743204]","[0.11762099457882899, 0.156816203430064, 0.16856388375333275, 0.15963623336141897, 0.2231088456170813, 0.234961095444727]",design columns; ordered: 5 cutpoint-transform parameters; location-scale: design columns for log scale,"[-0.3809528585398336, -0.07290981055749235, -0.22216542502554396, -0.18907400586470846, 0.0, 0.0]"
Q2/endpoint/ge50/OLS_HC3,ok,824,0.0,0.0,13.26662373510408,13.26662373510408,"[0.21666666666666656, -0.02679324894514752, -0.1055555555555554, -0.06731601731601723, 0.02342800105435223, 0.07248397597234796]","[0.0379239020640365, 0.04923634450404208, 0.047272262397806554, 0.04768657282064635, 0.0646796969066024, 0.06228582782379428]",design columns; ordered: 5 cutpoint-transform parameters; location-scale: design columns for log scale,"[0.19924927262871148, -0.012887414914941398, -0.06714678242411666, -0.03632662792381143, 0.0, 0.0]"
Q2/endpoint/ge50/logit,ok,824,8.022567986415376e-09,3.7681398433019895e-09,1.9363537066933982,1.9248242776283115,"[-1.285198297827708, -0.1656346368415173, -0.7942433312653476, -0.4545048797575557, 0.1388960590547581, 0.5057982484063316]","[0.22239600902846104, 0.3015089120219738, 0.36111847830447896, 0.3177211703570425, 0.4487436215258349, 0.5078240344877069]",design columns; ordered: 5 cutpoint-transform parameters; location-scale: design columns for log scale,"[-1.3734762373850118, -0.09244760714676965, -0.5459943857033938, -0.2793049785606969, 0.0, 0.0]"
Q2/endpoint/ge50/probit,ok,824,2.979621084923554e-09,4.859958312808819e-09,6.179663807309061,6.160161761535543,"[-0.7835003925846857, -0.09486247800385958, -0.43713992966092524, -0.25572203468450033, 0.08027683629203249, 0.28256730991100715]","[0.12860457466878322, 0.1728225509315542, 0.19634589502041244, 0.17864591475265962, 0.25045782083584184, 0.2736656059304178]",design columns; ordered: 5 cutpoint-transform parameters; location-scale: design columns for log scale,"[-0.8387790206228911, -0.05049768392082428, -0.2937526028614788, -0.15030465642675297, 0.0, 0.0]"
Q2/endpoint/top75/OLS_HC3,ok,824,0.0,0.0,13.26662373510408,13.26662373510408,"[0.19166666666666654, -0.058755274261603166, -0.12023809523809506, -0.10075757575757562, 0.06273669430141737, 0.06808869425148477]","[0.03623365966078273, 0.04529463806981425, 0.0429852909175985, 0.043087927824679836, 0.056845897847483395, 0.05181480415555829]",design columns; ordered: 5 cutpoint-transform parameters; location-scale: design columns for log scale,"[0.16709423064482562, -0.025351258381002873, -0.08333785997072303, -0.057037786991443094, 0.0, 0.0]"
Q2/endpoint/top75/logit,ok,824,6.557615874262399e-09,5.077260178630569e-09,1.4036359066585584,1.403183594144807,"[-1.4392167701201044, -0.436241894518236, -1.1257326916898875, -0.8633683335746906, 0.48349479906418913, 0.21747390370986083]","[0.2327704219845871, 0.33091271541810446, 0.4179927014976196, 0.3651435578803803, 0.5237002448325909, 0.6807763222747392]",design columns; ordered: 5 cutpoint-transform parameters; location-scale: design columns for log scale,"[-1.5362572834637063, -0.24472086133777873, -1.032337784747504, -0.6359379116074518, 0.0, 0.0]"
Q2/endpoint/top75/probit,ok,824,4.30272144343222e-09,1.2084312752184577e-09,5.176220827751625,5.162024120792269,"[-0.8717709681175039, -0.2409628655990635, -0.5934628425645918, -0.463406778158375, 0.2649134417793051, 0.16337644962662726]","[0.13218536306189638, 0.18274872600078784, 0.2144462760028578, 0.19408482748949515, 0.2752027934390973, 0.32775293404477396]",design columns; ordered: 5 cutpoint-transform parameters; location-scale: design columns for log scale,"[-0.9370218950959831, -0.12379388807056765, -0.5177411461480593, -0.32584696052307155, 0.0, 0.0]"
