spec_id,component,estimate,lo,hi,index,panel
R/trend/ordinal/OLS_HC3/omnibus,1,0.037316496882475715,-0.08824308615969281,0.16287607992464423,0,ordinal/OLS_HC3
R/trend/ordinal/OLS_HC3/omnibus,2,0.14510039396328137,0.023390435242968452,0.26681035268359427,0,ordinal/OLS_HC3
R/trend/ordinal/OLS_HC3/cash-food,1,-0.037316496882475715,-0.16287607992464423,0.08824308615969281,1,ordinal/OLS_HC3
R/trend/ordinal/OLS_HC3/cash-medical,1,-0.14510039396328137,-0.26681035268359427,-0.023390435242968452,2,ordinal/OLS_HC3
R/trend/ordinal/OLS_HC3/food-medical,1,-0.10778389708080566,-0.22923187616355292,0.013664082001941608,3,ordinal/OLS_HC3
R/trend/ordinal/OLS_HC3/restricted-cash,1,0.09120844542287854,-0.016503478554417902,0.198920369400175,4,ordinal/OLS_HC3
R/saturated/ordinal/OLS_HC3/omnibus,1,0.014741343229654907,-0.24036245443631224,0.26984514089562206,5,ordinal/OLS_HC3
R/saturated/ordinal/OLS_HC3/omnibus,2,0.07460003128143142,-0.17639341639116682,0.3255934789540297,5,ordinal/OLS_HC3
R/saturated/ordinal/OLS_HC3/omnibus,3,0.1996599249127362,-0.04943384178156099,0.4487536916070334,5,ordinal/OLS_HC3
R/saturated/ordinal/OLS_HC3/omnibus,4,0.29036097486834433,0.04701370631306853,0.5337082434236201,5,ordinal/OLS_HC3
R/saturated/ordinal/OLS_HC3/cash-food,1,-0.014741343229654907,-0.26984514089562206,0.24036245443631224,6,ordinal/OLS_HC3
R/saturated/ordinal/OLS_HC3/cash-food,2,-0.07460003128143142,-0.3255934789540297,0.17639341639116682,6,ordinal/OLS_HC3
R/saturated/ordinal/OLS_HC3/cash-medical,1,-0.1996599249127362,-0.4487536916070334,0.04943384178156099,7,ordinal/OLS_HC3
R/saturated/ordinal/OLS_HC3/cash-medical,2,-0.29036097486834433,-0.5337082434236201,-0.04701370631306853,7,ordinal/OLS_HC3
R/saturated/ordinal/OLS_HC3/food-medical,1,-0.1849185816830813,-0.4277222291474104,0.0578850657812478,8,ordinal/OLS_HC3
R/saturated/ordinal/OLS_HC3/food-medical,2,-0.21576094358691292,-0.45871431659763073,0.027192429423804926,8,ordinal/OLS_HC3
R/saturated/ordinal/OLS_HC3/restricted-cash,1,0.10720063407119555,-0.11376185887563985,0.32816312701803096,9,ordinal/OLS_HC3
R/saturated/ordinal/OLS_HC3/restricted-cash,2,0.1824805030748879,-0.03281282375997746,0.39777382990975324,9,ordinal/OLS_HC3
R/endpoint/ordinal/OLS_HC3/omnibus,1,0.07460003128143326,-0.17639341639116518,0.32559347895403173,10,ordinal/OLS_HC3
R/endpoint/ordinal/OLS_HC3/omnibus,2,0.29036097486834744,0.04701370631307161,0.5337082434236233,10,ordinal/OLS_HC3
R/endpoint/ordinal/OLS_HC3/cash-food,1,-0.07460003128143326,-0.32559347895403173,0.17639341639116518,11,ordinal/OLS_HC3
R/endpoint/ordinal/OLS_HC3/cash-medical,1,-0.29036097486834744,-0.5337082434236233,-0.04701370631307161,12,ordinal/OLS_HC3
R/endpoint/ordinal/OLS_HC3/food-medical,1,-0.21576094358691417,-0.45871431659763207,0.02719242942380376,13,ordinal/OLS_HC3
R/endpoint/ordinal/OLS_HC3/restricted-cash,1,0.18248050307489036,-0.03281282375997513,0.39777382990975585,14,ordinal/OLS_HC3
A/trend/ordinal/OLS_HC3/omnibus,1,0.039885582094914857,-0.08594656760116212,0.16571773179099183,15,ordinal/OLS_HC3
A/trend/ordinal/OLS_HC3/omnibus,2,0.14162963214919247,0.019715875557014956,0.26354338874136995,15,ordinal/OLS_HC3
A/trend/ordinal/OLS_HC3/cash-food,1,-0.039885582094914857,-0.16571773179099183,0.08594656760116212,16,ordinal/OLS_HC3
A/trend/ordinal/OLS_HC3/cash-medical,1,-0.14162963214919247,-0.26354338874136995,-0.019715875557014956,17,ordinal/OLS_HC3
A/trend/ordinal/OLS_HC3/food-medical,1,-0.10174405005427761,-0.22320661613083168,0.01971851602227645,18,ordinal/OLS_HC3
A/trend/ordinal/OLS_HC3/restricted-cash,1,0.09075760712205366,-0.017224142411379054,0.19873935665548637,19,ordinal/OLS_HC3
A/saturated/ordinal/OLS_HC3/omnibus,1,0.017112752890958528,-0.238052682661054,0.2722781884429711,20,ordinal/OLS_HC3
A/saturated/ordinal/OLS_HC3/omnibus,2,0.07971335594461766,-0.17181066897991543,0.3312373808691507,20,ordinal/OLS_HC3
A/saturated/ordinal/OLS_HC3/omnibus,3,0.1973824061285496,-0.052104100057263125,0.4468689123143623,20,ordinal/OLS_HC3
A/saturated/ordinal/OLS_HC3/omnibus,4,0.28328344373425496,0.0395385975659564,0.5270282899025536,20,ordinal/OLS_HC3
A/saturated/ordinal/OLS_HC3/cash-food,1,-0.017112752890958528,-0.2722781884429711,0.238052682661054,21,ordinal/OLS_HC3
A/saturated/ordinal/OLS_HC3/cash-food,2,-0.07971335594461766,-0.3312373808691507,0.17181066897991543,21,ordinal/OLS_HC3
A/saturated/ordinal/OLS_HC3/cash-medical,1,-0.1973824061285496,-0.4468689123143623,0.052104100057263125,22,ordinal/OLS_HC3
A/saturated/ordinal/OLS_HC3/cash-medical,2,-0.28328344373425496,-0.5270282899025536,-0.0395385975659564,22,ordinal/OLS_HC3
A/saturated/ordinal/OLS_HC3/food-medical,1,-0.18026965323759106,-0.42292969612085607,0.06239038964567398,23,ordinal/OLS_HC3
A/saturated/ordinal/OLS_HC3/food-medical,2,-0.2035700877896373,-0.4465495386519328,0.039409363072658216,23,ordinal/OLS_HC3
A/saturated/ordinal/OLS_HC3/restricted-cash,1,0.10724757950975407,-0.11401128253106661,0.32850644155057473,24,ordinal/OLS_HC3
A/saturated/ordinal/OLS_HC3/restricted-cash,2,0.1814983998394363,-0.03432140738081549,0.3973182070596881,24,ordinal/OLS_HC3
A/endpoint/ordinal/OLS_HC3/omnibus,1,0.07971335594462117,-0.1718106689799119,0.3312373808691542,25,ordinal/OLS_HC3
A/endpoint/ordinal/OLS_HC3/omnibus,2,0.2832834437342594,0.039538597565960815,0.527028289902558,25,ordinal/OLS_HC3
A/endpoint/ordinal/OLS_HC3/cash-food,1,-0.07971335594462117,-0.3312373808691542,0.1718106689799119,26,ordinal/OLS_HC3
A/endpoint/ordinal/OLS_HC3/cash-medical,1,-0.2832834437342594,-0.527028289902558,-0.039538597565960815,27,ordinal/OLS_HC3
A/endpoint/ordinal/OLS_HC3/food-medical,1,-0.20357008778963823,-0.44654953865193375,0.0394093630726573,28,ordinal/OLS_HC3
A/endpoint/ordinal/OLS_HC3/restricted-cash,1,0.18149839983944027,-0.03432140738081155,0.3973182070596921,29,ordinal/OLS_HC3
C/trend/ordinal/OLS_HC3/omnibus,1,0.06287078330140806,-0.06636916957235188,0.192110736175168,30,ordinal/OLS_HC3
C/trend/ordinal/OLS_HC3/omnibus,2,0.17661367255031116,0.05132323568566688,0.30190410941495543,30,ordinal/OLS_HC3
C/trend/ordinal/OLS_HC3/cash-food,1,-0.06287078330140806,-0.192110736175168,0.06636916957235188,31,ordinal/OLS_HC3
C/trend/ordinal/OLS_HC3/cash-medical,1,-0.17661367255031116,-0.30190410941495543,-0.05132323568566688,32,ordinal/OLS_HC3
C/trend/ordinal/OLS_HC3/food-medical,1,-0.11374288924890309,-0.23920823670167846,0.011722458203872285,33,ordinal/OLS_HC3
C/trend/ordinal/OLS_HC3/restricted-cash,1,0.11974222792585962,0.008995033192037385,0.23048942265968186,34,ordinal/OLS_HC3
C/saturated/ordinal/OLS_HC3/omnibus,1,0.05464972387388233,-0.20824464756344946,0.31754409531121414,35,ordinal/OLS_HC3
C/saturated/ordinal/OLS_HC3/omnibus,2,0.12556944303552,-0.13271154576513608,0.38385043183617606,35,ordinal/OLS_HC3
C/saturated/ordinal/OLS_HC3/omnibus,3,0.18588007830774067,-0.06990376658371877,0.4416639231992001,35,ordinal/OLS_HC3
C/saturated/ordinal/OLS_HC3/omnibus,4,0.3528466491699656,0.10242379252785216,0.603269505812079,35,ordinal/OLS_HC3
C/saturated/ordinal/OLS_HC3/cash-food,1,-0.05464972387388233,-0.31754409531121414,0.20824464756344946,36,ordinal/OLS_HC3
C/saturated/ordinal/OLS_HC3/cash-food,2,-0.12556944303552,-0.38385043183617606,0.13271154576513608,36,ordinal/OLS_HC3
C/saturated/ordinal/OLS_HC3/cash-medical,1,-0.18588007830774067,-0.4416639231992001,0.06990376658371877,37,ordinal/OLS_HC3
C/saturated/ordinal/OLS_HC3/cash-medical,2,-0.3528466491699656,-0.603269505812079,-0.10242379252785216,37,ordinal/OLS_HC3
C/saturated/ordinal/OLS_HC3/food-medical,1,-0.13123035443385833,-0.3803363501802894,0.11787564131257272,38,ordinal/OLS_HC3
C/saturated/ordinal/OLS_HC3/food-medical,2,-0.2272772061344456,-0.4782669834326353,0.023712571163744117,38,ordinal/OLS_HC3
C/saturated/ordinal/OLS_HC3/restricted-cash,1,0.1202649010908115,-0.10723446954840313,0.3477642717300261,39,ordinal/OLS_HC3
C/saturated/ordinal/OLS_HC3/restricted-cash,2,0.23920804610274282,0.017935880941211818,0.46048021126427385,39,ordinal/OLS_HC3
C/endpoint/ordinal/OLS_HC3/omnibus,1,0.12556944303552176,-0.13271154576513433,0.38385043183617784,40,ordinal/OLS_HC3
C/endpoint/ordinal/OLS_HC3/omnibus,2,0.352846649169967,0.1024237925278535,0.6032695058120805,40,ordinal/OLS_HC3
C/endpoint/ordinal/OLS_HC3/cash-food,1,-0.12556944303552176,-0.38385043183617784,0.13271154576513433,41,ordinal/OLS_HC3
C/endpoint/ordinal/OLS_HC3/cash-medical,1,-0.352846649169967,-0.6032695058120805,-0.1024237925278535,42,ordinal/OLS_HC3
C/endpoint/ordinal/OLS_HC3/food-medical,1,-0.22727720613444524,-0.4782669834326349,0.023712571163744423,43,ordinal/OLS_HC3
C/endpoint/ordinal/OLS_HC3/restricted-cash,1,0.23920804610274438,0.017935880941213345,0.4604802112642754,44,ordinal/OLS_HC3
Q1/trend/ordinal/OLS_HC3/omnibus,1,-0.004554396521069168,-0.19152972135512658,0.18242092831298823,45,ordinal/OLS_HC3
Q1/trend/ordinal/OLS_HC3/omnibus,2,0.08148320208893899,-0.09755405595620444,0.2605204601340824,45,ordinal/OLS_HC3
Q1/trend/ordinal/OLS_HC3/cash-food,1,0.004554396521069168,-0.18242092831298823,0.19152972135512658,46,ordinal/OLS_HC3
Q1/trend/ordinal/OLS_HC3/cash-medical,1,-0.08148320208893899,-0.2605204601340824,0.09755405595620444,47,ordinal/OLS_HC3
Q1/trend/ordinal/OLS_HC3/food-medical,1,-0.08603759861000815,-0.26107451871176357,0.08899932149174725,48,ordinal/OLS_HC3
Q1/trend/ordinal/OLS_HC3/restricted-cash,1,0.03846440278393491,-0.12230740781383502,0.19923621338170483,49,ordinal/OLS_HC3
Q1/saturated/ordinal/OLS_HC3/omnibus,1,-0.039605447114091794,-0.4177460804413382,0.3385351862131546,50,ordinal/OLS_HC3
Q1/saturated/ordinal/OLS_HC3/omnibus,2,-0.00892726455190794,-0.3827544199262287,0.3648998908224128,50,ordinal/OLS_HC3
Q1/saturated/ordinal/OLS_HC3/omnibus,3,0.06222178028406862,-0.3042502895433197,0.4286938501114569,50,ordinal/OLS_HC3
Q1/saturated/ordinal/OLS_HC3/omnibus,4,0.16441678495481557,-0.19367552244728556,0.5225090923569167,50,ordinal/OLS_HC3
Q1/saturated/ordinal/OLS_HC3/cash-food,1,0.039605447114091794,-0.3385351862131546,0.4177460804413382,51,ordinal/OLS_HC3
Q1/saturated/ordinal/OLS_HC3/cash-food,2,0.00892726455190794,-0.3648998908224128,0.3827544199262287,51,ordinal/OLS_HC3
Q1/saturated/ordinal/OLS_HC3/cash-medical,1,-0.06222178028406862,-0.4286938501114569,0.3042502895433197,52,ordinal/OLS_HC3
Q1/saturated/ordinal/OLS_HC3/cash-medical,2,-0.16441678495481557,-0.5225090923569167,0.19367552244728556,52,ordinal/OLS_HC3
Q1/saturated/ordinal/OLS_HC3/food-medical,1,-0.10182722739816041,-0.45063025736553497,0.24697580256921414,53,ordinal/OLS_HC3
Q1/saturated/ordinal/OLS_HC3/food-medical,2,-0.1733440495067235,-0.5236673914547163,0.17697929244126925,53,ordinal/OLS_HC3
Q1/saturated/ordinal/OLS_HC3/restricted-cash,1,0.011308166584988413,-0.31767537379316685,0.34029170696314365,54,ordinal/OLS_HC3
Q1/saturated/ordinal/OLS_HC3/restricted-cash,2,0.07774476020145382,-0.2436690079845188,0.39915852838742644,54,ordinal/OLS_HC3
Q1/endpoint/ordinal/OLS_HC3/omnibus,1,-0.00892726455190758,-0.38275441992622833,0.3648998908224132,55,ordinal/OLS_HC3
Q1/endpoint/ordinal/OLS_HC3/omnibus,2,0.1644167849548189,-0.19367552244728223,0.52250909235692,55,ordinal/OLS_HC3
Q1/endpoint/ordinal/OLS_HC3/cash-food,1,0.00892726455190758,-0.3648998908224132,0.38275441992622833,56,ordinal/OLS_HC3
Q1/endpoint/ordinal/OLS_HC3/cash-medical,1,-0.1644167849548189,-0.52250909235692,0.19367552244728223,57,ordinal/OLS_HC3
Q1/endpoint/ordinal/OLS_HC3/food-medical,1,-0.1733440495067265,-0.5236673914547193,0.1769792924412663,58,ordinal/OLS_HC3
Q1/endpoint/ordinal/OLS_HC3/restricted-cash,1,0.07774476020145565,-0.24366900798451702,0.3991585283874283,59,ordinal/OLS_HC3
Q2/trend/ordinal/OLS_HC3/omnibus,1,-0.05662136248232893,-0.34651991361978174,0.2332771886551239,60,ordinal/OLS_HC3
Q2/trend/ordinal/OLS_HC3/omnibus,2,-0.0007595910275112115,-0.28639646399264124,0.2848772819376188,60,ordinal/OLS_HC3
Q2/trend/ordinal/OLS_HC3/cash-food,1,0.05662136248232893,-0.2332771886551239,0.34651991361978174,61,ordinal/OLS_HC3
Q2/trend/ordinal/OLS_HC3/cash-medical,1,0.0007595910275112115,-0.2848772819376188,0.28639646399264124,62,ordinal/OLS_HC3
Q2/trend/ordinal/OLS_HC3/food-medical,1,-0.055861771454817716,-0.33213028063780325,0.2204067377281678,63,ordinal/OLS_HC3
Q2/trend/ordinal/OLS_HC3/restricted-cash,1,-0.02869047675492007,-0.2811458674339444,0.22376491392410422,64,ordinal/OLS_HC3
Q2/saturated/ordinal/OLS_HC3/omnibus,1,0.4565115514975429,-0.16818393120127012,1.081207034196356,65,ordinal/OLS_HC3
Q2/saturated/ordinal/OLS_HC3/omnibus,2,-0.12471565285249227,-0.7072151603809025,0.4577838546759179,65,ordinal/OLS_HC3
Q2/saturated/ordinal/OLS_HC3/omnibus,3,0.21019604359156488,-0.3825124176310961,0.8029045048142258,65,ordinal/OLS_HC3
Q2/saturated/ordinal/OLS_HC3/omnibus,4,0.006185610255376143,-0.5688168160324611,0.5811880365432134,65,ordinal/OLS_HC3
Q2/saturated/ordinal/OLS_HC3/cash-food,1,-0.4565115514975429,-1.081207034196356,0.16818393120127012,66,ordinal/OLS_HC3
Q2/saturated/ordinal/OLS_HC3/cash-food,2,0.12471565285249227,-0.4577838546759179,0.7072151603809025,66,ordinal/OLS_HC3
Q2/saturated/ordinal/OLS_HC3/cash-medical,1,-0.21019604359156488,-0.8029045048142258,0.3825124176310961,67,ordinal/OLS_HC3
Q2/saturated/ordinal/OLS_HC3/cash-medical,2,-0.006185610255376143,-0.5811880365432134,0.5688168160324611,67,ordinal/OLS_HC3
Q2/saturated/ordinal/OLS_HC3/food-medical,1,0.24631550790597803,-0.31368913809681276,0.8063201539087688,68,ordinal/OLS_HC3
Q2/saturated/ordinal/OLS_HC3/food-medical,2,-0.1309012631078684,-0.683045759447495,0.42124323323175816,68,ordinal/OLS_HC3
Q2/saturated/ordinal/OLS_HC3/restricted-cash,1,0.3333537975445539,-0.20736108311663254,0.8740686782057403,69,ordinal/OLS_HC3
Q2/saturated/ordinal/OLS_HC3/restricted-cash,2,-0.05926502129855806,-0.5679406026314299,0.4494105600343138,69,ordinal/OLS_HC3
Q2/endpoint/ordinal/OLS_HC3/omnibus,1,-0.12471565285249148,-0.7072151603809003,0.45778385467591726,70,ordinal/OLS_HC3
Q2/endpoint/ordinal/OLS_HC3/omnibus,2,0.006185610255377772,-0.5688168160324584,0.5811880365432139,70,ordinal/OLS_HC3
Q2/endpoint/ordinal/OLS_HC3/cash-food,1,0.12471565285249148,-0.45778385467591726,0.7072151603809003,71,ordinal/OLS_HC3
Q2/endpoint/ordinal/OLS_HC3/cash-medical,1,-0.006185610255377772,-0.5811880365432139,0.5688168160324584,72,ordinal/OLS_HC3
Q2/endpoint/ordinal/OLS_HC3/food-medical,1,-0.13090126310786926,-0.6830457594474952,0.42124323323175666,73,ordinal/OLS_HC3
Q2/endpoint/ordinal/OLS_HC3/restricted-cash,1,-0.059265021298556854,-0.5679406026314273,0.4494105600343136,74,ordinal/OLS_HC3
R/trend/ordinal/ordered_logit/omnibus,1,0.021769207514473962,-0.12083172406399235,0.1643701390929403,0,ordinal/ordered_logit
R/trend/ordinal/ordered_logit/omnibus,2,0.15117320862346717,0.00853086329578917,0.29381555395114517,0,ordinal/ordered_logit
R/trend/ordinal/ordered_logit/cash-food,1,-0.021769207514473962,-0.1643701390929403,0.12083172406399235,1,ordinal/ordered_logit
R/trend/ordinal/ordered_logit/cash-medical,1,-0.15117320862346717,-0.29381555395114517,-0.00853086329578917,2,ordinal/ordered_logit
R/trend/ordinal/ordered_logit/food-medical,1,-0.1294040011089932,-0.2729605255667714,0.014152523348785057,3,ordinal/ordered_logit
R/trend/ordinal/ordered_logit/restricted-cash,1,0.08647120806897057,-0.036771695398995136,0.20971411153693628,4,ordinal/ordered_logit
R/saturated/ordinal/ordered_logit/omnibus,1,0.028006017958801255,-0.26456955796602116,0.3205815938836237,5,ordinal/ordered_logit
R/saturated/ordinal/ordered_logit/omnibus,2,0.04344837488103507,-0.24191770513351876,0.3288144548955889,5,ordinal/ordered_logit
R/saturated/ordinal/ordered_logit/omnibus,3,0.2547884099666032,-0.036118840968772936,0.5456956609019793,5,ordinal/ordered_logit
R/saturated/ordinal/ordered_logit/omnibus,4,0.30430021807599633,0.01846397082074669,0.590136465331246,5,ordinal/ordered_logit
R/saturated/ordinal/ordered_logit/cash-food,1,-0.028006017958801255,-0.3205815938836237,0.26456955796602116,6,ordinal/ordered_logit
R/saturated/ordinal/ordered_logit/cash-food,2,-0.04344837488103507,-0.3288144548955889,0.24191770513351876,6,ordinal/ordered_logit
R/saturated/ordinal/ordered_logit/cash-medical,1,-0.2547884099666032,-0.5456956609019793,0.036118840968772936,7,ordinal/ordered_logit
R/saturated/ordinal/ordered_logit/cash-medical,2,-0.30430021807599633,-0.590136465331246,-0.01846397082074669,7,ordinal/ordered_logit
R/saturated/ordinal/ordered_logit/food-medical,1,-0.22678239200780193,-0.51251384096042,0.05894905694481606,8,ordinal/ordered_logit
R/saturated/ordinal/ordered_logit/food-medical,2,-0.26085184319496124,-0.548549729727547,0.02684604333762458,8,ordinal/ordered_logit
R/saturated/ordinal/ordered_logit/restricted-cash,1,0.14139721396270222,-0.11297089116669301,0.39576531909209745,9,ordinal/ordered_logit
R/saturated/ordinal/ordered_logit/restricted-cash,2,0.1738742964785157,-0.0728554371473473,0.42060403010437875,9,ordinal/ordered_logit
R/endpoint/ordinal/ordered_logit/omnibus,1,0.04371004080399371,-0.23885491704132528,0.3262749986493127,10,ordinal/ordered_logit
R/endpoint/ordinal/ordered_logit/omnibus,2,0.3015074599688111,0.01839959905270383,0.5846153208849184,10,ordinal/ordered_logit
R/endpoint/ordinal/ordered_logit/cash-food,1,-0.04371004080399371,-0.3262749986493127,0.23885491704132528,11,ordinal/ordered_logit
R/endpoint/ordinal/ordered_logit/cash-medical,1,-0.3015074599688111,-0.5846153208849184,-0.01839959905270383,12,ordinal/ordered_logit
R/endpoint/ordinal/ordered_logit/food-medical,1,-0.2577974191648174,-0.5429084915174731,0.02731365318783835,13,ordinal/ordered_logit
R/endpoint/ordinal/ordered_logit/restricted-cash,1,0.17260875038640242,-0.07167474734275259,0.4168922481155574,14,ordinal/ordered_logit
A/trend/ordinal/ordered_logit/omnibus,1,0.024449991294365505,-0.11861662750426047,0.16751661009299149,15,ordinal/ordered_logit
A/trend/ordinal/ordered_logit/omnibus,2,0.14851355467584146,0.005504185399004713,0.2915229239526782,15,ordinal/ordered_logit
A/trend/ordinal/ordered_logit/cash-food,1,-0.024449991294365505,-0.16751661009299149,0.11861662750426047,16,ordinal/ordered_logit
A/trend/ordinal/ordered_logit/cash-medical,1,-0.14851355467584146,-0.2915229239526782,-0.005504185399004713,17,ordinal/ordered_logit
A/trend/ordinal/ordered_logit/food-medical,1,-0.12406356338147595,-0.2676514380213776,0.019524311258425686,18,ordinal/ordered_logit
A/trend/ordinal/ordered_logit/restricted-cash,1,0.08648177298510348,-0.037233622668848915,0.21019716863905588,19,ordinal/ordered_logit
A/saturated/ordinal/ordered_logit/omnibus,1,0.031788526817842715,-0.2610062589534777,0.3245833125891631,20,ordinal/ordered_logit
A/saturated/ordinal/ordered_logit/omnibus,2,0.04876307144908085,-0.2374842837268137,0.3350104266249754,20,ordinal/ordered_logit
A/saturated/ordinal/ordered_logit/omnibus,3,0.25179271680760273,-0.039569340831513145,0.5431547744467187,20,ordinal/ordered_logit
A/saturated/ordinal/ordered_logit/omnibus,4,0.29882270215374945,0.012299188080631795,0.5853462162268671,20,ordinal/ordered_logit
A/saturated/ordinal/ordered_logit/cash-food,1,-0.031788526817842715,-0.3245833125891631,0.2610062589534777,21,ordinal/ordered_logit
A/saturated/ordinal/ordered_logit/cash-food,2,-0.04876307144908085,-0.3350104266249754,0.2374842837268137,21,ordinal/ordered_logit
A/saturated/ordinal/ordered_logit/cash-medical,1,-0.25179271680760273,-0.5431547744467187,0.039569340831513145,22,ordinal/ordered_logit
A/saturated/ordinal/ordered_logit/cash-medical,2,-0.29882270215374945,-0.5853462162268671,-0.012299188080631795,22,ordinal/ordered_logit
A/saturated/ordinal/ordered_logit/food-medical,1,-0.22000418998976,-0.5056359309590059,0.06562755097948597,23,ordinal/ordered_logit
A/saturated/ordinal/ordered_logit/food-medical,2,-0.25005963070466863,-0.5377841460310886,0.03766488462175138,23,ordinal/ordered_logit
A/saturated/ordinal/ordered_logit/restricted-cash,1,0.14179062181272273,-0.11299152972267396,0.3965727733481194,24,ordinal/ordered_logit
A/saturated/ordinal/ordered_logit/restricted-cash,2,0.17379288680141514,-0.07383644718598939,0.42142222078881963,24,ordinal/ordered_logit
A/endpoint/ordinal/ordered_logit/omnibus,1,0.049004610996800216,-0.2343210994996653,0.3323303214932657,25,ordinal/ordered_logit
A/endpoint/ordinal/ordered_logit/omnibus,2,0.2959816347754317,0.012320701044312377,0.579642568506551,25,ordinal/ordered_logit
A/endpoint/ordinal/ordered_logit/cash-food,1,-0.049004610996800216,-0.3323303214932657,0.2343210994996653,26,ordinal/ordered_logit
A/endpoint/ordinal/ordered_logit/cash-medical,1,-0.2959816347754317,-0.579642568506551,-0.012320701044312377,27,ordinal/ordered_logit
A/endpoint/ordinal/ordered_logit/food-medical,1,-0.2469770237786315,-0.5319805023293138,0.038026454772050855,28,ordinal/ordered_logit
A/endpoint/ordinal/ordered_logit/restricted-cash,1,0.17249312288611596,-0.07258185764080646,0.4175681034130384,29,ordinal/ordered_logit
C/trend/ordinal/ordered_logit/omnibus,1,0.04328647871372198,-0.10370091362129058,0.19027387104873456,30,ordinal/ordered_logit
C/trend/ordinal/ordered_logit/omnibus,2,0.18814121877242235,0.04092480207982124,0.33535763546502345,30,ordinal/ordered_logit
C/trend/ordinal/ordered_logit/cash-food,1,-0.04328647871372198,-0.19027387104873456,0.10370091362129058,31,ordinal/ordered_logit
C/trend/ordinal/ordered_logit/cash-medical,1,-0.18814121877242235,-0.33535763546502345,-0.04092480207982124,32,ordinal/ordered_logit
C/trend/ordinal/ordered_logit/food-medical,1,-0.14485474005870036,-0.29335154691669,0.0036420667992893008,33,ordinal/ordered_logit
C/trend/ordinal/ordered_logit/restricted-cash,1,0.11571384874307217,-0.011274961838307257,0.2427026593244516,34,ordinal/ordered_logit
C/saturated/ordinal/ordered_logit/omnibus,1,0.07053998923972621,-0.23123388086910018,0.3723138593485526,35,ordinal/ordered_logit
C/saturated/ordinal/ordered_logit/omnibus,2,0.08667670427340615,-0.20744864622631234,0.3808020547731247,35,ordinal/ordered_logit
C/saturated/ordinal/ordered_logit/omnibus,3,0.24724393312822385,-0.052995190584922414,0.5474830568413701,35,ordinal/ordered_logit
C/saturated/ordinal/ordered_logit/omnibus,4,0.37709220944065475,0.08231194295388455,0.6718724759274249,35,ordinal/ordered_logit
C/saturated/ordinal/ordered_logit/cash-food,1,-0.07053998923972621,-0.3723138593485526,0.23123388086910018,36,ordinal/ordered_logit
C/saturated/ordinal/ordered_logit/cash-food,2,-0.08667670427340615,-0.3808020547731247,0.20744864622631234,36,ordinal/ordered_logit
C/saturated/ordinal/ordered_logit/cash-medical,1,-0.24724393312822385,-0.5474830568413701,0.052995190584922414,37,ordinal/ordered_logit
C/saturated/ordinal/ordered_logit/cash-medical,2,-0.37709220944065475,-0.6718724759274249,-0.08231194295388455,37,ordinal/ordered_logit
C/saturated/ordinal/ordered_logit/food-medical,1,-0.17670394388849764,-0.4706285543711875,0.11722066659419222,38,ordinal/ordered_logit
C/saturated/ordinal/ordered_logit/food-medical,2,-0.29041550516724857,-0.5878072604356206,0.00697625010112346,38,ordinal/ordered_logit
C/saturated/ordinal/ordered_logit/restricted-cash,1,0.15889196118397503,-0.1038009791140051,0.42158490148195515,39,ordinal/ordered_logit
C/saturated/ordinal/ordered_logit/restricted-cash,2,0.23188445685703046,-0.02226530142122546,0.4860342151352864,39,ordinal/ordered_logit
C/endpoint/ordinal/ordered_logit/omnibus,1,0.08639803577754457,-0.20427227414150517,0.3770683456965943,40,ordinal/ordered_logit
C/endpoint/ordinal/ordered_logit/omnibus,2,0.3728290925830136,0.08142624788529601,0.6642319372807313,40,ordinal/ordered_logit
C/endpoint/ordinal/ordered_logit/cash-food,1,-0.08639803577754457,-0.3770683456965943,0.20427227414150517,41,ordinal/ordered_logit
C/endpoint/ordinal/ordered_logit/cash-medical,1,-0.3728290925830136,-0.6642319372807313,-0.08142624788529601,42,ordinal/ordered_logit
C/endpoint/ordinal/ordered_logit/food-medical,1,-0.28643105680546904,-0.5805623943895253,0.007700280778587143,43,ordinal/ordered_logit
C/endpoint/ordinal/ordered_logit/restricted-cash,1,0.2296135641802791,-0.021532036111529235,0.48075916447208744,44,ordinal/ordered_logit
Q1/trend/ordinal/ordered_logit/omnibus,1,-0.03895644114751094,-0.24640106566553016,0.16848818337050825,45,ordinal/ordered_logit
Q1/trend/ordinal/ordered_logit/omnibus,2,0.07052000247218582,-0.1357326728972727,0.27677267784164433,45,ordinal/ordered_logit
Q1/trend/ordinal/ordered_logit/cash-food,1,0.03895644114751094,-0.16848818337050825,0.24640106566553016,46,ordinal/ordered_logit
Q1/trend/ordinal/ordered_logit/cash-medical,1,-0.07052000247218582,-0.27677267784164433,0.1357326728972727,47,ordinal/ordered_logit
Q1/trend/ordinal/ordered_logit/food-medical,1,-0.10947644361969676,-0.311323115650833,0.09237022841143948,48,ordinal/ordered_logit
Q1/trend/ordinal/ordered_logit/restricted-cash,1,0.015781780662337437,-0.16477624163722515,0.1963398029619,49,ordinal/ordered_logit
Q1/saturated/ordinal/ordered_logit/omnibus,1,-0.056589604737959605,-0.47937077245457066,0.36619156297865146,50,ordinal/ordered_logit
Q1/saturated/ordinal/ordered_logit/omnibus,2,-0.08116357107292513,-0.49692607755066864,0.33459893540481833,50,ordinal/ordered_logit
Q1/saturated/ordinal/ordered_logit/omnibus,3,0.1014206928266544,-0.3206796021132599,0.5235209877665687,50,ordinal/ordered_logit
Q1/saturated/ordinal/ordered_logit/omnibus,4,0.1424317492313801,-0.27179033284644294,0.5566538313092031,50,ordinal/ordered_logit
Q1/saturated/ordinal/ordered_logit/cash-food,1,0.056589604737959605,-0.36619156297865146,0.47937077245457066,51,ordinal/ordered_logit
Q1/saturated/ordinal/ordered_logit/cash-food,2,0.08116357107292513,-0.33459893540481833,0.49692607755066864,51,ordinal/ordered_logit
Q1/saturated/ordinal/ordered_logit/cash-medical,1,-0.1014206928266544,-0.5235209877665687,0.3206796021132599,52,ordinal/ordered_logit
Q1/saturated/ordinal/ordered_logit/cash-medical,2,-0.1424317492313801,-0.5566538313092031,0.27179033284644294,52,ordinal/ordered_logit
Q1/saturated/ordinal/ordered_logit/food-medical,1,-0.15801029756461402,-0.5519712749119167,0.2359506797826886,53,ordinal/ordered_logit
Q1/saturated/ordinal/ordered_logit/food-medical,2,-0.22359532030430523,-0.6284704226791947,0.18127978207058426,53,ordinal/ordered_logit
Q1/saturated/ordinal/ordered_logit/restricted-cash,1,0.0224155440443474,-0.3512888504494576,0.39611993853815247,54,ordinal/ordered_logit
Q1/saturated/ordinal/ordered_logit/restricted-cash,2,0.03063408907922749,-0.3316340925293729,0.3929022706878279,54,ordinal/ordered_logit
Q1/endpoint/ordinal/ordered_logit/omnibus,1,-0.07839808912215294,-0.4862501407410332,0.32945396249672726,55,ordinal/ordered_logit
Q1/endpoint/ordinal/ordered_logit/omnibus,2,0.13921625891411232,-0.26728071597588826,0.5457132338041129,55,ordinal/ordered_logit
Q1/endpoint/ordinal/ordered_logit/cash-food,1,0.07839808912215294,-0.32945396249672726,0.4862501407410332,56,ordinal/ordered_logit
Q1/endpoint/ordinal/ordered_logit/cash-medical,1,-0.13921625891411232,-0.5457132338041129,0.26728071597588826,57,ordinal/ordered_logit
Q1/endpoint/ordinal/ordered_logit/food-medical,1,-0.21761434803626528,-0.6152300237944179,0.18000132772188743,58,ordinal/ordered_logit
Q1/endpoint/ordinal/ordered_logit/restricted-cash,1,0.03040908489597969,-0.324931578271174,0.38574974806313345,59,ordinal/ordered_logit
Q2/trend/ordinal/ordered_logit/omnibus,1,-0.11974401623359139,-0.4298992668129836,0.19041123434580087,60,ordinal/ordered_logit
Q2/trend/ordinal/ordered_logit/omnibus,2,-0.07671112702655081,-0.392363784939993,0.2389415308868914,60,ordinal/ordered_logit
Q2/trend/ordinal/ordered_logit/cash-food,1,0.11974401623359139,-0.19041123434580087,0.4298992668129836,61,ordinal/ordered_logit
Q2/trend/ordinal/ordered_logit/cash-medical,1,0.07671112702655081,-0.2389415308868914,0.392363784939993,62,ordinal/ordered_logit
Q2/trend/ordinal/ordered_logit/food-medical,1,-0.043032889207040584,-0.35206366035845027,0.26599788194436913,63,ordinal/ordered_logit
Q2/trend/ordinal/ordered_logit/restricted-cash,1,-0.09822757163007109,-0.37033313124854783,0.17387798798840562,64,ordinal/ordered_logit
Q2/saturated/ordinal/ordered_logit/omnibus,1,0.4767913264511654,-0.19748150343951387,1.1510641563418447,65,ordinal/ordered_logit
Q2/saturated/ordinal/ordered_logit/omnibus,2,-0.24455400255239032,-0.8760098594482539,0.38690185434347324,65,ordinal/ordered_logit
Q2/saturated/ordinal/ordered_logit/omnibus,3,0.2799817255421954,-0.37620528725041064,0.9361687383348014,65,ordinal/ordered_logit
Q2/saturated/ordinal/ordered_logit/omnibus,4,-0.13987038454658812,-0.7843246633906151,0.5045838942974388,65,ordinal/ordered_logit
Q2/saturated/ordinal/ordered_logit/cash-food,1,-0.4767913264511654,-1.1510641563418447,0.19748150343951387,66,ordinal/ordered_logit
Q2/saturated/ordinal/ordered_logit/cash-food,2,0.24455400255239032,-0.38690185434347324,0.8760098594482539,66,ordinal/ordered_logit
Q2/saturated/ordinal/ordered_logit/cash-medical,1,-0.2799817255421954,-0.9361687383348014,0.37620528725041064,67,ordinal/ordered_logit
Q2/saturated/ordinal/ordered_logit/cash-medical,2,0.13987038454658812,-0.5045838942974388,0.7843246633906151,67,ordinal/ordered_logit
Q2/saturated/ordinal/ordered_logit/food-medical,1,0.19680960090896998,-0.39884687457075946,0.7924660763886995,68,ordinal/ordered_logit
Q2/saturated/ordinal/ordered_logit/food-medical,2,-0.1046836180058022,-0.732339254991637,0.5229720189800326,68,ordinal/ordered_logit
Q2/saturated/ordinal/ordered_logit/restricted-cash,1,0.37838652599668043,-0.21651763708171057,0.9732906890750714,69,ordinal/ordered_logit
Q2/saturated/ordinal/ordered_logit/restricted-cash,2,-0.1922121935494892,-0.7476768717282269,0.3632524846292485,69,ordinal/ordered_logit
Q2/endpoint/ordinal/ordered_logit/omnibus,1,-0.2391178524872498,-0.8590436867922453,0.38080798181774567,70,ordinal/ordered_logit
Q2/endpoint/ordinal/ordered_logit/omnibus,2,-0.1376966364179434,-0.7707743763252627,0.4953811034893759,70,ordinal/ordered_logit
Q2/endpoint/ordinal/ordered_logit/cash-food,1,0.2391178524872498,-0.38080798181774567,0.8590436867922453,71,ordinal/ordered_logit
Q2/endpoint/ordinal/ordered_logit/cash-medical,1,0.1376966364179434,-0.4953811034893759,0.7707743763252627,72,ordinal/ordered_logit
Q2/endpoint/ordinal/ordered_logit/food-medical,1,-0.10142121606930637,-0.7184988544420665,0.5156564223034539,73,ordinal/ordered_logit
Q2/endpoint/ordinal/ordered_logit/restricted-cash,1,-0.1884072444525966,-0.7337067304761269,0.3568922415709337,74,ordinal/ordered_logit
R/trend/ordinal/ordered_probit/omnibus,1,0.025641976251161908,-0.05911597015145453,0.11039992265377835,0,ordinal/ordered_probit
R/trend/ordinal/ordered_probit/omnibus,2,0.09406085011953262,0.009729485205898974,0.17839221503316627,0,ordinal/ordered_probit
R/trend/ordinal/ordered_probit/cash-food,1,-0.025641976251161908,-0.11039992265377835,0.05911597015145453,1,ordinal/ordered_probit
R/trend/ordinal/ordered_probit/cash-medical,1,-0.09406085011953262,-0.17839221503316627,-0.009729485205898974,2,ordinal/ordered_probit
R/trend/ordinal/ordered_probit/food-medical,1,-0.06841887386837071,-0.15353006337055755,0.016692315633816124,3,ordinal/ordered_probit
R/trend/ordinal/ordered_probit/restricted-cash,1,0.059851413185347264,-0.01320244125556045,0.13290526762625499,4,ordinal/ordered_probit
R/saturated/ordinal/ordered_probit/omnibus,1,0.02135620809087706,-0.15052952862411065,0.1932419448058648,5,ordinal/ordered_probit
R/saturated/ordinal/ordered_probit/omnibus,2,0.051150267804938324,-0.11820913443163587,0.2205096700415125,5,ordinal/ordered_probit
R/saturated/ordinal/ordered_probit/omnibus,3,0.15378758289968444,-0.018055487448437796,0.3256306532478067,5,ordinal/ordered_probit
R/saturated/ordinal/ordered_probit/omnibus,4,0.18860320894182475,0.01975479394452173,0.35745162393912777,5,ordinal/ordered_probit
R/saturated/ordinal/ordered_probit/cash-food,1,-0.02135620809087706,-0.1932419448058648,0.15052952862411065,6,ordinal/ordered_probit
R/saturated/ordinal/ordered_probit/cash-food,2,-0.051150267804938324,-0.2205096700415125,0.11820913443163587,6,ordinal/ordered_probit
R/saturated/ordinal/ordered_probit/cash-medical,1,-0.15378758289968444,-0.3256306532478067,0.018055487448437796,7,ordinal/ordered_probit
R/saturated/ordinal/ordered_probit/cash-medical,2,-0.18860320894182475,-0.35745162393912777,-0.01975479394452173,7,ordinal/ordered_probit
R/saturated/ordinal/ordered_probit/food-medical,1,-0.13243137480880737,-0.3020931421277926,0.03723039251017787,8,ordinal/ordered_probit
R/saturated/ordinal/ordered_probit/food-medical,2,-0.13745294113688644,-0.3078965550751451,0.03299067280137219,8,ordinal/ordered_probit
R/saturated/ordinal/ordered_probit/restricted-cash,1,0.08757189549528076,-0.06189748208391273,0.23704127307447426,9,ordinal/ordered_probit
R/saturated/ordinal/ordered_probit/restricted-cash,2,0.11987673837338153,-0.02618297819293275,0.2659364549396958,9,ordinal/ordered_probit
R/endpoint/ordinal/ordered_probit/omnibus,1,0.05113114016631412,-0.11703301422411691,0.21929529455674515,10,ordinal/ordered_probit
R/endpoint/ordinal/ordered_probit/omnibus,2,0.1873105305952851,0.01962112212954692,0.3549999390610233,10,ordinal/ordered_probit
R/endpoint/ordinal/ordered_probit/cash-food,1,-0.05113114016631412,-0.21929529455674515,0.11703301422411691,11,ordinal/ordered_probit
R/endpoint/ordinal/ordered_probit/cash-medical,1,-0.1873105305952851,-0.3549999390610233,-0.01962112212954692,12,ordinal/ordered_probit
R/endpoint/ordinal/ordered_probit/food-medical,1,-0.13617939042897098,-0.3055204208862282,0.03316164002828623,13,ordinal/ordered_probit
R/endpoint/ordinal/ordered_probit/restricted-cash,1,0.11922083538079961,-0.0257976603969374,0.2642393311585366,14,ordinal/ordered_probit
A/trend/ordinal/ordered_probit/omnibus,1,0.027650003027015365,-0.057351654835147856,0.11265166088917859,15,ordinal/ordered_probit
A/trend/ordinal/ordered_probit/omnibus,2,0.09221351441098154,0.007707717928931546,0.17671931089303153,15,ordinal/ordered_probit
A/trend/ordinal/ordered_probit/cash-food,1,-0.027650003027015365,-0.11265166088917859,0.057351654835147856,16,ordinal/ordered_probit
A/trend/ordinal/ordered_probit/cash-medical,1,-0.09221351441098154,-0.17671931089303153,-0.007707717928931546,17,ordinal/ordered_probit
A/trend/ordinal/ordered_probit/food-medical,1,-0.06456351138396617,-0.14971683880197992,0.02058981603404758,18,ordinal/ordered_probit
A/trend/ordinal/ordered_probit/restricted-cash,1,0.05993175871899845,-0.013351823662058011,0.13321534110005492,19,ordinal/ordered_probit
A/saturated/ordinal/ordered_probit/omnibus,1,0.022562411939397283,-0.149478154116866,0.19460297799566056,20,ordinal/ordered_probit
A/saturated/ordinal/ordered_probit/omnibus,2,0.05514986232495152,-0.1146762406072372,0.22497596525714025,20,ordinal/ordered_probit
A/saturated/ordinal/ordered_probit/omnibus,3,0.1514594622783674,-0.020681101120483103,0.3236000256772179,20,ordinal/ordered_probit
A/saturated/ordinal/ordered_probit/omnibus,4,0.18480016966685472,0.01562262113582899,0.3539777181978805,20,ordinal/ordered_probit
A/saturated/ordinal/ordered_probit/cash-food,1,-0.022562411939397283,-0.19460297799566056,0.149478154116866,21,ordinal/ordered_probit
A/saturated/ordinal/ordered_probit/cash-food,2,-0.05514986232495152,-0.22497596525714025,0.1146762406072372,21,ordinal/ordered_probit
A/saturated/ordinal/ordered_probit/cash-medical,1,-0.1514594622783674,-0.3236000256772179,0.020681101120483103,22,ordinal/ordered_probit
A/saturated/ordinal/ordered_probit/cash-medical,2,-0.18480016966685472,-0.3539777181978805,-0.01562262113582899,22,ordinal/ordered_probit
A/saturated/ordinal/ordered_probit/food-medical,1,-0.12889705033897011,-0.29856177124930494,0.04076767057136474,23,ordinal/ordered_probit
A/saturated/ordinal/ordered_probit/food-medical,2,-0.1296503073419032,-0.3001591169947848,0.04085850231097843,23,ordinal/ordered_probit
A/saturated/ordinal/ordered_probit/restricted-cash,1,0.08701093710888234,-0.06271760254779472,0.2367394767655594,24,ordinal/ordered_probit
A/saturated/ordinal/ordered_probit/restricted-cash,2,0.11997501599590313,-0.026526385156919685,0.26647641714872594,24,ordinal/ordered_probit
A/endpoint/ordinal/ordered_probit/omnibus,1,0.05513392574752244,-0.11347246618099474,0.2237403176760396,25,ordinal/ordered_probit
A/endpoint/ordinal/ordered_probit/omnibus,2,0.1835455577216856,0.01555259980222884,0.35153851564114236,25,ordinal/ordered_probit
A/endpoint/ordinal/ordered_probit/cash-food,1,-0.05513392574752244,-0.2237403176760396,0.11347246618099474,26,ordinal/ordered_probit
A/endpoint/ordinal/ordered_probit/cash-medical,1,-0.1835455577216856,-0.35153851564114236,-0.01555259980222884,27,ordinal/ordered_probit
A/endpoint/ordinal/ordered_probit/food-medical,1,-0.12841163197416317,-0.29779045934349113,0.0409671953951648,28,ordinal/ordered_probit
A/endpoint/ordinal/ordered_probit/restricted-cash,1,0.11933974173460402,-0.026099516598861117,0.26477900006806915,29,ordinal/ordered_probit
C/trend/ordinal/ordered_probit/omnibus,1,0.039377043869782254,-0.04789723572489022,0.12665132346445473,30,ordinal/ordered_probit
C/trend/ordinal/ordered_probit/omnibus,2,0.1148042702016637,0.02790898411998398,0.2016995562833434,30,ordinal/ordered_probit
C/trend/ordinal/ordered_probit/cash-food,1,-0.039377043869782254,-0.12665132346445473,0.04789723572489022,31,ordinal/ordered_probit
C/trend/ordinal/ordered_probit/cash-medical,1,-0.1148042702016637,-0.2016995562833434,-0.02790898411998398,32,ordinal/ordered_probit
C/trend/ordinal/ordered_probit/food-medical,1,-0.07542722633188145,-0.1633387548667413,0.012484302202978387,33,ordinal/ordered_probit
C/trend/ordinal/ordered_probit/restricted-cash,1,0.07709065703572297,0.0019129602190530448,0.1522683538523929,34,ordinal/ordered_probit
C/saturated/ordinal/ordered_probit/omnibus,1,0.04602148637452707,-0.13100709248502881,0.22305006523408297,35,ordinal/ordered_probit
C/saturated/ordinal/ordered_probit/omnibus,2,0.0784839023483881,-0.09590822324812655,0.25287602794490277,35,ordinal/ordered_probit
C/saturated/ordinal/ordered_probit/omnibus,3,0.1442200762607402,-0.0327346299105358,0.32117478243201625,35,ordinal/ordered_probit
C/saturated/ordinal/ordered_probit/omnibus,4,0.22950176378236592,0.055703440461747994,0.4033000871029838,35,ordinal/ordered_probit
C/saturated/ordinal/ordered_probit/cash-food,1,-0.04602148637452707,-0.22305006523408297,0.13100709248502881,36,ordinal/ordered_probit
C/saturated/ordinal/ordered_probit/cash-food,2,-0.0784839023483881,-0.25287602794490277,0.09590822324812655,36,ordinal/ordered_probit
C/saturated/ordinal/ordered_probit/cash-medical,1,-0.1442200762607402,-0.32117478243201625,0.0327346299105358,37,ordinal/ordered_probit
C/saturated/ordinal/ordered_probit/cash-medical,2,-0.22950176378236592,-0.4033000871029838,-0.055703440461747994,37,ordinal/ordered_probit
C/saturated/ordinal/ordered_probit/food-medical,1,-0.09819858988621313,-0.27266841454906277,0.07627123477663647,38,ordinal/ordered_probit
C/saturated/ordinal/ordered_probit/food-medical,2,-0.15101786143397783,-0.32696634162438987,0.02493061875643421,38,ordinal/ordered_probit
C/saturated/ordinal/ordered_probit/restricted-cash,1,0.09512078131763364,-0.058879585419354855,0.24912114805462215,39,ordinal/ordered_probit
C/saturated/ordinal/ordered_probit/restricted-cash,2,0.153992833065377,0.0037604517049148467,0.30422521442583916,39,ordinal/ordered_probit
C/endpoint/ordinal/ordered_probit/omnibus,1,0.07812676819353441,-0.09483426543656336,0.25108780182363216,40,ordinal/ordered_probit
C/endpoint/ordinal/ordered_probit/omnibus,2,0.22765086087753938,0.05522610997286173,0.40007561178221707,40,ordinal/ordered_probit
C/endpoint/ordinal/ordered_probit/cash-food,1,-0.07812676819353441,-0.25108780182363216,0.09483426543656336,41,ordinal/ordered_probit
C/endpoint/ordinal/ordered_probit/cash-medical,1,-0.22765086087753938,-0.40007561178221707,-0.05522610997286173,42,ordinal/ordered_probit
C/endpoint/ordinal/ordered_probit/food-medical,1,-0.14952409268400496,-0.3241417598949951,0.025093574526985185,43,ordinal/ordered_probit
C/endpoint/ordinal/ordered_probit/restricted-cash,1,0.1528888145355369,0.0038919202259106167,0.3018857088451632,44,ordinal/ordered_probit
Q1/trend/ordinal/ordered_probit/omnibus,1,-0.012064123309971416,-0.13514930202031608,0.11102105540037326,45,ordinal/ordered_probit
Q1/trend/ordinal/ordered_probit/omnibus,2,0.0414882447667005,-0.08028530333028192,0.16326179286368292,45,ordinal/ordered_probit
Q1/trend/ordinal/ordered_probit/cash-food,1,0.012064123309971416,-0.11102105540037326,0.13514930202031608,46,ordinal/ordered_probit
Q1/trend/ordinal/ordered_probit/cash-medical,1,-0.0414882447667005,-0.16326179286368292,0.08028530333028192,47,ordinal/ordered_probit
Q1/trend/ordinal/ordered_probit/food-medical,1,-0.05355236807667192,-0.17355703199370728,0.06645229584036344,48,ordinal/ordered_probit
Q1/trend/ordinal/ordered_probit/restricted-cash,1,0.014712060728364543,-0.09200766226922684,0.12143178372595594,49,ordinal/ordered_probit
Q1/saturated/ordinal/ordered_probit/omnibus,1,-0.01711008652419542,-0.2641113241270869,0.22989115107869607,50,ordinal/ordered_probit
Q1/saturated/ordinal/ordered_probit/omnibus,2,-0.025079641474733638,-0.27148872910847854,0.2213294461590113,50,ordinal/ordered_probit
Q1/saturated/ordinal/ordered_probit/omnibus,3,0.06284157090478425,-0.18421680309544453,0.309899944905013,50,ordinal/ordered_probit
Q1/saturated/ordinal/ordered_probit/omnibus,4,0.08421766690906667,-0.15987531046244247,0.32831064428057577,50,ordinal/ordered_probit
Q1/saturated/ordinal/ordered_probit/cash-food,1,0.01711008652419542,-0.22989115107869607,0.2641113241270869,51,ordinal/ordered_probit
Q1/saturated/ordinal/ordered_probit/cash-food,2,0.025079641474733638,-0.2213294461590113,0.27148872910847854,51,ordinal/ordered_probit
Q1/saturated/ordinal/ordered_probit/cash-medical,1,-0.06284157090478425,-0.309899944905013,0.18421680309544453,52,ordinal/ordered_probit
Q1/saturated/ordinal/ordered_probit/cash-medical,2,-0.08421766690906667,-0.32831064428057577,0.15987531046244247,52,ordinal/ordered_probit
Q1/saturated/ordinal/ordered_probit/food-medical,1,-0.07995165742897967,-0.31646223644740246,0.15655892158944312,53,ordinal/ordered_probit
Q1/saturated/ordinal/ordered_probit/food-medical,2,-0.1092973083838003,-0.34998193714888315,0.1313873203812825,53,ordinal/ordered_probit
Q1/saturated/ordinal/ordered_probit/restricted-cash,1,0.022865742190294414,-0.19401997027964005,0.23975145466022887,54,ordinal/ordered_probit
Q1/saturated/ordinal/ordered_probit/restricted-cash,2,0.029569012717166512,-0.18412969435506849,0.24326771978940148,54,ordinal/ordered_probit
Q1/endpoint/ordinal/ordered_probit/omnibus,1,-0.024697089125562077,-0.2676918034450935,0.21829762519396936,55,ordinal/ordered_probit
Q1/endpoint/ordinal/ordered_probit/omnibus,2,0.08259380941122288,-0.15822350847183572,0.32341112729428145,55,ordinal/ordered_probit
Q1/endpoint/ordinal/ordered_probit/cash-food,1,0.024697089125562077,-0.21829762519396936,0.2676918034450935,56,ordinal/ordered_probit
Q1/endpoint/ordinal/ordered_probit/cash-medical,1,-0.08259380941122288,-0.32341112729428145,0.15822350847183572,57,ordinal/ordered_probit
Q1/endpoint/ordinal/ordered_probit/food-medical,1,-0.10729089853678496,-0.3448058277696838,0.13022403069611388,58,ordinal/ordered_probit
Q1/endpoint/ordinal/ordered_probit/restricted-cash,1,0.0289483601428304,-0.1818035567824568,0.23970027706811758,59,ordinal/ordered_probit
Q2/trend/ordinal/ordered_probit/omnibus,1,-0.053778033004726736,-0.23810568470596438,0.13054961869651094,60,ordinal/ordered_probit
Q2/trend/ordinal/ordered_probit/omnibus,2,-0.0326309235097735,-0.22043008060441277,0.15516823358486576,60,ordinal/ordered_probit
Q2/trend/ordinal/ordered_probit/cash-food,1,0.053778033004726736,-0.13054961869651094,0.23810568470596438,61,ordinal/ordered_probit
Q2/trend/ordinal/ordered_probit/cash-medical,1,0.0326309235097735,-0.15516823358486576,0.22043008060441277,62,ordinal/ordered_probit
Q2/trend/ordinal/ordered_probit/food-medical,1,-0.021147109494953235,-0.20507873285569692,0.16278451386579043,63,ordinal/ordered_probit
Q2/trend/ordinal/ordered_probit/restricted-cash,1,-0.043204478257250115,-0.2049601358879657,0.11855117937346547,64,ordinal/ordered_probit
Q2/saturated/ordinal/ordered_probit/omnibus,1,0.30470905883155597,-0.08720244663625298,0.6966205642993649,65,ordinal/ordered_probit
Q2/saturated/ordinal/ordered_probit/omnibus,2,-0.11442934193126861,-0.4878398940129254,0.2589812101503881,65,ordinal/ordered_probit
Q2/saturated/ordinal/ordered_probit/omnibus,3,0.1789970008474818,-0.20691421931531825,0.5649082210102818,65,ordinal/ordered_probit
Q2/saturated/ordinal/ordered_probit/omnibus,4,-0.058183069528486606,-0.4384963263377213,0.32213018728074805,65,ordinal/ordered_probit
Q2/saturated/ordinal/ordered_probit/cash-food,1,-0.30470905883155597,-0.6966205642993649,0.08720244663625298,66,ordinal/ordered_probit
Q2/saturated/ordinal/ordered_probit/cash-food,2,0.11442934193126861,-0.2589812101503881,0.4878398940129254,66,ordinal/ordered_probit
Q2/saturated/ordinal/ordered_probit/cash-medical,1,-0.1789970008474818,-0.5649082210102818,0.20691421931531825,67,ordinal/ordered_probit
Q2/saturated/ordinal/ordered_probit/cash-medical,2,0.058183069528486606,-0.32213018728074805,0.4384963263377213,67,ordinal/ordered_probit
Q2/saturated/ordinal/ordered_probit/food-medical,1,0.12571205798407417,-0.2315655267504572,0.48298964271860556,68,ordinal/ordered_probit
Q2/saturated/ordinal/ordered_probit/food-medical,2,-0.056246272402782,-0.4290998071980706,0.3166072623925066,68,ordinal/ordered_probit
Q2/saturated/ordinal/ordered_probit/restricted-cash,1,0.2418530298395189,-0.10361655036162953,0.5873226100406673,69,ordinal/ordered_probit
Q2/saturated/ordinal/ordered_probit/restricted-cash,2,-0.0863062057298776,-0.4138453137048671,0.24123290224511193,69,ordinal/ordered_probit
Q2/endpoint/ordinal/ordered_probit/omnibus,1,-0.11350311974975076,-0.48163775592895564,0.25463151642945414,70,ordinal/ordered_probit
Q2/endpoint/ordinal/ordered_probit/omnibus,2,-0.0592008974537199,-0.4343376377247802,0.31593584281734033,70,ordinal/ordered_probit
Q2/endpoint/ordinal/ordered_probit/cash-food,1,0.11350311974975076,-0.25463151642945414,0.48163775592895564,71,ordinal/ordered_probit
Q2/endpoint/ordinal/ordered_probit/cash-medical,1,0.0592008974537199,-0.31593584281734033,0.4343376377247802,72,ordinal/ordered_probit
Q2/endpoint/ordinal/ordered_probit/food-medical,1,-0.054302222296030864,-0.42218489615341465,0.3135804515613529,73,ordinal/ordered_probit
Q2/endpoint/ordinal/ordered_probit/restricted-cash,1,-0.08635200860173534,-0.40929306622197925,0.23658904901850855,74,ordinal/ordered_probit
R/trend/ordinal/ordered_location_scale/omnibus,1,0.019915100433219327,-0.06587484197116253,0.10570504283760118,0,ordinal/ordered_location_scale
R/trend/ordinal/ordered_location_scale/omnibus,2,0.08700024162120862,0.000937002035300491,0.17306348120711673,0,ordinal/ordered_location_scale
R/trend/ordinal/ordered_location_scale/cash-food,1,-0.019915100433219327,-0.10570504283760118,0.06587484197116253,1,ordinal/ordered_location_scale
R/trend/ordinal/ordered_location_scale/cash-medical,1,-0.08700024162120862,-0.17306348120711673,-0.000937002035300491,2,ordinal/ordered_location_scale
R/trend/ordinal/ordered_location_scale/food-medical,1,-0.06708514118798929,-0.15381183610906246,0.019641553733083877,3,ordinal/ordered_location_scale
R/trend/ordinal/ordered_location_scale/restricted-cash,1,0.05345767102721397,-0.020724657123775365,0.12763999917820332,4,ordinal/ordered_location_scale
R/saturated/ordinal/ordered_location_scale/omnibus,1,0.031624737527323706,-0.12852258998671343,0.19177206504136082,5,ordinal/ordered_location_scale
R/saturated/ordinal/ordered_location_scale/omnibus,2,0.03707416594518536,-0.11860974009562181,0.19275807198599254,5,ordinal/ordered_location_scale
R/saturated/ordinal/ordered_location_scale/omnibus,3,0.16023067122551704,-0.0015917868529738977,0.322053129304008,5,ordinal/ordered_location_scale
R/saturated/ordinal/ordered_location_scale/omnibus,4,0.16443895937646133,0.005479049378150941,0.3233988693747717,5,ordinal/ordered_location_scale
R/saturated/ordinal/ordered_location_scale/cash-food,1,-0.031624737527323706,-0.19177206504136082,0.12852258998671343,6,ordinal/ordered_location_scale
R/saturated/ordinal/ordered_location_scale/cash-food,2,-0.03707416594518536,-0.19275807198599254,0.11860974009562181,6,ordinal/ordered_location_scale
R/saturated/ordinal/ordered_location_scale/cash-medical,1,-0.16023067122551704,-0.322053129304008,0.0015917868529738977,7,ordinal/ordered_location_scale
R/saturated/ordinal/ordered_location_scale/cash-medical,2,-0.16443895937646133,-0.3233988693747717,-0.005479049378150941,7,ordinal/ordered_location_scale
R/saturated/ordinal/ordered_location_scale/food-medical,1,-0.12860593369819334,-0.28726536477863585,0.03005349738224919,8,ordinal/ordered_location_scale
R/saturated/ordinal/ordered_location_scale/food-medical,2,-0.12736479343127596,-0.2877097579947011,0.032980171132149155,8,ordinal/ordered_location_scale
R/saturated/ordinal/ordered_location_scale/restricted-cash,1,0.09592770437642037,-0.04415667539710827,0.236012084149949,9,ordinal/ordered_location_scale
R/saturated/ordinal/ordered_location_scale/restricted-cash,2,0.10075656266082335,-0.034614183359819514,0.2361273086814662,9,ordinal/ordered_location_scale
R/endpoint/ordinal/ordered_location_scale/omnibus,1,0.03707815814004912,-0.11853810739717113,0.19269442367726936,10,ordinal/ordered_location_scale
R/endpoint/ordinal/ordered_location_scale/omnibus,2,0.1644795482058984,0.0056209343255067545,0.32333816208629007,10,ordinal/ordered_location_scale
R/endpoint/ordinal/ordered_location_scale/cash-food,1,-0.03707815814004912,-0.19269442367726936,0.11853810739717113,11,ordinal/ordered_location_scale
R/endpoint/ordinal/ordered_location_scale/cash-medical,1,-0.1644795482058984,-0.32333816208629007,-0.0056209343255067545,12,ordinal/ordered_location_scale
R/endpoint/ordinal/ordered_location_scale/food-medical,1,-0.1274013900658493,-0.2876356054393765,0.032832825307677865,13,ordinal/ordered_location_scale
R/endpoint/ordinal/ordered_location_scale/restricted-cash,1,0.10077885317297376,-0.03452631933636725,0.2360840256823148,14,ordinal/ordered_location_scale
A/trend/ordinal/ordered_location_scale/omnibus,1,0.021718847654459927,-0.06411339873738998,0.10755109404630984,15,ordinal/ordered_location_scale
A/trend/ordinal/ordered_location_scale/omnibus,2,0.08566254258005417,-0.00038303409945748823,0.1717081192595658,15,ordinal/ordered_location_scale
A/trend/ordinal/ordered_location_scale/cash-food,1,-0.021718847654459927,-0.10755109404630984,0.06411339873738998,16,ordinal/ordered_location_scale
A/trend/ordinal/ordered_location_scale/cash-medical,1,-0.08566254258005417,-0.1717081192595658,0.00038303409945748823,17,ordinal/ordered_location_scale
A/trend/ordinal/ordered_location_scale/food-medical,1,-0.06394369492559424,-0.15041526745037248,0.022527877599184024,18,ordinal/ordered_location_scale
A/trend/ordinal/ordered_location_scale/restricted-cash,1,0.05369069511725705,-0.020580259364717135,0.12796164959923123,19,ordinal/ordered_location_scale
A/saturated/ordinal/ordered_location_scale/omnibus,1,0.03276742216167227,-0.12715443474077895,0.1926892790641235,20,ordinal/ordered_location_scale
A/saturated/ordinal/ordered_location_scale/omnibus,2,0.04038236314539635,-0.11551412887182792,0.1962788551626206,20,ordinal/ordered_location_scale
A/saturated/ordinal/ordered_location_scale/omnibus,3,0.15726725816734127,-0.004460109022663472,0.318994625357346,20,ordinal/ordered_location_scale
A/saturated/ordinal/ordered_location_scale/omnibus,4,0.16207888042333216,0.0031531638784394467,0.32100459696822486,20,ordinal/ordered_location_scale
A/saturated/ordinal/ordered_location_scale/cash-food,1,-0.03276742216167227,-0.1926892790641235,0.12715443474077895,21,ordinal/ordered_location_scale
A/saturated/ordinal/ordered_location_scale/cash-food,2,-0.04038236314539635,-0.1962788551626206,0.11551412887182792,21,ordinal/ordered_location_scale
A/saturated/ordinal/ordered_location_scale/cash-medical,1,-0.15726725816734127,-0.318994625357346,0.004460109022663472,22,ordinal/ordered_location_scale
A/saturated/ordinal/ordered_location_scale/cash-medical,2,-0.16207888042333216,-0.32100459696822486,-0.0031531638784394467,22,ordinal/ordered_location_scale
A/saturated/ordinal/ordered_location_scale/food-medical,1,-0.124499836005669,-0.28267688910516386,0.03367721709382587,23,ordinal/ordered_location_scale
A/saturated/ordinal/ordered_location_scale/food-medical,2,-0.1216965172779358,-0.28157014817309656,0.038177113617224936,23,ordinal/ordered_location_scale
A/saturated/ordinal/ordered_location_scale/restricted-cash,1,0.09501734016450678,-0.04501971127138732,0.23505439160040087,24,ordinal/ordered_location_scale
A/saturated/ordinal/ordered_location_scale/restricted-cash,2,0.10123062178436426,-0.03438152862035243,0.23684277218908095,24,ordinal/ordered_location_scale
A/endpoint/ordinal/ordered_location_scale/omnibus,1,0.04038779985305207,-0.11540117620837448,0.19617677591447863,25,ordinal/ordered_location_scale
A/endpoint/ordinal/ordered_location_scale/omnibus,2,0.16210855540716637,0.003341836121490388,0.3208752746928424,25,ordinal/ordered_location_scale
A/endpoint/ordinal/ordered_location_scale/cash-food,1,-0.04038779985305207,-0.19617677591447863,0.11540117620837448,26,ordinal/ordered_location_scale
A/endpoint/ordinal/ordered_location_scale/cash-medical,1,-0.16210855540716637,-0.3208752746928424,-0.003341836121490388,27,ordinal/ordered_location_scale
A/endpoint/ordinal/ordered_location_scale/food-medical,1,-0.1217207555541143,-0.2814257062070554,0.037984195098826834,28,ordinal/ordered_location_scale
A/endpoint/ordinal/ordered_location_scale/restricted-cash,1,0.10124817763010922,-0.034258723639669655,0.23675507889988812,29,ordinal/ordered_location_scale
C/trend/ordinal/ordered_location_scale/omnibus,1,0.02963800073260179,-0.0585801892952394,0.11785619076044299,30,ordinal/ordered_location_scale
C/trend/ordinal/ordered_location_scale/omnibus,2,0.10841998460250649,0.0195768175590621,0.19726315164595087,30,ordinal/ordered_location_scale
C/trend/ordinal/ordered_location_scale/cash-food,1,-0.02963800073260179,-0.11785619076044299,0.0585801892952394,31,ordinal/ordered_location_scale
C/trend/ordinal/ordered_location_scale/cash-medical,1,-0.10841998460250649,-0.19726315164595087,-0.0195768175590621,32,ordinal/ordered_location_scale
C/trend/ordinal/ordered_location_scale/food-medical,1,-0.0787819838699047,-0.16836643510390237,0.01080246736409296,33,ordinal/ordered_location_scale
C/trend/ordinal/ordered_location_scale/restricted-cash,1,0.06902899266755413,-0.007334841804823591,0.14539282713993185,34,ordinal/ordered_location_scale
C/saturated/ordinal/ordered_location_scale/omnibus,1,0.05039164711358117,-0.11215124862844726,0.2129345428556096,35,ordinal/ordered_location_scale
C/saturated/ordinal/ordered_location_scale/omnibus,2,0.05490796067277446,-0.1032858258545489,0.2131017472000978,35,ordinal/ordered_location_scale
C/saturated/ordinal/ordered_location_scale/omnibus,3,0.15326915543582986,-0.011303728581119332,0.31784203945277906,35,ordinal/ordered_location_scale
C/saturated/ordinal/ordered_location_scale/omnibus,4,0.19924520037759386,0.03734435603370062,0.3611460447214871,35,ordinal/ordered_location_scale
C/saturated/ordinal/ordered_location_scale/cash-food,1,-0.05039164711358117,-0.2129345428556096,0.11215124862844726,36,ordinal/ordered_location_scale
C/saturated/ordinal/ordered_location_scale/cash-food,2,-0.05490796067277446,-0.2131017472000978,0.1032858258545489,36,ordinal/ordered_location_scale
C/saturated/ordinal/ordered_location_scale/cash-medical,1,-0.15326915543582986,-0.31784203945277906,0.011303728581119332,37,ordinal/ordered_location_scale
C/saturated/ordinal/ordered_location_scale/cash-medical,2,-0.19924520037759386,-0.3611460447214871,-0.03734435603370062,37,ordinal/ordered_location_scale
C/saturated/ordinal/ordered_location_scale/food-medical,1,-0.10287750832224869,-0.2633185171129612,0.057563500468463855,38,ordinal/ordered_location_scale
C/saturated/ordinal/ordered_location_scale/food-medical,2,-0.1443372397048194,-0.3075025440284973,0.01882806461885847,38,ordinal/ordered_location_scale
C/saturated/ordinal/ordered_location_scale/restricted-cash,1,0.10183040127470552,-0.04070690692733919,0.24436770947675024,39,ordinal/ordered_location_scale
C/saturated/ordinal/ordered_location_scale/restricted-cash,2,0.12707658052518417,-0.010629082444061022,0.26478224349442936,39,ordinal/ordered_location_scale
C/endpoint/ordinal/ordered_location_scale/omnibus,1,0.054938040128861665,-0.10312079687057982,0.21299687712830315,40,ordinal/ordered_location_scale
C/endpoint/ordinal/ordered_location_scale/omnibus,2,0.19926470606409963,0.03757292762825465,0.3609564844999446,40,ordinal/ordered_location_scale
C/endpoint/ordinal/ordered_location_scale/cash-food,1,-0.054938040128861665,-0.21299687712830315,0.10312079687057982,41,ordinal/ordered_location_scale
C/endpoint/ordinal/ordered_location_scale/cash-medical,1,-0.19926470606409963,-0.3609564844999446,-0.03757292762825465,42,ordinal/ordered_location_scale
C/endpoint/ordinal/ordered_location_scale/food-medical,1,-0.14432666593523796,-0.3072735667436554,0.018620234873179486,43,ordinal/ordered_location_scale
C/endpoint/ordinal/ordered_location_scale/restricted-cash,1,0.12710137309648065,-0.010468574431728217,0.2646713206246895,44,ordinal/ordered_location_scale
Q1/trend/ordinal/ordered_location_scale/omnibus,1,-0.027013952509507375,-0.14735532820773536,0.09332742318872062,45,ordinal/ordered_location_scale
Q1/trend/ordinal/ordered_location_scale/omnibus,2,0.02976274785319805,-0.089925322699623,0.1494508184060191,45,ordinal/ordered_location_scale
Q1/trend/ordinal/ordered_location_scale/cash-food,1,0.027013952509507375,-0.09332742318872062,0.14735532820773536,46,ordinal/ordered_location_scale
Q1/trend/ordinal/ordered_location_scale/cash-medical,1,-0.02976274785319805,-0.1494508184060191,0.089925322699623,47,ordinal/ordered_location_scale
Q1/trend/ordinal/ordered_location_scale/food-medical,1,-0.05677670036270542,-0.1725982038183151,0.05904480309290423,48,ordinal/ordered_location_scale
Q1/trend/ordinal/ordered_location_scale/restricted-cash,1,0.0013743976718453375,-0.10374451263034581,0.1064933079740365,49,ordinal/ordered_location_scale
Q1/saturated/ordinal/ordered_location_scale/omnibus,1,-0.02067912019899422,-0.23056184793205958,0.18920360753407112,50,ordinal/ordered_location_scale
Q1/saturated/ordinal/ordered_location_scale/omnibus,2,-0.051539138641701794,-0.2588086324099341,0.15573035512653052,50,ordinal/ordered_location_scale
Q1/saturated/ordinal/ordered_location_scale/omnibus,3,0.06477227506738342,-0.1475464515426869,0.2770910016774537,50,ordinal/ordered_location_scale
Q1/saturated/ordinal/ordered_location_scale/omnibus,4,0.050919282604150504,-0.15926175195848818,0.2611003171667892,50,ordinal/ordered_location_scale
Q1/saturated/ordinal/ordered_location_scale/cash-food,1,0.02067912019899422,-0.18920360753407112,0.23056184793205958,51,ordinal/ordered_location_scale
Q1/saturated/ordinal/ordered_location_scale/cash-food,2,0.051539138641701794,-0.15573035512653052,0.2588086324099341,51,ordinal/ordered_location_scale
Q1/saturated/ordinal/ordered_location_scale/cash-medical,1,-0.06477227506738342,-0.2770910016774537,0.1475464515426869,52,ordinal/ordered_location_scale
Q1/saturated/ordinal/ordered_location_scale/cash-medical,2,-0.050919282604150504,-0.2611003171667892,0.15926175195848818,52,ordinal/ordered_location_scale
Q1/saturated/ordinal/ordered_location_scale/food-medical,1,-0.08545139526637764,-0.280270073936533,0.10936728340377776,53,ordinal/ordered_location_scale
Q1/saturated/ordinal/ordered_location_scale/food-medical,2,-0.1024584212458523,-0.3054893834927157,0.10057254100101107,53,ordinal/ordered_location_scale
Q1/saturated/ordinal/ordered_location_scale/restricted-cash,1,0.0220465774341946,-0.16524042463829464,0.20933357950668385,54,ordinal/ordered_location_scale
Q1/saturated/ordinal/ordered_location_scale/restricted-cash,2,-0.0003099280187756452,-0.18269129291294017,0.1820714368753889,54,ordinal/ordered_location_scale
Q1/endpoint/ordinal/ordered_location_scale/omnibus,1,-0.051310324962647515,-0.2586096941187017,0.15598904419340667,55,ordinal/ordered_location_scale
Q1/endpoint/ordinal/ordered_location_scale/omnibus,2,0.051320968323838076,-0.15881952888646927,0.26146146553414545,55,ordinal/ordered_location_scale
Q1/endpoint/ordinal/ordered_location_scale/cash-food,1,0.051310324962647515,-0.15598904419340667,0.2586096941187017,56,ordinal/ordered_location_scale
Q1/endpoint/ordinal/ordered_location_scale/cash-medical,1,-0.051320968323838076,-0.26146146553414545,0.15881952888646927,57,ordinal/ordered_location_scale
Q1/endpoint/ordinal/ordered_location_scale/food-medical,1,-0.1026312932864856,-0.30560199305488783,0.10033940648191664,58,ordinal/ordered_location_scale
Q1/endpoint/ordinal/ordered_location_scale/restricted-cash,1,5.321680595280626e-06,-0.18238643325648485,0.1823970766176754,59,ordinal/ordered_location_scale
Q2/trend/ordinal/ordered_location_scale/omnibus,1,-0.10576944464761141,-0.2879196937830294,0.07638080448780656,60,ordinal/ordered_location_scale
Q2/trend/ordinal/ordered_location_scale/omnibus,2,-0.08285225769218967,-0.2635580996997134,0.09785358431533407,60,ordinal/ordered_location_scale
Q2/trend/ordinal/ordered_location_scale/cash-food,1,0.10576944464761141,-0.07638080448780656,0.2879196937830294,61,ordinal/ordered_location_scale
Q2/trend/ordinal/ordered_location_scale/cash-medical,1,0.08285225769218967,-0.09785358431533407,0.2635580996997134,62,ordinal/ordered_location_scale
Q2/trend/ordinal/ordered_location_scale/food-medical,1,-0.022917186955421748,-0.19243985997056445,0.14660548605972096,63,ordinal/ordered_location_scale
Q2/trend/ordinal/ordered_location_scale/restricted-cash,1,-0.09431085116990054,-0.254723360443092,0.06610165810329094,64,ordinal/ordered_location_scale
Q2/saturated/ordinal/ordered_location_scale/omnibus,1,0.21964779203723578,-0.11663458593604537,0.5559301700105169,65,ordinal/ordered_location_scale
Q2/saturated/ordinal/ordered_location_scale/omnibus,2,-0.14486508015739505,-0.4505439867712956,0.16081382645650547,65,ordinal/ordered_location_scale
Q2/saturated/ordinal/ordered_location_scale/omnibus,3,0.14237844601380653,-0.18025396046054556,0.46501085248815865,65,ordinal/ordered_location_scale
Q2/saturated/ordinal/ordered_location_scale/omnibus,4,-0.1106228931530689,-0.4220540619906178,0.20080827568448,65,ordinal/ordered_location_scale
Q2/saturated/ordinal/ordered_location_scale/cash-food,1,-0.21964779203723578,-0.5559301700105169,0.11663458593604537,66,ordinal/ordered_location_scale
Q2/saturated/ordinal/ordered_location_scale/cash-food,2,0.14486508015739505,-0.16081382645650547,0.4505439867712956,66,ordinal/ordered_location_scale
Q2/saturated/ordinal/ordered_location_scale/cash-medical,1,-0.14237844601380653,-0.46501085248815865,0.18025396046054556,67,ordinal/ordered_location_scale
Q2/saturated/ordinal/ordered_location_scale/cash-medical,2,0.1106228931530689,-0.20080827568448,0.4220540619906178,67,ordinal/ordered_location_scale
Q2/saturated/ordinal/ordered_location_scale/food-medical,1,0.07726934602342925,-0.1942243889168229,0.34876308096368136,68,ordinal/ordered_location_scale
Q2/saturated/ordinal/ordered_location_scale/food-medical,2,-0.034242187004326144,-0.3349680881223681,0.26648371411371585,68,ordinal/ordered_location_scale
Q2/saturated/ordinal/ordered_location_scale/restricted-cash,1,0.18101311902552114,-0.11925599642501294,0.4812822344760552,69,ordinal/ordered_location_scale
Q2/saturated/ordinal/ordered_location_scale/restricted-cash,2,-0.12774398665523198,-0.3971980022780859,0.14171002896762194,69,ordinal/ordered_location_scale
Q2/endpoint/ordinal/ordered_location_scale/omnibus,1,-0.1451776042085549,-0.4513098782537275,0.16095466983661766,70,ordinal/ordered_location_scale
Q2/endpoint/ordinal/ordered_location_scale/omnibus,2,-0.1108670013052791,-0.42301712246260653,0.20128311985204833,70,ordinal/ordered_location_scale
Q2/endpoint/ordinal/ordered_location_scale/cash-food,1,0.1451776042085549,-0.16095466983661766,0.4513098782537275,71,ordinal/ordered_location_scale
Q2/endpoint/ordinal/ordered_location_scale/cash-medical,1,0.1108670013052791,-0.20128311985204833,0.42301712246260653,72,ordinal/ordered_location_scale
Q2/endpoint/ordinal/ordered_location_scale/food-medical,1,-0.03431060290327581,-0.335810883411509,0.2671896776049574,73,ordinal/ordered_location_scale
Q2/endpoint/ordinal/ordered_location_scale/restricted-cash,1,-0.128022302756917,-0.397932897007431,0.141888291493597,74,ordinal/ordered_location_scale
R/trend/midpoint/OLS_HC3/omnibus,1,0.009205989884387937,-0.012117744010860977,0.03052972377963685,0,midpoint/OLS_HC3
R/trend/midpoint/OLS_HC3/omnibus,2,0.027049549020777306,0.006895561837963807,0.0472035362035908,0,midpoint/OLS_HC3
R/trend/midpoint/OLS_HC3/cash-food,1,-0.009205989884387937,-0.03052972377963685,0.012117744010860977,1,midpoint/OLS_HC3
R/trend/midpoint/OLS_HC3/cash-medical,1,-0.027049549020777306,-0.0472035362035908,-0.006895561837963807,2,midpoint/OLS_HC3
R/trend/midpoint/OLS_HC3/food-medical,1,-0.017843559136389367,-0.03782879046869529,0.002141672195916558,3,midpoint/OLS_HC3
R/trend/midpoint/OLS_HC3/restricted-cash,1,0.018127769452582623,-5.4365885401020525e-05,0.03630990479056627,4,midpoint/OLS_HC3
R/saturated/midpoint/OLS_HC3/omnibus,1,-0.0012674596018323696,-0.044779201450888095,0.04224428224722336,5,midpoint/OLS_HC3
R/saturated/midpoint/OLS_HC3/omnibus,2,0.018482872950080827,-0.024127557963768618,0.061093303863930276,5,midpoint/OLS_HC3
R/saturated/midpoint/OLS_HC3/omnibus,3,0.02746176829479854,-0.014300511974026101,0.06922404856362319,5,midpoint/OLS_HC3
R/saturated/midpoint/OLS_HC3/omnibus,4,0.05410564659652851,0.013823250162168309,0.09438804303088871,5,midpoint/OLS_HC3
R/saturated/midpoint/OLS_HC3/cash-food,1,0.0012674596018323696,-0.04224428224722336,0.044779201450888095,6,midpoint/OLS_HC3
R/saturated/midpoint/OLS_HC3/cash-food,2,-0.018482872950080827,-0.061093303863930276,0.024127557963768618,6,midpoint/OLS_HC3
R/saturated/midpoint/OLS_HC3/cash-medical,1,-0.02746176829479854,-0.06922404856362319,0.014300511974026101,7,midpoint/OLS_HC3
R/saturated/midpoint/OLS_HC3/cash-medical,2,-0.05410564659652851,-0.09438804303088871,-0.013823250162168309,7,midpoint/OLS_HC3
R/saturated/midpoint/OLS_HC3/food-medical,1,-0.02872922789663091,-0.06874582803934612,0.011287372246084296,8,midpoint/OLS_HC3
R/saturated/midpoint/OLS_HC3/food-medical,2,-0.035622773646447684,-0.07560263920797095,0.004357091915075585,8,midpoint/OLS_HC3
R/saturated/midpoint/OLS_HC3/restricted-cash,1,0.013097154346483085,-0.024563804141716272,0.05075811283468244,9,midpoint/OLS_HC3
R/saturated/midpoint/OLS_HC3/restricted-cash,2,0.036294259773304666,-3.152624709793633e-05,0.07262004579370726,9,midpoint/OLS_HC3
R/endpoint/midpoint/OLS_HC3/omnibus,1,0.018482872950080508,-0.02412755796376898,0.06109330386393,10,midpoint/OLS_HC3
R/endpoint/midpoint/OLS_HC3/omnibus,2,0.05410564659652827,0.01382325016216808,0.09438804303088846,10,midpoint/OLS_HC3
R/endpoint/midpoint/OLS_HC3/cash-food,1,-0.018482872950080508,-0.06109330386393,0.02412755796376898,11,midpoint/OLS_HC3
R/endpoint/midpoint/OLS_HC3/cash-medical,1,-0.05410564659652827,-0.09438804303088846,-0.01382325016216808,12,midpoint/OLS_HC3
R/endpoint/midpoint/OLS_HC3/food-medical,1,-0.03562277364644777,-0.07560263920797106,0.004357091915075516,13,midpoint/OLS_HC3
R/endpoint/midpoint/OLS_HC3/restricted-cash,1,0.03629425977330439,-3.1526247098234705e-05,0.07262004579370701,14,midpoint/OLS_HC3
A/trend/midpoint/OLS_HC3/omnibus,1,0.009616659904555822,-0.011745443156539852,0.030978762965651496,15,midpoint/OLS_HC3
A/trend/midpoint/OLS_HC3/omnibus,2,0.02625740807850029,0.006078404708135903,0.04643641144886468,15,midpoint/OLS_HC3
A/trend/midpoint/OLS_HC3/cash-food,1,-0.009616659904555822,-0.030978762965651496,0.011745443156539852,16,midpoint/OLS_HC3
A/trend/midpoint/OLS_HC3/cash-medical,1,-0.02625740807850029,-0.04643641144886468,-0.006078404708135903,17,midpoint/OLS_HC3
A/trend/midpoint/OLS_HC3/food-medical,1,-0.016640748173944467,-0.036616605481512535,0.0033351091336236045,18,midpoint/OLS_HC3
A/trend/midpoint/OLS_HC3/restricted-cash,1,0.017937033991528056,-0.00028402781380988326,0.03615809579686599,19,midpoint/OLS_HC3
A/saturated/midpoint/OLS_HC3/omnibus,1,-0.0008555812482582199,-0.04435697491420386,0.04264581241768742,20,midpoint/OLS_HC3
A/saturated/midpoint/OLS_HC3/omnibus,2,0.019307144322523825,-0.02337611226124734,0.06199040090629499,20,midpoint/OLS_HC3
A/saturated/midpoint/OLS_HC3/omnibus,3,0.02729753044800027,-0.014545888571432124,0.06914094946743266,20,midpoint/OLS_HC3
A/saturated/midpoint/OLS_HC3/omnibus,4,0.05250606554953307,0.012176751098036162,0.09283538000102998,20,midpoint/OLS_HC3
A/saturated/midpoint/OLS_HC3/cash-food,1,0.0008555812482582199,-0.04264581241768742,0.04435697491420386,21,midpoint/OLS_HC3
A/saturated/midpoint/OLS_HC3/cash-food,2,-0.019307144322523825,-0.06199040090629499,0.02337611226124734,21,midpoint/OLS_HC3
A/saturated/midpoint/OLS_HC3/cash-medical,1,-0.02729753044800027,-0.06914094946743266,0.014545888571432124,22,midpoint/OLS_HC3
A/saturated/midpoint/OLS_HC3/cash-medical,2,-0.05250606554953307,-0.09283538000102998,-0.012176751098036162,22,midpoint/OLS_HC3
A/saturated/midpoint/OLS_HC3/food-medical,1,-0.02815311169625849,-0.06811506449390972,0.011808841101392749,23,midpoint/OLS_HC3
A/saturated/midpoint/OLS_HC3/food-medical,2,-0.033198921227009244,-0.07315942420297342,0.0067615817489549215,23,midpoint/OLS_HC3
A/saturated/midpoint/OLS_HC3/restricted-cash,1,0.013220974599871024,-0.024493506242469355,0.050935455442211404,24,midpoint/OLS_HC3
A/saturated/midpoint/OLS_HC3/restricted-cash,2,0.035906604936028444,-0.0004932102948057709,0.07230642016686266,24,midpoint/OLS_HC3
A/endpoint/midpoint/OLS_HC3/omnibus,1,0.019307144322523926,-0.023376112261247247,0.061990400906295096,25,midpoint/OLS_HC3
A/endpoint/midpoint/OLS_HC3/omnibus,2,0.05250606554953327,0.012176751098036363,0.09283538000103017,25,midpoint/OLS_HC3
A/endpoint/midpoint/OLS_HC3/cash-food,1,-0.019307144322523926,-0.061990400906295096,0.023376112261247247,26,midpoint/OLS_HC3
A/endpoint/midpoint/OLS_HC3/cash-medical,1,-0.05250606554953327,-0.09283538000103017,-0.012176751098036363,27,midpoint/OLS_HC3
A/endpoint/midpoint/OLS_HC3/food-medical,1,-0.03319892122700935,-0.07315942420297353,0.006761581748954824,28,midpoint/OLS_HC3
A/endpoint/midpoint/OLS_HC3/restricted-cash,1,0.0359066049360286,-0.0004932102948056252,0.07230642016686281,29,midpoint/OLS_HC3
C/trend/midpoint/OLS_HC3/omnibus,1,0.015072763251138521,-0.006923814204846364,0.03706934070712341,30,midpoint/OLS_HC3
C/trend/midpoint/OLS_HC3/omnibus,2,0.0326220410226707,0.011830359576300714,0.05341372246904069,30,midpoint/OLS_HC3
C/trend/midpoint/OLS_HC3/cash-food,1,-0.015072763251138521,-0.03706934070712341,0.006923814204846364,31,midpoint/OLS_HC3
C/trend/midpoint/OLS_HC3/cash-medical,1,-0.0326220410226707,-0.05341372246904069,-0.011830359576300714,32,midpoint/OLS_HC3
C/trend/midpoint/OLS_HC3/food-medical,1,-0.01754927777153218,-0.038249955472067054,0.0031513999290026934,33,midpoint/OLS_HC3
C/trend/midpoint/OLS_HC3/restricted-cash,1,0.023847402136904613,0.005113950659483835,0.04258085361432539,34,midpoint/OLS_HC3
C/saturated/midpoint/OLS_HC3/omnibus,1,0.006387237995166594,-0.03859798830518311,0.05137246429551629,35,midpoint/OLS_HC3
C/saturated/midpoint/OLS_HC3/omnibus,2,0.030226358342036734,-0.013712045690734337,0.0741647623748078,35,midpoint/OLS_HC3
C/saturated/midpoint/OLS_HC3/omnibus,3,0.025098769296790648,-0.017837645519873012,0.0680351841134543,35,midpoint/OLS_HC3
C/saturated/midpoint/OLS_HC3/omnibus,4,0.06520542844866649,0.023671178495118524,0.10673967840221446,35,midpoint/OLS_HC3
C/saturated/midpoint/OLS_HC3/cash-food,1,-0.006387237995166594,-0.05137246429551629,0.03859798830518311,36,midpoint/OLS_HC3
C/saturated/midpoint/OLS_HC3/cash-food,2,-0.030226358342036734,-0.0741647623748078,0.013712045690734337,36,midpoint/OLS_HC3
C/saturated/midpoint/OLS_HC3/cash-medical,1,-0.025098769296790648,-0.0680351841134543,0.017837645519873012,37,midpoint/OLS_HC3
C/saturated/midpoint/OLS_HC3/cash-medical,2,-0.06520542844866649,-0.10673967840221446,-0.023671178495118524,37,midpoint/OLS_HC3
C/saturated/midpoint/OLS_HC3/food-medical,1,-0.018711531301624056,-0.05976802832464763,0.022344965721399518,38,midpoint/OLS_HC3
C/saturated/midpoint/OLS_HC3/food-medical,2,-0.034979070106629755,-0.07638835860669368,0.006430218393434169,38,midpoint/OLS_HC3
C/saturated/midpoint/OLS_HC3/restricted-cash,1,0.01574300364597862,-0.02314393714846751,0.05462994444042475,39,midpoint/OLS_HC3
C/saturated/midpoint/OLS_HC3/restricted-cash,2,0.04771589339535161,0.010310595100122964,0.08512119169058024,39,midpoint/OLS_HC3
C/endpoint/midpoint/OLS_HC3/omnibus,1,0.03022635834203634,-0.013712045690734732,0.0741647623748074,40,midpoint/OLS_HC3
C/endpoint/midpoint/OLS_HC3/omnibus,2,0.0652054284486662,0.023671178495118232,0.10673967840221416,40,midpoint/OLS_HC3
C/endpoint/midpoint/OLS_HC3/cash-food,1,-0.03022635834203634,-0.0741647623748074,0.013712045690734732,41,midpoint/OLS_HC3
C/endpoint/midpoint/OLS_HC3/cash-medical,1,-0.0652054284486662,-0.10673967840221416,-0.023671178495118232,42,midpoint/OLS_HC3
C/endpoint/midpoint/OLS_HC3/food-medical,1,-0.03497907010662986,-0.07638835860669377,0.006430218393434058,43,midpoint/OLS_HC3
C/endpoint/midpoint/OLS_HC3/restricted-cash,1,0.04771589339535127,0.010310595100122617,0.08512119169057991,44,midpoint/OLS_HC3
Q1/trend/midpoint/OLS_HC3/omnibus,1,0.007481391397873055,-0.024527853441311098,0.03949063623705721,45,midpoint/OLS_HC3
Q1/trend/midpoint/OLS_HC3/omnibus,2,0.019567927091920415,-0.010209598366100997,0.049345452549941826,45,midpoint/OLS_HC3
Q1/trend/midpoint/OLS_HC3/cash-food,1,-0.007481391397873055,-0.03949063623705721,0.024527853441311098,46,midpoint/OLS_HC3
Q1/trend/midpoint/OLS_HC3/cash-medical,1,-0.019567927091920415,-0.049345452549941826,0.010209598366100997,47,midpoint/OLS_HC3
Q1/trend/midpoint/OLS_HC3/food-medical,1,-0.01208653569404736,-0.040951106334394013,0.01677803494629929,48,midpoint/OLS_HC3
Q1/trend/midpoint/OLS_HC3/restricted-cash,1,0.013524659244896734,-0.01381314478589705,0.04086246327569052,49,midpoint/OLS_HC3
Q1/saturated/midpoint/OLS_HC3/omnibus,1,-0.006192294859557186,-0.07123528838617965,0.05885069866706528,50,midpoint/OLS_HC3
Q1/saturated/midpoint/OLS_HC3/omnibus,2,0.015408201042202543,-0.04856481640471179,0.07938121848911688,50,midpoint/OLS_HC3
Q1/saturated/midpoint/OLS_HC3/omnibus,3,0.0049875252112662714,-0.05646568257424722,0.06644073299677977,50,midpoint/OLS_HC3
Q1/saturated/midpoint/OLS_HC3/omnibus,4,0.03921383628040253,-0.02033569825190204,0.0987633708127071,50,midpoint/OLS_HC3
Q1/saturated/midpoint/OLS_HC3/cash-food,1,0.006192294859557186,-0.05885069866706528,0.07123528838617965,51,midpoint/OLS_HC3
Q1/saturated/midpoint/OLS_HC3/cash-food,2,-0.015408201042202543,-0.07938121848911688,0.04856481640471179,51,midpoint/OLS_HC3
Q1/saturated/midpoint/OLS_HC3/cash-medical,1,-0.0049875252112662714,-0.06644073299677977,0.05646568257424722,52,midpoint/OLS_HC3
Q1/saturated/midpoint/OLS_HC3/cash-medical,2,-0.03921383628040253,-0.0987633708127071,0.02033569825190204,52,midpoint/OLS_HC3
Q1/saturated/midpoint/OLS_HC3/food-medical,1,-0.011179820070823458,-0.06907804839946935,0.04671840825782244,53,midpoint/OLS_HC3
Q1/saturated/midpoint/OLS_HC3/food-medical,2,-0.023805635238199986,-0.081568768571675,0.03395749809527503,53,midpoint/OLS_HC3
Q1/saturated/midpoint/OLS_HC3/restricted-cash,1,-0.0006023848241454573,-0.05686509597565211,0.0556603263273612,54,midpoint/OLS_HC3
Q1/saturated/midpoint/OLS_HC3/restricted-cash,2,0.027311018661302536,-0.027325984541778318,0.0819480218643834,54,midpoint/OLS_HC3
Q1/endpoint/midpoint/OLS_HC3/omnibus,1,0.015408201042202651,-0.04856481640471168,0.07938121848911699,55,midpoint/OLS_HC3
Q1/endpoint/midpoint/OLS_HC3/omnibus,2,0.03921383628040276,-0.02033569825190181,0.09876337081270734,55,midpoint/OLS_HC3
Q1/endpoint/midpoint/OLS_HC3/cash-food,1,-0.015408201042202651,-0.07938121848911699,0.04856481640471168,56,midpoint/OLS_HC3
Q1/endpoint/midpoint/OLS_HC3/cash-medical,1,-0.03921383628040276,-0.09876337081270734,0.02033569825190181,57,midpoint/OLS_HC3
Q1/endpoint/midpoint/OLS_HC3/food-medical,1,-0.023805635238200108,-0.08156876857167512,0.0339574980952749,58,midpoint/OLS_HC3
Q1/endpoint/midpoint/OLS_HC3/restricted-cash,1,0.027311018661302706,-0.027325984541778148,0.08194802186438356,59,midpoint/OLS_HC3
Q2/trend/midpoint/OLS_HC3/omnibus,1,0.0034409749476561192,-0.04605930571937178,0.05294125561468402,60,midpoint/OLS_HC3
Q2/trend/midpoint/OLS_HC3/omnibus,2,0.01532194121400403,-0.03208885309283934,0.0627327355208474,60,midpoint/OLS_HC3
Q2/trend/midpoint/OLS_HC3/cash-food,1,-0.0034409749476561192,-0.05294125561468402,0.04605930571937178,61,midpoint/OLS_HC3
Q2/trend/midpoint/OLS_HC3/cash-medical,1,-0.01532194121400403,-0.0627327355208474,0.03208885309283934,62,midpoint/OLS_HC3
Q2/trend/midpoint/OLS_HC3/food-medical,1,-0.01188096626634791,-0.056965910789577974,0.033203978256882156,63,midpoint/OLS_HC3
Q2/trend/midpoint/OLS_HC3/restricted-cash,1,0.009381458080830074,-0.033523874289336814,0.05228679045099696,64,midpoint/OLS_HC3
Q2/saturated/midpoint/OLS_HC3/omnibus,1,0.07351568174154444,-0.03439520255895208,0.18142656604204094,65,midpoint/OLS_HC3
Q2/saturated/midpoint/OLS_HC3/omnibus,2,0.004873129734536412,-0.09467701126036808,0.1044232707294409,65,midpoint/OLS_HC3
Q2/saturated/midpoint/OLS_HC3/omnibus,3,0.025278323782871787,-0.07362721857732332,0.1241838661430669,65,midpoint/OLS_HC3
Q2/saturated/midpoint/OLS_HC3/omnibus,4,0.03128964059196644,-0.06427900102734418,0.12685828221127707,65,midpoint/OLS_HC3
Q2/saturated/midpoint/OLS_HC3/cash-food,1,-0.07351568174154444,-0.18142656604204094,0.03439520255895208,66,midpoint/OLS_HC3
Q2/saturated/midpoint/OLS_HC3/cash-food,2,-0.004873129734536412,-0.1044232707294409,0.09467701126036808,66,midpoint/OLS_HC3
Q2/saturated/midpoint/OLS_HC3/cash-medical,1,-0.025278323782871787,-0.1241838661430669,0.07362721857732332,67,midpoint/OLS_HC3
Q2/saturated/midpoint/OLS_HC3/cash-medical,2,-0.03128964059196644,-0.12685828221127707,0.06427900102734418,67,midpoint/OLS_HC3
Q2/saturated/midpoint/OLS_HC3/food-medical,1,0.04823735795867265,-0.0455761382567086,0.1420508541740539,68,midpoint/OLS_HC3
Q2/saturated/midpoint/OLS_HC3/food-medical,2,-0.02641651085743003,-0.11654087004896126,0.06370784833410119,68,midpoint/OLS_HC3
Q2/saturated/midpoint/OLS_HC3/restricted-cash,1,0.04939700276220811,-0.04287048670185724,0.14166449222627348,69,midpoint/OLS_HC3
Q2/saturated/midpoint/OLS_HC3/restricted-cash,2,0.018081385163251428,-0.06847032127060095,0.10463309159710381,69,midpoint/OLS_HC3
Q2/endpoint/midpoint/OLS_HC3/omnibus,1,0.00487312973453567,-0.0946770112603686,0.10442327072943994,70,midpoint/OLS_HC3
Q2/endpoint/midpoint/OLS_HC3/omnibus,2,0.03128964059196592,-0.06427900102734452,0.12685828221127635,70,midpoint/OLS_HC3
Q2/endpoint/midpoint/OLS_HC3/cash-food,1,-0.00487312973453567,-0.10442327072943994,0.0946770112603686,71,midpoint/OLS_HC3
Q2/endpoint/midpoint/OLS_HC3/cash-medical,1,-0.03128964059196592,-0.12685828221127635,0.06427900102734452,72,midpoint/OLS_HC3
Q2/endpoint/midpoint/OLS_HC3/food-medical,1,-0.026416510857430252,-0.11654087004896141,0.0637078483341009,73,midpoint/OLS_HC3
Q2/endpoint/midpoint/OLS_HC3/restricted-cash,1,0.018081385163250797,-0.06847032127060138,0.10463309159710296,74,midpoint/OLS_HC3
R/trend/any_spending/OLS_HC3/omnibus,1,0.004970373937602378,-0.031195567464502152,0.04113631533970691,0,any_spending/OLS_HC3
R/trend/any_spending/OLS_HC3/omnibus,2,0.015332840106220493,-0.021465884006262682,0.052131564218703665,0,any_spending/OLS_HC3
R/trend/any_spending/OLS_HC3/cash-food,1,-0.004970373937602378,-0.04113631533970691,0.031195567464502152,1,any_spending/OLS_HC3
R/trend/any_spending/OLS_HC3/cash-medical,1,-0.015332840106220493,-0.052131564218703665,0.021465884006262682,2,any_spending/OLS_HC3
R/trend/any_spending/OLS_HC3/food-medical,1,-0.010362466168618115,-0.047661665557042814,0.026936733219806587,3,any_spending/OLS_HC3
R/trend/any_spending/OLS_HC3/restricted-cash,1,0.010151607021911434,-0.021205260457943586,0.04150847450176645,4,any_spending/OLS_HC3
R/saturated/any_spending/OLS_HC3/omnibus,1,0.023768202665551432,-0.04840173155107162,0.0959381368821745,5,any_spending/OLS_HC3
R/saturated/any_spending/OLS_HC3/omnibus,2,0.009649739096626649,-0.06270420613295835,0.08200368432621166,5,any_spending/OLS_HC3
R/saturated/any_spending/OLS_HC3/omnibus,3,0.0712537814684559,-0.0024591958047489176,0.1449667587416607,5,any_spending/OLS_HC3
R/saturated/any_spending/OLS_HC3/omnibus,4,0.030885230326107647,-0.04272404353120953,0.10449450418342482,5,any_spending/OLS_HC3
R/saturated/any_spending/OLS_HC3/cash-food,1,-0.023768202665551432,-0.0959381368821745,0.04840173155107162,6,any_spending/OLS_HC3
R/saturated/any_spending/OLS_HC3/cash-food,2,-0.009649739096626649,-0.08200368432621166,0.06270420613295835,6,any_spending/OLS_HC3
R/saturated/any_spending/OLS_HC3/cash-medical,1,-0.0712537814684559,-0.1449667587416607,0.0024591958047489176,7,any_spending/OLS_HC3
R/saturated/any_spending/OLS_HC3/cash-medical,2,-0.030885230326107647,-0.10449450418342482,0.04272404353120953,7,any_spending/OLS_HC3
R/saturated/any_spending/OLS_HC3/food-medical,1,-0.047485578802904466,-0.12182502323233599,0.026853865626527057,8,any_spending/OLS_HC3
R/saturated/any_spending/OLS_HC3/food-medical,2,-0.021235491229481,-0.09584247610538718,0.05337149364642518,8,any_spending/OLS_HC3
R/saturated/any_spending/OLS_HC3/restricted-cash,1,0.04751099206700367,-0.015254149230827574,0.11027613336483491,9,any_spending/OLS_HC3
R/saturated/any_spending/OLS_HC3/restricted-cash,2,0.020267484711367148,-0.042463358946081206,0.0829983283688155,9,any_spending/OLS_HC3
R/endpoint/any_spending/OLS_HC3/omnibus,1,0.009649739096626461,-0.0627042061329586,0.08200368432621152,10,any_spending/OLS_HC3
R/endpoint/any_spending/OLS_HC3/omnibus,2,0.030885230326107696,-0.04272404353120948,0.10449450418342487,10,any_spending/OLS_HC3
R/endpoint/any_spending/OLS_HC3/cash-food,1,-0.009649739096626461,-0.08200368432621152,0.0627042061329586,11,any_spending/OLS_HC3
R/endpoint/any_spending/OLS_HC3/cash-medical,1,-0.030885230326107696,-0.10449450418342487,0.04272404353120948,12,any_spending/OLS_HC3
R/endpoint/any_spending/OLS_HC3/food-medical,1,-0.021235491229481235,-0.09584247610538743,0.05337149364642496,13,any_spending/OLS_HC3
R/endpoint/any_spending/OLS_HC3/restricted-cash,1,0.02026748471136708,-0.0424633589460813,0.08299832836881546,14,any_spending/OLS_HC3
A/trend/any_spending/OLS_HC3/omnibus,1,0.006022583477137296,-0.030238010728511972,0.04228317768278656,15,any_spending/OLS_HC3
A/trend/any_spending/OLS_HC3/omnibus,2,0.01579357450050611,-0.021080439793316526,0.05266758879432874,15,any_spending/OLS_HC3
A/trend/any_spending/OLS_HC3/cash-food,1,-0.006022583477137296,-0.04228317768278656,0.030238010728511972,16,any_spending/OLS_HC3
A/trend/any_spending/OLS_HC3/cash-medical,1,-0.01579357450050611,-0.05266758879432874,0.021080439793316526,17,any_spending/OLS_HC3
A/trend/any_spending/OLS_HC3/food-medical,1,-0.009770991023368814,-0.04711791955700672,0.027575937510269093,18,any_spending/OLS_HC3
A/trend/any_spending/OLS_HC3/restricted-cash,1,0.010908078988821703,-0.02053335137653758,0.042349509354180984,19,any_spending/OLS_HC3
A/saturated/any_spending/OLS_HC3/omnibus,1,0.023107918865061035,-0.04917299560983373,0.09538883333995579,20,any_spending/OLS_HC3
A/saturated/any_spending/OLS_HC3/omnibus,2,0.011756694867619287,-0.06078854035174917,0.08430193008698775,20,any_spending/OLS_HC3
A/saturated/any_spending/OLS_HC3/omnibus,3,0.06903477170648113,-0.004771436403948975,0.14284097981691124,20,any_spending/OLS_HC3
A/saturated/any_spending/OLS_HC3/omnibus,4,0.031779043299616415,-0.041983328225870094,0.10554141482510293,20,any_spending/OLS_HC3
A/saturated/any_spending/OLS_HC3/cash-food,1,-0.023107918865061035,-0.09538883333995579,0.04917299560983373,21,any_spending/OLS_HC3
A/saturated/any_spending/OLS_HC3/cash-food,2,-0.011756694867619287,-0.08430193008698775,0.06078854035174917,21,any_spending/OLS_HC3
A/saturated/any_spending/OLS_HC3/cash-medical,1,-0.06903477170648113,-0.14284097981691124,0.004771436403948975,22,any_spending/OLS_HC3
A/saturated/any_spending/OLS_HC3/cash-medical,2,-0.031779043299616415,-0.10554141482510293,0.041983328225870094,22,any_spending/OLS_HC3
A/saturated/any_spending/OLS_HC3/food-medical,1,-0.0459268528414201,-0.12034142755592928,0.028487721873089088,23,any_spending/OLS_HC3
A/saturated/any_spending/OLS_HC3/food-medical,2,-0.020022348431997128,-0.09472541561261584,0.054680718748621585,23,any_spending/OLS_HC3
A/saturated/any_spending/OLS_HC3/restricted-cash,1,0.04607134528577109,-0.01679009952739137,0.10893279009893354,24,any_spending/OLS_HC3
A/saturated/any_spending/OLS_HC3/restricted-cash,2,0.02176786908361785,-0.04113453342614876,0.08467027159338447,24,any_spending/OLS_HC3
A/endpoint/any_spending/OLS_HC3/omnibus,1,0.011756694867621445,-0.06078854035174702,0.08430193008698991,25,any_spending/OLS_HC3
A/endpoint/any_spending/OLS_HC3/omnibus,2,0.031779043299618524,-0.041983328225867984,0.10554141482510504,25,any_spending/OLS_HC3
A/endpoint/any_spending/OLS_HC3/cash-food,1,-0.011756694867621445,-0.08430193008698991,0.06078854035174702,26,any_spending/OLS_HC3
A/endpoint/any_spending/OLS_HC3/cash-medical,1,-0.031779043299618524,-0.10554141482510504,0.041983328225867984,27,any_spending/OLS_HC3
A/endpoint/any_spending/OLS_HC3/food-medical,1,-0.02002234843199708,-0.0947254156126158,0.05468071874862163,28,any_spending/OLS_HC3
A/endpoint/any_spending/OLS_HC3/restricted-cash,1,0.021767869083619985,-0.04113453342614663,0.0846702715933866,29,any_spending/OLS_HC3
C/trend/any_spending/OLS_HC3/omnibus,1,0.0026414089798193372,-0.03441370571892829,0.03969652367856696,30,any_spending/OLS_HC3
C/trend/any_spending/OLS_HC3/omnibus,2,0.01926271856556375,-0.018429024293015916,0.05695446142414341,30,any_spending/OLS_HC3
C/trend/any_spending/OLS_HC3/cash-food,1,-0.0026414089798193372,-0.03969652367856696,0.03441370571892829,31,any_spending/OLS_HC3
C/trend/any_spending/OLS_HC3/cash-medical,1,-0.01926271856556375,-0.05695446142414341,0.018429024293015916,32,any_spending/OLS_HC3
C/trend/any_spending/OLS_HC3/food-medical,1,-0.016621309585744412,-0.054951131694955066,0.021708512523466242,33,any_spending/OLS_HC3
C/trend/any_spending/OLS_HC3/restricted-cash,1,0.010952063772691544,-0.02113501597596092,0.04303914352134401,34,any_spending/OLS_HC3
C/saturated/any_spending/OLS_HC3/omnibus,1,0.025838281596580102,-0.04803666161718002,0.09971322481034023,35,any_spending/OLS_HC3
C/saturated/any_spending/OLS_HC3/omnibus,2,0.0048939187714915995,-0.06923968436102614,0.07902752190400934,35,any_spending/OLS_HC3
C/saturated/any_spending/OLS_HC3/omnibus,3,0.06546050175048841,-0.010121425619218402,0.1410424291201952,35,any_spending/OLS_HC3
C/saturated/any_spending/OLS_HC3/omnibus,4,0.03849634039497569,-0.036905636006620605,0.11389831679657197,35,any_spending/OLS_HC3
C/saturated/any_spending/OLS_HC3/cash-food,1,-0.025838281596580102,-0.09971322481034023,0.04803666161718002,36,any_spending/OLS_HC3
C/saturated/any_spending/OLS_HC3/cash-food,2,-0.0048939187714915995,-0.07902752190400934,0.06923968436102614,36,any_spending/OLS_HC3
C/saturated/any_spending/OLS_HC3/cash-medical,1,-0.06546050175048841,-0.1410424291201952,0.010121425619218402,37,any_spending/OLS_HC3
C/saturated/any_spending/OLS_HC3/cash-medical,2,-0.03849634039497569,-0.11389831679657197,0.036905636006620605,37,any_spending/OLS_HC3
C/saturated/any_spending/OLS_HC3/food-medical,1,-0.03962222015390831,-0.11597372606669112,0.03672928575887451,38,any_spending/OLS_HC3
C/saturated/any_spending/OLS_HC3/food-medical,2,-0.03360242162348409,-0.11027501156230424,0.043070168315336055,38,any_spending/OLS_HC3
C/saturated/any_spending/OLS_HC3/restricted-cash,1,0.045649391673534254,-0.01859762674826125,0.10989641009532976,39,any_spending/OLS_HC3
C/saturated/any_spending/OLS_HC3/restricted-cash,2,0.021695129583233642,-0.04249952025113065,0.08588977941759793,39,any_spending/OLS_HC3
C/endpoint/any_spending/OLS_HC3/omnibus,1,0.004893918771492988,-0.06923968436102475,0.07902752190401073,40,any_spending/OLS_HC3
C/endpoint/any_spending/OLS_HC3/omnibus,2,0.03849634039497721,-0.036905636006619086,0.1138983167965735,40,any_spending/OLS_HC3
C/endpoint/any_spending/OLS_HC3/cash-food,1,-0.004893918771492988,-0.07902752190401073,0.06923968436102475,41,any_spending/OLS_HC3
C/endpoint/any_spending/OLS_HC3/cash-medical,1,-0.03849634039497721,-0.1138983167965735,0.036905636006619086,42,any_spending/OLS_HC3
C/endpoint/any_spending/OLS_HC3/food-medical,1,-0.033602421623484216,-0.11027501156230436,0.04307016831533593,43,any_spending/OLS_HC3
C/endpoint/any_spending/OLS_HC3/restricted-cash,1,0.0216951295832351,-0.04249952025112921,0.0858897794175994,44,any_spending/OLS_HC3
Q1/trend/any_spending/OLS_HC3/omnibus,1,-0.02813046085379683,-0.08079138533396019,0.02453046362636652,45,any_spending/OLS_HC3
Q1/trend/any_spending/OLS_HC3/omnibus,2,-0.01920608784004129,-0.07260746189913325,0.03419528621905068,45,any_spending/OLS_HC3
Q1/trend/any_spending/OLS_HC3/cash-food,1,0.02813046085379683,-0.02453046362636652,0.08079138533396019,46,any_spending/OLS_HC3
Q1/trend/any_spending/OLS_HC3/cash-medical,1,0.01920608784004129,-0.03419528621905068,0.07260746189913325,47,any_spending/OLS_HC3
Q1/trend/any_spending/OLS_HC3/food-medical,1,-0.008924373013755541,-0.062263970494901816,0.044415224467390726,48,any_spending/OLS_HC3
Q1/trend/any_spending/OLS_HC3/restricted-cash,1,-0.02366827434691906,-0.06950670466897074,0.02217015597513263,49,any_spending/OLS_HC3
Q1/saturated/any_spending/OLS_HC3/omnibus,1,-0.006181127693244388,-0.11012768470634685,0.09776542931985807,50,any_spending/OLS_HC3
Q1/saturated/any_spending/OLS_HC3/omnibus,2,-0.05796237438711545,-0.1633951777851061,0.0474704290108752,50,any_spending/OLS_HC3
Q1/saturated/any_spending/OLS_HC3/omnibus,3,0.028298191422752986,-0.0788059879828064,0.13540237082831236,50,any_spending/OLS_HC3
Q1/saturated/any_spending/OLS_HC3/omnibus,4,-0.03715344936287294,-0.14396805801075438,0.06966115928500852,50,any_spending/OLS_HC3
Q1/saturated/any_spending/OLS_HC3/cash-food,1,0.006181127693244388,-0.09776542931985807,0.11012768470634685,51,any_spending/OLS_HC3
Q1/saturated/any_spending/OLS_HC3/cash-food,2,0.05796237438711545,-0.0474704290108752,0.1633951777851061,51,any_spending/OLS_HC3
Q1/saturated/any_spending/OLS_HC3/cash-medical,1,-0.028298191422752986,-0.13540237082831236,0.0788059879828064,52,any_spending/OLS_HC3
Q1/saturated/any_spending/OLS_HC3/cash-medical,2,0.03715344936287294,-0.06966115928500852,0.14396805801075438,52,any_spending/OLS_HC3
Q1/saturated/any_spending/OLS_HC3/food-medical,1,-0.03447931911599737,-0.14011061263708008,0.07115197440508535,53,any_spending/OLS_HC3
Q1/saturated/any_spending/OLS_HC3/food-medical,2,-0.02080892502424251,-0.12758237356180788,0.08596452351332287,53,any_spending/OLS_HC3
Q1/saturated/any_spending/OLS_HC3/restricted-cash,1,0.0110585318647543,-0.08031216057967192,0.1024292243091805,54,any_spending/OLS_HC3
Q1/saturated/any_spending/OLS_HC3/restricted-cash,2,-0.047557911874994196,-0.13927800781001096,0.044162184060022563,54,any_spending/OLS_HC3
Q1/endpoint/any_spending/OLS_HC3/omnibus,1,-0.05796237438711561,-0.16339517778510623,0.04747042901087501,55,any_spending/OLS_HC3
Q1/endpoint/any_spending/OLS_HC3/omnibus,2,-0.037153449362872654,-0.1439680580107541,0.0696611592850088,55,any_spending/OLS_HC3
Q1/endpoint/any_spending/OLS_HC3/cash-food,1,0.05796237438711561,-0.04747042901087501,0.16339517778510623,56,any_spending/OLS_HC3
Q1/endpoint/any_spending/OLS_HC3/cash-medical,1,0.037153449362872654,-0.0696611592850088,0.1439680580107541,57,any_spending/OLS_HC3
Q1/endpoint/any_spending/OLS_HC3/food-medical,1,-0.020808925024242954,-0.12758237356180832,0.0859645235133224,58,any_spending/OLS_HC3
Q1/endpoint/any_spending/OLS_HC3/restricted-cash,1,-0.04755791187499413,-0.13927800781001087,0.04416218406002263,59,any_spending/OLS_HC3
Q2/trend/any_spending/OLS_HC3/omnibus,1,-0.06106800975361529,-0.14135608804167377,0.019220068534443177,60,any_spending/OLS_HC3
Q2/trend/any_spending/OLS_HC3/omnibus,2,-0.06775601761521405,-0.1517195036106312,0.016207468380203094,60,any_spending/OLS_HC3
Q2/trend/any_spending/OLS_HC3/cash-food,1,0.06106800975361529,-0.019220068534443177,0.14135608804167377,61,any_spending/OLS_HC3
Q2/trend/any_spending/OLS_HC3/cash-medical,1,0.06775601761521405,-0.016207468380203094,0.1517195036106312,62,any_spending/OLS_HC3
Q2/trend/any_spending/OLS_HC3/food-medical,1,0.00668800786159876,-0.07703173474947934,0.09040775047267686,63,any_spending/OLS_HC3
Q2/trend/any_spending/OLS_HC3/restricted-cash,1,-0.06441201368441467,-0.13509279199174312,0.0062687646229138,64,any_spending/OLS_HC3
Q2/saturated/any_spending/OLS_HC3/omnibus,1,0.12235497942173384,-0.04262025919593712,0.28733021803940484,65,any_spending/OLS_HC3
Q2/saturated/any_spending/OLS_HC3/omnibus,2,-0.12375357633834909,-0.2846838235270717,0.03717667085037356,65,any_spending/OLS_HC3
Q2/saturated/any_spending/OLS_HC3/omnibus,3,0.09999518775171799,-0.07101367636112473,0.2710040518645607,65,any_spending/OLS_HC3
Q2/saturated/any_spending/OLS_HC3/omnibus,4,-0.13058408000268434,-0.2987673159882502,0.037599155982881494,65,any_spending/OLS_HC3
Q2/saturated/any_spending/OLS_HC3/cash-food,1,-0.12235497942173384,-0.28733021803940484,0.04262025919593712,66,any_spending/OLS_HC3
Q2/saturated/any_spending/OLS_HC3/cash-food,2,0.12375357633834909,-0.03717667085037356,0.2846838235270717,66,any_spending/OLS_HC3
Q2/saturated/any_spending/OLS_HC3/cash-medical,1,-0.09999518775171799,-0.2710040518645607,0.07101367636112473,67,any_spending/OLS_HC3
Q2/saturated/any_spending/OLS_HC3/cash-medical,2,0.13058408000268434,-0.037599155982881494,0.2987673159882502,67,any_spending/OLS_HC3
Q2/saturated/any_spending/OLS_HC3/food-medical,1,0.022359791670015852,-0.13991649861000882,0.1846360819500405,68,any_spending/OLS_HC3
Q2/saturated/any_spending/OLS_HC3/food-medical,2,0.006830503664335255,-0.16036182847253405,0.1740228358012046,68,any_spending/OLS_HC3
Q2/saturated/any_spending/OLS_HC3/restricted-cash,1,0.11117508358672593,-0.03595421969545298,0.25830438686890483,69,any_spending/OLS_HC3
Q2/saturated/any_spending/OLS_HC3/restricted-cash,2,-0.12716882817051672,-0.26895653455600926,0.014618878214975817,69,any_spending/OLS_HC3
Q2/endpoint/any_spending/OLS_HC3/omnibus,1,-0.12375357633834987,-0.2846838235270722,0.037176670850372476,70,any_spending/OLS_HC3
Q2/endpoint/any_spending/OLS_HC3/omnibus,2,-0.1305840800026849,-0.29876731598825046,0.03759915598288066,70,any_spending/OLS_HC3
Q2/endpoint/any_spending/OLS_HC3/cash-food,1,0.12375357633834987,-0.037176670850372476,0.2846838235270722,71,any_spending/OLS_HC3
Q2/endpoint/any_spending/OLS_HC3/cash-medical,1,0.1305840800026849,-0.03759915598288066,0.29876731598825046,72,any_spending/OLS_HC3
Q2/endpoint/any_spending/OLS_HC3/food-medical,1,0.006830503664335033,-0.16036182847253416,0.17402283580120426,73,any_spending/OLS_HC3
Q2/endpoint/any_spending/OLS_HC3/restricted-cash,1,-0.1271688281705174,-0.26895653455600965,0.014618878214974845,74,any_spending/OLS_HC3
R/trend/any_spending/logit/omnibus,1,0.023429447085994835,-0.15215047940269624,0.19900937357468593,0,any_spending/logit
R/trend/any_spending/logit/omnibus,2,0.066653991299937,-0.10498626682526106,0.23829424942513505,0,any_spending/logit
R/trend/any_spending/logit/cash-food,1,-0.023429447085994835,-0.19900937357468593,0.15215047940269624,1,any_spending/logit
R/trend/any_spending/logit/cash-medical,1,-0.066653991299937,-0.23829424942513505,0.10498626682526106,2,any_spending/logit
R/trend/any_spending/logit/food-medical,1,-0.043224544213942166,-0.2124907659526065,0.12604167752472215,3,any_spending/logit
R/trend/any_spending/logit/restricted-cash,1,0.045041719192965915,-0.10655505168988873,0.19663849007582057,4,any_spending/logit
R/saturated/any_spending/logit/omnibus,1,0.1152573602306049,-0.23374785870090858,0.4642625791621184,5,any_spending/logit
R/saturated/any_spending/logit/omnibus,2,0.04520092850192169,-0.30724170931724815,0.39764356632109155,5,any_spending/logit
R/saturated/any_spending/logit/omnibus,3,0.31837182410111936,-0.024977060573973364,0.661720708776212,5,any_spending/logit
R/saturated/any_spending/logit/omnibus,4,0.1318118995411974,-0.21076588850336872,0.4743896875857635,5,any_spending/logit
R/saturated/any_spending/logit/cash-food,1,-0.1152573602306049,-0.4642625791621184,0.23374785870090858,6,any_spending/logit
R/saturated/any_spending/logit/cash-food,2,-0.04520092850192169,-0.39764356632109155,0.30724170931724815,6,any_spending/logit
R/saturated/any_spending/logit/cash-medical,1,-0.31837182410111936,-0.661720708776212,0.024977060573973364,7,any_spending/logit
R/saturated/any_spending/logit/cash-medical,2,-0.1318118995411974,-0.4743896875857635,0.21076588850336872,7,any_spending/logit
R/saturated/any_spending/logit/food-medical,1,-0.20311446387051446,-0.5402744730533837,0.13404554531235485,8,any_spending/logit
R/saturated/any_spending/logit/food-medical,2,-0.0866109710392757,-0.4219127574126509,0.24869081533409945,8,any_spending/logit
R/saturated/any_spending/logit/restricted-cash,1,0.21681459216586213,-0.08555493635261102,0.5191841206843353,9,any_spending/logit
R/saturated/any_spending/logit/restricted-cash,2,0.08850641402155955,-0.21592889096281137,0.3929417190059305,9,any_spending/logit
R/endpoint/any_spending/logit/omnibus,1,0.04520092333076146,-0.3072413121473134,0.39764315880883633,10,any_spending/logit
R/endpoint/any_spending/logit/omnibus,2,0.13181157286850034,-0.21076581555126503,0.4743889612882657,10,any_spending/logit
R/endpoint/any_spending/logit/cash-food,1,-0.04520092333076146,-0.39764315880883633,0.3072413121473134,11,any_spending/logit
R/endpoint/any_spending/logit/cash-medical,1,-0.13181157286850034,-0.4743889612882657,0.21076581555126503,12,any_spending/logit
R/endpoint/any_spending/logit/food-medical,1,-0.08661064953773889,-0.42191204205004845,0.24869074297457067,13,any_spending/logit
R/endpoint/any_spending/logit/restricted-cash,1,0.0885062480996309,-0.2159287075928311,0.39294120379209285,14,any_spending/logit
A/trend/any_spending/logit/omnibus,1,0.028577020749019112,-0.14728759632502247,0.20444163782306068,15,any_spending/logit
A/trend/any_spending/logit/omnibus,2,0.06913800821146479,-0.10276920070875664,0.24104521713168622,15,any_spending/logit
A/trend/any_spending/logit/cash-food,1,-0.028577020749019112,-0.20444163782306068,0.14728759632502247,16,any_spending/logit
A/trend/any_spending/logit/cash-medical,1,-0.06913800821146479,-0.24104521713168622,0.10276920070875664,17,any_spending/logit
A/trend/any_spending/logit/food-medical,1,-0.04056098746244568,-0.2100371057105611,0.12891513078566974,18,any_spending/logit
A/trend/any_spending/logit/restricted-cash,1,0.04885751448024195,-0.10299665024551613,0.20071167920600003,19,any_spending/logit
A/saturated/any_spending/logit/omnibus,1,0.11190998573373762,-0.23743666327010488,0.4612566347375801,20,any_spending/logit
A/saturated/any_spending/logit/omnibus,2,0.055577700262414126,-0.2972746830167884,0.4084300835416167,20,any_spending/logit
A/saturated/any_spending/logit/omnibus,3,0.3083178229841528,-0.035449389971253964,0.6520850359395596,20,any_spending/logit
A/saturated/any_spending/logit/omnibus,4,0.13682553728119948,-0.20614974324203542,0.4798008178044344,20,any_spending/logit
A/saturated/any_spending/logit/cash-food,1,-0.11190998573373762,-0.4612566347375801,0.23743666327010488,21,any_spending/logit
A/saturated/any_spending/logit/cash-food,2,-0.055577700262414126,-0.4084300835416167,0.2972746830167884,21,any_spending/logit
A/saturated/any_spending/logit/cash-medical,1,-0.3083178229841528,-0.6520850359395596,0.035449389971253964,22,any_spending/logit
A/saturated/any_spending/logit/cash-medical,2,-0.13682553728119948,-0.4798008178044344,0.20614974324203542,22,any_spending/logit
A/saturated/any_spending/logit/food-medical,1,-0.19640783725041516,-0.5337660089067799,0.14095033440594967,23,any_spending/logit
A/saturated/any_spending/logit/food-medical,2,-0.08124783701878535,-0.4170721774183389,0.2545765033807682,23,any_spending/logit
A/saturated/any_spending/logit/restricted-cash,1,0.2101139043589452,-0.09263492708527296,0.5128627358031633,24,any_spending/logit
A/saturated/any_spending/logit/restricted-cash,2,0.0962016187718068,-0.20855061963950275,0.4009538571831164,24,any_spending/logit
A/endpoint/any_spending/logit/omnibus,1,0.05557769887431268,-0.297274329480167,0.4084297272287924,25,any_spending/logit
A/endpoint/any_spending/logit/omnibus,2,0.13682527356531962,-0.20614965439042574,0.47980020152106495,25,any_spending/logit
A/endpoint/any_spending/logit/cash-food,1,-0.05557769887431268,-0.4084297272287924,0.297274329480167,26,any_spending/logit
A/endpoint/any_spending/logit/cash-medical,1,-0.13682527356531962,-0.47980020152106495,0.20614965439042574,27,any_spending/logit
A/endpoint/any_spending/logit/food-medical,1,-0.08124757469100694,-0.41707156782406896,0.25457641844205503,28,any_spending/logit
A/endpoint/any_spending/logit/restricted-cash,1,0.09620148621981615,-0.208550443994089,0.40095341643372134,29,any_spending/logit
C/trend/any_spending/logit/omnibus,1,0.011732926321558864,-0.1707505990744261,0.19421645171754384,30,any_spending/logit
C/trend/any_spending/logit/omnibus,2,0.08212755775568292,-0.0955785837686852,0.25983369928005107,30,any_spending/logit
C/trend/any_spending/logit/cash-food,1,-0.011732926321558864,-0.19421645171754384,0.1707505990744261,31,any_spending/logit
C/trend/any_spending/logit/cash-medical,1,-0.08212755775568292,-0.25983369928005107,0.0955785837686852,32,any_spending/logit
C/trend/any_spending/logit/food-medical,1,-0.07039463143412406,-0.2461618250298802,0.1053725621616321,33,any_spending/logit
C/trend/any_spending/logit/restricted-cash,1,0.046930242038620895,-0.11028403308320422,0.20414451716044602,34,any_spending/logit
C/saturated/any_spending/logit/omnibus,1,0.12545488331099502,-0.2365997847256298,0.48750955134761986,35,any_spending/logit
C/saturated/any_spending/logit/omnibus,2,0.020762213661097154,-0.3445758171985788,0.38610024452077313,35,any_spending/logit
C/saturated/any_spending/logit/omnibus,3,0.2902158718994142,-0.0637490106004594,0.6441807543992879,35,any_spending/logit
C/saturated/any_spending/logit/omnibus,4,0.16079986252056777,-0.19408895099905865,0.5156886760401942,35,any_spending/logit
C/saturated/any_spending/logit/cash-food,1,-0.12545488331099502,-0.48750955134761986,0.2365997847256298,36,any_spending/logit
C/saturated/any_spending/logit/cash-food,2,-0.020762213661097154,-0.38610024452077313,0.3445758171985788,36,any_spending/logit
C/saturated/any_spending/logit/cash-medical,1,-0.2902158718994142,-0.6441807543992879,0.0637490106004594,37,any_spending/logit
C/saturated/any_spending/logit/cash-medical,2,-0.16079986252056777,-0.5156886760401942,0.19408895099905865,37,any_spending/logit
C/saturated/any_spending/logit/food-medical,1,-0.1647609885884192,-0.5136178262499316,0.18409584907309323,38,any_spending/logit
C/saturated/any_spending/logit/food-medical,2,-0.14003764885947062,-0.4878180431266512,0.20774274540770998,38,any_spending/logit
C/saturated/any_spending/logit/restricted-cash,1,0.20783537760520462,-0.10483391581730636,0.5205046710277156,39,any_spending/logit
C/saturated/any_spending/logit/restricted-cash,2,0.09078103809083246,-0.22460947019649372,0.40617154637815867,39,any_spending/logit
C/endpoint/any_spending/logit/omnibus,1,0.02076213591560973,-0.3445752866007382,0.38609955843195765,40,any_spending/logit
C/endpoint/any_spending/logit/omnibus,2,0.16079979972063047,-0.19408842427100076,0.5156880237122616,40,any_spending/logit
C/endpoint/any_spending/logit/cash-food,1,-0.02076213591560973,-0.38609955843195765,0.3445752866007382,41,any_spending/logit
C/endpoint/any_spending/logit/cash-medical,1,-0.16079979972063047,-0.5156880237122616,0.19408842427100076,42,any_spending/logit
C/endpoint/any_spending/logit/food-medical,1,-0.14003766380502072,-0.4878174726003126,0.2077421449902712,43,any_spending/logit
C/endpoint/any_spending/logit/restricted-cash,1,0.0907809678181201,-0.2246090178472287,0.40617095348346893,44,any_spending/logit
Q1/trend/any_spending/logit/omnibus,1,-0.13354065946636864,-0.38188865083044776,0.11480733189771047,45,any_spending/logit
Q1/trend/any_spending/logit/omnibus,2,-0.09371186080002195,-0.3342294473774896,0.1468057257774457,45,any_spending/logit
Q1/trend/any_spending/logit/cash-food,1,0.13354065946636864,-0.11480733189771047,0.38188865083044776,46,any_spending/logit
Q1/trend/any_spending/logit/cash-medical,1,0.09371186080002195,-0.1468057257774457,0.3342294473774896,47,any_spending/logit
Q1/trend/any_spending/logit/food-medical,1,-0.0398287986663467,-0.2773953530717833,0.19773775573908992,48,any_spending/logit
Q1/trend/any_spending/logit/restricted-cash,1,-0.1136262601331953,-0.327292472227652,0.10003995196126139,49,any_spending/logit
Q1/saturated/any_spending/logit/omnibus,1,-0.026635274844214244,-0.5166567584337713,0.4633862087453428,50,any_spending/logit
Q1/saturated/any_spending/logit/omnibus,2,-0.27270006574898026,-0.7639973621053078,0.2185972306073472,50,any_spending/logit
Q1/saturated/any_spending/logit/omnibus,3,0.10835469924312198,-0.37190006643856977,0.5886094649248137,50,any_spending/logit
Q1/saturated/any_spending/logit/omnibus,4,-0.18131442357153166,-0.657247168195572,0.2946183210525087,50,any_spending/logit
Q1/saturated/any_spending/logit/cash-food,1,0.026635274844214244,-0.4633862087453428,0.5166567584337713,51,any_spending/logit
Q1/saturated/any_spending/logit/cash-food,2,0.27270006574898026,-0.2185972306073472,0.7639973621053078,51,any_spending/logit
Q1/saturated/any_spending/logit/cash-medical,1,-0.10835469924312198,-0.5886094649248137,0.37190006643856977,52,any_spending/logit
Q1/saturated/any_spending/logit/cash-medical,2,0.18131442357153166,-0.2946183210525087,0.657247168195572,52,any_spending/logit
Q1/saturated/any_spending/logit/food-medical,1,-0.13498997408733623,-0.6125340070645741,0.34255405888990165,53,any_spending/logit
Q1/saturated/any_spending/logit/food-medical,2,-0.0913856421774486,-0.5583776831343428,0.3756063987794456,53,any_spending/logit
Q1/saturated/any_spending/logit/restricted-cash,1,0.04085971219945387,-0.38147992755935717,0.46319935195826495,54,any_spending/logit
Q1/saturated/any_spending/logit/restricted-cash,2,-0.22700724466025596,-0.6505897204863141,0.19657523116580222,54,any_spending/logit
Q1/endpoint/any_spending/logit/omnibus,1,-0.27270003607497867,-0.7639870872759871,0.21858701512602968,55,any_spending/logit
Q1/endpoint/any_spending/logit/omnibus,2,-0.18131463131661688,-0.6572374540630962,0.2946081914298624,55,any_spending/logit
Q1/endpoint/any_spending/logit/cash-food,1,0.27270003607497867,-0.21858701512602968,0.7639870872759871,56,any_spending/logit
Q1/endpoint/any_spending/logit/cash-medical,1,0.18131463131661688,-0.2946081914298624,0.6572374540630962,57,any_spending/logit
Q1/endpoint/any_spending/logit/food-medical,1,-0.0913854047583618,-0.5583677003932374,0.3755968908765138,58,any_spending/logit
Q1/endpoint/any_spending/logit/restricted-cash,1,-0.22700733369579779,-0.6505809799903647,0.1965663125987691,59,any_spending/logit
Q2/trend/any_spending/logit/omnibus,1,-0.26448982790053654,-0.6109956173257709,0.08201596152469781,60,any_spending/logit
Q2/trend/any_spending/logit/omnibus,2,-0.2887456832617099,-0.6420459266334707,0.0645545601100509,60,any_spending/logit
Q2/trend/any_spending/logit/cash-food,1,0.26448982790053654,-0.08201596152469781,0.6109956173257709,61,any_spending/logit
Q2/trend/any_spending/logit/cash-medical,1,0.2887456832617099,-0.0645545601100509,0.6420459266334707,62,any_spending/logit
Q2/trend/any_spending/logit/food-medical,1,0.024255855361173362,-0.3268425884093119,0.37535429913165863,63,any_spending/logit
Q2/trend/any_spending/logit/restricted-cash,1,-0.2766177555811232,-0.5793158439982141,0.026080332835967668,64,any_spending/logit
Q2/saturated/any_spending/logit/omnibus,1,0.5566237278620128,-0.16839409169796427,1.2816415474219898,65,any_spending/logit
Q2/saturated/any_spending/logit/omnibus,2,-0.5372016820715799,-1.2249276929183983,0.15052432877523847,65,any_spending/logit
Q2/saturated/any_spending/logit/omnibus,3,0.42168080568796856,-0.2956284504991696,1.1389900618751068,65,any_spending/logit
Q2/saturated/any_spending/logit/omnibus,4,-0.5601578391705325,-1.2665360749666248,0.14622039662555963,65,any_spending/logit
Q2/saturated/any_spending/logit/cash-food,1,-0.5566237278620128,-1.2816415474219898,0.16839409169796427,66,any_spending/logit
Q2/saturated/any_spending/logit/cash-food,2,0.5372016820715799,-0.15052432877523847,1.2249276929183983,66,any_spending/logit
Q2/saturated/any_spending/logit/cash-medical,1,-0.42168080568796856,-1.1389900618751068,0.2956284504991696,67,any_spending/logit
Q2/saturated/any_spending/logit/cash-medical,2,0.5601578391705325,-0.14622039662555963,1.2665360749666248,67,any_spending/logit
Q2/saturated/any_spending/logit/food-medical,1,0.1349429221740442,-0.5841760176318029,0.8540618619798914,68,any_spending/logit
Q2/saturated/any_spending/logit/food-medical,2,0.0229561570989526,-0.6583327149919165,0.7042450291898217,68,any_spending/logit
Q2/saturated/any_spending/logit/restricted-cash,1,0.4891522667749907,-0.13599466911188784,1.1142992026618692,69,any_spending/logit
Q2/saturated/any_spending/logit/restricted-cash,2,-0.5486797606210563,-1.1568984771960453,0.05953895595393266,69,any_spending/logit
Q2/endpoint/any_spending/logit/omnibus,1,-0.5372016598319778,-1.2248692074129173,0.15046588774896175,70,any_spending/logit
Q2/endpoint/any_spending/logit/omnibus,2,-0.5601578154408117,-1.266476003281121,0.14616037239949786,70,any_spending/logit
Q2/endpoint/any_spending/logit/cash-food,1,0.5372016598319778,-0.15046588774896175,1.2248692074129173,71,any_spending/logit
Q2/endpoint/any_spending/logit/cash-medical,1,0.5601578154408117,-0.14616037239949786,1.266476003281121,72,any_spending/logit
Q2/endpoint/any_spending/logit/food-medical,1,0.022956155608833906,-0.6582747990894147,0.7041871103070825,73,any_spending/logit
Q2/endpoint/any_spending/logit/restricted-cash,1,-0.5486797376363948,-1.1568467507382478,0.05948727546545829,74,any_spending/logit
R/trend/any_spending/probit/omnibus,1,0.014168149918635084,-0.09149106743258104,0.11982736726985121,0,any_spending/probit
R/trend/any_spending/probit/omnibus,2,0.04088094230663189,-0.06307291055831563,0.1448347951715794,0,any_spending/probit
R/trend/any_spending/probit/cash-food,1,-0.014168149918635084,-0.11982736726985121,0.09149106743258104,1,any_spending/probit
R/trend/any_spending/probit/cash-medical,1,-0.04088094230663189,-0.1448347951715794,0.06307291055831563,2,any_spending/probit
R/trend/any_spending/probit/food-medical,1,-0.026712792387996807,-0.12971280575753333,0.0762872209815397,3,any_spending/probit
R/trend/any_spending/probit/restricted-cash,1,0.027524546112633486,-0.0637600976114791,0.11880918983674607,4,any_spending/probit
R/saturated/any_spending/probit/omnibus,1,0.06934759314752335,-0.14070940447214814,0.2794045907671948,5,any_spending/probit
R/saturated/any_spending/probit/omnibus,2,0.027395072859249806,-0.18439969312832402,0.23918983884682363,5,any_spending/probit
R/saturated/any_spending/probit/omnibus,3,0.19483367282468803,-0.013317163642357549,0.4029845092917336,5,any_spending/probit
R/saturated/any_spending/probit/omnibus,4,0.08146961271025609,-0.1261930690464962,0.28913229446700833,5,any_spending/probit
R/saturated/any_spending/probit/cash-food,1,-0.06934759314752335,-0.2794045907671948,0.14070940447214814,6,any_spending/probit
R/saturated/any_spending/probit/cash-food,2,-0.027395072859249806,-0.23918983884682363,0.18439969312832402,6,any_spending/probit
R/saturated/any_spending/probit/cash-medical,1,-0.19483367282468803,-0.4029845092917336,0.013317163642357549,7,any_spending/probit
R/saturated/any_spending/probit/cash-medical,2,-0.08146961271025609,-0.28913229446700833,0.1261930690464962,7,any_spending/probit
R/saturated/any_spending/probit/food-medical,1,-0.12548607967716469,-0.33111076937235084,0.0801386100180215,8,any_spending/probit
R/saturated/any_spending/probit/food-medical,2,-0.054074539851006284,-0.25894963668523024,0.1508005569832177,8,any_spending/probit
R/saturated/any_spending/probit/restricted-cash,1,0.13209063298610568,-0.049994452159274366,0.3141757181314857,9,any_spending/probit
R/saturated/any_spending/probit/restricted-cash,2,0.054432342784752945,-0.12858939040931475,0.23745407597882065,9,any_spending/probit
R/endpoint/any_spending/probit/omnibus,1,0.02739505213151939,-0.18439946296586224,0.239189567228901,10,any_spending/probit
R/endpoint/any_spending/probit/omnibus,2,0.08146959325752327,-0.12619284174957074,0.28913202826461726,10,any_spending/probit
R/endpoint/any_spending/probit/cash-food,1,-0.02739505213151939,-0.239189567228901,0.18439946296586224,11,any_spending/probit
R/endpoint/any_spending/probit/cash-medical,1,-0.08146959325752327,-0.28913202826461726,0.12619284174957074,12,any_spending/probit
R/endpoint/any_spending/probit/food-medical,1,-0.054074541126003885,-0.25894939431259817,0.1508003120605904,13,any_spending/probit
R/endpoint/any_spending/probit/restricted-cash,1,0.054432322694521335,-0.12858919353280132,0.237453838921844,14,any_spending/probit
A/trend/any_spending/probit/omnibus,1,0.017263533464310237,-0.08857944212535697,0.12310650905397745,15,any_spending/probit
A/trend/any_spending/probit/omnibus,2,0.04235542040582667,-0.06176567119873855,0.14647651201039188,15,any_spending/probit
A/trend/any_spending/probit/cash-food,1,-0.017263533464310237,-0.12310650905397745,0.08857944212535697,16,any_spending/probit
A/trend/any_spending/probit/cash-medical,1,-0.04235542040582667,-0.14647651201039188,0.06176567119873855,17,any_spending/probit
A/trend/any_spending/probit/food-medical,1,-0.02509188694151643,-0.12822809612657038,0.07804432224353752,18,any_spending/probit
A/trend/any_spending/probit/restricted-cash,1,0.029809476935068455,-0.061638317942855056,0.12125727181299197,19,any_spending/probit
A/saturated/any_spending/probit/omnibus,1,0.06735165018178679,-0.14293496395130978,0.27763826431488337,20,any_spending/probit
A/saturated/any_spending/probit/omnibus,2,0.033618346377532464,-0.1784898123556904,0.24572650511075533,20,any_spending/probit
A/saturated/any_spending/probit/omnibus,3,0.1886998435134779,-0.01970845902579979,0.3971081460527556,20,any_spending/probit
A/saturated/any_spending/probit/omnibus,4,0.08440363686932742,-0.1235483370764642,0.29235561081511907,20,any_spending/probit
A/saturated/any_spending/probit/cash-food,1,-0.06735165018178679,-0.27763826431488337,0.14293496395130978,21,any_spending/probit
A/saturated/any_spending/probit/cash-food,2,-0.033618346377532464,-0.24572650511075533,0.1784898123556904,21,any_spending/probit
A/saturated/any_spending/probit/cash-medical,1,-0.1886998435134779,-0.3971081460527556,0.01970845902579979,22,any_spending/probit
A/saturated/any_spending/probit/cash-medical,2,-0.08440363686932742,-0.29235561081511907,0.1235483370764642,22,any_spending/probit
A/saturated/any_spending/probit/food-medical,1,-0.12134819333169111,-0.32711404043730963,0.0844176537739274,23,any_spending/probit
A/saturated/any_spending/probit/food-medical,2,-0.050785290491794956,-0.2559693305077811,0.1543987495241912,23,any_spending/probit
A/saturated/any_spending/probit/restricted-cash,1,0.12802574684763235,-0.05429908516013143,0.31035057885539613,24,any_spending/probit
A/saturated/any_spending/probit/restricted-cash,2,0.059010991623429945,-0.12426973476440982,0.2422917180112697,24,any_spending/probit
A/endpoint/any_spending/probit/omnibus,1,0.03361832703979289,-0.17848961066788913,0.24572626474747492,25,any_spending/probit
A/endpoint/any_spending/probit/omnibus,2,0.08440362304518724,-0.12354813338942032,0.2923553794797948,25,any_spending/probit
A/endpoint/any_spending/probit/cash-food,1,-0.03361832703979289,-0.24572626474747492,0.17848961066788913,26,any_spending/probit
A/endpoint/any_spending/probit/cash-medical,1,-0.08440362304518724,-0.2923553794797948,0.12354813338942032,27,any_spending/probit
A/endpoint/any_spending/probit/food-medical,1,-0.05078529600539435,-0.25596912123443755,0.15439852922364886,28,any_spending/probit
A/endpoint/any_spending/probit/restricted-cash,1,0.05901097504249006,-0.12426956016928983,0.24229151025426995,29,any_spending/probit
C/trend/any_spending/probit/omnibus,1,0.007148257844882205,-0.10227440482594931,0.11657092051571373,30,any_spending/probit
C/trend/any_spending/probit/omnibus,2,0.05057673886544514,-0.05681098475426016,0.15796446248515045,30,any_spending/probit
C/trend/any_spending/probit/cash-food,1,-0.007148257844882205,-0.11657092051571373,0.10227440482594931,31,any_spending/probit
C/trend/any_spending/probit/cash-medical,1,-0.05057673886544514,-0.15796446248515045,0.05681098475426016,32,any_spending/probit
C/trend/any_spending/probit/food-medical,1,-0.04342848102056294,-0.15012037493272465,0.06326341289159879,33,any_spending/probit
C/trend/any_spending/probit/restricted-cash,1,0.028862498355163673,-0.0655140405115346,0.12323903722186196,34,any_spending/probit
C/saturated/any_spending/probit/omnibus,1,0.07546410834632053,-0.14184360793521822,0.2927718246278593,35,any_spending/probit
C/saturated/any_spending/probit/omnibus,2,0.012866382228412432,-0.20614005401166766,0.23187281846849253,35,any_spending/probit
C/saturated/any_spending/probit/omnibus,3,0.1778994391947014,-0.036419094205873775,0.3922179725952766,35,any_spending/probit
C/saturated/any_spending/probit/omnibus,4,0.09988114975782615,-0.1147172682026912,0.3144795677183435,35,any_spending/probit
C/saturated/any_spending/probit/cash-food,1,-0.07546410834632053,-0.2927718246278593,0.14184360793521822,36,any_spending/probit
C/saturated/any_spending/probit/cash-food,2,-0.012866382228412432,-0.23187281846849253,0.20614005401166766,36,any_spending/probit
C/saturated/any_spending/probit/cash-medical,1,-0.1778994391947014,-0.3922179725952766,0.036419094205873775,37,any_spending/probit
C/saturated/any_spending/probit/cash-medical,2,-0.09988114975782615,-0.3144795677183435,0.1147172682026912,37,any_spending/probit
C/saturated/any_spending/probit/food-medical,1,-0.10243533084838086,-0.3148377629782087,0.10996710128144699,38,any_spending/probit
C/saturated/any_spending/probit/food-medical,2,-0.08701476752941371,-0.299092880988194,0.12506334592936652,38,any_spending/probit
C/saturated/any_spending/probit/restricted-cash,1,0.12668177377051096,-0.061198082423731065,0.314561629964753,39,any_spending/probit
C/saturated/any_spending/probit/restricted-cash,2,0.056373765993119294,-0.13273960873434348,0.2454871407205821,39,any_spending/probit
C/endpoint/any_spending/probit/omnibus,1,0.012866340581451717,-0.20613972838926503,0.23187240955216848,40,any_spending/probit
C/endpoint/any_spending/probit/omnibus,2,0.09988114525315288,-0.11471691277203365,0.3144792032783394,40,any_spending/probit
C/endpoint/any_spending/probit/cash-food,1,-0.012866340581451717,-0.23187240955216848,0.20613972838926503,41,any_spending/probit
C/endpoint/any_spending/probit/cash-medical,1,-0.09988114525315288,-0.3144792032783394,0.11471691277203365,42,any_spending/probit
C/endpoint/any_spending/probit/food-medical,1,-0.08701480467170117,-0.29909256142217555,0.12506295207877324,43,any_spending/probit
C/endpoint/any_spending/probit/restricted-cash,1,0.056373742917302294,-0.13273931493438465,0.24548680076898924,44,any_spending/probit
Q1/trend/any_spending/probit/omnibus,1,-0.08056543011110733,-0.2304055060763523,0.06927464585413766,45,any_spending/probit
Q1/trend/any_spending/probit/omnibus,2,-0.05628199379925824,-0.2027390849970281,0.09017509739851162,45,any_spending/probit
Q1/trend/any_spending/probit/cash-food,1,0.08056543011110733,-0.06927464585413766,0.2304055060763523,46,any_spending/probit
Q1/trend/any_spending/probit/cash-medical,1,0.05628199379925824,-0.09017509739851162,0.2027390849970281,47,any_spending/probit
Q1/trend/any_spending/probit/food-medical,1,-0.024283436311849087,-0.16911329442793455,0.12054642180423636,48,any_spending/probit
Q1/trend/any_spending/probit/restricted-cash,1,-0.06842371195518278,-0.19767904845317724,0.06083162454281167,49,any_spending/probit
Q1/saturated/any_spending/probit/omnibus,1,-0.016436323604158108,-0.31288145468588385,0.2800088074775677,50,any_spending/probit
Q1/saturated/any_spending/probit/omnibus,2,-0.16511362567748764,-0.4630287560840717,0.13280150472909638,50,any_spending/probit
Q1/saturated/any_spending/probit/omnibus,3,0.06864551314664659,-0.22486898005396322,0.36216000634725637,50,any_spending/probit
Q1/saturated/any_spending/probit/omnibus,4,-0.10898189313251136,-0.40014446633842304,0.1821806800734003,50,any_spending/probit
Q1/saturated/any_spending/probit/cash-food,1,0.016436323604158108,-0.2800088074775677,0.31288145468588385,51,any_spending/probit
Q1/saturated/any_spending/probit/cash-food,2,0.16511362567748764,-0.13280150472909638,0.4630287560840717,51,any_spending/probit
Q1/saturated/any_spending/probit/cash-medical,1,-0.06864551314664659,-0.36216000634725637,0.22486898005396322,52,any_spending/probit
Q1/saturated/any_spending/probit/cash-medical,2,0.10898189313251136,-0.1821806800734003,0.40014446633842304,52,any_spending/probit
Q1/saturated/any_spending/probit/food-medical,1,-0.08508183675080469,-0.3764103633251292,0.20624668982351982,53,any_spending/probit
Q1/saturated/any_spending/probit/food-medical,2,-0.056131732544976276,-0.343070297093641,0.23080683200368846,53,any_spending/probit
Q1/saturated/any_spending/probit/restricted-cash,1,0.02610459477124424,-0.23040497450726136,0.2826141640497498,54,any_spending/probit
Q1/saturated/any_spending/probit/restricted-cash,2,-0.1370477594049995,-0.3943046339957825,0.1202091151857835,54,any_spending/probit
Q1/endpoint/any_spending/probit/omnibus,1,-0.16511363569042237,-0.46302255210169596,0.13279528072085123,55,any_spending/probit
Q1/endpoint/any_spending/probit/omnibus,2,-0.1089819958409045,-0.40013849693299225,0.18217450525118323,55,any_spending/probit
Q1/endpoint/any_spending/probit/cash-food,1,0.16511363569042237,-0.13279528072085123,0.46302255210169596,56,any_spending/probit
Q1/endpoint/any_spending/probit/cash-medical,1,0.1089819958409045,-0.18217450525118323,0.40013849693299225,57,any_spending/probit
Q1/endpoint/any_spending/probit/food-medical,1,-0.05613163984951787,-0.3430642159304116,0.23080093623137587,58,any_spending/probit
Q1/endpoint/any_spending/probit/restricted-cash,1,-0.13704781576566344,-0.39429932596270495,0.12020369443137807,59,any_spending/probit
Q2/trend/any_spending/probit/omnibus,1,-0.16304695608773487,-0.3759464604216839,0.04985254824621413,60,any_spending/probit
Q2/trend/any_spending/probit/omnibus,2,-0.17867345820526523,-0.3972396347561048,0.03989271834557431,60,any_spending/probit
Q2/trend/any_spending/probit/cash-food,1,0.16304695608773487,-0.04985254824621413,0.3759464604216839,61,any_spending/probit
Q2/trend/any_spending/probit/cash-medical,1,0.17867345820526523,-0.03989271834557431,0.3972396347561048,62,any_spending/probit
Q2/trend/any_spending/probit/food-medical,1,0.01562650211753036,-0.20035290299089023,0.23160590722595095,63,any_spending/probit
Q2/trend/any_spending/probit/restricted-cash,1,-0.17086020714650005,-0.3576405872218713,0.015920172928871212,64,any_spending/probit
Q2/saturated/any_spending/probit/omnibus,1,0.3393491937446609,-0.10513222653810234,0.783830614027424,65,any_spending/probit
Q2/saturated/any_spending/probit/omnibus,2,-0.33078983027496645,-0.7552260134240858,0.0936463528741529,65,any_spending/probit
Q2/saturated/any_spending/probit/omnibus,3,0.2612734105180093,-0.18323163847123203,0.7057784595072506,65,any_spending/probit
Q2/saturated/any_spending/probit/omnibus,4,-0.3457713368598826,-0.7832195397626677,0.09167686604290248,65,any_spending/probit
Q2/saturated/any_spending/probit/cash-food,1,-0.3393491937446609,-0.783830614027424,0.10513222653810234,66,any_spending/probit
Q2/saturated/any_spending/probit/cash-food,2,0.33078983027496645,-0.0936463528741529,0.7552260134240858,66,any_spending/probit
Q2/saturated/any_spending/probit/cash-medical,1,-0.2612734105180093,-0.7057784595072506,0.18323163847123203,67,any_spending/probit
Q2/saturated/any_spending/probit/cash-medical,2,0.3457713368598826,-0.09167686604290248,0.7832195397626677,67,any_spending/probit
Q2/saturated/any_spending/probit/food-medical,1,0.0780757832266516,-0.3620136982076568,0.51816526466096,68,any_spending/probit
Q2/saturated/any_spending/probit/food-medical,2,0.014981506584916149,-0.4099040036590554,0.4398670168288877,68,any_spending/probit
Q2/saturated/any_spending/probit/restricted-cash,1,0.30031130213133506,-0.08589401613794445,0.6865166204006146,69,any_spending/probit
Q2/saturated/any_spending/probit/restricted-cash,2,-0.3382805835674245,-0.7132760204606146,0.03671485332576552,69,any_spending/probit
Q2/endpoint/any_spending/probit/omnibus,1,-0.33078985565075086,-0.7551899582435269,0.09361024694202508,70,any_spending/probit
Q2/endpoint/any_spending/probit/omnibus,2,-0.34577132855725,-0.7831823439163441,0.09163968680184409,70,any_spending/probit
Q2/endpoint/any_spending/probit/cash-food,1,0.33078985565075086,-0.09361024694202508,0.7551899582435269,71,any_spending/probit
Q2/endpoint/any_spending/probit/cash-medical,1,0.34577132855725,-0.09163968680184409,0.7831823439163441,72,any_spending/probit
Q2/endpoint/any_spending/probit/food-medical,1,0.01498147290649915,-0.40986791778128917,0.43983086359428747,73,any_spending/probit
Q2/endpoint/any_spending/probit/restricted-cash,1,-0.3382805921040004,-0.7132441510362917,0.03668296682829092,74,any_spending/probit
R/trend/ge10/OLS_HC3/omnibus,1,-0.005253378075873337,-0.045102850740049945,0.03459609458830327,0,ge10/OLS_HC3
R/trend/ge10/OLS_HC3/omnibus,2,0.0363195414156887,-0.0031565738886923933,0.0757956567200698,0,ge10/OLS_HC3
R/trend/ge10/OLS_HC3/cash-food,1,0.005253378075873337,-0.03459609458830327,0.045102850740049945,1,ge10/OLS_HC3
R/trend/ge10/OLS_HC3/cash-medical,1,-0.0363195414156887,-0.0757956567200698,0.0031565738886923933,2,ge10/OLS_HC3
R/trend/ge10/OLS_HC3/food-medical,1,-0.04157291949156204,-0.08097500984889958,-0.0021708291342244987,3,ge10/OLS_HC3
R/trend/ge10/OLS_HC3/restricted-cash,1,0.015533081669907682,-0.018891341265516046,0.04995750460533141,4,ge10/OLS_HC3
R/saturated/ge10/OLS_HC3/omnibus,1,0.01035985814433965,-0.0688972919594032,0.0896170082480825,5,ge10/OLS_HC3
R/saturated/ge10/OLS_HC3/omnibus,2,-0.010777340941894352,-0.09050433574141563,0.06894965385762693,5,ge10/OLS_HC3
R/saturated/ge10/OLS_HC3/omnibus,3,0.05981759476844564,-0.01931335199551984,0.13894854153241112,5,ge10/OLS_HC3
R/saturated/ge10/OLS_HC3/omnibus,4,0.07250085795913598,-0.0064770373952905275,0.15147875331356248,5,ge10/OLS_HC3
R/saturated/ge10/OLS_HC3/cash-food,1,-0.01035985814433965,-0.0896170082480825,0.0688972919594032,6,ge10/OLS_HC3
R/saturated/ge10/OLS_HC3/cash-food,2,0.010777340941894352,-0.06894965385762693,0.09050433574141563,6,ge10/OLS_HC3
R/saturated/ge10/OLS_HC3/cash-medical,1,-0.05981759476844564,-0.13894854153241112,0.01931335199551984,7,ge10/OLS_HC3
R/saturated/ge10/OLS_HC3/cash-medical,2,-0.07250085795913598,-0.15147875331356248,0.0064770373952905275,7,ge10/OLS_HC3
R/saturated/ge10/OLS_HC3/food-medical,1,-0.04945773662410599,-0.12834553496776466,0.029430061719552675,8,ge10/OLS_HC3
R/saturated/ge10/OLS_HC3/food-medical,2,-0.08327819890103033,-0.16210323899673917,-0.004453158805321503,8,ge10/OLS_HC3
R/saturated/ge10/OLS_HC3/restricted-cash,1,0.03508872645639265,-0.03358353946870221,0.1037609923814875,9,ge10/OLS_HC3
R/saturated/ge10/OLS_HC3/restricted-cash,2,0.030861758508620815,-0.03801206881835653,0.09973558583559816,9,ge10/OLS_HC3
R/endpoint/ge10/OLS_HC3/omnibus,1,-0.010777340941894867,-0.0905043357414162,0.06894965385762647,10,ge10/OLS_HC3
R/endpoint/ge10/OLS_HC3/omnibus,2,0.0725008579591358,-0.006477037395290708,0.1514787533135623,10,ge10/OLS_HC3
R/endpoint/ge10/OLS_HC3/cash-food,1,0.010777340941894867,-0.06894965385762647,0.0905043357414162,11,ge10/OLS_HC3
R/endpoint/ge10/OLS_HC3/cash-medical,1,-0.0725008579591358,-0.1514787533135623,0.006477037395290708,12,ge10/OLS_HC3
R/endpoint/ge10/OLS_HC3/food-medical,1,-0.08327819890103066,-0.1621032389967395,-0.004453158805321808,13,ge10/OLS_HC3
R/endpoint/ge10/OLS_HC3/restricted-cash,1,0.030861758508620468,-0.038012068818356906,0.09973558583559784,14,ge10/OLS_HC3
A/trend/ge10/OLS_HC3/omnibus,1,-0.004952236544669235,-0.04487554644070231,0.034971073351363846,15,ge10/OLS_HC3
A/trend/ge10/OLS_HC3/omnibus,2,0.035480665891106836,-0.004060463449583024,0.0750217952317967,15,ge10/OLS_HC3
A/trend/ge10/OLS_HC3/cash-food,1,0.004952236544669235,-0.034971073351363846,0.04487554644070231,16,ge10/OLS_HC3
A/trend/ge10/OLS_HC3/cash-medical,1,-0.035480665891106836,-0.0750217952317967,0.004060463449583024,17,ge10/OLS_HC3
A/trend/ge10/OLS_HC3/food-medical,1,-0.04043290243577607,-0.07989435633758715,-0.0009714485339649831,18,ge10/OLS_HC3
A/trend/ge10/OLS_HC3/restricted-cash,1,0.0152642146732188,-0.01922323529462803,0.049751664641065625,19,ge10/OLS_HC3
A/saturated/ge10/OLS_HC3/omnibus,1,0.011965497497476163,-0.06739042215452266,0.09132141714947499,20,ge10/OLS_HC3
A/saturated/ge10/OLS_HC3/omnibus,2,-0.010239133068317372,-0.09011486323139933,0.06963659709476458,20,ge10/OLS_HC3
A/saturated/ge10/OLS_HC3/omnibus,3,0.05986299211226425,-0.019367143988110867,0.13909312821263936,20,ge10/OLS_HC3
A/saturated/ge10/OLS_HC3/omnibus,4,0.07073818967101615,-0.008370669205808534,0.14984704854784084,20,ge10/OLS_HC3
A/saturated/ge10/OLS_HC3/cash-food,1,-0.011965497497476163,-0.09132141714947499,0.06739042215452266,21,ge10/OLS_HC3
A/saturated/ge10/OLS_HC3/cash-food,2,0.010239133068317372,-0.06963659709476458,0.09011486323139933,21,ge10/OLS_HC3
A/saturated/ge10/OLS_HC3/cash-medical,1,-0.05986299211226425,-0.13909312821263936,0.019367143988110867,22,ge10/OLS_HC3
A/saturated/ge10/OLS_HC3/cash-medical,2,-0.07073818967101615,-0.14984704854784084,0.008370669205808534,22,ge10/OLS_HC3
A/saturated/ge10/OLS_HC3/food-medical,1,-0.04789749461478809,-0.12685213079128607,0.03105714156170989,23,ge10/OLS_HC3
A/saturated/ge10/OLS_HC3/food-medical,2,-0.08097732273933353,-0.1599216483781537,-0.00203299710051337,23,ge10/OLS_HC3
A/saturated/ge10/OLS_HC3/restricted-cash,1,0.03591424480487021,-0.03285296818001407,0.10468145778975449,24,ge10/OLS_HC3
A/saturated/ge10/OLS_HC3/restricted-cash,2,0.03024952830134939,-0.03875134323877974,0.09925039984147851,24,ge10/OLS_HC3
A/endpoint/ge10/OLS_HC3/omnibus,1,-0.010239133068316806,-0.09011486323139878,0.06963659709476516,25,ge10/OLS_HC3
A/endpoint/ge10/OLS_HC3/omnibus,2,0.07073818967101657,-0.008370669205808118,0.14984704854784126,25,ge10/OLS_HC3
A/endpoint/ge10/OLS_HC3/cash-food,1,0.010239133068316806,-0.06963659709476516,0.09011486323139878,26,ge10/OLS_HC3
A/endpoint/ge10/OLS_HC3/cash-medical,1,-0.07073818967101657,-0.14984704854784126,0.008370669205808118,27,ge10/OLS_HC3
A/endpoint/ge10/OLS_HC3/food-medical,1,-0.08097732273933338,-0.15992164837815356,-0.0020329971005131897,28,ge10/OLS_HC3
A/endpoint/ge10/OLS_HC3/restricted-cash,1,0.03024952830134988,-0.03875134323877925,0.09925039984147901,29,ge10/OLS_HC3
C/trend/ge10/OLS_HC3/omnibus,1,-3.0196358994231667e-05,-0.04107649561252879,0.04101610289454032,30,ge10/OLS_HC3
C/trend/ge10/OLS_HC3/omnibus,2,0.045436578592260815,0.0048011238912770565,0.08607203329324457,30,ge10/OLS_HC3
C/trend/ge10/OLS_HC3/cash-food,1,3.0196358994231667e-05,-0.04101610289454032,0.04107649561252879,31,ge10/OLS_HC3
C/trend/ge10/OLS_HC3/cash-medical,1,-0.045436578592260815,-0.08607203329324457,-0.0048011238912770565,32,ge10/OLS_HC3
C/trend/ge10/OLS_HC3/food-medical,1,-0.04546677495125505,-0.08615128211458428,-0.004782267787925808,33,ge10/OLS_HC3
C/trend/ge10/OLS_HC3/restricted-cash,1,0.02270319111663329,-0.012711666638304253,0.058118048871570835,34,ge10/OLS_HC3
C/saturated/ge10/OLS_HC3/omnibus,1,0.020271997640862443,-0.06136291880263853,0.10190691408436342,35,ge10/OLS_HC3
C/saturated/ge10/OLS_HC3/omnibus,2,-0.0005158917442443167,-0.08264403690610746,0.08161225341761881,35,ge10/OLS_HC3
C/saturated/ge10/OLS_HC3/omnibus,3,0.06073487979889972,-0.020537327704383164,0.14200708730218262,35,ge10/OLS_HC3
C/saturated/ge10/OLS_HC3/omnibus,4,0.09044990720504409,0.009145842479341693,0.17175397193074649,35,ge10/OLS_HC3
C/saturated/ge10/OLS_HC3/cash-food,1,-0.020271997640862443,-0.10190691408436342,0.06136291880263853,36,ge10/OLS_HC3
C/saturated/ge10/OLS_HC3/cash-food,2,0.0005158917442443167,-0.08161225341761881,0.08264403690610746,36,ge10/OLS_HC3
C/saturated/ge10/OLS_HC3/cash-medical,1,-0.06073487979889972,-0.14200708730218262,0.020537327704383164,37,ge10/OLS_HC3
C/saturated/ge10/OLS_HC3/cash-medical,2,-0.09044990720504409,-0.17175397193074649,-0.009145842479341693,37,ge10/OLS_HC3
C/saturated/ge10/OLS_HC3/food-medical,1,-0.04046288215803728,-0.12173975554855167,0.0408139912324771,38,ge10/OLS_HC3
C/saturated/ge10/OLS_HC3/food-medical,2,-0.09096579894928841,-0.17235852749824332,-0.009573070400333492,38,ge10/OLS_HC3
C/saturated/ge10/OLS_HC3/restricted-cash,1,0.04050343871988108,-0.03008858002560178,0.11109545746536395,39,ge10/OLS_HC3
C/saturated/ge10/OLS_HC3/restricted-cash,2,0.04496700773039988,-0.025895517762018663,0.11582953322281843,39,ge10/OLS_HC3
C/endpoint/ge10/OLS_HC3/omnibus,1,-0.0005158917442436762,-0.0826440369061068,0.08161225341761946,40,ge10/OLS_HC3
C/endpoint/ge10/OLS_HC3/omnibus,2,0.09044990720504491,0.009145842479342511,0.17175397193074732,40,ge10/OLS_HC3
C/endpoint/ge10/OLS_HC3/cash-food,1,0.0005158917442436762,-0.08161225341761946,0.0826440369061068,41,ge10/OLS_HC3
C/endpoint/ge10/OLS_HC3/cash-medical,1,-0.09044990720504491,-0.17175397193074732,-0.009145842479342511,42,ge10/OLS_HC3
C/endpoint/ge10/OLS_HC3/food-medical,1,-0.09096579894928858,-0.17235852749824349,-0.009573070400333672,43,ge10/OLS_HC3
C/endpoint/ge10/OLS_HC3/restricted-cash,1,0.04496700773040062,-0.025895517762017928,0.11582953322281916,44,ge10/OLS_HC3
Q1/trend/ge10/OLS_HC3/omnibus,1,-0.02584295623515257,-0.08262176515479837,0.030935852684493226,45,ge10/OLS_HC3
Q1/trend/ge10/OLS_HC3/omnibus,2,0.026995221478321254,-0.029028837057959247,0.08301928001460175,45,ge10/OLS_HC3
Q1/trend/ge10/OLS_HC3/cash-food,1,0.02584295623515257,-0.030935852684493226,0.08262176515479837,46,ge10/OLS_HC3
Q1/trend/ge10/OLS_HC3/cash-medical,1,-0.026995221478321254,-0.08301928001460175,0.029028837057959247,47,ge10/OLS_HC3
Q1/trend/ge10/OLS_HC3/food-medical,1,-0.05283817771347382,-0.10832491306239726,0.0026485576354496193,48,ge10/OLS_HC3
Q1/trend/ge10/OLS_HC3/restricted-cash,1,0.0005761326215843413,-0.04853160290638262,0.0496838681495513,49,ge10/OLS_HC3
Q1/saturated/ge10/OLS_HC3/omnibus,1,0.0007199085714970612,-0.11210490352837924,0.11354472067137336,50,ge10/OLS_HC3
Q1/saturated/ge10/OLS_HC3/omnibus,2,-0.052814195591830135,-0.16650824589092098,0.060879854707260705,50,ge10/OLS_HC3
Q1/saturated/ge10/OLS_HC3/omnibus,3,0.05546070877942517,-0.05736718565643938,0.1682886032152897,50,ge10/OLS_HC3
Q1/saturated/ge10/OLS_HC3/omnibus,4,0.05409428312547476,-0.05801831080834893,0.16620687705929846,50,ge10/OLS_HC3
Q1/saturated/ge10/OLS_HC3/cash-food,1,-0.0007199085714970612,-0.11354472067137336,0.11210490352837924,51,ge10/OLS_HC3
Q1/saturated/ge10/OLS_HC3/cash-food,2,0.052814195591830135,-0.060879854707260705,0.16650824589092098,51,ge10/OLS_HC3
Q1/saturated/ge10/OLS_HC3/cash-medical,1,-0.05546070877942517,-0.1682886032152897,0.05736718565643938,52,ge10/OLS_HC3
Q1/saturated/ge10/OLS_HC3/cash-medical,2,-0.05409428312547476,-0.16620687705929846,0.05801831080834893,52,ge10/OLS_HC3
Q1/saturated/ge10/OLS_HC3/food-medical,1,-0.054740800207928104,-0.16645725073890072,0.05697565032304452,53,ge10/OLS_HC3
Q1/saturated/ge10/OLS_HC3/food-medical,2,-0.1069084787173049,-0.21800551872473295,0.004188561290123155,53,ge10/OLS_HC3
Q1/saturated/ge10/OLS_HC3/restricted-cash,1,0.028090308675461115,-0.06993848640175934,0.12611910375268157,54,ge10/OLS_HC3
Q1/saturated/ge10/OLS_HC3/restricted-cash,2,0.0006400437668223138,-0.09765617854811867,0.09893626608176331,54,ge10/OLS_HC3
Q1/endpoint/ge10/OLS_HC3/omnibus,1,-0.052814195591829774,-0.16650824589092061,0.060879854707261066,55,ge10/OLS_HC3
Q1/endpoint/ge10/OLS_HC3/omnibus,2,0.054094283125475526,-0.05801831080834817,0.1662068770592992,55,ge10/OLS_HC3
Q1/endpoint/ge10/OLS_HC3/cash-food,1,0.052814195591829774,-0.060879854707261066,0.16650824589092061,56,ge10/OLS_HC3
Q1/endpoint/ge10/OLS_HC3/cash-medical,1,-0.054094283125475526,-0.1662068770592992,0.05801831080834817,57,ge10/OLS_HC3
Q1/endpoint/ge10/OLS_HC3/food-medical,1,-0.1069084787173053,-0.21800551872473334,0.004188561290122753,58,ge10/OLS_HC3
Q1/endpoint/ge10/OLS_HC3/restricted-cash,1,0.0006400437668228759,-0.0976561785481181,0.09893626608176385,59,ge10/OLS_HC3
Q2/trend/ge10/OLS_HC3/omnibus,1,-0.04520754690773113,-0.12791161789644992,0.037496524080987664,60,ge10/OLS_HC3
Q2/trend/ge10/OLS_HC3/omnibus,2,-0.02435724292807458,-0.10972818678364869,0.06101370092749954,60,ge10/OLS_HC3
Q2/trend/ge10/OLS_HC3/cash-food,1,0.04520754690773113,-0.037496524080987664,0.12791161789644992,61,ge10/OLS_HC3
Q2/trend/ge10/OLS_HC3/cash-medical,1,0.02435724292807458,-0.06101370092749954,0.10972818678364869,62,ge10/OLS_HC3
Q2/trend/ge10/OLS_HC3/food-medical,1,-0.020850303979656547,-0.10434158580169926,0.06264097784238616,63,ge10/OLS_HC3
Q2/trend/ge10/OLS_HC3/restricted-cash,1,-0.03478239491790285,-0.10773019934940972,0.03816540951360401,64,ge10/OLS_HC3
Q2/saturated/ge10/OLS_HC3/omnibus,1,0.09771855761914668,-0.07455301258044116,0.2699901278187345,65,ge10/OLS_HC3
Q2/saturated/ge10/OLS_HC3/omnibus,2,-0.092599854486577,-0.25825073900924356,0.07305103003608955,65,ge10/OLS_HC3
Q2/saturated/ge10/OLS_HC3/omnibus,3,0.05546930525941746,-0.11904215257076092,0.22998076308959584,65,ge10/OLS_HC3
Q2/saturated/ge10/OLS_HC3/omnibus,4,-0.045816973723950306,-0.21693236704012736,0.12529841959222676,65,ge10/OLS_HC3
Q2/saturated/ge10/OLS_HC3/cash-food,1,-0.09771855761914668,-0.2699901278187345,0.07455301258044116,66,ge10/OLS_HC3
Q2/saturated/ge10/OLS_HC3/cash-food,2,0.092599854486577,-0.07305103003608955,0.25825073900924356,66,ge10/OLS_HC3
Q2/saturated/ge10/OLS_HC3/cash-medical,1,-0.05546930525941746,-0.22998076308959584,0.11904215257076092,67,ge10/OLS_HC3
Q2/saturated/ge10/OLS_HC3/cash-medical,2,0.045816973723950306,-0.12529841959222676,0.21693236704012736,67,ge10/OLS_HC3
Q2/saturated/ge10/OLS_HC3/food-medical,1,0.04224925235972921,-0.12765108501166675,0.21214958973112516,68,ge10/OLS_HC3
Q2/saturated/ge10/OLS_HC3/food-medical,2,-0.04678288076262669,-0.21378120702907458,0.12021544550382121,68,ge10/OLS_HC3
Q2/saturated/ge10/OLS_HC3/restricted-cash,1,0.07659393143928207,-0.07456605085363262,0.22775391373219678,69,ge10/OLS_HC3
Q2/saturated/ge10/OLS_HC3/restricted-cash,2,-0.06920841410526365,-0.2154555899497809,0.07703876173925359,69,ge10/OLS_HC3
Q2/endpoint/ge10/OLS_HC3/omnibus,1,-0.09259985448657759,-0.25825073900924383,0.07305103003608865,70,ge10/OLS_HC3
Q2/endpoint/ge10/OLS_HC3/omnibus,2,-0.045816973723950785,-0.21693236704012753,0.12529841959222598,70,ge10/OLS_HC3
Q2/endpoint/ge10/OLS_HC3/cash-food,1,0.09259985448657759,-0.07305103003608865,0.25825073900924383,71,ge10/OLS_HC3
Q2/endpoint/ge10/OLS_HC3/cash-medical,1,0.045816973723950785,-0.12529841959222598,0.21693236704012753,72,ge10/OLS_HC3
Q2/endpoint/ge10/OLS_HC3/food-medical,1,-0.04678288076262681,-0.21378120702907455,0.12021544550382092,73,ge10/OLS_HC3
Q2/endpoint/ge10/OLS_HC3/restricted-cash,1,-0.06920841410526418,-0.2154555899497811,0.07703876173925273,74,ge10/OLS_HC3
R/trend/ge10/logit/omnibus,1,-0.020859600309905763,-0.1805489699730403,0.13882976935322874,0,ge10/logit
R/trend/ge10/logit/omnibus,2,0.14625879440749537,-0.0126123011792037,0.30512988999419444,0,ge10/logit
R/trend/ge10/logit/cash-food,1,0.020859600309905763,-0.13882976935322874,0.1805489699730403,1,ge10/logit
R/trend/ge10/logit/cash-medical,1,-0.14625879440749537,-0.30512988999419444,0.0126123011792037,2,ge10/logit
R/trend/ge10/logit/food-medical,1,-0.16711839471740114,-0.3254611560848881,-0.00877563334991413,3,ge10/logit
R/trend/ge10/logit/restricted-cash,1,0.0626995970487948,-0.07551130114231538,0.20091049523990498,4,ge10/logit
R/saturated/ge10/logit/omnibus,1,0.04189008116135307,-0.2757759317660025,0.35955609408870864,5,ge10/logit
R/saturated/ge10/logit/omnibus,2,-0.042700655743270435,-0.36235945392187535,0.2769581424353345,5,ge10/logit
R/saturated/ge10/logit/omnibus,3,0.24140581030257116,-0.07767145462630251,0.5604830752314448,5,ge10/logit
R/saturated/ge10/logit/omnibus,4,0.29232112618481404,-0.025910579305431503,0.6105528316750596,5,ge10/logit
R/saturated/ge10/logit/cash-food,1,-0.04189008116135307,-0.35955609408870864,0.2757759317660025,6,ge10/logit
R/saturated/ge10/logit/cash-food,2,0.042700655743270435,-0.2769581424353345,0.36235945392187535,6,ge10/logit
R/saturated/ge10/logit/cash-medical,1,-0.24140581030257116,-0.5604830752314448,0.07767145462630251,7,ge10/logit
R/saturated/ge10/logit/cash-medical,2,-0.29232112618481404,-0.6105528316750596,0.025910579305431503,7,ge10/logit
R/saturated/ge10/logit/food-medical,1,-0.1995157291412181,-0.5169085467069084,0.11787708842447223,8,ge10/logit
R/saturated/ge10/logit/food-medical,2,-0.33502178192808446,-0.6520102586234453,-0.018033305232723673,8,ge10/logit
R/saturated/ge10/logit/restricted-cash,1,0.14164794573196213,-0.13435286626187035,0.4176487577257946,9,ge10/logit
R/saturated/ge10/logit/restricted-cash,2,0.12481023522077181,-0.15196794171284936,0.401588412154393,9,ge10/logit
R/endpoint/ge10/logit/omnibus,1,-0.042700560091612626,-0.3623589775914522,0.276957857408227,10,ge10/logit
R/endpoint/ge10/logit/omnibus,2,0.29232113422033723,-0.02591019248794968,0.6105524609286241,10,ge10/logit
R/endpoint/ge10/logit/cash-food,1,0.042700560091612626,-0.276957857408227,0.3623589775914522,11,ge10/logit
R/endpoint/ge10/logit/cash-medical,1,-0.29232113422033723,-0.6105524609286241,0.02591019248794968,12,ge10/logit
R/endpoint/ge10/logit/food-medical,1,-0.33502169431194984,-0.6520097931601798,-0.018033595463719798,13,ge10/logit
R/endpoint/ge10/logit/restricted-cash,1,0.1248102870643623,-0.15196756046982035,0.401588134598545,14,ge10/logit
A/trend/ge10/logit/omnibus,1,-0.019651554718404726,-0.17963773732694077,0.14033462789013135,15,ge10/logit
A/trend/ge10/logit/omnibus,2,0.1428912284166319,-0.016246472438958992,0.3020289292722228,15,ge10/logit
A/trend/ge10/logit/cash-food,1,0.019651554718404726,-0.14033462789013135,0.17963773732694077,16,ge10/logit
A/trend/ge10/logit/cash-medical,1,-0.1428912284166319,-0.3020289292722228,0.016246472438958992,17,ge10/logit
A/trend/ge10/logit/food-medical,1,-0.16254278313503662,-0.3211113711858299,-0.003974195084243348,18,ge10/logit
A/trend/ge10/logit/restricted-cash,1,0.06161983684911359,-0.07685107688558429,0.20009075058381148,19,ge10/logit
A/saturated/ge10/logit/omnibus,1,0.048351654770997995,-0.26971686342654894,0.36642017296854495,20,ge10/logit
A/saturated/ge10/logit/omnibus,2,-0.04052621299870766,-0.3608174529480494,0.27976502695063404,20,ge10/logit
A/saturated/ge10/logit/omnibus,3,0.2415480220844183,-0.07793134401263638,0.561027388181473,20,ge10/logit
A/saturated/ge10/logit/omnibus,4,0.28522799705839436,-0.03355149249607542,0.6040074866128642,20,ge10/logit
A/saturated/ge10/logit/cash-food,1,-0.048351654770997995,-0.36642017296854495,0.26971686342654894,21,ge10/logit
A/saturated/ge10/logit/cash-food,2,0.04052621299870766,-0.27976502695063404,0.3608174529480494,21,ge10/logit
A/saturated/ge10/logit/cash-medical,1,-0.2415480220844183,-0.561027388181473,0.07793134401263638,22,ge10/logit
A/saturated/ge10/logit/cash-medical,2,-0.28522799705839436,-0.6040074866128642,0.03355149249607542,22,ge10/logit
A/saturated/ge10/logit/food-medical,1,-0.19319636731342033,-0.5108380471748413,0.12444531254800062,23,ge10/logit
A/saturated/ge10/logit/food-medical,2,-0.32575421005710203,-0.643172248629972,-0.008336171484232102,23,ge10/logit
A/saturated/ge10/logit/restricted-cash,1,0.14494983842770814,-0.13144347664844058,0.42134315350385687,24,ge10/logit
A/saturated/ge10/logit/restricted-cash,2,0.12235089202984335,-0.15498440660988183,0.3996861906695685,24,ge10/logit
A/endpoint/ge10/logit/omnibus,1,-0.04052610000710157,-0.36081700418426643,0.27976480417006333,25,ge10/logit
A/endpoint/ge10/logit/omnibus,2,0.2852279595212784,-0.03355119589979272,0.6040071149423495,25,ge10/logit
A/endpoint/ge10/logit/cash-food,1,0.04052610000710157,-0.27976480417006333,0.36081700418426643,26,ge10/logit
A/endpoint/ge10/logit/cash-medical,1,-0.2852279595212784,-0.6040071149423495,0.03355119589979272,27,ge10/logit
A/endpoint/ge10/logit/food-medical,1,-0.32575405952837994,-0.6431717644355746,-0.008336354621185371,28,ge10/logit
A/endpoint/ge10/logit/restricted-cash,1,0.1223509297570884,-0.15498407843275575,0.3996859379469325,29,ge10/logit
C/trend/ge10/logit/omnibus,1,0.00014651237866595345,-0.16443428019721795,0.16472730495454985,30,ge10/logit
C/trend/ge10/logit/omnibus,2,0.18308991575991507,0.01932283870230042,0.3468569928175297,30,ge10/logit
C/trend/ge10/logit/cash-food,1,-0.00014651237866595345,-0.16472730495454985,0.16443428019721795,31,ge10/logit
C/trend/ge10/logit/cash-medical,1,-0.18308991575991507,-0.3468569928175297,-0.01932283870230042,32,ge10/logit
C/trend/ge10/logit/food-medical,1,-0.18294340338124912,-0.3464913764948262,-0.01939543026767207,33,ge10/logit
C/trend/ge10/logit/restricted-cash,1,0.09161821406929051,-0.05074140636101472,0.23397783449959575,34,ge10/logit
C/saturated/ge10/logit/omnibus,1,0.08183089743452332,-0.24568197729092617,0.4093437721599728,35,ge10/logit
C/saturated/ge10/logit/omnibus,2,-0.0013658196170516334,-0.33091101924822564,0.3281793800141224,35,ge10/logit
C/saturated/ge10/logit/omnibus,3,0.2454388292989918,-0.08283284713562089,0.5737105057336045,35,ge10/logit
C/saturated/ge10/logit/omnibus,4,0.36463802915580973,0.036709858924981964,0.6925661993866374,35,ge10/logit
C/saturated/ge10/logit/cash-food,1,-0.08183089743452332,-0.4093437721599728,0.24568197729092617,36,ge10/logit
C/saturated/ge10/logit/cash-food,2,0.0013658196170516334,-0.3281793800141224,0.33091101924822564,36,ge10/logit
C/saturated/ge10/logit/cash-medical,1,-0.2454388292989918,-0.5737105057336045,0.08283284713562089,37,ge10/logit
C/saturated/ge10/logit/cash-medical,2,-0.36463802915580973,-0.6925661993866374,-0.036709858924981964,37,ge10/logit
C/saturated/ge10/logit/food-medical,1,-0.16360793186446848,-0.4908631438043511,0.16364728007541413,38,ge10/logit
C/saturated/ge10/logit/food-medical,2,-0.36600384877286135,-0.6931954385460333,-0.038812258999689486,38,ge10/logit
C/saturated/ge10/logit/restricted-cash,1,0.16363486336675756,-0.12051209666379623,0.4477818233973113,39,ge10/logit
C/saturated/ge10/logit/restricted-cash,2,0.18163610476937905,-0.10350399695409065,0.4667762064928488,39,ge10/logit
C/endpoint/ge10/logit/omnibus,1,-0.0013657369885164859,-0.3309103836316583,0.3281789096546253,40,ge10/logit
C/endpoint/ge10/logit/omnibus,2,0.364637933478342,0.036710314554254775,0.6925655524024292,40,ge10/logit
C/endpoint/ge10/logit/cash-food,1,0.0013657369885164859,-0.3281789096546253,0.3309103836316583,41,ge10/logit
C/endpoint/ge10/logit/cash-medical,1,-0.364637933478342,-0.6925655524024292,-0.036710314554254775,42,ge10/logit
C/endpoint/ge10/logit/food-medical,1,-0.3660036704668585,-0.6931947089735427,-0.03881263196017426,43,ge10/logit
C/endpoint/ge10/logit/restricted-cash,1,0.18163609824491275,-0.10350352504938967,0.4667757215392152,44,ge10/logit
Q1/trend/ge10/logit/omnibus,1,-0.10346556588581685,-0.3307357496439649,0.12380461787233124,45,ge10/logit
Q1/trend/ge10/logit/omnibus,2,0.10940351419423747,-0.11621378971389065,0.3350208181023656,45,ge10/logit
Q1/trend/ge10/logit/cash-food,1,0.10346556588581685,-0.12380461787233124,0.3307357496439649,46,ge10/logit
Q1/trend/ge10/logit/cash-medical,1,-0.10940351419423747,-0.3350208181023656,0.11621378971389065,47,ge10/logit
Q1/trend/ge10/logit/food-medical,1,-0.2128690800800543,-0.4364321660927496,0.010694005932640999,48,ge10/logit
Q1/trend/ge10/logit/restricted-cash,1,0.0029689741542103104,-0.19396334611658117,0.19990129442500176,49,ge10/logit
Q1/saturated/ge10/logit/omnibus,1,0.0029080230173542223,-0.44835273758283084,0.45416878361753926,50,ge10/logit
Q1/saturated/ge10/logit/omnibus,2,-0.21146696669508686,-0.6667697271919704,0.2438357938017966,50,ge10/logit
Q1/saturated/ge10/logit/omnibus,3,0.22514744212038734,-0.23014276404100503,0.6804376482817798,50,ge10/logit
Q1/saturated/ge10/logit/omnibus,4,0.21983425847622137,-0.23248807745433783,0.6721565944067805,50,ge10/logit
Q1/saturated/ge10/logit/cash-food,1,-0.0029080230173542223,-0.45416878361753926,0.44835273758283084,51,ge10/logit
Q1/saturated/ge10/logit/cash-food,2,0.21146696669508686,-0.2438357938017966,0.6667697271919704,51,ge10/logit
Q1/saturated/ge10/logit/cash-medical,1,-0.22514744212038734,-0.6804376482817798,0.23014276404100503,52,ge10/logit
Q1/saturated/ge10/logit/cash-medical,2,-0.21983425847622137,-0.6721565944067805,0.23248807745433783,52,ge10/logit
Q1/saturated/ge10/logit/food-medical,1,-0.22223941910303313,-0.6730131959628467,0.2285343577567805,53,ge10/logit
Q1/saturated/ge10/logit/food-medical,2,-0.4313012251713082,-0.8796453206995323,0.017042870356915873,53,ge10/logit
Q1/saturated/ge10/logit/restricted-cash,1,0.11402773256887078,-0.2792450397735012,0.5073005049112427,54,ge10/logit
Q1/saturated/ge10/logit/restricted-cash,2,0.0041836458905672586,-0.3903983388098556,0.3987656305909901,54,ge10/logit
Q1/endpoint/ge10/logit/omnibus,1,-0.21146701724447606,-0.6667602780068596,0.2438262435179074,55,ge10/logit
Q1/endpoint/ge10/logit/omnibus,2,0.219834204843401,-0.23247869304239027,0.6721471027291923,55,ge10/logit
Q1/endpoint/ge10/logit/cash-food,1,0.21146701724447606,-0.2438262435179074,0.6667602780068596,56,ge10/logit
Q1/endpoint/ge10/logit/cash-medical,1,-0.219834204843401,-0.6721471027291923,0.23247869304239027,57,ge10/logit
Q1/endpoint/ge10/logit/food-medical,1,-0.431301222087877,-0.8796359623726968,0.01703351819694282,58,ge10/logit
Q1/endpoint/ge10/logit/restricted-cash,1,0.004183593799462468,-0.39039015799882776,0.3987573455977527,59,ge10/logit
Q2/trend/ge10/logit/omnibus,1,-0.18150258866640806,-0.5130832521298987,0.15007807479708263,60,ge10/logit
Q2/trend/ge10/logit/omnibus,2,-0.09862619155345312,-0.44302902928322496,0.2457766461763187,60,ge10/logit
Q2/trend/ge10/logit/cash-food,1,0.18150258866640806,-0.15007807479708263,0.5130832521298987,61,ge10/logit
Q2/trend/ge10/logit/cash-medical,1,0.09862619155345312,-0.2457766461763187,0.44302902928322496,62,ge10/logit
Q2/trend/ge10/logit/food-medical,1,-0.08287639711295494,-0.42011305617406947,0.2543602619481595,63,ge10/logit
Q2/trend/ge10/logit/restricted-cash,1,-0.1400643901099306,-0.4330616331958144,0.15293285297595322,64,ge10/logit
Q2/saturated/ge10/logit/omnibus,1,0.39260607042223195,-0.2992943577558641,1.0845064986003279,65,ge10/logit
Q2/saturated/ge10/logit/omnibus,2,-0.37468378358746507,-1.0419277371438664,0.29256016996893625,65,ge10/logit
Q2/saturated/ge10/logit/omnibus,3,0.22424793167909296,-0.47833253679398124,0.9268284001521672,65,ge10/logit
Q2/saturated/ge10/logit/omnibus,4,-0.1864510856070747,-0.8795000359814543,0.506597864767305,65,ge10/logit
Q2/saturated/ge10/logit/cash-food,1,-0.39260607042223195,-1.0845064986003279,0.2992943577558641,66,ge10/logit
Q2/saturated/ge10/logit/cash-food,2,0.37468378358746507,-0.29256016996893625,1.0419277371438664,66,ge10/logit
Q2/saturated/ge10/logit/cash-medical,1,-0.22424793167909296,-0.9268284001521672,0.47833253679398124,67,ge10/logit
Q2/saturated/ge10/logit/cash-medical,2,0.1864510856070747,-0.506597864767305,0.8795000359814543,67,ge10/logit
Q2/saturated/ge10/logit/food-medical,1,0.16835813874313899,-0.5159907433842602,0.8527070208705382,68,ge10/logit
Q2/saturated/ge10/logit/food-medical,2,-0.18823269798039036,-0.8702539591640134,0.4937885632032327,68,ge10/logit
Q2/saturated/ge10/logit/restricted-cash,1,0.30842700105066245,-0.29910029091175083,0.9159542930130757,69,ge10/logit
Q2/saturated/ge10/logit/restricted-cash,2,-0.2805674345972699,-0.8691907610206102,0.30805589182607035,69,ge10/logit
Q2/endpoint/ge10/logit/omnibus,1,-0.3746832226855464,-1.0418704474592808,0.292504002088188,70,ge10/logit
Q2/endpoint/ge10/logit/omnibus,2,-0.18645122065620848,-0.8794412389044324,0.5065387975920155,70,ge10/logit
Q2/endpoint/ge10/logit/cash-food,1,0.3746832226855464,-0.292504002088188,1.0418704474592808,71,ge10/logit
Q2/endpoint/ge10/logit/cash-medical,1,0.18645122065620848,-0.5065387975920155,0.8794412389044324,72,ge10/logit
Q2/endpoint/ge10/logit/food-medical,1,-0.1882320020293379,-0.870195267749419,0.49373126369074327,73,ge10/logit
Q2/endpoint/ge10/logit/restricted-cash,1,-0.28056722167087744,-0.8691405010495594,0.30800605770780454,74,ge10/logit
R/trend/ge10/probit/omnibus,1,-0.013085840082103811,-0.11311028662193078,0.08693860645772315,0,ge10/probit
R/trend/ge10/probit/omnibus,2,0.09154447475066652,-0.007889167258671545,0.1909781167600046,0,ge10/probit
R/trend/ge10/probit/cash-food,1,0.013085840082103811,-0.08693860645772315,0.11311028662193078,1,ge10/probit
R/trend/ge10/probit/cash-medical,1,-0.09154447475066652,-0.1909781167600046,0.007889167258671545,2,ge10/probit
R/trend/ge10/probit/food-medical,1,-0.10463031483277033,-0.2037532610652138,-0.005507368600326842,3,ge10/probit
R/trend/ge10/probit/restricted-cash,1,0.03922931733428135,-0.047313330631735845,0.12577196530029855,4,ge10/probit
R/saturated/ge10/probit/omnibus,1,0.026190015819038553,-0.17275666659828734,0.22513669823636442,5,ge10/probit
R/saturated/ge10/probit/omnibus,2,-0.026813767781446517,-0.22699293131166348,0.17336539574877047,5,ge10/probit
R/saturated/ge10/probit/omnibus,3,0.15099043933106024,-0.04858075889824906,0.3505616375603695,5,ge10/probit
R/saturated/ge10/probit/omnibus,4,0.18287235790510295,-0.016200632307979607,0.3819453481181855,5,ge10/probit
R/saturated/ge10/probit/cash-food,1,-0.026190015819038553,-0.22513669823636442,0.17275666659828734,6,ge10/probit
R/saturated/ge10/probit/cash-food,2,0.026813767781446517,-0.17336539574877047,0.22699293131166348,6,ge10/probit
R/saturated/ge10/probit/cash-medical,1,-0.15099043933106024,-0.3505616375603695,0.04858075889824906,7,ge10/probit
R/saturated/ge10/probit/cash-medical,2,-0.18287235790510295,-0.3819453481181855,0.016200632307979607,7,ge10/probit
R/saturated/ge10/probit/food-medical,1,-0.12480042351202168,-0.3234124417330106,0.07381159470896721,8,ge10/probit
R/saturated/ge10/probit/food-medical,2,-0.20968612568654946,-0.4080655755588054,-0.01130667581429351,8,ge10/probit
R/saturated/ge10/probit/restricted-cash,1,0.08859022757504939,-0.08415970544467044,0.2613401605947692,9,ge10/probit
R/saturated/ge10/probit/restricted-cash,2,0.07802929506182822,-0.09521121676815043,0.2512698068918069,9,ge10/probit
R/endpoint/ge10/probit/omnibus,1,-0.0268137346388317,-0.2269926596791152,0.17336519040145182,10,ge10/probit
R/endpoint/ge10/probit/omnibus,2,0.18287233581002552,-0.01620041733002292,0.38194508895007395,10,ge10/probit
R/endpoint/ge10/probit/cash-food,1,0.0268137346388317,-0.17336519040145182,0.2269926596791152,11,ge10/probit
R/endpoint/ge10/probit/cash-medical,1,-0.18287233581002552,-0.38194508895007395,0.01620041733002292,12,ge10/probit
R/endpoint/ge10/probit/food-medical,1,-0.20968607044885723,-0.4080652839296487,-0.011306856968065798,13,ge10/probit
R/endpoint/ge10/probit/restricted-cash,1,0.0780293005855969,-0.09521100491865547,0.2512696060898493,14,ge10/probit
A/trend/ge10/probit/omnibus,1,-0.01232833860487196,-0.11254058166135411,0.08788390445161018,15,ge10/probit
A/trend/ge10/probit/omnibus,2,0.08943475344810427,-0.010165679909572858,0.1890351868057814,15,ge10/probit
A/trend/ge10/probit/cash-food,1,0.01232833860487196,-0.08788390445161018,0.11254058166135411,16,ge10/probit
A/trend/ge10/probit/cash-medical,1,-0.08943475344810427,-0.1890351868057814,0.010165679909572858,17,ge10/probit
A/trend/ge10/probit/food-medical,1,-0.10176309205297623,-0.20102763577767574,-0.0024985483282767423,18,ge10/probit
A/trend/ge10/probit/restricted-cash,1,0.03855320742161615,-0.04815323744556818,0.12525965228880048,19,ge10/probit
A/saturated/ge10/probit/omnibus,1,0.030233945978375337,-0.16896382079213698,0.22943171274888766,20,ge10/probit
A/saturated/ge10/probit/omnibus,2,-0.025454041898817746,-0.22602421056333996,0.17511612676570446,20,ge10/probit
A/saturated/ge10/probit/omnibus,3,0.1510849169578173,-0.04873748985728818,0.3509073237729228,20,ge10/probit
A/saturated/ge10/probit/omnibus,4,0.17843312310260437,-0.02097981448254746,0.37784606068775617,20,ge10/probit
A/saturated/ge10/probit/cash-food,1,-0.030233945978375337,-0.22943171274888766,0.16896382079213698,21,ge10/probit
A/saturated/ge10/probit/cash-food,2,0.025454041898817746,-0.17511612676570446,0.22602421056333996,21,ge10/probit
A/saturated/ge10/probit/cash-medical,1,-0.1510849169578173,-0.3509073237729228,0.04873748985728818,22,ge10/probit
A/saturated/ge10/probit/cash-medical,2,-0.17843312310260437,-0.37784606068775617,0.02097981448254746,22,ge10/probit
A/saturated/ge10/probit/food-medical,1,-0.12085097097944197,-0.31962147848956435,0.07791953653068037,23,ge10/probit
A/saturated/ge10/probit/food-medical,2,-0.20388716500142212,-0.40254215033287205,-0.005232179669972192,23,ge10/probit
A/saturated/ge10/probit/restricted-cash,1,0.09065943146809632,-0.08233462511163869,0.26365348804783134,24,ge10/probit
A/saturated/ge10/probit/restricted-cash,2,0.07648954060189331,-0.097093307968948,0.2500723891727346,24,ge10/probit
A/endpoint/ge10/probit/omnibus,1,-0.02545402900544644,-0.22602398722655667,0.1751159292156638,25,ge10/probit
A/endpoint/ge10/probit/omnibus,2,0.1784331112487682,-0.020979617166835662,0.3778458396643721,25,ge10/probit
A/endpoint/ge10/probit/cash-food,1,0.02545402900544644,-0.1751159292156638,0.22602398722655667,26,ge10/probit
A/endpoint/ge10/probit/cash-medical,1,-0.1784331112487682,-0.3778458396643721,0.020979617166835662,27,ge10/probit
A/endpoint/ge10/probit/food-medical,1,-0.20388714025421464,-0.4025419171344748,-0.005232363373954496,28,ge10/probit
A/endpoint/ge10/probit/restricted-cash,1,0.07648954112166088,-0.09709312536076807,0.2500722076040898,29,ge10/probit
C/trend/ge10/probit/omnibus,1,6.688850982467216e-05,-0.10301194697026836,0.1031457239899177,30,ge10/probit
C/trend/ge10/probit/omnibus,2,0.11456330213310277,0.01210586820179868,0.21702073606440686,30,ge10/probit
C/trend/ge10/probit/cash-food,1,-6.688850982467216e-05,-0.1031457239899177,0.10301194697026836,31,ge10/probit
C/trend/ge10/probit/cash-medical,1,-0.11456330213310277,-0.21702073606440686,-0.01210586820179868,32,ge10/probit
C/trend/ge10/probit/food-medical,1,-0.1144964136232781,-0.21685508785248309,-0.012137739394073116,33,ge10/probit
C/trend/ge10/probit/restricted-cash,1,0.05731509532146372,-0.031803149153894324,0.14643333979682177,34,ge10/probit
C/saturated/ge10/probit/omnibus,1,0.05117964534942063,-0.1538888483223585,0.25624813902119975,35,ge10/probit
C/saturated/ge10/probit/omnibus,2,-0.000949901957817253,-0.20728277128341663,0.20538296736778214,35,ge10/probit
C/saturated/ge10/probit/omnibus,3,0.15346853086805937,-0.05177640132128766,0.35871346305740637,35,ge10/probit
C/saturated/ge10/probit/omnibus,4,0.22811989200017052,0.02302706692582651,0.43321271707451453,35,ge10/probit
C/saturated/ge10/probit/cash-food,1,-0.05117964534942063,-0.25624813902119975,0.1538888483223585,36,ge10/probit
C/saturated/ge10/probit/cash-food,2,0.000949901957817253,-0.20538296736778214,0.20728277128341663,36,ge10/probit
C/saturated/ge10/probit/cash-medical,1,-0.15346853086805937,-0.35871346305740637,0.05177640132128766,37,ge10/probit
C/saturated/ge10/probit/cash-medical,2,-0.22811989200017052,-0.43321271707451453,-0.02302706692582651,37,ge10/probit
C/saturated/ge10/probit/food-medical,1,-0.10228888551863874,-0.3070363995260722,0.1024586284887947,38,ge10/probit
C/saturated/ge10/probit/food-medical,2,-0.22906979395798777,-0.433848135409481,-0.02429145250649456,38,ge10/probit
C/saturated/ge10/probit/restricted-cash,1,0.10232408810874,-0.07546482751890832,0.2801130037363883,39,ge10/probit
C/saturated/ge10/probit/restricted-cash,2,0.11358499502117664,-0.06483758664563224,0.2920075766879855,39,ge10/probit
C/endpoint/ge10/probit/omnibus,1,-0.0009501007838710337,-0.20728262285098675,0.2053824212832447,40,ge10/probit
C/endpoint/ge10/probit/omnibus,2,0.22811979450805694,0.023027314986208247,0.43321227402990564,40,ge10/probit
C/endpoint/ge10/probit/cash-food,1,0.0009501007838710337,-0.2053824212832447,0.20728262285098675,41,ge10/probit
C/endpoint/ge10/probit/cash-medical,1,-0.22811979450805694,-0.43321227402990564,-0.023027314986208247,42,ge10/probit
C/endpoint/ge10/probit/food-medical,1,-0.22906989529192798,-0.4338478921809113,-0.024291898402944656,43,ge10/probit
C/endpoint/ge10/probit/restricted-cash,1,0.11358484686209296,-0.06483743427743359,0.2920071280016195,44,ge10/probit
Q1/trend/ge10/probit/omnibus,1,-0.0648244162938789,-0.20718368648593605,0.07753485389817825,45,ge10/probit
Q1/trend/ge10/probit/omnibus,2,0.0684033440150184,-0.07277327437142293,0.2095799624014597,45,ge10/probit
Q1/trend/ge10/probit/cash-food,1,0.0648244162938789,-0.07753485389817825,0.20718368648593605,46,ge10/probit
Q1/trend/ge10/probit/cash-medical,1,-0.0684033440150184,-0.2095799624014597,0.07277327437142293,47,ge10/probit
Q1/trend/ge10/probit/food-medical,1,-0.1332277603088973,-0.2730971265460461,0.006641605928251526,48,ge10/probit
Q1/trend/ge10/probit/restricted-cash,1,0.0017894638605697455,-0.12152979575214277,0.12510872347328228,49,ge10/probit
Q1/saturated/ge10/probit/omnibus,1,0.0018185260701639333,-0.2808721445400866,0.2845091966804144,50,ge10/probit
Q1/saturated/ge10/probit/omnibus,2,-0.13248898618740781,-0.4176320640653438,0.15265409169052815,50,ge10/probit
Q1/saturated/ge10/probit/omnibus,3,0.1406430917276056,-0.1440229836468707,0.4253091671020819,50,ge10/probit
Q1/saturated/ge10/probit/omnibus,4,0.13729296258171078,-0.14553058132560923,0.42011650648903076,50,ge10/probit
Q1/saturated/ge10/probit/cash-food,1,-0.0018185260701639333,-0.2845091966804144,0.2808721445400866,51,ge10/probit
Q1/saturated/ge10/probit/cash-food,2,0.13248898618740781,-0.15265409169052815,0.4176320640653438,51,ge10/probit
Q1/saturated/ge10/probit/cash-medical,1,-0.1406430917276056,-0.4253091671020819,0.1440229836468707,52,ge10/probit
Q1/saturated/ge10/probit/cash-medical,2,-0.13729296258171078,-0.42011650648903076,0.14553058132560923,52,ge10/probit
Q1/saturated/ge10/probit/food-medical,1,-0.13882456565744167,-0.42067424419205474,0.1430251128771714,53,ge10/probit
Q1/saturated/ge10/probit/food-medical,2,-0.2697819487691186,-0.5501050798428233,0.010541182304586172,53,ge10/probit
Q1/saturated/ge10/probit/restricted-cash,1,0.07123080889888478,-0.17496948463683362,0.31743110243460315,54,ge10/probit
Q1/saturated/ge10/probit/restricted-cash,2,0.0024019881971514834,-0.24458505897588925,0.24938903537019222,54,ge10/probit
Q1/endpoint/ge10/probit/omnibus,1,-0.1324891926229974,-0.4176263206816012,0.1526479354356064,55,ge10/probit
Q1/endpoint/ge10/probit/omnibus,2,0.13729282180366495,-0.14552482016294235,0.4201104637702723,55,ge10/probit
Q1/endpoint/ge10/probit/cash-food,1,0.1324891926229974,-0.1526479354356064,0.4176263206816012,56,ge10/probit
Q1/endpoint/ge10/probit/cash-medical,1,-0.13729282180366495,-0.4201104637702723,0.14552482016294235,57,ge10/probit
Q1/endpoint/ge10/probit/food-medical,1,-0.2697820144266624,-0.5500992962441997,0.010535267390874903,58,ge10/probit
Q1/endpoint/ge10/probit/restricted-cash,1,0.00240181459033377,-0.24458007863493325,0.24938370781560076,59,ge10/probit
Q2/trend/ge10/probit/omnibus,1,-0.11374401939559371,-0.3213484647688431,0.09386042597765569,60,ge10/probit
Q2/trend/ge10/probit/omnibus,2,-0.061689232232064226,-0.27708523178880184,0.15370676732467337,60,ge10/probit
Q2/trend/ge10/probit/cash-food,1,0.11374401939559371,-0.09386042597765569,0.3213484647688431,61,ge10/probit
Q2/trend/ge10/probit/cash-medical,1,0.061689232232064226,-0.15370676732467337,0.27708523178880184,62,ge10/probit
Q2/trend/ge10/probit/food-medical,1,-0.05205478716352949,-0.2631358256995869,0.1590262513725279,63,ge10/probit
Q2/trend/ge10/probit/restricted-cash,1,-0.08771662581382897,-0.2710434377495771,0.09561018612191918,64,ge10/probit
Q2/saturated/ge10/probit/omnibus,1,0.24579621598651422,-0.18703254264100602,0.6786249746140345,65,ge10/probit
Q2/saturated/ge10/probit/omnibus,2,-0.23421833665010708,-0.6514021515792562,0.182965478279042,65,ge10/probit
Q2/saturated/ge10/probit/omnibus,3,0.1402063418297619,-0.2990622135923585,0.5794748972518823,65,ge10/probit
Q2/saturated/ge10/probit/omnibus,4,-0.11640921480179513,-0.549171005654661,0.31635257605107076,65,ge10/probit
Q2/saturated/ge10/probit/cash-food,1,-0.24579621598651422,-0.6786249746140345,0.18703254264100602,66,ge10/probit
Q2/saturated/ge10/probit/cash-food,2,0.23421833665010708,-0.182965478279042,0.6514021515792562,66,ge10/probit
Q2/saturated/ge10/probit/cash-medical,1,-0.1402063418297619,-0.5794748972518823,0.2990622135923585,67,ge10/probit
Q2/saturated/ge10/probit/cash-medical,2,0.11640921480179513,-0.31635257605107076,0.549171005654661,67,ge10/probit
Q2/saturated/ge10/probit/food-medical,1,0.1055898741567523,-0.32226718748553335,0.5334469357990379,68,ge10/probit
Q2/saturated/ge10/probit/food-medical,2,-0.11780912184831195,-0.5429586960810393,0.30734045238441543,68,ge10/probit
Q2/saturated/ge10/probit/restricted-cash,1,0.19300127890813806,-0.1869768556463987,0.5729794134626749,69,ge10/probit
Q2/saturated/ge10/probit/restricted-cash,2,-0.1753137757259511,-0.5433823989648001,0.19275484751289787,69,ge10/probit
Q2/endpoint/ge10/probit/omnibus,1,-0.23421830686690354,-0.6513666562268488,0.18293004249304162,70,ge10/probit
Q2/endpoint/ge10/probit/omnibus,2,-0.11640918073850179,-0.5491341820265174,0.3163158205495139,70,ge10/probit
Q2/endpoint/ge10/probit/cash-food,1,0.23421830686690354,-0.18293004249304162,0.6513666562268488,71,ge10/probit
Q2/endpoint/ge10/probit/cash-medical,1,0.11640918073850179,-0.3163158205495139,0.5491341820265174,72,ge10/probit
Q2/endpoint/ge10/probit/food-medical,1,-0.11780912612840175,-0.5429225578914926,0.30730430563468913,73,ge10/probit
Q2/endpoint/ge10/probit/restricted-cash,1,-0.17531374380270265,-0.543351076950268,0.19272358934486267,74,ge10/probit
R/trend/ge25/OLS_HC3/omnibus,1,-0.004285363836107476,-0.04057639588373843,0.03200566821152348,0,ge25/OLS_HC3
R/trend/ge25/OLS_HC3/omnibus,2,0.032380775436755695,-0.0029650631553782628,0.06772661402888966,0,ge25/OLS_HC3
R/trend/ge25/OLS_HC3/cash-food,1,0.004285363836107476,-0.03200566821152348,0.04057639588373843,1,ge25/OLS_HC3
R/trend/ge25/OLS_HC3/cash-medical,1,-0.032380775436755695,-0.06772661402888966,0.0029650631553782628,2,ge25/OLS_HC3
R/trend/ge25/OLS_HC3/food-medical,1,-0.03666613927286317,-0.07135467038030535,-0.001977608165420995,3,ge25/OLS_HC3
R/trend/ge25/OLS_HC3/restricted-cash,1,0.01404770580032411,-0.01729491867232791,0.045390330272976134,4,ge25/OLS_HC3
R/saturated/ge25/OLS_HC3/omnibus,1,-0.0219165478381188,-0.09548010675737559,0.05164701108113798,5,ge25/OLS_HC3
R/saturated/ge25/OLS_HC3/omnibus,2,-0.008312906626215677,-0.08088880047770136,0.06426298722527002,5,ge25/OLS_HC3
R/saturated/ge25/OLS_HC3/omnibus,3,0.01450514587278896,-0.05696772635923168,0.08597801810480961,5,ge25/OLS_HC3
R/saturated/ge25/OLS_HC3/omnibus,4,0.06489887620889695,-0.005795527308139217,0.1355932797259331,5,ge25/OLS_HC3
R/saturated/ge25/OLS_HC3/cash-food,1,0.0219165478381188,-0.05164701108113798,0.09548010675737559,6,ge25/OLS_HC3
R/saturated/ge25/OLS_HC3/cash-food,2,0.008312906626215677,-0.06426298722527002,0.08088880047770136,6,ge25/OLS_HC3
R/saturated/ge25/OLS_HC3/cash-medical,1,-0.01450514587278896,-0.08597801810480961,0.05696772635923168,7,ge25/OLS_HC3
R/saturated/ge25/OLS_HC3/cash-medical,2,-0.06489887620889695,-0.1355932797259331,0.005795527308139217,7,ge25/OLS_HC3
R/saturated/ge25/OLS_HC3/food-medical,1,-0.03642169371090776,-0.10636295852921099,0.03351957110739547,8,ge25/OLS_HC3
R/saturated/ge25/OLS_HC3/food-medical,2,-0.07321178283511262,-0.14259913331465585,-0.003824432355569396,8,ge25/OLS_HC3
R/saturated/ge25/OLS_HC3/restricted-cash,1,-0.003705700982664921,-0.06724340004302476,0.059831998077694924,9,ge25/OLS_HC3
R/saturated/ge25/OLS_HC3/restricted-cash,2,0.028292984791340636,-0.03438738236491559,0.09097335194759687,9,ge25/OLS_HC3
R/endpoint/ge25/OLS_HC3/omnibus,1,-0.008312906626215491,-0.08088880047770124,0.06426298722527025,10,ge25/OLS_HC3
R/endpoint/ge25/OLS_HC3/omnibus,2,0.06489887620889709,-0.005795527308139065,0.13559327972593324,10,ge25/OLS_HC3
R/endpoint/ge25/OLS_HC3/cash-food,1,0.008312906626215491,-0.06426298722527025,0.08088880047770124,11,ge25/OLS_HC3
R/endpoint/ge25/OLS_HC3/cash-medical,1,-0.06489887620889709,-0.13559327972593324,0.005795527308139065,12,ge25/OLS_HC3
R/endpoint/ge25/OLS_HC3/food-medical,1,-0.07321178283511258,-0.14259913331465585,-0.0038244323555693266,13,ge25/OLS_HC3
R/endpoint/ge25/OLS_HC3/restricted-cash,1,0.0282929847913408,-0.034387382364915446,0.09097335194759704,14,ge25/OLS_HC3
A/trend/ge25/OLS_HC3/omnibus,1,-0.004615030163419083,-0.04098325507778159,0.031753194750943424,15,ge25/OLS_HC3
A/trend/ge25/OLS_HC3/omnibus,2,0.03112403644616395,-0.00430048713807531,0.06654856003040321,15,ge25/OLS_HC3
A/trend/ge25/OLS_HC3/cash-food,1,0.004615030163419083,-0.031753194750943424,0.04098325507778159,16,ge25/OLS_HC3
A/trend/ge25/OLS_HC3/cash-medical,1,-0.03112403644616395,-0.06654856003040321,0.00430048713807531,17,ge25/OLS_HC3
A/trend/ge25/OLS_HC3/food-medical,1,-0.03573906660958304,-0.07045821131055645,-0.001019921908609625,18,ge25/OLS_HC3
A/trend/ge25/OLS_HC3/restricted-cash,1,0.013254503141372434,-0.018168698081676253,0.044677704364421124,19,ge25/OLS_HC3
A/saturated/ge25/OLS_HC3/omnibus,1,-0.019670029783967938,-0.09326623609326715,0.05392617652533127,20,ge25/OLS_HC3
A/saturated/ge25/OLS_HC3/omnibus,2,-0.009005053527067602,-0.08173433309645137,0.06372422604231617,20,ge25/OLS_HC3
A/saturated/ge25/OLS_HC3/omnibus,3,0.015164854576171258,-0.0563592008483625,0.08668891000070501,20,ge25/OLS_HC3
A/saturated/ge25/OLS_HC3/omnibus,4,0.06233426030461579,-0.008517911230924685,0.13318643184015627,20,ge25/OLS_HC3
A/saturated/ge25/OLS_HC3/cash-food,1,0.019670029783967938,-0.05392617652533127,0.09326623609326715,21,ge25/OLS_HC3
A/saturated/ge25/OLS_HC3/cash-food,2,0.009005053527067602,-0.06372422604231617,0.08173433309645137,21,ge25/OLS_HC3
A/saturated/ge25/OLS_HC3/cash-medical,1,-0.015164854576171258,-0.08668891000070501,0.0563592008483625,22,ge25/OLS_HC3
A/saturated/ge25/OLS_HC3/cash-medical,2,-0.06233426030461579,-0.13318643184015627,0.008517911230924685,22,ge25/OLS_HC3
A/saturated/ge25/OLS_HC3/food-medical,1,-0.03483488436013919,-0.10477074413688747,0.03510097541660909,23,ge25/OLS_HC3
A/saturated/ge25/OLS_HC3/food-medical,2,-0.07133931383168339,-0.14078650431163878,-0.0018921233517280034,23,ge25/OLS_HC3
A/saturated/ge25/OLS_HC3/restricted-cash,1,-0.0022525876038983397,-0.06583945671276471,0.06133428150496804,24,ge25/OLS_HC3
A/saturated/ge25/OLS_HC3/restricted-cash,2,0.026664603388774095,-0.0361769520709837,0.08950615884853189,24,ge25/OLS_HC3
A/endpoint/ge25/OLS_HC3/omnibus,1,-0.009005053527067106,-0.08173433309645087,0.06372422604231665,25,ge25/OLS_HC3
A/endpoint/ge25/OLS_HC3/omnibus,2,0.062334260304616404,-0.008517911230924075,0.13318643184015688,25,ge25/OLS_HC3
A/endpoint/ge25/OLS_HC3/cash-food,1,0.009005053527067106,-0.06372422604231665,0.08173433309645087,26,ge25/OLS_HC3
A/endpoint/ge25/OLS_HC3/cash-medical,1,-0.062334260304616404,-0.13318643184015688,0.008517911230924075,27,ge25/OLS_HC3
A/endpoint/ge25/OLS_HC3/food-medical,1,-0.07133931383168352,-0.14078650431163892,-0.0018921233517281283,28,ge25/OLS_HC3
A/endpoint/ge25/OLS_HC3/restricted-cash,1,0.02666460338877465,-0.03617695207098315,0.08950615884853244,29,ge25/OLS_HC3
C/trend/ge25/OLS_HC3/omnibus,1,0.0024085064624777214,-0.03505679036473712,0.03987380328969256,30,ge25/OLS_HC3
C/trend/ge25/OLS_HC3/omnibus,2,0.039985221555233846,0.00343336753797633,0.07653707557249137,30,ge25/OLS_HC3
C/trend/ge25/OLS_HC3/cash-food,1,-0.0024085064624777214,-0.03987380328969256,0.03505679036473712,31,ge25/OLS_HC3
C/trend/ge25/OLS_HC3/cash-medical,1,-0.039985221555233846,-0.07653707557249137,-0.00343336753797633,32,ge25/OLS_HC3
C/trend/ge25/OLS_HC3/food-medical,1,-0.037576715092756126,-0.07352747690958192,-0.0016259532759303405,33,ge25/OLS_HC3
C/trend/ge25/OLS_HC3/restricted-cash,1,0.021196864008855783,-0.011156326412222858,0.05355005442993442,34,ge25/OLS_HC3
C/saturated/ge25/OLS_HC3/omnibus,1,-0.008529261022387992,-0.0845080767916242,0.06744955474684822,35,ge25/OLS_HC3
C/saturated/ge25/OLS_HC3/omnibus,2,0.005034102611516875,-0.06988412713317789,0.07995233235621164,35,ge25/OLS_HC3
C/saturated/ge25/OLS_HC3/omnibus,3,0.013745799103693364,-0.05970504504425242,0.08719664325163914,35,ge25/OLS_HC3
C/saturated/ge25/OLS_HC3/omnibus,4,0.08001454728399059,0.006917807850585975,0.1531112867173952,35,ge25/OLS_HC3
C/saturated/ge25/OLS_HC3/cash-food,1,0.008529261022387992,-0.06744955474684822,0.0845080767916242,36,ge25/OLS_HC3
C/saturated/ge25/OLS_HC3/cash-food,2,-0.005034102611516875,-0.07995233235621164,0.06988412713317789,36,ge25/OLS_HC3
C/saturated/ge25/OLS_HC3/cash-medical,1,-0.013745799103693364,-0.08719664325163914,0.05970504504425242,37,ge25/OLS_HC3
C/saturated/ge25/OLS_HC3/cash-medical,2,-0.08001454728399059,-0.1531112867173952,-0.006917807850585975,37,ge25/OLS_HC3
C/saturated/ge25/OLS_HC3/food-medical,1,-0.022275060126081356,-0.09431057505151122,0.049760454799348514,38,ge25/OLS_HC3
C/saturated/ge25/OLS_HC3/food-medical,2,-0.07498044467247371,-0.14688789916219927,-0.0030729901827481476,38,ge25/OLS_HC3
C/saturated/ge25/OLS_HC3/restricted-cash,1,0.002608269040652686,-0.06286405047857409,0.06808058855987946,39,ge25/OLS_HC3
C/saturated/ge25/OLS_HC3/restricted-cash,2,0.04252432494775373,-0.022169312522549105,0.10721796241805656,39,ge25/OLS_HC3
C/endpoint/ge25/OLS_HC3/omnibus,1,0.005034102611516756,-0.06988412713317801,0.07995233235621152,40,ge25/OLS_HC3
C/endpoint/ge25/OLS_HC3/omnibus,2,0.08001454728399056,0.006917807850585933,0.15311128671739518,40,ge25/OLS_HC3
C/endpoint/ge25/OLS_HC3/cash-food,1,-0.005034102611516756,-0.07995233235621152,0.06988412713317801,41,ge25/OLS_HC3
C/endpoint/ge25/OLS_HC3/cash-medical,1,-0.08001454728399056,-0.15311128671739518,-0.006917807850585933,42,ge25/OLS_HC3
C/endpoint/ge25/OLS_HC3/food-medical,1,-0.0749804446724738,-0.14688789916219935,-0.0030729901827482586,43,ge25/OLS_HC3
C/endpoint/ge25/OLS_HC3/restricted-cash,1,0.042524324947753656,-0.02216931252254918,0.10721796241805649,44,ge25/OLS_HC3
Q1/trend/ge25/OLS_HC3/omnibus,1,0.004729423440261803,-0.04731720152705926,0.056776048407582866,45,ge25/OLS_HC3
Q1/trend/ge25/OLS_HC3/omnibus,2,0.02539376627064848,-0.02493374521451352,0.07572127775581047,45,ge25/OLS_HC3
Q1/trend/ge25/OLS_HC3/cash-food,1,-0.004729423440261803,-0.056776048407582866,0.04731720152705926,46,ge25/OLS_HC3
Q1/trend/ge25/OLS_HC3/cash-medical,1,-0.02539376627064848,-0.07572127775581047,0.02493374521451352,47,ge25/OLS_HC3
Q1/trend/ge25/OLS_HC3/food-medical,1,-0.02066434283038668,-0.06984824587487962,0.02851956021410626,48,ge25/OLS_HC3
Q1/trend/ge25/OLS_HC3/restricted-cash,1,0.015061594855455142,-0.029839303929719757,0.05996249364063004,49,ge25/OLS_HC3
Q1/saturated/ge25/OLS_HC3/omnibus,1,-0.05125659903508015,-0.15714418984762835,0.05463099177746805,50,ge25/OLS_HC3
Q1/saturated/ge25/OLS_HC3/omnibus,2,0.011084642924442993,-0.09296624825563943,0.1151355341045254,50,ge25/OLS_HC3
Q1/saturated/ge25/OLS_HC3/omnibus,3,-0.04048614044455223,-0.14345763798521663,0.062485357096112165,50,ge25/OLS_HC3
Q1/saturated/ge25/OLS_HC3/omnibus,4,0.051185288803834196,-0.04948415797749773,0.15185473558516613,50,ge25/OLS_HC3
Q1/saturated/ge25/OLS_HC3/cash-food,1,0.05125659903508015,-0.05463099177746805,0.15714418984762835,51,ge25/OLS_HC3
Q1/saturated/ge25/OLS_HC3/cash-food,2,-0.011084642924442993,-0.1151355341045254,0.09296624825563943,51,ge25/OLS_HC3
Q1/saturated/ge25/OLS_HC3/cash-medical,1,0.04048614044455223,-0.062485357096112165,0.14345763798521663,52,ge25/OLS_HC3
Q1/saturated/ge25/OLS_HC3/cash-medical,2,-0.051185288803834196,-0.15185473558516613,0.04948415797749773,52,ge25/OLS_HC3
Q1/saturated/ge25/OLS_HC3/food-medical,1,-0.010770458590527915,-0.11007292671614835,0.08853200953509252,53,ge25/OLS_HC3
Q1/saturated/ge25/OLS_HC3/food-medical,2,-0.0401006458793912,-0.13849205147855148,0.05829075971976906,53,ge25/OLS_HC3
Q1/saturated/ge25/OLS_HC3/restricted-cash,1,-0.04587136973981619,-0.13775396087092429,0.04601122139129189,54,ge25/OLS_HC3
Q1/saturated/ge25/OLS_HC3/restricted-cash,2,0.031134965864138595,-0.058643904486126844,0.12091383621440403,54,ge25/OLS_HC3
Q1/endpoint/ge25/OLS_HC3/omnibus,1,0.011084642924443123,-0.09296624825563927,0.11513553410452552,55,ge25/OLS_HC3
Q1/endpoint/ge25/OLS_HC3/omnibus,2,0.051185288803834425,-0.04948415797749749,0.15185473558516632,55,ge25/OLS_HC3
Q1/endpoint/ge25/OLS_HC3/cash-food,1,-0.011084642924443123,-0.11513553410452552,0.09296624825563927,56,ge25/OLS_HC3
Q1/endpoint/ge25/OLS_HC3/cash-medical,1,-0.051185288803834425,-0.15185473558516632,0.04948415797749749,57,ge25/OLS_HC3
Q1/endpoint/ge25/OLS_HC3/food-medical,1,-0.0401006458793913,-0.13849205147855154,0.05829075971976895,58,ge25/OLS_HC3
Q1/endpoint/ge25/OLS_HC3/restricted-cash,1,0.031134965864138775,-0.05864390448612665,0.1209138362144042,59,ge25/OLS_HC3
Q2/trend/ge25/OLS_HC3/omnibus,1,0.005364594919022236,-0.07095695159011679,0.08168614142816126,60,ge25/OLS_HC3
Q2/trend/ge25/OLS_HC3/omnibus,2,0.021680398363406277,-0.0551916747083855,0.09855247143519806,60,ge25/OLS_HC3
Q2/trend/ge25/OLS_HC3/cash-food,1,-0.005364594919022236,-0.08168614142816126,0.07095695159011679,61,ge25/OLS_HC3
Q2/trend/ge25/OLS_HC3/cash-medical,1,-0.021680398363406277,-0.09855247143519806,0.0551916747083855,62,ge25/OLS_HC3
Q2/trend/ge25/OLS_HC3/food-medical,1,-0.01631580344438404,-0.09066319717312638,0.05803159028435829,63,ge25/OLS_HC3
Q2/trend/ge25/OLS_HC3/restricted-cash,1,0.013522496641214257,-0.053449611742698994,0.08049460502512751,64,ge25/OLS_HC3
Q2/saturated/ge25/OLS_HC3/omnibus,1,0.07852781092204485,-0.08671304193150635,0.24376866377559603,65,ge25/OLS_HC3
Q2/saturated/ge25/OLS_HC3/omnibus,2,0.00547308261666591,-0.14756522524024115,0.15851139047357296,65,ge25/OLS_HC3
Q2/saturated/ge25/OLS_HC3/omnibus,3,0.006759728144989489,-0.15347927362613067,0.16699872991610965,65,ge25/OLS_HC3
Q2/saturated/ge25/OLS_HC3/omnibus,4,0.04201399375817994,-0.11235876333637443,0.1963867508527343,65,ge25/OLS_HC3
Q2/saturated/ge25/OLS_HC3/cash-food,1,-0.07852781092204485,-0.24376866377559603,0.08671304193150635,66,ge25/OLS_HC3
Q2/saturated/ge25/OLS_HC3/cash-food,2,-0.00547308261666591,-0.15851139047357296,0.14756522524024115,66,ge25/OLS_HC3
Q2/saturated/ge25/OLS_HC3/cash-medical,1,-0.006759728144989489,-0.16699872991610965,0.15347927362613067,67,ge25/OLS_HC3
Q2/saturated/ge25/OLS_HC3/cash-medical,2,-0.04201399375817994,-0.1963867508527343,0.11235876333637443,67,ge25/OLS_HC3
Q2/saturated/ge25/OLS_HC3/food-medical,1,0.07176808277705536,-0.08446454743654351,0.22800071299065422,68,ge25/OLS_HC3
Q2/saturated/ge25/OLS_HC3/food-medical,2,-0.03654091114151403,-0.18523175881725246,0.11214993653422439,68,ge25/OLS_HC3
Q2/saturated/ge25/OLS_HC3/restricted-cash,1,0.042643769533517166,-0.10014411470153345,0.1854316537685678,69,ge25/OLS_HC3
Q2/saturated/ge25/OLS_HC3/restricted-cash,2,0.023743538187422926,-0.11078747629142302,0.15827455266626886,69,ge25/OLS_HC3
Q2/endpoint/ge25/OLS_HC3/omnibus,1,0.005473082616665634,-0.14756522524024115,0.1585113904735724,70,ge25/OLS_HC3
Q2/endpoint/ge25/OLS_HC3/omnibus,2,0.04201399375817975,-0.11235876333637437,0.19638675085273385,70,ge25/OLS_HC3
Q2/endpoint/ge25/OLS_HC3/cash-food,1,-0.005473082616665634,-0.1585113904735724,0.14756522524024115,71,ge25/OLS_HC3
Q2/endpoint/ge25/OLS_HC3/cash-medical,1,-0.04201399375817975,-0.19638675085273385,0.11235876333637437,72,ge25/OLS_HC3
Q2/endpoint/ge25/OLS_HC3/food-medical,1,-0.036540911141514115,-0.18523175881725248,0.11214993653422425,73,ge25/OLS_HC3
Q2/endpoint/ge25/OLS_HC3/restricted-cash,1,0.02374353818742269,-0.11078747629142296,0.15827455266626836,74,ge25/OLS_HC3
R/trend/ge25/logit/omnibus,1,-0.03231339632601332,-0.20787135583331134,0.1432445631812847,0,ge25/logit
R/trend/ge25/logit/omnibus,2,0.15066640441443926,-0.027518165554225676,0.3288509743831042,0,ge25/logit
R/trend/ge25/logit/cash-food,1,0.03231339632601332,-0.1432445631812847,0.20787135583331134,1,ge25/logit
R/trend/ge25/logit/cash-medical,1,-0.15066640441443926,-0.3288509743831042,0.027518165554225676,2,ge25/logit
R/trend/ge25/logit/food-medical,1,-0.1829798007404526,-0.3642303824742129,-0.0017292190066922342,3,ge25/logit
R/trend/ge25/logit/restricted-cash,1,0.05917650404421297,-0.09271893932370188,0.2110719474121278,4,ge25/logit
R/saturated/ge25/logit/omnibus,1,-0.11166370884241232,-0.454267412015263,0.23093999433043833,5,ge25/logit
R/saturated/ge25/logit/omnibus,2,-0.0598111971725677,-0.4119829661006304,0.29236057175549496,5,ge25/logit
R/saturated/ge25/logit/omnibus,3,0.05872047418437889,-0.29621602411512915,0.4136569724838869,5,ge25/logit
R/saturated/ge25/logit/omnibus,4,0.30414182980212673,-0.052548736502946336,0.6608323961071998,5,ge25/logit
R/saturated/ge25/logit/cash-food,1,0.11166370884241232,-0.23093999433043833,0.454267412015263,6,ge25/logit
R/saturated/ge25/logit/cash-food,2,0.0598111971725677,-0.29236057175549496,0.4119829661006304,6,ge25/logit
R/saturated/ge25/logit/cash-medical,1,-0.05872047418437889,-0.4136569724838869,0.29621602411512915,7,ge25/logit
R/saturated/ge25/logit/cash-medical,2,-0.30414182980212673,-0.6608323961071998,0.052548736502946336,7,ge25/logit
R/saturated/ge25/logit/food-medical,1,-0.1703841830267912,-0.5292804380848989,0.18851207203131648,8,ge25/logit
R/saturated/ge25/logit/food-medical,2,-0.36395302697469445,-0.7249268862395862,-0.002979167709802666,8,ge25/logit
R/saturated/ge25/logit/restricted-cash,1,-0.026471617329016716,-0.32559864244167713,0.2726554077836437,9,ge25/logit
R/saturated/ge25/logit/restricted-cash,2,0.12216531631477952,-0.18287734577091924,0.42720797840047825,9,ge25/logit
R/endpoint/ge25/logit/omnibus,1,-0.059811445058166296,-0.4119827995863429,0.29235990947001034,10,ge25/logit
R/endpoint/ge25/logit/omnibus,2,0.30414205498020863,-0.052548087947524136,0.6608321979079415,10,ge25/logit
R/endpoint/ge25/logit/cash-food,1,0.059811445058166296,-0.29235990947001034,0.4119827995863429,11,ge25/logit
R/endpoint/ge25/logit/cash-medical,1,-0.30414205498020863,-0.6608321979079415,0.052548087947524136,12,ge25/logit
R/endpoint/ge25/logit/food-medical,1,-0.3639535000383749,-0.7249269485204217,-0.002980051556328134,13,ge25/logit
R/endpoint/ge25/logit/restricted-cash,1,0.12216530496102117,-0.18287699190738582,0.4272076018294282,14,ge25/logit
A/trend/ge25/logit/omnibus,1,-0.034171284819231366,-0.21021405622199982,0.14187148658353707,15,ge25/logit
A/trend/ge25/logit/omnibus,2,0.14425150822207966,-0.03439330103346047,0.3228963174776198,15,ge25/logit
A/trend/ge25/logit/cash-food,1,0.034171284819231366,-0.14187148658353707,0.21021405622199982,16,ge25/logit
A/trend/ge25/logit/cash-medical,1,-0.14425150822207966,-0.3228963174776198,0.03439330103346047,17,ge25/logit
A/trend/ge25/logit/food-medical,1,-0.17842279304131103,-0.36015015034101994,0.0033045642583978962,18,ge25/logit
A/trend/ge25/logit/restricted-cash,1,0.055040111701424144,-0.09726321892786258,0.20734344233071086,19,ge25/logit
A/saturated/ge25/logit/omnibus,1,-0.1019137211483097,-0.44524104595987385,0.24141360366325443,20,ge25/logit
A/saturated/ge25/logit/omnibus,2,-0.06415443713477298,-0.4169354908805571,0.28862661661101113,20,ge25/logit
A/saturated/ge25/logit/omnibus,3,0.06015558148517516,-0.29543237018244584,0.4157435331527961,20,ge25/logit
A/saturated/ge25/logit/omnibus,4,0.29053385806798937,-0.06658664532421532,0.6476543614601941,20,ge25/logit
A/saturated/ge25/logit/cash-food,1,0.1019137211483097,-0.24141360366325443,0.44524104595987385,21,ge25/logit
A/saturated/ge25/logit/cash-food,2,0.06415443713477298,-0.28862661661101113,0.4169354908805571,21,ge25/logit
A/saturated/ge25/logit/cash-medical,1,-0.06015558148517516,-0.4157435331527961,0.29543237018244584,22,ge25/logit
A/saturated/ge25/logit/cash-medical,2,-0.29053385806798937,-0.6476543614601941,0.06658664532421532,22,ge25/logit
A/saturated/ge25/logit/food-medical,1,-0.16206930263348485,-0.521575836886012,0.19743723161904225,23,ge25/logit
A/saturated/ge25/logit/food-medical,2,-0.35468829520276235,-0.7163744042272854,0.006997813821760679,23,ge25/logit
A/saturated/ge25/logit/restricted-cash,1,-0.02087906983156727,-0.3206239357161291,0.27886579605299455,24,ge25/logit
A/saturated/ge25/logit/restricted-cash,2,0.1131897104666082,-0.1922453113419902,0.4186247322752066,24,ge25/logit
A/endpoint/ge25/logit/omnibus,1,-0.0641545814413864,-0.41693527191288066,0.2886261090301078,25,ge25/logit
A/endpoint/ge25/logit/omnibus,2,0.29053401795816886,-0.06658611173540946,0.6476541476517472,25,ge25/logit
A/endpoint/ge25/logit/cash-food,1,0.0641545814413864,-0.2886261090301078,0.41693527191288066,26,ge25/logit
A/endpoint/ge25/logit/cash-medical,1,-0.29053401795816886,-0.6476541476517472,0.06658611173540946,27,ge25/logit
A/endpoint/ge25/logit/food-medical,1,-0.35468859939955527,-0.7163743413980186,0.0069971425989079905,28,ge25/logit
A/endpoint/ge25/logit/restricted-cash,1,0.11318971825839122,-0.1922449839443979,0.4186244204611803,29,ge25/logit
C/trend/ge25/logit/omnibus,1,-0.00040688844950188005,-0.18099534422409155,0.1801815673250878,30,ge25/logit
C/trend/ge25/logit/omnibus,2,0.187407494403247,0.0033744010725281215,0.3714405877339659,30,ge25/logit
C/trend/ge25/logit/cash-food,1,0.00040688844950188005,-0.1801815673250878,0.18099534422409155,31,ge25/logit
C/trend/ge25/logit/cash-medical,1,-0.187407494403247,-0.3714405877339659,-0.0033744010725281215,32,ge25/logit
C/trend/ge25/logit/food-medical,1,-0.18781438285274887,-0.3750535276419471,-0.0005752380635506704,33,ge25/logit
C/trend/ge25/logit/restricted-cash,1,0.09350030297687256,-0.06294636705676676,0.24994697301051189,34,ge25/logit
C/saturated/ge25/logit/omnibus,1,-0.05016659497790839,-0.40241773055502095,0.3020845405992042,35,ge25/logit
C/saturated/ge25/logit/omnibus,2,0.0026347176201953816,-0.35969710528862037,0.3649665405290112,35,ge25/logit
C/saturated/ge25/logit/omnibus,3,0.044210923198051595,-0.32105160417398587,0.40947345057008905,35,ge25/logit
C/saturated/ge25/logit/omnibus,4,0.37627599672492706,0.010353890214392703,0.7421981032354614,35,ge25/logit
C/saturated/ge25/logit/cash-food,1,0.05016659497790839,-0.3020845405992042,0.40241773055502095,36,ge25/logit
C/saturated/ge25/logit/cash-food,2,-0.0026347176201953816,-0.3649665405290112,0.35969710528862037,36,ge25/logit
C/saturated/ge25/logit/cash-medical,1,-0.044210923198051595,-0.40947345057008905,0.32105160417398587,37,ge25/logit
C/saturated/ge25/logit/cash-medical,2,-0.37627599672492706,-0.7421981032354614,-0.010353890214392703,37,ge25/logit
C/saturated/ge25/logit/food-medical,1,-0.09437751817595999,-0.4647099514063552,0.27595491505443526,38,ge25/logit
C/saturated/ge25/logit/food-medical,2,-0.37364127910473166,-0.7447619982944322,-0.0025205599150310287,38,ge25/logit
C/saturated/ge25/logit/restricted-cash,1,-0.0029778358899283965,-0.3103249693289774,0.3043692975491206,39,ge25/logit
C/saturated/ge25/logit/restricted-cash,2,0.18945535717256123,-0.12384804515463338,0.5027587594997558,39,ge25/logit
C/endpoint/ge25/logit/omnibus,1,0.002635097711402713,-0.35969612868651135,0.36496632410931673,40,ge25/logit
C/endpoint/ge25/logit/omnibus,2,0.37627622746936384,0.010354737732750974,0.7421977172059767,40,ge25/logit
C/endpoint/ge25/logit/cash-food,1,-0.002635097711402713,-0.36496632410931673,0.35969612868651135,41,ge25/logit
C/endpoint/ge25/logit/cash-medical,1,-0.37627622746936384,-0.7421977172059767,-0.010354737732750974,42,ge25/logit
C/endpoint/ge25/logit/food-medical,1,-0.37364112975796115,-0.7447612154501556,-0.0025210440657666977,43,ge25/logit
C/endpoint/ge25/logit/restricted-cash,1,0.18945566259038327,-0.12384722222875438,0.5027585474095209,44,ge25/logit
Q1/trend/ge25/logit/omnibus,1,0.007957765419236937,-0.23882646302244787,0.2547419938609217,45,ge25/logit
Q1/trend/ge25/logit/omnibus,2,0.0987769661896947,-0.15384167117466355,0.35139560355405297,45,ge25/logit
Q1/trend/ge25/logit/cash-food,1,-0.007957765419236937,-0.2547419938609217,0.23882646302244787,46,ge25/logit
Q1/trend/ge25/logit/cash-medical,1,-0.0987769661896947,-0.35139560355405297,0.15384167117466355,47,ge25/logit
Q1/trend/ge25/logit/food-medical,1,-0.09081920077045776,-0.34796449596493934,0.16632609442402385,48,ge25/logit
Q1/trend/ge25/logit/restricted-cash,1,0.05336736580446582,-0.16070829830877972,0.26744302991771135,49,ge25/logit
Q1/saturated/ge25/logit/omnibus,1,-0.243254761025826,-0.7248738597779384,0.2383643377262864,50,ge25/logit
Q1/saturated/ge25/logit/omnibus,2,0.03572298356211784,-0.4632537920003839,0.5346997591246196,50,ge25/logit
Q1/saturated/ge25/logit/omnibus,3,-0.2215927018301492,-0.7243085005663958,0.2811230969060974,50,ge25/logit
Q1/saturated/ge25/logit/omnibus,4,0.21223805679270055,-0.2937837420289602,0.7182598556143613,50,ge25/logit
Q1/saturated/ge25/logit/cash-food,1,0.243254761025826,-0.2383643377262864,0.7248738597779384,51,ge25/logit
Q1/saturated/ge25/logit/cash-food,2,-0.03572298356211784,-0.5346997591246196,0.4632537920003839,51,ge25/logit
Q1/saturated/ge25/logit/cash-medical,1,0.2215927018301492,-0.2811230969060974,0.7243085005663958,52,ge25/logit
Q1/saturated/ge25/logit/cash-medical,2,-0.21223805679270055,-0.7182598556143613,0.2937837420289602,52,ge25/logit
Q1/saturated/ge25/logit/food-medical,1,-0.02166205919567679,-0.5307261231321524,0.48740200474079887,53,ge25/logit
Q1/saturated/ge25/logit/food-medical,2,-0.17651507323058271,-0.6843065162981401,0.3312763698369747,53,ge25/logit
Q1/saturated/ge25/logit/restricted-cash,1,-0.2324237314279876,-0.6537947199796791,0.18894725712370386,54,ge25/logit
Q1/saturated/ge25/logit/restricted-cash,2,0.1239805201774092,-0.3096724566411204,0.5576334969959388,54,ge25/logit
Q1/endpoint/ge25/logit/omnibus,1,0.03572298090736384,-0.4632433863708404,0.5346893481855681,55,ge25/logit
Q1/endpoint/ge25/logit/omnibus,2,0.2122380988664029,-0.2937731420444205,0.7182493397772263,55,ge25/logit
Q1/endpoint/ge25/logit/cash-food,1,-0.03572298090736384,-0.5346893481855681,0.4632433863708404,56,ge25/logit
Q1/endpoint/ge25/logit/cash-medical,1,-0.2122380988664029,-0.7182493397772263,0.2937731420444205,57,ge25/logit
Q1/endpoint/ge25/logit/food-medical,1,-0.17651511795903907,-0.6842959677457918,0.3312657318277137,58,ge25/logit
Q1/endpoint/ge25/logit/restricted-cash,1,0.12398053988688337,-0.3096633900244211,0.5576244697981878,59,ge25/logit
Q2/trend/ge25/logit/omnibus,1,0.023778434496341417,-0.32673909998373823,0.3742959689764211,60,ge25/logit
Q2/trend/ge25/logit/omnibus,2,0.08383352555709855,-0.29929632534647105,0.46696337646066816,60,ge25/logit
Q2/trend/ge25/logit/cash-food,1,-0.023778434496341417,-0.3742959689764211,0.32673909998373823,61,ge25/logit
Q2/trend/ge25/logit/cash-medical,1,-0.08383352555709855,-0.46696337646066816,0.29929632534647105,62,ge25/logit
Q2/trend/ge25/logit/food-medical,1,-0.06005509106075714,-0.43426211942783843,0.3141519373063242,63,ge25/logit
Q2/trend/ge25/logit/restricted-cash,1,0.053805980026719984,-0.26213355104823466,0.36974551110167464,64,ge25/logit
Q2/saturated/ge25/logit/omnibus,1,0.34369941028212087,-0.3779103872689357,1.0653092078331774,65,ge25/logit
Q2/saturated/ge25/logit/omnibus,2,0.008295627689617576,-0.7160170366004805,0.7326082919797157,65,ge25/logit
Q2/saturated/ge25/logit/omnibus,3,0.016324644383234912,-0.752005285014401,0.7846545737808708,65,ge25/logit
Q2/saturated/ge25/logit/omnibus,4,0.16394367954180356,-0.6082128655505373,0.9361002246341444,65,ge25/logit
Q2/saturated/ge25/logit/cash-food,1,-0.34369941028212087,-1.0653092078331774,0.3779103872689357,66,ge25/logit
Q2/saturated/ge25/logit/cash-food,2,-0.008295627689617576,-0.7326082919797157,0.7160170366004805,66,ge25/logit
Q2/saturated/ge25/logit/cash-medical,1,-0.016324644383234912,-0.7846545737808708,0.752005285014401,67,ge25/logit
Q2/saturated/ge25/logit/cash-medical,2,-0.16394367954180356,-0.9361002246341444,0.6082128655505373,67,ge25/logit
Q2/saturated/ge25/logit/food-medical,1,0.327374765898886,-0.420563216118027,1.075312747915799,68,ge25/logit
Q2/saturated/ge25/logit/food-medical,2,-0.15564805185218597,-0.9241176376251037,0.6128215339207317,68,ge25/logit
Q2/saturated/ge25/logit/restricted-cash,1,0.18001202733267788,-0.4647150342438031,0.8247390889091588,69,ge25/logit
Q2/saturated/ge25/logit/restricted-cash,2,0.08611965361571057,-0.556368406059705,0.7286077132911262,69,ge25/logit
Q2/endpoint/ge25/logit/omnibus,1,0.008295389562257007,-0.7159556975927119,0.7325464767172261,70,ge25/logit
Q2/endpoint/ge25/logit/omnibus,2,0.16394240799754325,-0.6081484621703981,0.9360332781654845,70,ge25/logit
Q2/endpoint/ge25/logit/cash-food,1,-0.008295389562257007,-0.7325464767172261,0.7159556975927119,71,ge25/logit
Q2/endpoint/ge25/logit/cash-medical,1,-0.16394240799754325,-0.9360332781654845,0.6081484621703981,72,ge25/logit
Q2/endpoint/ge25/logit/food-medical,1,-0.15564701843528625,-0.9240513069479835,0.612757270077411,73,ge25/logit
Q2/endpoint/ge25/logit/restricted-cash,1,0.08611889877990013,-0.5563145116758028,0.728552309235603,74,ge25/logit
R/trend/ge25/probit/omnibus,1,-0.017785234400202805,-0.12344130798072245,0.08787083918031685,0,ge25/probit
R/trend/ge25/probit/omnibus,2,0.0915735250662646,-0.014669251136912906,0.1978163012694421,0,ge25/probit
R/trend/ge25/probit/cash-food,1,0.017785234400202805,-0.08787083918031685,0.12344130798072245,1,ge25/probit
R/trend/ge25/probit/cash-medical,1,-0.0915735250662646,-0.1978163012694421,0.014669251136912906,2,ge25/probit
R/trend/ge25/probit/food-medical,1,-0.10935875946646739,-0.21657638740373497,-0.0021411315291998134,3,ge25/probit
R/trend/ge25/probit/restricted-cash,1,0.0368941453330309,-0.054492187095739525,0.12828047776180132,4,ge25/probit
R/saturated/ge25/probit/omnibus,1,-0.06653066790947605,-0.27431964921126284,0.1412583133923107,5,ge25/probit
R/saturated/ge25/probit/omnibus,2,-0.03354261142507252,-0.24520027894391694,0.17811505609377193,5,ge25/probit
R/saturated/ge25/probit/omnibus,3,0.03678408495461546,-0.1754036249926558,0.24897179490188673,5,ge25/probit
R/saturated/ge25/probit/omnibus,4,0.18429661387499877,-0.028332758824068077,0.39692598657406564,5,ge25/probit
R/saturated/ge25/probit/cash-food,1,0.06653066790947605,-0.1412583133923107,0.27431964921126284,6,ge25/probit
R/saturated/ge25/probit/cash-food,2,0.03354261142507252,-0.17811505609377193,0.24520027894391694,6,ge25/probit
R/saturated/ge25/probit/cash-medical,1,-0.03678408495461546,-0.24897179490188673,0.1754036249926558,7,ge25/probit
R/saturated/ge25/probit/cash-medical,2,-0.18429661387499877,-0.39692598657406564,0.028332758824068077,7,ge25/probit
R/saturated/ge25/probit/food-medical,1,-0.1033147528640915,-0.3165644342801648,0.10993492855198181,8,ge25/probit
R/saturated/ge25/probit/food-medical,2,-0.21783922530007127,-0.43172847391507985,-0.003949976685062695,8,ge25/probit
R/saturated/ge25/probit/restricted-cash,1,-0.014873291477430297,-0.19579063681926484,0.16604405386440424,9,ge25/probit
R/saturated/ge25/probit/restricted-cash,2,0.07537700122496313,-0.1078385999357594,0.25859260238568565,9,ge25/probit
R/endpoint/ge25/probit/omnibus,1,-0.03354223085420138,-0.24519964776924602,0.17811518606084326,10,ge25/probit
R/endpoint/ge25/probit/omnibus,2,0.18429670709117868,-0.028332411924560902,0.3969258261069183,10,ge25/probit
R/endpoint/ge25/probit/cash-food,1,0.03354223085420138,-0.17811518606084326,0.24519964776924602,11,ge25/probit
R/endpoint/ge25/probit/cash-medical,1,-0.18429670709117868,-0.3969258261069183,0.028332411924560902,12,ge25/probit
R/endpoint/ge25/probit/food-medical,1,-0.21783893794538006,-0.43172792333894106,-0.003949952551819069,13,ge25/probit
R/endpoint/ge25/probit/restricted-cash,1,0.07537723811848865,-0.10783814790601406,0.25859262414299133,14,ge25/probit
A/trend/ge25/probit/omnibus,1,-0.01889906495463973,-0.12480879677680334,0.08701066686752387,15,ge25/probit
A/trend/ge25/probit/omnibus,2,0.0877223567151284,-0.01875440986948429,0.1941991232997411,15,ge25/probit
A/trend/ge25/probit/cash-food,1,0.01889906495463973,-0.08701066686752387,0.12480879677680334,16,ge25/probit
A/trend/ge25/probit/cash-medical,1,-0.0877223567151284,-0.1941991232997411,0.01875440986948429,17,ge25/probit
A/trend/ge25/probit/food-medical,1,-0.10662142166976812,-0.21406833339332967,0.0008254900537934262,18,ge25/probit
A/trend/ge25/probit/restricted-cash,1,0.03441164588024434,-0.05719008362714895,0.12601337538763763,19,ge25/probit
A/saturated/ge25/probit/omnibus,1,-0.06052326009543661,-0.2686759856258988,0.1476294654350256,20,ge25/probit
A/saturated/ge25/probit/omnibus,2,-0.036032327376849846,-0.24807275906613474,0.17600810431243508,20,ge25/probit
A/saturated/ge25/probit/omnibus,3,0.037871177064982546,-0.1746546156925088,0.2503969698224739,20,ge25/probit
A/saturated/ge25/probit/omnibus,4,0.17625747260800795,-0.03666947776999749,0.3891844229860134,20,ge25/probit
A/saturated/ge25/probit/cash-food,1,0.06052326009543661,-0.1476294654350256,0.2686759856258988,21,ge25/probit
A/saturated/ge25/probit/cash-food,2,0.036032327376849846,-0.17600810431243508,0.24807275906613474,21,ge25/probit
A/saturated/ge25/probit/cash-medical,1,-0.037871177064982546,-0.2503969698224739,0.1746546156925088,22,ge25/probit
A/saturated/ge25/probit/cash-medical,2,-0.17625747260800795,-0.3891844229860134,0.03666947776999749,22,ge25/probit
A/saturated/ge25/probit/food-medical,1,-0.09839443716041915,-0.3119294701998496,0.11514059587901129,23,ge25/probit
A/saturated/ge25/probit/food-medical,2,-0.2122897999848578,-0.4265543905425925,0.001974790572876889,23,ge25/probit
A/saturated/ge25/probit/restricted-cash,1,-0.011326041515227033,-0.19256644066147804,0.16991435763102397,24,ge25/probit
A/saturated/ge25/probit/restricted-cash,2,0.07011257261557904,-0.11338725502033323,0.25361240025149134,24,ge25/probit
A/endpoint/ge25/probit/omnibus,1,-0.03603220028005272,-0.24807240840961778,0.17600800784951234,25,ge25/probit
A/endpoint/ge25/probit/omnibus,2,0.176257491555572,-0.03666923492137,0.389184218032514,25,ge25/probit
A/endpoint/ge25/probit/cash-food,1,0.03603220028005272,-0.17600800784951234,0.24807240840961778,26,ge25/probit
A/endpoint/ge25/probit/cash-medical,1,-0.176257491555572,-0.389184218032514,0.03666923492137,27,ge25/probit
A/endpoint/ge25/probit/food-medical,1,-0.2122896918356247,-0.4265540541002072,0.0019746704289577977,28,ge25/probit
A/endpoint/ge25/probit/restricted-cash,1,0.07011264563775964,-0.11338698957099443,0.2536122808465137,29,ge25/probit
C/trend/ge25/probit/omnibus,1,0.001400584639493496,-0.1073619504585951,0.1101631197375821,30,ge25/probit
C/trend/ge25/probit/omnibus,2,0.11362999549751861,0.00403351606422131,0.2232264749308159,30,ge25/probit
C/trend/ge25/probit/cash-food,1,-0.001400584639493496,-0.1101631197375821,0.1073619504585951,31,ge25/probit
C/trend/ge25/probit/cash-medical,1,-0.11362999549751861,-0.2232264749308159,-0.00403351606422131,32,ge25/probit
C/trend/ge25/probit/food-medical,1,-0.11222941085802511,-0.222953006250935,-0.0015058154651152178,33,ge25/probit
C/trend/ge25/probit/restricted-cash,1,0.05751529006850605,-0.036587898126075595,0.1516184782630877,34,ge25/probit
C/saturated/ge25/probit/omnibus,1,-0.029115626509030833,-0.2429566640781746,0.18472541106011295,35,ge25/probit
C/saturated/ge25/probit/omnibus,2,0.004295736941152249,-0.213611295225914,0.2222027691082185,35,ge25/probit
C/saturated/ge25/probit/omnibus,3,0.029427488291489928,-0.18881393240963285,0.24766890899261268,35,ge25/probit
C/saturated/ge25/probit/omnibus,4,0.227821875876282,0.00933319081880607,0.4463105609337579,35,ge25/probit
C/saturated/ge25/probit/cash-food,1,0.029115626509030833,-0.18472541106011295,0.2429566640781746,36,ge25/probit
C/saturated/ge25/probit/cash-food,2,-0.004295736941152249,-0.2222027691082185,0.213611295225914,36,ge25/probit
C/saturated/ge25/probit/cash-medical,1,-0.029427488291489928,-0.24766890899261268,0.18881393240963285,37,ge25/probit
C/saturated/ge25/probit/cash-medical,2,-0.227821875876282,-0.4463105609337579,-0.00933319081880607,37,ge25/probit
C/saturated/ge25/probit/food-medical,1,-0.05854311480052076,-0.2784731108710032,0.16138688126996165,38,ge25/probit
C/saturated/ge25/probit/food-medical,2,-0.22352613893512974,-0.4438047097067896,-0.0032475681634698828,38,ge25/probit
C/saturated/ge25/probit/restricted-cash,1,0.00015593089122954706,-0.18581813379590795,0.186129995578367,39,ge25/probit
C/saturated/ge25/probit/restricted-cash,2,0.11605880640871713,-0.07230182614941744,0.3044194389668517,39,ge25/probit
C/endpoint/ge25/probit/omnibus,1,0.004295865554753128,-0.21361079856851212,0.22220252967801835,40,ge25/probit
C/endpoint/ge25/probit/omnibus,2,0.22782189518703913,0.009333579147611015,0.44631021122646725,40,ge25/probit
C/endpoint/ge25/probit/cash-food,1,-0.004295865554753128,-0.22220252967801835,0.21361079856851212,41,ge25/probit
C/endpoint/ge25/probit/cash-medical,1,-0.22782189518703913,-0.44631021122646725,-0.009333579147611015,42,ge25/probit
C/endpoint/ge25/probit/food-medical,1,-0.22352602963228602,-0.4438042253715035,-0.0032478338930685413,43,ge25/probit
C/endpoint/ge25/probit/restricted-cash,1,0.11605888037089612,-0.0723014349240354,0.30441919566582765,44,ge25/probit
Q1/trend/ge25/probit/omnibus,1,0.007378324338712597,-0.14190249920129108,0.1566591478787163,45,ge25/probit
Q1/trend/ge25/probit/omnibus,2,0.06329021493804994,-0.08735746001519161,0.21393788989129148,45,ge25/probit
Q1/trend/ge25/probit/cash-food,1,-0.007378324338712597,-0.1566591478787163,0.14190249920129108,46,ge25/probit
Q1/trend/ge25/probit/cash-medical,1,-0.06329021493804994,-0.21393788989129148,0.08735746001519161,47,ge25/probit
Q1/trend/ge25/probit/food-medical,1,-0.05591189059933734,-0.2076211084548431,0.09579732725616841,48,ge25/probit
Q1/trend/ge25/probit/restricted-cash,1,0.035334269638381266,-0.09403273321480882,0.16470127249157135,49,ge25/probit
Q1/saturated/ge25/probit/omnibus,1,-0.14701695565546163,-0.44046298975209497,0.1464290784411717,50,ge25/probit
Q1/saturated/ge25/probit/omnibus,2,0.02371764699347879,-0.2768464802805007,0.32428177426745824,50,ge25/probit
Q1/saturated/ge25/probit/omnibus,3,-0.13004443030429125,-0.43131704972107887,0.17122818911249638,50,ge25/probit
Q1/saturated/ge25/probit/omnibus,4,0.13223233304309318,-0.16948654011517134,0.4339512062013577,50,ge25/probit
Q1/saturated/ge25/probit/cash-food,1,0.14701695565546163,-0.1464290784411717,0.44046298975209497,51,ge25/probit
Q1/saturated/ge25/probit/cash-food,2,-0.02371764699347879,-0.32428177426745824,0.2768464802805007,51,ge25/probit
Q1/saturated/ge25/probit/cash-medical,1,0.13004443030429125,-0.17122818911249638,0.43131704972107887,52,ge25/probit
Q1/saturated/ge25/probit/cash-medical,2,-0.13223233304309318,-0.4339512062013577,0.16948654011517134,52,ge25/probit
Q1/saturated/ge25/probit/food-medical,1,-0.016972525351170387,-0.31934059462448866,0.2853955439221479,53,ge25/probit
Q1/saturated/ge25/probit/food-medical,2,-0.10851468604961438,-0.4097821232506021,0.1927527511513733,53,ge25/probit
Q1/saturated/ge25/probit/restricted-cash,1,-0.13853069297987644,-0.39461909712896903,0.11755771116921612,54,ge25/probit
Q1/saturated/ge25/probit/restricted-cash,2,0.07797499001828598,-0.1827854734966383,0.3387354535332102,54,ge25/probit
Q1/endpoint/ge25/probit/omnibus,1,0.02371764380980524,-0.2768402113322587,0.3242754989518692,55,ge25/probit
Q1/endpoint/ge25/probit/omnibus,2,0.1322323346443728,-0.16948024232896433,0.43394491161771,55,ge25/probit
Q1/endpoint/ge25/probit/cash-food,1,-0.02371764380980524,-0.3242754989518692,0.2768402113322587,56,ge25/probit
Q1/endpoint/ge25/probit/cash-medical,1,-0.1322323346443728,-0.43394491161771,0.16948024232896433,57,ge25/probit
Q1/endpoint/ge25/probit/food-medical,1,-0.10851469083456758,-0.40977584148256707,0.19274645981343194,58,ge25/probit
Q1/endpoint/ge25/probit/restricted-cash,1,0.07797498922708902,-0.18278003272513677,0.3387300111793148,59,ge25/probit
Q2/trend/ge25/probit/omnibus,1,0.01384363178296178,-0.20049473574868665,0.2281819993146102,60,ge25/probit
Q2/trend/ge25/probit/omnibus,2,0.05330934414355647,-0.17574646541761774,0.2823651537047307,60,ge25/probit
Q2/trend/ge25/probit/cash-food,1,-0.01384363178296178,-0.2281819993146102,0.20049473574868665,61,ge25/probit
Q2/trend/ge25/probit/cash-medical,1,-0.05330934414355647,-0.2823651537047307,0.17574646541761774,62,ge25/probit
Q2/trend/ge25/probit/food-medical,1,-0.039465712360594686,-0.26354732710933004,0.18461590238814066,63,ge25/probit
Q2/trend/ge25/probit/restricted-cash,1,0.03357648796325913,-0.1578669954145469,0.22501997134106516,64,ge25/probit
Q2/saturated/ge25/probit/omnibus,1,0.21128838389432353,-0.23210864977305246,0.6546854175616995,65,ge25/probit
Q2/saturated/ge25/probit/omnibus,2,0.007240980462581126,-0.43008953547258044,0.44457149639774274,65,ge25/probit
Q2/saturated/ge25/probit/omnibus,3,0.0118641170391634,-0.45056126970611216,0.47428950378443896,65,ge25/probit
Q2/saturated/ge25/probit/omnibus,4,0.10366334611968152,-0.3568995522811856,0.5642262445205486,65,ge25/probit
Q2/saturated/ge25/probit/cash-food,1,-0.21128838389432353,-0.6546854175616995,0.23210864977305246,66,ge25/probit
Q2/saturated/ge25/probit/cash-food,2,-0.007240980462581126,-0.44457149639774274,0.43008953547258044,66,ge25/probit
Q2/saturated/ge25/probit/cash-medical,1,-0.0118641170391634,-0.47428950378443896,0.45056126970611216,67,ge25/probit
Q2/saturated/ge25/probit/cash-medical,2,-0.10366334611968152,-0.5642262445205486,0.3568995522811856,67,ge25/probit
Q2/saturated/ge25/probit/food-medical,1,0.19942426685516013,-0.2507977844827979,0.6496463181931181,68,ge25/probit
Q2/saturated/ge25/probit/food-medical,2,-0.0964223656571004,-0.551994860180955,0.35915012886675424,68,ge25/probit
Q2/saturated/ge25/probit/restricted-cash,1,0.11157625046674347,-0.28154473600947255,0.5046972369429594,69,ge25/probit
Q2/saturated/ge25/probit/restricted-cash,2,0.05545216329113132,-0.33158983356978955,0.44249416015205223,69,ge25/probit
Q2/endpoint/ge25/probit/omnibus,1,0.007240922670786887,-0.43005241473869243,0.44453426008026625,70,ge25/probit
Q2/endpoint/ge25/probit/omnibus,2,0.10366339320743204,-0.35686035386423287,0.5641871402790969,70,ge25/probit
Q2/endpoint/ge25/probit/cash-food,1,-0.007240922670786887,-0.44453426008026625,0.43005241473869243,71,ge25/probit
Q2/endpoint/ge25/probit/cash-medical,1,-0.10366339320743204,-0.5641871402790969,0.35686035386423287,72,ge25/probit
Q2/endpoint/ge25/probit/food-medical,1,-0.09642247053664516,-0.55195623794114,0.35911129686784976,73,ge25/probit
Q2/endpoint/ge25/probit/restricted-cash,1,0.05545215793910946,-0.33155693622844445,0.44246125210666337,74,ge25/probit
R/trend/ge50/OLS_HC3/omnibus,1,0.013691352494109485,-0.01466069245083492,0.04204339743905389,0,ge50/OLS_HC3
R/trend/ge50/OLS_HC3/omnibus,2,0.030172066455675002,0.003283769796912153,0.05706036311443785,0,ge50/OLS_HC3
R/trend/ge50/OLS_HC3/cash-food,1,-0.013691352494109485,-0.04204339743905389,0.01466069245083492,1,ge50/OLS_HC3
R/trend/ge50/OLS_HC3/cash-medical,1,-0.030172066455675002,-0.05706036311443785,-0.003283769796912153,2,ge50/OLS_HC3
R/trend/ge50/OLS_HC3/food-medical,1,-0.016480713961565516,-0.043024797147734065,0.01006336922460303,3,ge50/OLS_HC3
R/trend/ge50/OLS_HC3/restricted-cash,1,0.021931709474892244,-0.0023017877311722057,0.046165206680956694,4,ge50/OLS_HC3
R/saturated/ge50/OLS_HC3/omnibus,1,-0.014100984703350255,-0.07173483578483171,0.0435328663781312,5,ge50/OLS_HC3
R/saturated/ge50/OLS_HC3/omnibus,2,0.02763319769110301,-0.029027477940975998,0.08429387332318201,5,ge50/OLS_HC3
R/saturated/ge50/OLS_HC3/omnibus,3,0.016946815502012727,-0.038144519868219255,0.07203815087224472,5,ge50/OLS_HC3
R/saturated/ge50/OLS_HC3/omnibus,4,0.060353063156584195,0.006606628889165661,0.11409949742400273,5,ge50/OLS_HC3
R/saturated/ge50/OLS_HC3/cash-food,1,0.014100984703350255,-0.0435328663781312,0.07173483578483171,6,ge50/OLS_HC3
R/saturated/ge50/OLS_HC3/cash-food,2,-0.02763319769110301,-0.08429387332318201,0.029027477940975998,6,ge50/OLS_HC3
R/saturated/ge50/OLS_HC3/cash-medical,1,-0.016946815502012727,-0.07203815087224472,0.038144519868219255,7,ge50/OLS_HC3
R/saturated/ge50/OLS_HC3/cash-medical,2,-0.060353063156584195,-0.11409949742400273,-0.006606628889165661,7,ge50/OLS_HC3
R/saturated/ge50/OLS_HC3/food-medical,1,-0.031047800205362984,-0.0836044642759032,0.02150886386517723,8,ge50/OLS_HC3
R/saturated/ge50/OLS_HC3/food-medical,2,-0.03271986546548118,-0.08580744065074494,0.020367709719782585,8,ge50/OLS_HC3
R/saturated/ge50/OLS_HC3/restricted-cash,1,0.001422915399331236,-0.04845500834577843,0.051300839144440905,9,ge50/OLS_HC3
R/saturated/ge50/OLS_HC3/restricted-cash,2,0.043993130423843604,-0.00443189430521615,0.09241815515290336,9,ge50/OLS_HC3
R/endpoint/ge50/OLS_HC3/omnibus,1,0.027633197691103093,-0.029027477940975963,0.08429387332318215,10,ge50/OLS_HC3
R/endpoint/ge50/OLS_HC3/omnibus,2,0.06035306315658433,0.0066066288891658,0.11409949742400285,10,ge50/OLS_HC3
R/endpoint/ge50/OLS_HC3/cash-food,1,-0.027633197691103093,-0.08429387332318215,0.029027477940975963,11,ge50/OLS_HC3
R/endpoint/ge50/OLS_HC3/cash-medical,1,-0.06035306315658433,-0.11409949742400285,-0.0066066288891658,12,ge50/OLS_HC3
R/endpoint/ge50/OLS_HC3/food-medical,1,-0.03271986546548124,-0.08580744065074503,0.020367709719782544,13,ge50/OLS_HC3
R/endpoint/ge50/OLS_HC3/restricted-cash,1,0.04399313042384371,-0.0044318943052160595,0.09241815515290347,14,ge50/OLS_HC3
A/trend/ge50/OLS_HC3/omnibus,1,0.014400210358410898,-0.014015919501394525,0.04281634021821632,15,ge50/OLS_HC3
A/trend/ge50/OLS_HC3/omnibus,2,0.029185249670393088,0.0022495924551643384,0.05612090688562184,15,ge50/OLS_HC3
A/trend/ge50/OLS_HC3/cash-food,1,-0.014400210358410898,-0.04281634021821632,0.014015919501394525,16,ge50/OLS_HC3
A/trend/ge50/OLS_HC3/cash-medical,1,-0.029185249670393088,-0.05612090688562184,-0.0022495924551643384,17,ge50/OLS_HC3
A/trend/ge50/OLS_HC3/food-medical,1,-0.01478503931198219,-0.04133137975845079,0.011761301134486413,18,ge50/OLS_HC3
A/trend/ge50/OLS_HC3/restricted-cash,1,0.021792730014401993,-0.0025038949598173953,0.04608935498862138,19,ge50/OLS_HC3
A/saturated/ge50/OLS_HC3/omnibus,1,-0.014655413629578347,-0.07229485251544743,0.042984025256290734,20,ge50/OLS_HC3
A/saturated/ge50/OLS_HC3/omnibus,2,0.029098989952173325,-0.027685417217272072,0.08588339712161872,20,ge50/OLS_HC3
A/saturated/ge50/OLS_HC3/omnibus,3,0.016430035204001412,-0.038792142327122636,0.07165221273512545,20,ge50/OLS_HC3
A/saturated/ge50/OLS_HC3/omnibus,4,0.05840442886440266,0.0045658352335264385,0.11224302249527889,20,ge50/OLS_HC3
A/saturated/ge50/OLS_HC3/cash-food,1,0.014655413629578347,-0.042984025256290734,0.07229485251544743,21,ge50/OLS_HC3
A/saturated/ge50/OLS_HC3/cash-food,2,-0.029098989952173325,-0.08588339712161872,0.027685417217272072,21,ge50/OLS_HC3
A/saturated/ge50/OLS_HC3/cash-medical,1,-0.016430035204001412,-0.07165221273512545,0.038792142327122636,22,ge50/OLS_HC3
A/saturated/ge50/OLS_HC3/cash-medical,2,-0.05840442886440266,-0.11224302249527889,-0.0045658352335264385,22,ge50/OLS_HC3
A/saturated/ge50/OLS_HC3/food-medical,1,-0.03108544883357976,-0.08358316250740258,0.02141226484024306,23,ge50/OLS_HC3
A/saturated/ge50/OLS_HC3/food-medical,2,-0.029305438912229337,-0.08239664127533204,0.023785763450873368,23,ge50/OLS_HC3
A/saturated/ge50/OLS_HC3/restricted-cash,1,0.0008873107872115326,-0.049081623741490776,0.050856245315913845,24,ge50/OLS_HC3
A/saturated/ge50/OLS_HC3/restricted-cash,2,0.04375170940828799,-0.004795819764451717,0.0922992385810277,24,ge50/OLS_HC3
A/endpoint/ge50/OLS_HC3/omnibus,1,0.029098989952173703,-0.0276854172172717,0.0858833971216191,25,ge50/OLS_HC3
A/endpoint/ge50/OLS_HC3/omnibus,2,0.05840442886440295,0.004565835233526737,0.11224302249527918,25,ge50/OLS_HC3
A/endpoint/ge50/OLS_HC3/cash-food,1,-0.029098989952173703,-0.0858833971216191,0.0276854172172717,26,ge50/OLS_HC3
A/endpoint/ge50/OLS_HC3/cash-medical,1,-0.05840442886440295,-0.11224302249527918,-0.004565835233526737,27,ge50/OLS_HC3
A/endpoint/ge50/OLS_HC3/food-medical,1,-0.02930543891222925,-0.08239664127533196,0.023785763450873455,28,ge50/OLS_HC3
A/endpoint/ge50/OLS_HC3/restricted-cash,1,0.043751709408288326,-0.004795819764451384,0.09229923858102804,29,ge50/OLS_HC3
C/trend/ge50/OLS_HC3/omnibus,1,0.024558546945806753,-0.004681800071467294,0.053798893963080796,30,ge50/OLS_HC3
C/trend/ge50/OLS_HC3/omnibus,2,0.03818997986341138,0.010460536174684787,0.06591942355213798,30,ge50/OLS_HC3
C/trend/ge50/OLS_HC3/cash-food,1,-0.024558546945806753,-0.053798893963080796,0.004681800071467294,31,ge50/OLS_HC3
C/trend/ge50/OLS_HC3/cash-medical,1,-0.03818997986341138,-0.06591942355213798,-0.010460536174684787,32,ge50/OLS_HC3
C/trend/ge50/OLS_HC3/food-medical,1,-0.01363143291760463,-0.041229497082188774,0.01396663124697951,33,ge50/OLS_HC3
C/trend/ge50/OLS_HC3/restricted-cash,1,0.03137426340460907,0.0064434253906090685,0.05630510141860907,34,ge50/OLS_HC3
C/saturated/ge50/OLS_HC3/omnibus,1,-0.005532092326102421,-0.06536014404275779,0.05429595939055295,35,ge50/OLS_HC3
C/saturated/ge50/OLS_HC3/omnibus,2,0.04956122632682269,-0.008852241153730393,0.10797469380737576,35,ge50/OLS_HC3
C/saturated/ge50/OLS_HC3/omnibus,3,0.0107883353899676,-0.04592923630178597,0.06750590708172118,35,ge50/OLS_HC3
C/saturated/ge50/OLS_HC3/omnibus,4,0.07654221592240562,0.021147159143729784,0.13193727270108146,35,ge50/OLS_HC3
C/saturated/ge50/OLS_HC3/cash-food,1,0.005532092326102421,-0.05429595939055295,0.06536014404275779,36,ge50/OLS_HC3
C/saturated/ge50/OLS_HC3/cash-food,2,-0.04956122632682269,-0.10797469380737576,0.008852241153730393,36,ge50/OLS_HC3
C/saturated/ge50/OLS_HC3/cash-medical,1,-0.0107883353899676,-0.06750590708172118,0.04592923630178597,37,ge50/OLS_HC3
C/saturated/ge50/OLS_HC3/cash-medical,2,-0.07654221592240562,-0.13193727270108146,-0.021147159143729784,37,ge50/OLS_HC3
C/saturated/ge50/OLS_HC3/food-medical,1,-0.01632042771607002,-0.07028925953702059,0.037648404104880545,38,ge50/OLS_HC3
C/saturated/ge50/OLS_HC3/food-medical,2,-0.026980989595582934,-0.08217608193968387,0.028214102748518002,38,ge50/OLS_HC3
C/saturated/ge50/OLS_HC3/restricted-cash,1,0.0026281215319325893,-0.0490437339929127,0.05429997705677789,39,ge50/OLS_HC3
C/saturated/ge50/OLS_HC3/restricted-cash,2,0.06305172112461416,0.013264692747850006,0.11283874950137832,39,ge50/OLS_HC3
C/endpoint/ge50/OLS_HC3/omnibus,1,0.04956122632682277,-0.008852241153730303,0.10797469380737584,40,ge50/OLS_HC3
C/endpoint/ge50/OLS_HC3/omnibus,2,0.07654221592240576,0.021147159143729916,0.1319372727010816,40,ge50/OLS_HC3
C/endpoint/ge50/OLS_HC3/cash-food,1,-0.04956122632682277,-0.10797469380737584,0.008852241153730303,41,ge50/OLS_HC3
C/endpoint/ge50/OLS_HC3/cash-medical,1,-0.07654221592240576,-0.1319372727010816,-0.021147159143729916,42,ge50/OLS_HC3
C/endpoint/ge50/OLS_HC3/food-medical,1,-0.02698098959558299,-0.08217608193968391,0.028214102748517933,43,ge50/OLS_HC3
C/endpoint/ge50/OLS_HC3/restricted-cash,1,0.06305172112461427,0.013264692747850117,0.11283874950137843,44,ge50/OLS_HC3
Q1/trend/ge50/OLS_HC3/omnibus,1,0.017838064879924096,-0.023973299139787515,0.059649428899635704,45,ge50/OLS_HC3
Q1/trend/ge50/OLS_HC3/omnibus,2,0.01807773310382957,-0.0206431025175509,0.05679856872521004,45,ge50/OLS_HC3
Q1/trend/ge50/OLS_HC3/cash-food,1,-0.017838064879924096,-0.059649428899635704,0.023973299139787515,46,ge50/OLS_HC3
Q1/trend/ge50/OLS_HC3/cash-medical,1,-0.01807773310382957,-0.05679856872521004,0.0206431025175509,47,ge50/OLS_HC3
Q1/trend/ge50/OLS_HC3/food-medical,1,-0.00023966822390547246,-0.03790910960644707,0.03742977315863613,48,ge50/OLS_HC3
Q1/trend/ge50/OLS_HC3/restricted-cash,1,0.01795789899187683,-0.017665126324415664,0.053580924308169325,49,ge50/OLS_HC3
Q1/saturated/ge50/OLS_HC3/omnibus,1,-0.019011456178143628,-0.10471053457779608,0.06668762222150884,50,ge50/OLS_HC3
Q1/saturated/ge50/OLS_HC3/omnibus,2,0.036801601070369346,-0.04680182290175126,0.12040502504248995,50,ge50/OLS_HC3
Q1/saturated/ge50/OLS_HC3/omnibus,3,-0.029391460952612077,-0.10937736878896624,0.05059444688374208,50,ge50/OLS_HC3
Q1/saturated/ge50/OLS_HC3/omnibus,4,0.03628975353695044,-0.041145250338856514,0.1137247574127574,50,ge50/OLS_HC3
Q1/saturated/ge50/OLS_HC3/cash-food,1,0.019011456178143628,-0.06668762222150884,0.10471053457779608,51,ge50/OLS_HC3
Q1/saturated/ge50/OLS_HC3/cash-food,2,-0.036801601070369346,-0.12040502504248995,0.04680182290175126,51,ge50/OLS_HC3
Q1/saturated/ge50/OLS_HC3/cash-medical,1,0.029391460952612077,-0.05059444688374208,0.10937736878896624,52,ge50/OLS_HC3
Q1/saturated/ge50/OLS_HC3/cash-medical,2,-0.03628975353695044,-0.1137247574127574,0.041145250338856514,52,ge50/OLS_HC3
Q1/saturated/ge50/OLS_HC3/food-medical,1,0.01038000477446845,-0.06431339447960926,0.08507340402854616,53,ge50/OLS_HC3
Q1/saturated/ge50/OLS_HC3/food-medical,2,0.0005118475334189021,-0.07488223069806661,0.07590592576490442,53,ge50/OLS_HC3
Q1/saturated/ge50/OLS_HC3/restricted-cash,1,-0.02420145856537785,-0.09820323403357521,0.04980031690281951,54,ge50/OLS_HC3
Q1/saturated/ge50/OLS_HC3/restricted-cash,2,0.036545677303659894,-0.034670819412061495,0.10776217401938129,54,ge50/OLS_HC3
Q1/endpoint/ge50/OLS_HC3/omnibus,1,0.03680160107036947,-0.04680182290175113,0.12040502504249007,55,ge50/OLS_HC3
Q1/endpoint/ge50/OLS_HC3/omnibus,2,0.03628975353695063,-0.041145250338856326,0.11372475741275759,55,ge50/OLS_HC3
Q1/endpoint/ge50/OLS_HC3/cash-food,1,-0.03680160107036947,-0.12040502504249007,0.04680182290175113,56,ge50/OLS_HC3
Q1/endpoint/ge50/OLS_HC3/cash-medical,1,-0.03628975353695063,-0.11372475741275759,0.041145250338856326,57,ge50/OLS_HC3
Q1/endpoint/ge50/OLS_HC3/food-medical,1,0.0005118475334188397,-0.07488223069806668,0.07590592576490435,58,ge50/OLS_HC3
Q1/endpoint/ge50/OLS_HC3/restricted-cash,1,0.036545677303660054,-0.03467081941206132,0.10776217401938143,59,ge50/OLS_HC3
Q2/trend/ge50/OLS_HC3/omnibus,1,0.013492386065518256,-0.0496255605855203,0.0766103327165568,60,ge50/OLS_HC3
Q2/trend/ge50/OLS_HC3/omnibus,2,0.0368916178663197,-0.023806306037092433,0.09758954176973184,60,ge50/OLS_HC3
Q2/trend/ge50/OLS_HC3/cash-food,1,-0.013492386065518256,-0.0766103327165568,0.0496255605855203,61,ge50/OLS_HC3
Q2/trend/ge50/OLS_HC3/cash-medical,1,-0.0368916178663197,-0.09758954176973184,0.023806306037092433,62,ge50/OLS_HC3
Q2/trend/ge50/OLS_HC3/food-medical,1,-0.023399231800801442,-0.08154537469051894,0.03474691108891606,63,ge50/OLS_HC3
Q2/trend/ge50/OLS_HC3/restricted-cash,1,0.025192001965918975,-0.029478036396752935,0.07986204032859089,64,ge50/OLS_HC3
Q2/saturated/ge50/OLS_HC3/omnibus,1,0.06098894566645946,-0.07959926382719934,0.20157715516011826,65,ge50/OLS_HC3
Q2/saturated/ge50/OLS_HC3/omnibus,2,0.02342800105435264,-0.10334420488258836,0.15020020699129363,65,ge50/OLS_HC3
Q2/saturated/ge50/OLS_HC3/omnibus,3,-0.015130078772802324,-0.13916989405624244,0.10890973651063779,65,ge50/OLS_HC3
Q2/saturated/ge50/OLS_HC3/omnibus,4,0.07248397597234837,-0.04959624656228863,0.19456419850698536,65,ge50/OLS_HC3
Q2/saturated/ge50/OLS_HC3/cash-food,1,-0.06098894566645946,-0.20157715516011826,0.07959926382719934,66,ge50/OLS_HC3
Q2/saturated/ge50/OLS_HC3/cash-food,2,-0.02342800105435264,-0.15020020699129363,0.10334420488258836,66,ge50/OLS_HC3
Q2/saturated/ge50/OLS_HC3/cash-medical,1,0.015130078772802324,-0.10890973651063779,0.13916989405624244,67,ge50/OLS_HC3
Q2/saturated/ge50/OLS_HC3/cash-medical,2,-0.07248397597234837,-0.19456419850698536,0.04959624656228863,67,ge50/OLS_HC3
Q2/saturated/ge50/OLS_HC3/food-medical,1,0.07611902443926179,-0.04437064344073556,0.19660869231925915,68,ge50/OLS_HC3
Q2/saturated/ge50/OLS_HC3/food-medical,2,-0.04905597491799574,-0.16525883734585387,0.06714688750986239,68,ge50/OLS_HC3
Q2/saturated/ge50/OLS_HC3/restricted-cash,1,0.022929433446828566,-0.0951638356062102,0.14102270249986731,69,ge50/OLS_HC3
Q2/saturated/ge50/OLS_HC3/restricted-cash,2,0.047955988513350506,-0.06209677227439804,0.15800874930109904,69,ge50/OLS_HC3
Q2/endpoint/ge50/OLS_HC3/omnibus,1,0.02342800105435223,-0.10334420488258846,0.1502002069912929,70,ge50/OLS_HC3
Q2/endpoint/ge50/OLS_HC3/omnibus,2,0.07248397597234796,-0.04959624656228882,0.19456419850698475,70,ge50/OLS_HC3
Q2/endpoint/ge50/OLS_HC3/cash-food,1,-0.02342800105435223,-0.1502002069912929,0.10334420488258846,71,ge50/OLS_HC3
Q2/endpoint/ge50/OLS_HC3/cash-medical,1,-0.07248397597234796,-0.19456419850698475,0.04959624656228882,72,ge50/OLS_HC3
Q2/endpoint/ge50/OLS_HC3/food-medical,1,-0.04905597491799572,-0.16525883734585373,0.0671468875098623,73,ge50/OLS_HC3
Q2/endpoint/ge50/OLS_HC3/restricted-cash,1,0.0479559885133501,-0.062096772274398186,0.15800874930109837,74,ge50/OLS_HC3
R/trend/ge50/logit/omnibus,1,0.09238994815107059,-0.13737983459982428,0.3221597309019655,0,ge50/logit
R/trend/ge50/logit/omnibus,2,0.22979960652926182,-0.0075591606477600215,0.46715837370628366,0,ge50/logit
R/trend/ge50/logit/cash-food,1,-0.09238994815107059,-0.3221597309019655,0.13737983459982428,1,ge50/logit
R/trend/ge50/logit/cash-medical,1,-0.22979960652926182,-0.46715837370628366,0.0075591606477600215,2,ge50/logit
R/trend/ge50/logit/food-medical,1,-0.13740965837819125,-0.3818374878404971,0.10701817108411463,3,ge50/logit
R/trend/ge50/logit/restricted-cash,1,0.1610947773401662,-0.037979148015921116,0.3601687026962535,4,ge50/logit
R/saturated/ge50/logit/omnibus,1,-0.14621157652777947,-0.5862768598261381,0.2938537067705791,5,ge50/logit
R/saturated/ge50/logit/omnibus,2,0.20669603147206334,-0.24754720215948867,0.6609392651036153,5,ge50/logit
R/saturated/ge50/logit/omnibus,3,0.09115924522216004,-0.37519983468200135,0.5575183251263214,5,ge50/logit
R/saturated/ge50/logit/omnibus,4,0.4671171961099601,-0.006807229325976771,0.941041621545897,5,ge50/logit
R/saturated/ge50/logit/cash-food,1,0.14621157652777947,-0.2938537067705791,0.5862768598261381,6,ge50/logit
R/saturated/ge50/logit/cash-food,2,-0.20669603147206334,-0.6609392651036153,0.24754720215948867,6,ge50/logit
R/saturated/ge50/logit/cash-medical,1,-0.09115924522216004,-0.5575183251263214,0.37519983468200135,7,ge50/logit
R/saturated/ge50/logit/cash-medical,2,-0.4671171961099601,-0.941041621545897,0.006807229325976771,7,ge50/logit
R/saturated/ge50/logit/food-medical,1,-0.2373708217499395,-0.7181731857810774,0.2434315422811983,8,ge50/logit
R/saturated/ge50/logit/food-medical,2,-0.2604211646378968,-0.7345539867629756,0.21371165748718202,8,ge50/logit
R/saturated/ge50/logit/restricted-cash,1,-0.027526165652809714,-0.41194962249731293,0.35689729119169344,9,ge50/logit
R/saturated/ge50/logit/restricted-cash,2,0.3369066137910117,-0.06218003708614167,0.7359932646681651,9,ge50/logit
R/endpoint/ge50/logit/omnibus,1,0.20669636149705836,-0.24754637510653657,0.6609390981006533,10,ge50/logit
R/endpoint/ge50/logit/omnibus,2,0.46711768412414917,-0.006806196880611959,0.9410415651289104,10,ge50/logit
R/endpoint/ge50/logit/cash-food,1,-0.20669636149705836,-0.6609390981006533,0.24754637510653657,11,ge50/logit
R/endpoint/ge50/logit/cash-medical,1,-0.46711768412414917,-0.9410415651289104,0.006806196880611959,12,ge50/logit
R/endpoint/ge50/logit/food-medical,1,-0.26042132262709083,-0.7345535915672377,0.21371094631305593,13,ge50/logit
R/endpoint/ge50/logit/restricted-cash,1,0.33690702281060375,-0.062179186246143825,0.7359932318673513,14,ge50/logit
A/trend/ge50/logit/omnibus,1,0.09713255445396342,-0.13323662725315144,0.32750173616107825,15,ge50/logit
A/trend/ge50/logit/omnibus,2,0.21960231592160864,-0.017970396210856804,0.45717502805407406,15,ge50/logit
A/trend/ge50/logit/cash-food,1,-0.09713255445396342,-0.32750173616107825,0.13323662725315144,16,ge50/logit
A/trend/ge50/logit/cash-medical,1,-0.21960231592160864,-0.45717502805407406,0.017970396210856804,17,ge50/logit
A/trend/ge50/logit/food-medical,1,-0.12246976146764522,-0.3676456116709648,0.12270608873567436,18,ge50/logit
A/trend/ge50/logit/restricted-cash,1,0.15836743518778604,-0.040950344587276505,0.35768521496284855,19,ge50/logit
A/saturated/ge50/logit/omnibus,1,-0.1534302798665603,-0.5947732034602715,0.287912643727151,20,ge50/logit
A/saturated/ge50/logit/omnibus,2,0.2166314525443508,-0.2381683183823734,0.671431223471075,20,ge50/logit
A/saturated/ge50/logit/omnibus,3,0.08712524081334543,-0.3793286102919152,0.5535790919186061,20,ge50/logit
A/saturated/ge50/logit/omnibus,4,0.4472200097217546,-0.02760357242351047,0.9220435918670196,20,ge50/logit
A/saturated/ge50/logit/cash-food,1,0.1534302798665603,-0.287912643727151,0.5947732034602715,21,ge50/logit
A/saturated/ge50/logit/cash-food,2,-0.2166314525443508,-0.671431223471075,0.2381683183823734,21,ge50/logit
A/saturated/ge50/logit/cash-medical,1,-0.08712524081334543,-0.5535790919186061,0.3793286102919152,22,ge50/logit
A/saturated/ge50/logit/cash-medical,2,-0.4472200097217546,-0.9220435918670196,0.02760357242351047,22,ge50/logit
A/saturated/ge50/logit/food-medical,1,-0.2405555206799057,-0.72249094982385,0.24137990846403856,23,ge50/logit
A/saturated/ge50/logit/food-medical,2,-0.23058855717740379,-0.7059954863915552,0.2448183720367476,23,ge50/logit
A/saturated/ge50/logit/restricted-cash,1,-0.03315251952660744,-0.4180108652105059,0.35170582615729107,24,ge50/logit
A/saturated/ge50/logit/restricted-cash,2,0.3319257311330527,-0.06763302025643159,0.731484482522537,24,ge50/logit
A/endpoint/ge50/logit/omnibus,1,0.21663173008578904,-0.2381676136420038,0.6714310738135819,25,ge50/logit
A/endpoint/ge50/logit/omnibus,2,0.44722056171011726,-0.02760254490354669,0.9220436683237812,25,ge50/logit
A/endpoint/ge50/logit/cash-food,1,-0.21663173008578904,-0.6714310738135819,0.2381676136420038,26,ge50/logit
A/endpoint/ge50/logit/cash-medical,1,-0.44722056171011726,-0.9220436683237812,0.02760254490354669,27,ge50/logit
A/endpoint/ge50/logit/food-medical,1,-0.23058883162432822,-0.7059952706874318,0.24481760743877543,28,ge50/logit
A/endpoint/ge50/logit/restricted-cash,1,0.33192614589795316,-0.06763222560623133,0.7314845174021376,29,ge50/logit
C/trend/ge50/logit/omnibus,1,0.18082195977157847,-0.05356689890770466,0.4152108184508616,30,ge50/logit
C/trend/ge50/logit/omnibus,2,0.29615369179719664,0.05035124885715758,0.5419561347372357,30,ge50/logit
C/trend/ge50/logit/cash-food,1,-0.18082195977157847,-0.4152108184508616,0.05356689890770466,31,ge50/logit
C/trend/ge50/logit/cash-medical,1,-0.29615369179719664,-0.5419561347372357,-0.05035124885715758,32,ge50/logit
C/trend/ge50/logit/food-medical,1,-0.11533173202561817,-0.36768366610798253,0.13702020205674623,33,ge50/logit
C/trend/ge50/logit/restricted-cash,1,0.23848782578438754,0.034139803148110076,0.44283584842066503,34,ge50/logit
C/saturated/ge50/logit/omnibus,1,-0.07795055617148414,-0.5277226302925657,0.3718215179495975,35,ge50/logit
C/saturated/ge50/logit/omnibus,2,0.3884924181769816,-0.0802438844562664,0.8572287208102296,35,ge50/logit
C/saturated/ge50/logit/omnibus,3,0.020488568115336867,-0.4607109390699306,0.5016880753006043,35,ge50/logit
C/saturated/ge50/logit/omnibus,4,0.6081971464036764,0.11967261385696154,1.0967216789503913,35,ge50/logit
C/saturated/ge50/logit/cash-food,1,0.07795055617148414,-0.3718215179495975,0.5277226302925657,36,ge50/logit
C/saturated/ge50/logit/cash-food,2,-0.3884924181769816,-0.8572287208102296,0.0802438844562664,36,ge50/logit
C/saturated/ge50/logit/cash-medical,1,-0.020488568115336867,-0.5016880753006043,0.4607109390699306,37,ge50/logit
C/saturated/ge50/logit/cash-medical,2,-0.6081971464036764,-1.0967216789503913,-0.11967261385696154,37,ge50/logit
C/saturated/ge50/logit/food-medical,1,-0.098439124286821,-0.5964700389446567,0.3995917903710146,38,ge50/logit
C/saturated/ge50/logit/food-medical,2,-0.2197047282266948,-0.7050350353940681,0.2656255789406785,38,ge50/logit
C/saturated/ge50/logit/restricted-cash,1,-0.028730994028073636,-0.4223237330344378,0.3648617449782906,39,ge50/logit
C/saturated/ge50/logit/restricted-cash,2,0.49834478229032897,0.08567228091745727,0.9110172836632007,39,ge50/logit
C/endpoint/ge50/logit/omnibus,1,0.388492524689848,-0.0802430007010429,0.857228050080739,40,ge50/logit
C/endpoint/ge50/logit/omnibus,2,0.6081972939248318,0.1196735742743999,1.0967210135752636,40,ge50/logit
C/endpoint/ge50/logit/cash-food,1,-0.388492524689848,-0.857228050080739,0.0802430007010429,41,ge50/logit
C/endpoint/ge50/logit/cash-medical,1,-0.6081972939248318,-1.0967210135752636,-0.1196735742743999,42,ge50/logit
C/endpoint/ge50/logit/food-medical,1,-0.21970476923498378,-0.705034275183915,0.2656247367139475,43,ge50/logit
C/endpoint/ge50/logit/restricted-cash,1,0.4983449093073399,0.08567309493649411,0.9110167236781856,44,ge50/logit
Q1/trend/ge50/logit/omnibus,1,0.11516681005992911,-0.19098811401205634,0.4213217341319146,45,ge50/logit
Q1/trend/ge50/logit/omnibus,2,0.08658871881588556,-0.2524172489409181,0.4255946865726893,45,ge50/logit
Q1/trend/ge50/logit/cash-food,1,-0.11516681005992911,-0.4213217341319146,0.19098811401205634,46,ge50/logit
Q1/trend/ge50/logit/cash-medical,1,-0.08658871881588556,-0.4255946865726893,0.2524172489409181,47,ge50/logit
Q1/trend/ge50/logit/food-medical,1,0.02857809124404355,-0.31949974475984594,0.376655927247933,48,ge50/logit
Q1/trend/ge50/logit/restricted-cash,1,0.10087776443790733,-0.17122221144382158,0.37297774031963626,49,ge50/logit
Q1/saturated/ge50/logit/omnibus,1,-0.1461742573888797,-0.7432192314286891,0.4508707166509297,50,ge50/logit
Q1/saturated/ge50/logit/omnibus,2,0.25844404048424424,-0.36399465789050595,0.8808827388589944,50,ge50/logit
Q1/saturated/ge50/logit/omnibus,3,-0.32749188850979827,-0.9973364202598938,0.34235264324029724,50,ge50/logit
Q1/saturated/ge50/logit/omnibus,4,0.20129408464229462,-0.46809188152525083,0.87068005080984,50,ge50/logit
Q1/saturated/ge50/logit/cash-food,1,0.1461742573888797,-0.4508707166509297,0.7432192314286891,51,ge50/logit
Q1/saturated/ge50/logit/cash-food,2,-0.25844404048424424,-0.8808827388589944,0.36399465789050595,51,ge50/logit
Q1/saturated/ge50/logit/cash-medical,1,0.32749188850979827,-0.34235264324029724,0.9973364202598938,52,ge50/logit
Q1/saturated/ge50/logit/cash-medical,2,-0.20129408464229462,-0.87068005080984,0.46809188152525083,52,ge50/logit
Q1/saturated/ge50/logit/food-medical,1,0.18131763112091856,-0.5077896042414451,0.8704248664832823,53,ge50/logit
Q1/saturated/ge50/logit/food-medical,2,0.05714995584194962,-0.6128830694750032,0.7271829811589023,53,ge50/logit
Q1/saturated/ge50/logit/restricted-cash,1,-0.23683307294933897,-0.7696182110807067,0.29595206518202877,54,ge50/logit
Q1/saturated/ge50/logit/restricted-cash,2,0.22986906256326944,-0.3228674829214747,0.7826056080480136,54,ge50/logit
Q1/endpoint/ge50/logit/omnibus,1,0.2584442210310147,-0.3639815072699881,0.8808699493320176,55,ge50/logit
Q1/endpoint/ge50/logit/omnibus,2,0.20129429959665782,-0.46807770354834377,0.8706663027416593,55,ge50/logit
Q1/endpoint/ge50/logit/cash-food,1,-0.2584442210310147,-0.8808699493320176,0.3639815072699881,56,ge50/logit
Q1/endpoint/ge50/logit/cash-medical,1,-0.20129429959665782,-0.8706663027416593,0.46807770354834377,57,ge50/logit
Q1/endpoint/ge50/logit/food-medical,1,0.057149921434356904,-0.612869107304519,0.7271689501732329,58,ge50/logit
Q1/endpoint/ge50/logit/restricted-cash,1,0.22986926031383625,-0.3228557691580036,0.7825942897856761,59,ge50/logit
Q2/trend/ge50/logit/omnibus,1,0.09003262363747916,-0.32673368027122035,0.5067989275461786,60,ge50/logit
Q2/trend/ge50/logit/omnibus,2,0.25706477921833504,-0.27296689041864775,0.7870964488553178,60,ge50/logit
Q2/trend/ge50/logit/cash-food,1,-0.09003262363747916,-0.5067989275461786,0.32673368027122035,61,ge50/logit
Q2/trend/ge50/logit/cash-medical,1,-0.25706477921833504,-0.7870964488553178,0.27296689041864775,62,ge50/logit
Q2/trend/ge50/logit/food-medical,1,-0.16703215558085588,-0.6854607577132688,0.35139644655155705,63,ge50/logit
Q2/trend/ge50/logit/restricted-cash,1,0.1735487014279071,-0.22660352906531553,0.5737009319211297,64,ge50/logit
Q2/saturated/ge50/logit/omnibus,1,0.37039763282044286,-0.4787721506313812,1.219567416272267,65,ge50/logit
Q2/saturated/ge50/logit/omnibus,2,0.1388960783372288,-0.740716168532296,1.0185083252067537,65,ge50/logit
Q2/saturated/ge50/logit/omnibus,3,-0.3075998465632063,-1.3619747613754318,0.7467750682490191,65,ge50/logit
Q2/saturated/ge50/logit/omnibus,4,0.5057984419430027,-0.4896213112996334,1.501218195185639,65,ge50/logit
Q2/saturated/ge50/logit/cash-food,1,-0.37039763282044286,-1.219567416272267,0.4787721506313812,66,ge50/logit
Q2/saturated/ge50/logit/cash-food,2,-0.1388960783372288,-1.0185083252067537,0.740716168532296,66,ge50/logit
Q2/saturated/ge50/logit/cash-medical,1,0.3075998465632063,-0.7467750682490191,1.3619747613754318,67,ge50/logit
Q2/saturated/ge50/logit/cash-medical,2,-0.5057984419430027,-1.501218195185639,0.4896213112996334,67,ge50/logit
Q2/saturated/ge50/logit/food-medical,1,0.6779974793836492,-0.3554101004912569,1.7114050592585552,68,ge50/logit
Q2/saturated/ge50/logit/food-medical,2,-0.3669023636057739,-1.3613129242145368,0.627508197002989,68,ge50/logit
Q2/saturated/ge50/logit/restricted-cash,1,0.031398893128618266,-0.7744640508765799,0.8372618371338163,69,ge50/logit
Q2/saturated/ge50/logit/restricted-cash,2,0.3223472601401158,-0.47456930025481275,1.1192638205350443,69,ge50/logit
Q2/endpoint/ge50/logit/omnibus,1,0.1388960590547581,-0.7406414391358783,1.0184335572453946,70,ge50/logit
Q2/endpoint/ge50/logit/omnibus,2,0.5057982484063316,-0.4895368591895738,1.5011333560022369,70,ge50/logit
Q2/endpoint/ge50/logit/cash-food,1,-0.1388960590547581,-1.0184335572453946,0.7406414391358783,71,ge50/logit
Q2/endpoint/ge50/logit/cash-medical,1,-0.5057982484063316,-1.5011333560022369,0.4895368591895738,72,ge50/logit
Q2/endpoint/ge50/logit/food-medical,1,-0.3669021893515735,-1.3612281813421647,0.6274238026390178,73,ge50/logit
Q2/endpoint/ge50/logit/restricted-cash,1,0.32234715373054484,-0.4745016706904866,1.1191959781515763,74,ge50/logit
R/trend/ge50/probit/omnibus,1,0.05313196457183775,-0.07118248150632127,0.17744641064999678,0,ge50/probit
R/trend/ge50/probit/omnibus,2,0.12676341014385287,0.00030940519351921325,0.2532174150941865,0,ge50/probit
R/trend/ge50/probit/cash-food,1,-0.05313196457183775,-0.17744641064999678,0.07118248150632127,1,ge50/probit
R/trend/ge50/probit/cash-medical,1,-0.12676341014385287,-0.2532174150941865,-0.00030940519351921325,2,ge50/probit
R/trend/ge50/probit/food-medical,1,-0.07363144557201512,-0.20236179359041284,0.0550989024463826,3,ge50/probit
R/trend/ge50/probit/restricted-cash,1,0.08994768735784531,-0.017660271504939595,0.1975556462206302,4,ge50/probit
R/saturated/ge50/probit/omnibus,1,-0.07625084333656286,-0.3175997603530662,0.1650980736799405,5,ge50/probit
R/saturated/ge50/probit/omnibus,2,0.11395745152167987,-0.13270886561072665,0.3606237686540864,5,ge50/probit
R/saturated/ge50/probit/omnibus,3,0.05430177383223916,-0.19585382860770373,0.30445737627218206,5,ge50/probit
R/saturated/ge50/probit/omnibus,4,0.2559663804808285,0.0033830839653107847,0.5085496769963462,5,ge50/probit
R/saturated/ge50/probit/cash-food,1,0.07625084333656286,-0.1650980736799405,0.3175997603530662,6,ge50/probit
R/saturated/ge50/probit/cash-food,2,-0.11395745152167987,-0.3606237686540864,0.13270886561072665,6,ge50/probit
R/saturated/ge50/probit/cash-medical,1,-0.05430177383223916,-0.30445737627218206,0.19585382860770373,7,ge50/probit
R/saturated/ge50/probit/cash-medical,2,-0.2559663804808285,-0.5085496769963462,-0.0033830839653107847,7,ge50/probit
R/saturated/ge50/probit/food-medical,1,-0.130552617168802,-0.3853315683548375,0.12422633401723349,8,ge50/probit
R/saturated/ge50/probit/food-medical,2,-0.14200892895914863,-0.3944951367724973,0.11047727885420006,8,ge50/probit
R/saturated/ge50/probit/restricted-cash,1,-0.010974534752161851,-0.22117796977809293,0.19922890027376924,9,ge50/probit
R/saturated/ge50/probit/restricted-cash,2,0.18496191600125417,-0.03040747727263718,0.4003313092751455,9,ge50/probit
R/endpoint/ge50/probit/omnibus,1,0.11395748949631462,-0.13270853388659118,0.36062351287922045,10,ge50/probit
R/endpoint/ge50/probit/omnibus,2,0.2559663974606273,0.003383403607994051,0.5085493913132606,10,ge50/probit
R/endpoint/ge50/probit/cash-food,1,-0.11395748949631462,-0.36062351287922045,0.13270853388659118,11,ge50/probit
R/endpoint/ge50/probit/cash-medical,1,-0.2559663974606273,-0.5085493913132606,-0.003383403607994051,12,ge50/probit
R/endpoint/ge50/probit/food-medical,1,-0.1420089079643127,-0.3944948140578426,0.11047699812921719,13,ge50/probit
R/endpoint/ge50/probit/restricted-cash,1,0.18496194347847097,-0.03040719252662169,0.4003310794835636,14,ge50/probit
A/trend/ge50/probit/omnibus,1,0.05581402879470033,-0.06878407160325495,0.18041212919265562,15,ge50/probit
A/trend/ge50/probit/omnibus,2,0.1214685387897123,-0.005131891376654221,0.24806896895607883,15,ge50/probit
A/trend/ge50/probit/cash-food,1,-0.05581402879470033,-0.18041212919265562,0.06878407160325495,16,ge50/probit
A/trend/ge50/probit/cash-medical,1,-0.1214685387897123,-0.24806896895607883,0.005131891376654221,17,ge50/probit
A/trend/ge50/probit/food-medical,1,-0.06565450999501196,-0.19470198184573162,0.0633929618557077,18,ge50/probit
A/trend/ge50/probit/restricted-cash,1,0.08864128379220632,-0.01912172132911731,0.19640428891352996,19,ge50/probit
A/saturated/ge50/probit/omnibus,1,-0.07989015763303176,-0.3217773182093449,0.1619970029432814,20,ge50/probit
A/saturated/ge50/probit/omnibus,2,0.11955383691114009,-0.12748875037288987,0.36659642419517,20,ge50/probit
A/saturated/ge50/probit/omnibus,3,0.05209047517835847,-0.1982129415859199,0.3023938919426368,20,ge50/probit
A/saturated/ge50/probit/omnibus,4,0.24559529853584236,-0.007442884998127591,0.4986334820698123,20,ge50/probit
A/saturated/ge50/probit/cash-food,1,0.07989015763303176,-0.1619970029432814,0.3217773182093449,21,ge50/probit
A/saturated/ge50/probit/cash-food,2,-0.11955383691114009,-0.36659642419517,0.12748875037288987,21,ge50/probit
A/saturated/ge50/probit/cash-medical,1,-0.05209047517835847,-0.3023938919426368,0.1982129415859199,22,ge50/probit
A/saturated/ge50/probit/cash-medical,2,-0.24559529853584236,-0.4986334820698123,0.007442884998127591,22,ge50/probit
A/saturated/ge50/probit/food-medical,1,-0.13198063281139022,-0.38722321571548024,0.1232619500926998,23,ge50/probit
A/saturated/ge50/probit/food-medical,2,-0.12604146162470226,-0.37909022970347717,0.12700730645407265,23,ge50/probit
A/saturated/ge50/probit/restricted-cash,1,-0.013899841227336642,-0.22435982653543207,0.19656014408075878,24,ge50/probit
A/saturated/ge50/probit/restricted-cash,2,0.18257456772349123,-0.0331121527127306,0.39826128815971307,24,ge50/probit
A/endpoint/ge50/probit/omnibus,1,0.11955386267197328,-0.1274884655192679,0.3665961908632145,25,ge50/probit
A/endpoint/ge50/probit/omnibus,2,0.24559531069598672,-0.0074426057188821115,0.49863322711085556,25,ge50/probit
A/endpoint/ge50/probit/cash-food,1,-0.11955386267197328,-0.3665961908632145,0.1274884655192679,26,ge50/probit
A/endpoint/ge50/probit/cash-medical,1,-0.24559531069598672,-0.49863322711085556,0.0074426057188821115,27,ge50/probit
A/endpoint/ge50/probit/food-medical,1,-0.12604144802401346,-0.3790899499530282,0.12700705390500128,28,ge50/probit
A/endpoint/ge50/probit/restricted-cash,1,0.18257458668398,-0.03311190674742126,0.39826108011538125,29,ge50/probit
C/trend/ge50/probit/omnibus,1,0.10127659092138436,-0.026034762659050775,0.2285879445018195,30,ge50/probit
C/trend/ge50/probit/omnibus,2,0.1629849374689494,0.032328090086665484,0.2936417848512333,30,ge50/probit
C/trend/ge50/probit/cash-food,1,-0.10127659092138436,-0.2285879445018195,0.026034762659050775,31,ge50/probit
C/trend/ge50/probit/cash-medical,1,-0.1629849374689494,-0.2936417848512333,-0.032328090086665484,32,ge50/probit
C/trend/ge50/probit/food-medical,1,-0.061708346547565046,-0.1945705851155244,0.07115389202039432,33,ge50/probit
C/trend/ge50/probit/restricted-cash,1,0.1321307641951669,0.021556795062022058,0.24270473332831172,34,ge50/probit
C/saturated/ge50/probit/omnibus,1,-0.039101606748546444,-0.2865702660626664,0.20836705256557353,35,ge50/probit
C/saturated/ge50/probit/omnibus,2,0.2122125613882009,-0.042153216100972474,0.4665783388773743,35,ge50/probit
C/saturated/ge50/probit/omnibus,3,0.01814849119784202,-0.2394854930903097,0.2757824754859937,35,ge50/probit
C/saturated/ge50/probit/omnibus,4,0.3314684393952847,0.07121146532151273,0.5917254134690566,35,ge50/probit
C/saturated/ge50/probit/cash-food,1,0.039101606748546444,-0.20836705256557353,0.2865702660626664,36,ge50/probit
C/saturated/ge50/probit/cash-food,2,-0.2122125613882009,-0.4665783388773743,0.042153216100972474,36,ge50/probit
C/saturated/ge50/probit/cash-medical,1,-0.01814849119784202,-0.2757824754859937,0.2394854930903097,37,ge50/probit
C/saturated/ge50/probit/cash-medical,2,-0.3314684393952847,-0.5917254134690566,-0.07121146532151273,37,ge50/probit
C/saturated/ge50/probit/food-medical,1,-0.05725009794638847,-0.3206363226368774,0.20613612674410048,38,ge50/probit
C/saturated/ge50/probit/food-medical,2,-0.11925587800708379,-0.3785488481418863,0.14003709212771873,38,ge50/probit
C/saturated/ge50/probit/restricted-cash,1,-0.010476557775352212,-0.22603380716001245,0.205080691609308,39,ge50/probit
C/saturated/ge50/probit/restricted-cash,2,0.2718405003917428,0.04955777599436201,0.49412322478912357,39,ge50/probit
C/endpoint/ge50/probit/omnibus,1,0.21221282400008754,-0.04215252569432862,0.4665781736945037,40,ge50/probit
C/endpoint/ge50/probit/omnibus,2,0.3314684825713535,0.07121196088135362,0.5917250042613533,40,ge50/probit
C/endpoint/ge50/probit/cash-food,1,-0.21221282400008754,-0.4665781736945037,0.04215252569432862,41,ge50/probit
C/endpoint/ge50/probit/cash-medical,1,-0.3314684825713535,-0.5917250042613533,-0.07121196088135362,42,ge50/probit
C/endpoint/ge50/probit/food-medical,1,-0.11925565857126594,-0.3785481804388433,0.1400368632963114,43,ge50/probit
C/endpoint/ge50/probit/restricted-cash,1,0.2718406532857205,0.04955830776642839,0.4941229988050126,44,ge50/probit
Q1/trend/ge50/probit/omnibus,1,0.06646574218630193,-0.10335035951717085,0.2362818438897747,45,ge50/probit
Q1/trend/ge50/probit/omnibus,2,0.054739501578491126,-0.1249733534608075,0.23445235661778974,45,ge50/probit
Q1/trend/ge50/probit/cash-food,1,-0.06646574218630193,-0.2362818438897747,0.10335035951717085,46,ge50/probit
Q1/trend/ge50/probit/cash-medical,1,-0.054739501578491126,-0.23445235661778974,0.1249733534608075,47,ge50/probit
Q1/trend/ge50/probit/food-medical,1,0.0117262406078108,-0.17066275544491744,0.19411523666053904,48,ge50/probit
Q1/trend/ge50/probit/restricted-cash,1,0.060602621882396526,-0.088563972440158,0.20976921620495104,49,ge50/probit
Q1/saturated/ge50/probit/omnibus,1,-0.08023908707818155,-0.4136854846525026,0.2532073104961395,50,ge50/probit
Q1/saturated/ge50/probit/omnibus,2,0.1443062728329968,-0.198868091383489,0.4874806370494826,50,ge50/probit
Q1/saturated/ge50/probit/omnibus,3,-0.16786513725384328,-0.5253961138266215,0.189665839318935,50,ge50/probit
Q1/saturated/ge50/probit/omnibus,4,0.11905022213196131,-0.2381344502588702,0.47623489452279283,50,ge50/probit
Q1/saturated/ge50/probit/cash-food,1,0.08023908707818155,-0.2532073104961395,0.4136854846525026,51,ge50/probit
Q1/saturated/ge50/probit/cash-food,2,-0.1443062728329968,-0.4874806370494826,0.198868091383489,51,ge50/probit
Q1/saturated/ge50/probit/cash-medical,1,0.16786513725384328,-0.189665839318935,0.5253961138266215,52,ge50/probit
Q1/saturated/ge50/probit/cash-medical,2,-0.11905022213196131,-0.47623489452279283,0.2381344502588702,52,ge50/probit
Q1/saturated/ge50/probit/food-medical,1,0.08762605017566173,-0.27563513387988214,0.4508872342312056,53,ge50/probit
Q1/saturated/ge50/probit/food-medical,2,0.025256050701035482,-0.3311598460594828,0.38167194746155375,53,ge50/probit
Q1/saturated/ge50/probit/restricted-cash,1,-0.12405211216601242,-0.41819115695916703,0.1700869326271422,54,ge50/probit
Q1/saturated/ge50/probit/restricted-cash,2,0.13167824748247905,-0.16984570572400562,0.43320220068896376,54,ge50/probit
Q1/endpoint/ge50/probit/omnibus,1,0.14430630688337165,-0.1988608965144747,0.487473510281218,55,ge50/probit
Q1/endpoint/ge50/probit/omnibus,2,0.11905026283589197,-0.23812695410280127,0.47622747977458524,55,ge50/probit
Q1/endpoint/ge50/probit/cash-food,1,-0.14430630688337165,-0.487473510281218,0.1988608965144747,56,ge50/probit
Q1/endpoint/ge50/probit/cash-medical,1,-0.11905026283589197,-0.47622747977458524,0.23812695410280127,57,ge50/probit
Q1/endpoint/ge50/probit/food-medical,1,0.025256044047479678,-0.33115241387412836,0.3816645019690877,58,ge50/probit
Q1/endpoint/ge50/probit/restricted-cash,1,0.13167828485963182,-0.16983937577481587,0.43319594549407947,59,ge50/probit
Q2/trend/ge50/probit/omnibus,1,0.05010556954816764,-0.1873449075175753,0.28755604661391054,60,ge50/probit
Q2/trend/ge50/probit/omnibus,2,0.14377539341586298,-0.13423428703967938,0.42178507387140535,60,ge50/probit
Q2/trend/ge50/probit/cash-food,1,-0.05010556954816764,-0.28755604661391054,0.1873449075175753,61,ge50/probit
Q2/trend/ge50/probit/cash-medical,1,-0.14377539341586298,-0.42178507387140535,0.13423428703967938,62,ge50/probit
Q2/trend/ge50/probit/food-medical,1,-0.09366982386769535,-0.36561633485526857,0.17827668711987787,63,ge50/probit
Q2/trend/ge50/probit/restricted-cash,1,0.09694048148201531,-0.12293978032720732,0.31682074329123794,64,ge50/probit
Q2/saturated/ge50/probit/omnibus,1,0.2128794751229917,-0.27512318507932393,0.7008821353253074,65,ge50/probit
Q2/saturated/ge50/probit/omnibus,2,0.08027685317897545,-0.41066221010680015,0.5712159164647511,65,ge50/probit
Q2/saturated/ge50/probit/omnibus,3,-0.14654801432182654,-0.7040658996128545,0.41096987096920146,65,ge50/probit
Q2/saturated/ge50/probit/omnibus,4,0.28256733650330307,-0.25386286157426335,0.8189975345808695,65,ge50/probit
Q2/saturated/ge50/probit/cash-food,1,-0.2128794751229917,-0.7008821353253074,0.27512318507932393,66,ge50/probit
Q2/saturated/ge50/probit/cash-food,2,-0.08027685317897545,-0.5712159164647511,0.41066221010680015,66,ge50/probit
Q2/saturated/ge50/probit/cash-medical,1,0.14654801432182654,-0.41096987096920146,0.7040658996128545,67,ge50/probit
Q2/saturated/ge50/probit/cash-medical,2,-0.28256733650330307,-0.8189975345808695,0.25386286157426335,67,ge50/probit
Q2/saturated/ge50/probit/food-medical,1,0.3594274894448183,-0.1856272741171422,0.9044822530067788,68,ge50/probit
Q2/saturated/ge50/probit/food-medical,2,-0.2022904833243276,-0.7347680810749705,0.3301871144263152,68,ge50/probit
Q2/saturated/ge50/probit/restricted-cash,1,0.033165730400582585,-0.4142884243142464,0.48061988511541154,69,ge50/probit
Q2/saturated/ge50/probit/restricted-cash,2,0.18142209484113925,-0.2584712588346718,0.6213154485169503,69,ge50/probit
Q2/endpoint/ge50/probit/omnibus,1,0.08027683629203249,-0.4106204925462175,0.5711741651302825,70,ge50/probit
Q2/endpoint/ge50/probit/omnibus,2,0.28256730991100715,-0.2538172777126117,0.8189518975346259,70,ge50/probit
Q2/endpoint/ge50/probit/cash-food,1,-0.08027683629203249,-0.5711741651302825,0.4106204925462175,71,ge50/probit
Q2/endpoint/ge50/probit/cash-medical,1,-0.28256730991100715,-0.8189518975346259,0.2538172777126117,72,ge50/probit
Q2/endpoint/ge50/probit/food-medical,1,-0.20229047361897468,-0.7347227985100947,0.33014185127214535,73,ge50/probit
Q2/endpoint/ge50/probit/restricted-cash,1,0.1814220731015198,-0.25843388230104547,0.6212780285040851,74,ge50/probit
R/trend/top75/OLS_HC3/omnibus,1,0.028193512362744623,0.005460779654017332,0.050926245071471914,0,top75/OLS_HC3
R/trend/top75/OLS_HC3/omnibus,2,0.030895170548941447,0.010570519430538924,0.05121982166734397,0,top75/OLS_HC3
R/trend/top75/OLS_HC3/cash-food,1,-0.028193512362744623,-0.050926245071471914,-0.005460779654017332,1,top75/OLS_HC3
R/trend/top75/OLS_HC3/cash-medical,1,-0.030895170548941447,-0.05121982166734397,-0.010570519430538924,2,top75/OLS_HC3
R/trend/top75/OLS_HC3/food-medical,1,-0.0027016581861968245,-0.022673625890084967,0.017270309517691318,3,top75/OLS_HC3
R/trend/top75/OLS_HC3/restricted-cash,1,0.029544341455843035,0.010433757575324824,0.048654925336361246,4,top75/OLS_HC3
R/saturated/top75/OLS_HC3/omnibus,1,0.0166308149612347,-0.030486822699517042,0.06374845262198645,5,top75/OLS_HC3
R/saturated/top75/OLS_HC3/omnibus,2,0.056407342061813866,0.011029073173409239,0.10178561095021849,5,top75/OLS_HC3
R/saturated/top75/OLS_HC3/omnibus,3,0.03713658730103539,-0.0066239793553377405,0.08089715395740851,5,top75/OLS_HC3
R/saturated/top75/OLS_HC3/omnibus,4,0.061722947217622066,0.021144347266303154,0.10230154716894098,5,top75/OLS_HC3
R/saturated/top75/OLS_HC3/cash-food,1,-0.0166308149612347,-0.06374845262198645,0.030486822699517042,6,top75/OLS_HC3
R/saturated/top75/OLS_HC3/cash-food,2,-0.056407342061813866,-0.10178561095021849,-0.011029073173409239,6,top75/OLS_HC3
R/saturated/top75/OLS_HC3/cash-medical,1,-0.03713658730103539,-0.08089715395740851,0.0066239793553377405,7,top75/OLS_HC3
R/saturated/top75/OLS_HC3/cash-medical,2,-0.061722947217622066,-0.10230154716894098,-0.021144347266303154,7,top75/OLS_HC3
R/saturated/top75/OLS_HC3/food-medical,1,-0.02050577233980069,-0.06097707658820675,0.019965531908605377,8,top75/OLS_HC3
R/saturated/top75/OLS_HC3/food-medical,2,-0.005315605155808201,-0.045270845754815624,0.03463963544319922,8,top75/OLS_HC3
R/saturated/top75/OLS_HC3/restricted-cash,1,0.026883701131135043,-0.01383543281737399,0.06760283507964407,9,top75/OLS_HC3
R/saturated/top75/OLS_HC3/restricted-cash,2,0.059065144639717966,0.020936419014179128,0.0971938702652568,9,top75/OLS_HC3
R/endpoint/top75/OLS_HC3/omnibus,1,0.05640734206181383,0.01102907317340917,0.10178561095021849,10,top75/OLS_HC3
R/endpoint/top75/OLS_HC3/omnibus,2,0.06172294721762205,0.02114434726630314,0.10230154716894097,10,top75/OLS_HC3
R/endpoint/top75/OLS_HC3/cash-food,1,-0.05640734206181383,-0.10178561095021849,-0.01102907317340917,11,top75/OLS_HC3
R/endpoint/top75/OLS_HC3/cash-medical,1,-0.06172294721762205,-0.10230154716894097,-0.02114434726630314,12,top75/OLS_HC3
R/endpoint/top75/OLS_HC3/food-medical,1,-0.0053156051558082215,-0.04527084575481566,0.034639635443199215,13,top75/OLS_HC3
R/endpoint/top75/OLS_HC3/restricted-cash,1,0.059065144639717945,0.020936419014179086,0.0971938702652568,14,top75/OLS_HC3
A/trend/top75/OLS_HC3/omnibus,1,0.02903005496745497,0.00626875886287772,0.05179135107203222,15,top75/OLS_HC3
A/trend/top75/OLS_HC3/omnibus,2,0.030046105641022468,0.009714951937207304,0.05037725934483763,15,top75/OLS_HC3
A/trend/top75/OLS_HC3/cash-food,1,-0.02903005496745497,-0.05179135107203222,-0.00626875886287772,16,top75/OLS_HC3
A/trend/top75/OLS_HC3/cash-medical,1,-0.030046105641022468,-0.05037725934483763,-0.009714951937207304,17,top75/OLS_HC3
A/trend/top75/OLS_HC3/food-medical,1,-0.001016050673567498,-0.020935573623066677,0.01890347227593168,18,top75/OLS_HC3
A/trend/top75/OLS_HC3/restricted-cash,1,0.02953808030423872,0.010393385033477837,0.0486827755749996,19,top75/OLS_HC3
A/saturated/top75/OLS_HC3/omnibus,1,0.016364779941968215,-0.030682616818493914,0.06341217670243035,20,top75/OLS_HC3
A/saturated/top75/OLS_HC3/omnibus,2,0.05810185772021014,0.012675021694140379,0.1035286937462799,20,top75/OLS_HC3
A/saturated/top75/OLS_HC3/omnibus,3,0.036889752529633064,-0.006977700187866212,0.08075720524713234,20,top75/OLS_HC3
A/saturated/top75/OLS_HC3/omnibus,4,0.06002752159460508,0.019443885900342746,0.10061115728886741,20,top75/OLS_HC3
A/saturated/top75/OLS_HC3/cash-food,1,-0.016364779941968215,-0.06341217670243035,0.030682616818493914,21,top75/OLS_HC3
A/saturated/top75/OLS_HC3/cash-food,2,-0.05810185772021014,-0.1035286937462799,-0.012675021694140379,21,top75/OLS_HC3
A/saturated/top75/OLS_HC3/cash-medical,1,-0.036889752529633064,-0.08075720524713234,0.006977700187866212,22,top75/OLS_HC3
A/saturated/top75/OLS_HC3/cash-medical,2,-0.06002752159460508,-0.10061115728886741,-0.019443885900342746,22,top75/OLS_HC3
A/saturated/top75/OLS_HC3/food-medical,1,-0.02052497258766485,-0.060850863896636305,0.019800918721306605,23,top75/OLS_HC3
A/saturated/top75/OLS_HC3/food-medical,2,-0.0019256638743949395,-0.041775045358830414,0.037923717610040535,23,top75/OLS_HC3
A/saturated/top75/OLS_HC3/restricted-cash,1,0.02662726623580064,-0.014144796472179241,0.06739932894378052,24,top75/OLS_HC3
A/saturated/top75/OLS_HC3/restricted-cash,2,0.05906468965740761,0.020876718284487054,0.09725266103032817,24,top75/OLS_HC3
A/endpoint/top75/OLS_HC3/omnibus,1,0.05810185772021027,0.012675021694140504,0.10352869374628004,25,top75/OLS_HC3
A/endpoint/top75/OLS_HC3/omnibus,2,0.06002752159460523,0.0194438859003429,0.10061115728886758,25,top75/OLS_HC3
A/endpoint/top75/OLS_HC3/cash-food,1,-0.05810185772021027,-0.10352869374628004,-0.012675021694140504,26,top75/OLS_HC3
A/endpoint/top75/OLS_HC3/cash-medical,1,-0.06002752159460523,-0.10061115728886758,-0.0194438859003429,27,top75/OLS_HC3
A/endpoint/top75/OLS_HC3/food-medical,1,-0.0019256638743949603,-0.041775045358830434,0.037923717610040514,28,top75/OLS_HC3
A/endpoint/top75/OLS_HC3/restricted-cash,1,0.05906468965740776,0.0208767182844872,0.09725266103032831,29,top75/OLS_HC3
C/trend/top75/OLS_HC3/omnibus,1,0.03329251727229846,0.00972785574336384,0.05685717880123309,30,top75/OLS_HC3
C/trend/top75/OLS_HC3/omnibus,2,0.03373917397384133,0.012656636615559571,0.05482171133212309,30,top75/OLS_HC3
C/trend/top75/OLS_HC3/cash-food,1,-0.03329251727229846,-0.05685717880123309,-0.00972785574336384,31,top75/OLS_HC3
C/trend/top75/OLS_HC3/cash-medical,1,-0.03373917397384133,-0.05482171133212309,-0.012656636615559571,32,top75/OLS_HC3
C/trend/top75/OLS_HC3/food-medical,1,-0.00044665670154286907,-0.02115552668646765,0.020262213283381913,33,top75/OLS_HC3
C/trend/top75/OLS_HC3/restricted-cash,1,0.0335158456230699,0.013699968069825652,0.05333172317631414,34,top75/OLS_HC3
C/saturated/top75/OLS_HC3/omnibus,1,0.02260079798493079,-0.026226957873715075,0.07142855384357666,35,top75/OLS_HC3
C/saturated/top75/OLS_HC3/omnibus,2,0.06659608706993347,0.019588821957802954,0.113603352182064,35,top75/OLS_HC3
C/saturated/top75/OLS_HC3/omnibus,3,0.03515056226469171,-0.009924080146635525,0.08022520467601894,35,top75/OLS_HC3
C/saturated/top75/OLS_HC3/omnibus,4,0.06734363836354977,0.025295067003535086,0.10939220972356445,35,top75/OLS_HC3
C/saturated/top75/OLS_HC3/cash-food,1,-0.02260079798493079,-0.07142855384357666,0.026226957873715075,36,top75/OLS_HC3
C/saturated/top75/OLS_HC3/cash-food,2,-0.06659608706993347,-0.113603352182064,-0.019588821957802954,36,top75/OLS_HC3
C/saturated/top75/OLS_HC3/cash-medical,1,-0.03515056226469171,-0.08022520467601894,0.009924080146635525,37,top75/OLS_HC3
C/saturated/top75/OLS_HC3/cash-medical,2,-0.06734363836354977,-0.10939220972356445,-0.025295067003535086,37,top75/OLS_HC3
C/saturated/top75/OLS_HC3/food-medical,1,-0.01254976427976092,-0.053954949595753025,0.028855421036231184,38,top75/OLS_HC3
C/saturated/top75/OLS_HC3/food-medical,2,-0.000747551293616297,-0.04217295349268098,0.040677850905448384,38,top75/OLS_HC3
C/saturated/top75/OLS_HC3/restricted-cash,1,0.02887568012481125,-0.013306534404387668,0.07105789465401016,39,top75/OLS_HC3
C/saturated/top75/OLS_HC3/restricted-cash,2,0.06696986271674163,0.0274747152106034,0.10646501022287985,39,top75/OLS_HC3
C/endpoint/top75/OLS_HC3/omnibus,1,0.06659608706993346,0.019588821957802934,0.113603352182064,40,top75/OLS_HC3
C/endpoint/top75/OLS_HC3/omnibus,2,0.06734363836354978,0.0252950670035351,0.10939220972356448,40,top75/OLS_HC3
C/endpoint/top75/OLS_HC3/cash-food,1,-0.06659608706993346,-0.113603352182064,-0.019588821957802934,41,top75/OLS_HC3
C/endpoint/top75/OLS_HC3/cash-medical,1,-0.06734363836354978,-0.10939220972356448,-0.0252950670035351,42,top75/OLS_HC3
C/endpoint/top75/OLS_HC3/food-medical,1,-0.0007475512936163248,-0.04217295349268101,0.040677850905448364,43,top75/OLS_HC3
C/endpoint/top75/OLS_HC3/restricted-cash,1,0.06696986271674163,0.027474715210603393,0.10646501022287987,44,top75/OLS_HC3
Q1/trend/top75/OLS_HC3/omnibus,1,0.026851532247694414,-0.008579172049951348,0.06228223654534018,45,top75/OLS_HC3
Q1/trend/top75/OLS_HC3/omnibus,2,0.030222569076181025,-0.0011263408803351277,0.06157147903269718,45,top75/OLS_HC3
Q1/trend/top75/OLS_HC3/cash-food,1,-0.026851532247694414,-0.06228223654534018,0.008579172049951348,46,top75/OLS_HC3
Q1/trend/top75/OLS_HC3/cash-medical,1,-0.030222569076181025,-0.06157147903269718,0.0011263408803351277,47,top75/OLS_HC3
Q1/trend/top75/OLS_HC3/food-medical,1,-0.00337103682848661,-0.03299222863235546,0.026250154975382238,48,top75/OLS_HC3
Q1/trend/top75/OLS_HC3/restricted-cash,1,0.02853705066193772,-0.001457794399740614,0.058531895723616056,49,top75/OLS_HC3
Q1/saturated/top75/OLS_HC3/omnibus,1,0.03612382722088014,-0.03608262902471741,0.10833028346647769,50,top75/OLS_HC3
Q1/saturated/top75/OLS_HC3/omnibus,2,0.053963061432225554,-0.01673306320696963,0.12465918607142074,50,top75/OLS_HC3
Q1/saturated/top75/OLS_HC3/omnibus,3,0.04834048147905692,-0.017176216280570582,0.11385717923868441,50,top75/OLS_HC3
Q1/saturated/top75/OLS_HC3/omnibus,4,0.0600009088514306,-0.0026388972309261127,0.12264071493378731,50,top75/OLS_HC3
Q1/saturated/top75/OLS_HC3/cash-food,1,-0.03612382722088014,-0.10833028346647769,0.03608262902471741,51,top75/OLS_HC3
Q1/saturated/top75/OLS_HC3/cash-food,2,-0.053963061432225554,-0.12465918607142074,0.01673306320696963,51,top75/OLS_HC3
Q1/saturated/top75/OLS_HC3/cash-medical,1,-0.04834048147905692,-0.11385717923868441,0.017176216280570582,52,top75/OLS_HC3
Q1/saturated/top75/OLS_HC3/cash-medical,2,-0.0600009088514306,-0.12264071493378731,0.0026388972309261127,52,top75/OLS_HC3
Q1/saturated/top75/OLS_HC3/food-medical,1,-0.012216654258176779,-0.0728015221771041,0.048368213660750545,53,top75/OLS_HC3
Q1/saturated/top75/OLS_HC3/food-medical,2,-0.006037847419205045,-0.06525479205093301,0.05317909721252292,53,top75/OLS_HC3
Q1/saturated/top75/OLS_HC3/restricted-cash,1,0.04223215434996853,-0.01969904497031283,0.10416335367024988,54,top75/OLS_HC3
Q1/saturated/top75/OLS_HC3/restricted-cash,2,0.056981985141828076,-0.0028860534066215693,0.11685002369027772,54,top75/OLS_HC3
Q1/endpoint/top75/OLS_HC3/omnibus,1,0.053963061432225665,-0.016733063206969503,0.12465918607142083,55,top75/OLS_HC3
Q1/endpoint/top75/OLS_HC3/omnibus,2,0.06000090885143074,-0.002638897230925988,0.12264071493378746,55,top75/OLS_HC3
Q1/endpoint/top75/OLS_HC3/cash-food,1,-0.053963061432225665,-0.12465918607142083,0.016733063206969503,56,top75/OLS_HC3
Q1/endpoint/top75/OLS_HC3/cash-medical,1,-0.06000090885143074,-0.12264071493378746,0.002638897230925988,57,top75/OLS_HC3
Q1/endpoint/top75/OLS_HC3/food-medical,1,-0.006037847419205072,-0.06525479205093306,0.05317909721252291,58,top75/OLS_HC3
Q1/endpoint/top75/OLS_HC3/restricted-cash,1,0.0569819851418282,-0.0028860534066214374,0.11685002369027783,59,top75/OLS_HC3
Q2/trend/top75/OLS_HC3/omnibus,1,0.03079721319447702,-0.02446704537607068,0.08606147176502472,60,top75/OLS_HC3
Q2/trend/top75/OLS_HC3/omnibus,2,0.03278165328605146,-0.017417920963619084,0.08298122753572201,60,top75/OLS_HC3
Q2/trend/top75/OLS_HC3/cash-food,1,-0.03079721319447702,-0.08606147176502472,0.02446704537607068,61,top75/OLS_HC3
Q2/trend/top75/OLS_HC3/cash-medical,1,-0.03278165328605146,-0.08298122753572201,0.017417920963619084,62,top75/OLS_HC3
Q2/trend/top75/OLS_HC3/food-medical,1,-0.0019844400915744395,-0.04799481741621269,0.04402593723306381,63,top75/OLS_HC3
Q2/trend/top75/OLS_HC3/restricted-cash,1,0.031789433240264245,-0.015727185533711815,0.0793060520142403,64,top75/OLS_HC3
Q2/saturated/top75/OLS_HC3/omnibus,1,0.09692125786816087,-0.025051575894769418,0.21889409163109116,65,top75/OLS_HC3
Q2/saturated/top75/OLS_HC3/omnibus,2,0.06273669430141766,-0.04868126547965003,0.17415465408248537,65,top75/OLS_HC3
Q2/saturated/top75/OLS_HC3/omnibus,3,0.0631019012082447,-0.04417749832646578,0.17038130074295518,65,top75/OLS_HC3
Q2/saturated/top75/OLS_HC3/omnibus,4,0.0680886942514851,-0.033468321893409356,0.16964571039637955,65,top75/OLS_HC3
Q2/saturated/top75/OLS_HC3/cash-food,1,-0.09692125786816087,-0.21889409163109116,0.025051575894769418,66,top75/OLS_HC3
Q2/saturated/top75/OLS_HC3/cash-food,2,-0.06273669430141766,-0.17415465408248537,0.04868126547965003,66,top75/OLS_HC3
Q2/saturated/top75/OLS_HC3/cash-medical,1,-0.0631019012082447,-0.17038130074295518,0.04417749832646578,67,top75/OLS_HC3
Q2/saturated/top75/OLS_HC3/cash-medical,2,-0.0680886942514851,-0.16964571039637955,0.033468321893409356,67,top75/OLS_HC3
Q2/saturated/top75/OLS_HC3/food-medical,1,0.03381935665991617,-0.0679624251177927,0.13560113843762506,68,top75/OLS_HC3
Q2/saturated/top75/OLS_HC3/food-medical,2,-0.0053519999500674376,-0.09734870816022985,0.08664470826009497,68,top75/OLS_HC3
Q2/saturated/top75/OLS_HC3/restricted-cash,1,0.08001157953820279,-0.02296044624978706,0.18298360532619262,69,top75/OLS_HC3
Q2/saturated/top75/OLS_HC3/restricted-cash,2,0.06541269427645138,-0.030754067469167076,0.16157945602206986,69,top75/OLS_HC3
Q2/endpoint/top75/OLS_HC3/omnibus,1,0.06273669430141737,-0.048681265479650085,0.17415465408248482,70,top75/OLS_HC3
Q2/endpoint/top75/OLS_HC3/omnibus,2,0.06808869425148477,-0.03346832189340947,0.169645710396379,70,top75/OLS_HC3
Q2/endpoint/top75/OLS_HC3/cash-food,1,-0.06273669430141737,-0.17415465408248482,0.048681265479650085,71,top75/OLS_HC3
Q2/endpoint/top75/OLS_HC3/cash-medical,1,-0.06808869425148477,-0.169645710396379,0.03346832189340947,72,top75/OLS_HC3
Q2/endpoint/top75/OLS_HC3/food-medical,1,-0.005351999950067396,-0.09734870816022977,0.08664470826009497,73,top75/OLS_HC3
Q2/endpoint/top75/OLS_HC3/restricted-cash,1,0.06541269427645108,-0.030754067469167146,0.1615794560220693,74,top75/OLS_HC3
R/trend/top75/logit/omnibus,1,0.33535790395441817,0.04015116570241051,0.6305646422064258,0,top75/logit
R/trend/top75/logit/omnibus,2,0.3004054295032669,-0.024264242302873384,0.6250751013094071,0,top75/logit
R/trend/top75/logit/cash-food,1,-0.33535790395441817,-0.6305646422064258,-0.04015116570241051,1,top75/logit
R/trend/top75/logit/cash-medical,1,-0.3004054295032669,-0.6250751013094071,0.024264242302873384,2,top75/logit
R/trend/top75/logit/food-medical,1,0.034952474451151294,-0.29467239263519285,0.36457734153749544,3,top75/logit
R/trend/top75/logit/restricted-cash,1,0.31788166672884255,0.05498326658227343,0.5807800668754117,4,top75/logit
R/saturated/top75/logit/omnibus,1,0.09224674173771703,-0.453107935570126,0.6376014190455601,5,top75/logit
R/saturated/top75/logit/omnibus,2,0.7046585939452855,0.11552458907160468,1.2937925988189662,5,top75/logit
R/saturated/top75/logit/omnibus,3,0.31104472213896706,-0.29786926504810063,0.9199587093260347,5,top75/logit
R/saturated/top75/logit/omnibus,4,0.6093707884224381,-0.06113795046399395,1.2798795273088701,5,top75/logit
R/saturated/top75/logit/cash-food,1,-0.09224674173771703,-0.6376014190455601,0.453107935570126,6,top75/logit
R/saturated/top75/logit/cash-food,2,-0.7046585939452855,-1.2937925988189662,-0.11552458907160468,6,top75/logit
R/saturated/top75/logit/cash-medical,1,-0.31104472213896706,-0.9199587093260347,0.29786926504810063,7,top75/logit
R/saturated/top75/logit/cash-medical,2,-0.6093707884224381,-1.2798795273088701,0.06113795046399395,7,top75/logit
R/saturated/top75/logit/food-medical,1,-0.21879798040125004,-0.8526015311488642,0.41500557034636404,8,top75/logit
R/saturated/top75/logit/food-medical,2,0.09528780552284744,-0.5584816309476774,0.7490572419933723,8,top75/logit
R/saturated/top75/logit/restricted-cash,1,0.20164573193834204,-0.2817456712658587,0.6850371351425428,9,top75/logit
R/saturated/top75/logit/restricted-cash,2,0.6570146911838618,0.11712877425784951,1.196900608109874,9,top75/logit
R/endpoint/top75/logit/omnibus,1,0.7046597976874629,0.11552630063517211,1.2937932947397537,10,top75/logit
R/endpoint/top75/logit/omnibus,2,0.6093721710995925,-0.061135946219506576,1.2798802884186915,10,top75/logit
R/endpoint/top75/logit/cash-food,1,-0.7046597976874629,-1.2937932947397537,-0.11552630063517211,11,top75/logit
R/endpoint/top75/logit/cash-medical,1,-0.6093721710995925,-1.2798802884186915,0.061135946219506576,12,top75/logit
R/endpoint/top75/logit/food-medical,1,0.09528762658787038,-0.5584810408274192,0.74905629400316,13,top75/logit
R/endpoint/top75/logit/restricted-cash,1,0.6570159843935277,0.11713049769617134,1.196901471090884,14,top75/logit
A/trend/top75/logit/omnibus,1,0.3432470603189876,0.04680078450286085,0.6396933361351144,15,top75/logit
A/trend/top75/logit/omnibus,2,0.27946783486855936,-0.04593196709814723,0.6048676368352659,15,top75/logit
A/trend/top75/logit/cash-food,1,-0.3432470603189876,-0.6396933361351144,-0.04680078450286085,16,top75/logit
A/trend/top75/logit/cash-medical,1,-0.27946783486855936,-0.6048676368352659,0.04593196709814723,17,top75/logit
A/trend/top75/logit/food-medical,1,0.06377922545042825,-0.2676984181555916,0.3952568690564481,18,top75/logit
A/trend/top75/logit/restricted-cash,1,0.3113574475937735,0.04789330253801527,0.5748215926495317,19,top75/logit
A/saturated/top75/logit/omnibus,1,0.08210285179070166,-0.46612270926006216,0.6303284128414655,20,top75/logit
A/saturated/top75/logit/omnibus,2,0.7211957679572222,0.13108261319673242,1.311308922717712,20,top75/logit
A/saturated/top75/logit/omnibus,3,0.307355843104885,-0.30162206670302055,0.9163337529127906,20,top75/logit
A/saturated/top75/logit/omnibus,4,0.5646676390442659,-0.11030653706330851,1.2396418151518402,20,top75/logit
A/saturated/top75/logit/cash-food,1,-0.08210285179070166,-0.6303284128414655,0.46612270926006216,21,top75/logit
A/saturated/top75/logit/cash-food,2,-0.7211957679572222,-1.311308922717712,-0.13108261319673242,21,top75/logit
A/saturated/top75/logit/cash-medical,1,-0.307355843104885,-0.9163337529127906,0.30162206670302055,22,top75/logit
A/saturated/top75/logit/cash-medical,2,-0.5646676390442659,-1.2396418151518402,0.11030653706330851,22,top75/logit
A/saturated/top75/logit/food-medical,1,-0.22525299131418336,-0.8615054188839391,0.4109994362555723,23,top75/logit
A/saturated/top75/logit/food-medical,2,0.1565281289129563,-0.5025979283482389,0.8156541861741515,23,top75/logit
A/saturated/top75/logit/restricted-cash,1,0.19472934744779333,-0.2895209930937631,0.6789796879893498,24,top75/logit
A/saturated/top75/logit/restricted-cash,2,0.642931703500744,0.10135987347580067,1.1845035335256875,24,top75/logit
A/endpoint/top75/logit/omnibus,1,0.7211973932715621,0.13108470386915738,1.3113100826739668,25,top75/logit
A/endpoint/top75/logit/omnibus,2,0.5646679382542007,-0.11030567089215171,1.239641547400553,25,top75/logit
A/endpoint/top75/logit/cash-food,1,-0.7211973932715621,-1.3113100826739668,-0.13108470386915738,26,top75/logit
A/endpoint/top75/logit/cash-medical,1,-0.5646679382542007,-1.239641547400553,0.11030567089215171,27,top75/logit
A/endpoint/top75/logit/food-medical,1,0.15652945501736137,-0.502595933933738,0.8156548439684608,28,top75/logit
A/endpoint/top75/logit/restricted-cash,1,0.6429326657628813,0.10136123923733853,1.184504092288424,29,top75/logit
C/trend/top75/logit/omnibus,1,0.3923324602086806,0.09071885948194375,0.6939460609354176,30,top75/logit
C/trend/top75/logit/omnibus,2,0.3269935369227575,-0.011125200691388004,0.665112274536903,30,top75/logit
C/trend/top75/logit/cash-food,1,-0.3923324602086806,-0.6939460609354176,-0.09071885948194375,31,top75/logit
C/trend/top75/logit/cash-medical,1,-0.3269935369227575,-0.665112274536903,0.011125200691388004,32,top75/logit
C/trend/top75/logit/food-medical,1,0.06533892328592311,-0.2781929973720832,0.4088708439439294,33,top75/logit
C/trend/top75/logit/restricted-cash,1,0.35966299856571904,0.08921156612946674,0.6301144310019713,34,top75/logit
C/saturated/top75/logit/omnibus,1,0.15106447490197902,-0.40788249677402943,0.7100114465779875,35,top75/logit
C/saturated/top75/logit/omnibus,2,0.8176723326932485,0.21303412275488287,1.422310542631614,35,top75/logit
C/saturated/top75/logit/omnibus,3,0.23492157218436135,-0.39669027346574104,0.8665334178344638,35,top75/logit
C/saturated/top75/logit/omnibus,4,0.6772538366397548,-0.009987007231348155,1.3644946805108578,35,top75/logit
C/saturated/top75/logit/cash-food,1,-0.15106447490197902,-0.7100114465779875,0.40788249677402943,36,top75/logit
C/saturated/top75/logit/cash-food,2,-0.8176723326932485,-1.422310542631614,-0.21303412275488287,36,top75/logit
C/saturated/top75/logit/cash-medical,1,-0.23492157218436135,-0.8665334178344638,0.39669027346574104,37,top75/logit
C/saturated/top75/logit/cash-medical,2,-0.6772538366397548,-1.3644946805108578,0.009987007231348155,37,top75/logit
C/saturated/top75/logit/food-medical,1,-0.08385709728238233,-0.7443937045464261,0.5766795099816614,38,top75/logit
C/saturated/top75/logit/food-medical,2,0.14041849605349366,-0.5294150059807916,0.8102519980877789,38,top75/logit
C/saturated/top75/logit/restricted-cash,1,0.1929930235431702,-0.3035958083607312,0.6895818554470716,39,top75/logit
C/saturated/top75/logit/restricted-cash,2,0.7474630846665016,0.19359086015150595,1.3013353091814972,39,top75/logit
C/endpoint/top75/logit/omnibus,1,0.8176726582645154,0.21303538394029575,1.422309932588735,40,top75/logit
C/endpoint/top75/logit/omnibus,2,0.6772547518555057,-0.009985002259647713,1.364494505970659,40,top75/logit
C/endpoint/top75/logit/cash-food,1,-0.8176726582645154,-1.422309932588735,-0.21303538394029575,41,top75/logit
C/endpoint/top75/logit/cash-medical,1,-0.6772547518555057,-1.364494505970659,0.009985002259647713,42,top75/logit
C/endpoint/top75/logit/food-medical,1,0.14041790640900975,-0.5294144351367388,0.8102502479547583,43,top75/logit
C/endpoint/top75/logit/restricted-cash,1,0.7474637050600106,0.19359231644702757,1.3013350936729937,44,top75/logit
Q1/trend/top75/logit/omnibus,1,0.25665440009261564,-0.1293268053749348,0.6426356055601661,45,top75/logit
Q1/trend/top75/logit/omnibus,2,0.17868678283658992,-0.2708988735800453,0.6282724392532252,45,top75/logit
Q1/trend/top75/logit/cash-food,1,-0.25665440009261564,-0.6426356055601661,0.1293268053749348,46,top75/logit
Q1/trend/top75/logit/cash-medical,1,-0.17868678283658992,-0.6282724392532252,0.2708988735800453,47,top75/logit
Q1/trend/top75/logit/food-medical,1,0.07796761725602572,-0.37336901350066065,0.5293042480127121,48,top75/logit
Q1/trend/top75/logit/restricted-cash,1,0.21767059146460277,-0.13535658617074686,0.5706977690999524,49,top75/logit
Q1/saturated/top75/logit/omnibus,1,0.273044715592879,-0.4454578430377024,0.9915472742234605,50,top75/logit
Q1/saturated/top75/logit/omnibus,2,0.49635076527966066,-0.2595621530832793,1.2522636836426007,50,top75/logit
Q1/saturated/top75/logit/omnibus,3,0.28987357753452225,-0.5574690700285911,1.1372162250976356,50,top75/logit
Q1/saturated/top75/logit/omnibus,4,0.32551665427978566,-0.5681593660215729,1.219192674581144,50,top75/logit
Q1/saturated/top75/logit/cash-food,1,-0.273044715592879,-0.9915472742234605,0.4454578430377024,51,top75/logit
Q1/saturated/top75/logit/cash-food,2,-0.49635076527966066,-1.2522636836426007,0.2595621530832793,51,top75/logit
Q1/saturated/top75/logit/cash-medical,1,-0.28987357753452225,-1.1372162250976356,0.5574690700285911,52,top75/logit
Q1/saturated/top75/logit/cash-medical,2,-0.32551665427978566,-1.219192674581144,0.5681593660215729,52,top75/logit
Q1/saturated/top75/logit/food-medical,1,-0.016828861941643236,-0.8836769722611324,0.8500192483778459,53,top75/logit
Q1/saturated/top75/logit/food-medical,2,0.170834110999875,-0.7250238900101434,1.0666921120098936,53,top75/logit
Q1/saturated/top75/logit/restricted-cash,1,0.28145914656370064,-0.3737212354517121,0.9366395285791134,54,top75/logit
Q1/saturated/top75/logit/restricted-cash,2,0.41093370977972316,-0.2850477520505535,1.1069151716099999,54,top75/logit
Q1/endpoint/top75/logit/omnibus,1,0.49635113357806376,-0.25954607638275934,1.252248343538887,55,top75/logit
Q1/endpoint/top75/logit/omnibus,2,0.3255169697984124,-0.5681404255181504,1.2191743651149751,55,top75/logit
Q1/endpoint/top75/logit/cash-food,1,-0.49635113357806376,-1.252248343538887,0.25954607638275934,56,top75/logit
Q1/endpoint/top75/logit/cash-medical,1,-0.3255169697984124,-1.2191743651149751,0.5681404255181504,57,top75/logit
Q1/endpoint/top75/logit/food-medical,1,0.17083416377965138,-0.7250051445271759,1.0666734720864786,58,top75/logit
Q1/endpoint/top75/logit/restricted-cash,1,0.41093405168823804,-0.2850329371397927,1.1069010405162687,59,top75/logit
Q2/trend/top75/logit/omnibus,1,0.27615635703944597,-0.22833787536931394,0.7806505894482059,60,top75/logit
Q2/trend/top75/logit/omnibus,2,0.12147612191280935,-0.5498191928870503,0.7927714367126689,60,top75/logit
Q2/trend/top75/logit/cash-food,1,-0.27615635703944597,-0.7806505894482059,0.22833787536931394,61,top75/logit
Q2/trend/top75/logit/cash-medical,1,-0.12147612191280935,-0.7927714367126689,0.5498191928870503,62,top75/logit
Q2/trend/top75/logit/food-medical,1,0.15468023512663662,-0.4966879664720023,0.8060484367252756,63,top75/logit
Q2/trend/top75/logit/restricted-cash,1,0.19881623947612764,-0.2976772464725924,0.6953097254248477,64,top75/logit
Q2/saturated/top75/logit/omnibus,1,0.7793637857405848,-0.21229640306348263,1.7710239745446523,65,top75/logit
Q2/saturated/top75/logit/omnibus,2,0.4834945066938905,-0.5430452370109662,1.5100342503987472,65,top75/logit
Q2/saturated/top75/logit/omnibus,3,0.3245967767380508,-0.9264495159407371,1.5756430694168388,65,top75/logit
Q2/saturated/top75/logit/omnibus,4,0.21747447278933937,-1.1169602543741752,1.551909199952854,65,top75/logit
Q2/saturated/top75/logit/cash-food,1,-0.7793637857405848,-1.7710239745446523,0.21229640306348263,66,top75/logit
Q2/saturated/top75/logit/cash-food,2,-0.4834945066938905,-1.5100342503987472,0.5430452370109662,66,top75/logit
Q2/saturated/top75/logit/cash-medical,1,-0.3245967767380508,-1.5756430694168388,0.9264495159407371,67,top75/logit
Q2/saturated/top75/logit/cash-medical,2,-0.21747447278933937,-1.551909199952854,1.1169602543741752,67,top75/logit
Q2/saturated/top75/logit/food-medical,1,0.45476700900253403,-0.7745915337786313,1.6841255517836993,68,top75/logit
Q2/saturated/top75/logit/food-medical,2,0.2660200339045511,-1.079314883716568,1.6113549515256702,68,top75/logit
Q2/saturated/top75/logit/restricted-cash,1,0.5519802812393179,-0.3948157747119474,1.4987763371905831,69,top75/logit
Q2/saturated/top75/logit/restricted-cash,2,0.35048448974161495,-0.6317417739523173,1.3327107534355473,69,top75/logit
Q2/endpoint/top75/logit/omnibus,1,0.48349479906418913,-0.542957680807689,1.5099472789360673,70,top75/logit
Q2/endpoint/top75/logit/omnibus,2,0.21747390370986083,-1.116847687948628,1.5517954953683495,70,top75/logit
Q2/endpoint/top75/logit/cash-food,1,-0.48349479906418913,-1.5099472789360673,0.542957680807689,71,top75/logit
Q2/endpoint/top75/logit/cash-medical,1,-0.21747390370986083,-1.5517954953683495,1.116847687948628,72,top75/logit
Q2/endpoint/top75/logit/food-medical,1,0.26602089535432827,-1.0791999589102033,1.61124174961886,73,top75/logit
Q2/endpoint/top75/logit/restricted-cash,1,0.350484351387025,-0.6316585175549312,1.332627220328981,74,top75/logit
R/trend/top75/probit/omnibus,1,0.1713909882326842,0.025219495169365308,0.31756248129600306,0,top75/probit
R/trend/top75/probit/omnibus,2,0.15994821647479773,0.004912395063998765,0.3149840378855967,0,top75/probit
R/trend/top75/probit/cash-food,1,-0.1713909882326842,-0.31756248129600306,-0.025219495169365308,1,top75/probit
R/trend/top75/probit/cash-medical,1,-0.15994821647479773,-0.3149840378855967,-0.004912395063998765,2,top75/probit
R/trend/top75/probit/food-medical,1,0.011442771757886466,-0.14490836172207133,0.16779390523784427,3,top75/probit
R/trend/top75/probit/restricted-cash,1,0.16566960235374095,0.03686864576830398,0.29447055893917795,4,top75/probit
R/saturated/top75/probit/omnibus,1,0.055843795472694024,-0.22031842820430475,0.3320060191496928,5,top75/probit
R/saturated/top75/probit/omnibus,2,0.35237823912795596,0.06199942586532453,0.6427570523905874,5,top75/probit
R/saturated/top75/probit/omnibus,3,0.1695362832531949,-0.12671367676093956,0.4657862432673293,5,top75/probit
R/saturated/top75/probit/omnibus,4,0.3212513024191781,0.005934190153723318,0.6365684146846329,5,top75/probit
R/saturated/top75/probit/cash-food,1,-0.055843795472694024,-0.3320060191496928,0.22031842820430475,6,top75/probit
R/saturated/top75/probit/cash-food,2,-0.35237823912795596,-0.6427570523905874,-0.06199942586532453,6,top75/probit
R/saturated/top75/probit/cash-medical,1,-0.1695362832531949,-0.4657862432673293,0.12671367676093956,7,top75/probit
R/saturated/top75/probit/cash-medical,2,-0.3212513024191781,-0.6365684146846329,-0.005934190153723318,7,top75/probit
R/saturated/top75/probit/food-medical,1,-0.11369248778050087,-0.4181722110066757,0.19078723544567391,8,top75/probit
R/saturated/top75/probit/food-medical,2,0.031126936708777864,-0.27906105651294993,0.34131492993050566,8,top75/probit
R/saturated/top75/probit/restricted-cash,1,0.11269003936294446,-0.1298750670174426,0.3552551457433315,9,top75/probit
R/saturated/top75/probit/restricted-cash,2,0.33681477077356703,0.076395454180329,0.597234087366805,9,top75/probit
R/endpoint/top75/probit/omnibus,1,0.35237863767218447,0.062000139700913004,0.6427571356434559,10,top75/probit
R/endpoint/top75/probit/omnibus,2,0.32125146245359776,0.005934707423303098,0.6365682174838925,10,top75/probit
R/endpoint/top75/probit/cash-food,1,-0.35237863767218447,-0.6427571356434559,-0.062000139700913004,11,top75/probit
R/endpoint/top75/probit/cash-medical,1,-0.32125146245359776,-0.6365682174838925,-0.005934707423303098,12,top75/probit
R/endpoint/top75/probit/food-medical,1,0.03112717521858671,-0.2790604432815304,0.3413147937187038,13,top75/probit
R/endpoint/top75/probit/restricted-cash,1,0.33681505006289114,0.07639601393889783,0.5972340861868844,14,top75/probit
A/trend/top75/probit/omnibus,1,0.1755957437440379,0.02894164817124331,0.3222498393168325,15,top75/probit
A/trend/top75/probit/omnibus,2,0.15037195662407482,-0.004972972259872005,0.3057168855080217,15,top75/probit
A/trend/top75/probit/cash-food,1,-0.1755957437440379,-0.3222498393168325,-0.02894164817124331,16,top75/probit
A/trend/top75/probit/cash-medical,1,-0.15037195662407482,-0.3057168855080217,0.004972972259872005,17,top75/probit
A/trend/top75/probit/food-medical,1,0.025223787119963093,-0.13180048356366236,0.18224805780358855,18,top75/probit
A/trend/top75/probit/restricted-cash,1,0.16298385018405637,0.03392735114900075,0.292040349219112,19,top75/probit
A/saturated/top75/probit/omnibus,1,0.05135744800403723,-0.22583900113258837,0.32855389714066285,20,top75/probit
A/saturated/top75/probit/omnibus,2,0.36111050603633954,0.07019218712804498,0.6520288249446341,20,top75/probit
A/saturated/top75/probit/omnibus,3,0.16772379468402893,-0.12867032808284834,0.4641179174509062,20,top75/probit
A/saturated/top75/probit/omnibus,4,0.3013037424645047,-0.015511718845262201,0.6181192037742715,20,top75/probit
A/saturated/top75/probit/cash-food,1,-0.05135744800403723,-0.32855389714066285,0.22583900113258837,21,top75/probit
A/saturated/top75/probit/cash-food,2,-0.36111050603633954,-0.6520288249446341,-0.07019218712804498,21,top75/probit
A/saturated/top75/probit/cash-medical,1,-0.16772379468402893,-0.4641179174509062,0.12867032808284834,22,top75/probit
A/saturated/top75/probit/cash-medical,2,-0.3013037424645047,-0.6181192037742715,0.015511718845262201,22,top75/probit
A/saturated/top75/probit/food-medical,1,-0.1163663466799917,-0.4217465286391847,0.18901383527920135,23,top75/probit
A/saturated/top75/probit/food-medical,2,0.05980676357183484,-0.2521446976198049,0.3717582247634746,23,top75/probit
A/saturated/top75/probit/restricted-cash,1,0.10954062134403308,-0.1334190663183296,0.35250030900639573,24,top75/probit
A/saturated/top75/probit/restricted-cash,2,0.3312071242504221,0.0701049912339059,0.5923092572669383,24,top75/probit
A/endpoint/top75/probit/omnibus,1,0.3611106723472576,0.07019262954179317,0.652028715152722,25,top75/probit
A/endpoint/top75/probit/omnibus,2,0.3013041505790713,-0.015510991309354405,0.618119292467497,25,top75/probit
A/endpoint/top75/probit/cash-food,1,-0.3611106723472576,-0.652028715152722,-0.07019262954179317,26,top75/probit
A/endpoint/top75/probit/cash-medical,1,-0.3013041505790713,-0.618119292467497,0.015510991309354405,27,top75/probit
A/endpoint/top75/probit/food-medical,1,0.059806521768186294,-0.25214460406130845,0.37175764759768104,28,top75/probit
A/endpoint/top75/probit/restricted-cash,1,0.33120741146316446,0.07010552588360697,0.592309297042722,29,top75/probit
C/trend/top75/probit/omnibus,1,0.20049583992771824,0.05070624192988765,0.35028543792554884,30,top75/probit
C/trend/top75/probit/omnibus,2,0.1746584325180557,0.01387672182084504,0.3354401432152664,30,top75/probit
C/trend/top75/probit/cash-food,1,-0.20049583992771824,-0.35028543792554884,-0.05070624192988765,31,top75/probit
C/trend/top75/probit/cash-medical,1,-0.1746584325180557,-0.3354401432152664,-0.01387672182084504,32,top75/probit
C/trend/top75/probit/food-medical,1,0.025837407409662533,-0.13651526916169943,0.1881900839810245,33,top75/probit
C/trend/top75/probit/restricted-cash,1,0.18757713622288696,0.05508470932962897,0.320069563116145,34,top75/probit
C/saturated/top75/probit/omnibus,1,0.0865576830134471,-0.19703179569256377,0.37014716171945794,35,top75/probit
C/saturated/top75/probit/omnibus,2,0.4101784971534795,0.11176820139475047,0.7085887929122086,35,top75/probit
C/saturated/top75/probit/omnibus,3,0.13612235984745058,-0.16995720294485916,0.4422019226397603,35,top75/probit
C/saturated/top75/probit/omnibus,4,0.35505723320352006,0.031351272872331304,0.6787631935347088,35,top75/probit
C/saturated/top75/probit/cash-food,1,-0.0865576830134471,-0.37014716171945794,0.19703179569256377,36,top75/probit
C/saturated/top75/probit/cash-food,2,-0.4101784971534795,-0.7085887929122086,-0.11176820139475047,36,top75/probit
C/saturated/top75/probit/cash-medical,1,-0.13612235984745058,-0.4422019226397603,0.16995720294485916,37,top75/probit
C/saturated/top75/probit/cash-medical,2,-0.35505723320352006,-0.6787631935347088,-0.031351272872331304,37,top75/probit
C/saturated/top75/probit/food-medical,1,-0.04956467683400348,-0.3656029625146354,0.2664736088466284,38,top75/probit
C/saturated/top75/probit/food-medical,2,0.05512126394995942,-0.2635581898676671,0.37380071776758594,38,top75/probit
C/saturated/top75/probit/restricted-cash,1,0.11134002143044884,-0.13782618031439264,0.36050622317529035,39,top75/probit
C/saturated/top75/probit/restricted-cash,2,0.38261786517849977,0.11517071504786286,0.6500650153091367,39,top75/probit
C/endpoint/top75/probit/omnibus,1,0.4101786242622312,0.11176880256138011,0.7085884459630822,40,top75/probit
C/endpoint/top75/probit/omnibus,2,0.3550576024134191,0.031352174495366314,0.6787630303314719,40,top75/probit
C/endpoint/top75/probit/cash-food,1,-0.4101786242622312,-0.7085884459630822,-0.11176880256138011,41,top75/probit
C/endpoint/top75/probit/cash-medical,1,-0.3550576024134191,-0.6787630303314719,-0.031352174495366314,42,top75/probit
C/endpoint/top75/probit/food-medical,1,0.05512102184881207,-0.2635578844031164,0.37379992810074053,43,top75/probit
C/endpoint/top75/probit/restricted-cash,1,0.38261811333782514,0.11517138676767191,0.6500648399079784,44,top75/probit
Q1/trend/top75/probit/omnibus,1,0.13431861940436476,-0.062441467950225094,0.3310787067589546,45,top75/probit
Q1/trend/top75/probit/omnibus,2,0.1067126610451555,-0.10923146944245118,0.32265679153276217,45,top75/probit
Q1/trend/top75/probit/cash-food,1,-0.13431861940436476,-0.3310787067589546,0.062441467950225094,46,top75/probit
Q1/trend/top75/probit/cash-medical,1,-0.1067126610451555,-0.32265679153276217,0.10923146944245118,47,top75/probit
Q1/trend/top75/probit/food-medical,1,0.02760595835920926,-0.18820658879201793,0.24341850551043645,48,top75/probit
Q1/trend/top75/probit/restricted-cash,1,0.12051564022476013,-0.05563610077413547,0.29666738122365577,49,top75/probit
Q1/saturated/top75/probit/omnibus,1,0.1507160910087913,-0.22321689383493387,0.5246490758525164,50,top75/probit
Q1/saturated/top75/probit/omnibus,2,0.2628169697134265,-0.12422764777342726,0.6498615872002802,50,top75/probit
Q1/saturated/top75/probit/omnibus,3,0.1719223343562256,-0.24298897331778638,0.5868336420302376,50,top75/probit
Q1/saturated/top75/probit/omnibus,4,0.20146544389437235,-0.2267743607011187,0.6297052484898634,50,top75/probit
Q1/saturated/top75/probit/cash-food,1,-0.1507160910087913,-0.5246490758525164,0.22321689383493387,51,top75/probit
Q1/saturated/top75/probit/cash-food,2,-0.2628169697134265,-0.6498615872002802,0.12422764777342726,51,top75/probit
Q1/saturated/top75/probit/cash-medical,1,-0.1719223343562256,-0.5868336420302376,0.24298897331778638,52,top75/probit
Q1/saturated/top75/probit/cash-medical,2,-0.20146544389437235,-0.6297052484898634,0.2267743607011187,52,top75/probit
Q1/saturated/top75/probit/food-medical,1,-0.02120624334743429,-0.4420325171908469,0.3996200304959783,53,top75/probit
Q1/saturated/top75/probit/food-medical,2,0.06135152581905415,-0.3671537376006243,0.48985678923873266,53,top75/probit
Q1/saturated/top75/probit/restricted-cash,1,0.16131921268250843,-0.172918647240205,0.49555707260522186,54,top75/probit
Q1/saturated/top75/probit/restricted-cash,2,0.23214120680389944,-0.11526668442508897,0.5795490980328879,54,top75/probit
Q1/endpoint/top75/probit/omnibus,1,0.26281688526722446,-0.12421966878060842,0.6498534393150573,55,top75/probit
Q1/endpoint/top75/probit/omnibus,2,0.20146570268229996,-0.22676517651401118,0.6296965818786111,55,top75/probit
Q1/endpoint/top75/probit/cash-food,1,-0.26281688526722446,-0.6498534393150573,0.12421966878060842,56,top75/probit
Q1/endpoint/top75/probit/cash-medical,1,-0.20146570268229996,-0.6296965818786111,0.22676517651401118,57,top75/probit
Q1/endpoint/top75/probit/food-medical,1,0.0613511825849245,-0.3671451410225198,0.48984750619236883,58,top75/probit
Q1/endpoint/top75/probit/restricted-cash,1,0.23214129397476221,-0.11525936117280575,0.5795419491223301,59,top75/probit
Q2/trend/top75/probit/omnibus,1,0.14374276215349527,-0.12355316603182734,0.4110386903388179,60,top75/probit
Q2/trend/top75/probit/omnibus,2,0.08415069571124405,-0.24021188573822438,0.4085132771607125,60,top75/probit
Q2/trend/top75/probit/cash-food,1,-0.14374276215349527,-0.4110386903388179,0.12355316603182734,61,top75/probit
Q2/trend/top75/probit/cash-medical,1,-0.08415069571124405,-0.4085132771607125,0.24021188573822438,62,top75/probit
Q2/trend/top75/probit/food-medical,1,0.05959206644225122,-0.2556468046952554,0.3748309375797579,63,top75/probit
Q2/trend/top75/probit/restricted-cash,1,0.11394672893236965,-0.13801599105909199,0.36590944892383126,64,top75/probit
Q2/saturated/top75/probit/omnibus,1,0.423783584057163,-0.11226605228646569,0.9598332204007917,65,top75/probit
Q2/saturated/top75/probit/omnibus,2,0.2649135746371056,-0.2745298163072049,0.804356965581416,65,top75/probit
Q2/saturated/top75/probit/omnibus,3,0.19979813584908962,-0.4215496604036059,0.8211459321017851,65,top75/probit
Q2/saturated/top75/probit/omnibus,4,0.16337681661817965,-0.4790734281595784,0.8058270613959377,65,top75/probit
Q2/saturated/top75/probit/cash-food,1,-0.423783584057163,-0.9598332204007917,0.11226605228646569,66,top75/probit
Q2/saturated/top75/probit/cash-food,2,-0.2649135746371056,-0.804356965581416,0.2745298163072049,66,top75/probit
Q2/saturated/top75/probit/cash-medical,1,-0.19979813584908962,-0.8211459321017851,0.4215496604036059,67,top75/probit
Q2/saturated/top75/probit/cash-medical,2,-0.16337681661817965,-0.8058270613959377,0.4790734281595784,67,top75/probit
Q2/saturated/top75/probit/food-medical,1,0.22398544820807337,-0.3852500661435722,0.8332209625597189,68,top75/probit
Q2/saturated/top75/probit/food-medical,2,0.10153675801892592,-0.5421047287101154,0.7451782447479672,68,top75/probit
Q2/saturated/top75/probit/restricted-cash,1,0.3117908599531263,-0.18209087718571587,0.8056725970919685,69,top75/probit
Q2/saturated/top75/probit/restricted-cash,2,0.21414519562764261,-0.28415406552428407,0.7124444567795694,69,top75/probit
Q2/endpoint/top75/probit/omnibus,1,0.2649134417793051,-0.27448403336132565,0.8043109169199358,70,top75/probit
Q2/endpoint/top75/probit/omnibus,2,0.16337644962662726,-0.47901930110112967,0.8057722003543841,70,top75/probit
Q2/endpoint/top75/probit/cash-food,1,-0.2649134417793051,-0.8043109169199358,0.27448403336132565,71,top75/probit
Q2/endpoint/top75/probit/cash-medical,1,-0.16337644962662726,-0.8057722003543841,0.47901930110112967,72,top75/probit
Q2/endpoint/top75/probit/food-medical,1,0.10153699215267784,-0.5420499006440377,0.7451238849493934,73,top75/probit
Q2/endpoint/top75/probit/restricted-cash,1,0.21414494570296616,-0.28411196215245954,0.7124018535583918,74,top75/probit
