spec_id,sample,representation,outcome,model,contrast,N,df,estimate,se,lo,hi,profile,profile_lo,profile_hi,statistic,wald,p,scale,status,failure_reason,estimand,global_maxT_p,holm_p
R/trend/ordinal/OLS_HC3/omnibus,R,trend,ordinal,OLS_HC3,omnibus,5497,2,,,,,"[0.037316496882475715, 0.14510039396328137]","[-0.08824308615969281, 0.023390435242968452]","[0.16287607992464423, 0.26681035268359427]",2.449160743534604,5.998388347670975,0.049827204259313,response units,ok,,per-fivefold amount slope difference,0.871625674865027,1.0
R/trend/ordinal/OLS_HC3/cash-food,R,trend,ordinal,OLS_HC3,cash-food,5497,1,-0.037316496882475715,0.06406101175620843,-0.16287607992464423,0.08824308615969281,[-0.037316496882475715],[-0.16287607992464423],[0.08824308615969281],0.5825149472269958,0.3393236637428697,0.5602198763890827,response units,ok,,per-fivefold amount slope difference,1.0,1.0
R/trend/ordinal/OLS_HC3/cash-medical,R,trend,ordinal,OLS_HC3,cash-medical,5497,1,-0.14510039396328137,0.062096917714445365,-0.26681035268359427,-0.023390435242968452,[-0.14510039396328137],[-0.26681035268359427],[-0.023390435242968452],2.336676268386301,5.460055983239728,0.01945602341207705,response units,ok,,per-fivefold amount slope difference,0.9182163567286543,1.0
R/trend/ordinal/OLS_HC3/food-medical,R,trend,ordinal,OLS_HC3,food-medical,5497,1,-0.10778389708080566,0.06196325463405473,-0.22923187616355292,0.013664082001941608,[-0.10778389708080566],[-0.22923187616355292],[0.013664082001941608],1.739480886169722,3.0257937533498014,0.08195021144194115,response units,ok,,per-fivefold amount slope difference,0.9992001599680064,1.0
R/trend/ordinal/OLS_HC3/restricted-cash,R,trend,ordinal,OLS_HC3,restricted-cash,5497,1,0.09120844542287854,0.05495506325372267,-0.016503478554417902,0.198920369400175,[0.09120844542287854],[-0.016503478554417902],[0.198920369400175],1.6596913918882634,2.7545755163080012,0.09697655197600101,response units,ok,,per-fivefold amount slope difference,0.9996000799840032,1.0
R/trend/ordinal/ordered_logit/omnibus,R,trend,ordinal,ordered_logit,omnibus,5497,2,,,,,"[0.021769207514473962, 0.15117320862346717]","[-0.12083172406399235, 0.00853086329578917]","[0.1643701390929403, 0.29381555395114517]",2.238535187992146,5.0110397878790325,0.08163314637301868,latent location index,ok,,per-fivefold amount slope difference,0.9534093181363728,1.0
R/trend/ordinal/ordered_logit/cash-food,R,trend,ordinal,ordered_logit,cash-food,5497,1,-0.021769207514473962,0.0727555773359522,-0.1643701390929403,0.12083172406399235,[-0.021769207514473962],[-0.1643701390929403],[0.12083172406399235],0.2992101542120084,0.08952671638357386,0.7647797020637097,latent location index,ok,,per-fivefold amount slope difference,1.0,1.0
R/trend/ordinal/ordered_logit/cash-medical,R,trend,ordinal,ordered_logit,cash-medical,5497,1,-0.15117320862346717,0.07277670679983572,-0.29381555395114517,-0.00853086329578917,[-0.15117320862346717],[-0.29381555395114517],[-0.00853086329578917],2.0772196939228422,4.3148416568209065,0.037781287003962244,latent location index,ok,,per-fivefold amount slope difference,0.9830033993201359,1.0
R/trend/ordinal/ordered_logit/food-medical,R,trend,ordinal,ordered_logit,food-medical,5497,1,-0.1294040011089932,0.07324312472335626,-0.2729605255667714,0.014152523348785057,[-0.1294040011089932],[-0.2729605255667714],[0.014152523348785057],1.766773353782488,3.1214880836358203,0.07726619292166399,latent location index,ok,,per-fivefold amount slope difference,0.9992001599680064,1.0
R/trend/ordinal/ordered_logit/restricted-cash,R,trend,ordinal,ordered_logit,restricted-cash,5497,1,0.08647120806897057,0.06287903238161516,-0.036771695398995136,0.20971411153693628,[0.08647120806897057],[-0.036771695398995136],[0.20971411153693628],1.3751994073982188,1.8911734101084121,0.16906963199243466,latent location index,ok,,per-fivefold amount slope difference,1.0,1.0
R/trend/ordinal/ordered_probit/omnibus,R,trend,ordinal,ordered_probit,omnibus,5497,2,,,,,"[0.025641976251161908, 0.09406085011953262]","[-0.05911597015145453, 0.009729485205898974]","[0.11039992265377835, 0.17839221503316627]",2.256230275459067,5.090575055898098,0.07845049202849291,latent location index,ok,,per-fivefold amount slope difference,0.9478104379124175,1.0
R/trend/ordinal/ordered_probit/cash-food,R,trend,ordinal,ordered_probit,cash-food,5497,1,-0.025641976251161908,0.04324385020541655,-0.11039992265377835,0.05911597015145453,[-0.025641976251161908],[-0.11039992265377835],[0.05911597015145453],0.5929623779880289,0.35160438170921804,0.5532063306079948,latent location index,ok,,per-fivefold amount slope difference,1.0,1.0
R/trend/ordinal/ordered_probit/cash-medical,R,trend,ordinal,ordered_probit,cash-medical,5497,1,-0.09406085011953262,0.0430262065885886,-0.17839221503316627,-0.009729485205898974,[-0.09406085011953262],[-0.17839221503316627],[-0.009729485205898974],2.186129282065954,4.779161237906203,0.028806148226834593,latent location index,ok,,per-fivefold amount slope difference,0.9666066786642672,1.0
R/trend/ordinal/ordered_probit/food-medical,R,trend,ordinal,ordered_probit,food-medical,5497,1,-0.06841887386837071,0.043424076276625936,-0.15353006337055755,0.016692315633816124,[-0.06841887386837071],[-0.15353006337055755],[0.016692315633816124],1.575597680708728,2.482508051454723,0.11511855098576135,latent location index,ok,,per-fivefold amount slope difference,1.0,1.0
R/trend/ordinal/ordered_probit/restricted-cash,R,trend,ordinal,ordered_probit,restricted-cash,5497,1,0.059851413185347264,0.037272374714748834,-0.01320244125556045,0.13290526762625499,[0.059851413185347264],[-0.01320244125556045],[0.13290526762625499],1.6057848109598396,2.5785448591093276,0.10832119908040705,latent location index,ok,,per-fivefold amount slope difference,0.9998000399920016,1.0
R/trend/ordinal/ordered_location_scale/omnibus,R,trend,ordinal,ordered_location_scale,omnibus,5497,2,,,,,"[0.019915100433219327, 0.08700024162120862]","[-0.06587484197116253, 0.000937002035300491]","[0.10570504283760118, 0.17306348120711673]",2.0683202967585643,4.277948849983436,0.11777556878446653,latent location index,ok,,per-fivefold amount slope difference,0.9846030793841232,1.0
R/trend/ordinal/ordered_location_scale/cash-food,R,trend,ordinal,ordered_location_scale,cash-food,5497,1,-0.019915100433219327,0.043770378777745846,-0.10570504283760118,0.06587484197116253,[-0.019915100433219327],[-0.10570504283760118],[0.06587484197116253],0.4549903608178221,0.20701622843713197,0.6491161735138018,latent location index,ok,,per-fivefold amount slope difference,1.0,1.0
R/trend/ordinal/ordered_location_scale/cash-medical,R,trend,ordinal,ordered_location_scale,cash-medical,5497,1,-0.08700024162120862,0.04390981611525925,-0.17306348120711673,-0.000937002035300491,[-0.08700024162120862],[-0.17306348120711673],[-0.000937002035300491],1.981339238425434,3.925705177724279,0.04755324282694085,latent location index,ok,,per-fivefold amount slope difference,0.9916016796640672,1.0
R/trend/ordinal/ordered_location_scale/food-medical,R,trend,ordinal,ordered_location_scale,food-medical,5497,1,-0.06708514118798929,0.044248313735241414,-0.15381183610906246,0.019641553733083877,[-0.06708514118798929],[-0.15381183610906246],[0.019641553733083877],1.51610616371488,2.2985778996542505,0.12949251001086748,latent location index,ok,,per-fivefold amount slope difference,1.0,1.0
R/trend/ordinal/ordered_location_scale/restricted-cash,R,trend,ordinal,ordered_location_scale,restricted-cash,5497,1,0.05345767102721397,0.03784812660764762,-0.020724657123775365,0.12763999917820332,[0.05345767102721397],[-0.020724657123775365],[0.12763999917820332],1.4124258138687442,1.9949466796827844,0.15782462014385293,latent location index,ok,,per-fivefold amount slope difference,1.0,1.0
R/trend/midpoint/OLS_HC3/omnibus,R,trend,midpoint,OLS_HC3,omnibus,5497,2,,,,,"[0.009205989884387937, 0.027049549020777306]","[-0.012117744010860977, 0.006895561837963807]","[0.03052972377963685, 0.0472035362035908]",2.7148620118548052,7.370475743412321,0.02509120552562259,response units,ok,,per-fivefold amount slope difference,0.7104579084183164,1.0
R/trend/midpoint/OLS_HC3/cash-food,R,trend,midpoint,OLS_HC3,cash-food,5497,1,-0.009205989884387937,0.010879456069004548,-0.03052972377963685,0.012117744010860977,[-0.009205989884387937],[-0.03052972377963685],[0.012117744010860977],0.8461810798258291,0.7160224198552062,0.39745173503081843,response units,ok,,per-fivefold amount slope difference,1.0,1.0
R/trend/midpoint/OLS_HC3/cash-medical,R,trend,midpoint,OLS_HC3,cash-medical,5497,1,-0.027049549020777306,0.010282646521843622,-0.0472035362035908,-0.006895561837963807,[-0.027049549020777306],[-0.0472035362035908],[-0.006895561837963807],2.630601855593833,6.920066122653718,0.008523382437838956,response units,ok,,per-fivefold amount slope difference,0.7698460307938413,1.0
R/trend/midpoint/OLS_HC3/food-medical,R,trend,midpoint,OLS_HC3,food-medical,5497,1,-0.017843559136389367,0.010196546598115268,-0.03782879046869529,0.002141672195916558,[-0.017843559136389367],[-0.03782879046869529],[0.002141672195916558],1.749961025008955,3.0623635890503924,0.0801250392724495,response units,ok,,per-fivefold amount slope difference,0.9992001599680064,1.0
R/trend/midpoint/OLS_HC3/restricted-cash,R,trend,midpoint,OLS_HC3,restricted-cash,5497,1,0.018127769452582623,0.009276599662236552,-5.4365885401020525e-05,0.03630990479056627,[0.018127769452582623],[-5.4365885401020525e-05],[0.03630990479056627],1.9541394597826254,3.818661028279531,0.05068472658633117,response units,ok,,per-fivefold amount slope difference,0.9928014397120576,1.0
R/trend/any_spending/OLS_HC3/omnibus,R,trend,any_spending,OLS_HC3,omnibus,5497,2,,,,,"[0.004970373937602378, 0.015332840106220493]","[-0.031195567464502152, -0.021465884006262682]","[0.04113631533970691, 0.052131564218703665]",0.828116390518352,0.6857767562451436,0.709717427130691,response units,ok,,per-fivefold amount slope difference,1.0,1.0
R/trend/any_spending/OLS_HC3/cash-food,R,trend,any_spending,OLS_HC3,cash-food,5497,1,-0.004970373937602378,0.018452010919441087,-0.04113631533970691,0.031195567464502152,[-0.004970373937602378],[-0.04113631533970691],[0.031195567464502152],0.26936760222516337,0.07255890512853384,0.7876468147319684,response units,ok,,per-fivefold amount slope difference,1.0,1.0
R/trend/any_spending/OLS_HC3/cash-medical,R,trend,any_spending,OLS_HC3,cash-medical,5497,1,-0.015332840106220493,0.018774859241062845,-0.052131564218703665,0.021465884006262682,[-0.015332840106220493],[-0.052131564218703665],[0.021465884006262682],0.8166687115653977,0.6669477844498867,0.41411777647685144,response units,ok,,per-fivefold amount slope difference,1.0,1.0
R/trend/any_spending/OLS_HC3/food-medical,R,trend,any_spending,OLS_HC3,food-medical,5497,1,-0.010362466168618115,0.019030203769604438,-0.047661665557042814,0.026936733219806587,[-0.010362466168618115],[-0.047661665557042814],[0.026936733219806587],0.5445273363372667,0.29651002001855875,0.5860786423687668,response units,ok,,per-fivefold amount slope difference,1.0,1.0
R/trend/any_spending/OLS_HC3/restricted-cash,R,trend,any_spending,OLS_HC3,restricted-cash,5497,1,0.010151607021911434,0.015998401775436235,-0.021205260457943586,0.04150847450176645,[0.010151607021911434],[-0.021205260457943586],[0.04150847450176645],0.6345388223402475,0.40263951705694817,0.5257292391519494,response units,ok,,per-fivefold amount slope difference,1.0,1.0
R/trend/any_spending/logit/omnibus,R,trend,any_spending,logit,omnibus,5497,2,,,,,"[0.023429447085994835, 0.066653991299937]","[-0.15215047940269624, -0.10498626682526106]","[0.19900937357468593, 0.23829424942513505]",0.7782092028372882,0.6056095633806476,0.7387432985125957,logit index,ok,,per-fivefold amount slope difference,1.0,1.0
R/trend/any_spending/logit/cash-food,R,trend,any_spending,logit,cash-food,5497,1,-0.023429447085994835,0.08958159514729137,-0.19900937357468593,0.15215047940269624,[-0.023429447085994835],[-0.19900937357468593],[0.15215047940269624],0.2615430887055739,0.06840478724965171,0.7936737255083784,logit index,ok,,per-fivefold amount slope difference,1.0,1.0
R/trend/any_spending/logit/cash-medical,R,trend,any_spending,logit,cash-medical,5497,1,-0.066653991299937,0.0875715602679582,-0.23829424942513505,0.10498626682526106,[-0.066653991299937],[-0.23829424942513505],[0.10498626682526106],0.7611374183123378,0.5793301695551707,0.4465749929018539,logit index,ok,,per-fivefold amount slope difference,1.0,1.0
R/trend/any_spending/logit/food-medical,R,trend,any_spending,logit,food-medical,5497,1,-0.043224544213942166,0.08636031721360425,-0.2124907659526065,0.12604167752472215,[-0.043224544213942166],[-0.2124907659526065],[0.12604167752472215],0.5005139583615732,0.2505142225147706,0.6167132301264902,logit index,ok,,per-fivefold amount slope difference,1.0,1.0
R/trend/any_spending/logit/restricted-cash,R,trend,any_spending,logit,restricted-cash,5497,1,0.045041719192965915,0.07734529126676258,-0.10655505168988873,0.19663849007582057,[0.045041719192965915],[-0.10655505168988873],[0.19663849007582057],0.5823459767914998,0.339126836685246,0.5603336624227042,logit index,ok,,per-fivefold amount slope difference,1.0,1.0
R/trend/any_spending/probit/omnibus,R,trend,any_spending,probit,omnibus,5497,2,,,,,"[0.014168149918635084, 0.04088094230663189]","[-0.09149106743258104, -0.06307291055831563]","[0.11982736726985121, 0.1448347951715794]",0.7869574196337527,0.6193019803166143,0.733702981105374,probit index,ok,,per-fivefold amount slope difference,1.0,1.0
R/trend/any_spending/probit/cash-food,R,trend,any_spending,probit,cash-food,5497,1,-0.014168149918635084,0.053907763954702106,-0.11982736726985121,0.09149106743258104,[-0.014168149918635084],[-0.11982736726985121],[0.09149106743258104],0.26282206641960465,0.06907543859707108,0.7926877267367443,probit index,ok,,per-fivefold amount slope difference,1.0,1.0
R/trend/any_spending/probit/cash-medical,R,trend,any_spending,probit,cash-medical,5497,1,-0.04088094230663189,0.05303768003313649,-0.1448347951715794,0.06307291055831563,[-0.04088094230663189],[-0.1448347951715794],[0.06307291055831563],0.7707905451575295,0.5941180645042415,0.44083109233801454,probit index,ok,,per-fivefold amount slope difference,1.0,1.0
R/trend/any_spending/probit/food-medical,R,trend,any_spending,probit,food-medical,5497,1,-0.026712792387996807,0.05255102722935537,-0.12971280575753333,0.0762872209815397,[-0.026712792387996807],[-0.12971280575753333],[0.0762872209815397],0.5083210318879334,0.2583902714596134,0.6112282227732844,probit index,ok,,per-fivefold amount slope difference,1.0,1.0
R/trend/any_spending/probit/restricted-cash,R,trend,any_spending,probit,restricted-cash,5497,1,0.027524546112633486,0.04657379781842479,-0.0637600976114791,0.11880918983674607,[0.027524546112633486],[-0.0637600976114791],[0.11880918983674607],0.5909877957546477,0.34926657473093714,0.5545285982042216,probit index,ok,,per-fivefold amount slope difference,1.0,1.0
R/trend/ge10/OLS_HC3/omnibus,R,trend,ge10,OLS_HC3,omnibus,5497,2,,,,,"[-0.005253378075873337, 0.0363195414156887]","[-0.045102850740049945, -0.0031565738886923933]","[0.03459609458830327, 0.0757956567200698]",2.2581541770145273,5.099260287168157,0.07811055034749068,response units,ok,,per-fivefold amount slope difference,0.9474105178964207,1.0
R/trend/ge10/OLS_HC3/cash-food,R,trend,ge10,OLS_HC3,cash-food,5497,1,0.005253378075873337,0.02033136360417174,-0.03459609458830327,0.045102850740049945,[0.005253378075873337],[-0.03459609458830327],[0.045102850740049945],0.2583878867227287,0.06676430000503769,0.7961075642672586,response units,ok,,per-fivefold amount slope difference,1.0,1.0
R/trend/ge10/OLS_HC3/cash-medical,R,trend,ge10,OLS_HC3,cash-medical,5497,1,-0.0363195414156887,0.020140875155296476,-0.0757956567200698,0.0031565738886923933,[-0.0363195414156887],[-0.0757956567200698],[0.0031565738886923933],1.803275236832879,3.251801579774676,0.07134499966427381,response units,ok,,per-fivefold amount slope difference,0.9988002399520096,1.0
R/trend/ge10/OLS_HC3/food-medical,R,trend,ge10,OLS_HC3,food-medical,5497,1,-0.04157291949156204,0.020103107325172218,-0.08097500984889958,-0.0021708291342244987,[-0.04157291949156204],[-0.08097500984889958],[-0.0021708291342244987],2.067984755745013,4.27656094999376,0.038641456592313654,response units,ok,,per-fivefold amount slope difference,0.9848030393921215,1.0
R/trend/ge10/OLS_HC3/restricted-cash,R,trend,ge10,OLS_HC3,restricted-cash,5497,1,0.015533081669907682,0.0175634810895019,-0.018891341265516046,0.04995750460533141,[0.015533081669907682],[-0.018891341265516046],[0.04995750460533141],0.8843965265628444,0.782157216196424,0.37648219734647215,response units,ok,,per-fivefold amount slope difference,1.0,1.0
R/trend/ge10/logit/omnibus,R,trend,ge10,logit,omnibus,5497,2,,,,,"[-0.020859600309905763, 0.14625879440749537]","[-0.1805489699730403, -0.0126123011792037]","[0.13882976935322874, 0.30512988999419444]",2.2565251219306712,5.09190562590423,0.07839831745006987,logit index,ok,,per-fivefold amount slope difference,0.9478104379124175,1.0
R/trend/ge10/logit/cash-food,R,trend,ge10,logit,cash-food,5497,1,0.020859600309905763,0.0814741681954768,-0.13882976935322874,0.1805489699730403,[0.020859600309905763],[-0.13882976935322874],[0.1805489699730403],0.25602716507468226,0.0655499092561786,0.7979298615168181,logit index,ok,,per-fivefold amount slope difference,1.0,1.0
R/trend/ge10/logit/cash-medical,R,trend,ge10,logit,cash-medical,5497,1,-0.14625879440749537,0.08105668142178524,-0.30512988999419444,0.0126123011792037,[-0.14625879440749537],[-0.30512988999419444],[0.0126123011792037],1.80440146132341,3.2558646336260577,0.07116839414680741,logit index,ok,,per-fivefold amount slope difference,0.9988002399520096,1.0
R/trend/ge10/logit/food-medical,R,trend,ge10,logit,food-medical,5497,1,-0.16711839471740114,0.08078712314667705,-0.3254611560848881,-0.00877563334991413,[-0.16711839471740114],[-0.3254611560848881],[-0.00877563334991413],2.0686266351381404,4.279216155602945,0.03858113652114217,logit index,ok,,per-fivefold amount slope difference,0.9846030793841232,1.0
R/trend/ge10/logit/restricted-cash,R,trend,ge10,logit,restricted-cash,5497,1,0.0626995970487948,0.07051576438321948,-0.07551130114231538,0.20091049523990498,[0.0626995970487948],[-0.07551130114231538],[0.20091049523990498],0.889157163610288,0.7906004615994924,0.37391862085132255,logit index,ok,,per-fivefold amount slope difference,1.0,1.0
R/trend/ge10/probit/omnibus,R,trend,ge10,probit,omnibus,5497,2,,,,,"[-0.013085840082103811, 0.09154447475066652]","[-0.11311028662193078, -0.007889167258671545]","[0.08693860645772315, 0.1909781167600046]",2.2572533427950976,5.095192653559643,0.07826957455561477,probit index,ok,,per-fivefold amount slope difference,0.9476104779044191,1.0
R/trend/ge10/probit/cash-food,R,trend,ge10,probit,cash-food,5497,1,0.013085840082103811,0.05103288088766682,-0.08693860645772315,0.11311028662193078,[0.013085840082103811],[-0.08693860645772315],[0.11311028662193078],0.2564197798456305,0.06575110349608163,0.7976267161915204,probit index,ok,,per-fivefold amount slope difference,1.0,1.0
R/trend/ge10/probit/cash-medical,R,trend,ge10,probit,cash-medical,5497,1,-0.09154447475066652,0.05073145000476432,-0.1909781167600046,0.007889167258671545,[-0.09154447475066652],[-0.1909781167600046],[0.007889167258671545],1.804491587409178,3.256189889030495,0.07115427679505697,probit index,ok,,per-fivefold amount slope difference,0.9988002399520096,1.0
R/trend/ge10/probit/food-medical,R,trend,ge10,probit,food-medical,5497,1,-0.10463031483277033,0.05057293175124668,-0.2037532610652138,-0.005507368600326842,[-0.10463031483277033],[-0.2037532610652138],[-0.005507368600326842],2.068899532014793,4.28034527357103,0.038555515522052844,probit index,ok,,per-fivefold amount slope difference,0.9846030793841232,1.0
R/trend/ge10/probit/restricted-cash,R,trend,ge10,probit,restricted-cash,5497,1,0.03922931733428135,0.044154412227559794,-0.047313330631735845,0.12577196530029855,[0.03922931733428135],[-0.047313330631735845],[0.12577196530029855],0.888457469031728,0.7893566742782638,0.37429472396480745,probit index,ok,,per-fivefold amount slope difference,1.0,1.0
R/trend/ge25/OLS_HC3/omnibus,R,trend,ge25,OLS_HC3,omnibus,5497,2,,,,,"[-0.004285363836107476, 0.032380775436755695]","[-0.04057639588373843, -0.0029650631553782628]","[0.03200566821152348, 0.06772661402888966]",2.276441019175087,5.1821837137829085,0.07493817363891757,response units,ok,,per-fivefold amount slope difference,0.9400119976004799,1.0
R/trend/ge25/OLS_HC3/cash-food,R,trend,ge25,OLS_HC3,cash-food,5497,1,0.004285363836107476,0.01851583267736273,-0.03200566821152348,0.04057639588373843,[0.004285363836107476],[-0.03200566821152348],[0.04057639588373843],0.2314432146141998,0.05356596159095455,0.8169704959482852,response units,ok,,per-fivefold amount slope difference,1.0,1.0
R/trend/ge25/OLS_HC3/cash-medical,R,trend,ge25,OLS_HC3,cash-medical,5497,1,-0.032380775436755695,0.018033591118435693,-0.06772661402888966,0.0029650631553782628,[-0.032380775436755695],[-0.06772661402888966],[0.0029650631553782628],1.7955811032918958,3.224111498498942,0.0725611634402171,response units,ok,,per-fivefold amount slope difference,0.9988002399520096,1.0
R/trend/ge25/OLS_HC3/food-medical,R,trend,ge25,OLS_HC3,food-medical,5497,1,-0.03666613927286317,0.017698230156858254,-0.07135467038030535,-0.001977608165420995,[-0.03666613927286317],[-0.07135467038030535],[-0.001977608165420995],2.0717404479370862,4.292108483618558,0.03828965306161853,response units,ok,,per-fivefold amount slope difference,0.9842031593681264,1.0
R/trend/ge25/OLS_HC3/restricted-cash,R,trend,ge25,OLS_HC3,restricted-cash,5497,1,0.01404770580032411,0.015991134935026543,-0.01729491867232791,0.045390330272976134,[0.01404770580032411],[-0.01729491867232791],[0.045390330272976134],0.8784683424535679,0.771706628693119,0.3796896103601687,response units,ok,,per-fivefold amount slope difference,1.0,1.0
R/trend/ge25/logit/omnibus,R,trend,ge25,logit,omnibus,5497,2,,,,,"[-0.03231339632601332, 0.15066640441443926]","[-0.20787135583331134, -0.027518165554225676]","[0.1432445631812847, 0.3288509743831042]",2.1091697302315673,4.448596950925102,0.10814325717888988,logit index,ok,,per-fivefold amount slope difference,0.979004199160168,1.0
R/trend/ge25/logit/cash-food,R,trend,ge25,logit,cash-food,5497,1,0.03231339632601332,0.08957038750372348,-0.1432445631812847,0.20787135583331134,[0.03231339632601332],[-0.1432445631812847],[0.20787135583331134],0.3607598138912823,0.13014764331887266,0.7182790063788749,logit index,ok,,per-fivefold amount slope difference,1.0,1.0
R/trend/ge25/logit/cash-medical,R,trend,ge25,logit,cash-medical,5497,1,-0.15066640441443926,0.0909104948819719,-0.3288509743831042,0.027518165554225676,[-0.15066640441443926],[-0.3288509743831042],[0.027518165554225676],1.6573048536370614,2.746659377888961,0.09745785651919013,logit index,ok,,per-fivefold amount slope difference,0.9996000799840032,1.0
R/trend/ge25/logit/food-medical,R,trend,ge25,logit,food-medical,5497,1,-0.1829798007404526,0.09247478659885733,-0.3642303824742129,-0.0017292190066922342,[-0.1829798007404526],[-0.3642303824742129],[-0.0017292190066922342],1.978699356552109,3.91525114361973,0.04784986546035803,logit index,ok,,per-fivefold amount slope difference,0.9916016796640672,1.0
R/trend/ge25/logit/restricted-cash,R,trend,ge25,logit,restricted-cash,5497,1,0.05917650404421297,0.07749767518771167,-0.09271893932370188,0.2110719474121278,[0.05917650404421297],[-0.09271893932370188],[0.2110719474121278],0.7635906999903944,0.5830707571118205,0.44511119311042524,logit index,ok,,per-fivefold amount slope difference,1.0,1.0
R/trend/ge25/probit/omnibus,R,trend,ge25,probit,omnibus,5497,2,,,,,"[-0.017785234400202805, 0.0915735250662646]","[-0.12344130798072245, -0.014669251136912906]","[0.08787083918031685, 0.1978163012694421]",2.145415868120529,4.602809247183363,0.10011811664306157,probit index,ok,,per-fivefold amount slope difference,0.973005398920216,1.0
R/trend/ge25/probit/cash-food,R,trend,ge25,probit,cash-food,5497,1,0.017785234400202805,0.05390615999006105,-0.08787083918031685,0.12344130798072245,[0.017785234400202805],[-0.08787083918031685],[0.12344130798072245],0.32992953687448634,0.10885349930221304,0.7414532047706468,probit index,ok,,per-fivefold amount slope difference,1.0,1.0
R/trend/ge25/probit/cash-medical,R,trend,ge25,probit,cash-medical,5497,1,-0.0915735250662646,0.054205498062845664,-0.1978163012694421,0.014669251136912906,[-0.0915735250662646],[-0.1978163012694421],[0.014669251136912906],1.6893770620850044,2.853994857898961,0.09114719388014338,probit index,ok,,per-fivefold amount slope difference,0.9996000799840032,1.0
R/trend/ge25/probit/food-medical,R,trend,ge25,probit,food-medical,5497,1,-0.10935875946646739,0.05470287139656509,-0.21657638740373497,-0.0021411315291998134,[-0.10935875946646739],[-0.21657638740373497],[-0.0021411315291998134],1.9991411177244756,3.9965652085766656,0.04559308735490289,probit index,ok,,per-fivefold amount slope difference,0.9904019196160768,1.0
R/trend/ge25/probit/restricted-cash,R,trend,ge25,probit,restricted-cash,5497,1,0.0368941453330309,0.046625679810597155,-0.054492187095739525,0.12828047776180132,[0.0368941453330309],[-0.054492187095739525],[0.12828047776180132],0.7912838050383887,0.6261300601160307,0.4287783967591946,probit index,ok,,per-fivefold amount slope difference,1.0,1.0
R/trend/ge50/OLS_HC3/omnibus,R,trend,ge50,OLS_HC3,omnibus,5497,2,,,,,"[0.013691352494109485, 0.030172066455675002]","[-0.01466069245083492, 0.003283769796912153]","[0.04204339743905389, 0.05706036311443785]",2.217692203971584,4.918158711556342,0.08551364237911016,response units,ok,,per-fivefold amount slope difference,0.9586082783443312,1.0
R/trend/ge50/OLS_HC3/cash-food,R,trend,ge50,OLS_HC3,cash-food,5497,1,-0.013691352494109485,0.014465329053543063,-0.04204339743905389,0.01466069245083492,[-0.013691352494109485],[-0.04204339743905389],[0.01466069245083492],0.9464943689446176,0.8958515904438699,0.34389649302493086,response units,ok,,per-fivefold amount slope difference,1.0,1.0
R/trend/ge50/OLS_HC3/cash-medical,R,trend,ge50,OLS_HC3,cash-medical,5497,1,-0.030172066455675002,0.013718518703450434,-0.05706036311443785,-0.003283769796912153,[-0.030172066455675002],[-0.05706036311443785],[-0.003283769796912153],2.1993676655546075,4.837218128287124,0.027851789858155104,response units,ok,,per-fivefold amount slope difference,0.9630073985202959,1.0
R/trend/ge50/OLS_HC3/food-medical,R,trend,ge50,OLS_HC3,food-medical,5497,1,-0.016480713961565516,0.013542899584779871,-0.043024797147734065,0.01006336922460303,[-0.016480713961565516],[-0.043024797147734065],[0.01006336922460303],1.2169265420890587,1.4809102088408335,0.2236321659776245,response units,ok,,per-fivefold amount slope difference,1.0,1.0
R/trend/ge50/OLS_HC3/restricted-cash,R,trend,ge50,OLS_HC3,restricted-cash,5497,1,0.021931709474892244,0.012364029186767577,-0.0023017877311722057,0.046165206680956694,[0.021931709474892244],[-0.0023017877311722057],[0.046165206680956694],1.7738319073497768,3.146479635532147,0.07609095862532855,response units,ok,,per-fivefold amount slope difference,0.999000199960008,1.0
R/trend/ge50/logit/omnibus,R,trend,ge50,logit,omnibus,5497,2,,,,,"[0.09238994815107059, 0.22979960652926182]","[-0.13737983459982428, -0.0075591606477600215]","[0.3221597309019655, 0.46715837370628366]",1.8992543620381845,3.6071671317210714,0.16470758888182077,logit index,ok,,per-fivefold amount slope difference,0.996000799840032,1.0
R/trend/ge50/logit/cash-food,R,trend,ge50,logit,cash-food,5497,1,-0.09238994815107059,0.11722948099535453,-0.3221597309019655,0.13737983459982428,[-0.09238994815107059],[-0.3221597309019655],[0.13737983459982428],0.7881118927305645,0.6211203554633528,0.4306312593711761,logit index,ok,,per-fivefold amount slope difference,1.0,1.0
R/trend/ge50/logit/cash-medical,R,trend,ge50,logit,cash-medical,5497,1,-0.22979960652926182,0.12110141182501115,-0.46715837370628366,0.0075591606477600215,[-0.22979960652926182],[-0.46715837370628366],[0.0075591606477600215],1.8975799131170918,3.60080952666547,0.057751442556745844,logit index,ok,,per-fivefold amount slope difference,0.996000799840032,1.0
R/trend/ge50/logit/food-medical,R,trend,ge50,logit,food-medical,5497,1,-0.13740965837819125,0.12470807625627851,-0.3818374878404971,0.10701817108411463,[-0.13740965837819125],[-0.3818374878404971],[0.10701817108411463],1.1018505176506022,1.2140745632468999,0.2705266638160923,logit index,ok,,per-fivefold amount slope difference,1.0,1.0
R/trend/ge50/logit/restricted-cash,R,trend,ge50,logit,restricted-cash,5497,1,0.1610947773401662,0.10156832926330986,-0.037979148015921116,0.3601687026962535,[0.1610947773401662],[-0.037979148015921116],[0.3601687026962535],1.5860729275415917,2.515627331480355,0.11272276728454914,logit index,ok,,per-fivefold amount slope difference,1.0,1.0
R/trend/ge50/probit/omnibus,R,trend,ge50,probit,omnibus,5497,2,,,,,"[0.05313196457183775, 0.12676341014385287]","[-0.07118248150632127, 0.00030940519351921325]","[0.17744641064999678, 0.2532174150941865]",1.9675548616725955,3.8712721336914666,0.14433243454389053,probit index,ok,,per-fivefold amount slope difference,0.9924015196960608,1.0
R/trend/ge50/probit/cash-food,R,trend,ge50,probit,cash-food,5497,1,-0.05313196457183775,0.06342573779497909,-0.17744641064999678,0.07118248150632127,[-0.05313196457183775],[-0.17744641064999678],[0.07118248150632127],0.8377035320201475,0.7017472075590302,0.4021972292689856,probit index,ok,,per-fivefold amount slope difference,1.0,1.0
R/trend/ge50/probit/cash-medical,R,trend,ge50,probit,cash-medical,5497,1,-0.12676341014385287,0.06451734946445595,-0.2532174150941865,-0.00030940519351921325,[-0.12676341014385287],[-0.2532174150941865],[-0.00030940519351921325],1.9647956897809273,3.86042210258171,0.04943788927832004,probit index,ok,,per-fivefold amount slope difference,0.9926014797040592,1.0
R/trend/ge50/probit/food-medical,R,trend,ge50,probit,food-medical,5497,1,-0.07363144557201512,0.06567874898897844,-0.20236179359041284,0.0550989024463826,[-0.07363144557201512],[-0.20236179359041284],[0.0550989024463826],1.1210847756002664,1.2568310740826998,0.26225177845293596,probit index,ok,,per-fivefold amount slope difference,1.0,1.0
R/trend/ge50/probit/restricted-cash,R,trend,ge50,probit,restricted-cash,5497,1,0.08994768735784531,0.05490201982795148,-0.017660271504939595,0.1975556462206302,[0.08994768735784531],[-0.017660271504939595],[0.1975556462206302],1.6383311149520134,2.6841288422199074,0.10135264031759496,probit index,ok,,per-fivefold amount slope difference,0.9996000799840032,1.0
R/trend/top75/OLS_HC3/omnibus,R,trend,top75,OLS_HC3,omnibus,5497,2,,,,,"[0.028193512362744623, 0.030895170548941447]","[0.005460779654017332, 0.010570519430538924]","[0.050926245071471914, 0.05121982166734397]",3.106127526322261,9.64802820977685,0.008034471112762757,response units,ok,,per-fivefold amount slope difference,0.41371725654869024,1.0
R/trend/top75/OLS_HC3/cash-food,R,trend,top75,OLS_HC3,cash-food,5497,1,-0.028193512362744623,0.011598333014656782,-0.050926245071471914,-0.005460779654017332,[-0.028193512362744623],[-0.050926245071471914],[-0.005460779654017332],2.4308245268623137,5.908907880395391,0.01506450838005944,response units,ok,,per-fivefold amount slope difference,0.880623875224955,1.0
R/trend/top75/OLS_HC3/cash-medical,R,trend,top75,OLS_HC3,cash-medical,5497,1,-0.030895170548941447,0.010369719958368634,-0.05121982166734397,-0.010570519430538924,[-0.030895170548941447],[-0.05121982166734397],[-0.010570519430538924],2.979364020723456,8.87660996798144,0.002888474019805789,response units,ok,,per-fivefold amount slope difference,0.5100979804039192,1.0
R/trend/top75/OLS_HC3/food-medical,R,trend,top75,OLS_HC3,food-medical,5497,1,-0.0027016581861968245,0.010189779440759257,-0.022673625890084967,0.017270309517691318,[-0.0027016581861968245],[-0.022673625890084967],[0.017270309517691318],0.2651341181527595,0.07029610060864143,0.7909061450638429,response units,ok,,per-fivefold amount slope difference,1.0,1.0
R/trend/top75/OLS_HC3/restricted-cash,R,trend,top75,OLS_HC3,restricted-cash,5497,1,0.029544341455843035,0.009750297898223577,0.010433757575324824,0.048654925336361246,[0.029544341455843035],[0.010433757575324824],[0.048654925336361246],3.0300962867222516,9.181483506807977,0.002444757851485918,response units,ok,,per-fivefold amount slope difference,0.47330533893221355,1.0
R/trend/top75/logit/omnibus,R,trend,top75,logit,omnibus,5497,2,,,,,"[0.33535790395441817, 0.3004054295032669]","[0.04015116570241051, -0.024264242302873384]","[0.6305646422064258, 0.6250751013094071]",2.4141741179858545,5.828236671952778,0.05425184185051173,logit index,ok,,per-fivefold amount slope difference,0.8880223955208958,1.0
R/trend/top75/logit/cash-food,R,trend,top75,logit,cash-food,5497,1,-0.33535790395441817,0.15061568278163656,-0.6305646422064258,-0.04015116570241051,[-0.33535790395441817],[-0.6305646422064258],[-0.04015116570241051],2.2265802455685964,4.957659589956311,0.025975340423064337,logit index,ok,,per-fivefold amount slope difference,0.9562087582483503,1.0
R/trend/top75/logit/cash-medical,R,trend,top75,logit,cash-medical,5497,1,-0.3004054295032669,0.16564779173782668,-0.6250751013094071,0.024264242302873384,[-0.3004054295032669],[-0.6250751013094071],[0.024264242302873384],1.8135190717104348,3.2888514234574773,0.06975179979659396,logit index,ok,,per-fivefold amount slope difference,0.9984003199360127,1.0
R/trend/top75/logit/food-medical,R,trend,top75,logit,food-medical,5497,1,0.034952474451151294,0.16817595259507354,-0.29467239263519285,0.36457734153749544,[0.034952474451151294],[-0.29467239263519285],[0.36457734153749544],0.20783277223532837,0.04319446121502188,0.8353595427456966,logit index,ok,,per-fivefold amount slope difference,1.0,1.0
R/trend/top75/logit/restricted-cash,R,trend,top75,logit,restricted-cash,5497,1,0.31788166672884255,0.13413183680947405,0.05498326658227343,0.5807800668754117,[0.31788166672884255],[0.05498326658227343],[0.5807800668754117],2.369919582778649,5.616518828837725,0.01779195459425624,logit index,ok,,per-fivefold amount slope difference,0.9058188362327535,1.0
R/trend/top75/probit/omnibus,R,trend,top75,probit,omnibus,5497,2,,,,,"[0.1713909882326842, 0.15994821647479773]","[0.025219495169365308, 0.004912395063998765]","[0.31756248129600306, 0.3149840378855967]",2.5401819766635145,6.45252447456616,0.03970563200348641,probit index,ok,,per-fivefold amount slope difference,0.8232353529294141,1.0
R/trend/top75/probit/cash-food,R,trend,top75,probit,cash-food,5497,1,-0.1713909882326842,0.07457729237924433,-0.31756248129600306,-0.025219495169365308,[-0.1713909882326842],[-0.31756248129600306],[-0.025219495169365308],2.298165872811764,5.281566378956658,0.0215523502470197,probit index,ok,,per-fivefold amount slope difference,0.9338132373525295,1.0
R/trend/top75/probit/cash-medical,R,trend,top75,probit,cash-medical,5497,1,-0.15994821647479773,0.0790999088830607,-0.3149840378855967,-0.004912395063998765,[-0.15994821647479773],[-0.3149840378855967],[-0.004912395063998765],2.0221036753817394,4.088903273992339,0.04316564241048624,probit index,ok,,per-fivefold amount slope difference,0.9880023995200959,1.0
R/trend/top75/probit/food-medical,R,trend,top75,probit,food-medical,5497,1,0.011442771757886466,0.07977098646936623,-0.14490836172207133,0.16779390523784427,[0.011442771757886466],[-0.14490836172207133],[0.16779390523784427],0.14344528335851453,0.020576549317804525,0.8859385217847969,probit index,ok,,per-fivefold amount slope difference,1.0,1.0
R/trend/top75/probit/restricted-cash,R,trend,top75,probit,restricted-cash,5497,1,0.16566960235374095,0.06571477376808009,0.03686864576830398,0.29447055893917795,[0.16566960235374095],[0.03686864576830398],[0.29447055893917795],2.521040442723282,6.355644913846403,0.01170084030222085,probit index,ok,,per-fivefold amount slope difference,0.8354329134173165,1.0
R/saturated/ordinal/OLS_HC3/omnibus,R,saturated,ordinal,OLS_HC3,omnibus,5497,4,,,,,"[0.014741343229654907, 0.07460003128143142, 0.1996599249127362, 0.29036097486834433]","[-0.24036245443631224, -0.17639341639116682, -0.04943384178156099, 0.04701370631306853]","[0.26984514089562206, 0.3255934789540297, 0.4487536916070334, 0.5337082434236201]",2.542734680272391,6.465499654259939,0.16697720582538506,response units,ok,,full pairwise interaction vector at1000/5000 vs200,0.8218356328734253,1.0
R/saturated/ordinal/OLS_HC3/cash-food,R,saturated,ordinal,OLS_HC3,cash-food,5497,2,,,,,"[-0.014741343229654907, -0.07460003128143142]","[-0.26984514089562206, -0.3255934789540297]","[0.24036245443631224, 0.17639341639116682]",0.6289812880505187,0.39561746071768955,0.8205267799924485,response units,ok,,full pairwise interaction vector at1000/5000 vs200,1.0,1.0
R/saturated/ordinal/OLS_HC3/cash-medical,R,saturated,ordinal,OLS_HC3,cash-medical,5497,2,,,,,"[-0.1996599249127362, -0.29036097486834433]","[-0.4487536916070334, -0.5337082434236201]","[0.04943384178156099, -0.04701370631306853]",2.370182663835795,5.617765859947745,0.06027228316205182,response units,ok,,full pairwise interaction vector at1000/5000 vs200,0.9058188362327535,1.0
R/saturated/ordinal/OLS_HC3/food-medical,R,saturated,ordinal,OLS_HC3,food-medical,5497,2,,,,,"[-0.1849185816830813, -0.21576094358691292]","[-0.4277222291474104, -0.45871431659763073]","[0.0578850657812478, 0.027192429423804926]",1.8646659858724486,3.4769792388696708,0.17578570352261982,response units,ok,,full pairwise interaction vector at1000/5000 vs200,0.9976004799040192,1.0
R/saturated/ordinal/OLS_HC3/restricted-cash,R,saturated,ordinal,OLS_HC3,restricted-cash,5497,2,,,,,"[0.10720063407119555, 0.1824805030748879]","[-0.11376185887563985, -0.03281282375997746]","[0.32816312701803096, 0.39777382990975324]",1.662822748119202,2.764979491662695,0.2509529655061808,response units,ok,,full pairwise interaction vector at1000/5000 vs200,0.9996000799840032,1.0
R/saturated/ordinal/ordered_logit/omnibus,R,saturated,ordinal,ordered_logit,omnibus,5497,4,,,,,"[0.028006017958801255, 0.04344837488103507, 0.2547884099666032, 0.30430021807599633]","[-0.26456955796602116, -0.24191770513351876, -0.036118840968772936, 0.01846397082074669]","[0.3205815938836237, 0.3288144548955889, 0.5456956609019793, 0.590136465331246]",2.3924145578545835,5.723647416634542,0.22075888898158041,latent location index,ok,,full pairwise interaction vector at1000/5000 vs200,0.8988202359528095,1.0
R/saturated/ordinal/ordered_logit/cash-food,R,saturated,ordinal,ordered_logit,cash-food,5497,2,,,,,"[-0.028006017958801255, -0.04344837488103507]","[-0.3205815938836237, -0.3288144548955889]","[0.26456955796602116, 0.24191770513351876]",0.29980093668344815,0.08988060163627289,0.9560545558042467,latent location index,ok,,full pairwise interaction vector at1000/5000 vs200,1.0,1.0
R/saturated/ordinal/ordered_logit/cash-medical,R,saturated,ordinal,ordered_logit,cash-medical,5497,2,,,,,"[-0.2547884099666032, -0.30430021807599633]","[-0.5456956609019793, -0.590136465331246]","[0.036118840968772936, -0.01846397082074669]",2.199874318222554,4.839447015975146,0.0889462069755917,latent location index,ok,,full pairwise interaction vector at1000/5000 vs200,0.9630073985202959,1.0
R/saturated/ordinal/ordered_logit/food-medical,R,saturated,ordinal,ordered_logit,food-medical,5497,2,,,,,"[-0.22678239200780193, -0.26085184319496124]","[-0.51251384096042, -0.548549729727547]","[0.05894905694481606, 0.02684604333762458]",1.907320773362756,3.6378725325011017,0.16219819489439888,latent location index,ok,,full pairwise interaction vector at1000/5000 vs200,0.9956008798240352,1.0
R/saturated/ordinal/ordered_logit/restricted-cash,R,saturated,ordinal,ordered_logit,restricted-cash,5497,2,,,,,"[0.14139721396270222, 0.1738742964785157]","[-0.11297089116669301, -0.0728554371473473]","[0.39576531909209745, 0.42060403010437875]",1.4389482853666797,2.0705721679597078,0.35512477088334304,latent location index,ok,,full pairwise interaction vector at1000/5000 vs200,1.0,1.0
R/saturated/ordinal/ordered_probit/omnibus,R,saturated,ordinal,ordered_probit,omnibus,5497,4,,,,,"[0.02135620809087706, 0.051150267804938324, 0.15378758289968444, 0.18860320894182475]","[-0.15052952862411065, -0.11820913443163587, -0.018055487448437796, 0.01975479394452173]","[0.1932419448058648, 0.2205096700415125, 0.3256306532478067, 0.35745162393912777]",2.422174538289239,5.866929493936688,0.20930890696219917,latent location index,ok,,full pairwise interaction vector at1000/5000 vs200,0.8850229954009198,1.0
R/saturated/ordinal/ordered_probit/cash-food,R,saturated,ordinal,ordered_probit,cash-food,5497,2,,,,,"[-0.02135620809087706, -0.051150267804938324]","[-0.1932419448058648, -0.2205096700415125]","[0.15052952862411065, 0.11820913443163587]",0.5980276220630868,0.3576370367504302,0.8362576510237997,latent location index,ok,,full pairwise interaction vector at1000/5000 vs200,1.0,1.0
R/saturated/ordinal/ordered_probit/cash-medical,R,saturated,ordinal,ordered_probit,cash-medical,5497,2,,,,,"[-0.15378758289968444, -0.18860320894182475]","[-0.3256306532478067, -0.35745162393912777]","[0.018055487448437796, -0.01975479394452173]",2.2953131581726294,5.26846249408041,0.07177412477630687,latent location index,ok,,full pairwise interaction vector at1000/5000 vs200,0.9346130773845231,1.0
R/saturated/ordinal/ordered_probit/food-medical,R,saturated,ordinal,ordered_probit,food-medical,5497,2,,,,,"[-0.13243137480880737, -0.13745294113688644]","[-0.3020931421277926, -0.3078965550751451]","[0.03723039251017787, 0.03299067280137219]",1.775300993616068,3.1516936179341983,0.20683233102938872,latent location index,ok,,full pairwise interaction vector at1000/5000 vs200,0.999000199960008,1.0
R/saturated/ordinal/ordered_probit/restricted-cash,R,saturated,ordinal,ordered_probit,restricted-cash,5497,2,,,,,"[0.08757189549528076, 0.11987673837338153]","[-0.06189748208391273, -0.02618297819293275]","[0.23704127307447426, 0.2659364549396958]",1.6448880238381736,2.7056566109662517,0.2585080858902722,latent location index,ok,,full pairwise interaction vector at1000/5000 vs200,0.9996000799840032,1.0
R/saturated/ordinal/ordered_location_scale/omnibus,R,saturated,ordinal,ordered_location_scale,omnibus,5497,4,,,,,"[0.031624737527323706, 0.03707416594518536, 0.16023067122551704, 0.16443895937646133]","[-0.12852258998671343, -0.11860974009562181, -0.0015917868529738977, 0.005479049378150941]","[0.19177206504136082, 0.19275807198599254, 0.322053129304008, 0.3233988693747717]",2.357650888825123,5.558517713577892,0.23463341100213994,latent location index,ok,,full pairwise interaction vector at1000/5000 vs200,0.9104179164167167,1.0
R/saturated/ordinal/ordered_location_scale/cash-food,R,saturated,ordinal,ordered_location_scale,cash-food,5497,2,,,,,"[-0.031624737527323706, -0.03707416594518536]","[-0.19177206504136082, -0.19275807198599254]","[0.12852258998671343, 0.11860974009562181]",0.4902569937059167,0.24035191987756324,0.8867643879809742,latent location index,ok,,full pairwise interaction vector at1000/5000 vs200,1.0,1.0
R/saturated/ordinal/ordered_location_scale/cash-medical,R,saturated,ordinal,ordered_location_scale,cash-medical,5497,2,,,,,"[-0.16023067122551704, -0.16443895937646133]","[-0.322053129304008, -0.3233988693747717]","[0.0015917868529738977, -0.005479049378150941]",2.2413867162885666,5.023814411954843,0.0811133916792718,latent location index,ok,,full pairwise interaction vector at1000/5000 vs200,0.9530093981203759,1.0
R/saturated/ordinal/ordered_location_scale/food-medical,R,saturated,ordinal,ordered_location_scale,food-medical,5497,2,,,,,"[-0.12860593369819334, -0.12736479343127596]","[-0.28726536477863585, -0.2877097579947011]","[0.03005349738224919, 0.032980171132149155]",1.7751674153809323,3.1512193526302195,0.20688138354430954,latent location index,ok,,full pairwise interaction vector at1000/5000 vs200,0.999000199960008,1.0
R/saturated/ordinal/ordered_location_scale/restricted-cash,R,saturated,ordinal,ordered_location_scale,restricted-cash,5497,2,,,,,"[0.09592770437642037, 0.10075656266082335]","[-0.04415667539710827, -0.034614183359819514]","[0.236012084149949, 0.2361273086814662]",1.587717621723217,2.5208472463304283,0.2835338895314368,latent location index,ok,,full pairwise interaction vector at1000/5000 vs200,1.0,1.0
R/saturated/midpoint/OLS_HC3/omnibus,R,saturated,midpoint,OLS_HC3,omnibus,5497,4,,,,,"[-0.0012674596018323696, 0.018482872950080827, 0.02746176829479854, 0.05410564659652851]","[-0.044779201450888095, -0.024127557963768618, -0.014300511974026101, 0.013823250162168309]","[0.04224428224722336, 0.061093303863930276, 0.06922404856362319, 0.09438804303088871]",2.8101085431884676,7.896710024500812,0.09543596197458874,response units,ok,,full pairwise interaction vector at1000/5000 vs200,0.6416716656668666,1.0
R/saturated/midpoint/OLS_HC3/cash-food,R,saturated,midpoint,OLS_HC3,cash-food,5497,2,,,,,"[0.0012674596018323696, -0.018482872950080827]","[-0.04224428224722336, -0.061093303863930276]","[0.044779201450888095, 0.024127557963768618]",1.0611576873816346,1.126055637489139,0.5694821620303812,response units,ok,,full pairwise interaction vector at1000/5000 vs200,1.0,1.0
R/saturated/midpoint/OLS_HC3/cash-medical,R,saturated,midpoint,OLS_HC3,cash-medical,5497,2,,,,,"[-0.02746176829479854, -0.05410564659652851]","[-0.06922404856362319, -0.09438804303088871]","[0.014300511974026101, -0.013823250162168309]",2.639171239745291,6.965224832698696,0.030727034282968045,response units,ok,,full pairwise interaction vector at1000/5000 vs200,0.7634473105378924,1.0
R/saturated/midpoint/OLS_HC3/food-medical,R,saturated,midpoint,OLS_HC3,food-medical,5497,2,,,,,"[-0.02872922789663091, -0.035622773646447684]","[-0.06874582803934612, -0.07560263920797095]","[0.011287372246084296, 0.004357091915075585]",1.8314864470010275,3.3543426055484473,0.18690191793024208,response units,ok,,full pairwise interaction vector at1000/5000 vs200,0.9982003599280144,1.0
R/saturated/midpoint/OLS_HC3/restricted-cash,R,saturated,midpoint,OLS_HC3,restricted-cash,5497,2,,,,,"[0.013097154346483085, 0.036294259773304666]","[-0.024563804141716272, -3.152624709793633e-05]","[0.05075811283468244, 0.07262004579370726]",2.018163922845364,4.072985619474588,0.13048554694432044,response units,ok,,full pairwise interaction vector at1000/5000 vs200,0.9886022795440912,1.0
R/saturated/any_spending/OLS_HC3/omnibus,R,saturated,any_spending,OLS_HC3,omnibus,5497,4,,,,,"[0.023768202665551432, 0.009649739096626649, 0.0712537814684559, 0.030885230326107647]","[-0.04840173155107162, -0.06270420613295835, -0.0024591958047489176, -0.04272404353120953]","[0.0959381368821745, 0.08200368432621166, 0.1449667587416607, 0.10449450418342482]",1.9247936905820455,3.7048307513044514,0.44742370829050215,response units,ok,,full pairwise interaction vector at1000/5000 vs200,0.9944011197760448,1.0
R/saturated/any_spending/OLS_HC3/cash-food,R,saturated,any_spending,OLS_HC3,cash-food,5497,2,,,,,"[-0.023768202665551432, -0.009649739096626649]","[-0.0959381368821745, -0.08200368432621166]","[0.04840173155107162, 0.06270420613295835]",0.6488980867430875,0.42106872697883946,0.810151215052302,response units,ok,,full pairwise interaction vector at1000/5000 vs200,1.0,1.0
R/saturated/any_spending/OLS_HC3/cash-medical,R,saturated,any_spending,OLS_HC3,cash-medical,5497,2,,,,,"[-0.0712537814684559, -0.030885230326107647]","[-0.1449667587416607, -0.10449450418342482]","[0.0024591958047489176, 0.04272404353120953]",1.9004020471583574,3.6115279408436756,0.164348850942786,response units,ok,,full pairwise interaction vector at1000/5000 vs200,0.996000799840032,1.0
R/saturated/any_spending/OLS_HC3/food-medical,R,saturated,any_spending,OLS_HC3,food-medical,5497,2,,,,,"[-0.047485578802904466, -0.021235491229481]","[-0.12182502323233599, -0.09584247610538718]","[0.026853865626527057, 0.05337149364642518]",1.2555562013439365,1.5764213747332156,0.4546575924654308,response units,ok,,full pairwise interaction vector at1000/5000 vs200,1.0,1.0
R/saturated/any_spending/OLS_HC3/restricted-cash,R,saturated,any_spending,OLS_HC3,restricted-cash,5497,2,,,,,"[0.04751099206700367, 0.020267484711367148]","[-0.015254149230827574, -0.042463358946081206]","[0.11027613336483491, 0.0829983283688155]",1.4880290560479725,2.2142304716430203,0.33051103355283706,response units,ok,,full pairwise interaction vector at1000/5000 vs200,1.0,1.0
R/saturated/any_spending/logit/omnibus,R,saturated,any_spending,logit,omnibus,5497,4,,,,,"[0.1152573602306049, 0.04520092850192169, 0.31837182410111936, 0.1318118995411974]","[-0.23374785870090858, -0.30724170931724815, -0.024977060573973364, -0.21076588850336872]","[0.4642625791621184, 0.39764356632109155, 0.661720708776212, 0.4743896875857635]",1.859749037674434,3.458666483130983,0.48419096414767093,logit index,ok,,full pairwise interaction vector at1000/5000 vs200,0.9976004799040192,1.0
R/saturated/any_spending/logit/cash-food,R,saturated,any_spending,logit,cash-food,5497,2,,,,,"[-0.1152573602306049, -0.04520092850192169]","[-0.4642625791621184, -0.39764356632109155]","[0.23374785870090858, 0.30724170931724815]",0.6518860609683436,0.4249554364848229,0.8085783326671336,logit index,ok,,full pairwise interaction vector at1000/5000 vs200,1.0,1.0
R/saturated/any_spending/logit/cash-medical,R,saturated,any_spending,logit,cash-medical,5497,2,,,,,"[-0.31837182410111936, -0.1318118995411974]","[-0.661720708776212, -0.4743896875857635]","[0.024977060573973364, 0.21076588850336872]",1.824235016650497,3.327833395973839,0.18939571965443713,logit index,ok,,full pairwise interaction vector at1000/5000 vs200,0.9982003599280144,1.0
R/saturated/any_spending/logit/food-medical,R,saturated,any_spending,logit,food-medical,5497,2,,,,,"[-0.20311446387051446, -0.0866109710392757]","[-0.5402744730533837, -0.4219127574126509]","[0.13404554531235485, 0.24869081533409945]",1.1838638639317045,1.4015336483233054,0.49620465614569875,logit index,ok,,full pairwise interaction vector at1000/5000 vs200,1.0,1.0
R/saturated/any_spending/logit/restricted-cash,R,saturated,any_spending,logit,restricted-cash,5497,2,,,,,"[0.21681459216586213, 0.08850641402155955]","[-0.08555493635261102, -0.21592889096281137]","[0.5191841206843353, 0.3929417190059305]",1.4122306386502916,1.9943953767426106,0.36891179982713934,logit index,ok,,full pairwise interaction vector at1000/5000 vs200,1.0,1.0
R/saturated/any_spending/probit/omnibus,R,saturated,any_spending,probit,omnibus,5497,4,,,,,"[0.06934759314752335, 0.027395072859249806, 0.19483367282468803, 0.08146961271025609]","[-0.14070940447214814, -0.18439969312832402, -0.013317163642357549, -0.1261930690464962]","[0.2794045907671948, 0.23918983884682363, 0.4029845092917336, 0.28913229446700833]",1.8742464944076438,3.512799921799342,0.4759347592307094,probit index,ok,,full pairwise interaction vector at1000/5000 vs200,0.9972005598880224,1.0
R/saturated/any_spending/probit/cash-food,R,saturated,any_spending,probit,cash-food,5497,2,,,,,"[-0.06934759314752335, -0.027395072859249806]","[-0.2794045907671948, -0.23918983884682363]","[0.14070940447214814, 0.18439969312832402]",0.6514035542480264,0.42432659048696153,0.8088326082643144,probit index,ok,,full pairwise interaction vector at1000/5000 vs200,1.0,1.0
R/saturated/any_spending/probit/cash-medical,R,saturated,any_spending,probit,cash-medical,5497,2,,,,,"[-0.19483367282468803, -0.08146961271025609]","[-0.4029845092917336, -0.28913229446700833]","[0.013317163642357549, 0.1261930690464962]",1.8411118681346024,3.3896929109860854,0.18362742184518738,probit index,ok,,full pairwise interaction vector at1000/5000 vs200,0.9978004399120176,1.0
R/saturated/any_spending/probit/food-medical,R,saturated,any_spending,probit,food-medical,5497,2,,,,,"[-0.12548607967716469, -0.054074539851006284]","[-0.33111076937235084, -0.25894963668523024]","[0.0801386100180215, 0.1508005569832177]",1.1992960958664962,1.43831112556062,0.48716346127577403,probit index,ok,,full pairwise interaction vector at1000/5000 vs200,1.0,1.0
R/saturated/any_spending/probit/restricted-cash,R,saturated,any_spending,probit,restricted-cash,5497,2,,,,,"[0.13209063298610568, 0.054432342784752945]","[-0.049994452159274366, -0.12858939040931475]","[0.3141757181314857, 0.23745407597882065]",1.4280819009666226,2.0394179158684422,0.36069990374304195,probit index,ok,,full pairwise interaction vector at1000/5000 vs200,1.0,1.0
R/saturated/ge10/OLS_HC3/omnibus,R,saturated,ge10,OLS_HC3,omnibus,5497,4,,,,,"[0.01035985814433965, -0.010777340941894352, 0.05981759476844564, 0.07250085795913598]","[-0.0688972919594032, -0.09050433574141563, -0.01931335199551984, -0.0064770373952905275]","[0.0896170082480825, 0.06894965385762693, 0.13894854153241112, 0.15147875331356248]",2.3604231767630006,5.571597573399935,0.2335073133055843,response units,ok,,full pairwise interaction vector at1000/5000 vs200,0.909618076384723,1.0
R/saturated/ge10/OLS_HC3/cash-food,R,saturated,ge10,OLS_HC3,cash-food,5497,2,,,,,"[-0.01035985814433965, 0.010777340941894352]","[-0.0896170082480825, -0.06894965385762693]","[0.0688972919594032, 0.09050433574141563]",0.5172152604804741,0.26751162567388465,0.8748036543469234,response units,ok,,full pairwise interaction vector at1000/5000 vs200,1.0,1.0
R/saturated/ge10/OLS_HC3/cash-medical,R,saturated,ge10,OLS_HC3,cash-medical,5497,2,,,,,"[-0.05981759476844564, -0.07250085795913598]","[-0.13894854153241112, -0.15147875331356248]","[0.01931335199551984, 0.0064770373952905275]",1.9248935556875568,3.7052152007274852,0.15682768873052463,response units,ok,,full pairwise interaction vector at1000/5000 vs200,0.9942011597680463,1.0
R/saturated/ge10/OLS_HC3/food-medical,R,saturated,ge10,OLS_HC3,food-medical,5497,2,,,,,"[-0.04945773662410599, -0.08327819890103033]","[-0.12834553496776466, -0.16210323899673917]","[0.029430061719552675, -0.004453158805321503]",2.082980456666477,4.338807582854486,0.11424571088194332,response units,ok,,full pairwise interaction vector at1000/5000 vs200,0.9822035592881424,1.0
R/saturated/ge10/OLS_HC3/restricted-cash,R,saturated,ge10,OLS_HC3,restricted-cash,5497,2,,,,,"[0.03508872645639265, 0.030861758508620815]","[-0.03358353946870221, -0.03801206881835653]","[0.1037609923814875, 0.09973558583559816]",1.0956033931491502,1.2003467950799314,0.5487164817564256,response units,ok,,full pairwise interaction vector at1000/5000 vs200,1.0,1.0
R/saturated/ge10/logit/omnibus,R,saturated,ge10,logit,omnibus,5497,4,,,,,"[0.04189008116135307, -0.042700655743270435, 0.24140581030257116, 0.29232112618481404]","[-0.2757759317660025, -0.36235945392187535, -0.07767145462630251, -0.025910579305431503]","[0.35955609408870864, 0.2769581424353345, 0.5604830752314448, 0.6105528316750596]",2.355783927537711,5.5497179132450025,0.23539367890099286,logit index,ok,,full pairwise interaction vector at1000/5000 vs200,0.9114177164567087,1.0
R/saturated/ge10/logit/cash-food,R,saturated,ge10,logit,cash-food,5497,2,,,,,"[-0.04189008116135307, 0.042700655743270435]","[-0.35955609408870864, -0.2769581424353345]","[0.2757759317660025, 0.36235945392187535]",0.5172386185828877,0.26753578855353394,0.8747930855230585,logit index,ok,,full pairwise interaction vector at1000/5000 vs200,1.0,1.0
R/saturated/ge10/logit/cash-medical,R,saturated,ge10,logit,cash-medical,5497,2,,,,,"[-0.24140581030257116, -0.29232112618481404]","[-0.5604830752314448, -0.6105528316750596]","[0.07767145462630251, 0.025910579305431503]",1.9228939541585253,3.697521158939409,0.1574321701065713,logit index,ok,,full pairwise interaction vector at1000/5000 vs200,0.9946010797840432,1.0
R/saturated/ge10/logit/food-medical,R,saturated,ge10,logit,food-medical,5497,2,,,,,"[-0.1995157291412181, -0.33502178192808446]","[-0.5169085467069084, -0.6520102586234453]","[0.11787708842447223, -0.018033305232723673]",2.0830878823396475,4.339255125550277,0.11422014882536252,logit index,ok,,full pairwise interaction vector at1000/5000 vs200,0.9822035592881424,1.0
R/saturated/ge10/logit/restricted-cash,R,saturated,ge10,logit,restricted-cash,5497,2,,,,,"[0.14164794573196213, 0.12481023522077181]","[-0.13435286626187035, -0.15196794171284936]","[0.4176487577257946, 0.401588412154393]",1.099950992873131,1.2098921867225867,0.5461038644699736,logit index,ok,,full pairwise interaction vector at1000/5000 vs200,1.0,1.0
R/saturated/ge10/probit/omnibus,R,saturated,ge10,probit,omnibus,5497,4,,,,,"[0.026190015819038553, -0.026813767781446517, 0.15099043933106024, 0.18287235790510295]","[-0.17275666659828734, -0.22699293131166348, -0.04858075889824906, -0.016200632307979607]","[0.22513669823636442, 0.17336539574877047, 0.3505616375603695, 0.3819453481181855]",2.3572002855042182,5.556393185981168,0.23481676579358912,probit index,ok,,full pairwise interaction vector at1000/5000 vs200,0.9104179164167167,1.0
R/saturated/ge10/probit/cash-food,R,saturated,ge10,probit,cash-food,5497,2,,,,,"[-0.026190015819038553, 0.026813767781446517]","[-0.22513669823636442, -0.17336539574877047]","[0.17275666659828734, 0.22699293131166348]",0.5173265994549966,0.2676268105036705,0.8747532737426966,probit index,ok,,full pairwise interaction vector at1000/5000 vs200,1.0,1.0
R/saturated/ge10/probit/cash-medical,R,saturated,ge10,probit,cash-medical,5497,2,,,,,"[-0.15099043933106024, -0.18287235790510295]","[-0.3505616375603695, -0.3819453481181855]","[0.04858075889824906, 0.016200632307979607]",1.923668987266117,3.7005023725694484,0.1571976754539895,probit index,ok,,full pairwise interaction vector at1000/5000 vs200,0.9946010797840432,1.0
R/saturated/ge10/probit/food-medical,R,saturated,ge10,probit,food-medical,5497,2,,,,,"[-0.12480042351202168, -0.20968612568654946]","[-0.3234124417330106, -0.4080655755588054]","[0.07381159470896721, -0.01130667581429351]",2.0834406392716227,4.340724897368548,0.11413624088261004,probit index,ok,,full pairwise interaction vector at1000/5000 vs200,0.9822035592881424,1.0
R/saturated/ge10/probit/restricted-cash,R,saturated,ge10,probit,restricted-cash,5497,2,,,,,"[0.08859022757504939, 0.07802929506182822]","[-0.08415970544467044, -0.09521121676815043]","[0.2613401605947692, 0.2512698068918069]",1.099215555200036,1.2082748367937235,0.5465456636050229,probit index,ok,,full pairwise interaction vector at1000/5000 vs200,1.0,1.0
R/saturated/ge25/OLS_HC3/omnibus,R,saturated,ge25,OLS_HC3,omnibus,5497,4,,,,,"[-0.0219165478381188, -0.008312906626215677, 0.01450514587278896, 0.06489887620889695]","[-0.09548010675737559, -0.08088880047770136, -0.05696772635923168, -0.005795527308139217]","[0.05164701108113798, 0.06426298722527002, 0.08597801810480961, 0.1355932797259331]",2.364595445972776,5.591311623115192,0.23181894852512253,response units,ok,,full pairwise interaction vector at1000/5000 vs200,0.9078184363127374,1.0
R/saturated/ge25/OLS_HC3/cash-food,R,saturated,ge25,OLS_HC3,cash-food,5497,2,,,,,"[0.0219165478381188, 0.008312906626215677]","[-0.05164701108113798, -0.06426298722527002]","[0.09548010675737559, 0.08088880047770136]",0.5909434566499878,0.349214168957436,0.839786921269386,response units,ok,,full pairwise interaction vector at1000/5000 vs200,1.0,1.0
R/saturated/ge25/OLS_HC3/cash-medical,R,saturated,ge25,OLS_HC3,cash-medical,5497,2,,,,,"[-0.01450514587278896, -0.06489887620889695]","[-0.08597801810480961, -0.1355932797259331]","[0.05696772635923168, 0.005795527308139217]",1.8951240209674143,3.5914950548477003,0.1660033139245676,response units,ok,,full pairwise interaction vector at1000/5000 vs200,0.996000799840032,1.0
R/saturated/ge25/OLS_HC3/food-medical,R,saturated,ge25,OLS_HC3,food-medical,5497,2,,,,,"[-0.03642169371090776, -0.07321178283511262]","[-0.10636295852921099, -0.14259913331465585]","[0.03351957110739547, -0.003824432355569396]",2.0689074081215426,4.280377863380199,0.11763261639316207,response units,ok,,full pairwise interaction vector at1000/5000 vs200,0.9846030793841232,1.0
R/saturated/ge25/OLS_HC3/restricted-cash,R,saturated,ge25,OLS_HC3,restricted-cash,5497,2,,,,,"[-0.003705700982664921, 0.028292984791340636]","[-0.06724340004302476, -0.03438738236491559]","[0.059831998077694924, 0.09097335194759687]",1.1022510016623401,1.2149572706656322,0.5447225833268952,response units,ok,,full pairwise interaction vector at1000/5000 vs200,1.0,1.0
R/saturated/ge25/logit/omnibus,R,saturated,ge25,logit,omnibus,5497,4,,,,,"[-0.11166370884241232, -0.0598111971725677, 0.05872047418437889, 0.30414182980212673]","[-0.454267412015263, -0.4119829661006304, -0.29621602411512915, -0.052548736502946336]","[0.23093999433043833, 0.29236057175549496, 0.4136569724838869, 0.6608323961071998]",2.2157615879147268,4.909599414478391,0.296699563296448,logit index,ok,,full pairwise interaction vector at1000/5000 vs200,0.9586082783443312,1.0
R/saturated/ge25/logit/cash-food,R,saturated,ge25,logit,cash-food,5497,2,,,,,"[0.11166370884241232, 0.0598111971725677]","[-0.23093999433043833, -0.29236057175549496]","[0.454267412015263, 0.4119829661006304]",0.6399490196319452,0.4095347477278877,0.814836846712876,logit index,ok,,full pairwise interaction vector at1000/5000 vs200,1.0,1.0
R/saturated/ge25/logit/cash-medical,R,saturated,ge25,logit,cash-medical,5497,2,,,,,"[-0.05872047418437889, -0.30414182980212673]","[-0.4136569724838869, -0.6608323961071998]","[0.29621602411512915, 0.052548736502946336]",1.7620673214809774,3.1048812454311463,0.21173058822883184,logit index,ok,,full pairwise interaction vector at1000/5000 vs200,0.9992001599680064,1.0
R/saturated/ge25/logit/food-medical,R,saturated,ge25,logit,food-medical,5497,2,,,,,"[-0.1703841830267912, -0.36395302697469445]","[-0.5292804380848989, -0.7249268862395862]","[0.18851207203131648, -0.002979167709802666]",1.9764377147165548,3.9063060401539977,0.1418261850510408,logit index,ok,,full pairwise interaction vector at1000/5000 vs200,0.9918016396720656,1.0
R/saturated/ge25/logit/restricted-cash,R,saturated,ge25,logit,restricted-cash,5497,2,,,,,"[-0.026471617329016716, 0.12216531631477952]","[-0.32559864244167713, -0.18287734577091924]","[0.2726554077836437, 0.42720797840047825]",1.0005508111339645,1.0011019256608342,0.6061965759059544,logit index,ok,,full pairwise interaction vector at1000/5000 vs200,1.0,1.0
R/saturated/ge25/probit/omnibus,R,saturated,ge25,probit,omnibus,5497,4,,,,,"[-0.06653066790947605, -0.03354261142507252, 0.03678408495461546, 0.18429661387499877]","[-0.27431964921126284, -0.24520027894391694, -0.1754036249926558, -0.028332758824068077]","[0.1412583133923107, 0.17811505609377193, 0.24897179490188673, 0.39692598657406564]",2.2461214214450638,5.045061439874393,0.2827050830366505,probit index,ok,,full pairwise interaction vector at1000/5000 vs200,0.9524095180963807,1.0
R/saturated/ge25/probit/cash-food,R,saturated,ge25,probit,cash-food,5497,2,,,,,"[0.06653066790947605, 0.03354261142507252]","[-0.1412583133923107, -0.17811505609377193]","[0.27431964921126284, 0.24520027894391694]",0.6276665913044889,0.39396534983979625,0.8212048606294033,probit index,ok,,full pairwise interaction vector at1000/5000 vs200,1.0,1.0
R/saturated/ge25/probit/cash-medical,R,saturated,ge25,probit,cash-medical,5497,2,,,,,"[-0.03678408495461546, -0.18429661387499877]","[-0.24897179490188673, -0.39692598657406564]","[0.1754036249926558, 0.028332758824068077]",1.7902642240272928,3.2050459918320446,0.20138777595121152,probit index,ok,,full pairwise interaction vector at1000/5000 vs200,0.999000199960008,1.0
R/saturated/ge25/probit/food-medical,R,saturated,ge25,probit,food-medical,5497,2,,,,,"[-0.1033147528640915, -0.21783922530007127]","[-0.3165644342801648, -0.43172847391507985]","[0.10993492855198181, -0.003949976685062695]",1.996526908087148,3.986119694716027,0.13627779757373437,probit index,ok,,full pairwise interaction vector at1000/5000 vs200,0.9908018396320736,1.0
R/saturated/ge25/probit/restricted-cash,R,saturated,ge25,probit,restricted-cash,5497,2,,,,,"[-0.014873291477430297, 0.07537700122496313]","[-0.19579063681926484, -0.1078385999357594]","[0.16604405386440424, 0.25859260238568565]",1.021692237279495,1.0438550277171799,0.593375705079488,probit index,ok,,full pairwise interaction vector at1000/5000 vs200,1.0,1.0
R/saturated/ge50/OLS_HC3/omnibus,R,saturated,ge50,OLS_HC3,omnibus,5497,4,,,,,"[-0.014100984703350255, 0.02763319769110301, 0.016946815502012727, 0.060353063156584195]","[-0.07173483578483171, -0.029027477940975998, -0.038144519868219255, 0.006606628889165661]","[0.0435328663781312, 0.08429387332318201, 0.07203815087224472, 0.11409949742400273]",2.5309084901234895,6.405497785379161,0.1708430323988936,response units,ok,,full pairwise interaction vector at1000/5000 vs200,0.8294341131773645,1.0
R/saturated/ge50/OLS_HC3/cash-food,R,saturated,ge50,OLS_HC3,cash-food,5497,2,,,,,"[0.014100984703350255, -0.02763319769110301]","[-0.0435328663781312, -0.08429387332318201]","[0.07173483578483171, 0.029027477940975998]",1.534694460533782,2.355287087193076,0.30800368136490414,response units,ok,,full pairwise interaction vector at1000/5000 vs200,1.0,1.0
R/saturated/ge50/OLS_HC3/cash-medical,R,saturated,ge50,OLS_HC3,cash-medical,5497,2,,,,,"[-0.016946815502012727, -0.060353063156584195]","[-0.07203815087224472, -0.11409949742400273]","[0.038144519868219255, -0.006606628889165661]",2.300942438976727,5.2943361074841695,0.07085157707502533,response units,ok,,full pairwise interaction vector at1000/5000 vs200,0.9330133973205359,1.0
R/saturated/ge50/OLS_HC3/food-medical,R,saturated,ge50,OLS_HC3,food-medical,5497,2,,,,,"[-0.031047800205362984, -0.03271986546548118]","[-0.0836044642759032, -0.08580744065074494]","[0.02150886386517723, 0.020367709719782585]",1.3508020981325504,1.8246663083193002,0.401586167706517,response units,ok,,full pairwise interaction vector at1000/5000 vs200,1.0,1.0
R/saturated/ge50/OLS_HC3/restricted-cash,R,saturated,ge50,OLS_HC3,restricted-cash,5497,2,,,,,"[0.001422915399331236, 0.043993130423843604]","[-0.04845500834577843, -0.00443189430521615]","[0.051300839144440905, 0.09241815515290336]",2.0837264549236916,4.341915938948855,0.11406829061316177,response units,ok,,full pairwise interaction vector at1000/5000 vs200,0.9822035592881424,1.0
R/saturated/ge50/logit/omnibus,R,saturated,ge50,logit,omnibus,5497,4,,,,,"[-0.14621157652777947, 0.20669603147206334, 0.09115924522216004, 0.4671171961099601]","[-0.5862768598261381, -0.24754720215948867, -0.37519983468200135, -0.006807229325976771]","[0.2938537067705791, 0.6609392651036153, 0.5575183251263214, 0.941041621545897]",2.241751396868938,5.025449325363835,0.28469618946876085,logit index,ok,,full pairwise interaction vector at1000/5000 vs200,0.9530093981203759,1.0
R/saturated/ge50/logit/cash-food,R,saturated,ge50,logit,cash-food,5497,2,,,,,"[0.14621157652777947, -0.20669603147206334]","[-0.2938537067705791, -0.6609392651036153]","[0.5862768598261381, 0.24754720215948867]",1.46098601011576,2.1344801217539673,0.34395650764135277,logit index,ok,,full pairwise interaction vector at1000/5000 vs200,1.0,1.0
R/saturated/ge50/logit/cash-medical,R,saturated,ge50,logit,cash-medical,5497,2,,,,,"[-0.09115924522216004, -0.4671171961099601]","[-0.5575183251263214, -0.941041621545897]","[0.37519983468200135, 0.006807229325976771]",2.0171582885201143,4.068927560945396,0.13075057472130924,logit index,ok,,full pairwise interaction vector at1000/5000 vs200,0.9886022795440912,1.0
R/saturated/ge50/logit/food-medical,R,saturated,ge50,logit,food-medical,5497,2,,,,,"[-0.2373708217499395, -0.2604211646378968]","[-0.7181731857810774, -0.7345539867629756]","[0.2434315422811983, 0.21371165748718202]",1.1967219288026245,1.432143374877074,0.4886681315767477,logit index,ok,,full pairwise interaction vector at1000/5000 vs200,1.0,1.0
R/saturated/ge50/logit/restricted-cash,R,saturated,ge50,logit,restricted-cash,5497,2,,,,,"[-0.027526165652809714, 0.3369066137910117]","[-0.41194962249731293, -0.06218003708614167]","[0.35689729119169344, 0.7359932646681651]",1.9218014201726283,3.6933206985775313,0.15776316135892277,logit index,ok,,full pairwise interaction vector at1000/5000 vs200,0.9946010797840432,1.0
R/saturated/ge50/probit/omnibus,R,saturated,ge50,probit,omnibus,5497,4,,,,,"[-0.07625084333656286, 0.11395745152167987, 0.05430177383223916, 0.2559663804808285]","[-0.3175997603530662, -0.13270886561072665, -0.19585382860770373, 0.0033830839653107847]","[0.1650980736799405, 0.3606237686540864, 0.30445737627218206, 0.5085496769963462]",2.2951297516976736,5.267620577127825,0.2609233678528198,probit index,ok,,full pairwise interaction vector at1000/5000 vs200,0.9348130373925215,1.0
R/saturated/ge50/probit/cash-food,R,saturated,ge50,probit,cash-food,5497,2,,,,,"[0.07625084333656286, -0.11395745152167987]","[-0.1650980736799405, -0.3606237686540864]","[0.3175997603530662, 0.13270886561072665]",1.4744553827724396,2.1740186757866216,0.33722350870433637,probit index,ok,,full pairwise interaction vector at1000/5000 vs200,1.0,1.0
R/saturated/ge50/probit/cash-medical,R,saturated,ge50,probit,cash-medical,5497,2,,,,,"[-0.05430177383223916, -0.2559663804808285]","[-0.30445737627218206, -0.5085496769963462]","[0.19585382860770373, -0.0033830839653107847]",2.072054767118873,4.293410957940047,0.11686855012760938,probit index,ok,,full pairwise interaction vector at1000/5000 vs200,0.9840031993601279,1.0
R/saturated/ge50/probit/food-medical,R,saturated,ge50,probit,food-medical,5497,2,,,,,"[-0.130552617168802, -0.14200892895914863]","[-0.3853315683548375, -0.3944951367724973]","[0.12422633401723349, 0.11047727885420006]",1.227706248102404,1.5072626316296813,0.47065435126128863,probit index,ok,,full pairwise interaction vector at1000/5000 vs200,1.0,1.0
R/saturated/ge50/probit/restricted-cash,R,saturated,ge50,probit,restricted-cash,5497,2,,,,,"[-0.010974534752161851, 0.18496191600125417]","[-0.22117796977809293, -0.03040747727263718]","[0.19922890027376924, 0.4003313092751455]",1.954205746679999,3.8189201003571323,0.14816036416375628,probit index,ok,,full pairwise interaction vector at1000/5000 vs200,0.9928014397120576,1.0
R/saturated/top75/OLS_HC3/omnibus,R,saturated,top75,OLS_HC3,omnibus,5497,4,,,,,"[0.0166308149612347, 0.056407342061813866, 0.03713658730103539, 0.061722947217622066]","[-0.030486822699517042, 0.011029073173409239, -0.0066239793553377405, 0.021144347266303154]","[0.06374845262198645, 0.10178561095021849, 0.08089715395740851, 0.10230154716894098]",3.327499210566567,11.072250996321126,0.02576390133888968,response units,ok,,full pairwise interaction vector at1000/5000 vs200,0.2689462107578484,1.0
R/saturated/top75/OLS_HC3/cash-food,R,saturated,top75,OLS_HC3,cash-food,5497,2,,,,,"[-0.0166308149612347, -0.056407342061813866]","[-0.06374845262198645, -0.10178561095021849]","[0.030486822699517042, -0.011029073173409239]",2.620773291536239,6.868452645629692,0.03225035194376803,response units,ok,,full pairwise interaction vector at1000/5000 vs200,0.7746450709858028,1.0
R/saturated/top75/OLS_HC3/cash-medical,R,saturated,top75,OLS_HC3,cash-medical,5497,2,,,,,"[-0.03713658730103539, -0.061722947217622066]","[-0.08089715395740851, -0.10230154716894098]","[0.0066239793553377405, -0.021144347266303154]",2.9868976404011036,8.92155751423368,0.011553362519931698,response units,ok,,full pairwise interaction vector at1000/5000 vs200,0.50249950009998,1.0
R/saturated/top75/OLS_HC3/food-medical,R,saturated,top75,OLS_HC3,food-medical,5497,2,,,,,"[-0.02050577233980069, -0.005315605155808201]","[-0.06097707658820675, -0.045270845754815624]","[0.019965531908605377, 0.03463963544319922]",1.0584580480523968,1.12033343948689,0.5711138399583084,response units,ok,,full pairwise interaction vector at1000/5000 vs200,1.0,1.0
R/saturated/top75/OLS_HC3/restricted-cash,R,saturated,top75,OLS_HC3,restricted-cash,5497,2,,,,,"[0.026883701131135043, 0.059065144639717966]","[-0.01383543281737399, 0.020936419014179128]","[0.06760283507964407, 0.0971938702652568]",3.120073353086531,9.73485772864063,0.007693119936228302,response units,ok,,full pairwise interaction vector at1000/5000 vs200,0.40431913617276544,1.0
R/saturated/top75/logit/omnibus,R,saturated,top75,logit,omnibus,5497,4,,,,,"[0.09224674173771703, 0.7046585939452855, 0.31104472213896706, 0.6093707884224381]","[-0.453107935570126, 0.11552458907160468, -0.29786926504810063, -0.06113795046399395]","[0.6376014190455601, 1.2937925988189662, 0.9199587093260347, 1.2798795273088701]",2.635247352843068,6.944528610666398,0.13884883314676735,logit index,ok,,full pairwise interaction vector at1000/5000 vs200,0.7660467906418716,1.0
R/saturated/top75/logit/cash-food,R,saturated,top75,logit,cash-food,5497,2,,,,,"[-0.09224674173771703, -0.7046585939452855]","[-0.6376014190455601, -1.2937925988189662]","[0.453107935570126, -0.11552458907160468]",2.4243522378705213,5.877483773267805,0.05293228167507558,logit index,ok,,full pairwise interaction vector at1000/5000 vs200,0.8834233153369326,1.0
R/saturated/top75/logit/cash-medical,R,saturated,top75,logit,cash-medical,5497,2,,,,,"[-0.31104472213896706, -0.6093707884224381]","[-0.9199587093260347, -1.2798795273088701]","[0.29786926504810063, 0.06113795046399395]",1.8082496440229268,3.2697667751090416,0.19497510649752944,logit index,ok,,full pairwise interaction vector at1000/5000 vs200,0.9984003199360127,1.0
R/saturated/top75/logit/food-medical,R,saturated,top75,logit,food-medical,5497,2,,,,,"[-0.21879798040125004, 0.09528780552284744]","[-0.8526015311488642, -0.5584816309476774]","[0.41500557034636404, 0.7490572419933723]",0.9350151525678122,0.8742533355314092,0.6458896128346963,logit index,ok,,full pairwise interaction vector at1000/5000 vs200,1.0,1.0
R/saturated/top75/logit/restricted-cash,R,saturated,top75,logit,restricted-cash,5497,2,,,,,"[0.20164573193834204, 0.6570146911838618]","[-0.2817456712658587, 0.11712877425784951]","[0.6850371351425428, 1.196900608109874]",2.3869734110269287,5.697642064949531,0.057912557667246393,logit index,ok,,full pairwise interaction vector at1000/5000 vs200,0.9010197960407919,1.0
R/saturated/top75/probit/omnibus,R,saturated,top75,probit,omnibus,5497,4,,,,,"[0.055843795472694024, 0.35237823912795596, 0.1695362832531949, 0.3212513024191781]","[-0.22031842820430475, 0.06199942586532453, -0.12671367676093956, 0.005934190153723318]","[0.3320060191496928, 0.6427570523905874, 0.4657862432673293, 0.6365684146846329]",2.744399687351674,7.531729643935965,0.11031826123909733,probit index,ok,,full pairwise interaction vector at1000/5000 vs200,0.6918616276744651,1.0
R/saturated/top75/probit/cash-food,R,saturated,top75,probit,cash-food,5497,2,,,,,"[-0.055843795472694024, -0.35237823912795596]","[-0.3320060191496928, -0.6427570523905874]","[0.22031842820430475, -0.06199942586532453]",2.4709838111148574,6.105760994791705,0.04722270341902803,probit index,ok,,full pairwise interaction vector at1000/5000 vs200,0.8612277544491101,1.0
R/saturated/top75/probit/cash-medical,R,saturated,top75,probit,cash-medical,5497,2,,,,,"[-0.1695362832531949, -0.3212513024191781]","[-0.4657862432673293, -0.6365684146846329]","[0.12671367676093956, -0.005934190153723318]",2.0176669291885716,4.07097983714124,0.13061647538924606,probit index,ok,,full pairwise interaction vector at1000/5000 vs200,0.9886022795440912,1.0
R/saturated/top75/probit/food-medical,R,saturated,top75,probit,food-medical,5497,2,,,,,"[-0.11369248778050087, 0.031126936708777864]","[-0.4181722110066757, -0.27906105651294993]","[0.19078723544567391, 0.34131492993050566]",0.9449197245240669,0.8928732857946385,0.639904301383481,probit index,ok,,full pairwise interaction vector at1000/5000 vs200,1.0,1.0
R/saturated/top75/probit/restricted-cash,R,saturated,top75,probit,restricted-cash,5497,2,,,,,"[0.11269003936294446, 0.33681477077356703]","[-0.1298750670174426, 0.076395454180329]","[0.3552551457433315, 0.597234087366805]",2.539853752750397,6.450857085360275,0.039738748177063604,probit index,ok,,full pairwise interaction vector at1000/5000 vs200,0.823635272945411,1.0
R/endpoint/ordinal/OLS_HC3/omnibus,R,endpoint,ordinal,OLS_HC3,omnibus,3670,2,,,,,"[0.07460003128143326, 0.29036097486834744]","[-0.17639341639116518, 0.04701370631307161]","[0.32559347895403173, 0.5337082434236233]",2.4508016128245322,6.006428545423328,0.04962729606604818,response units,ok,,5000-minus200 response/link difference-in-differences,0.8702259548090382,1.0
R/endpoint/ordinal/OLS_HC3/cash-food,R,endpoint,ordinal,OLS_HC3,cash-food,3670,1,-0.07460003128143326,0.12805788146561145,-0.32559347895403173,0.17639341639116518,[-0.07460003128143326],[-0.32559347895403173],[0.17639341639116518],0.5825493161970378,0.3393637058016363,0.5601967334221833,response units,ok,,5000-minus200 response/link difference-in-differences,1.0,1.0
R/endpoint/ordinal/OLS_HC3/cash-medical,R,endpoint,ordinal,OLS_HC3,cash-medical,3670,1,-0.29036097486834744,0.1241567696710591,-0.5337082434236233,-0.04701370631307161,[-0.29036097486834744],[-0.5337082434236233],[-0.04701370631307161],2.338664058654471,5.469349579242204,0.01935282666123637,response units,ok,,5000-minus200 response/link difference-in-differences,0.9178164367126574,1.0
R/endpoint/ordinal/OLS_HC3/food-medical,R,endpoint,ordinal,OLS_HC3,food-medical,3670,1,-0.21576094358691417,0.12395580255648873,-0.45871431659763207,0.02719242942380376,[-0.21576094358691417],[-0.45871431659763207],[0.02719242942380376],1.7406280233520195,3.0297859156783584,0.08174880223041481,response units,ok,,5000-minus200 response/link difference-in-differences,0.9992001599680064,1.0
R/endpoint/ordinal/OLS_HC3/restricted-cash,R,endpoint,ordinal,OLS_HC3,restricted-cash,3670,1,0.18248050307489036,0.10984353409942117,-0.03281282375997513,0.39777382990975585,[0.18248050307489036],[-0.03281282375997513],[0.39777382990975585],1.6612766929888134,2.7598402506678483,0.09665788874567219,response units,ok,,5000-minus200 response/link difference-in-differences,0.9996000799840032,1.0
R/endpoint/ordinal/ordered_logit/omnibus,R,endpoint,ordinal,ordered_logit,omnibus,3670,2,,,,,"[0.04371004080399371, 0.3015074599688111]","[-0.23885491704132528, 0.01839959905270383]","[0.3262749986493127, 0.5846153208849184]",2.246778144423429,5.048012030258787,0.0801379291005474,latent location index,ok,,5000-minus200 response/link difference-in-differences,0.9518096380723855,1.0
R/endpoint/ordinal/ordered_logit/cash-food,R,endpoint,ordinal,ordered_logit,cash-food,3670,1,-0.04371004080399371,0.1441657948190403,-0.3262749986493127,0.23885491704132528,[-0.04371004080399371],[-0.3262749986493127],[0.23885491704132528],0.30319286803682804,0.09192591522839742,0.761742883860234,latent location index,ok,,5000-minus200 response/link difference-in-differences,1.0,1.0
R/endpoint/ordinal/ordered_logit/cash-medical,R,endpoint,ordinal,ordered_logit,cash-medical,3670,1,-0.3015074599688111,0.1444427861816874,-0.5846153208849184,-0.01839959905270383,[-0.3015074599688111],[-0.5846153208849184],[-0.01839959905270383],2.0873833019916956,4.357169049433755,0.036853500148796396,latent location index,ok,,5000-minus200 response/link difference-in-differences,0.9816036792641472,1.0
R/endpoint/ordinal/ordered_logit/food-medical,R,endpoint,ordinal,ordered_logit,food-medical,3670,1,-0.2577974191648174,0.14546483283298764,-0.5429084915174731,0.02731365318783835,[-0.2577974191648174],[-0.5429084915174731],[0.02731365318783835],1.7722319143679355,3.1408059583042376,0.0763560679586354,latent location index,ok,,5000-minus200 response/link difference-in-differences,0.999000199960008,1.0
R/endpoint/ordinal/ordered_logit/restricted-cash,R,endpoint,ordinal,ordered_logit,restricted-cash,3670,1,0.17260875038640242,0.12463443761691582,-0.07167474734275259,0.4168922481155574,[0.17260875038640242],[-0.07167474734275259],[0.4168922481155574],1.3849202009234671,1.9180039629258965,0.1660768693220636,latent location index,ok,,5000-minus200 response/link difference-in-differences,1.0,1.0
R/endpoint/ordinal/ordered_probit/omnibus,R,endpoint,ordinal,ordered_probit,omnibus,3670,2,,,,,"[0.05113114016631412, 0.1873105305952851]","[-0.11703301422411691, 0.01962112212954692]","[0.21929529455674515, 0.3549999390610233]",2.2577132372259983,5.0972690615454965,0.07818835693830888,latent location index,ok,,5000-minus200 response/link difference-in-differences,0.9474105178964207,1.0
R/endpoint/ordinal/ordered_probit/cash-food,R,endpoint,ordinal,ordered_probit,cash-food,3670,1,-0.05113114016631412,0.08579803795430155,-0.21929529455674515,0.11703301422411691,[-0.05113114016631412],[-0.21929529455674515],[0.11703301422411691],0.5959476625042173,0.3551536164442404,0.5512101910798926,latent location index,ok,,5000-minus200 response/link difference-in-differences,1.0,1.0
R/endpoint/ordinal/ordered_probit/cash-medical,R,endpoint,ordinal,ordered_probit,cash-medical,3670,1,-0.1873105305952851,0.08555582064578479,-0.3549999390610233,-0.01962112212954692,[-0.1873105305952851],[-0.3549999390610233],[-0.01962112212954692],2.1893370805334404,4.7931968521986885,0.028572349131519147,latent location index,ok,,5000-minus200 response/link difference-in-differences,0.9654069186162767,1.0
R/endpoint/ordinal/ordered_probit/food-medical,R,endpoint,ordinal,ordered_probit,food-medical,3670,1,-0.13617939042897098,0.08639848492717205,-0.3055204208862282,0.03316164002828623,[-0.13617939042897098],[-0.3055204208862282],[0.03316164002828623],1.5761779913590013,2.484337060444496,0.114984789133571,latent location index,ok,,5000-minus200 response/link difference-in-differences,1.0,1.0
R/endpoint/ordinal/ordered_probit/restricted-cash,R,endpoint,ordinal,ordered_probit,restricted-cash,3670,1,0.11922083538079961,0.07398902845802909,-0.0257976603969374,0.2642393311585366,[0.11922083538079961],[-0.0257976603969374],[0.2642393311585366],1.6113312725606155,2.5963884699318123,0.10710753813033419,latent location index,ok,,5000-minus200 response/link difference-in-differences,0.9998000399920016,1.0
R/endpoint/ordinal/ordered_location_scale/omnibus,R,endpoint,ordinal,ordered_location_scale,omnibus,3670,2,,,,,"[0.03707815814004912, 0.1644795482058984]","[-0.11853810739717113, 0.0056209343255067545]","[0.19269442367726936, 0.32333816208629007]",2.110740432541863,4.455225173567011,0.10778545161721122,latent location index,ok,,5000-minus200 response/link difference-in-differences,0.9788042391521695,1.0
R/endpoint/ordinal/ordered_location_scale/cash-food,R,endpoint,ordinal,ordered_location_scale,cash-food,3670,1,-0.03707815814004912,0.07939605384552054,-0.19269442367726936,0.11853810739717113,[-0.03707815814004912],[-0.19269442367726936],[0.11853810739717113],0.4670025315388019,0.21809136446364966,0.6404980668692855,latent location index,ok,,5000-minus200 response/link difference-in-differences,1.0,1.0
R/endpoint/ordinal/ordered_location_scale/cash-medical,R,endpoint,ordinal,ordered_location_scale,cash-medical,3670,1,-0.1644795482058984,0.08105031320428147,-0.32333816208629007,-0.0056209343255067545,[-0.1644795482058984],[-0.32333816208629007],[-0.0056209343255067545],2.029351173404347,4.1182661849976,0.0424225345309054,latent location index,ok,,5000-minus200 response/link difference-in-differences,0.9878024395120976,1.0
R/endpoint/ordinal/ordered_location_scale/food-medical,R,endpoint,ordinal,ordered_location_scale,food-medical,3670,1,-0.1274013900658493,0.08175215070077917,-0.2876356054393765,0.032832825307677865,[-0.1274013900658493],[-0.2876356054393765],[0.032832825307677865],1.5583857913677501,2.428566274736889,0.11914182276933707,latent location index,ok,,5000-minus200 response/link difference-in-differences,1.0,1.0
R/endpoint/ordinal/ordered_location_scale/restricted-cash,R,endpoint,ordinal,ordered_location_scale,restricted-cash,3670,1,0.10077885317297376,0.06903325128027603,-0.03452631933636725,0.2360840256823148,[0.10077885317297376],[-0.03452631933636725],[0.2360840256823148],1.4598595793179452,2.131189991326368,0.1443286701362495,latent location index,ok,,5000-minus200 response/link difference-in-differences,1.0,1.0
R/endpoint/midpoint/OLS_HC3/omnibus,R,endpoint,midpoint,OLS_HC3,omnibus,3670,2,,,,,"[0.018482872950080508, 0.05410564659652827]","[-0.02412755796376898, 0.01382325016216808]","[0.06109330386393, 0.09438804303088846]",2.7151067496268793,7.3718046618694375,0.02507453898028856,response units,ok,,5000-minus200 response/link difference-in-differences,0.710257948410318,1.0
R/endpoint/midpoint/OLS_HC3/cash-food,R,endpoint,midpoint,OLS_HC3,cash-food,3670,1,-0.018482872950080508,0.02174001577237219,-0.06109330386393,0.02412755796376898,[-0.018482872950080508],[-0.06109330386393],[0.02412755796376898],0.8501775317738755,0.722801835533119,0.3952263913928252,response units,ok,,5000-minus200 response/link difference-in-differences,1.0,1.0
R/endpoint/midpoint/OLS_HC3/cash-medical,R,endpoint,midpoint,OLS_HC3,cash-medical,3670,1,-0.05410564659652827,0.0205522430787552,-0.09438804303088846,-0.01382325016216808,[-0.05410564659652827],[-0.09438804303088846],[-0.01382325016216808],2.6325908266653935,6.93053446064278,0.008473636306066958,response units,ok,,5000-minus200 response/link difference-in-differences,0.7684463107378524,1.0
R/endpoint/midpoint/OLS_HC3/food-medical,R,endpoint,midpoint,OLS_HC3,food-medical,3670,1,-0.03562277364644777,0.02039789059261392,-0.07560263920797106,0.004357091915075516,[-0.03562277364644777],[-0.07560263920797106],[0.004357091915075516],1.7463949757308128,3.0498954112578263,0.08074234239855224,response units,ok,,5000-minus200 response/link difference-in-differences,0.9992001599680064,1.0
R/endpoint/midpoint/OLS_HC3/restricted-cash,R,endpoint,midpoint,OLS_HC3,restricted-cash,3670,1,0.03629425977330439,0.018533564296123788,-3.1526247098234705e-05,0.07262004579370701,[0.03629425977330439],[-3.1526247098234705e-05],[0.07262004579370701],1.9582989647002316,3.8349348351459986,0.050194942223697546,response units,ok,,5000-minus200 response/link difference-in-differences,0.9926014797040592,1.0
R/endpoint/any_spending/OLS_HC3/omnibus,R,endpoint,any_spending,OLS_HC3,omnibus,3670,2,,,,,"[0.009649739096626461, 0.030885230326107696]","[-0.0627042061329586, -0.04272404353120948]","[0.08200368432621152, 0.10449450418342487]",0.8358641699559732,0.6986689106161881,0.7051572472416068,response units,ok,,5000-minus200 response/link difference-in-differences,1.0,1.0
R/endpoint/any_spending/OLS_HC3/cash-food,R,endpoint,any_spending,OLS_HC3,cash-food,3670,1,-0.009649739096626461,0.036915278178359726,-0.08200368432621152,0.0627042061329586,[-0.009649739096626461],[-0.08200368432621152],[0.0627042061329586],0.2614023128852725,0.0683311691817699,0.793782273604623,response units,ok,,5000-minus200 response/link difference-in-differences,1.0,1.0
R/endpoint/any_spending/OLS_HC3/cash-medical,R,endpoint,any_spending,OLS_HC3,cash-medical,3670,1,-0.030885230326107696,0.03755575196801897,-0.10449450418342487,0.04272404353120948,[-0.030885230326107696],[-0.10449450418342487],[0.04272404353120948],0.8223834887504947,0.6763146025694351,0.41085867350717387,response units,ok,,5000-minus200 response/link difference-in-differences,1.0,1.0
R/endpoint/any_spending/OLS_HC3/food-medical,R,endpoint,any_spending,OLS_HC3,food-medical,3670,1,-0.021235491229481235,0.03806478820199296,-0.09584247610538743,0.05337149364642496,[-0.021235491229481235],[-0.09584247610538743],[0.05337149364642496],0.5578775617190852,0.31122737386963173,0.5769279945672663,response units,ok,,5000-minus200 response/link difference-in-differences,1.0,1.0
R/endpoint/any_spending/OLS_HC3/restricted-cash,R,endpoint,any_spending,OLS_HC3,restricted-cash,3670,1,0.02026748471136708,0.032005532478289994,-0.0424633589460813,0.08299832836881546,[0.02026748471136708],[-0.0424633589460813],[0.08299832836881546],0.6332494147727405,0.4010048213100184,0.5265707811079886,response units,ok,,5000-minus200 response/link difference-in-differences,1.0,1.0
R/endpoint/any_spending/logit/omnibus,R,endpoint,any_spending,logit,omnibus,3670,2,,,,,"[0.04520092333076146, 0.13181157286850034]","[-0.3072413121473134, -0.21076581555126503]","[0.39764315880883633, 0.4743889612882657]",0.7752852963189605,0.6010672906883784,0.7404229919527254,logit index,ok,,5000-minus200 response/link difference-in-differences,1.0,1.0
R/endpoint/any_spending/logit/cash-food,R,endpoint,any_spending,logit,cash-food,3670,1,-0.04520092333076146,0.17981746708065044,-0.39764315880883633,0.3072413121473134,[-0.04520092333076146],[-0.39764315880883633],[0.3072413121473134],0.25137114911360786,0.06318745460669568,0.8015271713931661,logit index,ok,,5000-minus200 response/link difference-in-differences,1.0,1.0
R/endpoint/any_spending/logit/cash-medical,R,endpoint,any_spending,logit,cash-medical,3670,1,-0.13181157286850034,0.17478438184681908,-0.4743889612882657,0.21076581555126503,[-0.13181157286850034],[-0.4743889612882657],[0.21076581555126503],0.7541381642669877,0.5687243708039821,0.4507662631291024,logit index,ok,,5000-minus200 response/link difference-in-differences,1.0,1.0
R/endpoint/any_spending/logit/food-medical,R,endpoint,any_spending,logit,food-medical,3670,1,-0.08661064953773889,0.17107213903689264,-0.42191204205004845,0.24869074297457067,[-0.08661064953773889],[-0.42191204205004845],[0.24869074297457067],0.5062814437543266,0.25632090028996535,0.612659087746621,logit index,ok,,5000-minus200 response/link difference-in-differences,1.0,1.0
R/endpoint/any_spending/logit/restricted-cash,R,endpoint,any_spending,logit,restricted-cash,3670,1,0.0885062480996309,0.15532395698595,-0.2159287075928311,0.39294120379209285,[0.0885062480996309],[-0.2159287075928311],[0.39294120379209285],0.5698171088162326,0.32469153749969026,0.5688017502521101,logit index,ok,,5000-minus200 response/link difference-in-differences,1.0,1.0
R/endpoint/any_spending/probit/omnibus,R,endpoint,any_spending,probit,omnibus,3670,2,,,,,"[0.02739505213151939, 0.08146959325752327]","[-0.18439946296586224, -0.12619284174957074]","[0.239189567228901, 0.28913202826461726]",0.7884738620500528,0.6216910311361257,0.7328270774999381,probit index,ok,,5000-minus200 response/link difference-in-differences,1.0,1.0
R/endpoint/any_spending/probit/cash-food,R,endpoint,any_spending,probit,cash-food,3670,1,-0.02739505213151939,0.10805842607009267,-0.239189567228901,0.18439946296586224,[-0.02739505213151939],[-0.239189567228901],[0.18439946296586224],0.2535207399166581,0.06427276556788979,0.7998658364039992,probit index,ok,,5000-minus200 response/link difference-in-differences,1.0,1.0
R/endpoint/any_spending/probit/cash-medical,R,endpoint,any_spending,probit,cash-medical,3670,1,-0.08146959325752327,0.1059502219423949,-0.28913202826461726,0.12619284174957074,[-0.08146959325752327],[-0.28913202826461726],[0.12619284174957074],0.768942167028383,0.5912720562343057,0.4419276436170402,probit index,ok,,5000-minus200 response/link difference-in-differences,1.0,1.0
R/endpoint/any_spending/probit/food-medical,R,endpoint,any_spending,probit,food-medical,3670,1,-0.054074541126003885,0.10452798631969097,-0.25894939431259817,0.1508003120605904,[-0.054074541126003885],[-0.25894939431259817],[0.1508003120605904],0.5173211790440597,0.2676212022875361,0.6049319719764827,probit index,ok,,5000-minus200 response/link difference-in-differences,1.0,1.0
R/endpoint/any_spending/probit/restricted-cash,R,endpoint,any_spending,probit,restricted-cash,3670,1,0.054432322694521335,0.09337832460577687,-0.12858919353280132,0.237453838921844,[0.054432322694521335],[-0.12858919353280132],[0.237453838921844],0.5829224600497263,0.3397985944304247,0.5599455000956265,probit index,ok,,5000-minus200 response/link difference-in-differences,1.0,1.0
R/endpoint/ge10/OLS_HC3/omnibus,R,endpoint,ge10,OLS_HC3,omnibus,3670,2,,,,,"[-0.010777340941894867, 0.0725008579591358]","[-0.0905043357414162, -0.006477037395290708]","[0.06894965385762647, 0.1514787533135623]",2.2582498201983126,5.099692250425711,0.07809368172532376,response units,ok,,5000-minus200 response/link difference-in-differences,0.9474105178964207,1.0
R/endpoint/ge10/OLS_HC3/cash-food,R,endpoint,ge10,OLS_HC3,cash-food,3670,1,0.010777340941894867,0.04067703816302109,-0.06894965385762647,0.0905043357414162,[0.010777340941894867],[-0.06894965385762647],[0.0905043357414162],0.26494900879219846,0.07019797725996846,0.7910487434113261,response units,ok,,5000-minus200 response/link difference-in-differences,1.0,1.0
R/endpoint/ge10/OLS_HC3/cash-medical,R,endpoint,ge10,OLS_HC3,cash-medical,3670,1,-0.0725008579591358,0.04029484456858495,-0.1514787533135623,0.006477037395290708,[-0.0725008579591358],[-0.1514787533135623],[0.006477037395290708],1.7992589060800002,3.237332611108199,0.07197773526428483,response units,ok,,5000-minus200 response/link difference-in-differences,0.9988002399520096,1.0
R/endpoint/ge10/OLS_HC3/food-medical,R,endpoint,ge10,OLS_HC3,food-medical,3670,1,-0.08327819890103066,0.040216857191688195,-0.1621032389967395,-0.004453158805321808,[-0.08327819890103066],[-0.1621032389967395],[-0.004453158805321808],2.070728662463514,4.287917193547934,0.038384160102754576,response units,ok,,5000-minus200 response/link difference-in-differences,0.9844031193761248,1.0
R/endpoint/ge10/OLS_HC3/restricted-cash,R,endpoint,ge10,OLS_HC3,restricted-cash,3670,1,0.030861758508620468,0.035139707819886415,-0.038012068818356906,0.09973558583559784,[0.030861758508620468],[-0.038012068818356906],[0.09973558583559784],0.8782588252243534,0.7713385640844613,0.37980327511057754,response units,ok,,5000-minus200 response/link difference-in-differences,1.0,1.0
R/endpoint/ge10/logit/omnibus,R,endpoint,ge10,logit,omnibus,3670,2,,,,,"[-0.042700560091612626, 0.29232113422033723]","[-0.3623589775914522, -0.02591019248794968]","[0.276957857408227, 0.6105524609286241]",2.2564234021100105,5.091446569589714,0.07841631413670046,logit index,ok,,5000-minus200 response/link difference-in-differences,0.9478104379124175,1.0
R/endpoint/ge10/logit/cash-food,R,endpoint,ge10,logit,cash-food,3670,1,0.042700560091612626,0.16309102933665284,-0.276957857408227,0.3623589775914522,[0.042700560091612626],[-0.276957857408227],[0.3623589775914522],0.26182040953012836,0.06854992684652413,0.7934599032668403,logit index,ok,,5000-minus200 response/link difference-in-differences,1.0,1.0
R/endpoint/ge10/logit/cash-medical,R,endpoint,ge10,logit,cash-medical,3670,1,-0.29232113422033723,0.1623629217899423,-0.6105524609286241,0.02591019248794968,[-0.29232113422033723],[-0.6105524609286241],[0.02591019248794968],1.8004180449433453,3.2415051365576177,0.07179465362805434,logit index,ok,,5000-minus200 response/link difference-in-differences,0.9988002399520096,1.0
R/endpoint/ge10/logit/food-medical,R,endpoint,ge10,logit,food-medical,3670,1,-0.33502169431194984,0.16172862186134185,-0.6520097931601798,-0.018033595463719798,[-0.33502169431194984],[-0.6520097931601798],[-0.018033595463719798],2.0715052812308072,4.2911341301671255,0.03831160142684229,logit index,ok,,5000-minus200 response/link difference-in-differences,0.9842031593681264,1.0
R/endpoint/ge10/logit/restricted-cash,R,endpoint,ge10,logit,restricted-cash,3670,1,0.1248102870643623,0.14121318751744014,-0.15196756046982035,0.401588134598545,[0.1248102870643623],[-0.15196756046982035],[0.401588134598545],0.883842998366905,0.781178445762201,0.3767809713538385,logit index,ok,,5000-minus200 response/link difference-in-differences,1.0,1.0
R/endpoint/ge10/probit/omnibus,R,endpoint,ge10,probit,omnibus,3670,2,,,,,"[-0.0268137346388317, 0.18287233581002552]","[-0.2269926596791152, -0.01620041733002292]","[0.17336519040145182, 0.38194508895007395]",2.257221898087332,5.095050697204978,0.07827513018451918,probit index,ok,,5000-minus200 response/link difference-in-differences,0.9476104779044191,1.0
R/endpoint/ge10/probit/cash-food,R,endpoint,ge10,probit,cash-food,3670,1,0.0268137346388317,0.10213210461238954,-0.17336519040145182,0.2269926596791152,[0.0268137346388317],[-0.17336519040145182],[0.2269926596791152],0.26253972480636567,0.06892710710140222,0.7929053631301402,probit index,ok,,5000-minus200 response/link difference-in-differences,1.0,1.0
R/endpoint/ge10/probit/cash-medical,R,endpoint,ge10,probit,cash-medical,3670,1,-0.18287233581002552,0.10156773119390226,-0.38194508895007395,0.01620041733002292,[-0.18287233581002552],[-0.38194508895007395],[0.01620041733002292],1.8004964141702169,3.2417873374398094,0.07178228928381274,probit index,ok,,5000-minus200 response/link difference-in-differences,0.9988002399520096,1.0
R/endpoint/ge10/probit/food-medical,R,endpoint,ge10,probit,food-medical,3670,1,-0.20968607044885723,0.10121388442897522,-0.4080652839296487,-0.011306856968065798,[-0.20968607044885723],[-0.4080652839296487],[-0.011306856968065798],2.0717125089295445,4.291992719655148,0.038292260079982,probit index,ok,,5000-minus200 response/link difference-in-differences,0.9842031593681264,1.0
R/endpoint/ge10/probit/restricted-cash,R,endpoint,ge10,probit,restricted-cash,3670,1,0.0780293005855969,0.08838791097155733,-0.09521100491865547,0.2512696060898493,[0.0780293005855969],[-0.09521100491865547],[0.2512696060898493],0.8828051226451797,0.7793448845685709,0.37734157226694287,probit index,ok,,5000-minus200 response/link difference-in-differences,1.0,1.0
R/endpoint/ge25/OLS_HC3/omnibus,R,endpoint,ge25,OLS_HC3,omnibus,3670,2,,,,,"[-0.008312906626215491, 0.06489887620889709]","[-0.08088880047770124, -0.005795527308139065]","[0.06426298722527025, 0.13559327972593324]",2.27548622520333,5.1778375610901,0.07510119707853205,response units,ok,,5000-minus200 response/link difference-in-differences,0.9404119176164767,1.0
R/endpoint/ge25/OLS_HC3/cash-food,R,endpoint,ge25,OLS_HC3,cash-food,3670,1,0.008312906626215491,0.0370285172711662,-0.06426298722527025,0.08088880047770124,[0.008312906626215491],[-0.06426298722527025],[0.08088880047770124],0.22450012149659268,0.050400304551984874,0.8223681723869248,response units,ok,,5000-minus200 response/link difference-in-differences,1.0,1.0
R/endpoint/ge25/OLS_HC3/cash-medical,R,endpoint,ge25,OLS_HC3,cash-medical,3670,1,-0.06489887620889709,0.03606857322297763,-0.13559327972593324,0.005795527308139065,[-0.06489887620889709],[-0.13559327972593324],[0.005795527308139065],1.7993191970109037,3.237549572731963,0.07196820311905679,response units,ok,,5000-minus200 response/link difference-in-differences,0.9988002399520096,1.0
R/endpoint/ge25/OLS_HC3/food-medical,R,endpoint,ge25,OLS_HC3,food-medical,3670,1,-0.07321178283511258,0.035401709428338396,-0.14259913331465585,-0.0038244323555693266,[-0.07321178283511258],[-0.14259913331465585],[-0.0038244323555693266],2.0680295956699744,4.276746408566917,0.03863724019632129,response units,ok,,5000-minus200 response/link difference-in-differences,0.9848030393921215,1.0
R/endpoint/ge25/OLS_HC3/restricted-cash,R,endpoint,ge25,OLS_HC3,restricted-cash,3670,1,0.0282929847913408,0.03197977916135523,-0.034387382364915446,0.09097335194759704,[0.0282929847913408],[-0.034387382364915446],[0.09097335194759704],0.8847148270970677,0.7827203252853945,0.37631045673144636,response units,ok,,5000-minus200 response/link difference-in-differences,1.0,1.0
R/endpoint/ge25/logit/omnibus,R,endpoint,ge25,logit,omnibus,3670,2,,,,,"[-0.059811445058166296, 0.30414205498020863]","[-0.4119827995863429, -0.052548087947524136]","[0.29235990947001034, 0.6608321979079415]",2.1159549110268143,4.477265185498494,0.1066041760836196,logit index,ok,,5000-minus200 response/link difference-in-differences,0.9782043591281744,1.0
R/endpoint/ge25/logit/cash-food,R,endpoint,ge25,logit,cash-food,3670,1,0.059811445058166296,0.17967926251437583,-0.29235990947001034,0.4119827995863429,[0.059811445058166296],[-0.29235990947001034],[0.4119827995863429],0.3328789545392356,0.11080839837513448,0.7392256561963848,logit index,ok,,5000-minus200 response/link difference-in-differences,1.0,1.0
R/endpoint/ge25/logit/cash-medical,R,endpoint,ge25,logit,cash-medical,3670,1,-0.30414205498020863,0.18198476679986367,-0.6608321979079415,0.052548087947524136,[-0.30414205498020863],[-0.6608321979079415],[0.052548087947524136],1.671250073994855,2.7930768098278085,0.09467229333807335,logit index,ok,,5000-minus200 response/link difference-in-differences,0.9996000799840032,1.0
R/endpoint/ge25/logit/food-medical,R,endpoint,ge25,logit,food-medical,3670,1,-0.3639535000383749,0.18417012677655448,-0.7249269485204217,-0.002980051556328134,[-0.3639535000383749],[-0.7249269485204217],[-0.002980051556328134],1.9761809714120666,3.9052912317711392,0.04813428425273241,logit index,ok,,5000-minus200 response/link difference-in-differences,0.9918016396720656,1.0
R/endpoint/ge25/logit/restricted-cash,R,endpoint,ge25,logit,restricted-cash,3670,1,0.12216530496102117,0.1556338249328607,-0.18287699190738582,0.4272076018294282,[0.12216530496102117],[-0.18287699190738582],[0.4272076018294282],0.7849534316445823,0.616151889850606,0.43248087266220137,logit index,ok,,5000-minus200 response/link difference-in-differences,1.0,1.0
R/endpoint/ge25/probit/omnibus,R,endpoint,ge25,probit,omnibus,3670,2,,,,,"[-0.03354223085420138, 0.18429670709117868]","[-0.24519964776924602, -0.028332411924560902]","[0.17811518606084326, 0.3969258261069183]",2.1490052752605475,4.618223673097662,0.09934945093733218,probit index,ok,,5000-minus200 response/link difference-in-differences,0.973005398920216,1.0
R/endpoint/ge25/probit/cash-food,R,endpoint,ge25,probit,cash-food,3670,1,0.03354223085420138,0.10798847801787992,-0.17811518606084326,0.24519964776924602,[0.03354223085420138],[-0.17811518606084326],[0.24519964776924602],0.31060934897746884,0.09647816767220702,0.7560976190668511,probit index,ok,,5000-minus200 response/link difference-in-differences,1.0,1.0
R/endpoint/ge25/probit/cash-medical,R,endpoint,ge25,probit,cash-medical,3670,1,-0.18429670709117868,0.10848424439578551,-0.3969258261069183,0.028332411924560902,[-0.18429670709117868],[-0.3969258261069183],[0.028332411924560902],1.6988338547928201,2.8860364661902325,0.08935049279731339,probit index,ok,,5000-minus200 response/link difference-in-differences,0.9994001199760048,1.0
R/endpoint/ge25/probit/food-medical,R,endpoint,ge25,probit,food-medical,3670,1,-0.21783893794538006,0.10912703336406174,-0.43172792333894106,-0.003949952551819069,[-0.21783893794538006],[-0.43172792333894106],[-0.003949952551819069],1.996195912507229,3.9847981211105687,0.045912602206642845,probit index,ok,,5000-minus200 response/link difference-in-differences,0.9908018396320736,1.0
R/endpoint/ge25/probit/restricted-cash,R,endpoint,ge25,probit,restricted-cash,3670,1,0.07537723811848865,0.09347723776760343,-0.10783814790601406,0.25859262414299133,[0.07537723811848865],[-0.10783814790601406],[0.25859262414299133],0.8063699775327793,0.6502325406662149,0.42002955247378104,probit index,ok,,5000-minus200 response/link difference-in-differences,1.0,1.0
R/endpoint/ge50/OLS_HC3/omnibus,R,endpoint,ge50,OLS_HC3,omnibus,3670,2,,,,,"[0.027633197691103093, 0.06035306315658433]","[-0.029027477940975963, 0.0066066288891658]","[0.08429387332318215, 0.11409949742400285]",2.2177469455832464,4.9184015146438185,0.08550326152105349,response units,ok,,5000-minus200 response/link difference-in-differences,0.9586082783443312,1.0
R/endpoint/ge50/OLS_HC3/cash-food,R,endpoint,ge50,OLS_HC3,cash-food,3670,1,-0.027633197691103093,0.02890850797555054,-0.08429387332318215,0.029027477940975963,[-0.027633197691103093],[-0.08429387332318215],[0.029027477940975963],0.9558846037462037,0.9137153756790368,0.3391305383126846,response units,ok,,5000-minus200 response/link difference-in-differences,1.0,1.0
R/endpoint/ge50/OLS_HC3/cash-medical,R,endpoint,ge50,OLS_HC3,cash-medical,3670,1,-0.06035306315658433,0.027421650136438026,-0.11409949742400285,-0.0066066288891658,[-0.06035306315658433],[-0.11409949742400285],[-0.0066066288891658],2.2009274735945548,4.84408174402331,0.027741158628599896,response units,ok,,5000-minus200 response/link difference-in-differences,0.9624075184963007,1.0
R/endpoint/ge50/OLS_HC3/food-medical,R,endpoint,ge50,OLS_HC3,food-medical,3670,1,-0.03271986546548124,0.02708549754350193,-0.08580744065074503,0.020367709719782544,[-0.03271986546548124],[-0.08580744065074503],[0.020367709719782544],1.2080215773378342,1.459316131313789,0.2270389627478932,response units,ok,,5000-minus200 response/link difference-in-differences,1.0,1.0
R/endpoint/ge50/OLS_HC3/restricted-cash,R,endpoint,ge50,OLS_HC3,restricted-cash,3670,1,0.04399313042384371,0.024706645269928454,-0.0044318943052160595,0.09241815515290347,[0.04399313042384371],[-0.0044318943052160595],[0.09241815515290347],1.780619341201684,3.170605238261519,0.07497465792701473,response units,ok,,5000-minus200 response/link difference-in-differences,0.999000199960008,1.0
R/endpoint/ge50/logit/omnibus,R,endpoint,ge50,logit,omnibus,3670,2,,,,,"[0.20669636149705836, 0.46711768412414917]","[-0.24754637510653657, -0.006806196880611959]","[0.6609390981006533, 0.9410415651289104]",1.9322186340958356,3.733468849947177,0.1546277868772423,logit index,ok,,5000-minus200 response/link difference-in-differences,0.9938012397520496,1.0
R/endpoint/ge50/logit/cash-food,R,endpoint,ge50,logit,cash-food,3670,1,-0.20669636149705836,0.2317564982671403,-0.6609390981006533,0.24754637510653657,[-0.20669636149705836],[-0.6609390981006533],[0.24754637510653657],0.8918686770060028,0.7954297370244378,0.3724633254849744,logit index,ok,,5000-minus200 response/link difference-in-differences,1.0,1.0
R/endpoint/ge50/logit/cash-medical,R,endpoint,ge50,logit,cash-medical,3670,1,-0.46711768412414917,0.2417978984718169,-0.9410415651289104,0.006806196880611959,[-0.46711768412414917],[-0.9410415651289104],[0.006806196880611959],1.9318517120139271,3.732051037211141,0.05337781127880772,logit index,ok,,5000-minus200 response/link difference-in-differences,0.9938012397520496,1.0
R/endpoint/ge50/logit/food-medical,R,endpoint,ge50,logit,food-medical,3670,1,-0.26042132262709083,0.24190421884701366,-0.7345535915672377,0.21371094631305593,[-0.26042132262709083],[-0.7345535915672377],[0.21371094631305593],1.0765472543981875,1.158953990952276,0.28168257915901984,logit index,ok,,5000-minus200 response/link difference-in-differences,1.0,1.0
R/endpoint/ge50/logit/restricted-cash,R,endpoint,ge50,logit,restricted-cash,3670,1,0.33690702281060375,0.2036154127840549,-0.062179186246143825,0.7359932318673513,[0.33690702281060375],[-0.062179186246143825],[0.7359932318673513],1.6546243636669675,2.737781784840317,0.09800071825527576,logit index,ok,,5000-minus200 response/link difference-in-differences,0.9996000799840032,1.0
R/endpoint/ge50/probit/omnibus,R,endpoint,ge50,probit,omnibus,3670,2,,,,,"[0.11395748949631462, 0.2559663974606273]","[-0.13270853388659118, 0.003383403607994051]","[0.36062351287922045, 0.5085493913132606]",1.987657455209992,3.9507821592518613,0.13870705613079115,probit index,ok,,5000-minus200 response/link difference-in-differences,0.9912017596480703,1.0
R/endpoint/ge50/probit/cash-food,R,endpoint,ge50,probit,cash-food,3670,1,-0.11395748949631462,0.125850011930054,-0.36062351287922045,0.13270853388659118,[-0.11395748949631462],[-0.36062351287922045],[0.13270853388659118],0.9055024131396261,0.8199346202016861,0.36519928203945207,probit index,ok,,5000-minus200 response/link difference-in-differences,1.0,1.0
R/endpoint/ge50/probit/cash-medical,R,endpoint,ge50,probit,cash-medical,3670,1,-0.2559663974606273,0.1288688744146088,-0.5085493913132606,-0.003383403607994051,[-0.2559663974606273],[-0.5085493913132606],[-0.003383403607994051],1.9862546221759387,3.945207424115281,0.047005058507847246,probit index,ok,,5000-minus200 response/link difference-in-differences,0.9912017596480703,1.0
R/endpoint/ge50/probit/food-medical,R,endpoint,ge50,probit,food-medical,3670,1,-0.1420089079643127,0.1288193398436377,-0.3944948140578426,0.11047699812921719,[-0.1420089079643127],[-0.3944948140578426],[0.11047699812921719],1.1023881052075306,1.2152595345030497,0.27029298051022255,probit index,ok,,5000-minus200 response/link difference-in-differences,1.0,1.0
R/endpoint/ge50/probit/restricted-cash,R,endpoint,ge50,probit,restricted-cash,3670,1,0.18496194347847097,0.10988221224749627,-0.03040719252662169,0.4003310794835636,[0.18496194347847097],[-0.03040719252662169],[0.4003310794835636],1.6832746601594333,2.8334135815348556,0.0923219334790891,probit index,ok,,5000-minus200 response/link difference-in-differences,0.9996000799840032,1.0
R/endpoint/top75/OLS_HC3/omnibus,R,endpoint,top75,OLS_HC3,omnibus,3670,2,,,,,"[0.05640734206181383, 0.06172294721762205]","[0.01102907317340917, 0.02114434726630314]","[0.10178561095021849, 0.10230154716894097]",3.1110385811964028,9.678561053692526,0.007912745011709731,response units,ok,,5000-minus200 response/link difference-in-differences,0.40991801639672065,1.0
R/endpoint/top75/OLS_HC3/cash-food,R,endpoint,top75,OLS_HC3,cash-food,3670,1,-0.05640734206181383,0.023152178004288093,-0.10178561095021849,-0.01102907317340917,[-0.05640734206181383],[-0.10178561095021849],[-0.01102907317340917],2.4363730294128887,5.935913538450537,0.014835376710473675,response units,ok,,5000-minus200 response/link difference-in-differences,0.8788242351529694,1.0
R/endpoint/top75/OLS_HC3/cash-medical,R,endpoint,top75,OLS_HC3,cash-medical,3670,1,-0.06172294721762205,0.020703367322101485,-0.10230154716894097,-0.02114434726630314,[-0.06172294721762205],[-0.10230154716894097],[-0.02114434726630314],2.9812999140352834,8.888149177426788,0.00287027541887644,response units,ok,,5000-minus200 response/link difference-in-differences,0.5090981803639272,1.0
R/endpoint/top75/OLS_HC3/food-medical,R,endpoint,top75,OLS_HC3,food-medical,3670,1,-0.0053156051558082215,0.020385326836228283,-0.04527084575481566,0.034639635443199215,[-0.0053156051558082215],[-0.04527084575481566],[0.034639635443199215],0.26075643518069397,0.06799391848814346,0.7942803420885265,response units,ok,,5000-minus200 response/link difference-in-differences,1.0,1.0
R/endpoint/top75/OLS_HC3/restricted-cash,R,endpoint,top75,OLS_HC3,restricted-cash,3670,1,0.059065144639717945,0.01945343144160146,0.020936419014179086,0.0971938702652568,[0.059065144639717945],[0.020936419014179086],[0.0971938702652568],3.0362326984331527,9.218708999034664,0.002395544078061937,response units,ok,,5000-minus200 response/link difference-in-differences,0.46690661867626476,1.0
R/endpoint/top75/logit/omnibus,R,endpoint,top75,logit,omnibus,3670,2,,,,,"[0.7046597976874629, 0.6093721710995925]","[0.11552630063517211, -0.061135946219506576]","[1.2937932947397537, 1.2798802884186915]",2.469286509223207,6.097375864631731,0.04742110328793027,logit index,ok,,5000-minus200 response/link difference-in-differences,0.8620275944811038,1.0
R/endpoint/top75/logit/cash-food,R,endpoint,top75,logit,cash-food,3670,1,-0.7046597976874629,0.30057831482259734,-1.2937932947397537,-0.11552630063517211,[-0.7046597976874629],[-1.2937932947397537],[-0.11552630063517211],2.344346757361243,5.495961718750174,0.019060441372531087,logit index,ok,,5000-minus200 response/link difference-in-differences,0.9150169966006798,1.0
R/endpoint/top75/logit/cash-medical,R,endpoint,top75,logit,cash-medical,3670,1,-0.6093721710995925,0.34209597822403015,-1.2798802884186915,0.061135946219506576,[-0.6093721710995925],[-1.2798802884186915],[0.061135946219506576],1.7812900761450339,3.1729943353727807,0.07486507485694038,logit index,ok,,5000-minus200 response/link difference-in-differences,0.999000199960008,1.0
R/endpoint/top75/logit/food-medical,R,endpoint,top75,logit,food-medical,3670,1,0.09528762658787038,0.33355544255882125,-0.5584810408274192,0.74905629400316,[0.09528762658787038],[-0.5584810408274192],[0.74905629400316],0.2856725282516317,0.0816087933976793,0.7751289474974292,logit index,ok,,5000-minus200 response/link difference-in-differences,1.0,1.0
R/endpoint/top75/logit/restricted-cash,R,endpoint,top75,logit,restricted-cash,3670,1,0.6570159843935277,0.2754517789272226,0.11713049769617134,1.196901471090884,[0.6570159843935277],[0.11713049769617134],[1.196901471090884],2.3852305000619314,5.689324538425692,0.017068423186444127,logit index,ok,,5000-minus200 response/link difference-in-differences,0.9012197560487902,1.0
R/endpoint/top75/probit/omnibus,R,endpoint,top75,probit,omnibus,3670,2,,,,,"[0.35237863767218447, 0.32125146245359776]","[0.062000139700913004, 0.005934707423303098]","[0.6427571356434559, 0.6365682174838925]",2.572135891270676,6.615883043162796,0.0365914189280562,probit index,ok,,5000-minus200 response/link difference-in-differences,0.8056388722255549,1.0
R/endpoint/top75/probit/cash-food,R,endpoint,top75,probit,cash-food,3670,1,-0.35237863767218447,0.14815229488330178,-0.6427571356434559,-0.062000139700913004,[-0.35237863767218447],[-0.6427571356434559],[-0.062000139700913004],2.378489229274173,5.657211013773249,0.01738374477027929,probit index,ok,,5000-minus200 response/link difference-in-differences,0.9028194361127775,1.0
R/endpoint/top75/probit/cash-medical,R,endpoint,top75,probit,cash-medical,3670,1,-0.32125146245359776,0.1608758954236197,-0.6365682174838925,-0.005934707423303098,[-0.32125146245359776],[-0.6365682174838925],[-0.005934707423303098],1.9968899729053615,3.9875695638899753,0.04583713668899824,probit index,ok,,5000-minus200 response/link difference-in-differences,0.9908018396320736,1.0
R/endpoint/top75/probit/food-medical,R,endpoint,top75,probit,food-medical,3670,1,0.03112717521858671,0.158258989030672,-0.2790604432815304,0.3413147937187038,[0.03112717521858671],[-0.2790604432815304],[0.3413147937187038],0.1966850376666692,0.03868500404193908,0.844074019595302,probit index,ok,,5000-minus200 response/link difference-in-differences,1.0,1.0
R/endpoint/top75/probit/restricted-cash,R,endpoint,top75,probit,restricted-cash,3670,1,0.33681505006289114,0.13286685516530272,0.07639601393889783,0.5972340861868844,[0.33681505006289114],[0.07639601393889783],[0.5972340861868844],2.5349817277141975,6.426132359844858,0.011245319155964061,probit index,ok,,5000-minus200 response/link difference-in-differences,0.827634473105379,1.0
A/trend/ordinal/OLS_HC3/omnibus,A,trend,ordinal,OLS_HC3,omnibus,5480,2,,,,,"[0.039885582094914857, 0.14162963214919247]","[-0.08594656760116212, 0.019715875557014956]","[0.16571773179099183, 0.26354338874136995]",2.370066165517786,5.617213628932182,0.06028892757190637,response units,ok,,per-fivefold amount slope difference,0.9058188362327535,1.0
A/trend/ordinal/OLS_HC3/cash-food,A,trend,ordinal,OLS_HC3,cash-food,5480,1,-0.039885582094914857,0.06420007637554948,-0.16571773179099183,0.08594656760116212,[-0.039885582094914857],[-0.16571773179099183],[0.08594656760116212],0.62127001004792,0.38597642538494265,0.5344219823891441,response units,ok,,per-fivefold amount slope difference,1.0,1.0
A/trend/ordinal/OLS_HC3/cash-medical,A,trend,ordinal,OLS_HC3,cash-medical,5480,1,-0.14162963214919247,0.06220089622049873,-0.26354338874136995,-0.019715875557014956,[-0.14162963214919247],[-0.26354338874136995],[-0.019715875557014956],2.27697092413465,5.184596589354602,0.02278796197066194,response units,ok,,per-fivefold amount slope difference,0.9396120775844831,1.0
A/trend/ordinal/OLS_HC3/food-medical,A,trend,ordinal,OLS_HC3,food-medical,5480,1,-0.10174405005427761,0.06197069697783371,-0.22320661613083168,0.01971851602227645,[-0.10174405005427761],[-0.22320661613083168],[0.01971851602227645],1.641809032592782,2.695536899503247,0.10062958654753172,response units,ok,,per-fivefold amount slope difference,0.9996000799840032,1.0
A/trend/ordinal/OLS_HC3/restricted-cash,A,trend,ordinal,OLS_HC3,restricted-cash,5480,1,0.09075760712205366,0.055092729353792204,-0.017224142411379054,0.19873935665548637,[0.09075760712205366],[-0.017224142411379054],[0.19873935665548637],1.6473608802212396,2.7137978696832974,0.09948389116276887,response units,ok,,per-fivefold amount slope difference,0.9996000799840032,1.0
A/trend/ordinal/ordered_logit/omnibus,A,trend,ordinal,ordered_logit,omnibus,5480,2,,,,,"[0.024449991294365505, 0.14851355467584146]","[-0.11861662750426047, 0.005504185399004713]","[0.16751661009299149, 0.2915229239526782]",2.1788211595457447,4.747261645284263,0.09314192976769817,latent location index,ok,,per-fivefold amount slope difference,0.968006398720256,1.0
A/trend/ordinal/ordered_logit/cash-food,A,trend,ordinal,ordered_logit,cash-food,5480,1,-0.024449991294365505,0.07299317285644183,-0.16751661009299149,0.11861662750426047,[-0.024449991294365505],[-0.16751661009299149],[0.11861662750426047],0.3349627141493375,0.11220001987029077,0.737653212833338,latent location index,ok,,per-fivefold amount slope difference,1.0,1.0
A/trend/ordinal/ordered_logit/cash-medical,A,trend,ordinal,ordered_logit,cash-medical,5480,1,-0.14851355467584146,0.07296396391675344,-0.2915229239526782,-0.005504185399004713,[-0.14851355467584146],[-0.2915229239526782],[-0.005504185399004713],2.035437039101721,4.143003940147181,0.04180691763992738,latent location index,ok,,per-fivefold amount slope difference,0.9872025594881024,1.0
A/trend/ordinal/ordered_logit/food-medical,A,trend,ordinal,ordered_logit,food-medical,5480,1,-0.12406356338147595,0.07325911971423553,-0.2676514380213776,0.019524311258425686,[-0.12406356338147595],[-0.2676514380213776],[0.019524311258425686],1.6934896824506644,2.8679073045668524,0.09036229711849605,latent location index,ok,,per-fivefold amount slope difference,0.9994001199760048,1.0
A/trend/ordinal/ordered_logit/restricted-cash,A,trend,ordinal,ordered_logit,restricted-cash,5480,1,0.08648177298510348,0.0631200998234451,-0.037233622668848915,0.21019716863905588,[0.08648177298510348],[-0.037233622668848915],[0.21019716863905588],1.3701146421980308,1.877214132765438,0.17065111781544867,latent location index,ok,,per-fivefold amount slope difference,1.0,1.0
A/trend/ordinal/ordered_probit/omnibus,A,trend,ordinal,ordered_probit,omnibus,5480,2,,,,,"[0.027650003027015365, 0.09221351441098154]","[-0.057351654835147856, 0.007707717928931546]","[0.11265166088917859, 0.17671931089303153]",2.1931753122888966,4.810017950433499,0.09026468546103181,latent location index,ok,,per-fivefold amount slope difference,0.9644071185762847,1.0
A/trend/ordinal/ordered_probit/cash-food,A,trend,ordinal,ordered_probit,cash-food,5480,1,-0.027650003027015365,0.04336819278681797,-0.11265166088917859,0.057351654835147856,[-0.027650003027015365],[-0.11265166088917859],[0.057351654835147856],0.6375641051711003,0.4064879882026258,0.5237574678576593,latent location index,ok,,per-fivefold amount slope difference,1.0,1.0
A/trend/ordinal/ordered_probit/cash-medical,A,trend,ordinal,ordered_probit,cash-medical,5480,1,-0.09221351441098154,0.0431152022867602,-0.17671931089303153,-0.007707717928931546,[-0.09221351441098154],[-0.17671931089303153],[-0.007707717928931546],2.1387703065305677,4.574338424096858,0.0324542754029024,latent location index,ok,,per-fivefold amount slope difference,0.9736052789442111,1.0
A/trend/ordinal/ordered_probit/food-medical,A,trend,ordinal,ordered_probit,food-medical,5480,1,-0.06456351138396617,0.043445575213272324,-0.14971683880197992,0.02058981603404758,[-0.06456351138396617],[-0.14971683880197992],[0.02058981603404758],1.4860779507930755,2.2084276758333465,0.1372585036991127,latent location index,ok,,per-fivefold amount slope difference,1.0,1.0
A/trend/ordinal/ordered_probit/restricted-cash,A,trend,ordinal,ordered_probit,restricted-cash,5480,1,0.05993175871899845,0.03738958284747779,-0.013351823662058011,0.13321534110005492,[0.05993175871899845],[-0.013351823662058011],[0.13321534110005492],1.6028999029883884,2.5692880990001847,0.10895675512304166,latent location index,ok,,per-fivefold amount slope difference,1.0,1.0
A/trend/ordinal/ordered_location_scale/omnibus,A,trend,ordinal,ordered_location_scale,omnibus,5480,2,,,,,"[0.021718847654459927, 0.08566254258005417]","[-0.06411339873738998, -0.00038303409945748823]","[0.10755109404630984, 0.1717081192595658]",2.023998632402782,4.096570463968331,0.1289558434591724,latent location index,ok,,per-fivefold amount slope difference,0.9880023995200959,1.0
A/trend/ordinal/ordered_location_scale/cash-food,A,trend,ordinal,ordered_location_scale,cash-food,5480,1,-0.021718847654459927,0.043791962444821385,-0.10755109404630984,0.06411339873738998,[-0.021718847654459927],[-0.10755109404630984],[0.06411339873738998],0.4959551123525474,0.24597147346862794,0.6199260810898533,latent location index,ok,,per-fivefold amount slope difference,1.0,1.0
A/trend/ordinal/ordered_location_scale/cash-medical,A,trend,ordinal,ordered_location_scale,cash-medical,5480,1,-0.08566254258005417,0.043900804428322275,-0.1717081192595658,0.00038303409945748823,[-0.08566254258005417],[-0.1717081192595658],[0.00038303409945748823],1.9512750095483358,3.807474162887858,0.05102434020555618,latent location index,ok,,per-fivefold amount slope difference,0.9932013597280543,1.0
A/trend/ordinal/ordered_location_scale/food-medical,A,trend,ordinal,ordered_location_scale,food-medical,5480,1,-0.06394369492559424,0.04411814924733585,-0.15041526745037248,0.022527877599184024,[-0.06394369492559424],[-0.15041526745037248],[0.022527877599184024],1.4493739201776599,2.1006847604911574,0.14723318780787337,latent location index,ok,,per-fivefold amount slope difference,1.0,1.0
A/trend/ordinal/ordered_location_scale/restricted-cash,A,trend,ordinal,ordered_location_scale,restricted-cash,5480,1,0.05369069511725705,0.03789334412345622,-0.020580259364717135,0.12796164959923123,[0.05369069511725705],[-0.020580259364717135],[0.12796164959923123],1.4168898617744894,2.0075768803993315,0.15651513107643816,latent location index,ok,,per-fivefold amount slope difference,1.0,1.0
A/trend/midpoint/OLS_HC3/omnibus,A,trend,midpoint,OLS_HC3,omnibus,5480,2,,,,,"[0.009616659904555822, 0.02625740807850029]","[-0.011745443156539852, 0.006078404708135903]","[0.030978762965651496, 0.04643641144886468]",2.6163464509271415,6.845268751279049,0.03262637150878186,response units,ok,,per-fivefold amount slope difference,0.7778444311137772,1.0
A/trend/midpoint/OLS_HC3/cash-food,A,trend,midpoint,OLS_HC3,cash-food,5480,1,-0.009616659904555822,0.010899032174028406,-0.030978762965651496,0.011745443156539852,[-0.009616659904555822],[-0.030978762965651496],[0.011745443156539852],0.882340720809286,0.7785251475982504,0.3775925819126137,response units,ok,,per-fivefold amount slope difference,1.0,1.0
A/trend/midpoint/OLS_HC3/cash-medical,A,trend,midpoint,OLS_HC3,cash-medical,5480,1,-0.02625740807850029,0.010295409882838972,-0.04643641144886468,-0.006078404708135903,[-0.02625740807850029],[-0.04643641144886468],[-0.006078404708135903],2.5503994865000728,6.504537540739835,0.010759954582257038,response units,ok,,per-fivefold amount slope difference,0.8166366726654669,1.0
A/trend/midpoint/OLS_HC3/food-medical,A,trend,midpoint,OLS_HC3,food-medical,5480,1,-0.016640748173944467,0.01019176393243269,-0.036616605481512535,0.0033351091336236045,[-0.016640748173944467],[-0.036616605481512535],[0.0033351091336236045],1.63276428734672,2.6659192180348428,0.10251858076258277,response units,ok,,per-fivefold amount slope difference,0.9996000799840032,1.0
A/trend/midpoint/OLS_HC3/restricted-cash,A,trend,midpoint,OLS_HC3,restricted-cash,5480,1,0.017937033991528056,0.009296460104764254,-0.00028402781380988326,0.03615809579686599,[0.017937033991528056],[-0.00028402781380988326],[0.03615809579686599],1.9294477456355326,3.722768603138039,0.05367530122385594,response units,ok,,per-fivefold amount slope difference,0.994001199760048,1.0
A/trend/any_spending/OLS_HC3/omnibus,A,trend,any_spending,OLS_HC3,omnibus,5480,2,,,,,"[0.006022583477137296, 0.01579357450050611]","[-0.030238010728511972, -0.021080439793316526]","[0.04228317768278656, 0.05266758879432874]",0.8439652286058726,0.7122773070957629,0.700375503954177,response units,ok,,per-fivefold amount slope difference,1.0,1.0
A/trend/any_spending/OLS_HC3/cash-food,A,trend,any_spending,OLS_HC3,cash-food,5480,1,-0.006022583477137296,0.018500303166147588,-0.04228317768278656,0.030238010728511972,[-0.006022583477137296],[-0.04228317768278656],[0.030238010728511972],0.3255397180818961,0.10597610804884038,0.744772627484892,response units,ok,,per-fivefold amount slope difference,1.0,1.0
A/trend/any_spending/OLS_HC3/cash-medical,A,trend,any_spending,OLS_HC3,cash-medical,5480,1,-0.01579357450050611,0.0188132725988891,-0.05266758879432874,0.021080439793316526,[-0.01579357450050611],[-0.05266758879432874],[0.021080439793316526],0.8394910783059988,0.7047452705553686,0.4011937936034039,response units,ok,,per-fivefold amount slope difference,1.0,1.0
A/trend/any_spending/OLS_HC3/food-medical,A,trend,any_spending,OLS_HC3,food-medical,5480,1,-0.009770991023368814,0.019054555374305053,-0.04711791955700672,0.027575937510269093,[-0.009770991023368814],[-0.04711791955700672],[0.027575937510269093],0.5127902924748867,0.26295388405647985,0.6080980209958835,response units,ok,,per-fivefold amount slope difference,1.0,1.0
A/trend/any_spending/OLS_HC3/restricted-cash,A,trend,any_spending,OLS_HC3,restricted-cash,5480,1,0.010908078988821703,0.016041546104775144,-0.02053335137653758,0.042349509354180984,[0.010908078988821703],[-0.02053335137653758],[0.042349509354180984],0.6799892552485733,0.4623853872535094,0.49651126435618875,response units,ok,,per-fivefold amount slope difference,1.0,1.0
A/trend/any_spending/logit/omnibus,A,trend,any_spending,logit,omnibus,5480,2,,,,,"[0.028577020749019112, 0.06913800821146479]","[-0.14728759632502247, -0.10276920070875664]","[0.20444163782306068, 0.24104521713168622]",0.7962327832641801,0.6339866451446229,0.7283356185178897,logit index,ok,,per-fivefold amount slope difference,1.0,1.0
A/trend/any_spending/logit/cash-food,A,trend,any_spending,logit,cash-food,5480,1,-0.028577020749019112,0.08972684544593958,-0.20444163782306068,0.14728759632502247,[-0.028577020749019112],[-0.20444163782306068],[0.14728759632502247],0.3184890832503051,0.10143529614961978,0.750113974191968,logit index,ok,,per-fivefold amount slope difference,1.0,1.0
A/trend/any_spending/logit/cash-medical,A,trend,any_spending,logit,cash-medical,5480,1,-0.06913800821146479,0.0877077596531742,-0.24104521713168622,0.10276920070875664,[-0.06913800821146479],[-0.24104521713168622],[0.10276920070875664],0.7882769835287047,0.6213806027611137,0.430534707631696,logit index,ok,,per-fivefold amount slope difference,1.0,1.0
A/trend/any_spending/logit/food-medical,A,trend,any_spending,logit,food-medical,5480,1,-0.04056098746244568,0.08646740726944664,-0.2100371057105611,0.12891513078566974,[-0.04056098746244568],[-0.2100371057105611],[0.12891513078566974],0.46908990038351656,0.2200453346418175,0.6390053778231632,logit index,ok,,per-fivefold amount slope difference,1.0,1.0
A/trend/any_spending/logit/restricted-cash,A,trend,any_spending,logit,restricted-cash,5480,1,0.04885751448024195,0.07747661465599902,-0.10299665024551613,0.20071167920600003,[0.04885751448024195],[-0.10299665024551613],[0.20071167920600003],0.6306098259090481,0.39766875253303996,0.5282956725598136,logit index,ok,,per-fivefold amount slope difference,1.0,1.0
A/trend/any_spending/probit/omnibus,A,trend,any_spending,probit,omnibus,5480,2,,,,,"[0.017263533464310237, 0.04235542040582667]","[-0.08857944212535697, -0.06176567119873855]","[0.12310650905397745, 0.14647651201039188]",0.8046736304999694,0.6474996516220013,0.7234312035576376,probit index,ok,,per-fivefold amount slope difference,1.0,1.0
A/trend/any_spending/probit/cash-food,A,trend,any_spending,probit,cash-food,5480,1,-0.017263533464310237,0.05400151815799348,-0.12310650905397745,0.08857944212535697,[-0.017263533464310237],[-0.12310650905397745],[0.08857944212535697],0.3196860764877373,0.10219918750012341,0.7492063156907611,probit index,ok,,per-fivefold amount slope difference,1.0,1.0
A/trend/any_spending/probit/cash-medical,A,trend,any_spending,probit,cash-medical,5480,1,-0.04235542040582667,0.05312300592069654,-0.14647651201039188,0.06176567119873855,[-0.04235542040582667],[-0.14647651201039188],[0.06176567119873855],0.7973084292153194,0.6357007312978,0.4252719260752257,probit index,ok,,per-fivefold amount slope difference,1.0,1.0
A/trend/any_spending/probit/food-medical,A,trend,any_spending,probit,food-medical,5480,1,-0.02509188694151643,0.05262051489033365,-0.12822809612657038,0.07804432224353752,[-0.02509188694151643],[-0.12822809612657038],[0.07804432224353752],0.4768460930838553,0.22738219648933677,0.633471720701724,probit index,ok,,per-fivefold amount slope difference,1.0,1.0
A/trend/any_spending/probit/restricted-cash,A,trend,any_spending,probit,restricted-cash,5480,1,0.029809476935068455,0.0466570382030222,-0.061638317942855056,0.12125727181299197,[0.029809476935068455],[-0.061638317942855056],[0.12125727181299197],0.6389063276017712,0.40820129544958184,0.5228838713943234,probit index,ok,,per-fivefold amount slope difference,1.0,1.0
A/trend/ge10/OLS_HC3/omnibus,A,trend,ge10,OLS_HC3,omnibus,5480,2,,,,,"[-0.004952236544669235, 0.035480665891106836]","[-0.04487554644070231, -0.004060463449583024]","[0.034971073351363846, 0.0750217952317967]",2.196612054798954,4.825104519288082,0.08958635490151112,response units,ok,,per-fivefold amount slope difference,0.9642071585682863,1.0
A/trend/ge10/OLS_HC3/cash-food,A,trend,ge10,OLS_HC3,cash-food,5480,1,0.004952236544669235,0.020369035661241368,-0.034971073351363846,0.04487554644070231,[0.004952236544669235],[-0.034971073351363846],[0.04487554644070231],0.2431257241152783,0.05911011772657842,0.807908004015482,response units,ok,,per-fivefold amount slope difference,1.0,1.0
A/trend/ge10/OLS_HC3/cash-medical,A,trend,ge10,OLS_HC3,cash-medical,5480,1,-0.035480665891106836,0.020174045581984622,-0.0750217952317967,0.004060463449583024,[-0.035480665891106836],[-0.0750217952317967],[0.004060463449583024],1.758728349597415,3.0931254076776473,0.07862365976571457,response units,ok,,per-fivefold amount slope difference,0.9992001599680064,1.0
A/trend/ge10/OLS_HC3/food-medical,A,trend,ge10,OLS_HC3,food-medical,5480,1,-0.04043290243577607,0.0201333948478628,-0.07989435633758715,-0.0009714485339649831,[-0.04043290243577607],[-0.07989435633758715],[-0.0009714485339649831],2.0082506075754085,4.033070502826997,0.04461666766299764,response units,ok,,per-fivefold amount slope difference,0.9894021195760848,1.0
A/trend/ge10/OLS_HC3/restricted-cash,A,trend,ge10,OLS_HC3,restricted-cash,5480,1,0.0152642146732188,0.01759563773869736,-0.01922323529462803,0.049751664641065625,[0.0152642146732188],[-0.01922323529462803],[0.049751664641065625],0.8674999394678854,0.7525561449767848,0.3856681449326941,response units,ok,,per-fivefold amount slope difference,1.0,1.0
A/trend/ge10/logit/omnibus,A,trend,ge10,logit,omnibus,5480,2,,,,,"[-0.019651554718404726, 0.1428912284166319]","[-0.17963773732694077, -0.016246472438958992]","[0.14033462789013135, 0.3020289292722228]",2.1952470164642066,4.819109463295001,0.08985529538537829,logit index,ok,,per-fivefold amount slope difference,0.9644071185762847,1.0
A/trend/ge10/logit/cash-food,A,trend,ge10,logit,cash-food,5480,1,0.019651554718404726,0.08162560337170208,-0.14033462789013135,0.17963773732694077,[0.019651554718404726],[-0.14033462789013135],[0.17963773732694077],0.24075233635844118,0.057961687462047995,0.8097470731656335,logit index,ok,,per-fivefold amount slope difference,1.0,1.0
A/trend/ge10/logit/cash-medical,A,trend,ge10,logit,cash-medical,5480,1,-0.1428912284166319,0.08119270451815862,-0.3020289292722228,0.016246472438958992,[-0.1428912284166319],[-0.3020289292722228],[0.016246472438958992],1.7599023122166662,3.097256148545568,0.07842437122851315,logit index,ok,,per-fivefold amount slope difference,0.9992001599680064,1.0
A/trend/ge10/logit/food-medical,A,trend,ge10,logit,food-medical,5480,1,-0.16254278313503662,0.08090234084224146,-0.3211113711858299,-0.003974195084243348,[-0.16254278313503662],[-0.3211113711858299],[-0.003974195084243348],2.0091233633399184,4.036576689118306,0.044524052507748595,logit index,ok,,per-fivefold amount slope difference,0.9892021595680864,1.0
A/trend/ge10/logit/restricted-cash,A,trend,ge10,logit,restricted-cash,5480,1,0.06161983684911359,0.07064842537484586,-0.07685107688558429,0.20009075058381148,[0.06161983684911359],[-0.07685107688558429],[0.20009075058381148],0.8722039666442888,0.7607397594300316,0.383097115951048,logit index,ok,,per-fivefold amount slope difference,1.0,1.0
A/trend/ge10/probit/omnibus,A,trend,ge10,probit,omnibus,5480,2,,,,,"[-0.01232833860487196, 0.08943475344810427]","[-0.11254058166135411, -0.010165679909572858]","[0.08788390445161018, 0.1890351868057814]",2.195915410307693,4.822044489226804,0.0897235282829587,probit index,ok,,per-fivefold amount slope difference,0.9642071585682863,1.0
A/trend/ge10/probit/cash-food,A,trend,ge10,probit,cash-food,5480,1,0.01232833860487196,0.05112869543698069,-0.08788390445161018,0.11254058166135411,[0.01232833860487196],[-0.08788390445161018],[0.11254058166135411],0.2411236684117514,0.05814062346834024,0.8094592691445482,probit index,ok,,per-fivefold amount slope difference,1.0,1.0
A/trend/ge10/probit/cash-medical,A,trend,ge10,probit,cash-medical,5480,1,-0.08943475344810427,0.05081654763146792,-0.1890351868057814,0.010165679909572858,[-0.08943475344810427],[-0.1890351868057814],[0.010165679909572858],1.759953354106295,3.097435808629998,0.07841571583789685,probit index,ok,,per-fivefold amount slope difference,0.9992001599680064,1.0
A/trend/ge10/probit/food-medical,A,trend,ge10,probit,food-medical,5480,1,-0.10176309205297623,0.05064517536974464,-0.20102763577767574,-0.0024985483282767423,[-0.10176309205297623],[-0.20102763577767574],[-0.0024985483282767423],2.009334380028021,4.037424650762592,0.044501684190603255,probit index,ok,,per-fivefold amount slope difference,0.9892021595680864,1.0
A/trend/ge10/probit/restricted-cash,A,trend,ge10,probit,restricted-cash,5480,1,0.03855320742161615,0.044237982075094044,-0.04815323744556818,0.12525965228880048,[0.03855320742161615],[-0.04815323744556818],[0.12525965228880048],0.8714956156040757,0.7595046080171269,0.38348359876589944,probit index,ok,,per-fivefold amount slope difference,1.0,1.0
A/trend/ge25/OLS_HC3/omnibus,A,trend,ge25,OLS_HC3,omnibus,5480,2,,,,,"[-0.004615030163419083, 0.03112403644616395]","[-0.04098325507778159, -0.00430048713807531]","[0.031753194750943424, 0.06654856003040321]",2.2050831241987257,4.862391584626012,0.08793162173240886,response units,ok,,per-fivefold amount slope difference,0.9616076784643072,1.0
A/trend/ge25/OLS_HC3/cash-food,A,trend,ge25,OLS_HC3,cash-food,5480,1,0.004615030163419083,0.018555216793042097,-0.031753194750943424,0.04098325507778159,[0.004615030163419083],[-0.031753194750943424],[0.04098325507778159],0.248718741197874,0.06186101222305502,0.8035783509271704,response units,ok,,per-fivefold amount slope difference,1.0,1.0
A/trend/ge25/OLS_HC3/cash-medical,A,trend,ge25,OLS_HC3,cash-medical,5480,1,-0.03112403644616395,0.018073736522571052,-0.06654856003040321,0.00430048713807531,[-0.03112403644616395],[-0.06654856003040321],[0.00430048713807531],1.7220587678311716,2.965486399864213,0.08505887327755343,response units,ok,,per-fivefold amount slope difference,0.9992001599680064,1.0
A/trend/ge25/OLS_HC3/food-medical,A,trend,ge25,OLS_HC3,food-medical,5480,1,-0.03573906660958304,0.017713849337231333,-0.07045821131055645,-0.001019921908609625,[-0.03573906660958304],[-0.07045821131055645],[-0.001019921908609625],2.017577655155163,4.070619594581407,0.04363526595970441,response units,ok,,per-fivefold amount slope difference,0.9886022795440912,1.0
A/trend/ge25/OLS_HC3/restricted-cash,A,trend,ge25,OLS_HC3,restricted-cash,5480,1,0.013254503141372434,0.016032245521963615,-0.018168698081676253,0.044677704364421124,[0.013254503141372434],[-0.018168698081676253],[0.044677704364421124],0.8267402793460359,0.6834994894931614,0.4083842859141483,response units,ok,,per-fivefold amount slope difference,1.0,1.0
A/trend/ge25/logit/omnibus,A,trend,ge25,logit,omnibus,5480,2,,,,,"[-0.034171284819231366, 0.14425150822207966]","[-0.21021405622199982, -0.03439330103346047]","[0.14187148658353707, 0.3228963174776198]",2.0397480930268674,4.160572283006743,0.12489446959381265,logit index,ok,,per-fivefold amount slope difference,0.9866026794641072,1.0
A/trend/ge25/logit/cash-food,A,trend,ge25,logit,cash-food,5480,1,0.034171284819231366,0.08981774051161656,-0.14187148658353707,0.21021405622199982,[0.034171284819231366],[-0.14187148658353707],[0.21021405622199982],0.38045139662371963,0.1447432651929388,0.7036103686832084,logit index,ok,,per-fivefold amount slope difference,1.0,1.0
A/trend/ge25/logit/cash-medical,A,trend,ge25,logit,cash-medical,5480,1,-0.14425150822207966,0.09114531084466333,-0.3228963174776198,0.03439330103346047,[-0.14425150822207966],[-0.3228963174776198],[0.03439330103346047],1.5826541912608525,2.504794289115543,0.11350030464260652,logit index,ok,,per-fivefold amount slope difference,1.0,1.0
A/trend/ge25/logit/food-medical,A,trend,ge25,logit,food-medical,5480,1,-0.17842279304131103,0.09271803943862701,-0.36015015034101994,0.0033045642583978962,[-0.17842279304131103],[-0.36015015034101994],[0.0033045642583978962],1.9243589933695124,3.703157535362123,0.054309600712190674,logit index,ok,,per-fivefold amount slope difference,0.9946010797840432,1.0
A/trend/ge25/logit/restricted-cash,A,trend,ge25,logit,restricted-cash,5480,1,0.055040111701424144,0.07770578093330956,-0.09726321892786258,0.20734344233071086,[0.055040111701424144],[-0.09726321892786258],[0.20734344233071086],0.7083142468983349,0.5017090723591553,0.4787501317015824,logit index,ok,,per-fivefold amount slope difference,1.0,1.0
A/trend/ge25/probit/omnibus,A,trend,ge25,probit,omnibus,5480,2,,,,,"[-0.01889906495463973, 0.0877223567151284]","[-0.12480879677680334, -0.01875440986948429]","[0.08701066686752387, 0.1941991232997411]",2.075471561536065,4.307582202744952,0.11604339054761624,probit index,ok,,per-fivefold amount slope difference,0.9832033593281344,1.0
A/trend/ge25/probit/cash-food,A,trend,ge25,probit,cash-food,5480,1,0.01889906495463973,0.05403557746028756,-0.08701066686752387,0.12480879677680334,[0.01889906495463973],[-0.08701066686752387],[0.12480879677680334],0.3497522529213136,0.12232663842353453,0.7265246351077069,probit index,ok,,per-fivefold amount slope difference,1.0,1.0
A/trend/ge25/probit/cash-medical,A,trend,ge25,probit,cash-medical,5480,1,-0.0877223567151284,0.05432488091051668,-0.1941991232997411,0.01875440986948429,[-0.0877223567151284],[-0.1941991232997411],[0.01875440986948429],1.6147731066290538,2.6074921858924456,0.10635983910638733,probit index,ok,,per-fivefold amount slope difference,0.9998000399920016,1.0
A/trend/ge25/probit/food-medical,A,trend,ge25,probit,food-medical,5480,1,-0.10662142166976812,0.054819852920184466,-0.21406833339332967,0.0008254900537934262,[-0.10662142166976812],[-0.21406833339332967],[0.0008254900537934262],1.944941768176662,3.7827984815981606,0.0517819872377264,probit index,ok,,per-fivefold amount slope difference,0.9932013597280543,1.0
A/trend/ge25/probit/restricted-cash,A,trend,ge25,probit,restricted-cash,5480,1,0.03441164588024434,0.04673557627928229,-0.05719008362714895,0.12601337538763763,[0.03441164588024434],[-0.05719008362714895],[0.12601337538763763],0.7363051580793044,0.5421452858141894,0.461545007853129,probit index,ok,,per-fivefold amount slope difference,1.0,1.0
A/trend/ge50/OLS_HC3/omnibus,A,trend,ge50,OLS_HC3,omnibus,5480,2,,,,,"[0.014400210358410898, 0.029185249670393088]","[-0.014015919501394525, 0.0022495924551643384]","[0.04281634021821632, 0.05612090688562184]",2.1317636240302034,4.544416148738386,0.10308431077500577,response units,ok,,per-fivefold amount slope difference,0.9758048390321936,1.0
A/trend/ge50/OLS_HC3/cash-food,A,trend,ge50,OLS_HC3,cash-food,5480,1,-0.014400210358410898,0.014498025438676237,-0.04281634021821632,0.014015919501394525,[-0.014400210358410898],[-0.04281634021821632],[0.014015919501394525],0.9932532136407762,0.9865519464077295,0.32058657164221377,response units,ok,,per-fivefold amount slope difference,1.0,1.0
A/trend/ge50/OLS_HC3/cash-medical,A,trend,ge50,OLS_HC3,cash-medical,5480,1,-0.029185249670393088,0.01374268225266773,-0.05612090688562184,-0.0022495924551643384,[-0.029185249670393088],[-0.05612090688562184],[-0.0022495924551643384],2.123693841842821,4.510075533881121,0.033695752669673035,response units,ok,,per-fivefold amount slope difference,0.9772045590881824,1.0
A/trend/ge50/OLS_HC3/food-medical,A,trend,ge50,OLS_HC3,food-medical,5480,1,-0.01478503931198219,0.013544051248198267,-0.04133137975845079,0.011761301134486413,[-0.01478503931198219],[-0.04133137975845079],[0.011761301134486413],1.0916260608471198,1.1916474567205997,0.2749974964795737,response units,ok,,per-fivefold amount slope difference,1.0,1.0
A/trend/ge50/OLS_HC3/restricted-cash,A,trend,ge50,OLS_HC3,restricted-cash,5480,1,0.021792730014401993,0.012396237231744586,-0.0025038949598173953,0.04608935498862138,[0.021792730014401993],[-0.0025038949598173953],[0.04608935498862138],1.758011693951342,3.090605116069667,0.07874551961160192,response units,ok,,per-fivefold amount slope difference,0.9992001599680064,1.0
A/trend/ge50/logit/omnibus,A,trend,ge50,logit,omnibus,5480,2,,,,,"[0.09713255445396342, 0.21960231592160864]","[-0.13323662725315144, -0.017970396210856804]","[0.32750173616107825, 0.45717502805407406]",1.8117689233694094,3.282506631687149,0.19373707631890685,logit index,ok,,per-fivefold amount slope difference,0.9984003199360127,1.0
A/trend/ge50/logit/cash-food,A,trend,ge50,logit,cash-food,5480,1,-0.09713255445396342,0.11753529678934431,-0.32750173616107825,0.13323662725315144,[-0.09713255445396342],[-0.32750173616107825],[0.13323662725315144],0.8264117852873742,0.6829564388618652,0.4085705403044041,logit index,ok,,per-fivefold amount slope difference,1.0,1.0
A/trend/ge50/logit/cash-medical,A,trend,ge50,logit,cash-medical,5480,1,-0.21960231592160864,0.12121056741452318,-0.45717502805407406,0.017970396210856804,[-0.21960231592160864],[-0.45717502805407406],[0.017970396210856804],1.8117423307705462,3.2824102731058913,0.07002601959009525,logit index,ok,,per-fivefold amount slope difference,0.9984003199360127,1.0
A/trend/ge50/logit/food-medical,A,trend,ge50,logit,food-medical,5480,1,-0.12246976146764522,0.1250897194914896,-0.3676456116709648,0.12270608873567436,[-0.12246976146764522],[-0.3676456116709648],[0.12270608873567436],0.9790553689424285,0.9585494154549948,0.3275526223030678,logit index,ok,,per-fivefold amount slope difference,1.0,1.0
A/trend/ge50/logit/restricted-cash,A,trend,ge50,logit,restricted-cash,5480,1,0.15836743518778604,0.10169274478319518,-0.040950344587276505,0.35768521496284855,[0.15836743518778604],[-0.040950344587276505],[0.35768521496284855],1.5573130170241642,2.425223832992905,0.11939618637176456,logit index,ok,,per-fivefold amount slope difference,1.0,1.0
A/trend/ge50/probit/omnibus,A,trend,ge50,probit,omnibus,5480,2,,,,,"[0.05581402879470033, 0.1214685387897123]","[-0.06878407160325495, -0.005131891376654221]","[0.18041212919265562, 0.24806896895607883]",1.880584276520383,3.5365972210956924,0.17062303824949837,probit index,ok,,per-fivefold amount slope difference,0.9968006398720256,1.0
A/trend/ge50/probit/cash-food,A,trend,ge50,probit,cash-food,5480,1,-0.05581402879470033,0.06357045938671188,-0.18041212919265562,0.06878407160325495,[-0.05581402879470033],[-0.18041212919265562],[0.06878407160325495],0.8779868720968709,0.7708609475744471,0.37995084302461946,probit index,ok,,per-fivefold amount slope difference,1.0,1.0
A/trend/ge50/probit/cash-medical,A,trend,ge50,probit,cash-medical,5480,1,-0.1214685387897123,0.06459205620732986,-0.24806896895607883,0.005131891376654221,[-0.1214685387897123],[-0.24806896895607883],[0.005131891376654221],1.8805491870365345,3.536465244863771,0.06003326942537986,probit index,ok,,per-fivefold amount slope difference,0.997000599880024,1.0
A/trend/ge50/probit/food-medical,A,trend,ge50,probit,food-medical,5480,1,-0.06565450999501196,0.06584054686261208,-0.19470198184573162,0.0633929618557077,[-0.06565450999501196],[-0.19470198184573162],[0.0633929618557077],0.9971744331348232,0.9943568500977561,0.3186798486360995,probit index,ok,,per-fivefold amount slope difference,1.0,1.0
A/trend/ge50/probit/restricted-cash,A,trend,ge50,probit,restricted-cash,5480,1,0.08864128379220632,0.05498112506189981,-0.01912172132911731,0.19640428891352996,[0.08864128379220632],[-0.01912172132911731],[0.19640428891352996],1.612212985682098,2.5992307112019843,0.10691560044860512,probit index,ok,,per-fivefold amount slope difference,0.9998000399920016,1.0
A/trend/top75/OLS_HC3/omnibus,A,trend,top75,OLS_HC3,omnibus,5480,2,,,,,"[0.02903005496745497, 0.030046105641022468]","[0.00626875886287772, 0.009714951937207304]","[0.05179135107203222, 0.05037725934483763]",3.068457259161464,9.415429951300682,0.009025377244877682,response units,ok,,per-fivefold amount slope difference,0.4441111777644471,1.0
A/trend/top75/OLS_HC3/cash-food,A,trend,top75,OLS_HC3,cash-food,5480,1,-0.02903005496745497,0.011612906175804719,-0.05179135107203222,-0.00626875886287772,[-0.02903005496745497],[-0.05179135107203222],[-0.00626875886287772],2.4998096538434593,6.249048305448956,0.012426005128721636,response units,ok,,per-fivefold amount slope difference,0.8494301139772046,1.0
A/trend/top75/OLS_HC3/cash-medical,A,trend,top75,OLS_HC3,cash-medical,5480,1,-0.030046105641022468,0.010373037603987329,-0.05037725934483763,-0.009714951937207304,[-0.030046105641022468],[-0.05037725934483763],[-0.009714951937207304],2.8965580563858113,8.39004857401355,0.003772808269863731,response units,ok,,per-fivefold amount slope difference,0.5736852629474105,1.0
A/trend/top75/OLS_HC3/food-medical,A,trend,top75,OLS_HC3,food-medical,5480,1,-0.001016050673567498,0.010163021913009785,-0.020935573623066677,0.01890347227593168,[-0.001016050673567498],[-0.020935573623066677],[0.01890347227593168],0.09997525167852303,0.009995050948184023,0.9203639732887647,response units,ok,,per-fivefold amount slope difference,1.0,1.0
A/trend/top75/OLS_HC3/restricted-cash,A,trend,top75,OLS_HC3,restricted-cash,5480,1,0.02953808030423872,0.009767701668755553,0.010393385033477837,0.0486827755749996,[0.02953808030423872],[0.010393385033477837],[0.0486827755749996],3.0240563549072847,9.144916837655133,0.0024940997471872067,response units,ok,,per-fivefold amount slope difference,0.47650469906018794,1.0
A/trend/top75/logit/omnibus,A,trend,top75,logit,omnibus,5480,2,,,,,"[0.3432470603189876, 0.27946783486855936]","[0.04680078450286085, -0.04593196709814723]","[0.6396933361351144, 0.6048676368352659]",2.397626317605887,5.748611958876366,0.05645530705458197,logit index,ok,,per-fivefold amount slope difference,0.8964207158568286,1.0
A/trend/top75/logit/cash-food,A,trend,top75,logit,cash-food,5480,1,-0.3432470603189876,0.15124809990618712,-0.6396933361351144,-0.04680078450286085,[-0.3432470603189876],[-0.6396933361351144],[-0.04680078450286085],2.2694305616526056,5.150315074162861,0.023242155437554875,logit index,ok,,per-fivefold amount slope difference,0.9432113577284543,1.0
A/trend/top75/logit/cash-medical,A,trend,top75,logit,cash-medical,5480,1,-0.27946783486855936,0.1660203071258707,-0.6048676368352659,0.04593196709814723,[-0.27946783486855936],[-0.6048676368352659],[0.04593196709814723],1.6833352479987689,2.8336175571550766,0.09231021056887212,logit index,ok,,per-fivefold amount slope difference,0.9996000799840032,1.0
A/trend/top75/logit/food-medical,A,trend,top75,logit,food-medical,5480,1,0.06377922545042825,0.1691212467377652,-0.2676984181555916,0.3952568690564481,[0.06377922545042825],[-0.2676984181555916],[0.3952568690564481],0.37712130604927824,0.1422204794763134,0.7060834582475541,logit index,ok,,per-fivefold amount slope difference,1.0,1.0
A/trend/top75/logit/restricted-cash,A,trend,top75,logit,restricted-cash,5480,1,0.3113574475937735,0.1344204821713052,0.04789330253801527,0.5748215926495317,[0.3113574475937735],[0.04789330253801527],[0.5748215926495317],2.3162946789387364,5.365221039679904,0.02054218467761997,logit index,ok,,per-fivefold amount slope difference,0.9264147170565887,1.0
A/trend/top75/probit/omnibus,A,trend,top75,probit,omnibus,5480,2,,,,,"[0.1755957437440379, 0.15037195662407482]","[0.02894164817124331, -0.004972972259872005]","[0.3222498393168325, 0.3057168855080217]",2.5206383945141035,6.353617915898638,0.0417185686489126,probit index,ok,,per-fivefold amount slope difference,0.8356328734253149,1.0
A/trend/top75/probit/cash-food,A,trend,top75,probit,cash-food,5480,1,-0.1755957437440379,0.074823518149385,-0.3222498393168325,-0.02894164817124331,[-0.1755957437440379],[-0.3222498393168325],[-0.02894164817124331],2.3467988152262684,5.507464679147417,0.018935475982010026,probit index,ok,,per-fivefold amount slope difference,0.9144171165766847,1.0
A/trend/top75/probit/cash-medical,A,trend,top75,probit,cash-medical,5480,1,-0.15037195662407482,0.0792576167775239,-0.3057168855080217,0.004972972259872005,[-0.15037195662407482],[-0.3057168855080217],[0.004972972259872005],1.897255591802222,3.5995787806247996,0.057794212959203416,probit index,ok,,per-fivefold amount slope difference,0.996000799840032,1.0
A/trend/top75/probit/food-medical,A,trend,top75,probit,food-medical,5480,1,0.025223787119963093,0.08011442381817625,-0.13180048356366236,0.18224805780358855,[0.025223787119963093],[-0.13180048356366236],[0.18224805780358855],0.3148470140309535,0.09912864224420743,0.7528778136210887,probit index,ok,,per-fivefold amount slope difference,1.0,1.0
A/trend/top75/probit/restricted-cash,A,trend,top75,probit,restricted-cash,5480,1,0.16298385018405637,0.06584515256890593,0.03392735114900075,0.292040349219112,[0.16298385018405637],[0.03392735114900075],[0.292040349219112],2.475259663397337,6.126910401241898,0.013313933720049458,probit index,ok,,per-fivefold amount slope difference,0.8594281143771246,1.0
A/saturated/ordinal/OLS_HC3/omnibus,A,saturated,ordinal,OLS_HC3,omnibus,5480,4,,,,,"[0.017112752890958528, 0.07971335594461766, 0.1973824061285496, 0.28328344373425496]","[-0.238052682661054, -0.17181066897991543, -0.052104100057263125, 0.0395385975659564]","[0.2722781884429711, 0.3312373808691507, 0.4468689123143623, 0.5270282899025536]",2.4704042432259876,6.1028971249489645,0.19159450841795553,response units,ok,,full pairwise interaction vector at1000/5000 vs200,0.861627674465107,1.0
A/saturated/ordinal/OLS_HC3/cash-food,A,saturated,ordinal,OLS_HC3,cash-food,5480,2,,,,,"[-0.017112752890958528, -0.07971335594461766]","[-0.2722781884429711, -0.3312373808691507]","[0.238052682661054, 0.17181066897991543]",0.6655706858435044,0.4429843378541929,0.8013221973359107,response units,ok,,full pairwise interaction vector at1000/5000 vs200,1.0,1.0
A/saturated/ordinal/OLS_HC3/cash-medical,A,saturated,ordinal,OLS_HC3,cash-medical,5480,2,,,,,"[-0.1973824061285496, -0.28328344373425496]","[-0.4468689123143623, -0.5270282899025536]","[0.052104100057263125, -0.0395385975659564]",2.312882611037578,5.349425972440004,0.06892660844238514,response units,ok,,full pairwise interaction vector at1000/5000 vs200,0.9274145170965807,1.0
A/saturated/ordinal/OLS_HC3/food-medical,A,saturated,ordinal,OLS_HC3,food-medical,5480,2,,,,,"[-0.18026965323759106, -0.2035700877896373]","[-0.42292969612085607, -0.4465495386519328]","[0.06239038964567398, 0.039409363072658216]",1.7802593435946996,3.1693233304562307,0.20501714581318248,response units,ok,,full pairwise interaction vector at1000/5000 vs200,0.999000199960008,1.0
A/saturated/ordinal/OLS_HC3/restricted-cash,A,saturated,ordinal,OLS_HC3,restricted-cash,5480,2,,,,,"[0.10724757950975407, 0.1814983998394363]","[-0.11401128253106661, -0.03432140738081549]","[0.32850644155057473, 0.3973182070596881]",1.6502973729737072,2.723481419243919,0.256214393694065,response units,ok,,full pairwise interaction vector at1000/5000 vs200,0.9996000799840032,1.0
A/saturated/ordinal/ordered_logit/omnibus,A,saturated,ordinal,ordered_logit,omnibus,5480,4,,,,,"[0.031788526817842715, 0.04876307144908085, 0.25179271680760273, 0.29882270215374945]","[-0.2610062589534777, -0.2374842837268137, -0.039569340831513145, 0.012299188080631795]","[0.3245833125891631, 0.3350104266249754, 0.5431547744467187, 0.5853462162268671]",2.3342723343784377,5.448827331044561,0.24426435175783076,latent location index,ok,,full pairwise interaction vector at1000/5000 vs200,0.9190161967606478,1.0
A/saturated/ordinal/ordered_logit/cash-food,A,saturated,ordinal,ordered_logit,cash-food,5480,2,,,,,"[-0.031788526817842715, -0.04876307144908085]","[-0.3245833125891631, -0.3350104266249754]","[0.2610062589534777, 0.2374842837268137]",0.33583442883519254,0.11278476359106,0.945168196326237,latent location index,ok,,full pairwise interaction vector at1000/5000 vs200,1.0,1.0
A/saturated/ordinal/ordered_logit/cash-medical,A,saturated,ordinal,ordered_logit,cash-medical,5480,2,,,,,"[-0.25179271680760273, -0.29882270215374945]","[-0.5431547744467187, -0.5853462162268671]","[0.039569340831513145, -0.012299188080631795]",2.160080276576967,4.665946801256826,0.09700687752928812,latent location index,ok,,full pairwise interaction vector at1000/5000 vs200,0.9706058788242351,1.0
A/saturated/ordinal/ordered_logit/food-medical,A,saturated,ordinal,ordered_logit,food-medical,5480,2,,,,,"[-0.22000418998976, -0.25005963070466863]","[-0.5056359309590059, -0.5377841460310886]","[0.06562755097948597, 0.03766488462175138]",1.836614768447902,3.3731538076809406,0.18515223436332753,latent location index,ok,,full pairwise interaction vector at1000/5000 vs200,0.998000399920016,1.0
A/saturated/ordinal/ordered_logit/restricted-cash,A,saturated,ordinal,ordered_logit,restricted-cash,5480,2,,,,,"[0.14179062181272273, 0.17379288680141514]","[-0.11299152972267396, -0.07383644718598939]","[0.3965727733481194, 0.42142222078881963]",1.4353986260630947,2.06036921570382,0.35694106036407464,latent location index,ok,,full pairwise interaction vector at1000/5000 vs200,1.0,1.0
A/saturated/ordinal/ordered_probit/omnibus,A,saturated,ordinal,ordered_probit,omnibus,5480,4,,,,,"[0.022562411939397283, 0.05514986232495152, 0.1514594622783674, 0.18480016966685472]","[-0.149478154116866, -0.1146762406072372, -0.020681101120483103, 0.01562262113582899]","[0.19460297799566056, 0.22497596525714025, 0.3236000256772179, 0.3539777181978805]",2.3640672646868834,5.588814031964123,0.23203225858272647,latent location index,ok,,full pairwise interaction vector at1000/5000 vs200,0.9082183563287343,1.0
A/saturated/ordinal/ordered_probit/cash-food,A,saturated,ordinal,ordered_probit,cash-food,5480,2,,,,,"[-0.022562411939397283, -0.05514986232495152]","[-0.19460297799566056, -0.22497596525714025]","[0.149478154116866, 0.1146762406072372]",0.6436982203586422,0.41434739889288313,0.8128784411887222,latent location index,ok,,full pairwise interaction vector at1000/5000 vs200,1.0,1.0
A/saturated/ordinal/ordered_probit/cash-medical,A,saturated,ordinal,ordered_probit,cash-medical,5480,2,,,,,"[-0.1514594622783674, -0.18480016966685472]","[-0.3236000256772179, -0.3539777181978805]","[0.020681101120483103, -0.01562262113582899]",2.2483851031919024,5.0552355722552615,0.07984901131887061,latent location index,ok,,full pairwise interaction vector at1000/5000 vs200,0.9516096780643871,1.0
A/saturated/ordinal/ordered_probit/food-medical,A,saturated,ordinal,ordered_probit,food-medical,5480,2,,,,,"[-0.12889705033897011, -0.1296503073419032]","[-0.29856177124930494, -0.3001591169947848]","[0.04076767057136474, 0.04085850231097843]",1.6998954549120893,2.889644557630779,0.23578797735107554,latent location index,ok,,full pairwise interaction vector at1000/5000 vs200,0.9994001199760048,1.0
A/saturated/ordinal/ordered_probit/restricted-cash,A,saturated,ordinal,ordered_probit,restricted-cash,5480,2,,,,,"[0.08701093710888234, 0.11997501599590313]","[-0.06271760254779472, -0.026526385156919685]","[0.2367394767655594, 0.26647641714872594]",1.6400054399276445,2.689617842992267,0.26058949615413624,latent location index,ok,,full pairwise interaction vector at1000/5000 vs200,0.9996000799840032,1.0
A/saturated/ordinal/ordered_location_scale/omnibus,A,saturated,ordinal,ordered_location_scale,omnibus,5480,4,,,,,"[0.03276742216167227, 0.04038236314539635, 0.15726725816734127, 0.16207888042333216]","[-0.12715443474077895, -0.11551412887182792, -0.004460109022663472, 0.0031531638784394467]","[0.1926892790641235, 0.1962788551626206, 0.318994625357346, 0.32100459696822486]",2.3110534790702264,5.340968183122597,0.2540661702398217,latent location index,ok,,full pairwise interaction vector at1000/5000 vs200,0.9284143171365726,1.0
A/saturated/ordinal/ordered_location_scale/cash-food,A,saturated,ordinal,ordered_location_scale,cash-food,5480,2,,,,,"[-0.03276742216167227, -0.04038236314539635]","[-0.1926892790641235, -0.1962788551626206]","[0.12715443474077895, 0.11551412887182792]",0.5267318629245876,0.27744645542000657,0.8704689167965781,latent location index,ok,,full pairwise interaction vector at1000/5000 vs200,1.0,1.0
A/saturated/ordinal/ordered_location_scale/cash-medical,A,saturated,ordinal,ordered_location_scale,cash-medical,5480,2,,,,,"[-0.15726725816734127, -0.16207888042333216]","[-0.318994625357346, -0.32100459696822486]","[0.004460109022663472, -0.0031531638784394467]",2.206422659408873,4.868300951952924,0.08767219505679134,latent location index,ok,,full pairwise interaction vector at1000/5000 vs200,0.9614077184563088,1.0
A/saturated/ordinal/ordered_location_scale/food-medical,A,saturated,ordinal,ordered_location_scale,food-medical,5480,2,,,,,"[-0.124499836005669, -0.1216965172779358]","[-0.28267688910516386, -0.28157014817309656]","[0.03367721709382587, 0.038177113617224936]",1.7134346734047392,2.9358583800256053,0.23040211050767292,latent location index,ok,,full pairwise interaction vector at1000/5000 vs200,0.9992001599680064,1.0
A/saturated/ordinal/ordered_location_scale/restricted-cash,A,saturated,ordinal,ordered_location_scale,restricted-cash,5480,2,,,,,"[0.09501734016450678, 0.10123062178436426]","[-0.04501971127138732, -0.03438152862035243]","[0.23505439160040087, 0.23684277218908095]",1.585260328437883,2.513050308918985,0.2846413949116592,latent location index,ok,,full pairwise interaction vector at1000/5000 vs200,1.0,1.0
A/saturated/midpoint/OLS_HC3/omnibus,A,saturated,midpoint,OLS_HC3,omnibus,5480,4,,,,,"[-0.0008555812482582199, 0.019307144322523825, 0.02729753044800027, 0.05250606554953307]","[-0.04435697491420386, -0.02337611226124734, -0.014545888571432124, 0.012176751098036162]","[0.04264581241768742, 0.06199040090629499, 0.06914094946743266, 0.09283538000102998]",2.718913706398579,7.392491742842058,0.11654446177611265,response units,ok,,full pairwise interaction vector at1000/5000 vs200,0.7076584683063387,1.0
A/saturated/midpoint/OLS_HC3/cash-food,A,saturated,midpoint,OLS_HC3,cash-food,5480,2,,,,,"[0.0008555812482582199, -0.019307144322523825]","[-0.04264581241768742, -0.06199040090629499]","[0.04435697491420386, 0.02337611226124734]",1.0902642722570672,1.1886761833602324,0.5519277705717966,response units,ok,,full pairwise interaction vector at1000/5000 vs200,1.0,1.0
A/saturated/midpoint/OLS_HC3/cash-medical,A,saturated,midpoint,OLS_HC3,cash-medical,5480,2,,,,,"[-0.02729753044800027, -0.05250606554953307]","[-0.06914094946743266, -0.09283538000102998]","[0.014545888571432124, -0.012176751098036162]",2.5558641222384146,6.532441411345542,0.038150336315817435,response units,ok,,full pairwise interaction vector at1000/5000 vs200,0.8146370725854829,1.0
A/saturated/midpoint/OLS_HC3/food-medical,A,saturated,midpoint,OLS_HC3,food-medical,5480,2,,,,,"[-0.02815311169625849, -0.033198921227009244]","[-0.06811506449390972, -0.07315942420297342]","[0.011808841101392749, 0.0067615817489549215]",1.734124501469614,3.0071877865972376,0.2223296934187339,response units,ok,,full pairwise interaction vector at1000/5000 vs200,0.9992001599680064,1.0
A/saturated/midpoint/OLS_HC3/restricted-cash,A,saturated,midpoint,OLS_HC3,restricted-cash,5480,2,,,,,"[0.013220974599871024, 0.035906604936028444]","[-0.024493506242469355, -0.0004932102948057709]","[0.050935455442211404, 0.07230642016686266]",1.9877202719453664,3.9510318795025614,0.13868973823155575,response units,ok,,full pairwise interaction vector at1000/5000 vs200,0.9912017596480703,1.0
A/saturated/any_spending/OLS_HC3/omnibus,A,saturated,any_spending,OLS_HC3,omnibus,5480,4,,,,,"[0.023107918865061035, 0.011756694867619287, 0.06903477170648113, 0.031779043299616415]","[-0.04917299560983373, -0.06078854035174917, -0.004771436403948975, -0.041983328225870094]","[0.09538883333995579, 0.08430193008698775, 0.14284097981691124, 0.10554141482510293]",1.860018020609508,3.4596670369921125,0.48403750122629685,response units,ok,,full pairwise interaction vector at1000/5000 vs200,0.9976004799040192,1.0
A/saturated/any_spending/OLS_HC3/cash-food,A,saturated,any_spending,OLS_HC3,cash-food,5480,2,,,,,"[-0.023107918865061035, -0.011756694867619287]","[-0.09538883333995579, -0.08430193008698775]","[0.04917299560983373, 0.06078854035174917]",0.6266788495647886,0.39272638049184694,0.8217137420606064,response units,ok,,full pairwise interaction vector at1000/5000 vs200,1.0,1.0
A/saturated/any_spending/OLS_HC3/cash-medical,A,saturated,any_spending,OLS_HC3,cash-medical,5480,2,,,,,"[-0.06903477170648113, -0.031779043299616415]","[-0.14284097981691124, -0.10554141482510293]","[0.004771436403948975, 0.041983328225870094]",1.8352708996508542,3.3682192751052558,0.18560961824117878,response units,ok,,full pairwise interaction vector at1000/5000 vs200,0.998000399920016,1.0
A/saturated/any_spending/OLS_HC3/food-medical,A,saturated,any_spending,OLS_HC3,food-medical,5480,2,,,,,"[-0.0459268528414201, -0.020022348431997128]","[-0.12034142755592928, -0.09472541561261584]","[0.028487721873089088, 0.054680718748621585]",1.2143709905728166,1.4746969027448038,0.478380684977158,response units,ok,,full pairwise interaction vector at1000/5000 vs200,1.0,1.0
A/saturated/any_spending/OLS_HC3/restricted-cash,A,saturated,any_spending,OLS_HC3,restricted-cash,5480,2,,,,,"[0.04607134528577109, 0.02176786908361785]","[-0.01679009952739137, -0.04113453342614876]","[0.10893279009893354, 0.08467027159338447]",1.4368887760935365,2.0646493548635814,0.35617799845299974,response units,ok,,full pairwise interaction vector at1000/5000 vs200,1.0,1.0
A/saturated/any_spending/logit/omnibus,A,saturated,any_spending,logit,omnibus,5480,4,,,,,"[0.11190998573373762, 0.055577700262414126, 0.3083178229841528, 0.13682553728119948]","[-0.23743666327010488, -0.2972746830167884, -0.035449389971253964, -0.20614974324203542]","[0.4612566347375801, 0.4084300835416167, 0.6520850359395596, 0.4798008178044344]",1.7954829771495526,3.223759121233821,0.5211020097703645,logit index,ok,,full pairwise interaction vector at1000/5000 vs200,0.9988002399520096,1.0
A/saturated/any_spending/logit/cash-food,A,saturated,any_spending,logit,cash-food,5480,2,,,,,"[-0.11190998573373762, -0.055577700262414126]","[-0.4612566347375801, -0.4084300835416167]","[0.23743666327010488, 0.2972746830167884]",0.6278679733027496,0.39421819189930224,0.8211010496273696,logit index,ok,,full pairwise interaction vector at1000/5000 vs200,1.0,1.0
A/saturated/any_spending/logit/cash-medical,A,saturated,any_spending,logit,cash-medical,5480,2,,,,,"[-0.3083178229841528, -0.13682553728119948]","[-0.6520850359395596, -0.4798008178044344]","[0.035449389971253964, 0.20614974324203542]",1.7602528873123073,3.0984902272913146,0.2124082574162575,logit index,ok,,full pairwise interaction vector at1000/5000 vs200,0.9992001599680064,1.0
A/saturated/any_spending/logit/food-medical,A,saturated,any_spending,logit,food-medical,5480,2,,,,,"[-0.19640783725041516, -0.08124783701878535]","[-0.5337660089067799, -0.4170721774183389]","[0.14095033440594967, 0.2545765033807682]",1.1454549909046103,1.312067136188281,0.5189054611992099,logit index,ok,,full pairwise interaction vector at1000/5000 vs200,1.0,1.0
A/saturated/any_spending/logit/restricted-cash,A,saturated,any_spending,logit,restricted-cash,5480,2,,,,,"[0.2101139043589452, 0.0962016187718068]","[-0.09263492708527296, -0.20855061963950275]","[0.5128627358031633, 0.4009538571831164]",1.3614256673253253,1.8534798476522074,0.39584208447989255,logit index,ok,,full pairwise interaction vector at1000/5000 vs200,1.0,1.0
A/saturated/any_spending/probit/omnibus,A,saturated,any_spending,probit,omnibus,5480,4,,,,,"[0.06735165018178679, 0.033618346377532464, 0.1886998435134779, 0.08440363686932742]","[-0.14293496395130978, -0.1784898123556904, -0.01970845902579979, -0.1235483370764642]","[0.27763826431488337, 0.24572650511075533, 0.3971081460527556, 0.29235561081511907]",1.8098506951591211,3.275559538767954,0.5128139334106849,probit index,ok,,full pairwise interaction vector at1000/5000 vs200,0.9984003199360127,1.0
A/saturated/any_spending/probit/cash-food,A,saturated,any_spending,probit,cash-food,5480,2,,,,,"[-0.06735165018178679, -0.033618346377532464]","[-0.27763826431488337, -0.24572650511075533]","[0.14293496395130978, 0.1784898123556904]",0.6277621069785829,0.3940852629581898,0.8211556254875638,probit index,ok,,full pairwise interaction vector at1000/5000 vs200,1.0,1.0
A/saturated/any_spending/probit/cash-medical,A,saturated,any_spending,probit,cash-medical,5480,2,,,,,"[-0.1886998435134779, -0.08440363686932742]","[-0.3971081460527556, -0.29235561081511907]","[0.01970845902579979, 0.1235483370764642]",1.7768861688323738,3.157324456987791,0.20625083021432022,probit index,ok,,full pairwise interaction vector at1000/5000 vs200,0.999000199960008,1.0
A/saturated/any_spending/probit/food-medical,A,saturated,any_spending,probit,food-medical,5480,2,,,,,"[-0.12134819333169111, -0.050785290491794956]","[-0.32711404043730963, -0.2559693305077811]","[0.0844176537739274, 0.1543987495241912]",1.1602828722243845,1.3462563435772674,0.5101103664925188,probit index,ok,,full pairwise interaction vector at1000/5000 vs200,1.0,1.0
A/saturated/any_spending/probit/restricted-cash,A,saturated,any_spending,probit,restricted-cash,5480,2,,,,,"[0.12802574684763235, 0.059010991623429945]","[-0.05429908516013143, -0.12426973476440982]","[0.31035057885539613, 0.2422917180112697]",1.3772296418127037,1.8967614862875481,0.3873677637981706,probit index,ok,,full pairwise interaction vector at1000/5000 vs200,1.0,1.0
A/saturated/ge10/OLS_HC3/omnibus,A,saturated,ge10,OLS_HC3,omnibus,5480,4,,,,,"[0.011965497497476163, -0.010239133068317372, 0.05986299211226425, 0.07073818967101615]","[-0.06739042215452266, -0.09011486323139933, -0.019367143988110867, -0.008370669205808534]","[0.09132141714947499, 0.06963659709476458, 0.13909312821263936, 0.14984704854784084]",2.309846831424488,5.335392384641748,0.2545819558595695,response units,ok,,full pairwise interaction vector at1000/5000 vs200,0.9288142371525695,1.0
A/saturated/ge10/OLS_HC3/cash-food,A,saturated,ge10,OLS_HC3,cash-food,5480,2,,,,,"[-0.011965497497476163, 0.010239133068317372]","[-0.09132141714947499, -0.06963659709476458]","[0.06739042215452266, 0.09011486323139933]",0.5428217658195521,0.2946554694474567,0.8630110923612943,response units,ok,,full pairwise interaction vector at1000/5000 vs200,1.0,1.0
A/saturated/ge10/OLS_HC3/cash-medical,A,saturated,ge10,OLS_HC3,cash-medical,5480,2,,,,,"[-0.05986299211226425, -0.07073818967101615]","[-0.13909312821263936, -0.14984704854784084]","[0.019367143988110867, 0.008370669205808534]",1.8911646174850132,3.576503610427236,0.16725230384450773,response units,ok,,full pairwise interaction vector at1000/5000 vs200,0.996000799840032,1.0
A/saturated/ge10/OLS_HC3/food-medical,A,saturated,ge10,OLS_HC3,food-medical,5480,2,,,,,"[-0.04789749461478809, -0.08097732273933353]","[-0.12685213079128607, -0.1599216483781537]","[0.03105714156170989, -0.00203299710051337]",2.0219278994643854,4.088192430632462,0.12949717466797847,response units,ok,,full pairwise interaction vector at1000/5000 vs200,0.9882023595280944,1.0
A/saturated/ge10/OLS_HC3/restricted-cash,A,saturated,ge10,OLS_HC3,restricted-cash,5480,2,,,,,"[0.03591424480487021, 0.03024952830134939]","[-0.03285296818001407, -0.03875134323877974]","[0.10468145778975449, 0.09925039984147851]",1.1029752718904615,1.2165544504018375,0.5442877470419589,response units,ok,,full pairwise interaction vector at1000/5000 vs200,1.0,1.0
A/saturated/ge10/logit/omnibus,A,saturated,ge10,logit,omnibus,5480,4,,,,,"[0.048351654770997995, -0.04052621299870766, 0.2415480220844183, 0.28522799705839436]","[-0.26971686342654894, -0.3608174529480494, -0.07793134401263638, -0.03355149249607542]","[0.36642017296854495, 0.27976502695063404, 0.561027388181473, 0.6040074866128642]",2.305528217377201,5.3154603611224935,0.2564331185467438,logit index,ok,,full pairwise interaction vector at1000/5000 vs200,0.9306138772245551,1.0
A/saturated/ge10/logit/cash-food,A,saturated,ge10,logit,cash-food,5480,2,,,,,"[-0.048351654770997995, 0.04052621299870766]","[-0.36642017296854495, -0.27976502695063404]","[0.26971686342654894, 0.3608174529480494]",0.5431249014041332,0.29498465852524935,0.8628690571379163,logit index,ok,,full pairwise interaction vector at1000/5000 vs200,1.0,1.0
A/saturated/ge10/logit/cash-medical,A,saturated,ge10,logit,cash-medical,5480,2,,,,,"[-0.2415480220844183, -0.28522799705839436]","[-0.561027388181473, -0.6040074866128642]","[0.07793134401263638, 0.03355149249607542]",1.88902673133985,3.568421991716518,0.1679295058191715,logit index,ok,,full pairwise interaction vector at1000/5000 vs200,0.9962007598480304,1.0
A/saturated/ge10/logit/food-medical,A,saturated,ge10,logit,food-medical,5480,2,,,,,"[-0.19319636731342033, -0.32575421005710203]","[-0.5108380471748413, -0.643172248629972]","[0.12444531254800062, -0.008336171484232102]",2.022296361463362,4.089682573587952,0.12940072595174043,logit index,ok,,full pairwise interaction vector at1000/5000 vs200,0.9880023995200959,1.0
A/saturated/ge10/logit/restricted-cash,A,saturated,ge10,logit,restricted-cash,5480,2,,,,,"[0.14494983842770814, 0.12235089202984335]","[-0.13144347664844058, -0.15498440660988183]","[0.42134315350385687, 0.3996861906695685]",1.107109209129984,1.2256908009404184,0.5418070157382764,logit index,ok,,full pairwise interaction vector at1000/5000 vs200,1.0,1.0
A/saturated/ge10/probit/omnibus,A,saturated,ge10,probit,omnibus,5480,4,,,,,"[0.030233945978375337, -0.025454041898817746, 0.1510849169578173, 0.17843312310260437]","[-0.16896382079213698, -0.22602421056333996, -0.04873748985728818, -0.02097981448254746]","[0.22943171274888766, 0.17511612676570446, 0.3509073237729228, 0.37784606068775617]",2.306866643227629,5.321633709636308,0.2558585444583017,probit index,ok,,full pairwise interaction vector at1000/5000 vs200,0.9304139172165566,1.0
A/saturated/ge10/probit/cash-food,A,saturated,ge10,probit,cash-food,5480,2,,,,,"[-0.030233945978375337, 0.025454041898817746]","[-0.22943171274888766, -0.17511612676570446]","[0.16896382079213698, 0.22602421056333996]",0.54315777423225,0.29502036770893186,0.8628536511006233,probit index,ok,,full pairwise interaction vector at1000/5000 vs200,1.0,1.0
A/saturated/ge10/probit/cash-medical,A,saturated,ge10,probit,cash-medical,5480,2,,,,,"[-0.1510849169578173, -0.17843312310260437]","[-0.3509073237729228, -0.37784606068775617]","[0.04873748985728818, 0.02097981448254746]",1.8898252622107343,3.5714395216898707,0.1676763306994664,probit index,ok,,full pairwise interaction vector at1000/5000 vs200,0.9962007598480304,1.0
A/saturated/ge10/probit/food-medical,A,saturated,ge10,probit,food-medical,5480,2,,,,,"[-0.12085097097944197, -0.20388716500142212]","[-0.31962147848956435, -0.40254215033287205]","[0.07791953653068037, -0.005232179669972192]",2.022582078498419,4.0908382642629855,0.12932597394520717,probit index,ok,,full pairwise interaction vector at1000/5000 vs200,0.9880023995200959,1.0
A/saturated/ge10/probit/restricted-cash,A,saturated,ge10,probit,restricted-cash,5480,2,,,,,"[0.09065943146809632, 0.07648954060189331]","[-0.08233462511163869, -0.097093307968948]","[0.26365348804783134, 0.2500723891727346]",1.1064214640703,1.2241684561554662,0.5422195812775361,probit index,ok,,full pairwise interaction vector at1000/5000 vs200,1.0,1.0
A/saturated/ge25/OLS_HC3/omnibus,A,saturated,ge25,OLS_HC3,omnibus,5480,4,,,,,"[-0.019670029783967938, -0.009005053527067602, 0.015164854576171258, 0.06233426030461579]","[-0.09326623609326715, -0.08173433309645137, -0.0563592008483625, -0.008517911230924685]","[0.05392617652533127, 0.06372422604231617, 0.08668891000070501, 0.13318643184015627]",2.2738171868598256,5.170244599259131,0.2702711102046567,response units,ok,,full pairwise interaction vector at1000/5000 vs200,0.9408118376324736,1.0
A/saturated/ge25/OLS_HC3/cash-food,A,saturated,ge25,OLS_HC3,cash-food,5480,2,,,,,"[0.019670029783967938, 0.009005053527067602]","[-0.05392617652533127, -0.06372422604231617]","[0.09326623609326715, 0.08173433309645137]",0.5248666314851433,0.27548498084656126,0.8713230368854619,response units,ok,,full pairwise interaction vector at1000/5000 vs200,1.0,1.0
A/saturated/ge25/OLS_HC3/cash-medical,A,saturated,ge25,OLS_HC3,cash-medical,5480,2,,,,,"[-0.015164854576171258, -0.06233426030461579]","[-0.08668891000070501, -0.13318643184015627]","[0.0563592008483625, 0.008517911230924685]",1.8039299434981597,3.2541632410492736,0.19650220614700267,response units,ok,,full pairwise interaction vector at1000/5000 vs200,0.9988002399520096,1.0
A/saturated/ge25/OLS_HC3/food-medical,A,saturated,ge25,OLS_HC3,food-medical,5480,2,,,,,"[-0.03483488436013919, -0.07133931383168339]","[-0.10477074413688747, -0.14078650431163878]","[0.03510097541660909, -0.0018921233517280034]",2.014969267685636,4.060101149717589,0.13132887904101956,response units,ok,,full pairwise interaction vector at1000/5000 vs200,0.9888022395520896,1.0
A/saturated/ge25/OLS_HC3/restricted-cash,A,saturated,ge25,OLS_HC3,restricted-cash,5480,2,,,,,"[-0.0022525876038983397, 0.026664603388774095]","[-0.06583945671276471, -0.0361769520709837]","[0.06133428150496804, 0.08950615884853189]",1.0098765125548024,1.01985057060985,0.6005404463324415,response units,ok,,full pairwise interaction vector at1000/5000 vs200,1.0,1.0
A/saturated/ge25/logit/omnibus,A,saturated,ge25,logit,omnibus,5480,4,,,,,"[-0.1019137211483097, -0.06415443713477298, 0.06015558148517516, 0.29053385806798937]","[-0.44524104595987385, -0.4169354908805571, -0.29543237018244584, -0.06658664532421532]","[0.24141360366325443, 0.28862661661101113, 0.4157435331527961, 0.6476543614601941]",2.1269073043322373,4.523734681221824,0.3397424306573041,logit index,ok,,full pairwise interaction vector at1000/5000 vs200,0.9768046390721855,1.0
A/saturated/ge25/logit/cash-food,A,saturated,ge25,logit,cash-food,5480,2,,,,,"[0.1019137211483097, 0.06415443713477298]","[-0.24141360366325443, -0.28862661661101113]","[0.44524104595987385, 0.4169354908805571]",0.5895789539729255,0.347603342967809,0.8404635690225195,logit index,ok,,full pairwise interaction vector at1000/5000 vs200,1.0,1.0
A/saturated/ge25/logit/cash-medical,A,saturated,ge25,logit,cash-medical,5480,2,,,,,"[-0.06015558148517516, -0.29053385806798937]","[-0.4157435331527961, -0.6476543614601941]","[0.29543237018244584, 0.06658664532421532]",1.6725812600117425,2.797528071342468,0.24690193742196845,logit index,ok,,full pairwise interaction vector at1000/5000 vs200,0.9996000799840032,1.0
A/saturated/ge25/logit/food-medical,A,saturated,ge25,logit,food-medical,5480,2,,,,,"[-0.16206930263348485, -0.35468829520276235]","[-0.521575836886012, -0.7163744042272854]","[0.19743723161904225, 0.006997813821760679]",1.922833476679604,3.6972885790397734,0.15745047895027936,logit index,ok,,full pairwise interaction vector at1000/5000 vs200,0.9946010797840432,1.0
A/saturated/ge25/logit/restricted-cash,A,saturated,ge25,logit,restricted-cash,5480,2,,,,,"[-0.02087906983156727, 0.1131897104666082]","[-0.3206239357161291, -0.1922453113419902]","[0.27886579605299455, 0.4186247322752066]",0.9085076723700526,0.8253861907552508,0.6618653812052203,logit index,ok,,full pairwise interaction vector at1000/5000 vs200,1.0,1.0
A/saturated/ge25/probit/omnibus,A,saturated,ge25,probit,omnibus,5480,4,,,,,"[-0.06052326009543661, -0.036032327376849846, 0.037871177064982546, 0.17625747260800795]","[-0.2686759856258988, -0.24807275906613474, -0.1746546156925088, -0.03666947776999749]","[0.1476294654350256, 0.17600810431243508, 0.2503969698224739, 0.3891844229860134]",2.1567870737495154,4.651730481492997,0.3249332905036593,probit index,ok,,full pairwise interaction vector at1000/5000 vs200,0.9716056788642271,1.0
A/saturated/ge25/probit/cash-food,A,saturated,ge25,probit,cash-food,5480,2,,,,,"[0.06052326009543661, 0.036032327376849846]","[-0.1476294654350256, -0.17600810431243508]","[0.2686759856258988, 0.24807275906613474]",0.5740631784672559,0.3295485328719284,0.8480851237597726,probit index,ok,,full pairwise interaction vector at1000/5000 vs200,1.0,1.0
A/saturated/ge25/probit/cash-medical,A,saturated,ge25,probit,cash-medical,5480,2,,,,,"[-0.037871177064982546, -0.17625747260800795]","[-0.2503969698224739, -0.3891844229860134]","[0.1746546156925088, 0.03666947776999749]",1.7004151246442496,2.891411596118919,0.23557974613725338,probit index,ok,,full pairwise interaction vector at1000/5000 vs200,0.9994001199760048,1.0
A/saturated/ge25/probit/food-medical,A,saturated,ge25,probit,food-medical,5480,2,,,,,"[-0.09839443716041915, -0.2122897999848578]","[-0.3119294701998496, -0.4265543905425925]","[0.11514059587901129, 0.001974790572876889]",1.9427898744145802,3.77443249612782,0.15149294116872464,probit index,ok,,full pairwise interaction vector at1000/5000 vs200,0.9932013597280543,1.0
A/saturated/ge25/probit/restricted-cash,A,saturated,ge25,probit,restricted-cash,5480,2,,,,,"[-0.011326041515227033, 0.07011257261557904]","[-0.19256644066147804, -0.11338725502033323]","[0.16991435763102397, 0.25361240025149134]",0.9294867265472943,0.8639455748276046,0.6492270435916507,probit index,ok,,full pairwise interaction vector at1000/5000 vs200,1.0,1.0
A/saturated/ge50/OLS_HC3/omnibus,A,saturated,ge50,OLS_HC3,omnibus,5480,4,,,,,"[-0.014655413629578347, 0.029098989952173325, 0.016430035204001412, 0.05840442886440266]","[-0.07229485251544743, -0.027685417217272072, -0.038792142327122636, 0.0045658352335264385]","[0.042984025256290734, 0.08588339712161872, 0.07165221273512545, 0.11224302249527889]",2.483953597181268,6.170025472949761,0.18680539166448948,response units,ok,,full pairwise interaction vector at1000/5000 vs200,0.8560287942411517,1.0
A/saturated/ge50/OLS_HC3/cash-food,A,saturated,ge50,OLS_HC3,cash-food,5480,2,,,,,"[0.014655413629578347, -0.029098989952173325]","[-0.042984025256290734, -0.08588339712161872]","[0.07229485251544743, 0.027685417217272072]",1.604398783122516,2.57409545528501,0.2760846582128698,response units,ok,,full pairwise interaction vector at1000/5000 vs200,1.0,1.0
A/saturated/ge50/OLS_HC3/cash-medical,A,saturated,ge50,OLS_HC3,cash-medical,5480,2,,,,,"[-0.016430035204001412, -0.05840442886440266]","[-0.07165221273512545, -0.11224302249527889]","[0.038792142327122636, -0.0045658352335264385]",2.2220727622401357,4.937607360689507,0.08468611008317839,response units,ok,,full pairwise interaction vector at1000/5000 vs200,0.9580083983203359,1.0
A/saturated/ge50/OLS_HC3/food-medical,A,saturated,ge50,OLS_HC3,food-medical,5480,2,,,,,"[-0.03108544883357976, -0.029305438912229337]","[-0.08358316250740258, -0.08239664127533204]","[0.02141226484024306, 0.023785763450873368]",1.2821125369931543,1.6438125575150224,0.43959286873263514,response units,ok,,full pairwise interaction vector at1000/5000 vs200,1.0,1.0
A/saturated/ge50/OLS_HC3/restricted-cash,A,saturated,ge50,OLS_HC3,restricted-cash,5480,2,,,,,"[0.0008873107872115326, 0.04375170940828799]","[-0.049081623741490776, -0.004795819764451717]","[0.050856245315913845, 0.0922992385810277]",2.077622547977726,4.316515451865459,0.11552622414324347,response units,ok,,full pairwise interaction vector at1000/5000 vs200,0.9830033993201359,1.0
A/saturated/ge50/logit/omnibus,A,saturated,ge50,logit,omnibus,5480,4,,,,,"[-0.1534302798665603, 0.2166314525443508, 0.08712524081334543, 0.4472200097217546]","[-0.5947732034602715, -0.2381683183823734, -0.3793286102919152, -0.02760357242351047]","[0.287912643727151, 0.671431223471075, 0.5535790919186061, 0.9220435918670196]",2.196545837899904,4.8248136179953915,0.30574955569565104,logit index,ok,,full pairwise interaction vector at1000/5000 vs200,0.9642071585682863,1.0
A/saturated/ge50/logit/cash-food,A,saturated,ge50,logit,cash-food,5480,2,,,,,"[0.1534302798665603, -0.2166314525443508]","[-0.287912643727151, -0.671431223471075]","[0.5947732034602715, 0.2381683183823734]",1.5293692810576296,2.338970397842731,0.310526759635426,logit index,ok,,full pairwise interaction vector at1000/5000 vs200,1.0,1.0
A/saturated/ge50/logit/cash-medical,A,saturated,ge50,logit,cash-medical,5480,2,,,,,"[-0.08712524081334543, -0.4472200097217546]","[-0.5535790919186061, -0.9220435918670196]","[0.3793286102919152, 0.02760357242351047]",1.926998845955903,3.7133245523153824,0.15619309071124188,logit index,ok,,full pairwise interaction vector at1000/5000 vs200,0.994001199760048,1.0
A/saturated/ge50/logit/food-medical,A,saturated,ge50,logit,food-medical,5480,2,,,,,"[-0.2405555206799057, -0.23058855717740379]","[-0.72249094982385, -0.7059954863915552]","[0.24137990846403856, 0.2448183720367476]",1.1254102574418365,1.2665482475553007,0.5308508810763138,logit index,ok,,full pairwise interaction vector at1000/5000 vs200,1.0,1.0
A/saturated/ge50/logit/restricted-cash,A,saturated,ge50,logit,restricted-cash,5480,2,,,,,"[-0.03315251952660744, 0.3319257311330527]","[-0.4180108652105059, -0.06763302025643159]","[0.35170582615729107, 0.731484482522537]",1.9084936684515872,3.642348082519797,0.1618356376393815,logit index,ok,,full pairwise interaction vector at1000/5000 vs200,0.9956008798240352,1.0
A/saturated/ge50/probit/omnibus,A,saturated,ge50,probit,omnibus,5480,4,,,,,"[-0.07989015763303176, 0.11955383691114009, 0.05209047517835847, 0.24559529853584236]","[-0.3217773182093449, -0.12748875037288987, -0.1982129415859199, -0.007442884998127591]","[0.1619970029432814, 0.36659642419517, 0.3023938919426368, 0.4986334820698123]",2.249375795635079,5.059691469988944,0.28122743321544513,probit index,ok,,full pairwise interaction vector at1000/5000 vs200,0.9512097580483904,1.0
A/saturated/ge50/probit/cash-food,A,saturated,ge50,probit,cash-food,5480,2,,,,,"[0.07989015763303176, -0.11955383691114009]","[-0.1619970029432814, -0.36659642419517]","[0.3217773182093449, 0.12748875037288987]",1.5431352167213257,2.3812662970855727,0.3040287077814741,probit index,ok,,full pairwise interaction vector at1000/5000 vs200,1.0,1.0
A/saturated/ge50/probit/cash-medical,A,saturated,ge50,probit,cash-medical,5480,2,,,,,"[-0.05209047517835847, -0.24559529853584236]","[-0.3023938919426368, -0.4986334820698123]","[0.1982129415859199, 0.007442884998127591]",1.9838536162760674,3.93567517081163,0.13975874604403823,probit index,ok,,full pairwise interaction vector at1000/5000 vs200,0.9914017196560688,1.0
A/saturated/ge50/probit/food-medical,A,saturated,ge50,probit,food-medical,5480,2,,,,,"[-0.13198063281139022, -0.12604146162470226]","[-0.38722321571548024, -0.37909022970347717]","[0.1232619500926998, 0.12700730645407265]",1.1567242814594063,1.3380110633177797,0.5122177088824444,probit index,ok,,full pairwise interaction vector at1000/5000 vs200,1.0,1.0
A/saturated/ge50/probit/restricted-cash,A,saturated,ge50,probit,restricted-cash,5480,2,,,,,"[-0.013899841227336642, 0.18257456772349123]","[-0.22435982653543207, -0.0331121527127306]","[0.19656014408075878, 0.39826128815971307]",1.9421154282796085,3.771812336761687,0.15169153905420066,probit index,ok,,full pairwise interaction vector at1000/5000 vs200,0.9932013597280543,1.0
A/saturated/top75/OLS_HC3/omnibus,A,saturated,top75,OLS_HC3,omnibus,5480,4,,,,,"[0.016364779941968215, 0.05810185772021014, 0.036889752529633064, 0.06002752159460508]","[-0.030682616818493914, 0.012675021694140379, -0.006977700187866212, 0.019443885900342746]","[0.06341217670243035, 0.1035286937462799, 0.08075720524713234, 0.10061115728886741]",3.327483059699488,11.072143512587067,0.025765074126808667,response units,ok,,full pairwise interaction vector at1000/5000 vs200,0.2689462107578484,1.0
A/saturated/top75/OLS_HC3/cash-food,A,saturated,top75,OLS_HC3,cash-food,5480,2,,,,,"[-0.016364779941968215, -0.05810185772021014]","[-0.06341217670243035, -0.1035286937462799]","[0.030682616818493914, -0.012675021694140379]",2.707947378700169,7.332979005809116,0.025566062185069117,response units,ok,,full pairwise interaction vector at1000/5000 vs200,0.7138572285542891,1.0
A/saturated/top75/OLS_HC3/cash-medical,A,saturated,top75,OLS_HC3,cash-medical,5480,2,,,,,"[-0.036889752529633064, -0.06002752159460508]","[-0.08075720524713234, -0.10061115728886741]","[0.006977700187866212, -0.019443885900342746]",2.902431339448791,8.424107680214503,0.014815907562835615,response units,ok,,full pairwise interaction vector at1000/5000 vs200,0.5696860627874425,1.0
A/saturated/top75/OLS_HC3/food-medical,A,saturated,top75,OLS_HC3,food-medical,5480,2,,,,,"[-0.02052497258766485, -0.0019256638743949395]","[-0.060850863896636305, -0.041775045358830414]","[0.019800918721306605, 0.037923717610040535]",1.149534789214743,1.3214302316149835,0.516481858057246,response units,ok,,full pairwise interaction vector at1000/5000 vs200,1.0,1.0
A/saturated/top75/OLS_HC3/restricted-cash,A,saturated,top75,OLS_HC3,restricted-cash,5480,2,,,,,"[0.02662726623580064, 0.05906468965740761]","[-0.014144796472179241, 0.020876718284487054]","[0.06739932894378052, 0.09725266103032817]",3.1174396079939983,9.718429709489774,0.0077565715363187866,response units,ok,,full pairwise interaction vector at1000/5000 vs200,0.40531893621275744,1.0
A/saturated/top75/logit/omnibus,A,saturated,top75,logit,omnibus,5480,4,,,,,"[0.08210285179070166, 0.7211957679572222, 0.307355843104885, 0.5646676390442659]","[-0.46612270926006216, 0.13108261319673242, -0.30162206670302055, -0.11030653706330851]","[0.6303284128414655, 1.311308922717712, 0.9163337529127906, 1.2396418151518402]",2.6769015840208286,7.165802090533221,0.1273814906568975,logit index,ok,,full pairwise interaction vector at1000/5000 vs200,0.7354529094181164,1.0
A/saturated/top75/logit/cash-food,A,saturated,top75,logit,cash-food,5480,2,,,,,"[-0.08210285179070166, -0.7211957679572222]","[-0.6303284128414655, -1.311308922717712]","[0.46612270926006216, -0.13108261319673242]",2.490574480727121,6.202961244049168,0.044982550907309564,logit index,ok,,full pairwise interaction vector at1000/5000 vs200,0.8538292341531694,1.0
A/saturated/top75/logit/cash-medical,A,saturated,top75,logit,cash-medical,5480,2,,,,,"[-0.307355843104885, -0.5646676390442659]","[-0.9163337529127906, -1.2396418151518402]","[0.30162206670302055, 0.11030653706330851]",1.6797143765114284,2.8214403866591766,0.2439675160901766,logit index,ok,,full pairwise interaction vector at1000/5000 vs200,0.9996000799840032,1.0
A/saturated/top75/logit/food-medical,A,saturated,top75,logit,food-medical,5480,2,,,,,"[-0.22525299131418336, 0.1565281289129563]","[-0.8615054188839391, -0.5025979283482389]","[0.4109994362555723, 0.8156541861741515]",1.0974206496553522,1.2043320822899755,0.5476241740195258,logit index,ok,,full pairwise interaction vector at1000/5000 vs200,1.0,1.0
A/saturated/top75/logit/restricted-cash,A,saturated,top75,logit,restricted-cash,5480,2,,,,,"[0.19472934744779333, 0.642931703500744]","[-0.2895209930937631, 0.10135987347580067]","[0.6789796879893498, 1.1845035335256875]",2.3288656418380973,5.423615177733973,0.06641664415892128,logit index,ok,,full pairwise interaction vector at1000/5000 vs200,0.9212157568486303,1.0
A/saturated/top75/probit/omnibus,A,saturated,top75,probit,omnibus,5480,4,,,,,"[0.05135744800403723, 0.36111050603633954, 0.16772379468402893, 0.3013037424645047]","[-0.22583900113258837, 0.07019218712804498, -0.12867032808284834, -0.015511718845262201]","[0.32855389714066285, 0.6520288249446341, 0.4641179174509062, 0.6181192037742715]",2.77703417583958,7.711918813781014,0.10271956102706215,probit index,ok,,full pairwise interaction vector at1000/5000 vs200,0.6674665066986603,1.0
A/saturated/top75/probit/cash-food,A,saturated,top75,probit,cash-food,5480,2,,,,,"[-0.05135744800403723, -0.36111050603633954]","[-0.32855389714066285, -0.6520288249446341]","[0.22583900113258837, -0.07019218712804498]",2.540664868678132,6.454977974935271,0.0396569529767056,probit index,ok,,full pairwise interaction vector at1000/5000 vs200,0.8228354329134173,1.0
A/saturated/top75/probit/cash-medical,A,saturated,top75,probit,cash-medical,5480,2,,,,,"[-0.16772379468402893, -0.3013037424645047]","[-0.4641179174509062, -0.6181192037742715]","[0.12867032808284834, 0.015511718845262201]",1.8951734670217293,3.5916824701031618,0.16598775887664896,probit index,ok,,full pairwise interaction vector at1000/5000 vs200,0.996000799840032,1.0
A/saturated/top75/probit/food-medical,A,saturated,top75,probit,food-medical,5480,2,,,,,"[-0.1163663466799917, 0.05980676357183484]","[-0.4217465286391847, -0.2521446976198049]","[0.18901383527920135, 0.3717582247634746]",1.0977208649681625,1.2049910973864508,0.5474437574465327,probit index,ok,,full pairwise interaction vector at1000/5000 vs200,1.0,1.0
A/saturated/top75/probit/restricted-cash,A,saturated,top75,probit,restricted-cash,5480,2,,,,,"[0.10954062134403308, 0.3312071242504221]","[-0.1334190663183296, 0.0701049912339059]","[0.35250030900639573, 0.5923092572669383]",2.4915537028462635,6.207839854166927,0.04487295846236423,probit index,ok,,full pairwise interaction vector at1000/5000 vs200,0.853629274145171,1.0
A/endpoint/ordinal/OLS_HC3/omnibus,A,endpoint,ordinal,OLS_HC3,omnibus,3658,2,,,,,"[0.07971335594462117, 0.2832834437342594]","[-0.1718106689799119, 0.039538597565960815]","[0.3312373808691542, 0.527028289902558]",2.3706241277560154,5.619858755098969,0.06020924436661022,response units,ok,,5000-minus200 response/link difference-in-differences,0.9058188362327535,1.0
A/endpoint/ordinal/OLS_HC3/cash-food,A,endpoint,ordinal,OLS_HC3,cash-food,3658,1,-0.07971335594462117,0.12832858414516993,-0.3312373808691542,0.1718106689799119,[-0.07971335594462117],[-0.3312373808691542],[0.1718106689799119],0.6211660206150685,0.38584722516675973,0.5344903939632626,response units,ok,,5000-minus200 response/link difference-in-differences,1.0,1.0
A/endpoint/ordinal/OLS_HC3/cash-medical,A,endpoint,ordinal,OLS_HC3,cash-medical,3658,1,-0.2832834437342594,0.12435961539198907,-0.527028289902558,-0.039538597565960815,[-0.2832834437342594],[-0.527028289902558],[-0.039538597565960815],2.2779375992868163,5.188999706244584,0.02273029570461461,response units,ok,,5000-minus200 response/link difference-in-differences,0.9396120775844831,1.0
A/endpoint/ordinal/OLS_HC3/food-medical,A,endpoint,ordinal,OLS_HC3,food-medical,3658,1,-0.20357008778963823,0.12396910758280384,-0.44654953865193375,0.0394093630726573,[-0.20357008778963823],[-0.44654953865193375],[0.0394093630726573],1.6421033575132076,2.6965034367561493,0.10056858599580347,response units,ok,,5000-minus200 response/link difference-in-differences,0.9996000799840032,1.0
A/endpoint/ordinal/OLS_HC3/restricted-cash,A,endpoint,ordinal,OLS_HC3,restricted-cash,3658,1,0.18149839983944027,0.11011214654094481,-0.03432140738081155,0.3973182070596921,[0.18149839983944027],[-0.03432140738081155],[0.3973182070596921],1.6483049830651584,2.716909317197432,0.09929010270683142,response units,ok,,5000-minus200 response/link difference-in-differences,0.9996000799840032,1.0
A/endpoint/ordinal/ordered_logit/omnibus,A,endpoint,ordinal,ordered_logit,omnibus,3658,2,,,,,"[0.049004610996800216, 0.2959816347754317]","[-0.2343210994996653, 0.012320701044312377]","[0.3323303214932657, 0.579642568506551]",2.186681777245809,4.78157719493889,0.09155745342479235,latent location index,ok,,5000-minus200 response/link difference-in-differences,0.9666066786642672,1.0
A/endpoint/ordinal/ordered_logit/cash-food,A,endpoint,ordinal,ordered_logit,cash-food,3658,1,-0.049004610996800216,0.1445539339267681,-0.3323303214932657,0.2343210994996653,[-0.049004610996800216],[-0.3323303214932657],[0.2343210994996653],0.33900572378491095,0.11492488075893134,0.7346054182683028,latent location index,ok,,5000-minus200 response/link difference-in-differences,1.0,1.0
A/endpoint/ordinal/ordered_logit/cash-medical,A,endpoint,ordinal,ordered_logit,cash-medical,3658,1,-0.2959816347754317,0.1447249661893466,-0.579642568506551,-0.012320701044312377,[-0.2959816347754317],[-0.579642568506551],[-0.012320701044312377],2.0451318287972025,4.182564197159389,0.040841863095028366,latent location index,ok,,5000-minus200 response/link difference-in-differences,0.9862027594481104,1.0
A/endpoint/ordinal/ordered_logit/food-medical,A,endpoint,ordinal,ordered_logit,food-medical,3658,1,-0.2469770237786315,0.14540993803606245,-0.5319805023293138,0.038026454772050855,[-0.2469770237786315],[-0.5319805023293138],[0.038026454772050855],1.6984879239641784,2.8848612278521446,0.08941570998741527,latent location index,ok,,5000-minus200 response/link difference-in-differences,0.9994001199760048,1.0
A/endpoint/ordinal/ordered_logit/restricted-cash,A,endpoint,ordinal,ordered_logit,restricted-cash,3658,1,0.17249312288611596,0.1250382553708788,-0.07258185764080646,0.4175681034130384,[0.17249312288611596],[-0.07258185764080646],[0.4175681034130384],1.3795227898412388,1.9030831276913547,0.16773362458863034,latent location index,ok,,5000-minus200 response/link difference-in-differences,1.0,1.0
A/endpoint/ordinal/ordered_probit/omnibus,A,endpoint,ordinal,ordered_probit,omnibus,3658,2,,,,,"[0.05513392574752244, 0.1835455577216856]","[-0.11347246618099474, 0.01555259980222884]","[0.2237403176760396, 0.35153851564114236]",2.1942362178832457,4.814672579870571,0.09005485539500509,latent location index,ok,,5000-minus200 response/link difference-in-differences,0.9644071185762847,1.0
A/endpoint/ordinal/ordered_probit/cash-food,A,endpoint,ordinal,ordered_probit,cash-food,3658,1,-0.05513392574752244,0.08602366935128428,-0.2237403176760396,0.11347246618099474,[-0.05513392574752244],[-0.2237403176760396],[0.11347246618099474],0.640915763804248,0.41077301629278257,0.5215774133907449,latent location index,ok,,5000-minus200 response/link difference-in-differences,1.0,1.0
A/endpoint/ordinal/ordered_probit/cash-medical,A,endpoint,ordinal,ordered_probit,cash-medical,3658,1,-0.1835455577216856,0.08571069281604937,-0.35153851564114236,-0.01555259980222884,[-0.1835455577216856],[-0.35153851564114236],[-0.01555259980222884],2.141454603751804,4.585827819929796,0.03223739560095652,latent location index,ok,,5000-minus200 response/link difference-in-differences,0.9734053189362127,1.0
A/endpoint/ordinal/ordered_probit/food-medical,A,endpoint,ordinal,ordered_probit,food-medical,3658,1,-0.12841163197416317,0.08641776906598365,-0.29779045934349113,0.0409671953951648,[-0.12841163197416317],[-0.29779045934349113],[0.0409671953951648],1.4859401412701987,2.208018103438098,0.13729495472738443,latent location index,ok,,5000-minus200 response/link difference-in-differences,1.0,1.0
A/endpoint/ordinal/ordered_probit/restricted-cash,A,endpoint,ordinal,ordered_probit,restricted-cash,3658,1,0.11933974173460402,0.07420370323135976,-0.026099516598861117,0.26477900006806915,[0.11933974173460402],[-0.026099516598861117],[0.26477900006806915],1.60827204758925,2.586538979056919,0.10777560980226718,latent location index,ok,,5000-minus200 response/link difference-in-differences,0.9998000399920016,1.0
A/endpoint/ordinal/ordered_location_scale/omnibus,A,endpoint,ordinal,ordered_location_scale,omnibus,3658,2,,,,,"[0.04038779985305207, 0.16210855540716637]","[-0.11540117620837448, 0.003341836121490388]","[0.19617677591447863, 0.3208752746928424]",2.069672783190606,4.283545429479949,0.11744645930433963,latent location index,ok,,5000-minus200 response/link difference-in-differences,0.9846030793841232,1.0
A/endpoint/ordinal/ordered_location_scale/cash-food,A,endpoint,ordinal,ordered_location_scale,cash-food,3658,1,-0.04038779985305207,0.0794841714599115,-0.19617677591447863,0.11540117620837448,[-0.04038779985305207],[-0.19617677591447863],[0.11540117620837448],0.5081238076869429,0.2581898039382773,0.6113665199452457,latent location index,ok,,5000-minus200 response/link difference-in-differences,1.0,1.0
A/endpoint/ordinal/ordered_location_scale/cash-medical,A,endpoint,ordinal,ordered_location_scale,cash-medical,3658,1,-0.16210855540716637,0.08100342820697755,-0.3208752746928424,-0.003341836121490388,[-0.16210855540716637],[-0.3208752746928424],[-0.003341836121490388],2.0012554899892807,4.005023536212236,0.045364863760670365,latent location index,ok,,5000-minus200 response/link difference-in-differences,0.99000199960008,1.0
A/endpoint/ordinal/ordered_location_scale/food-medical,A,endpoint,ordinal,ordered_location_scale,food-medical,3658,1,-0.1217207555541143,0.081482117680072,-0.2814257062070554,0.037984195098826834,[-0.1217207555541143],[-0.2814257062070554],[0.037984195098826834],1.4938339726519334,2.2315399378490572,0.1352190196129295,latent location index,ok,,5000-minus200 response/link difference-in-differences,1.0,1.0
A/endpoint/ordinal/ordered_location_scale/restricted-cash,A,endpoint,ordinal,ordered_location_scale,restricted-cash,3658,1,0.10124817763010922,0.06913617411723412,-0.034258723639669655,0.23675507889988812,[0.10124817763010922],[-0.034258723639669655],[0.23675507889988812],1.4644746968269147,2.144686137646284,0.14306429173697788,latent location index,ok,,5000-minus200 response/link difference-in-differences,1.0,1.0
A/endpoint/midpoint/OLS_HC3/omnibus,A,endpoint,midpoint,OLS_HC3,omnibus,3658,2,,,,,"[0.019307144322523926, 0.05250606554953327]","[-0.023376112261247247, 0.012176751098036363]","[0.061990400906295096, 0.09283538000103017]",2.6160213693328975,6.843567804806368,0.03265413116729904,response units,ok,,5000-minus200 response/link difference-in-differences,0.7782443511297741,1.0
A/endpoint/midpoint/OLS_HC3/cash-food,A,endpoint,midpoint,OLS_HC3,cash-food,3658,1,-0.019307144322523926,0.021777171726413865,-0.061990400906295096,0.023376112261247247,[-0.019307144322523926],[-0.061990400906295096],[0.023376112261247247],0.8865772178811445,0.7860191632658704,0.375306563966496,response units,ok,,5000-minus200 response/link difference-in-differences,1.0,1.0
A/endpoint/midpoint/OLS_HC3/cash-medical,A,endpoint,midpoint,OLS_HC3,cash-medical,3658,1,-0.05250606554953327,0.020576180842600465,-0.09283538000103017,-0.012176751098036363,[-0.05250606554953327],[-0.09283538000103017],[-0.012176751098036363],2.5517886896107504,6.511625516425351,0.010717149616112627,response units,ok,,5000-minus200 response/link difference-in-differences,0.8160367926414717,1.0
A/endpoint/midpoint/OLS_HC3/food-medical,A,endpoint,midpoint,OLS_HC3,food-medical,3658,1,-0.03319892122700935,0.0203880117224307,-0.07315942420297353,0.006761581748954824,[-0.03319892122700935],[-0.07315942420297353],[0.006761581748954824],1.628355019557116,2.651540069716855,0.10344962940169251,response units,ok,,5000-minus200 response/link difference-in-differences,0.9996000799840032,1.0
A/endpoint/midpoint/OLS_HC3/restricted-cash,A,endpoint,midpoint,OLS_HC3,restricted-cash,3658,1,0.0359066049360286,0.018571334301446033,-0.0004932102948056252,0.07230642016686281,[0.0359066049360286],[-0.0004932102948056252],[0.07230642016686281],1.9334423877789317,3.738199466860297,0.053181723807798856,response units,ok,,5000-minus200 response/link difference-in-differences,0.9936012797440512,1.0
A/endpoint/any_spending/OLS_HC3/omnibus,A,endpoint,any_spending,OLS_HC3,omnibus,3658,2,,,,,"[0.011756694867621445, 0.031779043299618524]","[-0.06078854035174702, -0.041983328225867984]","[0.08430193008698991, 0.10554141482510504]",0.850166566872181,0.7227831914272306,0.6967061179115083,response units,ok,,5000-minus200 response/link difference-in-differences,1.0,1.0
A/endpoint/any_spending/OLS_HC3/cash-food,A,endpoint,any_spending,OLS_HC3,cash-food,3658,1,-0.011756694867621445,0.03701287511192269,-0.08430193008698991,0.06078854035174702,[-0.011756694867621445],[-0.08430193008698991],[0.06078854035174702],0.3176379795428091,0.100893886048038,0.7507595614640019,response units,ok,,5000-minus200 response/link difference-in-differences,1.0,1.0
A/endpoint/any_spending/OLS_HC3/cash-medical,A,endpoint,any_spending,OLS_HC3,cash-medical,3658,1,-0.031779043299618524,0.037633863023207405,-0.10554141482510504,0.041983328225867984,[-0.031779043299618524],[-0.10554141482510504],[0.041983328225867984],0.8444268206009458,0.7130566553502218,0.3984309401888463,response units,ok,,5000-minus200 response/link difference-in-differences,1.0,1.0
A/endpoint/any_spending/OLS_HC3/food-medical,A,endpoint,any_spending,OLS_HC3,food-medical,3658,1,-0.02002234843199708,0.038113809786029955,-0.0947254156126158,0.05468071874862163,[-0.02002234843199708],[-0.0947254156126158],[0.05468071874862163],0.525330544083682,0.2759721805472573,0.5993534276950112,response units,ok,,5000-minus200 response/link difference-in-differences,1.0,1.0
A/endpoint/any_spending/OLS_HC3/restricted-cash,A,endpoint,any_spending,OLS_HC3,restricted-cash,3658,1,0.021767869083619985,0.032093062504982964,-0.04113453342614663,0.0846702715933866,[0.021767869083619985],[-0.04113453342614663],[0.0846702715933866],0.6782733520753955,0.46005474013559344,0.4975983914153249,response units,ok,,5000-minus200 response/link difference-in-differences,1.0,1.0
A/endpoint/any_spending/logit/omnibus,A,endpoint,any_spending,logit,omnibus,3658,2,,,,,"[0.05557769887431268, 0.13682527356531962]","[-0.297274329480167, -0.20614965439042574]","[0.4084297272287924, 0.47980020152106495]",0.7925141336917596,0.6280786521012002,0.7304903002960395,logit index,ok,,5000-minus200 response/link difference-in-differences,1.0,1.0
A/endpoint/any_spending/logit/cash-food,A,endpoint,any_spending,logit,cash-food,3658,1,-0.05557769887431268,0.18002654507881619,-0.4084297272287924,0.297274329480167,[-0.05557769887431268],[-0.4084297272287924],[0.297274329480167],0.3087194660652994,0.09530770872764353,0.7575349348952164,logit index,ok,,5000-minus200 response/link difference-in-differences,1.0,1.0
A/endpoint/any_spending/logit/cash-medical,A,endpoint,any_spending,logit,cash-medical,3658,1,-0.13682527356531962,0.1749872081406864,-0.47980020152106495,0.20614965439042574,[-0.13682527356531962],[-0.47980020152106495],[0.20614965439042574],0.7819158612743549,0.6113924141124162,0.434264022820129,logit index,ok,,5000-minus200 response/link difference-in-differences,1.0,1.0
A/endpoint/any_spending/logit/food-medical,A,endpoint,any_spending,logit,food-medical,3658,1,-0.08124757469100694,0.17133877200666428,-0.41707156782406896,0.25457641844205503,[-0.08124757469100694],[-0.41707156782406896],[0.25457641844205503],0.47419258197932446,0.22485860480421835,0.6353625826989198,logit index,ok,,5000-minus200 response/link difference-in-differences,1.0,1.0
A/endpoint/any_spending/logit/restricted-cash,A,endpoint,any_spending,logit,restricted-cash,3658,1,0.09620148621981615,0.15548567868056387,-0.208550443994089,0.40095341643372134,[0.09620148621981615],[-0.208550443994089],[0.40095341643372134],0.6187160582001666,0.38280956067475197,0.5361034293393961,logit index,ok,,5000-minus200 response/link difference-in-differences,1.0,1.0
A/endpoint/any_spending/probit/omnibus,A,endpoint,any_spending,probit,omnibus,3658,2,,,,,"[0.03361832703979289, 0.08440362304518724]","[-0.17848961066788913, -0.12354813338942032]","[0.24572626474747492, 0.2923553794797948]",0.8050746263088455,0.6481451539263272,0.7231977529784268,probit index,ok,,5000-minus200 response/link difference-in-differences,1.0,1.0
A/endpoint/any_spending/probit/cash-food,A,endpoint,any_spending,probit,cash-food,3658,1,-0.03361832703979289,0.10821833556514389,-0.24572626474747492,0.17848961066788913,[-0.03361832703979289],[-0.24572626474747492],[0.17848961066788913],0.31065278230559884,0.09650515115420978,0.7560645965422109,probit index,ok,,5000-minus200 response/link difference-in-differences,1.0,1.0
A/endpoint/any_spending/probit/cash-medical,A,endpoint,any_spending,probit,cash-medical,3658,1,-0.08440362304518724,0.1060978349156161,-0.2923553794797948,0.12354813338942032,[-0.08440362304518724],[-0.2923553794797948],[0.12354813338942032],0.7955263470957429,0.6328621689234963,0.4263073911585801,probit index,ok,,5000-minus200 response/link difference-in-differences,1.0,1.0
A/endpoint/any_spending/probit/food-medical,A,endpoint,any_spending,probit,food-medical,3658,1,-0.05078529600539435,0.10468562511685879,-0.25596912123443755,0.15439852922364886,[-0.05078529600539435],[-0.25596912123443755],[0.15439852922364886],0.4851219634854699,0.23534331945599757,0.6275898330694313,probit index,ok,,5000-minus200 response/link difference-in-differences,1.0,1.0
A/endpoint/any_spending/probit/restricted-cash,A,endpoint,any_spending,probit,restricted-cash,3658,1,0.05901097504249006,0.09351047714886729,-0.12426956016928983,0.24229151025426995,[0.05901097504249006],[-0.12426956016928983],[0.24229151025426995],0.6310627091394846,0.39824014286646575,0.5279995226533749,probit index,ok,,5000-minus200 response/link difference-in-differences,1.0,1.0
A/endpoint/ge10/OLS_HC3/omnibus,A,endpoint,ge10,OLS_HC3,omnibus,3658,2,,,,,"[-0.010239133068316806, 0.07073818967101657]","[-0.09011486323139878, -0.008370669205808118]","[0.06963659709476516, 0.14984704854784126]",2.1953562298324583,4.819588975864185,0.08983375459597877,response units,ok,,5000-minus200 response/link difference-in-differences,0.9644071185762847,1.0
A/endpoint/ge10/OLS_HC3/cash-food,A,endpoint,ge10,OLS_HC3,cash-food,3658,1,0.010239133068316806,0.04075292355259284,-0.06963659709476516,0.09011486323139878,[0.010239133068316806],[-0.06963659709476516],[0.09011486323139878],0.25124904364475603,0.06312608193240452,0.8016215689729138,response units,ok,,5000-minus200 response/link difference-in-differences,1.0,1.0
A/endpoint/ge10/OLS_HC3/cash-medical,A,endpoint,ge10,OLS_HC3,cash-medical,3658,1,-0.07073818967101657,0.040361662692257494,-0.14984704854784126,0.008370669205808118,[-0.07073818967101657],[-0.14984704854784126],[0.008370669205808118],1.7526084148308922,3.071636255736053,0.0796692458770462,response units,ok,,5000-minus200 response/link difference-in-differences,0.9992001599680064,1.0
A/endpoint/ge10/OLS_HC3/food-medical,A,endpoint,ge10,OLS_HC3,food-medical,3658,1,-0.08097732273933338,0.04027771716266336,-0.15992164837815356,-0.0020329971005131897,[-0.08097732273933338],[-0.15992164837815356],[-0.0020329971005131897],2.0104744867317788,4.042007661799409,0.04438099385768032,response units,ok,,5000-minus200 response/link difference-in-differences,0.9892021595680864,1.0
A/endpoint/ge10/OLS_HC3/restricted-cash,A,endpoint,ge10,OLS_HC3,restricted-cash,3658,1,0.03024952830134988,0.03520452629598425,-0.03875134323877925,0.09925039984147901,[0.03024952830134988],[-0.03875134323877925],[0.09925039984147901],0.8592511101278593,0.7383124702559585,0.3902019908572115,response units,ok,,5000-minus200 response/link difference-in-differences,1.0,1.0
A/endpoint/ge10/logit/omnibus,A,endpoint,ge10,logit,omnibus,3658,2,,,,,"[-0.04052610000710157, 0.2852279595212784]","[-0.36081700418426643, -0.03355119589979272]","[0.27976480417006333, 0.6040071149423495]",2.193843600013463,4.812949741320032,0.09013246380516506,logit index,ok,,5000-minus200 response/link difference-in-differences,0.9644071185762847,1.0
A/endpoint/ge10/logit/cash-food,A,endpoint,ge10,logit,cash-food,3658,1,0.04052610000710157,0.16341372662100248,-0.27976480417006333,0.36081700418426643,[0.04052610000710157],[-0.27976480417006333],[0.36081700418426643],0.24799691461104603,0.06150246965659846,0.804136794034964,logit index,ok,,5000-minus200 response/link difference-in-differences,1.0,1.0
A/endpoint/ge10/logit/cash-medical,A,endpoint,ge10,logit,cash-medical,3658,1,-0.2852279595212784,0.16264242623524036,-0.6040071149423495,0.03355119589979272,[-0.2852279595212784],[-0.6040071149423495],[0.03355119589979272],1.7537119073023084,3.0755054538139004,0.07947988418881932,logit index,ok,,5000-minus200 response/link difference-in-differences,0.9992001599680064,1.0
A/endpoint/ge10/logit/food-medical,A,endpoint,ge10,logit,food-medical,3658,1,-0.32575405952837994,0.16194780862611968,-0.6431717644355746,-0.008336354621185371,[-0.32575405952837994],[-0.6431717644355746],[-0.008336354621185371],2.011475562972458,4.0460339404353665,0.04427524897351157,logit index,ok,,5000-minus200 response/link difference-in-differences,0.989002199560088,1.0
A/endpoint/ge10/logit/restricted-cash,A,endpoint,ge10,logit,restricted-cash,3658,1,0.1223509297570884,0.14149745315808374,-0.15498407843275575,0.3996859379469325,[0.1223509297570884],[-0.15498407843275575],[0.3996859379469325],0.8646864450655203,0.747682648280047,0.3872109112677268,logit index,ok,,5000-minus200 response/link difference-in-differences,1.0,1.0
A/endpoint/ge10/probit/omnibus,A,endpoint,ge10,probit,omnibus,3658,2,,,,,"[-0.02545402900544644, 0.1784331112487682]","[-0.22602398722655667, -0.020979617166835662]","[0.1751159292156638, 0.3778458396643721]",2.1945638305222546,4.816110406236511,0.08999013703849834,probit index,ok,,5000-minus200 response/link difference-in-differences,0.9644071185762847,1.0
A/endpoint/ge10/probit/cash-food,A,endpoint,ge10,probit,cash-food,3658,1,0.02545402900544644,0.10233161133730115,-0.1751159292156638,0.22602398722655667,[0.02545402900544644],[-0.1751159292156638],[0.22602398722655667],0.24874062543143136,0.06187189874001964,0.8035614216945532,probit index,ok,,5000-minus200 response/link difference-in-differences,1.0,1.0
A/endpoint/ge10/probit/cash-medical,A,endpoint,ge10,probit,cash-medical,3658,1,-0.1784331112487682,0.10174118796714483,-0.3778458396643721,0.020979617166835662,[-0.1784331112487682],[-0.3778458396643721],[0.020979617166835662],1.7537942579006391,3.0757942990452536,0.0794657673343936,probit index,ok,,5000-minus200 response/link difference-in-differences,0.9992001599680064,1.0
A/endpoint/ge10/probit/food-medical,A,endpoint,ge10,probit,food-medical,3658,1,-0.20388714025421464,0.10135447800013273,-0.4025419171344748,-0.005232363373954496,[-0.20388714025421464],[-0.4025419171344748],[-0.005232363373954496],2.011624392697752,4.046632697296599,0.044259546082084676,probit index,ok,,5000-minus200 response/link difference-in-differences,0.989002199560088,1.0
A/endpoint/ge10/probit/restricted-cash,A,endpoint,ge10,probit,restricted-cash,3658,1,0.07648954112166088,0.08856258494001477,-0.09709312536076807,0.2500722076040898,[0.07648954112166088],[-0.09709312536076807],[0.2500722076040898],0.8636778293392046,0.7459393928920801,0.3877648961262766,probit index,ok,,5000-minus200 response/link difference-in-differences,1.0,1.0
A/endpoint/ge25/OLS_HC3/omnibus,A,endpoint,ge25,OLS_HC3,omnibus,3658,2,,,,,"[-0.009005053527067106, 0.062334260304616404]","[-0.08173433309645087, -0.008517911230924075]","[0.06372422604231665, 0.13318643184015688]",2.203060367833847,4.853474984320206,0.08832452247896388,response units,ok,,5000-minus200 response/link difference-in-differences,0.9620075984803039,1.0
A/endpoint/ge25/OLS_HC3/cash-food,A,endpoint,ge25,OLS_HC3,cash-food,3658,1,0.009005053527067106,0.037106775290501916,-0.06372422604231665,0.08173433309645087,[0.009005053527067106],[-0.06372422604231665],[0.08173433309645087],0.2426794960372667,0.05889333779690175,0.808253692490248,response units,ok,,5000-minus200 response/link difference-in-differences,1.0,1.0
A/endpoint/ge25/OLS_HC3/cash-medical,A,endpoint,ge25,OLS_HC3,cash-medical,3658,1,-0.062334260304616404,0.03614906710996963,-0.13318643184015688,0.008517911230924075,[-0.062334260304616404],[-0.13318643184015688],[0.008517911230924075],1.7243670525435248,2.9734417318976436,0.08464160152405148,response units,ok,,5000-minus200 response/link difference-in-differences,0.9992001599680064,1.0
A/endpoint/ge25/OLS_HC3/food-medical,A,endpoint,ge25,OLS_HC3,food-medical,3658,1,-0.07133931383168352,0.03543224004079357,-0.14078650431163892,-0.0018921233517281283,[-0.07133931383168352],[-0.14078650431163892],[-0.0018921233517281283],2.013401177841133,4.053784302932061,0.04407244180287882,response units,ok,,5000-minus200 response/link difference-in-differences,0.9888022395520896,1.0
A/endpoint/ge25/OLS_HC3/restricted-cash,A,endpoint,ge25,OLS_HC3,restricted-cash,3658,1,0.02666460338877465,0.03206201809171316,-0.03617695207098315,0.08950615884853244,[0.02666460338877465],[-0.03617695207098315],[0.08950615884853244],0.831657050173846,0.691653449103863,0.4056025501761794,response units,ok,,5000-minus200 response/link difference-in-differences,1.0,1.0
A/endpoint/ge25/logit/omnibus,A,endpoint,ge25,logit,omnibus,3658,2,,,,,"[-0.0641545814413864, 0.29053401795816886]","[-0.41693527191288066, -0.06658611173540946]","[0.2886261090301078, 0.6476541476517472]",2.0454492384063556,4.18386258689714,0.12344849018392935,logit index,ok,,5000-minus200 response/link difference-in-differences,0.9862027594481104,1.0
A/endpoint/ge25/logit/cash-food,A,endpoint,ge25,logit,cash-food,3658,1,0.0641545814413864,0.17999014819974196,-0.2886261090301078,0.41693527191288066,[0.0641545814413864],[-0.2886261090301078],[0.41693527191288066],0.356433849758219,0.12704508925346464,0.7215156832955103,logit index,ok,,5000-minus200 response/link difference-in-differences,1.0,1.0
A/endpoint/ge25/logit/cash-medical,A,endpoint,ge25,logit,cash-medical,3658,1,-0.29053401795816886,0.18220414780284608,-0.6476541476517472,0.06658611173540946,[-0.29053401795816886],[-0.6476541476517472],[0.06658611173540946],1.5945521628439605,2.542596600030352,0.11081241722692622,logit index,ok,,5000-minus200 response/link difference-in-differences,1.0,1.0
A/endpoint/ge25/logit/food-medical,A,endpoint,ge25,logit,food-medical,3658,1,-0.35468859939955527,0.18453354183595064,-0.7163743413980186,0.0069971425989079905,[-0.35468859939955527],[-0.7163743413980186],[0.0069971425989079905],1.9220820013028936,3.694399219732537,0.05459544044289745,logit index,ok,,5000-minus200 response/link difference-in-differences,0.9946010797840432,1.0
A/endpoint/ge25/logit/restricted-cash,A,endpoint,ge25,logit,restricted-cash,3658,1,0.11318971825839122,0.1558340317361169,-0.1922449839443979,0.4186244204611803,[0.11318971825839122],[-0.1922449839443979],[0.4186244204611803],0.7263478779145119,0.5275812397509148,0.4676255353174956,logit index,ok,,5000-minus200 response/link difference-in-differences,1.0,1.0
A/endpoint/ge25/probit/omnibus,A,endpoint,ge25,probit,omnibus,3658,2,,,,,"[-0.03603220028005272, 0.176257491555572]","[-0.24807240840961778, -0.03666923492137]","[0.17600800784951234, 0.389184218032514]",2.0780076315317926,4.31811571670437,0.11543382483677911,probit index,ok,,5000-minus200 response/link difference-in-differences,0.9830033993201359,1.0
A/endpoint/ge25/probit/cash-food,A,endpoint,ge25,probit,cash-food,3658,1,0.03603220028005272,0.10818377965794136,-0.17600800784951234,0.24807240840961778,[0.03603220028005272],[-0.17600800784951234],[0.24807240840961778],0.3330647199975854,0.11093210770706997,0.7390854297731114,probit index,ok,,5000-minus200 response/link difference-in-differences,1.0,1.0
A/endpoint/ge25/probit/cash-medical,A,endpoint,ge25,probit,cash-medical,3658,1,-0.176257491555572,0.10863608493721531,-0.389184218032514,0.03666923492137,[-0.176257491555572],[-0.389184218032514],[0.03666923492137],1.6224580594692595,2.6323701547367553,0.104705306309364,probit index,ok,,5000-minus200 response/link difference-in-differences,0.9996000799840032,1.0
A/endpoint/ge25/probit/food-medical,A,endpoint,ge25,probit,food-medical,3658,1,-0.2122896918356247,0.10931855217580741,-0.4265540541002072,0.0019746704289577977,[-0.2122896918356247],[-0.4265540541002072],[0.0019746704289577977],1.9419365479174833,3.7711175561376717,0.05214478224397517,probit index,ok,,5000-minus200 response/link difference-in-differences,0.9932013597280543,1.0
A/endpoint/ge25/probit/restricted-cash,A,endpoint,ge25,probit,restricted-cash,3658,1,0.07011264563775964,0.09362226286160921,-0.11338698957099443,0.2536122808465137,[0.07011264563775964],[-0.11338698957099443],[0.2536122808465137],0.7488886029319641,0.5608341396013891,0.4539243501862186,probit index,ok,,5000-minus200 response/link difference-in-differences,1.0,1.0
A/endpoint/ge50/OLS_HC3/omnibus,A,endpoint,ge50,OLS_HC3,omnibus,3658,2,,,,,"[0.029098989952173703, 0.05840442886440295]","[-0.0276854172172717, 0.004565835233526737]","[0.0858833971216191, 0.11224302249527918]",2.133160993415595,4.550375823829808,0.10277759348618748,response units,ok,,5000-minus200 response/link difference-in-differences,0.9754049190161967,1.0
A/endpoint/ge50/OLS_HC3/cash-food,A,endpoint,ge50,OLS_HC3,cash-food,3658,1,-0.029098989952173703,0.028971636310941535,-0.0858833971216191,0.0276854172172717,[-0.029098989952173703],[-0.0858833971216191],[0.0276854172172717],1.004395804222631,1.0088109315400258,0.3151878716059178,response units,ok,,5000-minus200 response/link difference-in-differences,1.0,1.0
A/endpoint/ge50/OLS_HC3/cash-medical,A,endpoint,ge50,OLS_HC3,cash-medical,3658,1,-0.05840442886440295,0.027468670219834804,-0.11224302249527918,-0.004565835233526737,[-0.05840442886440295],[-0.11224302249527918],[-0.004565835233526737],2.1262197404164764,4.520810384536708,0.03348496716540454,response units,ok,,5000-minus200 response/link difference-in-differences,0.977004599080184,1.0
A/endpoint/ge50/OLS_HC3/food-medical,A,endpoint,ge50,OLS_HC3,food-medical,3658,1,-0.02930543891222925,0.027087348144440155,-0.08239664127533196,0.023785763450873455,[-0.02930543891222925],[-0.08239664127533196],[0.023785763450873455],1.0818865972394707,1.1704786092864006,0.2793029210195519,response units,ok,,5000-minus200 response/link difference-in-differences,1.0,1.0
A/endpoint/ge50/OLS_HC3/restricted-cash,A,endpoint,ge50,OLS_HC3,restricted-cash,3658,1,0.043751709408288326,0.024769147537112096,-0.004795819764451384,0.09229923858102804,[0.043751709408288326],[-0.004795819764451384],[0.09229923858102804],1.7663792967737095,3.1200958200707847,0.07733223607030715,response units,ok,,5000-minus200 response/link difference-in-differences,0.9992001599680064,1.0
A/endpoint/ge50/logit/omnibus,A,endpoint,ge50,logit,omnibus,3658,2,,,,,"[0.21663173008578904, 0.44722056171011726]","[-0.2381676136420038, -0.02760254490354669]","[0.6714310738135819, 0.9220436683237812]",1.8470041822500392,3.411424449249136,0.1816429694982098,logit index,ok,,5000-minus200 response/link difference-in-differences,0.9976004799040192,1.0
A/endpoint/ge50/logit/cash-food,A,endpoint,ge50,logit,cash-food,3658,1,-0.21663173008578904,0.23204048149377188,-0.6714310738135819,0.2381676136420038,[-0.21663173008578904],[-0.6714310738135819],[0.2381676136420038],0.9335945551018155,0.871598793315757,0.3505130750488604,logit index,ok,,5000-minus200 response/link difference-in-differences,1.0,1.0
A/endpoint/ge50/logit/cash-medical,A,endpoint,ge50,logit,cash-medical,3658,1,-0.44722056171011726,0.24225668704778774,-0.9220436683237812,0.02760254490354669,[-0.44722056171011726],[-0.9220436683237812],[0.02760254490354669],1.8460607513463527,3.4079402976614603,0.06488338488530714,logit index,ok,,5000-minus200 response/link difference-in-differences,0.9976004799040192,1.0
A/endpoint/ge50/logit/food-medical,A,endpoint,ge50,logit,food-medical,3658,1,-0.23058883162432822,0.24255430564444064,-0.7059952706874318,0.24481760743877543,[-0.23058883162432822],[-0.7059952706874318],[0.24481760743877543],0.9506688863414672,0.9037713314577255,0.3417724873387048,logit index,ok,,5000-minus200 response/link difference-in-differences,1.0,1.0
A/endpoint/ge50/logit/restricted-cash,A,endpoint,ge50,logit,restricted-cash,3658,1,0.33192614589795316,0.20385631199193086,-0.06763222560623133,0.7314845174021376,[0.33192614589795316],[-0.06763222560623133],[0.7314845174021376],1.628235803221495,2.651151830892347,0.10347489580205069,logit index,ok,,5000-minus200 response/link difference-in-differences,0.9996000799840032,1.0
A/endpoint/ge50/probit/omnibus,A,endpoint,ge50,probit,omnibus,3658,2,,,,,"[0.11955386267197328, 0.24559531069598672]","[-0.1274884655192679, -0.0074426057188821115]","[0.3665961908632145, 0.49863322711085556]",1.9024880747644741,3.6194608746210353,0.16369825779838543,probit index,ok,,5000-minus200 response/link difference-in-differences,0.996000799840032,1.0
A/endpoint/ge50/probit/cash-food,A,endpoint,ge50,probit,cash-food,3658,1,-0.11955386267197328,0.1260420041792047,-0.3665961908632145,0.1274884655192679,[-0.11955386267197328],[-0.3665961908632145],[0.1274884655192679],0.9485239738174374,0.8996977289064226,0.3428627740600094,probit index,ok,,5000-minus200 response/link difference-in-differences,1.0,1.0
A/endpoint/ge50/probit/cash-medical,A,endpoint,ge50,probit,cash-medical,3658,1,-0.24559531069598672,0.1291009777626882,-0.49863322711085556,0.0074426057188821115,[-0.24559531069598672],[-0.49863322711085556],[0.0074426057188821115],1.9023505085099894,3.6189374572282156,0.05712534661716268,probit index,ok,,5000-minus200 response/link difference-in-differences,0.996000799840032,1.0
A/endpoint/ge50/probit/food-medical,A,endpoint,ge50,probit,food-medical,3658,1,-0.12604144802401346,0.1291063785352116,-0.3790899499530282,0.12700705390500128,[-0.12604144802401346],[-0.3790899499530282],[0.12700705390500128],0.9762604253486808,0.9530844181019873,0.3289354259637014,probit index,ok,,5000-minus200 response/link difference-in-differences,1.0,1.0
A/endpoint/ge50/probit/restricted-cash,A,endpoint,ge50,probit,restricted-cash,3658,1,0.18257458668398,0.11004412930173534,-0.03311190674742126,0.39826108011538125,[0.18257458668398],[-0.03311190674742126],[0.39826108011538125],1.659103378276272,2.752624019807739,0.09709496265694818,probit index,ok,,5000-minus200 response/link difference-in-differences,0.9996000799840032,1.0
A/endpoint/top75/OLS_HC3/omnibus,A,endpoint,top75,OLS_HC3,omnibus,3658,2,,,,,"[0.05810185772021027, 0.06002752159460523]","[0.012675021694140504, 0.0194438859003429]","[0.10352869374628004, 0.10061115728886758]",3.074844609922766,9.454669375171088,0.008850027721577697,response units,ok,,5000-minus200 response/link difference-in-differences,0.4401119776044791,1.0
A/endpoint/top75/OLS_HC3/cash-food,A,endpoint,top75,OLS_HC3,cash-food,3658,1,-0.05810185772021027,0.023176957156158046,-0.10352869374628004,-0.012675021694140504,[-0.05810185772021027],[-0.10352869374628004],[-0.012675021694140504],2.506880317754429,6.284448927544548,0.012180194553644134,response units,ok,,5000-minus200 response/link difference-in-differences,0.8454309138172366,1.0
A/endpoint/top75/OLS_HC3/cash-medical,A,endpoint,top75,OLS_HC3,cash-medical,3658,1,-0.06002752159460523,0.020705936578705272,-0.10061115728886758,-0.0194438859003429,[-0.06002752159460523],[-0.10061115728886758],[-0.0194438859003429],2.8990488484514962,8.404484225707947,0.0037429657513406754,response units,ok,,5000-minus200 response/link difference-in-differences,0.5722855428914218,1.0
A/endpoint/top75/OLS_HC3/food-medical,A,endpoint,top75,OLS_HC3,food-medical,3658,1,-0.0019256638743949603,0.02033131708389565,-0.041775045358830434,0.037923717610040514,[-0.0019256638743949603],[-0.041775045358830434],[0.037923717610040514],0.09471417254715242,0.00897077448129176,0.9245418605224522,response units,ok,,5000-minus200 response/link difference-in-differences,1.0,1.0
A/endpoint/top75/OLS_HC3/restricted-cash,A,endpoint,top75,OLS_HC3,restricted-cash,3658,1,0.05906468965740776,0.019483658863734977,0.0208767182844872,0.09725266103032831,[0.05906468965740776],[0.0208767182844872],[0.09725266103032831],3.0314988611992755,9.189985345452504,0.002433428383811776,response units,ok,,5000-minus200 response/link difference-in-differences,0.47170565886822635,1.0
A/endpoint/top75/logit/omnibus,A,endpoint,top75,logit,omnibus,3658,2,,,,,"[0.7211973932715621, 0.5646679382542007]","[0.13108470386915738, -0.11030567089215171]","[1.3113100826739668, 1.239641547400553]",2.468675232374458,6.094357402939084,0.04749272671432613,logit index,ok,,5000-minus200 response/link difference-in-differences,0.8624275144971005,1.0
A/endpoint/top75/logit/cash-food,A,endpoint,top75,logit,cash-food,3658,1,-0.7211973932715621,0.30107790275632895,-1.3113100826739668,-0.13108470386915738,[-0.7211973932715621],[-1.3113100826739668],[-0.13108470386915738],2.395384671771305,5.7378677257569235,0.0166029364395979,logit index,ok,,5000-minus200 response/link difference-in-differences,0.8972205558888222,1.0
A/endpoint/top75/logit/cash-medical,A,endpoint,top75,logit,cash-medical,3658,1,-0.5646679382542007,0.34437429038079204,-1.239641547400553,0.11030567089215171,[-0.5646679382542007],[-1.239641547400553],[0.11030567089215171],1.6396924916486038,2.6885914671688065,0.10106912088233479,logit index,ok,,5000-minus200 response/link difference-in-differences,0.9996000799840032,1.0
A/endpoint/top75/logit/food-medical,A,endpoint,top75,logit,food-medical,3658,1,0.15652945501736137,0.33628846375056093,-0.502595933933738,0.8156548439684608,[0.15652945501736137],[-0.502595933933738],[0.8156548439684608],0.4654618635192486,0.21665474639081164,0.6416007412014453,logit index,ok,,5000-minus200 response/link difference-in-differences,1.0,1.0
A/endpoint/top75/logit/restricted-cash,A,endpoint,top75,logit,restricted-cash,3658,1,0.6429326657628813,0.2763119523089504,0.10136123923733853,1.184504092288424,[0.6429326657628813],[0.10136123923733853],[1.184504092288424],2.3268362457372254,5.414166914476505,0.01997398247957735,logit index,ok,,5000-minus200 response/link difference-in-differences,0.9220155968806238,1.0
A/endpoint/top75/probit/omnibus,A,endpoint,top75,probit,omnibus,3658,2,,,,,"[0.3611106723472576, 0.3013041505790713]","[0.07019262954179317, -0.015510991309354405]","[0.652028715152722, 0.618119292467497]",2.5621228247952557,6.56447336933682,0.037544188314478824,probit index,ok,,5000-minus200 response/link difference-in-differences,0.8102379524095181,1.0
A/endpoint/top75/probit/cash-food,A,endpoint,top75,probit,cash-food,3658,1,-0.3611106723472576,0.14842757285993083,-0.652028715152722,-0.07019262954179317,[-0.3611106723472576],[-0.652028715152722],[-0.07019262954179317],2.4329082891359617,5.9190427433464725,0.014978094116694202,probit index,ok,,5000-minus200 response/link difference-in-differences,0.8798240351929614,1.0
A/endpoint/top75/probit/cash-medical,A,endpoint,top75,probit,cash-medical,3658,1,-0.3013041505790713,0.1616403785145029,-0.618119292467497,0.015510991309354405,[-0.3013041505790713],[-0.618119292467497],[0.015510991309354405],1.864040120099306,3.474645569339835,0.062316070444311956,probit index,ok,,5000-minus200 response/link difference-in-differences,0.9976004799040192,1.0
A/endpoint/top75/probit/food-medical,A,endpoint,top75,probit,food-medical,3658,1,0.059806521768186294,0.15915873766810956,-0.25214460406130845,0.37175764759768104,[0.059806521768186294],[-0.25214460406130845],[0.37175764759768104],0.37576649981290755,0.14120046238164385,0.7070904949101393,probit index,ok,,5000-minus200 response/link difference-in-differences,1.0,1.0
A/endpoint/top75/probit/restricted-cash,A,endpoint,top75,probit,restricted-cash,3658,1,0.33120741146316446,0.1332152477446722,0.07010552588360697,0.592309297042722,[0.33120741146316446],[0.07010552588360697],[0.592309297042722],2.486257519844689,6.181476454984263,0.012909451131209955,probit index,ok,,5000-minus200 response/link difference-in-differences,0.8550289942011597,1.0
C/trend/ordinal/OLS_HC3/omnibus,C,trend,ordinal,OLS_HC3,omnibus,5171,2,,,,,"[0.06287078330140806, 0.17661367255031116]","[-0.06636916957235188, 0.05132323568566688]","[0.192110736175168, 0.30190410941495543]",2.816215527564063,7.931069897692932,0.01895789239668457,response units,ok,,per-fivefold amount slope difference,0.6366726654669066,1.0
C/trend/ordinal/OLS_HC3/cash-food,C,trend,ordinal,OLS_HC3,cash-food,5171,1,-0.06287078330140806,0.06593875146620405,-0.192110736175168,0.06636916957235188,[-0.06287078330140806],[-0.192110736175168],[0.06636916957235188],0.9534724559295238,0.9091097242162777,0.3403507454622563,response units,ok,,per-fivefold amount slope difference,1.0,1.0
C/trend/ordinal/OLS_HC3/cash-medical,C,trend,ordinal,OLS_HC3,cash-medical,5171,1,-0.17661367255031116,0.06392369227787974,-0.30190410941495543,-0.05132323568566688,[-0.17661367255031116],[-0.30190410941495543],[-0.05132323568566688],2.762882841350309,7.633521595027956,0.005729332754127484,response units,ok,,per-fivefold amount slope difference,0.6774645070985803,1.0
C/trend/ordinal/OLS_HC3/food-medical,C,trend,ordinal,OLS_HC3,food-medical,5171,1,-0.11374288924890309,0.06401293237386499,-0.23920823670167846,0.011722458203872285,[-0.11374288924890309],[-0.23920823670167846],[0.011722458203872285],1.7768735946135426,3.157279771234852,0.07558903978042225,response units,ok,,per-fivefold amount slope difference,0.999000199960008,1.0
C/trend/ordinal/OLS_HC3/restricted-cash,C,trend,ordinal,OLS_HC3,restricted-cash,5171,1,0.11974222792585962,0.05650367078256237,0.008995033192037385,0.23048942265968186,[0.11974222792585962],[0.008995033192037385],[0.23048942265968186],2.119193784535736,4.490982296414896,0.03407409335941784,response units,ok,,per-fivefold amount slope difference,0.9778044391121775,1.0
C/trend/ordinal/ordered_logit/omnibus,C,trend,ordinal,ordered_logit,omnibus,5171,2,,,,,"[0.04328647871372198, 0.18814121877242235]","[-0.10370091362129058, 0.04092480207982124]","[0.19027387104873456, 0.33535763546502345]",2.6140020972288753,6.833006964316959,0.03282701474986588,latent location index,ok,,per-fivefold amount slope difference,0.7786442711457708,1.0
C/trend/ordinal/ordered_logit/cash-food,C,trend,ordinal,ordered_logit,cash-food,5171,1,-0.04328647871372198,0.07499356751786355,-0.19027387104873456,0.10370091362129058,[-0.04328647871372198],[-0.19027387104873456],[0.10370091362129058],0.5772025541178727,0.33316278848019576,0.5638026318811863,latent location index,ok,,per-fivefold amount slope difference,1.0,1.0
C/trend/ordinal/ordered_logit/cash-medical,C,trend,ordinal,ordered_logit,cash-medical,5171,1,-0.18814121877242235,0.07511041667989853,-0.33535763546502345,-0.04092480207982124,[-0.18814121877242235],[-0.33535763546502345],[-0.04092480207982124],2.504861869881941,6.274332987188455,0.012249922325666388,latent location index,ok,,per-fivefold amount slope difference,0.8464307138572286,1.0
C/trend/ordinal/ordered_logit/food-medical,C,trend,ordinal,ordered_logit,food-medical,5171,1,-0.14485474005870036,0.07576367696836207,-0.29335154691669,0.0036420667992893008,[-0.14485474005870036],[-0.29335154691669],[0.0036420667992893008],1.911928589727632,3.6554709322178915,0.05588535405735098,latent location index,ok,,per-fivefold amount slope difference,0.9952009598080384,1.0
C/trend/ordinal/ordered_logit/restricted-cash,C,trend,ordinal,ordered_logit,restricted-cash,5171,1,0.11571384874307217,0.06479020948029562,-0.011274961838307257,0.2427026593244516,[0.11571384874307217],[-0.011274961838307257],[0.2427026593244516],1.7859773825590692,3.189715211012544,0.0741029202928603,latent location index,ok,,per-fivefold amount slope difference,0.999000199960008,1.0
C/trend/ordinal/ordered_probit/omnibus,C,trend,ordinal,ordered_probit,omnibus,5171,2,,,,,"[0.039377043869782254, 0.1148042702016637]","[-0.04789723572489022, 0.02790898411998398]","[0.12665132346445473, 0.2016995562833434]",2.6270717114965607,6.901505777345469,0.03172174444314231,latent location index,ok,,per-fivefold amount slope difference,0.7718456308738252,1.0
C/trend/ordinal/ordered_probit/cash-food,C,trend,ordinal,ordered_probit,cash-food,5171,1,-0.039377043869782254,0.04452769367075126,-0.12665132346445473,0.04789723572489022,[-0.039377043869782254],[-0.12665132346445473],[0.04789723572489022],0.8843270473639577,0.7820343266994555,0.37651969161842436,latent location index,ok,,per-fivefold amount slope difference,1.0,1.0
C/trend/ordinal/ordered_probit/cash-medical,C,trend,ordinal,ordered_probit,cash-medical,5171,1,-0.1148042702016637,0.04433432963351006,-0.2016995562833434,-0.02790898411998398,[-0.1148042702016637],[-0.2016995562833434],[-0.02790898411998398],2.589511810614793,6.705571417313504,0.009611212581281373,latent location index,ok,,per-fivefold amount slope difference,0.7954409118176364,1.0
C/trend/ordinal/ordered_probit/food-medical,C,trend,ordinal,ordered_probit,food-medical,5171,1,-0.07542722633188145,0.04485282068105094,-0.1633387548667413,0.012484302202978387,[-0.07542722633188145],[-0.1633387548667413],[0.012484302202978387],1.681660711335092,2.827982748048048,0.09263465066735839,latent location index,ok,,per-fivefold amount slope difference,0.9996000799840032,1.0
C/trend/ordinal/ordered_probit/restricted-cash,C,trend,ordinal,ordered_probit,restricted-cash,5171,1,0.07709065703572297,0.038355967763607106,0.0019129602190530448,0.1522683538523929,[0.07709065703572297],[0.0019129602190530448],[0.1522683538523929],2.009873861372574,4.039592938628701,0.044444540868879175,latent location index,ok,,per-fivefold amount slope difference,0.9892021595680864,1.0
C/trend/ordinal/ordered_location_scale/omnibus,C,trend,ordinal,ordered_location_scale,omnibus,5171,2,,,,,"[0.02963800073260179, 0.10841998460250649]","[-0.0585801892952394, 0.0195768175590621]","[0.11785619076044299, 0.19726315164595087]",2.4619190001553424,6.061045163325881,0.04829039585569809,latent location index,ok,,per-fivefold amount slope difference,0.8648270345930814,1.0
C/trend/ordinal/ordered_location_scale/cash-food,C,trend,ordinal,ordered_location_scale,cash-food,5171,1,-0.02963800073260179,0.045009280626449585,-0.11785619076044299,0.0585801892952394,[-0.02963800073260179],[-0.11785619076044299],[0.0585801892952394],0.6584864347995177,0.43360438481497954,0.5102256108479191,latent location index,ok,,per-fivefold amount slope difference,1.0,1.0
C/trend/ordinal/ordered_location_scale/cash-medical,C,trend,ordinal,ordered_location_scale,cash-medical,5171,1,-0.10841998460250649,0.045328146450736934,-0.19726315164595087,-0.0195768175590621,[-0.10841998460250649],[-0.19726315164595087],[-0.0195768175590621],2.391890979269103,5.721142456708909,0.01676182046120925,latent location index,ok,,per-fivefold amount slope difference,0.8992201559688062,1.0
C/trend/ordinal/ordered_location_scale/food-medical,C,trend,ordinal,ordered_location_scale,food-medical,5171,1,-0.0787819838699047,0.04570635267040697,-0.16836643510390237,0.01080246736409296,[-0.0787819838699047],[-0.16836643510390237],[0.01080246736409296],1.7236550122038699,2.9709866010955226,0.08477014102221057,latent location index,ok,,per-fivefold amount slope difference,0.9992001599680064,1.0
C/trend/ordinal/ordered_location_scale/restricted-cash,C,trend,ordinal,ordered_location_scale,restricted-cash,5171,1,0.06902899266755413,0.03896114003692741,-0.007334841804823591,0.14539282713993185,[0.06902899266755413],[-0.007334841804823591],[0.14539282713993185],1.7717395487433987,3.139061028581462,0.07643780142412894,latent location index,ok,,per-fivefold amount slope difference,0.999000199960008,1.0
C/trend/midpoint/OLS_HC3/omnibus,C,trend,midpoint,OLS_HC3,omnibus,5171,2,,,,,"[0.015072763251138521, 0.0326220410226707]","[-0.006923814204846364, 0.011830359576300714]","[0.03706934070712341, 0.05341372246904069]",3.095115567006405,9.57974037312538,0.008313536520630192,response units,ok,,per-fivefold amount slope difference,0.42131573685262946,1.0
C/trend/midpoint/OLS_HC3/cash-food,C,trend,midpoint,OLS_HC3,cash-food,5171,1,-0.015072763251138521,0.011222743599992289,-0.03706934070712341,0.006923814204846364,[-0.015072763251138521],[-0.03706934070712341],[0.006923814204846364],1.3430551198860925,1.8037970550522462,0.17925412644837674,response units,ok,,per-fivefold amount slope difference,1.0,1.0
C/trend/midpoint/OLS_HC3/cash-medical,C,trend,midpoint,OLS_HC3,cash-medical,5171,1,-0.0326220410226707,0.010608000737943872,-0.05341372246904069,-0.011830359576300714,[-0.0326220410226707],[-0.05341372246904069],[-0.011830359576300714],3.0752298975606753,9.457038922851043,0.002103403509895617,response units,ok,,per-fivefold amount slope difference,0.4397120575884823,1.0
C/trend/midpoint/OLS_HC3/food-medical,C,trend,midpoint,OLS_HC3,food-medical,5171,1,-0.01754927777153218,0.010561570255374936,-0.038249955472067054,0.0031513999290026934,[-0.01754927777153218],[-0.038249955472067054],[0.0031513999290026934],1.6616163455998505,2.7609688799646017,0.09658972384696636,response units,ok,,per-fivefold amount slope difference,0.9996000799840032,1.0
C/trend/midpoint/OLS_HC3/restricted-cash,C,trend,midpoint,OLS_HC3,restricted-cash,5171,1,0.023847402136904613,0.009557883406847337,0.005113950659483835,0.04258085361432539,[0.023847402136904613],[0.005113950659483835],[0.04258085361432539],2.4950505380532433,6.2252771874397785,0.012593919175015126,response units,ok,,per-fivefold amount slope difference,0.852629474105179,1.0
C/trend/any_spending/OLS_HC3/omnibus,C,trend,any_spending,OLS_HC3,omnibus,5171,2,,,,,"[0.0026414089798193372, 0.01926271856556375]","[-0.03441370571892829, -0.018429024293015916]","[0.03969652367856696, 0.05695446142414341]",1.0716191875162704,1.1483676830530314,0.5631643126176795,response units,ok,,per-fivefold amount slope difference,1.0,1.0
C/trend/any_spending/OLS_HC3/cash-food,C,trend,any_spending,OLS_HC3,cash-food,5171,1,-0.0026414089798193372,0.018905670764667155,-0.03969652367856696,0.03441370571892829,[-0.0026414089798193372],[-0.03969652367856696],[0.03441370571892829],0.1397151686760499,0.019520328358177078,0.8888850410929601,response units,ok,,per-fivefold amount slope difference,1.0,1.0
C/trend/any_spending/OLS_HC3/cash-medical,C,trend,any_spending,OLS_HC3,cash-medical,5171,1,-0.01926271856556375,0.019230481050295747,-0.05695446142414341,0.018429024293015916,[-0.01926271856556375],[-0.05695446142414341],[0.018429024293015916],1.001676375915074,1.0033555620663566,0.31649992006801053,response units,ok,,per-fivefold amount slope difference,1.0,1.0
C/trend/any_spending/OLS_HC3/food-medical,C,trend,any_spending,OLS_HC3,food-medical,5171,1,-0.016621309585744412,0.019556031688372784,-0.054951131694955066,0.021708512523466242,[-0.016621309585744412],[-0.054951131694955066],[0.021708512523466242],0.8499326371835838,0.7223854877498415,0.39536253900729035,response units,ok,,per-fivefold amount slope difference,1.0,1.0
C/trend/any_spending/OLS_HC3/restricted-cash,C,trend,any_spending,OLS_HC3,restricted-cash,5171,1,0.010952063772691544,0.016370959055434932,-0.02113501597596092,0.04303914352134401,[0.010952063772691544],[-0.02113501597596092],[0.04303914352134401],0.6689934130068947,0.44755218664661367,0.5034996798229792,response units,ok,,per-fivefold amount slope difference,1.0,1.0
C/trend/any_spending/logit/omnibus,C,trend,any_spending,logit,omnibus,5171,2,,,,,"[0.011732926321558864, 0.08212755775568292]","[-0.1707505990744261, -0.0955785837686852]","[0.19421645171754384, 0.25983369928005107]",0.994017309322465,0.9880704112326731,0.6101593016782698,logit index,ok,,per-fivefold amount slope difference,1.0,1.0
C/trend/any_spending/logit/cash-food,C,trend,any_spending,logit,cash-food,5171,1,-0.011732926321558864,0.09310383948774743,-0.19421645171754384,0.1707505990744261,[-0.011732926321558864],[-0.19421645171754384],[0.1707505990744261],0.12601979022683518,0.015880987528815543,0.8997162591259106,logit index,ok,,per-fivefold amount slope difference,1.0,1.0
C/trend/any_spending/logit/cash-medical,C,trend,any_spending,logit,cash-medical,5171,1,-0.08212755775568292,0.0906663987369225,-0.25983369928005107,0.0955785837686852,[-0.08212755775568292],[-0.25983369928005107],[0.0955785837686852],0.9058213285164676,0.8205122791953383,0.3650304300168099,logit index,ok,,per-fivefold amount slope difference,1.0,1.0
C/trend/any_spending/logit/food-medical,C,trend,any_spending,logit,food-medical,5171,1,-0.07039463143412406,0.08967713958967151,-0.2461618250298802,0.1053725621616321,[-0.07039463143412406],[-0.2461618250298802],[0.1053725621616321],0.7849785548047488,0.6161913315033519,0.4324661422681967,logit index,ok,,per-fivefold amount slope difference,1.0,1.0
C/trend/any_spending/logit/restricted-cash,C,trend,any_spending,logit,restricted-cash,5171,1,0.046930242038620895,0.08021136485807404,-0.11028403308320422,0.20414451716044602,[0.046930242038620895],[-0.11028403308320422],[0.20414451716044602],0.5850822027733757,0.34232118400214556,0.5584924450573665,logit index,ok,,per-fivefold amount slope difference,1.0,1.0
C/trend/any_spending/probit/omnibus,C,trend,any_spending,probit,omnibus,5171,2,,,,,"[0.007148257844882205, 0.05057673886544514]","[-0.10227440482594931, -0.05681098475426016]","[0.11657092051571373, 0.15796446248515045]",1.0085820757223503,1.0172378034684046,0.6013254951808942,probit index,ok,,per-fivefold amount slope difference,1.0,1.0
C/trend/any_spending/probit/cash-food,C,trend,any_spending,probit,cash-food,5171,1,-0.007148257844882205,0.05582788911777119,-0.11657092051571373,0.10227440482594931,[-0.007148257844882205],[-0.11657092051571373],[0.10227440482594931],0.12804098377788684,0.01639449352680908,0.8981165395896386,probit index,ok,,per-fivefold amount slope difference,1.0,1.0
C/trend/any_spending/probit/cash-medical,C,trend,any_spending,probit,cash-medical,5171,1,-0.05057673886544514,0.054789654908012915,-0.15796446248515045,0.05681098475426016,[-0.05057673886544514],[-0.15796446248515045],[0.05681098475426016],0.9231074543243447,0.8521273722291721,0.3559512103402823,probit index,ok,,per-fivefold amount slope difference,1.0,1.0
C/trend/any_spending/probit/food-medical,C,trend,any_spending,probit,food-medical,5171,1,-0.04342848102056294,0.054434639751102916,-0.15012037493272465,0.06326341289159879,[-0.04342848102056294],[-0.15012037493272465],[0.06326341289159879],0.7978096524407149,0.6365002415275743,0.4249809590360648,probit index,ok,,per-fivefold amount slope difference,1.0,1.0
C/trend/any_spending/probit/restricted-cash,C,trend,any_spending,probit,restricted-cash,5171,1,0.028862498355163673,0.04815129534015218,-0.0655140405115346,0.12323903722186196,[0.028862498355163673],[-0.0655140405115346],[0.12323903722186196],0.5994127084489033,0.35929559505004993,0.5488977044333057,probit index,ok,,per-fivefold amount slope difference,1.0,1.0
C/trend/ge10/OLS_HC3/omnibus,C,trend,ge10,OLS_HC3,omnibus,5171,2,,,,,"[-3.0196358994231667e-05, 0.045436578592260815]","[-0.04107649561252879, 0.0048011238912770565]","[0.04101610289454032, 0.08607203329324457]",2.5380174646872047,6.441532651057266,0.039924451408414705,response units,ok,,per-fivefold amount slope difference,0.8248350329934013,1.0
C/trend/ge10/OLS_HC3/cash-food,C,trend,ge10,OLS_HC3,cash-food,5171,1,3.0196358994231667e-05,0.02094198941506865,-0.04101610289454032,0.04107649561252879,[3.0196358994231667e-05],[-0.04101610289454032],[0.04107649561252879],0.0014419049879045448,2.0790899941440054e-06,0.9988495266706626,response units,ok,,per-fivefold amount slope difference,1.0,1.0
C/trend/ge10/OLS_HC3/cash-medical,C,trend,ge10,OLS_HC3,cash-medical,5171,1,-0.045436578592260815,0.020732374847440692,-0.08607203329324457,-0.0048011238912770565,[-0.045436578592260815],[-0.08607203329324457],[-0.0048011238912770565],2.1915761665803437,4.803006093922995,0.028410124436951734,response units,ok,,per-fivefold amount slope difference,0.9646070785842832,1.0
C/trend/ge10/OLS_HC3/food-medical,C,trend,ge10,OLS_HC3,food-medical,5171,1,-0.04546677495125505,0.02075740161394349,-0.08615128211458428,-0.004782267787925808,[-0.04546677495125505],[-0.08615128211458428],[-0.004782267787925808],2.1903885561819734,4.79780202705295,0.028496069261504515,response units,ok,,per-fivefold amount slope difference,0.9652069586082783,1.0
C/trend/ge10/OLS_HC3/restricted-cash,C,trend,ge10,OLS_HC3,restricted-cash,5171,1,0.02270319111663329,0.01806880497700895,-0.012711666638304253,0.058118048871570835,[0.02270319111663329],[-0.012711666638304253],[0.058118048871570835],1.2564854812214317,1.5787557645202528,0.2089400066270573,response units,ok,,per-fivefold amount slope difference,1.0,1.0
C/trend/ge10/logit/omnibus,C,trend,ge10,logit,omnibus,5171,2,,,,,"[0.00014651237866595345, 0.18308991575991507]","[-0.16443428019721795, 0.01932283870230042]","[0.16472730495454985, 0.3468569928175297]",2.535716223135213,6.429856764271109,0.04015820976586175,logit index,ok,,per-fivefold amount slope difference,0.826634673065387,1.0
C/trend/ge10/logit/cash-food,C,trend,ge10,logit,cash-food,5171,1,-0.00014651237866595345,0.08396979213055301,-0.16472730495454985,0.16443428019721795,[-0.00014651237866595345],[-0.16472730495454985],[0.16443428019721795],0.0017448224527954247,3.044405391779042e-06,0.9986078338099588,logit index,ok,,per-fivefold amount slope difference,1.0,1.0
C/trend/ge10/logit/cash-medical,C,trend,ge10,logit,cash-medical,5171,1,-0.18308991575991507,0.08355463115184421,-0.3468569928175297,-0.01932283870230042,[-0.18308991575991507],[-0.3468569928175297],[-0.01932283870230042],2.1912599365938785,4.801620109721409,0.02843298748257647,logit index,ok,,per-fivefold amount slope difference,0.9646070785842832,1.0
C/trend/ge10/logit/food-medical,C,trend,ge10,logit,food-medical,5171,1,-0.18294340338124912,0.08344284342529441,-0.3464913764948262,-0.01939543026767207,[-0.18294340338124912],[-0.3464913764948262],[-0.01939543026767207],2.1924397092847947,4.806791878848795,0.028347772002454457,logit index,ok,,per-fivefold amount slope difference,0.9644071185762847,1.0
C/trend/ge10/logit/restricted-cash,C,trend,ge10,logit,restricted-cash,5171,1,0.09161821406929051,0.07263245940321696,-0.05074140636101472,0.23397783449959575,[0.09161821406929051],[-0.05074140636101472],[0.23397783449959575],1.261394902803369,1.591117100818321,0.20716660387107536,logit index,ok,,per-fivefold amount slope difference,1.0,1.0
C/trend/ge10/probit/omnibus,C,trend,ge10,probit,omnibus,5171,2,,,,,"[6.688850982467216e-05, 0.11456330213310277]","[-0.10301194697026836, 0.01210586820179868]","[0.1031457239899177, 0.21702073606440686]",2.5366671064118935,6.434680008752089,0.04006148001873793,probit index,ok,,per-fivefold amount slope difference,0.825634873025395,1.0
C/trend/ge10/probit/cash-food,C,trend,ge10,probit,cash-food,5171,1,-6.688850982467216e-05,0.0525912425918842,-0.1031457239899177,0.10301194697026836,[-6.688850982467216e-05],[-0.1031457239899177],[0.10301194697026836],0.0012718564256740776,1.6176187675284405e-06,0.9989852056679884,probit index,ok,,per-fivefold amount slope difference,1.0,1.0
C/trend/ge10/probit/cash-medical,C,trend,ge10,probit,cash-medical,5171,1,-0.11456330213310277,0.05227420098535923,-0.21702073606440686,-0.01210586820179868,[-0.11456330213310277],[-0.21702073606440686],[-0.01210586820179868],2.191583993128642,4.803040398937684,0.028409558787871842,probit index,ok,,per-fivefold amount slope difference,0.9646070785842832,1.0
C/trend/ge10/probit/food-medical,C,trend,ge10,probit,food-medical,5171,1,-0.1144964136232781,0.05222381338224744,-0.21685508785248309,-0.012137739394073116,[-0.1144964136232781],[-0.21685508785248309],[-0.012137739394073116],2.1924177153673563,4.806695438656618,0.028349358617354666,probit index,ok,,per-fivefold amount slope difference,0.9646070785842832,1.0
C/trend/ge10/probit/restricted-cash,C,trend,ge10,probit,restricted-cash,5171,1,0.05731509532146372,0.04546849207926431,-0.031803149153894324,0.14643333979682177,[0.05731509532146372],[-0.031803149153894324],[0.14643333979682177],1.2605453293139228,1.588974527255146,0.2074727064572586,probit index,ok,,per-fivefold amount slope difference,1.0,1.0
C/trend/ge25/OLS_HC3/omnibus,C,trend,ge25,OLS_HC3,omnibus,5171,2,,,,,"[0.0024085064624777214, 0.039985221555233846]","[-0.03505679036473712, 0.00343336753797633]","[0.03987380328969256, 0.07653707557249137]",2.4502942551285107,6.003941936715783,0.04968903627229348,response units,ok,,per-fivefold amount slope difference,0.8704259148170366,1.0
C/trend/ge25/OLS_HC3/cash-food,C,trend,ge25,OLS_HC3,cash-food,5171,1,-0.0024085064624777214,0.0191149473608239,-0.03987380328969256,0.03505679036473712,[-0.0024085064624777214],[-0.03987380328969256],[0.03505679036473712],0.12600120821749985,0.015876304472269752,0.8997309681795346,response units,ok,,per-fivefold amount slope difference,1.0,1.0
C/trend/ge25/OLS_HC3/cash-medical,C,trend,ge25,OLS_HC3,cash-medical,5171,1,-0.039985221555233846,0.018648905110845673,-0.07653707557249137,-0.00343336753797633,[-0.039985221555233846],[-0.07653707557249137],[-0.00343336753797633],2.1441055824762376,4.597188748805766,0.03202442787858443,response units,ok,,per-fivefold amount slope difference,0.973005398920216,1.0
C/trend/ge25/OLS_HC3/food-medical,C,trend,ge25,OLS_HC3,food-medical,5171,1,-0.037576715092756126,0.01834222541674785,-0.07352747690958192,-0.0016259532759303405,[-0.037576715092756126],[-0.07352747690958192],[-0.0016259532759303405],2.0486453654879697,4.196947833535337,0.04049680519231749,response units,ok,,per-fivefold amount slope difference,0.9858028394321136,1.0
C/trend/ge25/OLS_HC3/restricted-cash,C,trend,ge25,OLS_HC3,restricted-cash,5171,1,0.021196864008855783,0.016506729806672775,-0.011156326412222858,0.05355005442993442,[0.021196864008855783],[-0.011156326412222858],[0.05355005442993442],1.284134668533015,1.6490018469283965,0.19909483951512405,response units,ok,,per-fivefold amount slope difference,1.0,1.0
C/trend/ge25/logit/omnibus,C,trend,ge25,logit,omnibus,5171,2,,,,,"[-0.00040688844950188005, 0.187407494403247]","[-0.18099534422409155, 0.0033744010725281215]","[0.1801815673250878, 0.3714405877339659]",2.2673820223319523,5.141021235194134,0.07649647500348793,logit index,ok,,per-fivefold amount slope difference,0.9442111577684463,1.0
C/trend/ge25/logit/cash-food,C,trend,ge25,logit,cash-food,5171,1,0.00040688844950188005,0.09213696723193351,-0.1801815673250878,0.18099534422409155,[0.00040688844950188005],[-0.1801815673250878],[0.18099534422409155],0.0044161259234595,1.950216817185102e-05,0.9964764527599159,logit index,ok,,per-fivefold amount slope difference,1.0,1.0
C/trend/ge25/logit/cash-medical,C,trend,ge25,logit,cash-medical,5171,1,-0.187407494403247,0.09389443537281575,-0.3714405877339659,-0.0033744010725281215,[-0.187407494403247],[-0.3714405877339659],[-0.0033744010725281215],1.9959382434020694,3.9837694714749383,0.04594064531721463,logit index,ok,,per-fivefold amount slope difference,0.9908018396320736,1.0
C/trend/ge25/logit/food-medical,C,trend,ge25,logit,food-medical,5171,1,-0.18781438285274887,0.09553017591285623,-0.3750535276419471,-0.0005752380635506704,[-0.18781438285274887],[-0.3750535276419471],[-0.0005752380635506704],1.9660215325477406,3.8652406664413665,0.04929612336756025,logit index,ok,,per-fivefold amount slope difference,0.9926014797040592,1.0
C/trend/ge25/logit/restricted-cash,C,trend,ge25,logit,restricted-cash,5171,1,0.09350030297687256,0.07981972960899966,-0.06294636705676676,0.24994697301051189,[0.09350030297687256],[-0.06294636705676676],[0.24994697301051189],1.1713933814971282,1.3721624542152766,0.24144069139059288,logit index,ok,,per-fivefold amount slope difference,1.0,1.0
C/trend/ge25/probit/omnibus,C,trend,ge25,probit,omnibus,5171,2,,,,,"[0.001400584639493496, 0.11362999549751861]","[-0.1073619504585951, 0.00403351606422131]","[0.1101631197375821, 0.2232264749308159]",2.3109900717192957,5.340675111585155,0.0692288527645348,probit index,ok,,per-fivefold amount slope difference,0.9284143171365726,1.0
C/trend/ge25/probit/cash-food,C,trend,ge25,probit,cash-food,5171,1,-0.001400584639493496,0.05549108933575949,-0.1101631197375821,0.1073619504585951,[-0.001400584639493496],[-0.1101631197375821],[0.1073619504585951],0.025239811585225688,0.0006370480888576929,0.97986368200842,probit index,ok,,per-fivefold amount slope difference,1.0,1.0
C/trend/ge25/probit/cash-medical,C,trend,ge25,probit,cash-medical,5171,1,-0.11362999549751861,0.0559165711394374,-0.2232264749308159,-0.00403351606422131,[-0.11362999549751861],[-0.2232264749308159],[-0.00403351606422131],2.032134538689131,4.129570783333288,0.042140037683548216,probit index,ok,,per-fivefold amount slope difference,0.9874025194961008,1.0
C/trend/ge25/probit/food-medical,C,trend,ge25,probit,food-medical,5171,1,-0.11222941085802511,0.05649163030250505,-0.222953006250935,-0.0015058154651152178,[-0.11222941085802511],[-0.222953006250935],[-0.0015058154651152178],1.9866555498053744,3.9468002735724945,0.04696058081858524,probit index,ok,,per-fivefold amount slope difference,0.9912017596480703,1.0
C/trend/ge25/probit/restricted-cash,C,trend,ge25,probit,restricted-cash,5171,1,0.05751529006850605,0.04801183071152125,-0.036587898126075595,0.1516184782630877,[0.05751529006850605],[-0.036587898126075595],[0.1516184782630877],1.197939949719607,1.4350601231342146,0.23094039567169494,probit index,ok,,per-fivefold amount slope difference,1.0,1.0
C/trend/ge50/OLS_HC3/omnibus,C,trend,ge50,OLS_HC3,omnibus,5171,2,,,,,"[0.024558546945806753, 0.03818997986341138]","[-0.004681800071467294, 0.010460536174684787]","[0.053798893963080796, 0.06591942355213798]",2.710837798937343,7.348641572147459,0.02536662904054309,response units,ok,,per-fivefold amount slope difference,0.7120575884823035,1.0
C/trend/ge50/OLS_HC3/cash-food,C,trend,ge50,OLS_HC3,cash-food,5171,1,-0.024558546945806753,0.014918544396568392,-0.053798893963080796,0.004681800071467294,[-0.024558546945806753],[-0.053798893963080796],[0.004681800071467294],1.6461758126654624,2.7098948062047956,0.09972756748956313,response units,ok,,per-fivefold amount slope difference,0.9996000799840032,1.0
C/trend/ge50/OLS_HC3/cash-medical,C,trend,ge50,OLS_HC3,cash-medical,5171,1,-0.03818997986341138,0.014147675351391121,-0.06591942355213798,-0.010460536174684787,[-0.03818997986341138],[-0.06591942355213798],[-0.010460536174684787],2.6993819772416687,7.286663059057141,0.006946839107802495,response units,ok,,per-fivefold amount slope difference,0.7206558688262348,1.0
C/trend/ge50/OLS_HC3/food-medical,C,trend,ge50,OLS_HC3,food-medical,5171,1,-0.01363143291760463,0.014080644981930684,-0.041229497082188774,0.01396663124697951,[-0.01363143291760463],[-0.041229497082188774],[0.01396663124697951],0.9680971954834089,0.9372121799028416,0.33299583039704533,response units,ok,,per-fivefold amount slope difference,1.0,1.0
C/trend/ge50/OLS_HC3/restricted-cash,C,trend,ge50,OLS_HC3,restricted-cash,5171,1,0.03137426340460907,0.012719815313265307,0.0064434253906090685,0.05630510141860907,[0.03137426340460907],[0.0064434253906090685],[0.05630510141860907],2.4665659549230496,6.083947609985456,0.013641560321295623,response units,ok,,per-fivefold amount slope difference,0.8628274345130974,1.0
C/trend/ge50/logit/omnibus,C,trend,ge50,logit,omnibus,5171,2,,,,,"[0.18082195977157847, 0.29615369179719664]","[-0.05356689890770466, 0.05035124885715758]","[0.4152108184508616, 0.5419561347372357]",2.4152725547966423,5.833541513953899,0.05410813379725043,logit index,ok,,per-fivefold amount slope difference,0.887622475504899,1.0
C/trend/ge50/logit/cash-food,C,trend,ge50,logit,cash-food,5171,1,-0.18082195977157847,0.11958615238738936,-0.4152108184508616,0.05356689890770466,[-0.18082195977157847],[-0.4152108184508616],[0.05356689890770466],1.5120643666653044,2.286338648938948,0.1305174887184468,logit index,ok,,per-fivefold amount slope difference,1.0,1.0
C/trend/ge50/logit/cash-medical,C,trend,ge50,logit,cash-medical,5171,1,-0.29615369179719664,0.12540940966328523,-0.5419561347372357,-0.05035124885715758,[-0.29615369179719664],[-0.5419561347372357],[-0.05035124885715758],2.361494983449383,5.576658556856601,0.018201418174618338,logit index,ok,,per-fivefold amount slope difference,0.9094181163767247,1.0
C/trend/ge50/logit/food-medical,C,trend,ge50,logit,food-medical,5171,1,-0.11533173202561817,0.12875098677671654,-0.36768366610798253,0.13702020205674623,[-0.11533173202561817],[-0.36768366610798253],[0.13702020205674623],0.8957735774532711,0.8024103020634316,0.37037370449469875,logit index,ok,,per-fivefold amount slope difference,1.0,1.0
C/trend/ge50/logit/restricted-cash,C,trend,ge50,logit,restricted-cash,5171,1,0.23848782578438754,0.10425919522259054,0.034139803148110076,0.44283584842066503,[0.23848782578438754],[0.034139803148110076],[0.44283584842066503],2.2874512437509473,5.232433192537756,0.022169498179697968,logit index,ok,,per-fivefold amount slope difference,0.9362127574485103,1.0
C/trend/ge50/probit/omnibus,C,trend,ge50,probit,omnibus,5171,2,,,,,"[0.10127659092138436, 0.1629849374689494]","[-0.026034762659050775, 0.032328090086665484]","[0.2285879445018195, 0.2936417848512333]",2.488828674416876,6.194268170599664,0.04517849474686144,probit index,ok,,per-fivefold amount slope difference,0.8542291541691661,1.0
C/trend/ge50/probit/cash-food,C,trend,ge50,probit,cash-food,5171,1,-0.10127659092138436,0.06495477223491589,-0.2285879445018195,0.026034762659050775,[-0.10127659092138436],[-0.2285879445018195],[0.026034762659050775],1.5591862989697929,2.4310619148951202,0.11895229268899596,probit index,ok,,per-fivefold amount slope difference,1.0,1.0
C/trend/ge50/probit/cash-medical,C,trend,ge50,probit,cash-medical,5171,1,-0.1629849374689494,0.06666165682769588,-0.2936417848512333,-0.032328090086665484,[-0.1629849374689494],[-0.2936417848512333],[-0.032328090086665484],2.4449577947068684,5.977818617897873,0.014486909382423701,probit index,ok,,per-fivefold amount slope difference,0.874625074985003,1.0
C/trend/ge50/probit/food-medical,C,trend,ge50,probit,food-medical,5171,1,-0.061708346547565046,0.06778685641222416,-0.1945705851155244,0.07115389202039432,[-0.061708346547565046],[-0.1945705851155244],[0.07115389202039432],0.9103290787273774,0.8286990315766358,0.3626489875190074,probit index,ok,,per-fivefold amount slope difference,1.0,1.0
C/trend/ge50/probit/restricted-cash,C,trend,ge50,probit,restricted-cash,5171,1,0.1321307641951669,0.05641529037405349,0.021556795062022058,0.24270473332831172,[0.1321307641951669],[0.021556795062022058],[0.24270473332831172],2.342109086368125,5.485474972448133,0.019175109476827323,probit index,ok,,per-fivefold amount slope difference,0.9162167566486703,1.0
C/trend/top75/OLS_HC3/omnibus,C,trend,top75,OLS_HC3,omnibus,5171,2,,,,,"[0.03329251727229846, 0.03373917397384133]","[0.00972785574336384, 0.012656636615559571]","[0.05685717880123309, 0.05482171133212309]",3.3517392161718282,11.234155773224142,0.0036352482113069695,response units,ok,,per-fivefold amount slope difference,0.2581483703259348,1.0
C/trend/top75/OLS_HC3/cash-food,C,trend,top75,OLS_HC3,cash-food,5171,1,-0.03329251727229846,0.0120227864943544,-0.05685717880123309,-0.00972785574336384,[-0.03329251727229846],[-0.05685717880123309],[-0.00972785574336384],2.769118231279562,7.6680157788048495,0.005620823405357401,response units,ok,,per-fivefold amount slope difference,0.6746650669866027,1.0
C/trend/top75/OLS_HC3/cash-medical,C,trend,top75,OLS_HC3,cash-medical,5171,1,-0.03373917397384133,0.010756396611368246,-0.05482171133212309,-0.012656636615559571,[-0.03373917397384133],[-0.05482171133212309],[-0.012656636615559571],3.1366613925506424,9.838644691517734,0.0017088335648793478,response units,ok,,per-fivefold amount slope difference,0.394121175764847,1.0
C/trend/top75/OLS_HC3/food-medical,C,trend,top75,OLS_HC3,food-medical,5171,1,-0.00044665670154286907,0.010565749992308563,-0.02115552668646765,0.020262213283381913,[-0.00044665670154286907],[-0.02115552668646765],[0.020262213283381913],0.04227401763888196,0.001787092567332503,0.9662802576853061,response units,ok,,per-fivefold amount slope difference,1.0,1.0
C/trend/top75/OLS_HC3/restricted-cash,C,trend,top75,OLS_HC3,restricted-cash,5171,1,0.0335158456230699,0.010110141608798084,0.013699968069825652,0.05333172317631414,[0.0335158456230699],[0.013699968069825652],[0.05333172317631414],3.3150718278667446,10.989701223915759,0.0009161957948052681,response units,ok,,per-fivefold amount slope difference,0.27714457108578283,1.0
C/trend/top75/logit/omnibus,C,trend,top75,logit,omnibus,5171,2,,,,,"[0.3923324602086806, 0.3269935369227575]","[0.09071885948194375, -0.011125200691388004]","[0.6939460609354176, 0.665112274536903]",2.7004427856178226,7.2923912383953455,0.026090197257734433,logit index,ok,,per-fivefold amount slope difference,0.7194561087782444,1.0
C/trend/top75/logit/cash-food,C,trend,top75,logit,cash-food,5171,1,-0.3923324602086806,0.1538844901667025,-0.6939460609354176,-0.09071885948194375,[-0.3923324602086806],[-0.6939460609354176],[-0.09071885948194375],2.5495256850360186,6.50008121865838,0.010786956487282492,logit index,ok,,per-fivefold amount slope difference,0.8170365926814637,1.0
C/trend/top75/logit/cash-medical,C,trend,top75,logit,cash-medical,5171,1,-0.3269935369227575,0.1725095600072171,-0.665112274536903,0.011125200691388004,[-0.3269935369227575],[-0.665112274536903],[0.011125200691388004],1.8955096570246739,3.5929568598737966,0.058024913573602135,logit index,ok,,per-fivefold amount slope difference,0.996000799840032,1.0
C/trend/top75/logit/food-medical,C,trend,top75,logit,food-medical,5171,1,0.06533892328592311,0.17527138809081955,-0.2781929973720832,0.4088708439439294,[0.06533892328592311],[-0.2781929973720832],[0.4088708439439294],0.372787161656224,0.1389702678957037,0.70930685873672,logit index,ok,,per-fivefold amount slope difference,1.0,1.0
C/trend/top75/logit/restricted-cash,C,trend,top75,logit,restricted-cash,5171,1,0.35966299856571904,0.13798542471237363,0.08921156612946674,0.6301144310019713,[0.35966299856571904],[0.08921156612946674],[0.6301144310019713],2.6065289092338952,6.7939929546720395,0.00914651025404101,logit index,ok,,per-fivefold amount slope difference,0.7828434313137372,1.0
C/trend/top75/probit/omnibus,C,trend,top75,probit,omnibus,5171,2,,,,,"[0.20049583992771824, 0.1746584325180557]","[0.05070624192988765, 0.01387672182084504]","[0.35028543792554884, 0.3354401432152664]",2.8257611918746988,7.9849263135051185,0.018454202498204092,probit index,ok,,per-fivefold amount slope difference,0.6292741451709658,1.0
C/trend/top75/probit/cash-food,C,trend,top75,probit,cash-food,5171,1,-0.20049583992771824,0.07642326428460745,-0.35028543792554884,-0.05070624192988765,[-0.20049583992771824],[-0.35028543792554884],[-0.05070624192988765],2.623492228505875,6.882711473030722,0.008703343061257956,probit index,ok,,per-fivefold amount slope difference,0.7740451909618077,1.0
C/trend/top75/probit/cash-medical,C,trend,top75,probit,cash-medical,5171,1,-0.1746584325180557,0.08203148504959729,-0.3354401432152664,-0.01387672182084504,[-0.1746584325180557],[-0.3354401432152664],[-0.01387672182084504],2.129163362243838,4.533336623121485,0.03324074696764179,probit index,ok,,per-fivefold amount slope difference,0.9764047190561888,1.0
C/trend/top75/probit/food-medical,C,trend,top75,probit,food-medical,5171,1,0.025837407409662533,0.08283299825069487,-0.13651526916169943,0.1881900839810245,[0.025837407409662533],[-0.13651526916169943],[0.1881900839810245],0.3119216731895345,0.09729513020535877,0.7551000508590381,probit index,ok,,per-fivefold amount slope difference,1.0,1.0
C/trend/top75/probit/restricted-cash,C,trend,top75,probit,restricted-cash,5171,1,0.18757713622288696,0.06759817698635612,0.05508470932962897,0.320069563116145,[0.18757713622288696],[0.05508470932962897],[0.320069563116145],2.7748845395748933,7.6999842079717675,0.005522130860356105,probit index,ok,,per-fivefold amount slope difference,0.6704659068186363,1.0
C/saturated/ordinal/OLS_HC3/omnibus,C,saturated,ordinal,OLS_HC3,omnibus,5171,4,,,,,"[0.05464972387388233, 0.12556944303552, 0.18588007830774067, 0.3528466491699656]","[-0.20824464756344946, -0.13271154576513608, -0.06990376658371877, 0.10242379252785216]","[0.31754409531121414, 0.38385043183617606, 0.4416639231992001, 0.603269505812079]",2.818780902307043,7.945525775210909,0.09359416015417746,response units,ok,,full pairwise interaction vector at1000/5000 vs200,0.6344731053789242,1.0
C/saturated/ordinal/OLS_HC3/cash-food,C,saturated,ordinal,OLS_HC3,cash-food,5171,2,,,,,"[-0.05464972387388233, -0.12556944303552]","[-0.31754409531121414, -0.38385043183617606]","[0.20824464756344946, 0.13271154576513608]",0.9604865701894776,0.9225344515143462,0.6304841732741471,response units,ok,,full pairwise interaction vector at1000/5000 vs200,1.0,1.0
C/saturated/ordinal/OLS_HC3/cash-medical,C,saturated,ordinal,OLS_HC3,cash-medical,5171,2,,,,,"[-0.18588007830774067, -0.3528466491699656]","[-0.4416639231992001, -0.603269505812079]","[0.06990376658371877, -0.10242379252785216]",2.7622605848486024,7.630083538608143,0.022036793972872896,response units,ok,,full pairwise interaction vector at1000/5000 vs200,0.6780643871225754,1.0
C/saturated/ordinal/OLS_HC3/food-medical,C,saturated,ordinal,OLS_HC3,food-medical,5171,2,,,,,"[-0.13123035443385833, -0.2272772061344456]","[-0.3803363501802894, -0.4782669834326353]","[0.11787564131257272, 0.023712571163744117]",1.778136123012363,3.161768071961437,0.2057930892700155,response units,ok,,full pairwise interaction vector at1000/5000 vs200,0.999000199960008,1.0
C/saturated/ordinal/OLS_HC3/restricted-cash,C,saturated,ordinal,OLS_HC3,restricted-cash,5171,2,,,,,"[0.1202649010908115, 0.23920804610274282]","[-0.10723446954840313, 0.017935880941211818]","[0.3477642717300261, 0.46048021126427385]",2.122064675392456,4.50315848654849,0.10523290490952741,response units,ok,,full pairwise interaction vector at1000/5000 vs200,0.9774045190961808,1.0
C/saturated/ordinal/ordered_logit/omnibus,C,saturated,ordinal,ordered_logit,omnibus,5171,4,,,,,"[0.07053998923972621, 0.08667670427340615, 0.24724393312822385, 0.37709220944065475]","[-0.23123388086910018, -0.20744864622631234, -0.052995190584922414, 0.08231194295388455]","[0.3723138593485526, 0.3808020547731247, 0.5474830568413701, 0.6718724759274249]",2.6329229357207242,6.932283185444237,0.13951031536139696,latent location index,ok,,full pairwise interaction vector at1000/5000 vs200,0.768246350729854,1.0
C/saturated/ordinal/ordered_logit/cash-food,C,saturated,ordinal,ordered_logit,cash-food,5171,2,,,,,"[-0.07053998923972621, -0.08667670427340615]","[-0.3723138593485526, -0.3808020547731247]","[0.23123388086910018, 0.20744864622631234]",0.6018458788463077,0.36221846188428447,0.8343442175132116,latent location index,ok,,full pairwise interaction vector at1000/5000 vs200,1.0,1.0
C/saturated/ordinal/ordered_logit/cash-medical,C,saturated,ordinal,ordered_logit,cash-medical,5171,2,,,,,"[-0.24724393312822385, -0.37709220944065475]","[-0.5474830568413701, -0.6718724759274249]","[0.052995190584922414, -0.08231194295388455]",2.523692501142481,6.369023840322791,0.04139844661790736,latent location index,ok,,full pairwise interaction vector at1000/5000 vs200,0.8340331933613278,1.0
C/saturated/ordinal/ordered_logit/food-medical,C,saturated,ordinal,ordered_logit,food-medical,5171,2,,,,,"[-0.17670394388849764, -0.29041550516724857]","[-0.4706285543711875, -0.5878072604356206]","[0.11722066659419222, 0.00697625010112346]",1.919911751228929,3.686061132506933,0.15833684795467948,latent location index,ok,,full pairwise interaction vector at1000/5000 vs200,0.9946010797840432,1.0
C/saturated/ordinal/ordered_logit/restricted-cash,C,saturated,ordinal,ordered_logit,restricted-cash,5171,2,,,,,"[0.15889196118397503, 0.23188445685703046]","[-0.1038009791140051, -0.02226530142122546]","[0.42158490148195515, 0.4860342151352864]",1.8051894961049237,3.2587091168475486,0.19605607604046862,latent location index,ok,,full pairwise interaction vector at1000/5000 vs200,0.9986002799440112,1.0
C/saturated/ordinal/ordered_probit/omnibus,C,saturated,ordinal,ordered_probit,omnibus,5171,4,,,,,"[0.04602148637452707, 0.0784839023483881, 0.1442200762607402, 0.22950176378236592]","[-0.13100709248502881, -0.09590822324812655, -0.0327346299105358, 0.055703440461747994]","[0.22305006523408297, 0.25287602794490277, 0.32117478243201625, 0.4033000871029838]",2.639756152425919,6.968312544270493,0.13757226772706194,latent location index,ok,,full pairwise interaction vector at1000/5000 vs200,0.7630473905218956,1.0
C/saturated/ordinal/ordered_probit/cash-food,C,saturated,ordinal,ordered_probit,cash-food,5171,2,,,,,"[-0.04602148637452707, -0.0784839023483881]","[-0.22305006523408297, -0.25287602794490277]","[0.13100709248502881, 0.09590822324812655]",0.8833958471024025,0.7803882226777713,0.6769254628364136,latent location index,ok,,full pairwise interaction vector at1000/5000 vs200,1.0,1.0
C/saturated/ordinal/ordered_probit/cash-medical,C,saturated,ordinal,ordered_probit,cash-medical,5171,2,,,,,"[-0.1442200762607402, -0.22950176378236592]","[-0.32117478243201625, -0.4033000871029838]","[0.0327346299105358, -0.055703440461747994]",2.5995981827386534,6.757910711698109,0.0340830407931902,latent location index,ok,,full pairwise interaction vector at1000/5000 vs200,0.7880423915216956,1.0
C/saturated/ordinal/ordered_probit/food-medical,C,saturated,ordinal,ordered_probit,food-medical,5171,2,,,,,"[-0.09819858988621313, -0.15101786143397783]","[-0.27266841454906277, -0.32696634162438987]","[0.07627123477663647, 0.02493061875643421]",1.6990471287808664,2.886761145818506,0.2361281594329541,latent location index,ok,,full pairwise interaction vector at1000/5000 vs200,0.9994001199760048,1.0
C/saturated/ordinal/ordered_probit/restricted-cash,C,saturated,ordinal,ordered_probit,restricted-cash,5171,2,,,,,"[0.09512078131763364, 0.153992833065377]","[-0.058879585419354855, 0.0037604517049148467]","[0.24912114805462215, 0.30422521442583916]",2.0156175708232404,4.062714191811381,0.13115740713670504,latent location index,ok,,full pairwise interaction vector at1000/5000 vs200,0.9888022395520896,1.0
C/saturated/ordinal/ordered_location_scale/omnibus,C,saturated,ordinal,ordered_location_scale,omnibus,5171,4,,,,,"[0.05039164711358117, 0.05490796067277446, 0.15326915543582986, 0.19924520037759386]","[-0.11215124862844726, -0.1032858258545489, -0.011303728581119332, 0.03734435603370062]","[0.2129345428556096, 0.2131017472000978, 0.31784203945277906, 0.3611460447214871]",2.5306832594429474,6.40435775962478,0.17091725847726497,latent location index,ok,,full pairwise interaction vector at1000/5000 vs200,0.8294341131773645,1.0
C/saturated/ordinal/ordered_location_scale/cash-food,C,saturated,ordinal,ordered_location_scale,cash-food,5171,2,,,,,"[-0.05039164711358117, -0.05490796067277446]","[-0.2129345428556096, -0.2131017472000978]","[0.11215124862844726, 0.1032858258545489]",0.7321868939988438,0.5360976477436742,0.7648704362550597,latent location index,ok,,full pairwise interaction vector at1000/5000 vs200,1.0,1.0
C/saturated/ordinal/ordered_location_scale/cash-medical,C,saturated,ordinal,ordered_location_scale,cash-medical,5171,2,,,,,"[-0.15326915543582986, -0.19924520037759386]","[-0.31784203945277906, -0.3611460447214871]","[0.011303728581119332, -0.03734435603370062]",2.468915220335169,6.0955423652026575,0.0474645965039831,latent location index,ok,,full pairwise interaction vector at1000/5000 vs200,0.8624275144971005,1.0
C/saturated/ordinal/ordered_location_scale/food-medical,C,saturated,ordinal,ordered_location_scale,food-medical,5171,2,,,,,"[-0.10287750832224869, -0.1443372397048194]","[-0.2633185171129612, -0.3075025440284973]","[0.057563500468463855, 0.01882806461885847]",1.7637594520968807,3.110847404861089,0.21109992014031892,latent location index,ok,,full pairwise interaction vector at1000/5000 vs200,0.9992001599680064,1.0
C/saturated/ordinal/ordered_location_scale/restricted-cash,C,saturated,ordinal,ordered_location_scale,restricted-cash,5171,2,,,,,"[0.10183040127470552, 0.12707658052518417]","[-0.04070690692733919, -0.010629082444061022]","[0.24436770947675024, 0.26478224349442936]",1.8627983166809556,3.4700175686294017,0.17639865073827324,latent location index,ok,,full pairwise interaction vector at1000/5000 vs200,0.9976004799040192,1.0
C/saturated/midpoint/OLS_HC3/omnibus,C,saturated,midpoint,OLS_HC3,omnibus,5171,4,,,,,"[0.006387237995166594, 0.030226358342036734, 0.025098769296790648, 0.06520542844866649]","[-0.03859798830518311, -0.013712045690734337, -0.017837645519873012, 0.023671178495118524]","[0.05137246429551629, 0.0741647623748078, 0.0680351841134543, 0.10673967840221446]",3.1783371836777765,10.10182725314878,0.038746906707359134,response units,ok,,full pairwise interaction vector at1000/5000 vs200,0.3683263347330534,1.0
C/saturated/midpoint/OLS_HC3/cash-food,C,saturated,midpoint,OLS_HC3,cash-food,5171,2,,,,,"[-0.006387237995166594, -0.030226358342036734]","[-0.05137246429551629, -0.0741647623748078]","[0.03859798830518311, 0.013712045690734337]",1.457367935551309,2.1239212995730843,0.34577719729812634,response units,ok,,full pairwise interaction vector at1000/5000 vs200,1.0,1.0
C/saturated/midpoint/OLS_HC3/cash-medical,C,saturated,midpoint,OLS_HC3,cash-medical,5171,2,,,,,"[-0.025098769296790648, -0.06520542844866649]","[-0.0680351841134543, -0.10673967840221446]","[0.017837645519873012, -0.023671178495118524]",3.1456968931311216,9.895408943454791,0.007099687771638504,response units,ok,,full pairwise interaction vector at1000/5000 vs200,0.38972205558888223,1.0
C/saturated/midpoint/OLS_HC3/food-medical,C,saturated,midpoint,OLS_HC3,food-medical,5171,2,,,,,"[-0.018711531301624056, -0.034979070106629755]","[-0.05976802832464763, -0.07638835860669368]","[0.022344965721399518, 0.006430218393434169]",1.6556632016632715,2.741220637341875,0.25395192064735195,response units,ok,,full pairwise interaction vector at1000/5000 vs200,0.9996000799840032,1.0
C/saturated/midpoint/OLS_HC3/restricted-cash,C,saturated,midpoint,OLS_HC3,restricted-cash,5171,2,,,,,"[0.01574300364597862, 0.04771589339535161]","[-0.02314393714846751, 0.010310595100122964]","[0.05462994444042475, 0.08512119169058024]",2.599063752705482,6.755132390627503,0.03413042050978013,response units,ok,,full pairwise interaction vector at1000/5000 vs200,0.7886422715456909,1.0
C/saturated/any_spending/OLS_HC3/omnibus,C,saturated,any_spending,OLS_HC3,omnibus,5171,4,,,,,"[0.025838281596580102, 0.0048939187714915995, 0.06546050175048841, 0.03849634039497569]","[-0.04803666161718002, -0.06923968436102614, -0.010121425619218402, -0.036905636006620605]","[0.09971322481034023, 0.07902752190400934, 0.1410424291201952, 0.11389831679657197]",1.7481508557013599,3.0560314142893965,0.5484928594851932,response units,ok,,full pairwise interaction vector at1000/5000 vs200,0.9992001599680064,1.0
C/saturated/any_spending/OLS_HC3/cash-food,C,saturated,any_spending,OLS_HC3,cash-food,5171,2,,,,,"[-0.025838281596580102, -0.0048939187714915995]","[-0.09971322481034023, -0.07902752190400934]","[0.04803666161718002, 0.06923968436102614]",0.726516055921624,0.5278255795119123,0.7680405177370637,response units,ok,,full pairwise interaction vector at1000/5000 vs200,1.0,1.0
C/saturated/any_spending/OLS_HC3/cash-medical,C,saturated,any_spending,OLS_HC3,cash-medical,5171,2,,,,,"[-0.06546050175048841, -0.03849634039497569]","[-0.1410424291201952, -0.11389831679657197]","[0.010121425619218402, 0.036905636006620605]",1.7062703913495454,2.911358648396131,0.23324186322888243,response units,ok,,full pairwise interaction vector at1000/5000 vs200,0.9994001199760048,1.0
C/saturated/any_spending/OLS_HC3/food-medical,C,saturated,any_spending,OLS_HC3,food-medical,5171,2,,,,,"[-0.03962222015390831, -0.03360242162348409]","[-0.11597372606669112, -0.11027501156230424]","[0.03672928575887451, 0.043070168315336055]",1.090800959414997,1.189846733060678,0.5516048356406065,response units,ok,,full pairwise interaction vector at1000/5000 vs200,1.0,1.0
C/saturated/any_spending/OLS_HC3/restricted-cash,C,saturated,any_spending,OLS_HC3,restricted-cash,5171,2,,,,,"[0.045649391673534254, 0.021695129583233642]","[-0.01859762674826125, -0.04249952025113065]","[0.10989641009532976, 0.08588977941759793]",1.3929119799110936,1.940203783779843,0.37904441458395444,response units,ok,,full pairwise interaction vector at1000/5000 vs200,1.0,1.0
C/saturated/any_spending/logit/omnibus,C,saturated,any_spending,logit,omnibus,5171,4,,,,,"[0.12545488331099502, 0.020762213661097154, 0.2902158718994142, 0.16079986252056777]","[-0.2365997847256298, -0.3445758171985788, -0.0637490106004594, -0.19408895099905865]","[0.48750955134761986, 0.38610024452077313, 0.6441807543992879, 0.5156886760401942]",1.6662560838422766,2.7764093369414002,0.5959117045926571,logit index,ok,,full pairwise interaction vector at1000/5000 vs200,0.9996000799840032,1.0
C/saturated/any_spending/logit/cash-food,C,saturated,any_spending,logit,cash-food,5171,2,,,,,"[-0.12545488331099502, -0.020762213661097154]","[-0.48750955134761986, -0.38610024452077313]","[0.2365997847256298, 0.3445758171985788]",0.7238773696585806,0.5239984463038254,0.769511621500975,logit index,ok,,full pairwise interaction vector at1000/5000 vs200,1.0,1.0
C/saturated/any_spending/logit/cash-medical,C,saturated,any_spending,logit,cash-medical,5171,2,,,,,"[-0.2902158718994142, -0.16079986252056777]","[-0.6441807543992879, -0.5156886760401942]","[0.0637490106004594, 0.19408895099905865]",1.61185797700234,2.5980861380260762,0.2727927119724971,logit index,ok,,full pairwise interaction vector at1000/5000 vs200,0.9998000399920016,1.0
C/saturated/any_spending/logit/food-medical,C,saturated,any_spending,logit,food-medical,5171,2,,,,,"[-0.1647609885884192, -0.14003764885947062]","[-0.5136178262499316, -0.4878180431266512]","[0.18409584907309323, 0.20774274540770998]",1.0030106538167407,1.0060303716698857,0.6047046113799787,logit index,ok,,full pairwise interaction vector at1000/5000 vs200,1.0,1.0
C/saturated/any_spending/logit/restricted-cash,C,saturated,any_spending,logit,restricted-cash,5171,2,,,,,"[0.20783537760520462, 0.09078103809083246]","[-0.10483391581730636, -0.22460947019649372]","[0.5205046710277156, 0.40617154637815867]",1.3050921989360578,1.7032656477237547,0.4267176081073505,logit index,ok,,full pairwise interaction vector at1000/5000 vs200,1.0,1.0
C/saturated/any_spending/probit/omnibus,C,saturated,any_spending,probit,omnibus,5171,4,,,,,"[0.07546410834632053, 0.012866382228412432, 0.1778994391947014, 0.09988114975782615]","[-0.14184360793521822, -0.20614005401166766, -0.036419094205873775, -0.1147172682026912]","[0.2927718246278593, 0.23187281846849253, 0.3922179725952766, 0.3144795677183435]",1.6844133567009583,2.83724835623259,0.5854202456290439,probit index,ok,,full pairwise interaction vector at1000/5000 vs200,0.9996000799840032,1.0
C/saturated/any_spending/probit/cash-food,C,saturated,any_spending,probit,cash-food,5171,2,,,,,"[-0.07546410834632053, -0.012866382228412432]","[-0.2927718246278593, -0.23187281846849253]","[0.14184360793521822, 0.20614005401166766]",0.7245735308458233,0.5250068016023833,0.7691237487271617,probit index,ok,,full pairwise interaction vector at1000/5000 vs200,1.0,1.0
C/saturated/any_spending/probit/cash-medical,C,saturated,any_spending,probit,cash-medical,5171,2,,,,,"[-0.1778994391947014, -0.09988114975782615]","[-0.3922179725952766, -0.3144795677183435]","[0.036419094205873775, 0.1147172682026912]",1.6326033992329407,2.665393859186953,0.2637649457112662,probit index,ok,,full pairwise interaction vector at1000/5000 vs200,0.9996000799840032,1.0
C/saturated/any_spending/probit/food-medical,C,saturated,any_spending,probit,food-medical,5171,2,,,,,"[-0.10243533084838086, -0.08701476752941371]","[-0.3148377629782087, -0.299092880988194]","[0.10996710128144699, 0.12506334592936652]",1.0219519187466326,1.044385724229924,0.5932182747586259,probit index,ok,,full pairwise interaction vector at1000/5000 vs200,1.0,1.0
C/saturated/any_spending/probit/restricted-cash,C,saturated,any_spending,probit,restricted-cash,5171,2,,,,,"[0.12668177377051096, 0.056373765993119294]","[-0.061198082423731065, -0.13273960873434348]","[0.314561629964753, 0.2454871407205821]",1.3232411061010152,1.750967024875438,0.41666051042722163,probit index,ok,,full pairwise interaction vector at1000/5000 vs200,1.0,1.0
C/saturated/ge10/OLS_HC3/omnibus,C,saturated,ge10,OLS_HC3,omnibus,5171,4,,,,,"[0.020271997640862443, -0.0005158917442443167, 0.06073487979889972, 0.09044990720504409]","[-0.06136291880263853, -0.08264403690610746, -0.020537327704383164, 0.009145842479341693]","[0.10190691408436342, 0.08161225341761881, 0.14200708730218262, 0.17175397193074649]",2.6030514079931453,6.775876632655096,0.14821685644882124,response units,ok,,full pairwise interaction vector at1000/5000 vs200,0.7860427914417116,1.0
C/saturated/ge10/OLS_HC3/cash-food,C,saturated,ge10,OLS_HC3,cash-food,5171,2,,,,,"[-0.020271997640862443, 0.0005158917442443167]","[-0.10190691408436342, -0.08161225341761881]","[0.06136291880263853, 0.08264403690610746]",0.5649433364536338,0.3191609734033637,0.8525013496132412,response units,ok,,full pairwise interaction vector at1000/5000 vs200,1.0,1.0
C/saturated/ge10/OLS_HC3/cash-medical,C,saturated,ge10,OLS_HC3,cash-medical,5171,2,,,,,"[-0.06073487979889972, -0.09044990720504409]","[-0.14200708730218262, -0.17175397193074649]","[0.020537327704383164, -0.009145842479341693]",2.2277598213925245,4.962913821810853,0.08362130800667017,response units,ok,,full pairwise interaction vector at1000/5000 vs200,0.9558088382323535,1.0
C/saturated/ge10/OLS_HC3/food-medical,C,saturated,ge10,OLS_HC3,food-medical,5171,2,,,,,"[-0.04046288215803728, -0.09096579894928841]","[-0.12173975554855167, -0.17235852749824332]","[0.0408139912324771, -0.009573070400333492]",2.194479362554958,4.815739672679614,0.09000681976645732,response units,ok,,full pairwise interaction vector at1000/5000 vs200,0.9644071185762847,1.0
C/saturated/ge10/OLS_HC3/restricted-cash,C,saturated,ge10,OLS_HC3,restricted-cash,5171,2,,,,,"[0.04050343871988108, 0.04496700773039988]","[-0.03008858002560178, -0.025895517762018663]","[0.11109545746536395, 0.11582953322281843]",1.3787543944830458,1.9009636803063104,0.3865547209881375,response units,ok,,full pairwise interaction vector at1000/5000 vs200,1.0,1.0
C/saturated/ge10/logit/omnibus,C,saturated,ge10,logit,omnibus,5171,4,,,,,"[0.08183089743452332, -0.0013658196170516334, 0.2454388292989918, 0.36463802915580973]","[-0.24568197729092617, -0.33091101924822564, -0.08283284713562089, 0.036709858924981964]","[0.4093437721599728, 0.3281793800141224, 0.5737105057336045, 0.6925661993866374]",2.5991515658188726,6.755588862098698,0.149381866665802,logit index,ok,,full pairwise interaction vector at1000/5000 vs200,0.7884423115376925,1.0
C/saturated/ge10/logit/cash-food,C,saturated,ge10,logit,cash-food,5171,2,,,,,"[-0.08183089743452332, 0.0013658196170516334]","[-0.4093437721599728, -0.3281793800141224]","[0.24568197729092617, 0.33091101924822564]",0.566859252886453,0.3213294125829877,0.8515775518399669,logit index,ok,,full pairwise interaction vector at1000/5000 vs200,1.0,1.0
C/saturated/ge10/logit/cash-medical,C,saturated,ge10,logit,cash-medical,5171,2,,,,,"[-0.2454388292989918, -0.36463802915580973]","[-0.5737105057336045, -0.6925661993866374]","[0.08283284713562089, -0.036709858924981964]",2.2239732309799396,4.946056932115352,0.08432908412533957,logit index,ok,,full pairwise interaction vector at1000/5000 vs200,0.9580083983203359,1.0
C/saturated/ge10/logit/food-medical,C,saturated,ge10,logit,food-medical,5171,2,,,,,"[-0.16360793186446848, -0.36600384877286135]","[-0.4908631438043511, -0.6931954385460333]","[0.16364728007541413, -0.038812258999689486]",2.196986352746923,4.826749034156228,0.08951272213189664,logit index,ok,,full pairwise interaction vector at1000/5000 vs200,0.9640071985602879,1.0
C/saturated/ge10/logit/restricted-cash,C,saturated,ge10,logit,restricted-cash,5171,2,,,,,"[0.16363486336675756, 0.18163610476937905]","[-0.12051209666379623, -0.10350399695409065]","[0.4477818233973113, 0.4667762064928488]",1.381909030015937,1.9096725672395876,0.3848751497616958,logit index,ok,,full pairwise interaction vector at1000/5000 vs200,1.0,1.0
C/saturated/ge10/probit/omnibus,C,saturated,ge10,probit,omnibus,5171,4,,,,,"[0.05117964534942063, -0.000949901957817253, 0.15346853086805937, 0.22811989200017052]","[-0.1538888483223585, -0.20728277128341663, -0.05177640132128766, 0.02302706692582651]","[0.25624813902119975, 0.20538296736778214, 0.35871346305740637, 0.43321271707451453]",2.6004778540272824,6.76248506928634,0.14898492289556753,probit index,ok,,full pairwise interaction vector at1000/5000 vs200,0.7876424715056989,1.0
C/saturated/ge10/probit/cash-food,C,saturated,ge10,probit,cash-food,5171,2,,,,,"[-0.05117964534942063, 0.000949901957817253]","[-0.25624813902119975, -0.20538296736778214]","[0.1538888483223585, 0.20728277128341663]",0.5665534562285488,0.3209828187645142,0.8517251403856262,probit index,ok,,full pairwise interaction vector at1000/5000 vs200,1.0,1.0
C/saturated/ge10/probit/cash-medical,C,saturated,ge10,probit,cash-medical,5171,2,,,,,"[-0.15346853086805937, -0.22811989200017052]","[-0.35871346305740637, -0.43321271707451453]","[0.05177640132128766, -0.02302706692582651]",2.2252062896760147,4.951543031613696,0.0840980822219825,probit index,ok,,full pairwise interaction vector at1000/5000 vs200,0.9574085182963408,1.0
C/saturated/ge10/probit/food-medical,C,saturated,ge10,probit,food-medical,5171,2,,,,,"[-0.10228888551863874, -0.22906979395798777]","[-0.3070363995260722, -0.433848135409481]","[0.1024586284887947, -0.02429145250649456]",2.1968698686109276,4.8262372196105945,0.08953563201977824,probit index,ok,,full pairwise interaction vector at1000/5000 vs200,0.9640071985602879,1.0
C/saturated/ge10/probit/restricted-cash,C,saturated,ge10,probit,restricted-cash,5171,2,,,,,"[0.10232408810874, 0.11358499502117664]","[-0.07546482751890832, -0.06483758664563224]","[0.2801130037363883, 0.2920075766879855]",1.3814950637180223,1.9085286110772626,0.3850953528810189,probit index,ok,,full pairwise interaction vector at1000/5000 vs200,1.0,1.0
C/saturated/ge25/OLS_HC3/omnibus,C,saturated,ge25,OLS_HC3,omnibus,5171,4,,,,,"[-0.008529261022387992, 0.005034102611516875, 0.013745799103693364, 0.08001454728399059]","[-0.0845080767916242, -0.06988412713317789, -0.05970504504425242, 0.006917807850585975]","[0.06744955474684822, 0.07995233235621164, 0.08719664325163914, 0.1531112867173952]",2.589088747111411,6.703380540418935,0.1524183962492508,response units,ok,,full pairwise interaction vector at1000/5000 vs200,0.7954409118176364,1.0
C/saturated/ge25/OLS_HC3/cash-food,C,saturated,ge25,OLS_HC3,cash-food,5171,2,,,,,"[0.008529261022387992, -0.005034102611516875]","[-0.06744955474684822, -0.07995233235621164]","[0.0845080767916242, 0.06988412713317789]",0.36067017055326944,0.13008297192692447,0.9370285890372314,response units,ok,,full pairwise interaction vector at1000/5000 vs200,1.0,1.0
C/saturated/ge25/OLS_HC3/cash-medical,C,saturated,ge25,OLS_HC3,cash-medical,5171,2,,,,,"[-0.013745799103693364, -0.08001454728399059]","[-0.08719664325163914, -0.1531112867173952]","[0.05970504504425242, -0.006917807850585975]",2.3013126470801764,5.296039899611168,0.07079124459757116,response units,ok,,full pairwise interaction vector at1000/5000 vs200,0.9328134373125375,1.0
C/saturated/ge25/OLS_HC3/food-medical,C,saturated,ge25,OLS_HC3,food-medical,5171,2,,,,,"[-0.022275060126081356, -0.07498044467247371]","[-0.09431057505151122, -0.14688789916219927]","[0.049760454799348514, -0.0030729901827481476]",2.110449392004179,4.4539966362108085,0.10785168118338619,response units,ok,,full pairwise interaction vector at1000/5000 vs200,0.9788042391521695,1.0
C/saturated/ge25/OLS_HC3/restricted-cash,C,saturated,ge25,OLS_HC3,restricted-cash,5171,2,,,,,"[0.002608269040652686, 0.04252432494775373]","[-0.06286405047857409, -0.022169312522549105]","[0.06808058855987946, 0.10721796241805656]",1.4521295485729595,2.108680225838707,0.3484222708175973,response units,ok,,full pairwise interaction vector at1000/5000 vs200,1.0,1.0
C/saturated/ge25/logit/omnibus,C,saturated,ge25,logit,omnibus,5171,4,,,,,"[-0.05016659497790839, 0.0026347176201953816, 0.044210923198051595, 0.37627599672492706]","[-0.40241773055502095, -0.35969710528862037, -0.32105160417398587, 0.010353890214392703]","[0.3020845405992042, 0.3649665405290112, 0.40947345057008905, 0.7421981032354614]",2.4473206001590957,5.989378119963076,0.1999429274140949,logit index,ok,,full pairwise interaction vector at1000/5000 vs200,0.8734253149370126,1.0
C/saturated/ge25/logit/cash-food,C,saturated,ge25,logit,cash-food,5171,2,,,,,"[0.05016659497790839, -0.0026347176201953816]","[-0.3020845405992042, -0.3649665405290112]","[0.40241773055502095, 0.35969710528862037]",0.32305135812776165,0.1043621799881913,0.9491569684490075,logit index,ok,,full pairwise interaction vector at1000/5000 vs200,1.0,1.0
C/saturated/ge25/logit/cash-medical,C,saturated,ge25,logit,cash-medical,5171,2,,,,,"[-0.044210923198051595, -0.37627599672492706]","[-0.40947345057008905, -0.7421981032354614]","[0.32105160417398587, -0.010353890214392703]",2.1810849664109857,4.757131630704011,0.09268340735626655,logit index,ok,,full pairwise interaction vector at1000/5000 vs200,0.9678064387122576,1.0
C/saturated/ge25/logit/food-medical,C,saturated,ge25,logit,food-medical,5171,2,,,,,"[-0.09437751817595999, -0.37364127910473166]","[-0.4647099514063552, -0.7447619982944322]","[0.27595491505443526, -0.0025205599150310287]",2.040709362405381,4.164494701808977,0.12464976542239312,logit index,ok,,full pairwise interaction vector at1000/5000 vs200,0.9864027194561088,1.0
C/saturated/ge25/logit/restricted-cash,C,saturated,ge25,logit,restricted-cash,5171,2,,,,,"[-0.0029778358899283965, 0.18945535717256123]","[-0.3103249693289774, -0.12384804515463338]","[0.3043692975491206, 0.5027587594997558]",1.3520483170926378,1.8280346517530341,0.4009103968577876,logit index,ok,,full pairwise interaction vector at1000/5000 vs200,1.0,1.0
C/saturated/ge25/probit/omnibus,C,saturated,ge25,probit,omnibus,5171,4,,,,,"[-0.029115626509030833, 0.004295736941152249, 0.029427488291489928, 0.227821875876282]","[-0.2429566640781746, -0.213611295225914, -0.18881393240963285, 0.00933319081880607]","[0.18472541106011295, 0.2222027691082185, 0.24766890899261268, 0.4463105609337579]",2.4765530815039964,6.13331516550694,0.18941097506236138,probit index,ok,,full pairwise interaction vector at1000/5000 vs200,0.8590281943611278,1.0
C/saturated/ge25/probit/cash-food,C,saturated,ge25,probit,cash-food,5171,2,,,,,"[0.029115626509030833, -0.004295736941152249]","[-0.18472541106011295, -0.2222027691082185]","[0.2429566640781746, 0.213611295225914]",0.32648459157646126,0.10659218853684872,0.94809924416531,probit index,ok,,full pairwise interaction vector at1000/5000 vs200,1.0,1.0
C/saturated/ge25/probit/cash-medical,C,saturated,ge25,probit,cash-medical,5171,2,,,,,"[-0.029427488291489928, -0.227821875876282]","[-0.24766890899261268, -0.4463105609337579]","[0.18881393240963285, -0.00933319081880607]",2.206677757324994,4.869426724672865,0.08762285946051496,probit index,ok,,full pairwise interaction vector at1000/5000 vs200,0.9610077984403119,1.0
C/saturated/ge25/probit/food-medical,C,saturated,ge25,probit,food-medical,5171,2,,,,,"[-0.05854311480052076, -0.22352613893512974]","[-0.2784731108710032, -0.4438047097067896]","[0.16138688126996165, -0.0032475681634698828]",2.055833759077358,4.226452444962141,0.12084745605591374,probit index,ok,,full pairwise interaction vector at1000/5000 vs200,0.9852029594081184,1.0
C/saturated/ge25/probit/restricted-cash,C,saturated,ge25,probit,restricted-cash,5171,2,,,,,"[0.00015593089122954706, 0.11605880640871713]","[-0.18581813379590795, -0.07230182614941744]","[0.186129995578367, 0.3044194389668517]",1.3730989604057464,1.8854007550673415,0.389574415683436,probit index,ok,,full pairwise interaction vector at1000/5000 vs200,1.0,1.0
C/saturated/ge50/OLS_HC3/omnibus,C,saturated,ge50,OLS_HC3,omnibus,5171,4,,,,,"[-0.005532092326102421, 0.04956122632682269, 0.0107883353899676, 0.07654221592240562]","[-0.06536014404275779, -0.008852241153730393, -0.04592923630178597, 0.021147159143729784]","[0.05429595939055295, 0.10797469380737576, 0.06750590708172118, 0.13193727270108146]",3.0943761229322804,9.57516359017341,0.04822550527894922,response units,ok,,full pairwise interaction vector at1000/5000 vs200,0.42191561687662466,1.0
C/saturated/ge50/OLS_HC3/cash-food,C,saturated,ge50,OLS_HC3,cash-food,5171,2,,,,,"[0.005532092326102421, -0.04956122632682269]","[-0.05429595939055295, -0.10797469380737576]","[0.06536014404275779, 0.008852241153730393]",2.1035656030283936,4.424988246244209,0.1094273825127247,response units,ok,,full pairwise interaction vector at1000/5000 vs200,0.9798040391921615,1.0
C/saturated/ge50/OLS_HC3/cash-medical,C,saturated,ge50,OLS_HC3,cash-medical,5171,2,,,,,"[-0.0107883353899676, -0.07654221592240562]","[-0.06750590708172118, -0.13193727270108146]","[0.04592923630178597, -0.021147159143729784]",2.9898684896164913,8.9393135852016,0.01145124532828094,response units,ok,,full pairwise interaction vector at1000/5000 vs200,0.5008998200359928,1.0
C/saturated/ge50/OLS_HC3/food-medical,C,saturated,ge50,OLS_HC3,food-medical,5171,2,,,,,"[-0.01632042771607002, -0.026980989595582934]","[-0.07028925953702059, -0.08217608193968387]","[0.037648404104880545, 0.028214102748518002]",0.9635656438332789,0.9284587499758413,0.6286193483736553,response units,ok,,full pairwise interaction vector at1000/5000 vs200,1.0,1.0
C/saturated/ge50/OLS_HC3/restricted-cash,C,saturated,ge50,OLS_HC3,restricted-cash,5171,2,,,,,"[0.0026281215319325893, 0.06305172112461416]","[-0.0490437339929127, 0.013264692747850006]","[0.05429997705677789, 0.11283874950137832]",2.8890788939971404,8.34677685573974,0.015399989862070666,response units,ok,,full pairwise interaction vector at1000/5000 vs200,0.5808838232353529,1.0
C/saturated/ge50/logit/omnibus,C,saturated,ge50,logit,omnibus,5171,4,,,,,"[-0.07795055617148414, 0.3884924181769816, 0.020488568115336867, 0.6081971464036764]","[-0.5277226302925657, -0.0802438844562664, -0.4607109390699306, 0.11967261385696154]","[0.3718215179495975, 0.8572287208102296, 0.5016880753006043, 1.0967216789503913]",2.8224328616477203,7.96612725850894,0.0928269064732274,logit index,ok,,full pairwise interaction vector at1000/5000 vs200,0.6324735052989402,1.0
C/saturated/ge50/logit/cash-food,C,saturated,ge50,logit,cash-food,5171,2,,,,,"[0.07795055617148414, -0.3884924181769816]","[-0.3718215179495975, -0.8572287208102296]","[0.5277226302925657, 0.0802438844562664]",2.0002063383080015,4.000825395807503,0.13527944217245497,logit index,ok,,full pairwise interaction vector at1000/5000 vs200,0.9902019596080783,1.0
C/saturated/ge50/logit/cash-medical,C,saturated,ge50,logit,cash-medical,5171,2,,,,,"[-0.020488568115336867, -0.6081971464036764]","[-0.5016880753006043, -1.0967216789503913]","[0.4607109390699306, -0.11967261385696154]",2.700977148607924,7.295277557302192,0.02605257209900219,logit index,ok,,full pairwise interaction vector at1000/5000 vs200,0.7190561887622475,1.0
C/saturated/ge50/logit/food-medical,C,saturated,ge50,logit,food-medical,5171,2,,,,,"[-0.098439124286821, -0.2197047282266948]","[-0.5964700389446567, -0.7050350353940681]","[0.3995917903710146, 0.2656255789406785]",0.8880949936660301,0.788712717774666,0.6741137869928775,logit index,ok,,full pairwise interaction vector at1000/5000 vs200,1.0,1.0
C/saturated/ge50/logit/restricted-cash,C,saturated,ge50,logit,restricted-cash,5171,2,,,,,"[-0.028730994028073636, 0.49834478229032897]","[-0.4223237330344378, 0.08567228091745727]","[0.3648617449782906, 0.9110172836632007]",2.705456673626057,7.319495812867769,0.02573900054499255,logit index,ok,,full pairwise interaction vector at1000/5000 vs200,0.7156568686262748,1.0
C/saturated/ge50/probit/omnibus,C,saturated,ge50,probit,omnibus,5171,4,,,,,"[-0.039101606748546444, 0.2122125613882009, 0.01814849119784202, 0.3314684393952847]","[-0.2865702660626664, -0.042153216100972474, -0.2394854930903097, 0.07121146532151273]","[0.20836705256557353, 0.4665783388773743, 0.2757824754859937, 0.5917254134690566]",2.8752373759229877,8.266989967904507,0.08227333072600315,probit index,ok,,full pairwise interaction vector at1000/5000 vs200,0.5916816636672666,1.0
C/saturated/ge50/probit/cash-food,C,saturated,ge50,probit,cash-food,5171,2,,,,,"[0.039101606748546444, -0.2122125613882009]","[-0.20836705256557353, -0.4665783388773743]","[0.2865702660626664, 0.042153216100972474]",2.0216869263106845,4.087218028015543,0.12956028123247068,probit index,ok,,full pairwise interaction vector at1000/5000 vs200,0.9882023595280944,1.0
C/saturated/ge50/probit/cash-medical,C,saturated,ge50,probit,cash-medical,5171,2,,,,,"[-0.01814849119784202, -0.3314684393952847]","[-0.2757824754859937, -0.5917254134690566]","[0.2394854930903097, -0.07121146532151273]",2.7572584696771165,7.602474268606194,0.02234311331910567,probit index,ok,,full pairwise interaction vector at1000/5000 vs200,0.6808638272345531,1.0
C/saturated/ge50/probit/food-medical,C,saturated,ge50,probit,food-medical,5171,2,,,,,"[-0.05725009794638847, -0.11925587800708379]","[-0.3206363226368774, -0.3785488481418863]","[0.20613612674410048, 0.14003709212771873]",0.9015295126893396,0.812755462249878,0.6660585288646368,probit index,ok,,full pairwise interaction vector at1000/5000 vs200,1.0,1.0
C/saturated/ge50/probit/restricted-cash,C,saturated,ge50,probit,restricted-cash,5171,2,,,,,"[-0.010476557775352212, 0.2718405003917428]","[-0.22603380716001245, 0.04955777599436201]","[0.205080691609308, 0.49412322478912357]",2.7445239046116483,7.532411462984768,0.023139695149266615,probit index,ok,,full pairwise interaction vector at1000/5000 vs200,0.6916616676664668,1.0
C/saturated/top75/OLS_HC3/omnibus,C,saturated,top75,OLS_HC3,omnibus,5171,4,,,,,"[0.02260079798493079, 0.06659608706993347, 0.03515056226469171, 0.06734363836354977]","[-0.026226957873715075, 0.019588821957802954, -0.009924080146635525, 0.025295067003535086]","[0.07142855384357666, 0.113603352182064, 0.08022520467601894, 0.10939220972356445]",3.5164293421101727,12.365275318053381,0.014831959786240115,response units,ok,,full pairwise interaction vector at1000/5000 vs200,0.1773645270945811,1.0
C/saturated/top75/OLS_HC3/cash-food,C,saturated,top75,OLS_HC3,cash-food,5171,2,,,,,"[-0.02260079798493079, -0.06659608706993347]","[-0.07142855384357666, -0.113603352182064]","[0.026226957873715075, -0.019588821957802954]",2.9254683716099965,8.558365193290445,0.013853981750643509,response units,ok,,full pairwise interaction vector at1000/5000 vs200,0.55248950209958,1.0
C/saturated/top75/OLS_HC3/cash-medical,C,saturated,top75,OLS_HC3,cash-medical,5171,2,,,,,"[-0.03515056226469171, -0.06734363836354977]","[-0.08022520467601894, -0.10939220972356445]","[0.009924080146635525, -0.025295067003535086]",3.175445783123021,10.083455921553776,0.006462571594367234,response units,ok,,full pairwise interaction vector at1000/5000 vs200,0.3703259348130374,1.0
C/saturated/top75/OLS_HC3/food-medical,C,saturated,top75,OLS_HC3,food-medical,5171,2,,,,,"[-0.01254976427976092, -0.000747551293616297]","[-0.053954949595753025, -0.04217295349268098]","[0.028855421036231184, 0.040677850905448384]",0.6942172245365442,0.48193755484322265,0.7858661627731691,response units,ok,,full pairwise interaction vector at1000/5000 vs200,1.0,1.0
C/saturated/top75/OLS_HC3/restricted-cash,C,saturated,top75,OLS_HC3,restricted-cash,5171,2,,,,,"[0.02887568012481125, 0.06696986271674163]","[-0.013306534404387668, 0.0274747152106034]","[0.07105789465401016, 0.10646501022287985]",3.434997598984067,11.799208505026304,0.0027405291617196036,response units,ok,,full pairwise interaction vector at1000/5000 vs200,0.21455708858228353,1.0
C/saturated/top75/logit/omnibus,C,saturated,top75,logit,omnibus,5171,4,,,,,"[0.15106447490197902, 0.8176723326932485, 0.23492157218436135, 0.6772538366397548]","[-0.40788249677402943, 0.21303412275488287, -0.39669027346574104, -0.009987007231348155]","[0.7100114465779875, 1.422310542631614, 0.8665334178344638, 1.3644946805108578]",2.824027209668503,7.975129680948071,0.0924934860757369,logit index,ok,,full pairwise interaction vector at1000/5000 vs200,0.6308738252349531,1.0
C/saturated/top75/logit/cash-food,C,saturated,top75,logit,cash-food,5171,2,,,,,"[-0.15106447490197902, -0.8176723326932485]","[-0.7100114465779875, -1.422310542631614]","[0.40788249677402943, -0.21303412275488287]",2.704233778697202,7.312880329846949,0.02582427946809452,logit index,ok,,full pairwise interaction vector at1000/5000 vs200,0.7164567086582684,1.0
C/saturated/top75/logit/cash-medical,C,saturated,top75,logit,cash-medical,5171,2,,,,,"[-0.23492157218436135, -0.6772538366397548]","[-0.8665334178344638, -1.3644946805108578]","[0.39669027346574104, 0.009987007231348155]",1.9318723526135313,3.73213078679254,0.1547312723630629,logit index,ok,,full pairwise interaction vector at1000/5000 vs200,0.9938012397520496,1.0
C/saturated/top75/logit/food-medical,C,saturated,top75,logit,food-medical,5171,2,,,,,"[-0.08385709728238233, 0.14041849605349366]","[-0.7443937045464261, -0.5294150059807916]","[0.5766795099816614, 0.8102519980877789]",0.6287075115851882,0.3952731351236396,0.8206680563388423,logit index,ok,,full pairwise interaction vector at1000/5000 vs200,1.0,1.0
C/saturated/top75/logit/restricted-cash,C,saturated,top75,logit,restricted-cash,5171,2,,,,,"[0.1929930235431702, 0.7474630846665016]","[-0.3035958083607312, 0.19359086015150595]","[0.6895818554470716, 1.3013353091814972]",2.656303058434788,7.055945938250009,0.029364378081804875,logit index,ok,,full pairwise interaction vector at1000/5000 vs200,0.7496500699860028,1.0
C/saturated/top75/probit/omnibus,C,saturated,top75,probit,omnibus,5171,4,,,,,"[0.0865576830134471, 0.4101784971534795, 0.13612235984745058, 0.35505723320352006]","[-0.19703179569256377, 0.11176820139475047, -0.16995720294485916, 0.031351272872331304]","[0.37014716171945794, 0.7085887929122086, 0.4422019226397603, 0.6787631935347088]",2.9375566247997424,8.629238923904854,0.07106516189128981,probit index,ok,,full pairwise interaction vector at1000/5000 vs200,0.5432913417316537,1.0
C/saturated/top75/probit/cash-food,C,saturated,top75,probit,cash-food,5171,2,,,,,"[-0.0865576830134471, -0.4101784971534795]","[-0.37014716171945794, -0.7085887929122086]","[0.19703179569256377, -0.11176820139475047]",2.758859820967025,7.611307511746206,0.02224464984089709,probit index,ok,,full pairwise interaction vector at1000/5000 vs200,0.6802639472105579,1.0
C/saturated/top75/probit/cash-medical,C,saturated,top75,probit,cash-medical,5171,2,,,,,"[-0.13612235984745058, -0.35505723320352006]","[-0.4422019226397603, -0.6787631935347088]","[0.16995720294485916, -0.031351272872331304]",2.150348661030513,4.623999363995721,0.09906295894897521,probit index,ok,,full pairwise interaction vector at1000/5000 vs200,0.9728054389122176,1.0
C/saturated/top75/probit/food-medical,C,saturated,top75,probit,food-medical,5171,2,,,,,"[-0.04956467683400348, 0.05512126394995942]","[-0.3656029625146354, -0.2635581898676671]","[0.2664736088466284, 0.37380071776758594]",0.620893999308949,0.3855093583778611,0.824684261537356,probit index,ok,,full pairwise interaction vector at1000/5000 vs200,1.0,1.0
C/saturated/top75/probit/restricted-cash,C,saturated,top75,probit,restricted-cash,5171,2,,,,,"[0.11134002143044884, 0.38261786517849977]","[-0.13782618031439264, 0.11517071504786286]","[0.36050622317529035, 0.6500650153091367]",2.8205082583992604,7.9552668356984295,0.018729912806001763,probit index,ok,,full pairwise interaction vector at1000/5000 vs200,0.6334733053389322,1.0
C/endpoint/ordinal/OLS_HC3/omnibus,C,endpoint,ordinal,OLS_HC3,omnibus,3454,2,,,,,"[0.12556944303552176, 0.352846649169967]","[-0.13271154576513433, 0.1024237925278535]","[0.38385043183617784, 0.6032695058120805]",2.814352129630417,7.920577909555264,0.019057606709419944,response units,ok,,5000-minus200 response/link difference-in-differences,0.6374725054989002,1.0
C/endpoint/ordinal/OLS_HC3/cash-food,C,endpoint,ordinal,OLS_HC3,cash-food,3454,1,-0.12556944303552176,0.1317760146942123,-0.38385043183617784,0.13271154576513433,[-0.12556944303552176],[-0.38385043183617784],[0.13271154576513433],0.9529005967201774,0.90801954722967,0.34064043772387215,response units,ok,,5000-minus200 response/link difference-in-differences,1.0,1.0
C/endpoint/ordinal/OLS_HC3/cash-medical,C,endpoint,ordinal,OLS_HC3,cash-medical,3454,1,-0.352846649169967,0.12776676359291506,-0.6032695058120805,-0.1024237925278535,[-0.352846649169967],[-0.6032695058120805],[-0.1024237925278535],2.7616466070486982,7.626691982223587,0.005751068997107064,response units,ok,,5000-minus200 response/link difference-in-differences,0.6786642671465707,1.0
C/endpoint/ordinal/OLS_HC3/food-medical,C,endpoint,ordinal,OLS_HC3,food-medical,3454,1,-0.22727720613444524,0.12805600882560697,-0.4782669834326349,0.023712571163744423,[-0.22727720613444524],[-0.4782669834326349],[0.023712571163744423],1.7748265639292462,3.150009332028895,0.07592652875666195,response units,ok,,5000-minus200 response/link difference-in-differences,0.999000199960008,1.0
C/endpoint/ordinal/OLS_HC3/restricted-cash,C,endpoint,ordinal,OLS_HC3,restricted-cash,3454,1,0.23920804610274438,0.11289396181710767,0.017935880941213345,0.4604802112642754,[0.23920804610274438],[0.017935880941213345],[0.4604802112642754],2.118873695745306,4.489625738521371,0.034101142496223896,response units,ok,,5000-minus200 response/link difference-in-differences,0.9778044391121775,1.0
C/endpoint/ordinal/ordered_logit/omnibus,C,endpoint,ordinal,ordered_logit,omnibus,3454,2,,,,,"[0.08639803577754457, 0.3728290925830136]","[-0.20427227414150517, 0.08142624788529601]","[0.3770683456965943, 0.6642319372807313]",2.6142914586346877,6.834519830690283,0.03280219269578635,latent location index,ok,,5000-minus200 response/link difference-in-differences,0.7786442711457708,1.0
C/endpoint/ordinal/ordered_logit/cash-food,C,endpoint,ordinal,ordered_logit,cash-food,3454,1,-0.08639803577754457,0.14830117853012742,-0.3770683456965943,0.20427227414150517,[-0.08639803577754457],[-0.3770683456965943],[0.20427227414150517],0.582584957408095,0.3394052325981919,0.5601727342582129,latent location index,ok,,5000-minus200 response/link difference-in-differences,1.0,1.0
C/endpoint/ordinal/ordered_logit/cash-medical,C,endpoint,ordinal,ordered_logit,cash-medical,3454,1,-0.3728290925830136,0.14867492076414163,-0.6642319372807313,-0.08142624788529601,[-0.3728290925830136],[-0.6642319372807313],[-0.08142624788529601],2.5076797799305433,6.288457878672498,0.012152674323159304,latent location index,ok,,5000-minus200 response/link difference-in-differences,0.8448310337932413,1.0
C/endpoint/ordinal/ordered_logit/food-medical,C,endpoint,ordinal,ordered_logit,food-medical,3454,1,-0.28643105680546904,0.15006700897145725,-0.5805623943895253,0.007700280778587143,[-0.28643105680546904],[-0.5805623943895253],[0.007700280778587143],1.9086877173646357,3.6430888024186237,0.05630238857996034,latent location index,ok,,5000-minus200 response/link difference-in-differences,0.9956008798240352,1.0
C/endpoint/ordinal/ordered_logit/restricted-cash,C,endpoint,ordinal,ordered_logit,restricted-cash,3454,1,0.2296135641802791,0.12813551035296344,-0.021532036111529235,0.48075916447208744,[0.2296135641802791],[-0.021532036111529235],[0.48075916447208744],1.791958868761541,3.211116587333142,0.0731395548773202,latent location index,ok,,5000-minus200 response/link difference-in-differences,0.9988002399520096,1.0
C/endpoint/ordinal/ordered_probit/omnibus,C,endpoint,ordinal,ordered_probit,omnibus,3454,2,,,,,"[0.07812676819353441, 0.22765086087753938]","[-0.09483426543656336, 0.05522610997286173]","[0.25108780182363216, 0.40007561178221707]",2.624089222154985,6.885844245829955,0.03197112513986163,latent location index,ok,,5000-minus200 response/link difference-in-differences,0.7732453509298141,1.0
C/endpoint/ordinal/ordered_probit/cash-food,C,endpoint,ordinal,ordered_probit,cash-food,3454,1,-0.07812676819353441,0.08824542532147846,-0.25108780182363216,0.09483426543656336,[-0.07812676819353441],[-0.25108780182363216],[0.09483426543656336],0.8853350517482155,0.7838181538540153,0.37597595039408904,latent location index,ok,,5000-minus200 response/link difference-in-differences,1.0,1.0
C/endpoint/ordinal/ordered_probit/cash-medical,C,endpoint,ordinal,ordered_probit,cash-medical,3454,1,-0.22765086087753938,0.08797181168606003,-0.40007561178221707,-0.05522610997286173,[-0.22765086087753938],[-0.40007561178221707],[-0.05522610997286173],2.5877705200609484,6.696556264496511,0.009659931120564064,latent location index,ok,,5000-minus200 response/link difference-in-differences,0.7958408318336333,1.0
C/endpoint/ordinal/ordered_probit/food-medical,C,endpoint,ordinal,ordered_probit,food-medical,3454,1,-0.14952409268400496,0.08909064653621947,-0.3241417598949951,0.025093574526985185,[-0.14952409268400496],[-0.3241417598949951],[0.025093574526985185],1.6783365987047418,2.8168137385518017,0.09328140711178619,latent location index,ok,,5000-minus200 response/link difference-in-differences,0.9996000799840032,1.0
C/endpoint/ordinal/ordered_probit/restricted-cash,C,endpoint,ordinal,ordered_probit,restricted-cash,3454,1,0.1528888145355369,0.07601882362736036,0.0038919202259106167,0.3018857088451632,[0.1528888145355369],[0.0038919202259106167],[0.3018857088451632],2.0111967962696786,4.044912553325419,0.044304674050946624,latent location index,ok,,5000-minus200 response/link difference-in-differences,0.989002199560088,1.0
C/endpoint/ordinal/ordered_location_scale/omnibus,C,endpoint,ordinal,ordered_location_scale,omnibus,3454,2,,,,,"[0.054938040128861665, 0.19926470606409963]","[-0.10312079687057982, 0.03757292762825465]","[0.21299687712830315, 0.3609564844999446]",2.476728421184329,6.134183672302218,0.04655635167377368,latent location index,ok,,5000-minus200 response/link difference-in-differences,0.8588282343531294,1.0
C/endpoint/ordinal/ordered_location_scale/cash-food,C,endpoint,ordinal,ordered_location_scale,cash-food,3454,1,-0.054938040128861665,0.08064226377522525,-0.21299687712830315,0.10312079687057982,[-0.054938040128861665],[-0.21299687712830315],[0.10312079687057982],0.681256174578517,0.46410997540135474,0.4957094088060545,latent location index,ok,,5000-minus200 response/link difference-in-differences,1.0,1.0
C/endpoint/ordinal/ordered_location_scale/cash-medical,C,endpoint,ordinal,ordered_location_scale,cash-medical,3454,1,-0.19926470606409963,0.08249580532441071,-0.3609564844999446,-0.03757292762825465,[-0.19926470606409963],[-0.3609564844999446],[-0.03757292762825465],2.415452583079842,5.834411181107081,0.015715668568286118,latent location index,ok,,5000-minus200 response/link difference-in-differences,0.887622475504899,1.0
C/endpoint/ordinal/ordered_location_scale/food-medical,C,endpoint,ordinal,ordered_location_scale,food-medical,3454,1,-0.14432666593523796,0.08313617388184565,-0.3072735667436554,0.018620234873179486,[-0.14432666593523796],[-0.3072735667436554],[0.018620234873179486],1.7360272814618236,3.0137907219797295,0.08255901084781758,latent location index,ok,,5000-minus200 response/link difference-in-differences,0.9992001599680064,1.0
C/endpoint/ordinal/ordered_location_scale/restricted-cash,C,endpoint,ordinal,ordered_location_scale,restricted-cash,3454,1,0.12710137309648065,0.07018874873888208,-0.010468574431728217,0.2646713206246895,[0.12710137309648065],[-0.010468574431728217],[0.2646713206246895],1.810851103348862,3.2791817184997907,0.07016390327438991,latent location index,ok,,5000-minus200 response/link difference-in-differences,0.9984003199360127,1.0
C/endpoint/midpoint/OLS_HC3/omnibus,C,endpoint,midpoint,OLS_HC3,omnibus,3454,2,,,,,"[0.03022635834203634, 0.0652054284486662]","[-0.013712045690734732, 0.023671178495118232]","[0.0741647623748074, 0.10673967840221416]",3.095774690868624,9.583820936622725,0.00829659185562364,response units,ok,,5000-minus200 response/link difference-in-differences,0.42071585682863427,1.0
C/endpoint/midpoint/OLS_HC3/cash-food,C,endpoint,midpoint,OLS_HC3,cash-food,3454,1,-0.03022635834203634,0.022417553077944425,-0.0741647623748074,0.013712045690734732,[-0.03022635834203634],[-0.0741647623748074],[0.013712045690734732],1.3483344162023922,1.8180056979158459,0.17755084747686498,response units,ok,,5000-minus200 response/link difference-in-differences,1.0,1.0
C/endpoint/midpoint/OLS_HC3/cash-medical,C,endpoint,midpoint,OLS_HC3,cash-medical,3454,1,-0.0652054284486662,0.021190943853851004,-0.10673967840221416,-0.023671178495118232,[-0.0652054284486662],[-0.10673967840221416],[-0.023671178495118232],3.0770421977601763,9.468188686796775,0.0020906570260148896,response units,ok,,5000-minus200 response/link difference-in-differences,0.4377124575084983,1.0
C/endpoint/midpoint/OLS_HC3/food-medical,C,endpoint,midpoint,OLS_HC3,food-medical,3454,1,-0.03497907010662986,0.02112718801023669,-0.07638835860669377,0.006430218393434058,[-0.03497907010662986],[-0.07638835860669377],[0.006430218393434058],1.6556424872861244,2.7411520457069845,0.0977942406376081,response units,ok,,5000-minus200 response/link difference-in-differences,0.9996000799840032,1.0
C/endpoint/midpoint/OLS_HC3/restricted-cash,C,endpoint,midpoint,OLS_HC3,restricted-cash,3454,1,0.04771589339535127,0.019084335864912576,0.010310595100122617,0.08512119169057991,[0.04771589339535127],[0.010310595100122617],[0.08512119169057991],2.5002648105286767,6.251324122768,0.012410050366855094,response units,ok,,5000-minus200 response/link difference-in-differences,0.8490301939612077,1.0
C/endpoint/any_spending/OLS_HC3/omnibus,C,endpoint,any_spending,OLS_HC3,omnibus,3454,2,,,,,"[0.004893918771492988, 0.03849634039497721]","[-0.06923968436102475, -0.036905636006619086]","[0.07902752190401073, 0.1138983167965735]",1.0747712931442999,1.1551333325670705,0.561262445094626,response units,ok,,5000-minus200 response/link difference-in-differences,1.0,1.0
C/endpoint/any_spending/OLS_HC3/cash-food,C,endpoint,any_spending,OLS_HC3,cash-food,3454,1,-0.004893918771492988,0.03782326690434579,-0.07902752190401073,0.06923968436102475,[-0.004893918771492988],[-0.07902752190401073],[0.06923968436102475],0.1293891081346728,0.01674154130388605,0.8970497656842359,response units,ok,,5000-minus200 response/link difference-in-differences,1.0,1.0
C/endpoint/any_spending/OLS_HC3/cash-medical,C,endpoint,any_spending,OLS_HC3,cash-medical,3454,1,-0.03849634039497721,0.03847039612326342,-0.1138983167965735,0.036905636006619086,[-0.03849634039497721],[-0.1138983167965735],[0.036905636006619086],1.0006743957517532,1.0013492463131364,0.3169842498561899,response units,ok,,5000-minus200 response/link difference-in-differences,1.0,1.0
C/endpoint/any_spending/OLS_HC3/food-medical,C,endpoint,any_spending,OLS_HC3,food-medical,3454,1,-0.033602421623484216,0.03911866833613273,-0.11027501156230436,0.04307016831533593,[-0.033602421623484216],[-0.11027501156230436],[0.04307016831533593],0.8589868482932655,0.7378584055407976,0.3903477719811449,response units,ok,,5000-minus200 response/link difference-in-differences,1.0,1.0
C/endpoint/any_spending/OLS_HC3/restricted-cash,C,endpoint,any_spending,OLS_HC3,restricted-cash,3454,1,0.0216951295832351,0.03275237236447159,-0.04249952025112921,0.0858897794175994,[0.0216951295832351],[-0.04249952025112921],[0.0858897794175994],0.6623987215890681,0.4387720663628317,0.5077157228044985,response units,ok,,5000-minus200 response/link difference-in-differences,1.0,1.0
C/endpoint/any_spending/logit/omnibus,C,endpoint,any_spending,logit,omnibus,3454,2,,,,,"[0.02076213591560973, 0.16079979972063047]","[-0.3445752866007382, -0.19408842427100076]","[0.38609955843195765, 0.5156880237122616]",0.9863241996773268,0.9728354268691192,0.6148249330329145,logit index,ok,,5000-minus200 response/link difference-in-differences,1.0,1.0
C/endpoint/any_spending/logit/cash-food,C,endpoint,any_spending,logit,cash-food,3454,1,-0.02076213591560973,0.18639664414099386,-0.38609955843195765,0.3445752866007382,[-0.02076213591560973],[-0.38609955843195765],[0.3445752866007382],0.11138685468985628,0.012407031397699157,0.9113095836304372,logit index,ok,,5000-minus200 response/link difference-in-differences,1.0,1.0
C/endpoint/any_spending/logit/cash-medical,C,endpoint,any_spending,logit,cash-medical,3454,1,-0.16079979972063047,0.18106542040389348,-0.5156880237122616,0.19408842427100076,[-0.16079979972063047],[-0.5156880237122616],[0.19408842427100076],0.8880756986173423,0.7886784464746806,0.3745000336097296,logit index,ok,,5000-minus200 response/link difference-in-differences,1.0,1.0
C/endpoint/any_spending/logit/food-medical,C,endpoint,any_spending,logit,food-medical,3454,1,-0.14003766380502072,0.1774386779567816,-0.4878174726003126,0.2077421449902712,[-0.14003766380502072],[-0.4878174726003126],[0.2077421449902712],0.7892172406690803,0.622863852969317,0.42998504701816276,logit index,ok,,5000-minus200 response/link difference-in-differences,1.0,1.0
C/endpoint/any_spending/logit/restricted-cash,C,endpoint,any_spending,logit,restricted-cash,3454,1,0.0907809678181201,0.1609132579925249,-0.2246090178472287,0.40617095348346893,[0.0907809678181201],[-0.2246090178472287],[0.40617095348346893],0.5641608960669807,0.3182775166510986,0.5726446376904128,logit index,ok,,5000-minus200 response/link difference-in-differences,1.0,1.0
C/endpoint/any_spending/probit/omnibus,C,endpoint,any_spending,probit,omnibus,3454,2,,,,,"[0.012866340581451717, 0.09988114525315288]","[-0.20613972838926503, -0.11471691277203365]","[0.23187240955216848, 0.3144792032783394]",1.005505655088199,1.011041622414348,0.6031913447942865,probit index,ok,,5000-minus200 response/link difference-in-differences,1.0,1.0
C/endpoint/any_spending/probit/cash-food,C,endpoint,any_spending,probit,cash-food,3454,1,-0.012866340581451717,0.11173779029118203,-0.23187240955216848,0.20613972838926503,[-0.012866340581451717],[-0.23187240955216848],[0.20613972838926503],0.11514761969001534,0.01325897432027641,0.9083281158402593,probit index,ok,,5000-minus200 response/link difference-in-differences,1.0,1.0
C/endpoint/any_spending/probit/cash-medical,C,endpoint,any_spending,probit,cash-medical,3454,1,-0.09988114525315288,0.10948880511489109,-0.3144792032783394,0.11471691277203365,[-0.09988114525315288],[-0.3144792032783394],[0.11471691277203365],0.912249842788434,0.8321997756675226,0.36163721128275594,probit index,ok,,5000-minus200 response/link difference-in-differences,1.0,1.0
C/endpoint/any_spending/probit/food-medical,C,endpoint,any_spending,probit,food-medical,3454,1,-0.08701480467170117,0.108202937117589,-0.29909256142217555,0.12506295207877324,[-0.08701480467170117],[-0.29909256142217555],[0.12506295207877324],0.8041815406280356,0.6467079502868809,0.42129213797042986,probit index,ok,,5000-minus200 response/link difference-in-differences,1.0,1.0
C/endpoint/any_spending/probit/restricted-cash,C,endpoint,any_spending,probit,restricted-cash,3454,1,0.056373742917302294,0.09648625400596272,-0.13273931493438465,0.24548680076898924,[0.056373742917302294],[-0.13273931493438465],[0.24548680076898924],0.5842670906657695,0.34136803323504256,0.5590406296439174,probit index,ok,,5000-minus200 response/link difference-in-differences,1.0,1.0
C/endpoint/ge10/OLS_HC3/omnibus,C,endpoint,ge10,OLS_HC3,omnibus,3454,2,,,,,"[-0.0005158917442436762, 0.09044990720504491]","[-0.0826440369061068, 0.009145842479342511]","[0.08161225341761946, 0.17175397193074732]",2.531761764722608,6.4098176333113335,0.040562600102782446,response units,ok,,5000-minus200 response/link difference-in-differences,0.8292341531693661,1.0
C/endpoint/ge10/OLS_HC3/cash-food,C,endpoint,ge10,OLS_HC3,cash-food,3454,1,0.0005158917442436762,0.0419021148785016,-0.08161225341761946,0.0826440369061068,[0.0005158917442436762],[-0.08161225341761946],[0.0826440369061068],0.012311830697317878,0.00015158117511941883,0.9901768285399971,response units,ok,,5000-minus200 response/link difference-in-differences,1.0,1.0
C/endpoint/ge10/OLS_HC3/cash-medical,C,endpoint,ge10,OLS_HC3,cash-medical,3454,1,-0.09044990720504491,0.04148166567637877,-0.17175397193074732,-0.009145842479342511,[-0.09044990720504491],[-0.17175397193074732],[-0.009145842479342511],2.1804791521800073,4.754489333091644,0.029221962548352853,response units,ok,,5000-minus200 response/link difference-in-differences,0.968006398720256,1.0
C/endpoint/ge10/OLS_HC3/food-medical,C,endpoint,ge10,OLS_HC3,food-medical,3454,1,-0.09096579894928858,0.04152690232089536,-0.17235852749824349,-0.009573070400333672,[-0.09096579894928858],[-0.17235852749824349],[-0.009573070400333672],2.1905269563898275,4.798408346670481,0.02848604201935136,response units,ok,,5000-minus200 response/link difference-in-differences,0.9650069986002799,1.0
C/endpoint/ge10/OLS_HC3/restricted-cash,C,endpoint,ge10,OLS_HC3,restricted-cash,3454,1,0.04496700773040062,0.03615434974102987,-0.025895517762017928,0.11582953322281916,[0.04496700773040062],[-0.025895517762017928],[0.11582953322281916],1.2437509747096813,1.5469164870912824,0.21359122878755935,response units,ok,,5000-minus200 response/link difference-in-differences,1.0,1.0
C/endpoint/ge10/logit/omnibus,C,endpoint,ge10,logit,omnibus,3454,2,,,,,"[-0.0013657369885164859, 0.364637933478342]","[-0.3309103836316583, 0.036710314554254775]","[0.3281789096546253, 0.6925655524024292]",2.5292901896531674,6.397308863475756,0.040817089223974874,logit index,ok,,5000-minus200 response/link difference-in-differences,0.8304339132173565,1.0
C/endpoint/ge10/logit/cash-food,C,endpoint,ge10,logit,cash-food,3454,1,0.0013657369885164859,0.16813502379752135,-0.3281789096546253,0.3309103836316583,[0.0013657369885164859],[-0.3281789096546253],[0.3309103836316583],0.0081228583888696,6.598082840562924e-05,0.9935189679726549,logit index,ok,,5000-minus200 response/link difference-in-differences,1.0,1.0
C/endpoint/ge10/logit/cash-medical,C,endpoint,ge10,logit,cash-medical,3454,1,-0.364637933478342,0.16731000965514656,-0.6925655524024292,-0.036710314554254775,[-0.364637933478342],[-0.6925655524024292],[-0.036710314554254775],2.1794149329733514,4.749849450067238,0.029300857791798682,logit index,ok,,5000-minus200 response/link difference-in-differences,0.968006398720256,1.0
C/endpoint/ge10/logit/food-medical,C,endpoint,ge10,logit,food-medical,3454,1,-0.3660036704668585,0.16693420331973685,-0.6931947089735427,-0.03881263196017426,[-0.3660036704668585],[-0.6931947089735427],[-0.03881263196017426],2.19250257399818,4.807067536988644,0.028343237439055168,logit index,ok,,5000-minus200 response/link difference-in-differences,0.9644071185762847,1.0
C/endpoint/ge10/logit/restricted-cash,C,endpoint,ge10,logit,restricted-cash,3454,1,0.18163609824491275,0.1454793996399502,-0.10350352504938967,0.4667757215392152,[0.18163609824491275],[-0.10350352504938967],[0.4667757215392152],1.2485348351343728,1.5588392345440154,0.21183525960443322,logit index,ok,,5000-minus200 response/link difference-in-differences,1.0,1.0
C/endpoint/ge10/probit/omnibus,C,endpoint,ge10,probit,omnibus,3454,2,,,,,"[-0.0009501007838710337, 0.22811979450805694]","[-0.20728262285098675, 0.023027314986208247]","[0.2053824212832447, 0.43321227402990564]",2.5303109365605905,6.402473435678132,0.04071182379300477,probit index,ok,,5000-minus200 response/link difference-in-differences,0.8302339532093581,1.0
C/endpoint/ge10/probit/cash-food,C,endpoint,ge10,probit,cash-food,3454,1,0.0009501007838710337,0.1052716949322019,-0.2053824212832447,0.20728262285098675,[0.0009501007838710337],[-0.2053824212832447],[0.20728262285098675],0.009025225484237969,8.145469504133847e-05,0.992799009687573,probit index,ok,,5000-minus200 response/link difference-in-differences,1.0,1.0
C/endpoint/ge10/probit/cash-medical,C,endpoint,ge10,probit,cash-medical,3454,1,-0.22811979450805694,0.10463902016420852,-0.43321227402990564,-0.023027314986208247,[-0.22811979450805694],[-0.43321227402990564],[-0.023027314986208247],2.1800643216084383,4.752680446350061,0.02925269399424468,probit index,ok,,5000-minus200 response/link difference-in-differences,0.968006398720256,1.0
C/endpoint/ge10/probit/food-medical,C,endpoint,ge10,probit,food-medical,3454,1,-0.22906989529192798,0.10447856984131802,-0.4338478921809113,-0.024291898402944656,[-0.22906989529192798],[-0.4338478921809113],[-0.024291898402944656],2.192506038700943,4.8070827297401015,0.02834298754096234,probit index,ok,,5000-minus200 response/link difference-in-differences,0.9644071185762847,1.0
C/endpoint/ge10/probit/restricted-cash,C,endpoint,ge10,probit,restricted-cash,3454,1,0.11358484686209296,0.09103177609159517,-0.06483743427743359,0.2920071280016195,[0.11358484686209296],[-0.06483743427743359],[0.2920071280016195],1.2477494314491364,1.556878643681643,0.21212283270867982,probit index,ok,,5000-minus200 response/link difference-in-differences,1.0,1.0
C/endpoint/ge25/OLS_HC3/omnibus,C,endpoint,ge25,OLS_HC3,omnibus,3454,2,,,,,"[0.005034102611516756, 0.08001454728399056]","[-0.06988412713317801, 0.006917807850585933]","[0.07995233235621152, 0.15311128671739518]",2.448351768291523,5.994426381296227,0.04992600894612469,response units,ok,,5000-minus200 response/link difference-in-differences,0.8722255548890222,1.0
C/endpoint/ge25/OLS_HC3/cash-food,C,endpoint,ge25,OLS_HC3,cash-food,3454,1,-0.005034102611516756,0.03822358660443611,-0.07995233235621152,0.06988412713317801,[-0.005034102611516756],[-0.07995233235621152],[0.06988412713317801],0.13170147175389643,0.01734527766214238,0.8952204213685857,response units,ok,,5000-minus200 response/link difference-in-differences,1.0,1.0
C/endpoint/ge25/OLS_HC3/cash-medical,C,endpoint,ge25,OLS_HC3,cash-medical,3454,1,-0.08001454728399056,0.037294254812961544,-0.15311128671739518,-0.006917807850585933,[-0.08001454728399056],[-0.15311128671739518],[-0.006917807850585933],2.1454925882091005,4.603138446060185,0.03191348339467009,response units,ok,,5000-minus200 response/link difference-in-differences,0.973005398920216,1.0
C/endpoint/ge25/OLS_HC3/food-medical,C,endpoint,ge25,OLS_HC3,food-medical,3454,1,-0.0749804446724738,0.03668747678047222,-0.14688789916219935,-0.0030729901827482586,[-0.0749804446724738],[-0.14688789916219935],[-0.0030729901827482586],2.0437612845695603,4.1769601883054195,0.04097713558942344,response units,ok,,5000-minus200 response/link difference-in-differences,0.9862027594481104,1.0
C/endpoint/ge25/OLS_HC3/restricted-cash,C,endpoint,ge25,OLS_HC3,restricted-cash,3454,1,0.042524324947753656,0.033006957893011654,-0.02216931252254918,0.10721796241805649,[0.042524324947753656],[-0.02216931252254918],[0.10721796241805649],1.2883442662480886,1.6598309483743259,0.1976261504135012,response units,ok,,5000-minus200 response/link difference-in-differences,1.0,1.0
C/endpoint/ge25/logit/omnibus,C,endpoint,ge25,logit,omnibus,3454,2,,,,,"[0.002635097711402713, 0.37627622746936384]","[-0.35969612868651135, 0.010354737732750974]","[0.36496632410931673, 0.7421977172059767]",2.2905869897812705,5.246788757755223,0.07255616126378352,logit index,ok,,5000-minus200 response/link difference-in-differences,0.935612877424515,1.0
C/endpoint/ge25/logit/cash-food,C,endpoint,ge25,logit,cash-food,3454,1,-0.002635097711402713,0.18486287061118065,-0.36496632410931673,0.35969612868651135,[-0.002635097711402713],[-0.36496632410931673],[0.35969612868651135],0.01425433729710427,0.00020318613177961787,0.988627069484428,logit index,ok,,5000-minus200 response/link difference-in-differences,1.0,1.0
C/endpoint/ge25/logit/cash-medical,C,endpoint,ge25,logit,cash-medical,3454,1,-0.37627622746936384,0.18669463762072086,-0.7421977172059767,-0.010354737732750974,[-0.37627622746936384],[-0.7421977172059767],[-0.010354737732750974],2.0154634983881383,4.062093113334953,0.043856106945315596,logit index,ok,,5000-minus200 response/link difference-in-differences,0.9888022395520896,1.0
C/endpoint/ge25/logit/food-medical,C,endpoint,ge25,logit,food-medical,3454,1,-0.37364112975796115,0.18934698249601759,-0.7447612154501556,-0.0025210440657666977,[-0.37364112975796115],[-0.7447612154501556],[-0.0025210440657666977],1.9733144137420817,3.8939697754822555,0.048459751744902434,logit index,ok,,5000-minus200 response/link difference-in-differences,0.9918016396720656,1.0
C/endpoint/ge25/logit/restricted-cash,C,endpoint,ge25,logit,restricted-cash,3454,1,0.18945566259038327,0.159848410622009,-0.12384722222875438,0.5027585474095209,[0.18945566259038327],[-0.12384722222875438],[0.5027585474095209],1.1852208092227208,1.404748366614561,0.2359301544208598,logit index,ok,,5000-minus200 response/link difference-in-differences,1.0,1.0
C/endpoint/ge25/probit/omnibus,C,endpoint,ge25,probit,omnibus,3454,2,,,,,"[0.004295865554753128, 0.22782189518703913]","[-0.21361079856851212, 0.009333579147611015]","[0.22220252967801835, 0.44631021122646725]",2.32368665321108,5.3995196623113095,0.06722165534847636,probit index,ok,,5000-minus200 response/link difference-in-differences,0.9234153169366127,1.0
C/endpoint/ge25/probit/cash-food,C,endpoint,ge25,probit,cash-food,3454,1,-0.004295865554753128,0.11117686945064553,-0.22220252967801835,0.21361079856851212,[-0.004295865554753128],[-0.22220252967801835],[0.21361079856851212],0.03863992191883205,0.0014930435658934377,0.9691774729570668,probit index,ok,,5000-minus200 response/link difference-in-differences,1.0,1.0
C/endpoint/ge25/probit/cash-medical,C,endpoint,ge25,probit,cash-medical,3454,1,-0.22782189518703913,0.11147363063236128,-0.44631021122646725,-0.009333579147611015,[-0.22782189518703913],[-0.44631021122646725],[-0.009333579147611015],2.0437290316522754,4.176828354818348,0.04098032351370469,probit index,ok,,5000-minus200 response/link difference-in-differences,0.9862027594481104,1.0
C/endpoint/ge25/probit/food-medical,C,endpoint,ge25,probit,food-medical,3454,1,-0.22352602963228602,0.11238683456082524,-0.4438042253715035,-0.0032478338930685413,[-0.22352602963228602],[-0.4438042253715035],[-0.0032478338930685413],1.9888987042455653,3.9557180557496885,0.046712384832835435,probit index,ok,,5000-minus200 response/link difference-in-differences,0.9912017596480703,1.0
C/endpoint/ge25/probit/restricted-cash,C,endpoint,ge25,probit,restricted-cash,3454,1,0.11605888037089612,0.09610220168108752,-0.0723014349240354,0.30441919566582765,[0.11605888037089612],[-0.0723014349240354],[0.30441919566582765],1.207660993616299,1.4584450755023064,0.2271776876057291,probit index,ok,,5000-minus200 response/link difference-in-differences,1.0,1.0
C/endpoint/ge50/OLS_HC3/omnibus,C,endpoint,ge50,OLS_HC3,omnibus,3454,2,,,,,"[0.04956122632682277, 0.07654221592240576]","[-0.008852241153730303, 0.021147159143729916]","[0.10797469380737584, 0.1319372727010816]",2.721306759720458,7.405510480500258,0.024655500971413283,response units,ok,,5000-minus200 response/link difference-in-differences,0.7070585882823436,1.0
C/endpoint/ge50/OLS_HC3/cash-food,C,endpoint,ge50,OLS_HC3,cash-food,3454,1,-0.04956122632682277,0.029802789530894425,-0.10797469380737584,0.008852241153730303,[-0.04956122632682277],[-0.10797469380737584],[0.008852241153730303],1.6629727319802123,2.7654783073097313,0.09631789392472247,response units,ok,,5000-minus200 response/link difference-in-differences,0.9996000799840032,1.0
C/endpoint/ge50/OLS_HC3/cash-medical,C,endpoint,ge50,OLS_HC3,cash-medical,3454,1,-0.07654221592240576,0.028262784070752982,-0.1319372727010816,-0.021147159143729916,[-0.07654221592240576],[-0.1319372727010816],[-0.021147159143729916],2.708233404422939,7.334528172832262,0.0067642432612197,response units,ok,,5000-minus200 response/link difference-in-differences,0.7136572685462907,1.0
C/endpoint/ge50/OLS_HC3/food-medical,C,endpoint,ge50,OLS_HC3,food-medical,3454,1,-0.02698098959558299,0.02816076140005149,-0.08217608193968391,0.028214102748517933,[-0.02698098959558299],[-0.08217608193968391],[0.028214102748517933],0.9581058271930692,0.9179667761013155,0.3380093973817697,response units,ok,,5000-minus200 response/link difference-in-differences,1.0,1.0
C/endpoint/ge50/OLS_HC3/restricted-cash,C,endpoint,ge50,OLS_HC3,restricted-cash,3454,1,0.06305172112461427,0.02540154509018579,0.013264692747850117,0.11283874950137843,[0.06305172112461427],[0.013264692747850117],[0.11283874950137843],2.48220023233843,6.161317993420956,0.013057387992141487,response units,ok,,5000-minus200 response/link difference-in-differences,0.856628674265147,1.0
C/endpoint/ge50/logit/omnibus,C,endpoint,ge50,logit,omnibus,3454,2,,,,,"[0.388492524689848, 0.6081972939248318]","[-0.0802430007010429, 0.1196735742743999]","[0.857228050080739, 1.0967210135752636]",2.490935732333418,6.2047608226154205,0.04494209429401857,logit index,ok,,5000-minus200 response/link difference-in-differences,0.8538292341531694,1.0
C/endpoint/ge50/logit/cash-food,C,endpoint,ge50,logit,cash-food,3454,1,-0.388492524689848,0.23915077826065864,-0.857228050080739,0.0802430007010429,[-0.388492524689848],[-0.857228050080739],[0.0802430007010429],1.62446690541988,2.6388927268044413,0.10427619798617249,logit index,ok,,5000-minus200 response/link difference-in-differences,0.9996000799840032,1.0
C/endpoint/ge50/logit/cash-medical,C,endpoint,ge50,logit,cash-medical,3454,1,-0.6081972939248318,0.2492467957400163,-1.0967210135752636,-0.1196735742743999,[-0.6081972939248318],[-1.0967210135752636],[-0.1196735742743999],2.4401408737034624,5.954287483518297,0.014681535433441988,logit index,ok,,5000-minus200 response/link difference-in-differences,0.877624475104979,1.0
C/endpoint/ge50/logit/food-medical,C,endpoint,ge50,logit,food-medical,3454,1,-0.21970476923498378,0.2476170948719037,-0.705034275183915,0.2656247367139475,[-0.21970476923498378],[-0.705034275183915],[0.2656247367139475],0.8872762575162292,0.7872591571520059,0.37493018498428965,logit index,ok,,5000-minus200 response/link difference-in-differences,1.0,1.0
C/endpoint/ge50/logit/restricted-cash,C,endpoint,ge50,logit,restricted-cash,3454,1,0.4983449093073399,0.21054684406675805,0.08567309493649411,0.9110167236781856,[0.4983449093073399],[0.08567309493649411],[0.9110167236781856],2.36690752367359,5.602251225622647,0.017937414170595627,logit index,ok,,5000-minus200 response/link difference-in-differences,0.9072185562887423,1.0
C/endpoint/ge50/probit/omnibus,C,endpoint,ge50,probit,omnibus,3454,2,,,,,"[0.21221282400008754, 0.3314684825713535]","[-0.04215252569432862, 0.07121196088135362]","[0.4665781736945037, 0.5917250042613533]",2.5394819299767537,6.448968472678458,0.03977629145233359,probit index,ok,,5000-minus200 response/link difference-in-differences,0.8238352329534093,1.0
C/endpoint/ge50/probit/cash-food,C,endpoint,ge50,probit,cash-food,3454,1,-0.21221282400008754,0.12977823964000823,-0.4665781736945037,0.04215252569432862,[-0.21221282400008754],[-0.4665781736945037],[0.04215252569432862],1.6351957353462687,2.6738650928946246,0.10200802188536238,probit index,ok,,5000-minus200 response/link difference-in-differences,0.9996000799840032,1.0
C/endpoint/ge50/probit/cash-medical,C,endpoint,ge50,probit,cash-medical,3454,1,-0.3314684825713535,0.13278393963775503,-0.5917250042613533,-0.07121196088135362,[-0.3314684825713535],[-0.5917250042613533],[-0.07121196088135362],2.4962995033557926,6.231511210454377,0.012549659109615188,probit index,ok,,5000-minus200 response/link difference-in-differences,0.851629674065187,1.0
C/endpoint/ge50/probit/food-medical,C,endpoint,ge50,probit,food-medical,3454,1,-0.11925565857126594,0.1322921029936619,-0.3785481804388433,0.1400368632963114,[-0.11925565857126594],[-0.3785481804388433],[0.1400368632963114],0.9014571230829966,0.8126249447570729,0.36734532128493513,probit index,ok,,5000-minus200 response/link difference-in-differences,1.0,1.0
C/endpoint/ge50/probit/restricted-cash,C,endpoint,ge50,probit,restricted-cash,3454,1,0.2718406532857205,0.11340935995882251,0.04955830776642839,0.4941229988050126,[0.2718406532857205],[0.04955830776642839],[0.4941229988050126],2.396986045811583,5.745542103815448,0.01653055323208732,probit index,ok,,5000-minus200 response/link difference-in-differences,0.8964207158568286,1.0
C/endpoint/top75/OLS_HC3/omnibus,C,endpoint,top75,OLS_HC3,omnibus,3454,2,,,,,"[0.06659608706993346, 0.06734363836354978]","[0.019588821957802934, 0.0252950670035351]","[0.113603352182064, 0.10939220972356448]",3.359158165943987,11.283943583828169,0.003545869791199951,response units,ok,,5000-minus200 response/link difference-in-differences,0.252749450109978,1.0
C/endpoint/top75/OLS_HC3/cash-food,C,endpoint,top75,OLS_HC3,cash-food,3454,1,-0.06659608706993346,0.023983298526597207,-0.113603352182064,-0.019588821957802934,[-0.06659608706993346],[-0.113603352182064],[-0.019588821957802934],2.7767693003562104,7.7104477474007185,0.0054902132380586196,response units,ok,,5000-minus200 response/link difference-in-differences,0.667866426714657,1.0
C/endpoint/top75/OLS_HC3/cash-medical,C,endpoint,top75,OLS_HC3,cash-medical,3454,1,-0.06734363836354978,0.02145335273470137,-0.10939220972356448,-0.0252950670035351,[-0.06734363836354978],[-0.10939220972356448],[-0.0252950670035351],3.1390729083860003,9.853778724162943,0.0016948327368900178,response units,ok,,5000-minus200 response/link difference-in-differences,0.39272145570885825,1.0
C/endpoint/top75/OLS_HC3/food-medical,C,endpoint,top75,OLS_HC3,food-medical,3454,1,-0.0007475512936163248,0.021135409285237085,-0.04217295349268101,0.040677850905448364,[-0.0007475512936163248],[-0.04217295349268101],[0.040677850905448364],0.03536961520487249,0.001251009679740747,0.9717850130994002,response units,ok,,5000-minus200 response/link difference-in-differences,1.0,1.0
C/endpoint/top75/OLS_HC3/restricted-cash,C,endpoint,top75,OLS_HC3,restricted-cash,3454,1,0.06696986271674163,0.020150585462315428,0.027474715210603393,0.10646501022287987,[0.06696986271674163],[0.027474715210603393],[0.10646501022287987],3.3234698238413554,11.04545166998409,0.0008890504095736893,response units,ok,,5000-minus200 response/link difference-in-differences,0.27194561087782443,1.0
C/endpoint/top75/logit/omnibus,C,endpoint,top75,logit,omnibus,3454,2,,,,,"[0.8176726582645154, 0.6772547518555057]","[0.21303538394029575, -0.009985002259647713]","[1.422309932588735, 1.364494505970659]",2.763286127978309,7.635750225077357,0.021974444542137206,logit index,ok,,5000-minus200 response/link difference-in-differences,0.6772645470905819,1.0
C/endpoint/top75/logit/cash-food,C,endpoint,top75,logit,cash-food,3454,1,-0.8176726582645154,0.308488405267459,-1.422309932588735,-0.21303538394029575,[-0.8176726582645154],[-1.422309932588735],[-0.21303538394029575],2.650578252870134,7.025565074588092,0.008035411058190512,logit index,ok,,5000-minus200 response/link difference-in-differences,0.7534493101379725,1.0
C/endpoint/top75/logit/cash-medical,C,endpoint,top75,logit,cash-medical,3454,1,-0.6772547518555057,0.35063252760977215,-1.364494505970659,0.009985002259647713,[-0.6772547518555057],[-1.364494505970659],[0.009985002259647713],1.9315228865738312,3.730780661358505,0.05341842182459266,logit index,ok,,5000-minus200 response/link difference-in-differences,0.9938012397520496,1.0
C/endpoint/top75/logit/food-medical,C,endpoint,top75,logit,food-medical,3454,1,0.14041790640900975,0.34175119466619824,-0.5294144351367388,0.8102502479547583,[0.14041790640900975],[-0.5294144351367388],[0.8102502479547583],0.4108775875565304,0.16882039195627432,0.6811622973845497,logit index,ok,,5000-minus200 response/link difference-in-differences,1.0,1.0
C/endpoint/top75/logit/restricted-cash,C,endpoint,top75,logit,restricted-cash,3454,1,0.7474637050600106,0.2825874431698893,0.19359231644702757,1.3013350936729937,[0.7474637050600106],[0.19359231644702757],[1.3013350936729937],2.6450704839373964,6.996397864996813,0.008167390241755388,logit index,ok,,5000-minus200 response/link difference-in-differences,0.7580483903219356,1.0
C/endpoint/top75/probit/omnibus,C,endpoint,top75,probit,omnibus,3454,2,,,,,"[0.4101786242622312, 0.3550576024134191]","[0.11176880256138011, 0.031352174495366314]","[0.7085884459630822, 0.6787630303314719]",2.8676092898028456,8.22318303896358,0.016381682002368874,probit index,ok,,5000-minus200 response/link difference-in-differences,0.5976804639072185,1.0
C/endpoint/top75/probit/cash-food,C,endpoint,top75,probit,cash-food,3454,1,-0.4101786242622312,0.15224990903104646,-0.7085884459630822,-0.11176880256138011,[-0.4101786242622312],[-0.7085884459630822],[-0.11176880256138011],2.6941140843544837,7.258250699517198,0.007057600321833365,probit index,ok,,5000-minus200 response/link difference-in-differences,0.7244551089782043,1.0
C/endpoint/top75/probit/cash-medical,C,endpoint,top75,probit,cash-medical,3454,1,-0.3550576024134191,0.1651558305704351,-0.6787630303314719,-0.031352174495366314,[-0.3550576024134191],[-0.6787630303314719],[-0.031352174495366314],2.149833894371627,4.621785773389076,0.03156835609756162,probit index,ok,,5000-minus200 response/link difference-in-differences,0.973005398920216,1.0
C/endpoint/top75/probit/food-medical,C,endpoint,top75,probit,food-medical,3454,1,0.05512102184881207,0.1625912786999635,-0.2635578844031164,0.37379992810074053,[0.05512102184881207],[-0.2635578844031164],[0.37379992810074053],0.33901585798171374,0.1149317519630775,0.7345977839013904,probit index,ok,,5000-minus200 response/link difference-in-differences,1.0,1.0
C/endpoint/top75/probit/restricted-cash,C,endpoint,top75,probit,restricted-cash,3454,1,0.38261811333782514,0.13645241151538431,0.11517138676767191,0.6500648399079784,[0.38261811333782514],[0.11517138676767191],[0.6500648399079784],2.8040406841376115,7.862644158298925,0.005046653655765828,probit index,ok,,5000-minus200 response/link difference-in-differences,0.645870825834833,1.0
Q1/trend/ordinal/OLS_HC3/omnibus,Q1,trend,ordinal,OLS_HC3,omnibus,2715,2,,,,,"[-0.004554396521069168, 0.08148320208893899]","[-0.19152972135512658, -0.09755405595620444]","[0.18242092831298823, 0.2605204601340824]",1.094487185510065,1.1979021992457437,0.5493875868307656,response units,ok,,per-fivefold amount slope difference,1.0,1.0
Q1/trend/ordinal/OLS_HC3/cash-food,Q1,trend,ordinal,OLS_HC3,cash-food,2715,1,0.004554396521069168,0.09539557389492725,-0.18242092831298823,0.19152972135512658,[0.004554396521069168],[-0.18242092831298823],[0.19152972135512658],0.04774222047330597,0.002279319615721756,0.9619216853766732,response units,ok,,per-fivefold amount slope difference,1.0,1.0
Q1/trend/ordinal/OLS_HC3/cash-medical,Q1,trend,ordinal,OLS_HC3,cash-medical,2715,1,-0.08148320208893899,0.09134553981895073,-0.2605204601340824,0.09755405595620444,[-0.08148320208893899],[-0.2605204601340824],[0.09755405595620444],0.8920326296219919,0.7957222123103258,0.3723754432110661,response units,ok,,per-fivefold amount slope difference,1.0,1.0
Q1/trend/ordinal/OLS_HC3/food-medical,Q1,trend,ordinal,OLS_HC3,food-medical,2715,1,-0.08603759861000815,0.08930455107232418,-0.26107451871176357,0.08899932149174725,[-0.08603759861000815],[-0.26107451871176357],[0.08899932149174725],0.9634178502317282,0.9281739541451247,0.33533787189986464,response units,ok,,per-fivefold amount slope difference,1.0,1.0
Q1/trend/ordinal/OLS_HC3/restricted-cash,Q1,trend,ordinal,OLS_HC3,restricted-cash,2715,1,0.03846440278393491,0.08202643397845405,-0.12230740781383502,0.19923621338170483,[0.03846440278393491],[-0.12230740781383502],[0.19923621338170483],0.46892691682827986,0.2198924533260765,0.6391218757538403,response units,ok,,per-fivefold amount slope difference,1.0,1.0
Q1/trend/ordinal/ordered_logit/omnibus,Q1,trend,ordinal,ordered_logit,omnibus,2715,2,,,,,"[-0.03895644114751094, 0.07052000247218582]","[-0.24640106566553016, -0.1357326728972727]","[0.16848818337050825, 0.27677267784164433]",1.0779373806563612,1.161948996616297,0.5593530123210011,latent location index,ok,,per-fivefold amount slope difference,1.0,1.0
Q1/trend/ordinal/ordered_logit/cash-food,Q1,trend,ordinal,ordered_logit,cash-food,2715,1,0.03895644114751094,0.10583909414184653,-0.16848818337050825,0.24640106566553016,[0.03895644114751094],[-0.16848818337050825],[0.24640106566553016],0.3680723220788451,0.1354772342805131,0.7128193081863963,latent location index,ok,,per-fivefold amount slope difference,1.0,1.0
Q1/trend/ordinal/ordered_logit/cash-medical,Q1,trend,ordinal,ordered_logit,cash-medical,2715,1,-0.07052000247218582,0.1052309568211523,-0.27677267784164433,0.1357326728972727,[-0.07052000247218582],[-0.27677267784164433],[0.1357326728972727],0.6701450276845788,0.44909435813036497,0.502765343264119,latent location index,ok,,per-fivefold amount slope difference,1.0,1.0
Q1/trend/ordinal/ordered_logit/food-medical,Q1,trend,ordinal,ordered_logit,food-medical,2715,1,-0.10947644361969676,0.10298299593425318,-0.311323115650833,0.09237022841143948,[-0.10947644361969676],[-0.311323115650833],[0.09237022841143948],1.0630535908043415,1.1300829369220042,0.28775764898478384,latent location index,ok,,per-fivefold amount slope difference,1.0,1.0
Q1/trend/ordinal/ordered_logit/restricted-cash,Q1,trend,ordinal,ordered_logit,restricted-cash,2715,1,0.015781780662337437,0.09212143994875642,-0.16477624163722515,0.1963398029619,[0.015781780662337437],[-0.16477624163722515],[0.1963398029619],0.1713149585060354,0.02934881500792463,0.8639761191498478,latent location index,ok,,per-fivefold amount slope difference,1.0,1.0
Q1/trend/ordinal/ordered_probit/omnibus,Q1,trend,ordinal,ordered_probit,omnibus,2715,2,,,,,"[-0.012064123309971416, 0.0414882447667005]","[-0.13514930202031608, -0.08028530333028192]","[0.11102105540037326, 0.16326179286368292]",0.918742627142323,0.8440880149283776,0.6557051828361423,latent location index,ok,,per-fivefold amount slope difference,1.0,1.0
Q1/trend/ordinal/ordered_probit/cash-food,Q1,trend,ordinal,ordered_probit,cash-food,2715,1,0.012064123309971416,0.06279856056650239,-0.11102105540037326,0.13514930202031608,[0.012064123309971416],[-0.11102105540037326],[0.13514930202031608],0.19210827766021413,0.036905590345573926,0.8476573910447912,latent location index,ok,,per-fivefold amount slope difference,1.0,1.0
Q1/trend/ordinal/ordered_probit/cash-medical,Q1,trend,ordinal,ordered_probit,cash-medical,2715,1,-0.0414882447667005,0.062129361273970625,-0.16326179286368292,0.08028530333028192,[-0.0414882447667005],[-0.16326179286368292],[0.08028530333028192],0.6677719505879129,0.44591937799198605,0.5042791738549466,latent location index,ok,,per-fivefold amount slope difference,1.0,1.0
Q1/trend/ordinal/ordered_probit/food-medical,Q1,trend,ordinal,ordered_probit,food-medical,2715,1,-0.05355236807667192,0.061226869345426205,-0.17355703199370728,0.06645229584036344,[-0.05355236807667192],[-0.17355703199370728],[0.06645229584036344],0.8746546842782909,0.7650208167299567,0.3817618238259247,latent location index,ok,,per-fivefold amount slope difference,1.0,1.0
Q1/trend/ordinal/ordered_probit/restricted-cash,Q1,trend,ordinal,ordered_probit,restricted-cash,2715,1,0.014712060728364543,0.05444883826407724,-0.09200766226922684,0.12143178372595594,[0.014712060728364543],[-0.09200766226922684],[0.12143178372595594],0.2701997177058388,0.07300788744831496,0.7870066098590326,latent location index,ok,,per-fivefold amount slope difference,1.0,1.0
Q1/trend/ordinal/ordered_location_scale/omnibus,Q1,trend,ordinal,ordered_location_scale,omnibus,2715,2,,,,,"[-0.027013952509507375, 0.02976274785319805]","[-0.14735532820773536, -0.089925322699623]","[0.09332742318872062, 0.1494508184060191]",0.9613354948610195,0.9241659336796814,0.6299700711476566,latent location index,ok,,per-fivefold amount slope difference,1.0,1.0
Q1/trend/ordinal/ordered_location_scale/cash-food,Q1,trend,ordinal,ordered_location_scale,cash-food,2715,1,0.027013952509507375,0.06139866107052448,-0.09332742318872062,0.14735532820773536,[0.027013952509507375],[-0.09332742318872062],[0.14735532820773536],0.4399762476656987,0.19357909850998825,0.6599543105086595,latent location index,ok,,per-fivefold amount slope difference,1.0,1.0
Q1/trend/ordinal/ordered_location_scale/cash-medical,Q1,trend,ordinal,ordered_location_scale,cash-medical,2715,1,-0.02976274785319805,0.061065342118786246,-0.1494508184060191,0.089925322699623,[-0.02976274785319805],[-0.1494508184060191],[0.089925322699623],0.48739181376078444,0.23755078012102718,0.6259806937145546,latent location index,ok,,per-fivefold amount slope difference,1.0,1.0
Q1/trend/ordinal/ordered_location_scale/food-medical,Q1,trend,ordinal,ordered_location_scale,food-medical,2715,1,-0.05677670036270542,0.059092603803882475,-0.1725982038183151,0.05904480309290423,[-0.05677670036270542],[-0.1725982038183151],[0.05904480309290423],0.9608089119094647,0.9231537652046495,0.3366482568023604,latent location index,ok,,per-fivefold amount slope difference,1.0,1.0
Q1/trend/ordinal/ordered_location_scale/restricted-cash,Q1,trend,ordinal,ordered_location_scale,restricted-cash,2715,1,0.0013743976718453375,0.053632097092954675,-0.10374451263034581,0.1064933079740365,[0.0013743976718453375],[-0.10374451263034581],[0.1064933079740365],0.025626401844090554,0.0006567124714748078,0.9795553273560749,latent location index,ok,,per-fivefold amount slope difference,1.0,1.0
Q1/trend/midpoint/OLS_HC3/omnibus,Q1,trend,midpoint,OLS_HC3,omnibus,2715,2,,,,,"[0.007481391397873055, 0.019567927091920415]","[-0.024527853441311098, -0.010209598366100997]","[0.03949063623705721, 0.049345452549941826]",1.3290452924980358,1.7663613895111896,0.4134657097687846,response units,ok,,per-fivefold amount slope difference,1.0,1.0
Q1/trend/midpoint/OLS_HC3/cash-food,Q1,trend,midpoint,OLS_HC3,cash-food,2715,1,-0.007481391397873055,0.01633124736693069,-0.03949063623705721,0.024527853441311098,[-0.007481391397873055],[-0.03949063623705721],[0.024527853441311098],0.4581028766377148,0.20985824558374935,0.6468785323374038,response units,ok,,per-fivefold amount slope difference,1.0,1.0
Q1/trend/midpoint/OLS_HC3/cash-medical,Q1,trend,midpoint,OLS_HC3,cash-medical,2715,1,-0.019567927091920415,0.01519261502960276,-0.049345452549941826,0.010209598366100997,[-0.019567927091920415],[-0.049345452549941826],[0.010209598366100997],1.287989398388123,1.658916690360199,0.19774965363634223,response units,ok,,per-fivefold amount slope difference,1.0,1.0
Q1/trend/midpoint/OLS_HC3/food-medical,Q1,trend,midpoint,OLS_HC3,food-medical,2715,1,-0.01208653569404736,0.014726821755278903,-0.040951106334394013,0.01677803494629929,[-0.01208653569404736],[-0.040951106334394013],[0.01677803494629929],0.8207158268697644,0.6735744684745211,0.41180815357955036,response units,ok,,per-fivefold amount slope difference,1.0,1.0
Q1/trend/midpoint/OLS_HC3/restricted-cash,Q1,trend,midpoint,OLS_HC3,restricted-cash,2715,1,0.013524659244896734,0.013947859199384583,-0.01381314478589705,0.04086246327569052,[0.013524659244896734],[-0.01381314478589705],[0.04086246327569052],0.9696584294092586,0.9402374697244301,0.33221677800501753,response units,ok,,per-fivefold amount slope difference,1.0,1.0
Q1/trend/any_spending/OLS_HC3/omnibus,Q1,trend,any_spending,OLS_HC3,omnibus,2715,2,,,,,"[-0.02813046085379683, -0.01920608784004129]","[-0.08079138533396019, -0.07260746189913325]","[0.02453046362636652, 0.03419528621905068]",1.0689699415197205,1.1426967358726745,0.5647634161896236,response units,ok,,per-fivefold amount slope difference,1.0,1.0
Q1/trend/any_spending/OLS_HC3/cash-food,Q1,trend,any_spending,OLS_HC3,cash-food,2715,1,0.02813046085379683,0.026867818612328242,-0.02453046362636652,0.08079138533396019,[0.02813046085379683],[-0.02453046362636652],[0.08079138533396019],1.0469945945254084,1.0961976809654244,0.2951020712719351,response units,ok,,per-fivefold amount slope difference,1.0,1.0
Q1/trend/any_spending/OLS_HC3/cash-medical,Q1,trend,any_spending,OLS_HC3,cash-medical,2715,1,0.01920608784004129,0.0272455990097408,-0.03419528621905068,0.07260746189913325,[0.01920608784004129],[-0.03419528621905068],[0.07260746189913325],0.7049244112113213,0.496918425521628,0.48085727769017883,response units,ok,,per-fivefold amount slope difference,1.0,1.0
Q1/trend/any_spending/OLS_HC3/food-medical,Q1,trend,any_spending,OLS_HC3,food-medical,2715,1,-0.008924373013755541,0.02721408034752361,-0.062263970494901816,0.044415224467390726,[-0.008924373013755541],[-0.062263970494901816],[0.044415224467390726],0.32793219171073806,0.10753952236020826,0.7429629329531078,response units,ok,,per-fivefold amount slope difference,1.0,1.0
Q1/trend/any_spending/OLS_HC3/restricted-cash,Q1,trend,any_spending,OLS_HC3,restricted-cash,2715,1,-0.02366827434691906,0.02338695424594474,-0.06950670466897074,0.02217015597513263,[-0.02366827434691906],[-0.06950670466897074],[0.02217015597513263],1.0120289327979977,1.024202560820254,0.31152421986021084,response units,ok,,per-fivefold amount slope difference,1.0,1.0
Q1/trend/any_spending/logit/omnibus,Q1,trend,any_spending,logit,omnibus,2715,2,,,,,"[-0.13354065946636864, -0.09371186080002195]","[-0.38188865083044776, -0.3342294473774896]","[0.11480733189771047, 0.1468057257774457]",1.0817729025433438,1.1702326126770508,0.5570410706371007,logit index,ok,,per-fivefold amount slope difference,1.0,1.0
Q1/trend/any_spending/logit/cash-food,Q1,trend,any_spending,logit,cash-food,2715,1,0.13354065946636864,0.12670815885922404,-0.11480733189771047,0.38188865083044776,[0.13354065946636864],[-0.11480733189771047],[0.38188865083044776],1.0539231306701857,1.1107539653616454,0.2919181119260019,logit index,ok,,per-fivefold amount slope difference,1.0,1.0
Q1/trend/any_spending/logit/cash-medical,Q1,trend,any_spending,logit,cash-medical,2715,1,0.09371186080002195,0.122713054376259,-0.1468057257774457,0.3342294473774896,[0.09371186080002195],[-0.1468057257774457],[0.3342294473774896],0.7636665982796379,0.5831866733279939,0.4450659505414598,logit index,ok,,per-fivefold amount slope difference,1.0,1.0
Q1/trend/any_spending/logit/food-medical,Q1,trend,any_spending,logit,food-medical,2715,1,-0.0398287986663467,0.1212074257170595,-0.2773953530717833,0.19773775573908992,[-0.0398287986663467],[-0.2773953530717833],[0.19773775573908992],0.3286003182620266,0.10797816916190518,0.7424578074763151,logit index,ok,,per-fivefold amount slope difference,1.0,1.0
Q1/trend/any_spending/logit/restricted-cash,Q1,trend,any_spending,logit,restricted-cash,2715,1,-0.1136262601331953,0.10901337351757995,-0.327292472227652,0.10003995196126139,[-0.1136262601331953],[-0.327292472227652],[0.10003995196126139],1.0423148689630402,1.0864202860614396,0.2972657209121224,logit index,ok,,per-fivefold amount slope difference,1.0,1.0
Q1/trend/any_spending/probit/omnibus,Q1,trend,any_spending,probit,omnibus,2715,2,,,,,"[-0.08056543011110733, -0.05628199379925824]","[-0.2304055060763523, -0.2027390849970281]","[0.06927464585413766, 0.09017509739851162]",1.080329951713345,1.167112804568958,0.5579106793381919,probit index,ok,,per-fivefold amount slope difference,1.0,1.0
Q1/trend/any_spending/probit/cash-food,Q1,trend,any_spending,probit,cash-food,2715,1,0.08056543011110733,0.07644901834961479,-0.06927464585413766,0.2304055060763523,[0.08056543011110733],[-0.06927464585413766],[0.2304055060763523],1.053845187948228,1.110589680161636,0.2919538010845244,probit index,ok,,per-fivefold amount slope difference,1.0,1.0
Q1/trend/any_spending/probit/cash-medical,Q1,trend,any_spending,probit,cash-medical,2715,1,0.05628199379925824,0.0747230057131479,-0.09017509739851162,0.2027390849970281,[0.05628199379925824],[-0.09017509739851162],[0.2027390849970281],0.7532083762170603,0.5673228580035407,0.45132470670726565,probit index,ok,,per-fivefold amount slope difference,1.0,1.0
Q1/trend/any_spending/probit/food-medical,Q1,trend,any_spending,probit,food-medical,2715,1,-0.024283436311849087,0.07389278475310482,-0.16911329442793455,0.12054642180423636,[-0.024283436311849087],[-0.16911329442793455],[0.12054642180423636],0.3286306828601252,0.10799812571711219,0.7424348534819607,probit index,ok,,per-fivefold amount slope difference,1.0,1.0
Q1/trend/any_spending/probit/restricted-cash,Q1,trend,any_spending,probit,restricted-cash,2715,1,-0.06842371195518278,0.06594660025407881,-0.19767904845317724,0.06083162454281167,[-0.06842371195518278],[-0.19767904845317724],[0.06083162454281167],1.0375623867122818,1.0765357063200867,0.2994738367941707,probit index,ok,,per-fivefold amount slope difference,1.0,1.0
Q1/trend/ge10/OLS_HC3/omnibus,Q1,trend,ge10,OLS_HC3,omnibus,2715,2,,,,,"[-0.02584295623515257, 0.026995221478321254]","[-0.08262176515479837, -0.029028837057959247]","[0.030935852684493226, 0.08301928001460175]",1.8671716829818805,3.486330093729388,0.17496574853626867,response units,ok,,per-fivefold amount slope difference,0.9976004799040192,1.0
Q1/trend/ge10/OLS_HC3/cash-food,Q1,trend,ge10,OLS_HC3,cash-food,2715,1,0.02584295623515257,0.028968780061043774,-0.030935852684493226,0.08262176515479837,[0.02584295623515257],[-0.030935852684493226],[0.08262176515479837],0.8920968083811474,0.7958367155238295,0.37234104545892366,response units,ok,,per-fivefold amount slope difference,1.0,1.0
Q1/trend/ge10/OLS_HC3/cash-medical,Q1,trend,ge10,OLS_HC3,cash-medical,2715,1,-0.026995221478321254,0.02858370333483699,-0.08301928001460175,0.029028837057959247,[-0.026995221478321254],[-0.08301928001460175],[0.029028837057959247],0.9444270101075481,0.8919423774206828,0.34495148434472656,response units,ok,,per-fivefold amount slope difference,1.0,1.0
Q1/trend/ge10/OLS_HC3/food-medical,Q1,trend,ge10,OLS_HC3,food-medical,2715,1,-0.05283817771347382,0.028309558851491553,-0.10832491306239726,0.0026485576354496193,[-0.05283817771347382],[-0.10832491306239726],[0.0026485576354496193],1.86644299159363,3.4836094408689795,0.061979412985724215,response units,ok,,per-fivefold amount slope difference,0.9976004799040192,1.0
Q1/trend/ge10/OLS_HC3/restricted-cash,Q1,trend,ge10,OLS_HC3,restricted-cash,2715,1,0.0005761326215843413,0.025054967106105594,-0.04853160290638262,0.0496838681495513,[0.0005761326215843413],[-0.04853160290638262],[0.0496838681495513],0.02299474667615687,0.0005287583747006275,0.9816544633877874,response units,ok,,per-fivefold amount slope difference,1.0,1.0
Q1/trend/ge10/logit/omnibus,Q1,trend,ge10,logit,omnibus,2715,2,,,,,"[-0.10346556588581685, 0.10940351419423747]","[-0.3307357496439649, -0.11621378971389065]","[0.12380461787233124, 0.3350208181023656]",1.8667971134076065,3.484931462626972,0.17508814759794422,logit index,ok,,per-fivefold amount slope difference,0.9976004799040192,1.0
Q1/trend/ge10/logit/cash-food,Q1,trend,ge10,logit,cash-food,2715,1,0.10346556588581685,0.11595417538681026,-0.12380461787233124,0.3307357496439649,[0.10346556588581685],[-0.12380461787233124],[0.3307357496439649],0.8922970263094641,0.7961939831607124,0.37223374773981566,logit index,ok,,per-fivefold amount slope difference,1.0,1.0
Q1/trend/ge10/logit/cash-medical,Q1,trend,ge10,logit,cash-medical,2715,1,-0.10940351419423747,0.1151108693408817,-0.3350208181023656,0.11621378971389065,[-0.10940351419423747],[-0.3350208181023656],[0.11621378971389065],0.9504186252842652,0.9032955632872326,0.34189958382506036,logit index,ok,,per-fivefold amount slope difference,1.0,1.0
Q1/trend/ge10/logit/food-medical,Q1,trend,ge10,logit,food-medical,2715,1,-0.2128690800800543,0.11406279898606904,-0.4364321660927496,0.010694005932640999,[-0.2128690800800543],[-0.4364321660927496],[0.010694005932640999],1.8662445773056375,3.482868822322698,0.06200715495211677,logit index,ok,,per-fivefold amount slope difference,0.9976004799040192,1.0
Q1/trend/ge10/logit/restricted-cash,Q1,trend,ge10,logit,restricted-cash,2715,1,0.0029689741542103104,0.10047567360754667,-0.19396334611658117,0.19990129442500176,[0.0029689741542103104],[-0.19396334611658117],[0.19990129442500176],0.029549183873172985,0.0008731542675705865,0.976426592990004,logit index,ok,,per-fivefold amount slope difference,1.0,1.0
Q1/trend/ge10/probit/omnibus,Q1,trend,ge10,probit,omnibus,2715,2,,,,,"[-0.0648244162938789, 0.0684033440150184]","[-0.20718368648593605, -0.07277327437142293]","[0.07753485389817825, 0.2095799624014597]",1.8675119349921074,3.4876008273379653,0.1748546164163297,probit index,ok,,per-fivefold amount slope difference,0.9976004799040192,1.0
Q1/trend/ge10/probit/cash-food,Q1,trend,ge10,probit,cash-food,2715,1,0.0648244162938789,0.07263228071023324,-0.07753485389817825,0.20718368648593605,[0.0648244162938789],[-0.07753485389817825],[0.20718368648593605],0.8925014561018145,0.7965588491438592,0.37212421263968887,probit index,ok,,per-fivefold amount slope difference,1.0,1.0
Q1/trend/ge10/probit/cash-medical,Q1,trend,ge10,probit,cash-medical,2715,1,-0.0684033440150184,0.07202888693185783,-0.2095799624014597,0.07277327437142293,[-0.0684033440150184],[-0.2095799624014597],[0.07277327437142293],0.9496654318666712,0.9018644324825111,0.3422822797616047,probit index,ok,,per-fivefold amount slope difference,1.0,1.0
Q1/trend/ge10/probit/food-medical,Q1,trend,ge10,probit,food-medical,2715,1,-0.1332277603088973,0.07136192154956572,-0.2730971265460461,0.006641605928251526,[-0.1332277603088973],[-0.2730971265460461],[0.006641605928251526],1.8669306741742029,3.4854301421725435,0.061911269637359635,probit index,ok,,per-fivefold amount slope difference,0.9976004799040192,1.0
Q1/trend/ge10/probit/restricted-cash,Q1,trend,ge10,probit,restricted-cash,2715,1,0.0017894638605697455,0.06291798959832272,-0.12152979575214277,0.12510872347328228,[0.0017894638605697455],[-0.12152979575214277],[0.12510872347328228],0.028441211678789075,0.0008089025217576881,0.9773102553174813,probit index,ok,,per-fivefold amount slope difference,1.0,1.0
Q1/trend/ge25/OLS_HC3/omnibus,Q1,trend,ge25,OLS_HC3,omnibus,2715,2,,,,,"[0.004729423440261803, 0.02539376627064848]","[-0.04731720152705926, -0.02493374521451352]","[0.056776048407582866, 0.07572127775581047]",1.074878605742914,1.1553640170838309,0.5611977115499931,response units,ok,,per-fivefold amount slope difference,1.0,1.0
Q1/trend/ge25/OLS_HC3/cash-food,Q1,trend,ge25,OLS_HC3,cash-food,2715,1,-0.004729423440261803,0.026554400493531156,-0.056776048407582866,0.04731720152705926,[-0.004729423440261803],[-0.056776048407582866],[0.04731720152705926],0.17810319014409398,0.031720746339503295,0.858641936716982,response units,ok,,per-fivefold amount slope difference,1.0,1.0
Q1/trend/ge25/OLS_HC3/cash-medical,Q1,trend,ge25,OLS_HC3,cash-medical,2715,1,-0.02539376627064848,0.02567730177814388,-0.07572127775581047,0.02493374521451352,[-0.02539376627064848],[-0.07572127775581047],[0.02493374521451352],0.9889577374622461,0.978037406486445,0.3226838196635882,response units,ok,,per-fivefold amount slope difference,1.0,1.0
Q1/trend/ge25/OLS_HC3/food-medical,Q1,trend,ge25,OLS_HC3,food-medical,2715,1,-0.02066434283038668,0.02509382808392497,-0.06984824587487962,0.02851956021410626,[-0.02066434283038668],[-0.06984824587487962],[0.02851956021410626],0.823483079635195,0.6781243824454648,0.41023333538271456,response units,ok,,per-fivefold amount slope difference,1.0,1.0
Q1/trend/ge25/OLS_HC3/restricted-cash,Q1,trend,ge25,OLS_HC3,restricted-cash,2715,1,0.015061594855455142,0.022908621829170868,-0.029839303929719757,0.05996249364063004,[0.015061594855455142],[-0.029839303929719757],[0.05996249364063004],0.6574640311306875,0.43225895223061367,0.5108825915144282,response units,ok,,per-fivefold amount slope difference,1.0,1.0
Q1/trend/ge25/logit/omnibus,Q1,trend,ge25,logit,omnibus,2715,2,,,,,"[0.007957765419236937, 0.0987769661896947]","[-0.23882646302244787, -0.15384167117466355]","[0.2547419938609217, 0.35139560355405297]",0.8369724000274679,0.7005227984077397,0.7045039088864946,logit index,ok,,per-fivefold amount slope difference,1.0,1.0
Q1/trend/ge25/logit/cash-food,Q1,trend,ge25,logit,cash-food,2715,1,-0.007957765419236937,0.12591032063351265,-0.2547419938609217,0.23882646302244787,[-0.007957765419236937],[-0.2547419938609217],[0.23882646302244787],0.06320185175605753,0.003994474065394672,0.9496057702415492,logit index,ok,,per-fivefold amount slope difference,1.0,1.0
Q1/trend/ge25/logit/cash-medical,Q1,trend,ge25,logit,cash-medical,2715,1,-0.0987769661896947,0.1288870598797746,-0.35139560355405297,0.15384167117466355,[-0.0987769661896947],[-0.35139560355405297],[0.15384167117466355],0.766383888978719,0.5873442652861455,0.44344791622846313,logit index,ok,,per-fivefold amount slope difference,1.0,1.0
Q1/trend/ge25/logit/food-medical,Q1,trend,ge25,logit,food-medical,2715,1,-0.09081920077045776,0.13119657918085795,-0.34796449596493934,0.16632609442402385,[-0.09081920077045776],[-0.34796449596493934],[0.16632609442402385],0.6922375669967819,0.479192849161624,0.4887881504097591,logit index,ok,,per-fivefold amount slope difference,1.0,1.0
Q1/trend/ge25/logit/restricted-cash,Q1,trend,ge25,logit,restricted-cash,2715,1,0.05336736580446582,0.10922227760879875,-0.16070829830877972,0.26744302991771135,[0.05336736580446582],[-0.16070829830877972],[0.26744302991771135],0.4886124605056454,0.23874213656138088,0.6251160896501442,logit index,ok,,per-fivefold amount slope difference,1.0,1.0
Q1/trend/ge25/probit/omnibus,Q1,trend,ge25,probit,omnibus,2715,2,,,,,"[0.007378324338712597, 0.06329021493804994]","[-0.14190249920129108, -0.08735746001519161]","[0.1566591478787163, 0.21393788989129148]",0.8946442195116604,0.800388279505628,0.6701899228990412,probit index,ok,,per-fivefold amount slope difference,1.0,1.0
Q1/trend/ge25/probit/cash-food,Q1,trend,ge25,probit,cash-food,2715,1,-0.007378324338712597,0.07616368547959372,-0.1566591478787163,0.14190249920129108,[-0.007378324338712597],[-0.1566591478787163],[0.14190249920129108],0.09687457076495395,0.009384682460894071,0.9228260033948186,probit index,ok,,per-fivefold amount slope difference,1.0,1.0
Q1/trend/ge25/probit/cash-medical,Q1,trend,ge25,probit,cash-medical,2715,1,-0.06329021493804994,0.07686105864961304,-0.21393788989129148,0.08735746001519161,[-0.06329021493804994],[-0.21393788989129148],[0.08735746001519161],0.8234366797700695,0.678047965590756,0.41025971158336505,probit index,ok,,per-fivefold amount slope difference,1.0,1.0
Q1/trend/ge25/probit/food-medical,Q1,trend,ge25,probit,food-medical,2715,1,-0.05591189059933734,0.0774026621711764,-0.2076211084548431,0.09579732725616841,[-0.05591189059933734],[-0.2076211084548431],[0.09579732725616841],0.7223510022909535,0.5217909705107451,0.47007870328457946,probit index,ok,,per-fivefold amount slope difference,1.0,1.0
Q1/trend/ge25/probit/restricted-cash,Q1,trend,ge25,probit,restricted-cash,2715,1,0.035334269638381266,0.06600357288428066,-0.09403273321480882,0.16470127249157135,[0.035334269638381266],[-0.09403273321480882],[0.16470127249157135],0.5353387414395022,0.2865875680860302,0.592415641553852,probit index,ok,,per-fivefold amount slope difference,1.0,1.0
Q1/trend/ge50/OLS_HC3/omnibus,Q1,trend,ge50,OLS_HC3,omnibus,2715,2,,,,,"[0.017838064879924096, 0.01807773310382957]","[-0.023973299139787515, -0.0206431025175509]","[0.059649428899635704, 0.05679856872521004]",0.9935702825571359,0.9871819063806668,0.6104304266477925,response units,ok,,per-fivefold amount slope difference,1.0,1.0
Q1/trend/ge50/OLS_HC3/cash-food,Q1,trend,ge50,OLS_HC3,cash-food,2715,1,-0.017838064879924096,0.021332328581485517,-0.059649428899635704,0.023973299139787515,[-0.017838064879924096],[-0.059649428899635704],[0.023973299139787515],0.8361986743165902,0.6992282229288229,0.40304314408828346,response units,ok,,per-fivefold amount slope difference,1.0,1.0
Q1/trend/ge50/OLS_HC3/cash-medical,Q1,trend,ge50,OLS_HC3,cash-medical,2715,1,-0.01807773310382957,0.01975552837825534,-0.05679856872521004,0.0206431025175509,[-0.01807773310382957],[-0.05679856872521004],[0.0206431025175509],0.9150721133699212,0.8373569726672939,0.36015377362990486,response units,ok,,per-fivefold amount slope difference,1.0,1.0
Q1/trend/ge50/OLS_HC3/food-medical,Q1,trend,ge50,OLS_HC3,food-medical,2715,1,-0.00023966822390547246,0.019219102746194695,-0.03790910960644707,0.03742977315863613,[-0.00023966822390547246],[-0.03790910960644707],[0.03742977315863613],0.012470312848133651,0.0001555087025303272,0.9900503877859752,response units,ok,,per-fivefold amount slope difference,1.0,1.0
Q1/trend/ge50/OLS_HC3/restricted-cash,Q1,trend,ge50,OLS_HC3,restricted-cash,2715,1,0.01795789899187683,0.018175012916475764,-0.017665126324415664,0.053580924308169325,[0.01795789899187683],[-0.017665126324415664],[0.053580924308169325],0.988054262982002,0.9762512265969072,0.32312607369758684,response units,ok,,per-fivefold amount slope difference,1.0,1.0
Q1/trend/ge50/logit/omnibus,Q1,trend,ge50,logit,omnibus,2715,2,,,,,"[0.11516681005992911, 0.08658871881588556]","[-0.19098811401205634, -0.2524172489409181]","[0.4213217341319146, 0.4255946865726893]",0.7664404346083524,0.5874309398026402,0.7454885752076192,logit index,ok,,per-fivefold amount slope difference,1.0,1.0
Q1/trend/ge50/logit/cash-food,Q1,trend,ge50,logit,cash-food,2715,1,-0.11516681005992911,0.15620149187346197,-0.4213217341319146,0.19098811401205634,[-0.11516681005992911],[-0.4213217341319146],[0.19098811401205634],0.7372964795574753,0.5436060987678467,0.4609420726190385,logit index,ok,,per-fivefold amount slope difference,1.0,1.0
Q1/trend/ge50/logit/cash-medical,Q1,trend,ge50,logit,cash-medical,2715,1,-0.08658871881588556,0.17296222844734882,-0.4255946865726893,0.2524172489409181,[-0.08658871881588556],[-0.4255946865726893],[0.2524172489409181],0.5006221276932953,0.25062251473616204,0.6166370864260896,logit index,ok,,per-fivefold amount slope difference,1.0,1.0
Q1/trend/ge50/logit/food-medical,Q1,trend,ge50,logit,food-medical,2715,1,0.02857809124404355,0.17759073265504566,-0.31949974475984594,0.376655927247933,[0.02857809124404355],[-0.31949974475984594],[0.376655927247933],0.160921072945591,0.025895591717960218,0.8721555647968731,logit index,ok,,per-fivefold amount slope difference,1.0,1.0
Q1/trend/ge50/logit/restricted-cash,Q1,trend,ge50,logit,restricted-cash,2715,1,0.10087776443790733,0.13882651830700454,-0.17122221144382158,0.37297774031963626,[0.10087776443790733],[-0.17122221144382158],[0.37297774031963626],0.7266462176543508,0.5280147256313741,0.4674427079118826,logit index,ok,,per-fivefold amount slope difference,1.0,1.0
Q1/trend/ge50/probit/omnibus,Q1,trend,ge50,probit,omnibus,2715,2,,,,,"[0.06646574218630193, 0.054739501578491126]","[-0.10335035951717085, -0.1249733534608075]","[0.2362818438897747, 0.23445235661778974]",0.815731862780711,0.6654184719556887,0.7169786354424579,probit index,ok,,per-fivefold amount slope difference,1.0,1.0
Q1/trend/ge50/probit/cash-food,Q1,trend,ge50,probit,cash-food,2715,1,-0.06646574218630193,0.08664086821605754,-0.2362818438897747,0.10335035951717085,[-0.06646574218630193],[-0.2362818438897747],[0.10335035951717085],0.76714076803288,0.588504957978077,0.44299782518817565,probit index,ok,,per-fivefold amount slope difference,1.0,1.0
Q1/trend/ge50/probit/cash-medical,Q1,trend,ge50,probit,cash-medical,2715,1,-0.054739501578491126,0.09169023216290746,-0.23445235661778974,0.1249733534608075,[-0.054739501578491126],[-0.23445235661778974],[0.1249733534608075],0.5970047221740544,0.3564146382981199,0.5505042278670398,probit index,ok,,per-fivefold amount slope difference,1.0,1.0
Q1/trend/ge50/probit/food-medical,Q1,trend,ge50,probit,food-medical,2715,1,0.0117262406078108,0.0930556102309838,-0.17066275544491744,0.19411523666053904,[0.0117262406078108],[-0.17066275544491744],[0.19411523666053904],0.1260132578648808,0.015879341157720942,0.8997214299762528,probit index,ok,,per-fivefold amount slope difference,1.0,1.0
Q1/trend/ge50/probit/restricted-cash,Q1,trend,ge50,probit,restricted-cash,2715,1,0.060602621882396526,0.07610540526660946,-0.088563972440158,0.20976921620495104,[0.060602621882396526],[-0.088563972440158],[0.20976921620495104],0.7962985240022808,0.634091339328211,0.425858543287544,probit index,ok,,per-fivefold amount slope difference,1.0,1.0
Q1/trend/top75/OLS_HC3/omnibus,Q1,trend,top75,OLS_HC3,omnibus,2715,2,,,,,"[0.026851532247694414, 0.030222569076181025]","[-0.008579172049951348, -0.0011263408803351277]","[0.06228223654534018, 0.06157147903269718]",1.9346034412323638,3.742690474828104,0.15391646829235228,response units,ok,,per-fivefold amount slope difference,0.9936012797440512,1.0
Q1/trend/top75/OLS_HC3/cash-food,Q1,trend,top75,OLS_HC3,cash-food,2715,1,-0.026851532247694414,0.01807688994777845,-0.06228223654534018,0.008579172049951348,[-0.026851532247694414],[-0.06228223654534018],[0.008579172049951348],1.4854066338438,2.2064328678671687,0.13743613942497981,response units,ok,,per-fivefold amount slope difference,1.0,1.0
Q1/trend/top75/OLS_HC3/cash-medical,Q1,trend,top75,OLS_HC3,cash-medical,2715,1,-0.030222569076181025,0.01599434181454906,-0.06157147903269718,0.0011263408803351277,[-0.030222569076181025],[-0.06157147903269718],[0.0011263408803351277],1.8895787914629554,3.570508009146603,0.05881431585666361,response units,ok,,per-fivefold amount slope difference,0.9962007598480304,1.0
Q1/trend/top75/OLS_HC3/food-medical,Q1,trend,top75,OLS_HC3,food-medical,2715,1,-0.00337103682848661,0.015112852961157575,-0.03299222863235546,0.026250154975382238,[-0.00337103682848661],[-0.03299222863235546],[0.026250154975382238],0.2230576077958747,0.049754696395618254,0.8234906712099649,response units,ok,,per-fivefold amount slope difference,1.0,1.0
Q1/trend/top75/OLS_HC3/restricted-cash,Q1,trend,top75,OLS_HC3,restricted-cash,2715,1,0.02853705066193772,0.015303492378407314,-0.001457794399740614,0.058531895723616056,[0.02853705066193772],[-0.001457794399740614],[0.058531895723616056],1.864741064085639,3.4772592360872414,0.06221770785551932,response units,ok,,per-fivefold amount slope difference,0.9976004799040192,1.0
Q1/trend/top75/logit/omnibus,Q1,trend,top75,logit,omnibus,2715,2,,,,,"[0.25665440009261564, 0.17868678283658992]","[-0.1293268053749348, -0.2708988735800453]","[0.6426356055601661, 0.6282724392532252]",1.3268650461455715,1.7605708506828897,0.41466453902147105,logit index,ok,,per-fivefold amount slope difference,1.0,1.0
Q1/trend/top75/logit/cash-food,Q1,trend,top75,logit,cash-food,2715,1,-0.25665440009261564,0.19692918646303595,-0.6426356055601661,0.1293268053749348,[-0.25665440009261564],[-0.6426356055601661],[0.1293268053749348],1.3032826911149114,1.6985457729597255,0.19247826814705185,logit index,ok,,per-fivefold amount slope difference,1.0,1.0
Q1/trend/top75/logit/cash-medical,Q1,trend,top75,logit,cash-medical,2715,1,-0.17868678283658992,0.22938043694726287,-0.6282724392532252,0.2708988735800453,[-0.17868678283658992],[-0.6282724392532252],[0.2708988735800453],0.7789974821508951,0.6068370771974342,0.4359811979389637,logit index,ok,,per-fivefold amount slope difference,1.0,1.0
Q1/trend/top75/logit/food-medical,Q1,trend,top75,logit,food-medical,2715,1,0.07796761725602572,0.23027379120239103,-0.37336901350066065,0.5293042480127121,[0.07796761725602572],[-0.37336901350066065],[0.5293042480127121],0.3385865879434748,0.11464087753520438,0.734921187698045,logit index,ok,,per-fivefold amount slope difference,1.0,1.0
Q1/trend/top75/logit/restricted-cash,Q1,trend,top75,logit,restricted-cash,2715,1,0.21767059146460277,0.18011590695681104,-0.13535658617074686,0.5706977690999524,[0.21767059146460277],[-0.13535658617074686],[0.5706977690999524],1.2085028754112026,1.4604791998771447,0.22685389043646748,logit index,ok,,per-fivefold amount slope difference,1.0,1.0
Q1/trend/top75/probit/omnibus,Q1,trend,top75,probit,omnibus,2715,2,,,,,"[0.13431861940436476, 0.1067126610451555]","[-0.062441467950225094, -0.10923146944245118]","[0.3310787067589546, 0.32265679153276217]",1.3972085947178752,1.9521918571534995,0.37677920411644966,probit index,ok,,per-fivefold amount slope difference,1.0,1.0
Q1/trend/top75/probit/cash-food,Q1,trend,top75,probit,cash-food,2715,1,-0.13431861940436476,0.10038779967070911,-0.3310787067589546,0.062441467950225094,[-0.13431861940436476],[-0.3310787067589546],[0.062441467950225094],1.3379974443603218,1.7902371611147523,0.18089726988318483,probit index,ok,,per-fivefold amount slope difference,1.0,1.0
Q1/trend/top75/probit/cash-medical,Q1,trend,top75,probit,cash-medical,2715,1,-0.1067126610451555,0.11017557677939117,-0.32265679153276217,0.10923146944245118,[-0.1067126610451555],[-0.32265679153276217],[0.10923146944245118],0.968569116355346,0.9381261331573758,0.3327602186233707,probit index,ok,,per-fivefold amount slope difference,1.0,1.0
Q1/trend/top75/probit/food-medical,Q1,trend,top75,probit,food-medical,2715,1,0.02760595835920926,0.11010844242409551,-0.18820658879201793,0.24341850551043645,[0.02760595835920926],[-0.18820658879201793],[0.24341850551043645],0.25071609180412974,0.06285855868953681,0.8020336185094367,probit index,ok,,per-fivefold amount slope difference,1.0,1.0
Q1/trend/top75/probit/restricted-cash,Q1,trend,top75,probit,restricted-cash,2715,1,0.12051564022476013,0.0898733372443345,-0.05563610077413547,0.29666738122365577,[0.12051564022476013],[-0.05563610077413547],[0.29666738122365577],1.3409498736774381,1.7981465637155372,0.17993672788942944,probit index,ok,,per-fivefold amount slope difference,1.0,1.0
Q1/saturated/ordinal/OLS_HC3/omnibus,Q1,saturated,ordinal,OLS_HC3,omnibus,2715,4,,,,,"[-0.039605447114091794, -0.00892726455190794, 0.06222178028406862, 0.16441678495481557]","[-0.4177460804413382, -0.3827544199262287, -0.3042502895433197, -0.19367552244728556]","[0.3385351862131546, 0.3648998908224128, 0.4286938501114569, 0.5225090923569167]",1.1308093250015572,1.2787297295104774,0.8649738743943125,response units,ok,,full pairwise interaction vector at1000/5000 vs200,1.0,1.0
Q1/saturated/ordinal/OLS_HC3/cash-food,Q1,saturated,ordinal,OLS_HC3,cash-food,2715,2,,,,,"[0.039605447114091794, 0.00892726455190794]","[-0.3385351862131546, -0.3648998908224128]","[0.4177460804413382, 0.3827544199262287]",0.21695137948782967,0.04706790106167228,0.9767408132368242,response units,ok,,full pairwise interaction vector at1000/5000 vs200,1.0,1.0
Q1/saturated/ordinal/OLS_HC3/cash-medical,Q1,saturated,ordinal,OLS_HC3,cash-medical,2715,2,,,,,"[-0.06222178028406862, -0.16441678495481557]","[-0.4286938501114569, -0.5225090923569167]","[0.3042502895433197, 0.19367552244728556]",0.9193923845846559,0.8452823568322598,0.6553137316411897,response units,ok,,full pairwise interaction vector at1000/5000 vs200,1.0,1.0
Q1/saturated/ordinal/OLS_HC3/food-medical,Q1,saturated,ordinal,OLS_HC3,food-medical,2715,2,,,,,"[-0.10182722739816041, -0.1733440495067235]","[-0.45063025736553497, -0.5236673914547163]","[0.24697580256921414, 0.17697929244126925]",0.9734994152501217,0.9477011114923289,0.6226002896513094,response units,ok,,full pairwise interaction vector at1000/5000 vs200,1.0,1.0
Q1/saturated/ordinal/OLS_HC3/restricted-cash,Q1,saturated,ordinal,OLS_HC3,restricted-cash,2715,2,,,,,"[0.011308166584988413, 0.07774476020145382]","[-0.31767537379316685, -0.2436690079845188]","[0.34029170696314365, 0.39915852838742644]",0.5234542325266786,0.27400433355009407,0.8719683367708286,response units,ok,,full pairwise interaction vector at1000/5000 vs200,1.0,1.0
Q1/saturated/ordinal/ordered_logit/omnibus,Q1,saturated,ordinal,ordered_logit,omnibus,2715,4,,,,,"[-0.056589604737959605, -0.08116357107292513, 0.1014206928266544, 0.1424317492313801]","[-0.47937077245457066, -0.49692607755066864, -0.3206796021132599, -0.27179033284644294]","[0.36619156297865146, 0.33459893540481833, 0.5235209877665687, 0.5566538313092031]",1.1227102088461498,1.2604782130473653,0.8680444019201132,latent location index,ok,,full pairwise interaction vector at1000/5000 vs200,1.0,1.0
Q1/saturated/ordinal/ordered_logit/cash-food,Q1,saturated,ordinal,ordered_logit,cash-food,2715,2,,,,,"[0.056589604737959605, 0.08116357107292513]","[-0.36619156297865146, -0.33459893540481833]","[0.47937077245457066, 0.49692607755066864]",0.38806544750143984,0.15059479154449276,0.9274676203607092,latent location index,ok,,full pairwise interaction vector at1000/5000 vs200,1.0,1.0
Q1/saturated/ordinal/ordered_logit/cash-medical,Q1,saturated,ordinal,ordered_logit,cash-medical,2715,2,,,,,"[-0.1014206928266544, -0.1424317492313801]","[-0.5235209877665687, -0.5566538313092031]","[0.3206796021132599, 0.27179033284644294]",0.6826175785784421,0.46596675858429554,0.7921667397868496,latent location index,ok,,full pairwise interaction vector at1000/5000 vs200,1.0,1.0
Q1/saturated/ordinal/ordered_logit/food-medical,Q1,saturated,ordinal,ordered_logit,food-medical,2715,2,,,,,"[-0.15801029756461402, -0.22359532030430523]","[-0.5519712749119167, -0.6284704226791947]","[0.2359506797826886, 0.18127978207058426]",1.1101925398166839,1.2325274754646192,0.5399580985391763,latent location index,ok,,full pairwise interaction vector at1000/5000 vs200,1.0,1.0
Q1/saturated/ordinal/ordered_logit/restricted-cash,Q1,saturated,ordinal,ordered_logit,restricted-cash,2715,2,,,,,"[0.0224155440443474, 0.03063408907922749]","[-0.3512888504494576, -0.3316340925293729]","[0.39611993853815247, 0.3929022706878279]",0.16836924175007337,0.02834820156749465,0.9859258788515294,latent location index,ok,,full pairwise interaction vector at1000/5000 vs200,1.0,1.0
Q1/saturated/ordinal/ordered_probit/omnibus,Q1,saturated,ordinal,ordered_probit,omnibus,2715,4,,,,,"[-0.01711008652419542, -0.025079641474733638, 0.06284157090478425, 0.08421766690906667]","[-0.2641113241270869, -0.27148872910847854, -0.18421680309544453, -0.15987531046244247]","[0.22989115107869607, 0.2213294461590113, 0.309899944905013, 0.32831064428057577]",0.9626956476291788,0.926782909964164,0.9206873220510782,latent location index,ok,,full pairwise interaction vector at1000/5000 vs200,1.0,1.0
Q1/saturated/ordinal/ordered_probit/cash-food,Q1,saturated,ordinal,ordered_probit,cash-food,2715,2,,,,,"[0.01711008652419542, 0.025079641474733638]","[-0.22989115107869607, -0.2213294461590113]","[0.2641113241270869, 0.27148872910847854]",0.20280080117398736,0.04112816495681115,0.9796459163247075,latent location index,ok,,full pairwise interaction vector at1000/5000 vs200,1.0,1.0
Q1/saturated/ordinal/ordered_probit/cash-medical,Q1,saturated,ordinal,ordered_probit,cash-medical,2715,2,,,,,"[-0.06284157090478425, -0.08421766690906667]","[-0.309899944905013, -0.32831064428057577]","[0.18421680309544453, 0.15987531046244247]",0.6927758275312268,0.4799383472115761,0.7866521103408537,latent location index,ok,,full pairwise interaction vector at1000/5000 vs200,1.0,1.0
Q1/saturated/ordinal/ordered_probit/food-medical,Q1,saturated,ordinal,ordered_probit,food-medical,2715,2,,,,,"[-0.07995165742897967, -0.1092973083838003]","[-0.31646223644740246, -0.34998193714888315]","[0.15655892158944312, 0.1313873203812825]",0.9206149066326853,0.8475318063143079,0.6545770984065459,latent location index,ok,,full pairwise interaction vector at1000/5000 vs200,1.0,1.0
Q1/saturated/ordinal/ordered_probit/restricted-cash,Q1,saturated,ordinal,ordered_probit,restricted-cash,2715,2,,,,,"[0.022865742190294414, 0.029569012717166512]","[-0.19401997027964005, -0.18412969435506849]","[0.23975145466022887, 0.24326771978940148]",0.2801755616213736,0.0784983453298521,0.9615110970128109,latent location index,ok,,full pairwise interaction vector at1000/5000 vs200,1.0,1.0
Q1/saturated/ordinal/ordered_location_scale/omnibus,Q1,saturated,ordinal,ordered_location_scale,omnibus,2715,4,,,,,"[-0.02067912019899422, -0.051539138641701794, 0.06477227506738342, 0.050919282604150504]","[-0.23056184793205958, -0.2588086324099341, -0.1475464515426869, -0.15926175195848818]","[0.18920360753407112, 0.15573035512653052, 0.2770910016774537, 0.2611003171667892]",1.0926584822632628,1.193902558861857,0.8791014979034991,latent location index,ok,,full pairwise interaction vector at1000/5000 vs200,1.0,1.0
Q1/saturated/ordinal/ordered_location_scale/cash-food,Q1,saturated,ordinal,ordered_location_scale,cash-food,2715,2,,,,,"[0.02067912019899422, 0.051539138641701794]","[-0.18920360753407112, -0.15573035512653052]","[0.23056184793205958, 0.2588086324099341]",0.49872692880640246,0.24872854951666643,0.8830581065081105,latent location index,ok,,full pairwise interaction vector at1000/5000 vs200,1.0,1.0
Q1/saturated/ordinal/ordered_location_scale/cash-medical,Q1,saturated,ordinal,ordered_location_scale,cash-medical,2715,2,,,,,"[-0.06477227506738342, -0.050919282604150504]","[-0.2770910016774537, -0.2611003171667892]","[0.1475464515426869, 0.15926175195848818]",0.6144089997565721,0.3774984189818715,0.8279941337285006,latent location index,ok,,full pairwise interaction vector at1000/5000 vs200,1.0,1.0
Q1/saturated/ordinal/ordered_location_scale/food-medical,Q1,saturated,ordinal,ordered_location_scale,food-medical,2715,2,,,,,"[-0.08545139526637764, -0.1024584212458523]","[-0.280270073936533, -0.3054893834927157]","[0.10936728340377776, 0.10057254100101107]",1.0570160120680754,1.1172828497682976,0.5719856216555217,latent location index,ok,,full pairwise interaction vector at1000/5000 vs200,1.0,1.0
Q1/saturated/ordinal/ordered_location_scale/restricted-cash,Q1,saturated,ordinal,ordered_location_scale,restricted-cash,2715,2,,,,,"[0.0220465774341946, -0.0003099280187756452]","[-0.16524042463829464, -0.18269129291294017]","[0.20933357950668385, 0.1820714368753889]",0.2910808082467516,0.08472803692958217,0.9585207977889681,latent location index,ok,,full pairwise interaction vector at1000/5000 vs200,1.0,1.0
Q1/saturated/midpoint/OLS_HC3/omnibus,Q1,saturated,midpoint,OLS_HC3,omnibus,2715,4,,,,,"[-0.006192294859557186, 0.015408201042202543, 0.0049875252112662714, 0.03921383628040253]","[-0.07123528838617965, -0.04856481640471179, -0.05646568257424722, -0.02033569825190204]","[0.05885069866706528, 0.07938121848911688, 0.06644073299677977, 0.0987633708127071]",1.504919741883512,2.2647834295107367,0.6871879150808379,response units,ok,,full pairwise interaction vector at1000/5000 vs200,1.0,1.0
Q1/saturated/midpoint/OLS_HC3/cash-food,Q1,saturated,midpoint,OLS_HC3,cash-food,2715,2,,,,,"[0.006192294859557186, -0.015408201042202543]","[-0.05885069866706528, -0.07938121848911688]","[0.07123528838617965, 0.04856481640471179]",0.6985707167876269,0.48800104635317887,0.7834872243605814,response units,ok,,full pairwise interaction vector at1000/5000 vs200,1.0,1.0
Q1/saturated/midpoint/OLS_HC3/cash-medical,Q1,saturated,midpoint,OLS_HC3,cash-medical,2715,2,,,,,"[-0.0049875252112662714, -0.03921383628040253]","[-0.06644073299677977, -0.0987633708127071]","[0.05646568257424722, 0.02033569825190204]",1.4580377274758063,2.1258740147428137,0.3454397598654754,response units,ok,,full pairwise interaction vector at1000/5000 vs200,1.0,1.0
Q1/saturated/midpoint/OLS_HC3/food-medical,Q1,saturated,midpoint,OLS_HC3,food-medical,2715,2,,,,,"[-0.011179820070823458, -0.023805635238199986]","[-0.06907804839946935, -0.081568768571675]","[0.04671840825782244, 0.03395749809527503]",0.8093784058451869,0.6550934038484961,0.7206896328969495,response units,ok,,full pairwise interaction vector at1000/5000 vs200,1.0,1.0
Q1/saturated/midpoint/OLS_HC3/restricted-cash,Q1,saturated,midpoint,OLS_HC3,restricted-cash,2715,2,,,,,"[-0.0006023848241454573, 0.027311018661302536]","[-0.05686509597565211, -0.027325984541778318]","[0.0556603263273612, 0.0819480218643834]",1.1863432986262359,1.4074104221953783,0.494748754914594,response units,ok,,full pairwise interaction vector at1000/5000 vs200,1.0,1.0
Q1/saturated/any_spending/OLS_HC3/omnibus,Q1,saturated,any_spending,OLS_HC3,omnibus,2715,4,,,,,"[-0.006181127693244388, -0.05796237438711545, 0.028298191422752986, -0.03715344936287294]","[-0.11012768470634685, -0.1633951777851061, -0.0788059879828064, -0.14396805801075438]","[0.09776542931985807, 0.0474704290108752, 0.13540237082831236, 0.06966115928500852]",1.48341146804508,2.20050958352766,0.6989359827556755,response units,ok,,full pairwise interaction vector at1000/5000 vs200,1.0,1.0
Q1/saturated/any_spending/OLS_HC3/cash-food,Q1,saturated,any_spending,OLS_HC3,cash-food,2715,2,,,,,"[0.006181127693244388, 0.05796237438711545]","[-0.09776542931985807, -0.0474704290108752]","[0.11012768470634685, 0.1633951777851061]",1.1739657803386556,1.3781956534061486,0.5020287817839006,response units,ok,,full pairwise interaction vector at1000/5000 vs200,1.0,1.0
Q1/saturated/any_spending/OLS_HC3/cash-medical,Q1,saturated,any_spending,OLS_HC3,cash-medical,2715,2,,,,,"[-0.028298191422752986, 0.03715344936287294]","[-0.13540237082831236, -0.06966115928500852]","[0.0788059879828064, 0.14396805801075438]",1.216150430495196,1.4790218695936506,0.4773473124035609,response units,ok,,full pairwise interaction vector at1000/5000 vs200,1.0,1.0
Q1/saturated/any_spending/OLS_HC3/food-medical,Q1,saturated,any_spending,OLS_HC3,food-medical,2715,2,,,,,"[-0.03447931911599737, -0.02080892502424251]","[-0.14011061263708008, -0.12758237356180788]","[0.07115197440508535, 0.08596452351332287]",0.6445855091006767,0.41549047854257853,0.8124139815280625,response units,ok,,full pairwise interaction vector at1000/5000 vs200,1.0,1.0
Q1/saturated/any_spending/OLS_HC3/restricted-cash,Q1,saturated,any_spending,OLS_HC3,restricted-cash,2715,2,,,,,"[0.0110585318647543, -0.047557911874994196]","[-0.08031216057967192, -0.13927800781001096]","[0.1024292243091805, 0.044162184060022563]",1.333465374805735,1.7781299058057993,0.4110399147986773,response units,ok,,full pairwise interaction vector at1000/5000 vs200,1.0,1.0
Q1/saturated/any_spending/logit/omnibus,Q1,saturated,any_spending,logit,omnibus,2715,4,,,,,"[-0.026635274844214244, -0.27270006574898026, 0.10835469924312198, -0.18131442357153166]","[-0.5166567584337713, -0.7639973621053078, -0.37190006643856977, -0.657247168195572]","[0.4633862087453428, 0.2185972306073472, 0.5886094649248137, 0.2946183210525087]",1.426610996680016,2.0352189358483486,0.7292810529970465,logit index,ok,,full pairwise interaction vector at1000/5000 vs200,1.0,1.0
Q1/saturated/any_spending/logit/cash-food,Q1,saturated,any_spending,logit,cash-food,2715,2,,,,,"[0.026635274844214244, 0.27270006574898026]","[-0.4633862087453428, -0.2185972306073472]","[0.5166567584337713, 0.7639973621053078]",1.1767478816516985,1.38473557697176,0.5003898479394953,logit index,ok,,full pairwise interaction vector at1000/5000 vs200,1.0,1.0
Q1/saturated/any_spending/logit/cash-medical,Q1,saturated,any_spending,logit,cash-medical,2715,2,,,,,"[-0.10835469924312198, 0.18131442357153166]","[-0.5886094649248137, -0.2946183210525087]","[0.37190006643856977, 0.657247168195572]",1.180325079420756,1.393167293109614,0.4982847159482515,logit index,ok,,full pairwise interaction vector at1000/5000 vs200,1.0,1.0
Q1/saturated/any_spending/logit/food-medical,Q1,saturated,any_spending,logit,food-medical,2715,2,,,,,"[-0.13498997408733623, -0.0913856421774486]","[-0.6125340070645741, -0.5583776831343428]","[0.34255405888990165, 0.3756063987794456]",0.5708498224984829,0.3258695198465495,0.8496466176169906,logit index,ok,,full pairwise interaction vector at1000/5000 vs200,1.0,1.0
Q1/saturated/any_spending/logit/restricted-cash,Q1,saturated,any_spending,logit,restricted-cash,2715,2,,,,,"[0.04085971219945387, -0.22700724466025596]","[-0.38147992755935717, -0.6505897204863141]","[0.46319935195826495, 0.19657523116580222]",1.3062396338011681,1.70626198091301,0.42607879268699167,logit index,ok,,full pairwise interaction vector at1000/5000 vs200,1.0,1.0
Q1/saturated/any_spending/probit/omnibus,Q1,saturated,any_spending,probit,omnibus,2715,4,,,,,"[-0.016436323604158108, -0.16511362567748764, 0.06864551314664659, -0.10898189313251136]","[-0.31288145468588385, -0.4630287560840717, -0.22486898005396322, -0.40014446633842304]","[0.2800088074775677, 0.13280150472909638, 0.36216000634725637, 0.1821806800734003]",1.4389552735903712,2.0705922793935403,0.7227768072140581,probit index,ok,,full pairwise interaction vector at1000/5000 vs200,1.0,1.0
Q1/saturated/any_spending/probit/cash-food,Q1,saturated,any_spending,probit,cash-food,2715,2,,,,,"[0.016436323604158108, 0.16511362567748764]","[-0.2800088074775677, -0.13280150472909638]","[0.31288145468588385, 0.4630287560840717]",1.1767700994030013,1.3847878668489495,0.5003767654486688,probit index,ok,,full pairwise interaction vector at1000/5000 vs200,1.0,1.0
Q1/saturated/any_spending/probit/cash-medical,Q1,saturated,any_spending,probit,cash-medical,2715,2,,,,,"[-0.06864551314664659, 0.10898189313251136]","[-0.36216000634725637, -0.1821806800734003]","[0.22486898005396322, 0.40014446633842304]",1.1880741447503398,1.4115201734242513,0.49373315158946696,probit index,ok,,full pairwise interaction vector at1000/5000 vs200,1.0,1.0
Q1/saturated/any_spending/probit/food-medical,Q1,saturated,any_spending,probit,food-medical,2715,2,,,,,"[-0.08508183675080469, -0.056131732544976276]","[-0.3764103633251292, -0.343070297093641]","[0.20624668982351982, 0.23080683200368846]",0.5860164088736868,0.34341523146921205,0.8422253906238246,probit index,ok,,full pairwise interaction vector at1000/5000 vs200,1.0,1.0
Q1/saturated/any_spending/probit/restricted-cash,Q1,saturated,any_spending,probit,restricted-cash,2715,2,,,,,"[0.02610459477124424, -0.1370477594049995]","[-0.23040497450726136, -0.3943046339957825]","[0.2826141640497498, 0.1202091151857835]",1.3123263716328701,1.722200505683094,0.4226967530710991,probit index,ok,,full pairwise interaction vector at1000/5000 vs200,1.0,1.0
Q1/saturated/ge10/OLS_HC3/omnibus,Q1,saturated,ge10,OLS_HC3,omnibus,2715,4,,,,,"[0.0007199085714970612, -0.052814195591830135, 0.05546070877942517, 0.05409428312547476]","[-0.11210490352837924, -0.16650824589092098, -0.05736718565643938, -0.05801831080834893]","[0.11354472067137336, 0.060879854707260705, 0.1682886032152897, 0.16620687705929846]",1.9822181072556553,3.9291886247321925,0.41567394388294865,response units,ok,,full pairwise interaction vector at1000/5000 vs200,0.9914017196560688,1.0
Q1/saturated/ge10/OLS_HC3/cash-food,Q1,saturated,ge10,OLS_HC3,cash-food,2715,2,,,,,"[-0.0007199085714970612, 0.052814195591830135]","[-0.11354472067137336, -0.060879854707260705]","[0.11210490352837924, 0.16650824589092098]",1.0412131228633599,1.0841247672228702,0.581547640415474,response units,ok,,full pairwise interaction vector at1000/5000 vs200,1.0,1.0
Q1/saturated/ge10/OLS_HC3/cash-medical,Q1,saturated,ge10,OLS_HC3,cash-medical,2715,2,,,,,"[-0.05546070877942517, -0.05409428312547476]","[-0.1682886032152897, -0.16620687705929846]","[0.05736718565643938, 0.05801831080834893]",1.1050165321088299,1.2210615362338246,0.5430625522783488,response units,ok,,full pairwise interaction vector at1000/5000 vs200,1.0,1.0
Q1/saturated/ge10/OLS_HC3/food-medical,Q1,saturated,ge10,OLS_HC3,food-medical,2715,2,,,,,"[-0.054740800207928104, -0.1069084787173049]","[-0.16645725073890072, -0.21800551872473295]","[0.05697565032304452, 0.004188561290123155]",1.8872635222776395,3.561763602519802,0.1684895074828734,response units,ok,,full pairwise interaction vector at1000/5000 vs200,0.9962007598480304,1.0
Q1/saturated/ge10/OLS_HC3/restricted-cash,Q1,saturated,ge10,OLS_HC3,restricted-cash,2715,2,,,,,"[0.028090308675461115, 0.0006400437668223138]","[-0.06993848640175934, -0.09765617854811867]","[0.12611910375268157, 0.09893626608176331]",0.6354168580388995,0.4037545834800269,0.8171951983909685,response units,ok,,full pairwise interaction vector at1000/5000 vs200,1.0,1.0
Q1/saturated/ge10/logit/omnibus,Q1,saturated,ge10,logit,omnibus,2715,4,,,,,"[0.0029080230173542223, -0.21146696669508686, 0.22514744212038734, 0.21983425847622137]","[-0.44835273758283084, -0.6667697271919704, -0.23014276404100503, -0.23248807745433783]","[0.45416878361753926, 0.2438357938017966, 0.6804376482817798, 0.6721565944067805]",1.9797684407842777,3.9194830791254103,0.4170122868478564,logit index,ok,,full pairwise interaction vector at1000/5000 vs200,0.9916016796640672,1.0
Q1/saturated/ge10/logit/cash-food,Q1,saturated,ge10,logit,cash-food,2715,2,,,,,"[-0.0029080230173542223, 0.21146696669508686]","[-0.45416878361753926, -0.2438357938017966]","[0.44835273758283084, 0.6667697271919704]",1.0413578709155864,1.0844262153178432,0.5814599938066962,logit index,ok,,full pairwise interaction vector at1000/5000 vs200,1.0,1.0
Q1/saturated/ge10/logit/cash-medical,Q1,saturated,ge10,logit,cash-medical,2715,2,,,,,"[-0.22514744212038734, -0.21983425847622137]","[-0.6804376482817798, -0.6721565944067805]","[0.23014276404100503, 0.23248807745433783]",1.1099279594198905,1.2319400751020022,0.5401167076212341,logit index,ok,,full pairwise interaction vector at1000/5000 vs200,1.0,1.0
Q1/saturated/ge10/logit/food-medical,Q1,saturated,ge10,logit,food-medical,2715,2,,,,,"[-0.22223941910303313, -0.4313012251713082]","[-0.6730131959628467, -0.8796453206995323]","[0.2285343577567805, 0.017042870356915873]",1.886420726060882,3.5585831557120655,0.16875765659296593,logit index,ok,,full pairwise interaction vector at1000/5000 vs200,0.9962007598480304,1.0
Q1/saturated/ge10/logit/restricted-cash,Q1,saturated,ge10,logit,restricted-cash,2715,2,,,,,"[0.11402773256887078, 0.0041836458905672586]","[-0.2792450397735012, -0.3903983388098556]","[0.5073005049112427, 0.3987656305909901]",0.6397454130665726,0.4092741935397196,0.8149430082044735,logit index,ok,,full pairwise interaction vector at1000/5000 vs200,1.0,1.0
Q1/saturated/ge10/probit/omnibus,Q1,saturated,ge10,probit,omnibus,2715,4,,,,,"[0.0018185260701639333, -0.13248898618740781, 0.1406430917276056, 0.13729296258171078]","[-0.2808721445400866, -0.4176320640653438, -0.1440229836468707, -0.14553058132560923]","[0.2845091966804144, 0.15265409169052815, 0.4253091671020819, 0.42011650648903076]",1.9810126058520232,3.9244109445446234,0.4163323624988342,probit index,ok,,full pairwise interaction vector at1000/5000 vs200,0.9916016796640672,1.0
Q1/saturated/ge10/probit/cash-food,Q1,saturated,ge10,probit,cash-food,2715,2,,,,,"[-0.0018185260701639333, 0.13248898618740781]","[-0.2845091966804144, -0.15265409169052815]","[0.2808721445400866, 0.4176320640653438]",1.041732298426871,1.0852061815857317,0.5812332784265087,probit index,ok,,full pairwise interaction vector at1000/5000 vs200,1.0,1.0
Q1/saturated/ge10/probit/cash-medical,Q1,saturated,ge10,probit,cash-medical,2715,2,,,,,"[-0.1406430917276056, -0.13729296258171078]","[-0.4253091671020819, -0.42011650648903076]","[0.1440229836468707, 0.14553058132560923]",1.1092890633874524,1.2305222261510114,0.5404997453312526,probit index,ok,,full pairwise interaction vector at1000/5000 vs200,1.0,1.0
Q1/saturated/ge10/probit/food-medical,Q1,saturated,ge10,probit,food-medical,2715,2,,,,,"[-0.13882456565744167, -0.2697819487691186]","[-0.42067424419205474, -0.5501050798428233]","[0.1430251128771714, 0.010541182304586172]",1.8872704948670822,3.5617899207958414,0.16848729032077753,probit index,ok,,full pairwise interaction vector at1000/5000 vs200,0.9962007598480304,1.0
Q1/saturated/ge10/probit/restricted-cash,Q1,saturated,ge10,probit,restricted-cash,2715,2,,,,,"[0.07123080889888478, 0.0024019881971514834]","[-0.17496948463683362, -0.24458505897588925]","[0.31743110243460315, 0.24938903537019222]",0.6390461126373991,0.4083799340769714,0.8153074749286993,probit index,ok,,full pairwise interaction vector at1000/5000 vs200,1.0,1.0
Q1/saturated/ge25/OLS_HC3/omnibus,Q1,saturated,ge25,OLS_HC3,omnibus,2715,4,,,,,"[-0.05125659903508015, 0.011084642924442993, -0.04048614044455223, 0.051185288803834196]","[-0.15714418984762835, -0.09296624825563943, -0.14345763798521663, -0.04948415797749773]","[0.05463099177746805, 0.1151355341045254, 0.062485357096112165, 0.15185473558516613]",1.90622520682476,3.6336945391340993,0.45784297657978035,response units,ok,,full pairwise interaction vector at1000/5000 vs200,0.9956008798240352,1.0
Q1/saturated/ge25/OLS_HC3/cash-food,Q1,saturated,ge25,OLS_HC3,cash-food,2715,2,,,,,"[0.05125659903508015, -0.011084642924442993]","[-0.05463099177746805, -0.1151355341045254]","[0.15714418984762835, 0.09296624825563943]",1.23279123501867,1.5197742291388578,0.4677192227157627,response units,ok,,full pairwise interaction vector at1000/5000 vs200,1.0,1.0
Q1/saturated/ge25/OLS_HC3/cash-medical,Q1,saturated,ge25,OLS_HC3,cash-medical,2715,2,,,,,"[0.04048614044455223, -0.051185288803834196]","[-0.062485357096112165, -0.15185473558516613]","[0.14345763798521663, 0.04948415797749773]",1.8020270056770271,3.2473013291893125,0.19717755443906457,response units,ok,,full pairwise interaction vector at1000/5000 vs200,0.9988002399520096,1.0
Q1/saturated/ge25/OLS_HC3/food-medical,Q1,saturated,ge25,OLS_HC3,food-medical,2715,2,,,,,"[-0.010770458590527915, -0.0401006458793912]","[-0.11007292671614835, -0.13849205147855148]","[0.08853200953509252, 0.05829075971976906]",0.8298963252957828,0.6887279107394438,0.7086709565073076,response units,ok,,full pairwise interaction vector at1000/5000 vs200,1.0,1.0
Q1/saturated/ge25/OLS_HC3/restricted-cash,Q1,saturated,ge25,OLS_HC3,restricted-cash,2715,2,,,,,"[-0.04587136973981619, 0.031134965864138595]","[-0.13775396087092429, -0.058643904486126844]","[0.04601122139129189, 0.12091383621440403]",1.6791541386780833,2.819558621439736,0.24419716890463036,response units,ok,,full pairwise interaction vector at1000/5000 vs200,0.9996000799840032,1.0
Q1/saturated/ge25/logit/omnibus,Q1,saturated,ge25,logit,omnibus,2715,4,,,,,"[-0.243254761025826, 0.03572298356211784, -0.2215927018301492, 0.21223805679270055]","[-0.7248738597779384, -0.4632537920003839, -0.7243085005663958, -0.2937837420289602]","[0.2383643377262864, 0.5346997591246196, 0.2811230969060974, 0.7182598556143613]",1.7783254333090348,3.1624413467537664,0.5310185856557215,logit index,ok,,full pairwise interaction vector at1000/5000 vs200,0.999000199960008,1.0
Q1/saturated/ge25/logit/cash-food,Q1,saturated,ge25,logit,cash-food,2715,2,,,,,"[0.243254761025826, -0.03572298356211784]","[-0.2383643377262864, -0.5346997591246196]","[0.7248738597779384, 0.4632537920003839]",1.187500013044188,1.4101562809799466,0.4940699658785077,logit index,ok,,full pairwise interaction vector at1000/5000 vs200,1.0,1.0
Q1/saturated/ge25/logit/cash-medical,Q1,saturated,ge25,logit,cash-medical,2715,2,,,,,"[0.2215927018301492, -0.21223805679270055]","[-0.2811230969060974, -0.7182598556143613]","[0.7243085005663958, 0.2937837420289602]",1.6443928140695498,2.7040277269635733,0.258718711492633,logit index,ok,,full pairwise interaction vector at1000/5000 vs200,0.9996000799840032,1.0
Q1/saturated/ge25/logit/food-medical,Q1,saturated,ge25,logit,food-medical,2715,2,,,,,"[-0.02166205919567679, -0.17651507323058271]","[-0.5307261231321524, -0.6843065162981401]","[0.48740200474079887, 0.3312763698369747]",0.7273357015693415,0.5290172227773662,0.767583038883218,logit index,ok,,full pairwise interaction vector at1000/5000 vs200,1.0,1.0
Q1/saturated/ge25/logit/restricted-cash,Q1,saturated,ge25,logit,restricted-cash,2715,2,,,,,"[-0.2324237314279876, 0.1239805201774092]","[-0.6537947199796791, -0.3096724566411204]","[0.18894725712370386, 0.5576334969959388]",1.6157812937468594,2.610749189222275,0.27107097429852517,logit index,ok,,full pairwise interaction vector at1000/5000 vs200,0.9998000399920016,1.0
Q1/saturated/ge25/probit/omnibus,Q1,saturated,ge25,probit,omnibus,2715,4,,,,,"[-0.14701695565546163, 0.02371764699347879, -0.13004443030429125, 0.13223233304309318]","[-0.44046298975209497, -0.2768464802805007, -0.43131704972107887, -0.16948654011517134]","[0.1464290784411717, 0.32428177426745824, 0.17122818911249638, 0.4339512062013577]",1.8037786441512658,3.253617397096179,0.5163145987641913,probit index,ok,,full pairwise interaction vector at1000/5000 vs200,0.9988002399520096,1.0
Q1/saturated/ge25/probit/cash-food,Q1,saturated,ge25,probit,cash-food,2715,2,,,,,"[0.14701695565546163, -0.02371764699347879]","[-0.1464290784411717, -0.32428177426745824]","[0.44046298975209497, 0.2768464802805007]",1.1964077000777131,1.431391384805243,0.48885190291482095,probit index,ok,,full pairwise interaction vector at1000/5000 vs200,1.0,1.0
Q1/saturated/ge25/probit/cash-medical,Q1,saturated,ge25,probit,cash-medical,2715,2,,,,,"[0.13004443030429125, -0.13223233304309318]","[-0.17122818911249638, -0.4339512062013577]","[0.43131704972107887, 0.16948654011517134]",1.6773797239421038,2.8136027382920883,0.2449254576686019,probit index,ok,,full pairwise interaction vector at1000/5000 vs200,0.9996000799840032,1.0
Q1/saturated/ge25/probit/food-medical,Q1,saturated,ge25,probit,food-medical,2715,2,,,,,"[-0.016972525351170387, -0.10851468604961438]","[-0.31934059462448866, -0.4097821232506021]","[0.2853955439221479, 0.1927527511513733]",0.7481132596113044,0.5596734492062508,0.755907152420776,probit index,ok,,full pairwise interaction vector at1000/5000 vs200,1.0,1.0
Q1/saturated/ge25/probit/restricted-cash,Q1,saturated,ge25,probit,restricted-cash,2715,2,,,,,"[-0.13853069297987644, 0.07797499001828598]","[-0.39461909712896903, -0.1827854734966383]","[0.11755771116921612, 0.3387354535332102]",1.6288584376508906,2.6531798099065003,0.2653806934177738,probit index,ok,,full pairwise interaction vector at1000/5000 vs200,0.9996000799840032,1.0
Q1/saturated/ge50/OLS_HC3/omnibus,Q1,saturated,ge50,OLS_HC3,omnibus,2715,4,,,,,"[-0.019011456178143628, 0.036801601070369346, -0.029391460952612077, 0.03628975353695044]","[-0.10471053457779608, -0.04680182290175126, -0.10937736878896624, -0.041145250338856514]","[0.06668762222150884, 0.12040502504248995, 0.05059444688374208, 0.1137247574127574]",1.7648343525439953,3.1146402919193834,0.5388272535685681,response units,ok,,full pairwise interaction vector at1000/5000 vs200,0.9992001599680064,1.0
Q1/saturated/ge50/OLS_HC3/cash-food,Q1,saturated,ge50,OLS_HC3,cash-food,2715,2,,,,,"[0.019011456178143628, -0.036801601070369346]","[-0.06668762222150884, -0.12040502504248995]","[0.10471053457779608, 0.04680182290175126]",1.3263603012955212,1.7592316488527457,0.414942291757613,response units,ok,,full pairwise interaction vector at1000/5000 vs200,1.0,1.0
Q1/saturated/ge50/OLS_HC3/cash-medical,Q1,saturated,ge50,OLS_HC3,cash-medical,2715,2,,,,,"[0.029391460952612077, -0.03628975353695044]","[-0.05059444688374208, -0.1137247574127574]","[0.10937736878896624, 0.041145250338856514]",1.7016671096013631,2.8956709518990578,0.23507857102076346,response units,ok,,full pairwise interaction vector at1000/5000 vs200,0.9994001199760048,1.0
Q1/saturated/ge50/OLS_HC3/food-medical,Q1,saturated,ge50,OLS_HC3,food-medical,2715,2,,,,,"[0.01038000477446845, 0.0005118475334189021]","[-0.06431339447960926, -0.07488223069806661]","[0.08507340402854616, 0.07590592576490442]",0.3099030681875532,0.09603991167205925,0.95311476668572,response units,ok,,full pairwise interaction vector at1000/5000 vs200,1.0,1.0
Q1/saturated/ge50/OLS_HC3/restricted-cash,Q1,saturated,ge50,OLS_HC3,restricted-cash,2715,2,,,,,"[-0.02420145856537785, 0.036545677303659894]","[-0.09820323403357521, -0.034670819412061495]","[0.04980031690281951, 0.10776217401938129]",1.692579416158096,2.864825080002081,0.23873227576727138,response units,ok,,full pairwise interaction vector at1000/5000 vs200,0.9994001199760048,1.0
Q1/saturated/ge50/logit/omnibus,Q1,saturated,ge50,logit,omnibus,2715,4,,,,,"[-0.1461742573888797, 0.25844404048424424, -0.32749188850979827, 0.20129408464229462]","[-0.7432192314286891, -0.36399465789050595, -0.9973364202598938, -0.46809188152525083]","[0.4508707166509297, 0.8808827388589944, 0.34235264324029724, 0.87068005080984]",1.6570220877546484,2.745722199306774,0.6012378548734378,logit index,ok,,full pairwise interaction vector at1000/5000 vs200,0.9996000799840032,1.0
Q1/saturated/ge50/logit/cash-food,Q1,saturated,ge50,logit,cash-food,2715,2,,,,,"[0.1461742573888797, -0.25844404048424424]","[-0.4508707166509297, -0.8808827388589944]","[0.7432192314286891, 0.36399465789050595]",1.2428292223026818,1.5446244758094887,0.4619437087276075,logit index,ok,,full pairwise interaction vector at1000/5000 vs200,1.0,1.0
Q1/saturated/ge50/logit/cash-medical,Q1,saturated,ge50,logit,cash-medical,2715,2,,,,,"[0.32749188850979827, -0.20129408464229462]","[-0.34235264324029724, -0.87068005080984]","[0.9973364202598938, 0.46809188152525083]",1.4933696584406893,2.230152936751261,0.32789020470957014,logit index,ok,,full pairwise interaction vector at1000/5000 vs200,1.0,1.0
Q1/saturated/ge50/logit/food-medical,Q1,saturated,ge50,logit,food-medical,2715,2,,,,,"[0.18131763112091856, 0.05714995584194962]","[-0.5077896042414451, -0.6128830694750032]","[0.8704248664832823, 0.7271829811589023]",0.52033705598444,0.27075065183055425,0.8733880449960699,logit index,ok,,full pairwise interaction vector at1000/5000 vs200,1.0,1.0
Q1/saturated/ge50/logit/restricted-cash,Q1,saturated,ge50,logit,restricted-cash,2715,2,,,,,"[-0.23683307294933897, 0.22986906256326944]","[-0.7696182110807067, -0.3228674829214747]","[0.29595206518202877, 0.7826056080480136]",1.6080553989420514,2.58584216606668,0.2744678675381136,logit index,ok,,full pairwise interaction vector at1000/5000 vs200,0.9998000399920016,1.0
Q1/saturated/ge50/probit/omnibus,Q1,saturated,ge50,probit,omnibus,2715,4,,,,,"[-0.08023908707818155, 0.1443062728329968, -0.16786513725384328, 0.11905022213196131]","[-0.4136854846525026, -0.198868091383489, -0.5253961138266215, -0.2381344502588702]","[0.2532073104961395, 0.4874806370494826, 0.189665839318935, 0.47623489452279283]",1.6763006190249257,2.809983765343349,0.590110569146127,probit index,ok,,full pairwise interaction vector at1000/5000 vs200,0.9996000799840032,1.0
Q1/saturated/ge50/probit/cash-food,Q1,saturated,ge50,probit,cash-food,2715,2,,,,,"[0.08023908707818155, -0.1443062728329968]","[-0.2532073104961395, -0.4874806370494826]","[0.4136854846525026, 0.198868091383489]",1.2595812751487385,1.5865449887053222,0.4523620182657979,probit index,ok,,full pairwise interaction vector at1000/5000 vs200,1.0,1.0
Q1/saturated/ge50/probit/cash-medical,Q1,saturated,ge50,probit,cash-medical,2715,2,,,,,"[0.16786513725384328, -0.11905022213196131]","[-0.189665839318935, -0.47623489452279283]","[0.5253961138266215, 0.2381344502588702]",1.5341887199749877,2.3537350284984915,0.3082427940279393,probit index,ok,,full pairwise interaction vector at1000/5000 vs200,1.0,1.0
Q1/saturated/ge50/probit/food-medical,Q1,saturated,ge50,probit,food-medical,2715,2,,,,,"[0.08762605017566173, 0.025256050701035482]","[-0.27563513387988214, -0.3311598460594828]","[0.4508872342312056, 0.38167194746155375]",0.4808533965086129,0.2312199889338693,0.8908225812929834,probit index,ok,,full pairwise interaction vector at1000/5000 vs200,1.0,1.0
Q1/saturated/ge50/probit/restricted-cash,Q1,saturated,ge50,probit,restricted-cash,2715,2,,,,,"[-0.12405211216601242, 0.13167824748247905]","[-0.41819115695916703, -0.16984570572400562]","[0.1700869326271422, 0.43320220068896376]",1.625585019206505,2.6425266546686137,0.26679803572060834,probit index,ok,,full pairwise interaction vector at1000/5000 vs200,0.9996000799840032,1.0
Q1/saturated/top75/OLS_HC3/omnibus,Q1,saturated,top75,OLS_HC3,omnibus,2715,4,,,,,"[0.03612382722088014, 0.053963061432225554, 0.04834048147905692, 0.0600009088514306]","[-0.03608262902471741, -0.01673306320696963, -0.017176216280570582, -0.0026388972309261127]","[0.10833028346647769, 0.12465918607142074, 0.11385717923868441, 0.12264071493378731]",1.9724418612381758,3.8905268959647192,0.4210241098620692,response units,ok,,full pairwise interaction vector at1000/5000 vs200,0.9918016396720656,1.0
Q1/saturated/top75/OLS_HC3/cash-food,Q1,saturated,top75,OLS_HC3,cash-food,2715,2,,,,,"[-0.03612382722088014, -0.053963061432225554]","[-0.10833028346647769, -0.12465918607142074]","[0.03608262902471741, 0.01673306320696963]",1.5031214483817057,2.259374088585117,0.3231343673443386,response units,ok,,full pairwise interaction vector at1000/5000 vs200,1.0,1.0
Q1/saturated/top75/OLS_HC3/cash-medical,Q1,saturated,top75,OLS_HC3,cash-medical,2715,2,,,,,"[-0.04834048147905692, -0.0600009088514306]","[-0.11385717923868441, -0.12264071493378731]","[0.017176216280570582, 0.0026388972309261127]",1.9155091193561393,3.6691751863365325,0.15967934104203418,response units,ok,,full pairwise interaction vector at1000/5000 vs200,0.99500099980004,1.0
Q1/saturated/top75/OLS_HC3/food-medical,Q1,saturated,top75,OLS_HC3,food-medical,2715,2,,,,,"[-0.012216654258176779, -0.006037847419205045]","[-0.0728015221771041, -0.06525479205093301]","[0.048368213660750545, 0.05317909721252292]",0.3957059283188517,0.1565831817066842,0.9246947546959252,response units,ok,,full pairwise interaction vector at1000/5000 vs200,1.0,1.0
Q1/saturated/top75/OLS_HC3/restricted-cash,Q1,saturated,top75,OLS_HC3,restricted-cash,2715,2,,,,,"[0.04223215434996853, 0.056981985141828076]","[-0.01969904497031283, -0.0028860534066215693]","[0.10416335367024988, 0.11685002369027772]",1.8846538505704116,3.5519201364698794,0.16932081190734297,response units,ok,,full pairwise interaction vector at1000/5000 vs200,0.9962007598480304,1.0
Q1/saturated/top75/logit/omnibus,Q1,saturated,top75,logit,omnibus,2715,4,,,,,"[0.273044715592879, 0.49635076527966066, 0.28987357753452225, 0.32551665427978566]","[-0.4454578430377024, -0.2595621530832793, -0.5574690700285911, -0.5681593660215729]","[0.9915472742234605, 1.2522636836426007, 1.1372162250976356, 1.219192674581144]",1.3803062546632012,1.9052453566623542,0.7531813480143722,logit index,ok,,full pairwise interaction vector at1000/5000 vs200,1.0,1.0
Q1/saturated/top75/logit/cash-food,Q1,saturated,top75,logit,cash-food,2715,2,,,,,"[-0.273044715592879, -0.49635076527966066]","[-0.9915472742234605, -1.2522636836426007]","[0.4454578430377024, 0.2595621530832793]",1.3166275907219473,1.7335082126502797,0.42031363082150963,logit index,ok,,full pairwise interaction vector at1000/5000 vs200,1.0,1.0
Q1/saturated/top75/logit/cash-medical,Q1,saturated,top75,logit,cash-medical,2715,2,,,,,"[-0.28987357753452225, -0.32551665427978566]","[-1.1372162250976356, -1.219192674581144]","[0.5574690700285911, 0.5681593660215729]",0.8294311278681628,0.6879559958766526,0.7089445261191022,logit index,ok,,full pairwise interaction vector at1000/5000 vs200,1.0,1.0
Q1/saturated/top75/logit/food-medical,Q1,saturated,top75,logit,food-medical,2715,2,,,,,"[-0.016828861941643236, 0.170834110999875]","[-0.8836769722611324, -0.7250238900101434]","[0.8500192483778459, 1.0666921120098936]",0.4284682302457771,0.18358502432994828,0.9122944199028548,logit index,ok,,full pairwise interaction vector at1000/5000 vs200,1.0,1.0
Q1/saturated/top75/logit/restricted-cash,Q1,saturated,top75,logit,restricted-cash,2715,2,,,,,"[0.28145914656370064, 0.41093370977972316]","[-0.3737212354517121, -0.2850477520505535]","[0.9366395285791134, 1.1069151716099999]",1.2361590638386368,1.528089231110415,0.4657787162102165,logit index,ok,,full pairwise interaction vector at1000/5000 vs200,1.0,1.0
Q1/saturated/top75/probit/omnibus,Q1,saturated,top75,probit,omnibus,2715,4,,,,,"[0.1507160910087913, 0.2628169697134265, 0.1719223343562256, 0.20146544389437235]","[-0.22321689383493387, -0.12422764777342726, -0.24298897331778638, -0.2267743607011187]","[0.5246490758525164, 0.6498615872002802, 0.5868336420302376, 0.6297052484898634]",1.4611716799871801,2.1350226783965582,0.7109410906717903,probit index,ok,,full pairwise interaction vector at1000/5000 vs200,1.0,1.0
Q1/saturated/top75/probit/cash-food,Q1,saturated,top75,probit,cash-food,2715,2,,,,,"[-0.1507160910087913, -0.2628169697134265]","[-0.5246490758525164, -0.6498615872002802]","[0.22321689383493387, 0.12422764777342726]",1.3568962934917634,1.8411675512916859,0.3982864632671623,probit index,ok,,full pairwise interaction vector at1000/5000 vs200,1.0,1.0
Q1/saturated/top75/probit/cash-medical,Q1,saturated,top75,probit,cash-medical,2715,2,,,,,"[-0.1719223343562256, -0.20146544389437235]","[-0.5868336420302376, -0.6297052484898634]","[0.24298897331778638, 0.2267743607011187]",1.03119771414029,1.0633687256481592,0.5876143798399078,probit index,ok,,full pairwise interaction vector at1000/5000 vs200,1.0,1.0
Q1/saturated/top75/probit/food-medical,Q1,saturated,top75,probit,food-medical,2715,2,,,,,"[-0.02120624334743429, 0.06135152581905415]","[-0.4420325171908469, -0.3671537376006243]","[0.3996200304959783, 0.48985678923873266]",0.3724532353574261,0.13872141252821424,0.9329900840080445,probit index,ok,,full pairwise interaction vector at1000/5000 vs200,1.0,1.0
Q1/saturated/top75/probit/restricted-cash,Q1,saturated,top75,probit,restricted-cash,2715,2,,,,,"[0.16131921268250843, 0.23214120680389944]","[-0.172918647240205, -0.11526668442508897]","[0.49555707260522186, 0.5795490980328879]",1.3818473098370514,1.909501987703896,0.38490797707376556,probit index,ok,,full pairwise interaction vector at1000/5000 vs200,1.0,1.0
Q1/endpoint/ordinal/OLS_HC3/omnibus,Q1,endpoint,ordinal,OLS_HC3,omnibus,1833,2,,,,,"[-0.00892726455190758, 0.1644167849548189]","[-0.38275441992622833, -0.19367552244728223]","[0.3648998908224132, 0.52250909235692]",1.102515925156346,1.2155413652233538,0.5445635218065732,response units,ok,,5000-minus200 response/link difference-in-differences,1.0,1.0
Q1/endpoint/ordinal/OLS_HC3/cash-food,Q1,endpoint,ordinal,OLS_HC3,cash-food,1833,1,0.00892726455190758,0.19072814049710243,-0.3648998908224132,0.38275441992622833,[0.00892726455190758],[-0.3648998908224132],[0.38275441992622833],0.046806226541296375,0.002190822843035157,0.9626676664122412,response units,ok,,5000-minus200 response/link difference-in-differences,1.0,1.0
Q1/endpoint/ordinal/OLS_HC3/cash-medical,Q1,endpoint,ordinal,OLS_HC3,cash-medical,1833,1,-0.1644167849548189,0.18270015683780672,-0.52250909235692,0.19367552244728223,[-0.1644167849548189],[-0.52250909235692],[0.19367552244728223],0.8999268955241292,0.809868417287697,0.3681591560188011,response units,ok,,5000-minus200 response/link difference-in-differences,1.0,1.0
Q1/endpoint/ordinal/OLS_HC3/food-medical,Q1,endpoint,ordinal,OLS_HC3,food-medical,1833,1,-0.1733440495067265,0.17873639895305757,-0.5236673914547193,0.1769792924412663,[-0.1733440495067265],[-0.5236673914547193],[0.1769792924412663],0.9698307145163684,0.9405716148193296,0.33213088030239485,response units,ok,,5000-minus200 response/link difference-in-differences,1.0,1.0
Q1/endpoint/ordinal/OLS_HC3/restricted-cash,Q1,endpoint,ordinal,OLS_HC3,restricted-cash,1833,1,0.07774476020145565,0.16398661642141463,-0.24366900798451702,0.3991585283874283,[0.07774476020145565],[-0.24366900798451702],[0.3991585283874283],0.4740921051853787,0.2247633241991042,0.635434228171255,response units,ok,,5000-minus200 response/link difference-in-differences,1.0,1.0
Q1/endpoint/ordinal/ordered_logit/omnibus,Q1,endpoint,ordinal,ordered_logit,omnibus,1833,2,,,,,"[-0.07839808912215294, 0.13921625891411232]","[-0.4862501407410332, -0.26728071597588826]","[0.32945396249672726, 0.5457132338041129]",1.086394055395771,1.1802520435992694,0.554257431814086,latent location index,ok,,5000-minus200 response/link difference-in-differences,1.0,1.0
Q1/endpoint/ordinal/ordered_logit/cash-food,Q1,endpoint,ordinal,ordered_logit,cash-food,1833,1,0.07839808912215294,0.2080877814382042,-0.32945396249672726,0.4862501407410332,[0.07839808912215294],[-0.32945396249672726],[0.4862501407410332],0.3767548895966043,0.1419442468349495,0.7063557674006529,latent location index,ok,,5000-minus200 response/link difference-in-differences,1.0,1.0
Q1/endpoint/ordinal/ordered_logit/cash-medical,Q1,endpoint,ordinal,ordered_logit,cash-medical,1833,1,-0.13921625891411232,0.20739641576020437,-0.5457132338041129,0.26728071597588826,[-0.13921625891411232],[-0.5457132338041129],[0.26728071597588826],0.6712568218877841,0.45058572093088833,0.5020569360125595,latent location index,ok,,5000-minus200 response/link difference-in-differences,1.0,1.0
Q1/endpoint/ordinal/ordered_logit/food-medical,Q1,endpoint,ordinal,ordered_logit,food-medical,1833,1,-0.21761434803626528,0.20286514069293507,-0.6152300237944179,0.18000132772188743,[-0.21761434803626528],[-0.6152300237944179],[0.18000132772188743],1.0727044936993646,1.15069493080281,0.28340372352440235,latent location index,ok,,5000-minus200 response/link difference-in-differences,1.0,1.0
Q1/endpoint/ordinal/ordered_logit/restricted-cash,Q1,endpoint,ordinal,ordered_logit,restricted-cash,1833,1,0.03040908489597969,0.1812962567179356,-0.324931578271174,0.38574974806313345,[0.03040908489597969],[-0.324931578271174],[0.38574974806313345],0.16773145483798246,0.02813384094206615,0.8667945493657123,latent location index,ok,,5000-minus200 response/link difference-in-differences,1.0,1.0
Q1/endpoint/ordinal/ordered_probit/omnibus,Q1,endpoint,ordinal,ordered_probit,omnibus,1833,2,,,,,"[-0.024697089125562077, 0.08259380941122288]","[-0.2676918034450935, -0.15822350847183572]","[0.21829762519396936, 0.32341112729428145]",0.9281612332149167,0.861483274843035,0.6500268316898933,latent location index,ok,,5000-minus200 response/link difference-in-differences,1.0,1.0
Q1/endpoint/ordinal/ordered_probit/cash-food,Q1,endpoint,ordinal,ordered_probit,cash-food,1833,1,0.024697089125562077,0.12397689506098543,-0.21829762519396936,0.2676918034450935,[0.024697089125562077],[-0.21829762519396936],[0.2676918034450935],0.19920719189985636,0.0396835053046262,0.842100673847563,latent location index,ok,,5000-minus200 response/link difference-in-differences,1.0,1.0
Q1/endpoint/ordinal/ordered_probit/cash-medical,Q1,endpoint,ordinal,ordered_probit,cash-medical,1833,1,-0.08259380941122288,0.12286597851176459,-0.32341112729428145,0.15822350847183572,[-0.08259380941122288],[-0.32341112729428145],[0.15822350847183572],0.6722268475916171,0.4518889346229632,0.5014392917594381,latent location index,ok,,5000-minus200 response/link difference-in-differences,1.0,1.0
Q1/endpoint/ordinal/ordered_probit/food-medical,Q1,endpoint,ordinal,ordered_probit,food-medical,1833,1,-0.10729089853678496,0.12118108634331574,-0.3448058277696838,0.13022403069611388,[-0.10729089853678496],[-0.3448058277696838],[0.13022403069611388],0.8853766026888159,0.7838917285887894,0.375953547249425,latent location index,ok,,5000-minus200 response/link difference-in-differences,1.0,1.0
Q1/endpoint/ordinal/ordered_probit/restricted-cash,Q1,endpoint,ordinal,ordered_probit,restricted-cash,1833,1,0.0289483601428304,0.10752648822718734,-0.1818035567824568,0.23970027706811758,[0.0289483601428304],[-0.1818035567824568],[0.23970027706811758],0.2692207345381433,0.07247980390525743,0.7877598252693034,latent location index,ok,,5000-minus200 response/link difference-in-differences,1.0,1.0
Q1/endpoint/ordinal/ordered_location_scale/omnibus,Q1,endpoint,ordinal,ordered_location_scale,omnibus,1833,2,,,,,"[-0.051310324962647515, 0.051320968323838076]","[-0.2586096941187017, -0.15881952888646927]","[0.15598904419340667, 0.26146146553414545]",0.9911921349365845,0.9824618483601444,0.6118727614699866,latent location index,ok,,5000-minus200 response/link difference-in-differences,1.0,1.0
Q1/endpoint/ordinal/ordered_location_scale/cash-food,Q1,endpoint,ordinal,ordered_location_scale,cash-food,1833,1,0.051310324962647515,0.10576498426329295,-0.15598904419340667,0.2586096941187017,[0.051310324962647515],[-0.15598904419340667],[0.2586096941187017],0.4851352772380206,0.2353562372208111,0.6275803895258834,latent location index,ok,,5000-minus200 response/link difference-in-differences,1.0,1.0
Q1/endpoint/ordinal/ordered_location_scale/cash-medical,Q1,endpoint,ordinal,ordered_location_scale,cash-medical,1833,1,-0.051320968323838076,0.10721453939301397,-0.26146146553414545,0.15881952888646927,[-0.051320968323838076],[-0.26146146553414545],[0.15881952888646927],0.4786754540418435,0.229130190302165,0.6321695305695922,latent location index,ok,,5000-minus200 response/link difference-in-differences,1.0,1.0
Q1/endpoint/ordinal/ordered_location_scale/food-medical,Q1,endpoint,ordinal,ordered_location_scale,food-medical,1833,1,-0.1026312932864856,0.1035564794736746,-0.30560199305488783,0.10033940648191664,[-0.1026312932864856],[-0.30560199305488783],[0.10033940648191664],0.9910658783314065,0.9822115751928022,0.3216534131392368,latent location index,ok,,5000-minus200 response/link difference-in-differences,1.0,1.0
Q1/endpoint/ordinal/ordered_location_scale/restricted-cash,Q1,endpoint,ordinal,ordered_location_scale,restricted-cash,1833,1,5.321680595280626e-06,0.09305701782504087,-0.18238643325648485,0.1823970766176754,[5.321680595280626e-06],[-0.18238643325648485],[0.1823970766176754],5.7187310744108166e-05,3.270388510143189e-09,0.9999543711277084,latent location index,ok,,5000-minus200 response/link difference-in-differences,1.0,1.0
Q1/endpoint/midpoint/OLS_HC3/omnibus,Q1,endpoint,midpoint,OLS_HC3,omnibus,1833,2,,,,,"[0.015408201042202651, 0.03921383628040276]","[-0.04856481640471168, -0.02033569825190181]","[0.07938121848911699, 0.09876337081270734]",1.327622108178189,1.7625804621234988,0.4142480909803804,response units,ok,,5000-minus200 response/link difference-in-differences,1.0,1.0
Q1/endpoint/midpoint/OLS_HC3/cash-food,Q1,endpoint,midpoint,OLS_HC3,cash-food,1833,1,-0.015408201042202651,0.03263929461577262,-0.07938121848911699,0.04856481640471168,[-0.015408201042202651],[-0.07938121848911699],[0.04856481640471168],0.4720751849446155,0.2228549802404929,0.6368731241856256,response units,ok,,5000-minus200 response/link difference-in-differences,1.0,1.0
Q1/endpoint/midpoint/OLS_HC3/cash-medical,Q1,endpoint,midpoint,OLS_HC3,cash-medical,1833,1,-0.03921383628040276,0.030382415577706413,-0.09876337081270734,0.02033569825190181,[-0.03921383628040276],[-0.09876337081270734],[0.02033569825190181],1.2906753967639275,1.6658429798117218,0.19681625945175188,response units,ok,,5000-minus200 response/link difference-in-differences,1.0,1.0
Q1/endpoint/midpoint/OLS_HC3/food-medical,Q1,endpoint,midpoint,OLS_HC3,food-medical,1833,1,-0.023805635238200108,0.029470986394630107,-0.08156876857167512,0.0339574980952749,[-0.023805635238200108],[-0.08156876857167512],[0.0339574980952749],0.807765132779462,0.652484509734222,0.41922580062495873,response units,ok,,5000-minus200 response/link difference-in-differences,1.0,1.0
Q1/endpoint/midpoint/OLS_HC3/restricted-cash,Q1,endpoint,midpoint,OLS_HC3,restricted-cash,1833,1,0.027311018661302706,0.02787602204238819,-0.027325984541778148,0.08194802186438356,[0.027311018661302706],[-0.027325984541778148],[0.08194802186438356],0.9797315635557204,0.9598739366273367,0.32721864140837964,response units,ok,,5000-minus200 response/link difference-in-differences,1.0,1.0
Q1/endpoint/any_spending/OLS_HC3/omnibus,Q1,endpoint,any_spending,OLS_HC3,omnibus,1833,2,,,,,"[-0.05796237438711561, -0.037153449362872654]","[-0.16339517778510623, -0.1439680580107541]","[0.04747042901087501, 0.0696611592850088]",1.0911609555176498,1.1906322308461905,0.5513882359895901,response units,ok,,5000-minus200 response/link difference-in-differences,1.0,1.0
Q1/endpoint/any_spending/OLS_HC3/cash-food,Q1,endpoint,any_spending,OLS_HC3,cash-food,1833,1,0.05796237438711561,0.05379224663162787,-0.04747042901087501,0.16339517778510623,[0.05796237438711561],[-0.04747042901087501],[0.16339517778510623],1.0775228404949322,1.161055471788267,0.28124675240019303,response units,ok,,5000-minus200 response/link difference-in-differences,1.0,1.0
Q1/endpoint/any_spending/OLS_HC3/cash-medical,Q1,endpoint,any_spending,OLS_HC3,cash-medical,1833,1,0.037153449362872654,0.054497249310143596,-0.0696611592850088,0.1439680580107541,[0.037153449362872654],[-0.0696611592850088],[0.1439680580107541],0.6817490760209298,0.46478180265539154,0.4953976296924464,response units,ok,,5000-minus200 response/link difference-in-differences,1.0,1.0
Q1/endpoint/any_spending/OLS_HC3/food-medical,Q1,endpoint,any_spending,OLS_HC3,food-medical,1833,1,-0.020808925024242954,0.05447624925385988,-0.12758237356180832,0.0859645235133224,[-0.020808925024242954],[-0.12758237356180832],[0.0859645235133224],0.3819816031620156,0.1459099451542236,0.7024750103959434,response units,ok,,5000-minus200 response/link difference-in-differences,1.0,1.0
Q1/endpoint/any_spending/OLS_HC3/restricted-cash,Q1,endpoint,any_spending,OLS_HC3,restricted-cash,1833,1,-0.04755791187499413,0.04679596731378406,-0.13927800781001087,0.04416218406002263,[-0.04755791187499413],[-0.13927800781001087],[0.04416218406002263],1.016282269711425,1.032829651729806,0.3094949892569632,response units,ok,,5000-minus200 response/link difference-in-differences,1.0,1.0
Q1/endpoint/any_spending/logit/omnibus,Q1,endpoint,any_spending,logit,omnibus,1833,2,,,,,"[-0.27270003607497867, -0.18131463131661688]","[-0.7639870872759871, -0.6572374540630962]","[0.21858701512602968, 0.2946081914298624]",1.1054299979985143,1.2219754804749952,0.5428144445257039,logit index,ok,,5000-minus200 response/link difference-in-differences,1.0,1.0
Q1/endpoint/any_spending/logit/cash-food,Q1,endpoint,any_spending,logit,cash-food,1833,1,0.27270003607497867,0.25065665877602467,-0.21858701512602968,0.7639870872759871,[0.27270003607497867],[-0.21858701512602968],[0.7639870872759871],1.0879425162953718,1.1836189187631052,0.27662048519831683,logit index,ok,,5000-minus200 response/link difference-in-differences,1.0,1.0
Q1/endpoint/any_spending/logit/cash-medical,Q1,endpoint,any_spending,logit,cash-medical,1833,1,0.18131463131661688,0.2428177667073874,-0.2946081914298624,0.6572374540630962,[0.18131463131661688],[-0.2946081914298624],[0.6572374540630962],0.7467107278649583,0.5575769111086158,0.4552381926890017,logit index,ok,,5000-minus200 response/link difference-in-differences,1.0,1.0
Q1/endpoint/any_spending/logit/food-medical,Q1,endpoint,any_spending,logit,food-medical,1833,1,-0.0913854047583618,0.23825627328309978,-0.5583677003932374,0.3755968908765138,[-0.0913854047583618],[-0.5583677003932374],[0.3755968908765138],0.3835592805137863,0.1471177216682534,0.7013051251212012,logit index,ok,,5000-minus200 response/link difference-in-differences,1.0,1.0
Q1/endpoint/any_spending/logit/restricted-cash,Q1,endpoint,any_spending,logit,restricted-cash,1833,1,-0.22700733369579779,0.21610900321151372,-0.6505809799903647,0.1965663125987691,[-0.22700733369579779],[-0.6505809799903647],[0.1965663125987691],1.0504297846102113,1.103402732396255,0.293520557724475,logit index,ok,,5000-minus200 response/link difference-in-differences,1.0,1.0
Q1/endpoint/any_spending/probit/omnibus,Q1,endpoint,any_spending,probit,omnibus,1833,2,,,,,"[-0.16511363569042237, -0.1089819958409045]","[-0.46302255210169596, -0.40013849693299225]","[0.13279528072085123, 0.18217450525118323]",1.103001403233978,1.2166120955361248,0.5442720594979031,probit index,ok,,5000-minus200 response/link difference-in-differences,1.0,1.0
Q1/endpoint/any_spending/probit/cash-food,Q1,endpoint,any_spending,probit,cash-food,1833,1,0.16511363569042237,0.15199434510779264,-0.13279528072085123,0.46302255210169596,[0.16511363569042237],[-0.13279528072085123],[0.46302255210169596],1.0863143334268501,1.1800788310086217,0.27733994771506987,probit index,ok,,5000-minus200 response/link difference-in-differences,1.0,1.0
Q1/endpoint/any_spending/probit/cash-medical,Q1,endpoint,any_spending,probit,cash-medical,1833,1,0.1089819958409045,0.14854923525106517,-0.18217450525118323,0.40013849693299225,[0.1089819958409045],[-0.18217450525118323],[0.40013849693299225],0.7336422544129054,0.5382309574600502,0.46316680108191777,probit index,ok,,5000-minus200 response/link difference-in-differences,1.0,1.0
Q1/endpoint/any_spending/probit/food-medical,Q1,endpoint,any_spending,probit,food-medical,1833,1,-0.05613163984951787,0.14639417146984374,-0.3430642159304116,0.23080093623137587,[-0.05613163984951787],[-0.3430642159304116],[0.23080093623137587],0.383428105681657,0.14701711222662395,0.7014023674375632,probit index,ok,,5000-minus200 response/link difference-in-differences,1.0,1.0
Q1/endpoint/any_spending/probit/restricted-cash,Q1,endpoint,any_spending,probit,restricted-cash,1833,1,-0.13704781576566344,0.13125077050869466,-0.39429932596270495,0.12020369443137807,[-0.13704781576566344],[-0.39429932596270495],[0.12020369443137807],1.0441677045742352,1.0902861952758274,0.2964078059557035,probit index,ok,,5000-minus200 response/link difference-in-differences,1.0,1.0
Q1/endpoint/ge10/OLS_HC3/omnibus,Q1,endpoint,ge10,OLS_HC3,omnibus,1833,2,,,,,"[-0.052814195591829774, 0.054094283125475526]","[-0.16650824589092061, -0.05801831080834817]","[0.060879854707261066, 0.1662068770592992]",1.8866084400107894,3.5592914059199443,0.16869790585052777,response units,ok,,5000-minus200 response/link difference-in-differences,0.9962007598480304,1.0
Q1/endpoint/ge10/OLS_HC3/cash-food,Q1,endpoint,ge10,OLS_HC3,cash-food,1833,1,0.052814195591829774,0.05800716851994431,-0.060879854707261066,0.16650824589092061,[0.052814195591829774],[-0.060879854707261066],[0.16650824589092061],0.9104770486025523,0.8289684560320144,0.36257098036933455,response units,ok,,5000-minus200 response/link difference-in-differences,1.0,1.0
Q1/endpoint/ge10/OLS_HC3/cash-medical,Q1,endpoint,ge10,OLS_HC3,cash-medical,1833,1,-0.054094283125475526,0.05720030302746107,-0.1662068770592992,0.05801831080834817,[-0.054094283125475526],[-0.1662068770592992],[0.05801831080834817],0.9456992404306951,0.8943470533511937,0.34430201003335215,response units,ok,,5000-minus200 response/link difference-in-differences,1.0,1.0
Q1/endpoint/ge10/OLS_HC3/food-medical,Q1,endpoint,ge10,OLS_HC3,food-medical,1833,1,-0.1069084787173053,0.05668216326909595,-0.21800551872473334,0.004188561290122753,[-0.1069084787173053],[-0.21800551872473334],[0.004188561290122753],1.8861044207110136,3.557389885825628,0.05928088472406892,response units,ok,,5000-minus200 response/link difference-in-differences,0.9962007598480304,1.0
Q1/endpoint/ge10/OLS_HC3/restricted-cash,Q1,endpoint,ge10,OLS_HC3,restricted-cash,1833,1,0.0006400437668228759,0.05015113383415356,-0.0976561785481181,0.09893626608176385,[0.0006400437668228759],[-0.0976561785481181],[0.09893626608176385],0.012762299032748847,0.00016287627660130214,0.989817435058548,response units,ok,,5000-minus200 response/link difference-in-differences,1.0,1.0
Q1/endpoint/ge10/logit/omnibus,Q1,endpoint,ge10,logit,omnibus,1833,2,,,,,"[-0.21146701724447606, 0.219834204843401]","[-0.6667602780068596, -0.23247869304239027]","[0.2438262435179074, 0.6721471027291923]",1.8858625043813135,3.55647738543136,0.16893543259434557,logit index,ok,,5000-minus200 response/link difference-in-differences,0.9962007598480304,1.0
Q1/endpoint/ge10/logit/cash-food,Q1,endpoint,ge10,logit,cash-food,1833,1,0.21146701724447606,0.2322924799808079,-0.2438262435179074,0.6667602780068596,[0.21146701724447606],[-0.2438262435179074],[0.6667602780068596],0.9103480976308297,0.8287336588600707,0.3626389604947087,logit index,ok,,5000-minus200 response/link difference-in-differences,1.0,1.0
Q1/endpoint/ge10/logit/cash-medical,Q1,endpoint,ge10,logit,cash-medical,1833,1,-0.219834204843401,0.23077188667642412,-0.6721471027291923,0.23247869304239027,[-0.219834204843401],[-0.6721471027291923],[0.23247869304239027],0.9526039242017407,0.9074542364045557,0.34079078820523445,logit index,ok,,5000-minus200 response/link difference-in-differences,1.0,1.0
Q1/endpoint/ge10/logit/food-medical,Q1,endpoint,ge10,logit,food-medical,1833,1,-0.431301222087877,0.22874221443103054,-0.8796359623726968,0.01703351819694282,[-0.431301222087877],[-0.8796359623726968],[0.01703351819694282],1.8855339980015857,3.555238457619844,0.05935777883696727,logit index,ok,,5000-minus200 response/link difference-in-differences,0.9962007598480304,1.0
Q1/endpoint/ge10/logit/restricted-cash,Q1,endpoint,ge10,logit,restricted-cash,1833,1,0.004183593799462468,0.20131313867259706,-0.39039015799882776,0.3987573455977527,[0.004183593799462468],[-0.39039015799882776],[0.3987573455977527],0.02078152388387526,0.0004318717349360779,0.9834199363618304,logit index,ok,,5000-minus200 response/link difference-in-differences,1.0,1.0
Q1/endpoint/ge10/probit/omnibus,Q1,endpoint,ge10,probit,omnibus,1833,2,,,,,"[-0.1324891926229974, 0.13729282180366495]","[-0.4176263206816012, -0.14552482016294235]","[0.1526479354356064, 0.4201104637702723]",1.8866996044724487,3.559635397516494,0.16866889301465818,probit index,ok,,5000-minus200 response/link difference-in-differences,0.9962007598480304,1.0
Q1/endpoint/ge10/probit/cash-food,Q1,endpoint,ge10,probit,cash-food,1833,1,0.1324891926229974,0.14547812656051215,-0.1526479354356064,0.4176263206816012,[0.1324891926229974],[-0.1526479354356064],[0.4176263206816012],0.9107155539832172,0.8294028202669583,0.3624452665931287,probit index,ok,,5000-minus200 response/link difference-in-differences,1.0,1.0
Q1/endpoint/ge10/probit/cash-medical,Q1,endpoint,ge10,probit,cash-medical,1833,1,-0.13729282180366495,0.14429471528908536,-0.4201104637702723,0.14552482016294235,[-0.13729282180366495],[-0.4201104637702723],[0.14552482016294235],0.9514750524896732,0.9053047755102265,0.34136327689346935,probit index,ok,,5000-minus200 response/link difference-in-differences,1.0,1.0
Q1/endpoint/ge10/probit/food-medical,Q1,endpoint,ge10,probit,food-medical,1833,1,-0.2697820144266624,0.14301902133547822,-0.5500992962441997,0.010535267390874903,[-0.2697820144266624],[-0.5500992962441997],[0.010535267390874903],1.8863365998976984,3.5582657681136096,0.05924961018943858,probit index,ok,,5000-minus200 response/link difference-in-differences,0.9962007598480304,1.0
Q1/endpoint/ge10/probit/restricted-cash,Q1,endpoint,ge10,probit,restricted-cash,1833,1,0.00240181459033377,0.12601117001289133,-0.24458007863493325,0.24938370781560076,[0.00240181459033377],[-0.24458007863493325],[0.24938370781560076],0.01906033084279796,0.0003632962118369152,0.9847929770779483,probit index,ok,,5000-minus200 response/link difference-in-differences,1.0,1.0
Q1/endpoint/ge25/OLS_HC3/omnibus,Q1,endpoint,ge25,OLS_HC3,omnibus,1833,2,,,,,"[0.011084642924443123, 0.051185288803834425]","[-0.09296624825563927, -0.04948415797749749]","[0.11513553410452552, 0.15185473558516632]",1.0697876420087116,1.1444455989945592,0.5642697850888028,response units,ok,,5000-minus200 response/link difference-in-differences,1.0,1.0
Q1/endpoint/ge25/OLS_HC3/cash-food,Q1,endpoint,ge25,OLS_HC3,cash-food,1833,1,-0.011084642924443123,0.05308718937759306,-0.11513553410452552,0.09296624825563927,[-0.011084642924443123],[-0.11513553410452552],[0.09296624825563927],0.2088007117046906,0.04359773720838532,0.8346038157220137,response units,ok,,5000-minus200 response/link difference-in-differences,1.0,1.0
Q1/endpoint/ge25/OLS_HC3/cash-medical,Q1,endpoint,ge25,OLS_HC3,cash-medical,1833,1,-0.051185288803834425,0.05136196264353669,-0.15185473558516632,0.04948415797749749,[-0.051185288803834425],[-0.15185473558516632],[0.04948415797749749],0.9965602202367456,0.9931322725583109,0.31897802287839977,response units,ok,,5000-minus200 response/link difference-in-differences,1.0,1.0
Q1/endpoint/ge25/OLS_HC3/food-medical,Q1,endpoint,ge25,OLS_HC3,food-medical,1833,1,-0.0401006458793913,0.050199696734265435,-0.13849205147855154,0.05829075971976895,[-0.0401006458793913],[-0.13849205147855154],[0.05829075971976895],0.7988224728062809,0.6381173430603414,0.42439335781444254,response units,ok,,5000-minus200 response/link difference-in-differences,1.0,1.0
Q1/endpoint/ge25/OLS_HC3/restricted-cash,Q1,endpoint,ge25,OLS_HC3,restricted-cash,1833,1,0.031134965864138775,0.0458055460970742,-0.05864390448612665,0.1209138362144042,[0.031134965864138775],[-0.05864390448612665],[0.1209138362144042],0.6797204381791553,0.46201987407846284,0.4966814923108098,response units,ok,,5000-minus200 response/link difference-in-differences,1.0,1.0
Q1/endpoint/ge25/logit/omnibus,Q1,endpoint,ge25,logit,omnibus,1833,2,,,,,"[0.03572298090736384, 0.2122380988664029]","[-0.4632433863708404, -0.2937731420444205]","[0.5346893481855681, 0.7182493397772263]",0.875304546796993,0.7661580496434893,0.6817590212720395,logit index,ok,,5000-minus200 response/link difference-in-differences,1.0,1.0
Q1/endpoint/ge25/logit/cash-food,Q1,endpoint,ge25,logit,cash-food,1833,1,-0.03572298090736384,0.2545746771827573,-0.5346893481855681,0.4632433863708404,[-0.03572298090736384],[-0.5346893481855681],[0.4632433863708404],0.14032417246951304,0.01969087337925364,0.8884038664078776,logit index,ok,,5000-minus200 response/link difference-in-differences,1.0,1.0
Q1/endpoint/ge25/logit/cash-medical,Q1,endpoint,ge25,logit,cash-medical,1833,1,-0.2122380988664029,0.2581690004647058,-0.7182493397772263,0.2937731420444205,[-0.2122380988664029],[-0.7182493397772263],[0.2937731420444205],0.8220897880240191,0.6758316195733767,0.41102579706618614,logit index,ok,,5000-minus200 response/link difference-in-differences,1.0,1.0
Q1/endpoint/ge25/logit/food-medical,Q1,endpoint,ge25,logit,food-medical,1833,1,-0.17651511795903907,0.25907186213609834,-0.6842959677457918,0.3312657318277137,[-0.17651511795903907],[-0.6842959677457918],[0.3312657318277137],0.6813365083480594,0.46421943760792517,0.49565858746481195,logit index,ok,,5000-minus200 response/link difference-in-differences,1.0,1.0
Q1/endpoint/ge25/logit/restricted-cash,Q1,endpoint,ge25,logit,restricted-cash,1833,1,0.12398053988688337,0.22124690301597166,-0.3096633900244211,0.5576244697981878,[0.12398053988688337],[-0.3096633900244211],[0.5576244697981878],0.5603718659869028,0.3140166281896434,0.5752258174548478,logit index,ok,,5000-minus200 response/link difference-in-differences,1.0,1.0
Q1/endpoint/ge25/probit/omnibus,Q1,endpoint,ge25,probit,omnibus,1833,2,,,,,"[0.02371764380980524, 0.1322323346443728]","[-0.2768402113322587, -0.16948024232896433]","[0.3242754989518692, 0.43394491161771]",0.9155905158109919,0.8383059926430383,0.6576035766426291,probit index,ok,,5000-minus200 response/link difference-in-differences,1.0,1.0
Q1/endpoint/ge25/probit/cash-food,Q1,endpoint,ge25,probit,cash-food,1833,1,-0.02371764380980524,0.15334584446023672,-0.3242754989518692,0.2768402113322587,[-0.02371764380980524],[-0.3242754989518692],[0.2768402113322587],0.15466766571529322,0.02392208681781769,0.8770833222115552,probit index,ok,,5000-minus200 response/link difference-in-differences,1.0,1.0
Q1/endpoint/ge25/probit/cash-medical,Q1,endpoint,ge25,probit,cash-medical,1833,1,-0.1322323346443728,0.15393498825170263,-0.43394491161771,0.16948024232896433,[-0.1322323346443728],[-0.43394491161771],[0.16948024232896433],0.8590141601086602,0.7379053272671868,0.3903327037727332,probit index,ok,,5000-minus200 response/link difference-in-differences,1.0,1.0
Q1/endpoint/ge25/probit/food-medical,Q1,endpoint,ge25,probit,food-medical,1833,1,-0.10851469083456758,0.15370466869795893,-0.40977584148256707,0.19274645981343194,[-0.10851469083456758],[-0.40977584148256707],[0.19274645981343194],0.7059947609516468,0.49842860249117293,0.48019139551300094,probit index,ok,,5000-minus200 response/link difference-in-differences,1.0,1.0
Q1/endpoint/ge25/probit/restricted-cash,Q1,endpoint,ge25,probit,restricted-cash,1833,1,0.07797498922708902,0.13303827650623765,-0.18278003272513677,0.3387300111793148,[0.07797498922708902],[-0.18278003272513677],[0.3387300111793148],0.586109436132338,0.3435242711233672,0.5578019755617608,probit index,ok,,5000-minus200 response/link difference-in-differences,1.0,1.0
Q1/endpoint/ge50/OLS_HC3/omnibus,Q1,endpoint,ge50,OLS_HC3,omnibus,1833,2,,,,,"[0.03680160107036947, 0.03628975353695063]","[-0.04680182290175113, -0.041145250338856326]","[0.12040502504249007, 0.11372475741275759]",1.0089822442567093,1.0180451692253059,0.6010827993634826,response units,ok,,5000-minus200 response/link difference-in-differences,1.0,1.0
Q1/endpoint/ge50/OLS_HC3/cash-food,Q1,endpoint,ge50,OLS_HC3,cash-food,1833,1,-0.03680160107036947,0.04265480814904112,-0.12040502504249007,0.04680182290175113,[-0.03680160107036947],[-0.12040502504249007],[0.04680182290175113],0.8627773202444182,0.7443847043281394,0.38825991108416913,response units,ok,,5000-minus200 response/link difference-in-differences,1.0,1.0
Q1/endpoint/ge50/OLS_HC3/cash-medical,Q1,endpoint,ge50,OLS_HC3,cash-medical,1833,1,-0.03628975353695063,0.03950765503867702,-0.11372475741275759,0.041145250338856326,[-0.03628975353695063],[-0.11372475741275759],[0.041145250338856326],0.918549924095061,0.8437339630550423,0.3583310345862355,response units,ok,,5000-minus200 response/link difference-in-differences,1.0,1.0
Q1/endpoint/ge50/OLS_HC3/food-medical,Q1,endpoint,ge50,OLS_HC3,food-medical,1833,1,0.0005118475334188397,0.03846636644463547,-0.07488223069806668,0.07590592576490435,[0.0005118475334188397],[-0.07488223069806668],[0.07590592576490435],0.01330636555328251,0.00017705936423758337,0.9893833696611977,response units,ok,,5000-minus200 response/link difference-in-differences,1.0,1.0
Q1/endpoint/ge50/OLS_HC3/restricted-cash,Q1,endpoint,ge50,OLS_HC3,restricted-cash,1833,1,0.036545677303660054,0.03633494730393948,-0.03467081941206132,0.10776217401938143,[0.036545677303660054],[-0.03467081941206132],[0.10776217401938143],1.0057996506216957,1.0116329371907251,0.31451195540610455,response units,ok,,5000-minus200 response/link difference-in-differences,1.0,1.0
Q1/endpoint/ge50/logit/omnibus,Q1,endpoint,ge50,logit,omnibus,1833,2,,,,,"[0.2584442210310147, 0.20129429959665782]","[-0.3639815072699881, -0.46807770354834377]","[0.8808699493320176, 0.8706663027416593]",0.8482503054061526,0.7195285806216313,0.6978407945236431,logit index,ok,,5000-minus200 response/link difference-in-differences,1.0,1.0
Q1/endpoint/ge50/logit/cash-food,Q1,endpoint,ge50,logit,cash-food,1833,1,-0.2584442210310147,0.31756414709234837,-0.8808699493320176,0.3639815072699881,[-0.2584442210310147],[-0.8808699493320176],[0.3639815072699881],0.8138331212681215,0.6623243492730129,0.4157405579568001,logit index,ok,,5000-minus200 response/link difference-in-differences,1.0,1.0
Q1/endpoint/ge50/logit/cash-medical,Q1,endpoint,ge50,logit,cash-medical,1833,1,-0.20129429959665782,0.3415163281352049,-0.8706663027416593,0.46807770354834377,[-0.20129429959665782],[-0.8706663027416593],[0.46807770354834377],0.5894133984626535,0.34740815428729477,0.5555839907034557,logit index,ok,,5000-minus200 response/link difference-in-differences,1.0,1.0
Q1/endpoint/ge50/logit/food-medical,Q1,endpoint,ge50,logit,food-medical,1833,1,0.057149921434356904,0.3418464432341204,-0.612869107304519,0.7271689501732329,[0.057149921434356904],[-0.612869107304519],[0.7271689501732329],0.16718009669393177,0.027949184730592377,0.8672283445529174,logit index,ok,,5000-minus200 response/link difference-in-differences,1.0,1.0
Q1/endpoint/ge50/logit/restricted-cash,Q1,endpoint,ge50,logit,restricted-cash,1833,1,0.22986926031383625,0.28200256605706114,-0.3228557691580036,0.7825942897856761,[0.22986926031383625],[-0.3228557691580036],[0.7825942897856761],0.8151318036848072,0.664439857378447,0.4149968686964882,logit index,ok,,5000-minus200 response/link difference-in-differences,1.0,1.0
Q1/endpoint/ge50/probit/omnibus,Q1,endpoint,ge50,probit,omnibus,1833,2,,,,,"[0.14430630688337165, 0.11905026283589197]","[-0.1988608965144747, -0.23812695410280127]","[0.487473510281218, 0.47622747977458524]",0.8743109180435326,0.7644195814101247,0.6823518871049603,probit index,ok,,5000-minus200 response/link difference-in-differences,1.0,1.0
Q1/endpoint/ge50/probit/cash-food,Q1,endpoint,ge50,probit,cash-food,1833,1,-0.14430630688337165,0.17508530785604406,-0.487473510281218,0.1988608965144747,[-0.14430630688337165],[-0.487473510281218],[0.1988608965144747],0.8242056895032047,0.6793150186094531,0.4098226948028927,probit index,ok,,5000-minus200 response/link difference-in-differences,1.0,1.0
Q1/endpoint/ge50/probit/cash-medical,Q1,endpoint,ge50,probit,cash-medical,1833,1,-0.11905026283589197,0.1822332739483129,-0.47622747977458524,0.23812695410280127,[-0.11905026283589197],[-0.47622747977458524],[0.23812695410280127],0.6532849915743619,0.4267812802163141,0.5135725662620811,probit index,ok,,5000-minus200 response/link difference-in-differences,1.0,1.0
Q1/endpoint/ge50/probit/food-medical,Q1,endpoint,ge50,probit,food-medical,1833,1,0.025256044047479678,0.1818410499600041,-0.33115241387412836,0.3816645019690877,[0.025256044047479678],[-0.33115241387412836],[0.3816645019690877],0.13889077330467867,0.01929064690917164,0.8895364621350439,probit index,ok,,5000-minus200 response/link difference-in-differences,1.0,1.0
Q1/endpoint/ge50/probit/restricted-cash,Q1,endpoint,ge50,probit,restricted-cash,1833,1,0.13167828485963182,0.15383554114002432,-0.16983937577481587,0.43319594549407947,[0.13167828485963182],[-0.16983937577481587],[0.43319594549407947],0.8559678984700648,0.7326810432112592,0.3920155360595712,probit index,ok,,5000-minus200 response/link difference-in-differences,1.0,1.0
Q1/endpoint/top75/OLS_HC3/omnibus,Q1,endpoint,top75,OLS_HC3,omnibus,1833,2,,,,,"[0.053963061432225665, 0.06000090885143074]","[-0.016733063206969503, -0.002638897230925988]","[0.12465918607142083, 0.12264071493378746]",1.9283126789373024,3.718389787750356,0.1557980138228947,response units,ok,,5000-minus200 response/link difference-in-differences,0.994001199760048,1.0
Q1/endpoint/top75/OLS_HC3/cash-food,Q1,endpoint,top75,OLS_HC3,cash-food,1833,1,-0.053963061432225665,0.03606945134652815,-0.12465918607142083,0.016733063206969503,[-0.053963061432225665],[-0.12465918607142083],[0.016733063206969503],1.4960876702500732,2.2382783170742915,0.13463081050927178,response units,ok,,5000-minus200 response/link difference-in-differences,1.0,1.0
Q1/endpoint/top75/OLS_HC3/cash-medical,Q1,endpoint,top75,OLS_HC3,cash-medical,1833,1,-0.06000090885143074,0.03195908473589629,-0.12264071493378746,0.002638897230925988,[-0.06000090885143074],[-0.12264071493378746],[0.002638897230925988],1.877428885941718,3.524739221768361,0.06045933554953175,response units,ok,,5000-minus200 response/link difference-in-differences,0.9972005598880224,1.0
Q1/endpoint/top75/OLS_HC3/food-medical,Q1,endpoint,top75,OLS_HC3,food-medical,1833,1,-0.006037847419205072,0.03021272685292244,-0.06525479205093306,0.05317909721252291,[-0.006037847419205072],[-0.06525479205093306],[0.05317909721252291],0.19984450422491534,0.0399378258689022,0.8416021939859046,response units,ok,,5000-minus200 response/link difference-in-differences,1.0,1.0
Q1/endpoint/top75/OLS_HC3/restricted-cash,Q1,endpoint,top75,OLS_HC3,restricted-cash,1833,1,0.0569819851418282,0.03054491762676002,-0.0028860534066214374,0.11685002369027783,[0.0569819851418282],[-0.0028860534066214374],[0.11685002369027783],1.865514447873547,3.480144155224945,0.06210932896285636,response units,ok,,5000-minus200 response/link difference-in-differences,0.9976004799040192,1.0
Q1/endpoint/top75/logit/omnibus,Q1,endpoint,top75,logit,omnibus,1833,2,,,,,"[0.49635113357806376, 0.3255169697984124]","[-0.25954607638275934, -0.5681404255181504]","[1.252248343538887, 1.2191743651149751]",1.3011089631012456,1.6928845338623983,0.42893826839164095,logit index,ok,,5000-minus200 response/link difference-in-differences,1.0,1.0
Q1/endpoint/top75/logit/cash-food,Q1,endpoint,top75,logit,cash-food,1833,1,-0.49635113357806376,0.3856618418167465,-1.252248343538887,0.25954607638275934,[-0.49635113357806376],[-1.252248343538887],[0.25954607638275934],1.2870112615754012,1.656397987421906,0.198090362954483,logit index,ok,,5000-minus200 response/link difference-in-differences,1.0,1.0
Q1/endpoint/top75/logit/cash-medical,Q1,endpoint,top75,logit,cash-medical,1833,1,-0.3255169697984124,0.45594765067171567,-1.2191743651149751,0.5681404255181504,[-0.3255169697984124],[-1.2191743651149751],[0.5681404255181504],0.7139349645049186,0.5097031335426393,0.4752673955405522,logit index,ok,,5000-minus200 response/link difference-in-differences,1.0,1.0
Q1/endpoint/top75/logit/food-medical,Q1,endpoint,top75,logit,food-medical,1833,1,0.17083416377965138,0.45706087158511594,-0.7250051445271759,1.0666734720864786,[0.17083416377965138],[-0.7250051445271759],[1.0666734720864786],0.37376676587341146,0.13970159527146958,0.7085778473167192,logit index,ok,,5000-minus200 response/link difference-in-differences,1.0,1.0
Q1/endpoint/top75/logit/restricted-cash,Q1,endpoint,top75,logit,restricted-cash,1833,1,0.41093405168823804,0.35508519838164837,-0.2850329371397927,1.1069010405162687,[0.41093405168823804],[-0.2850329371397927],[1.1069010405162687],1.1572829663447783,1.3393038641917694,0.24715677046817564,logit index,ok,,5000-minus200 response/link difference-in-differences,1.0,1.0
Q1/endpoint/top75/probit/omnibus,Q1,endpoint,top75,probit,omnibus,1833,2,,,,,"[0.26281688526722446, 0.20146570268229996]","[-0.12421966878060842, -0.22676517651401118]","[0.6498534393150573, 0.6296965818786111]",1.378850669469813,1.9012291686973517,0.386503411498269,probit index,ok,,5000-minus200 response/link difference-in-differences,1.0,1.0
Q1/endpoint/top75/probit/cash-food,Q1,endpoint,top75,probit,cash-food,1833,1,-0.26281688526722446,0.19746762961624126,-0.6498534393150573,0.12421966878060842,[-0.26281688526722446],[-0.6498534393150573],[0.12421966878060842],1.3309365478179032,1.7713920943174377,0.18320989020468828,probit index,ok,,5000-minus200 response/link difference-in-differences,1.0,1.0
Q1/endpoint/top75/probit/cash-medical,Q1,endpoint,top75,probit,cash-medical,1833,1,-0.20146570268229996,0.21848514244709752,-0.6296965818786111,0.22676517651401118,[-0.20146570268229996],[-0.6296965818786111],[0.22676517651401118],0.9221025302948528,0.8502730763761699,0.3564750972711589,probit index,ok,,5000-minus200 response/link difference-in-differences,1.0,1.0
Q1/endpoint/top75/probit/food-medical,Q1,endpoint,top75,probit,food-medical,1833,1,0.0613511825849245,0.21862057326910425,-0.3671451410225198,0.48984750619236883,[0.0613511825849245],[-0.3671451410225198],[0.48984750619236883],0.28062858708821586,0.07875240389112835,0.7789952874331887,probit index,ok,,5000-minus200 response/link difference-in-differences,1.0,1.0
Q1/endpoint/top75/probit/restricted-cash,Q1,endpoint,top75,probit,restricted-cash,1833,1,0.23214129397476221,0.17724523221814692,-0.11525936117280575,0.5795419491223301,[0.23214129397476221],[-0.11525936117280575],[0.5795419491223301],1.309718129337613,1.7153615783156164,0.19029120821539788,probit index,ok,,5000-minus200 response/link difference-in-differences,1.0,1.0
Q2/trend/ordinal/OLS_HC3/omnibus,Q2,trend,ordinal,OLS_HC3,omnibus,1208,2,,,,,"[-0.05662136248232893, -0.0007595910275112115]","[-0.34651991361978174, -0.28639646399264124]","[0.2332771886551239, 0.2848772819376188]",0.4512636606952645,0.20363889146409084,0.9031926122287168,response units,ok,,per-fivefold amount slope difference,1.0,1.0
Q2/trend/ordinal/OLS_HC3/cash-food,Q2,trend,ordinal,OLS_HC3,cash-food,1208,1,0.05662136248232893,0.14790742404972085,-0.2332771886551239,0.34651991361978174,[0.05662136248232893],[-0.2332771886551239],[0.34651991361978174],0.3828162301257777,0.1465482660477124,0.7018560266387808,response units,ok,,per-fivefold amount slope difference,1.0,1.0
Q2/trend/ordinal/OLS_HC3/cash-medical,Q2,trend,ordinal,OLS_HC3,cash-medical,1208,1,0.0007595910275112115,0.14573309845159696,-0.2848772819376188,0.28639646399264124,[0.0007595910275112115],[-0.2848772819376188],[0.28639646399264124],0.005212206668092617,2.7167098350909142e-05,0.9958412796018847,response units,ok,,per-fivefold amount slope difference,1.0,1.0
Q2/trend/ordinal/OLS_HC3/food-medical,Q2,trend,ordinal,OLS_HC3,food-medical,1208,1,-0.055861771454817716,0.1409533210117273,-0.33213028063780325,0.2204067377281678,[-0.055861771454817716],[-0.33213028063780325],[0.2204067377281678],0.3963139786551749,0.15706476967749444,0.691873416242649,response units,ok,,per-fivefold amount slope difference,1.0,1.0
Q2/trend/ordinal/OLS_HC3/restricted-cash,Q2,trend,ordinal,OLS_HC3,restricted-cash,1208,1,-0.02869047675492007,0.12880377075460422,-0.2811458674339444,0.22376491392410422,[-0.02869047675492007],[-0.2811458674339444],[0.22376491392410422],0.22274562760729194,0.049615614618166375,0.823733487649633,response units,ok,,per-fivefold amount slope difference,1.0,1.0
Q2/trend/ordinal/ordered_logit/omnibus,Q2,trend,ordinal,ordered_logit,omnibus,1208,2,,,,,"[-0.11974401623359139, -0.07671112702655081]","[-0.4298992668129836, -0.392363784939993]","[0.19041123434580087, 0.2389415308868914]",0.7637094433152525,0.5832521138088929,0.7470478371294759,latent location index,ok,,per-fivefold amount slope difference,1.0,1.0
Q2/trend/ordinal/ordered_logit/cash-food,Q2,trend,ordinal,ordered_logit,cash-food,1208,1,0.11974401623359139,0.1582424747854042,-0.19041123434580087,0.4298992668129836,[0.11974401623359139],[-0.19041123434580087],[0.4298992668129836],0.7567122316304686,0.5726134014991641,0.4492222851433806,latent location index,ok,,per-fivefold amount slope difference,1.0,1.0
Q2/trend/ordinal/ordered_logit/cash-medical,Q2,trend,ordinal,ordered_logit,cash-medical,1208,1,0.07671112702655081,0.1610472744456338,-0.2389415308868914,0.392363784939993,[0.07671112702655081],[-0.2389415308868914],[0.392363784939993],0.4763267636202492,0.22688718574094077,0.6338416011398524,latent location index,ok,,per-fivefold amount slope difference,1.0,1.0
Q2/trend/ordinal/ordered_logit/food-medical,Q2,trend,ordinal,ordered_logit,food-medical,1208,1,-0.043032889207040584,0.15766876079153555,-0.35206366035845027,0.26599788194436913,[-0.043032889207040584],[-0.35206366035845027],[0.26599788194436913],0.2729322472695606,0.07449201159961258,0.7849052975091293,latent location index,ok,,per-fivefold amount slope difference,1.0,1.0
Q2/trend/ordinal/ordered_logit/restricted-cash,Q2,trend,ordinal,ordered_logit,restricted-cash,1208,1,-0.09822757163007109,0.13882936715228403,-0.37033313124854783,0.17387798798840562,[-0.09822757163007109],[-0.37033313124854783],[0.17387798798840562],0.7075417373495896,0.5006153100916756,0.4792298849871991,latent location index,ok,,per-fivefold amount slope difference,1.0,1.0
Q2/trend/ordinal/ordered_probit/omnibus,Q2,trend,ordinal,ordered_probit,omnibus,1208,2,,,,,"[-0.053778033004726736, -0.0326309235097735]","[-0.23810568470596438, -0.22043008060441277]","[0.13054961869651094, 0.15516823358486576]",0.5745625724106981,0.3301221496151987,0.8478419207244196,latent location index,ok,,per-fivefold amount slope difference,1.0,1.0
Q2/trend/ordinal/ordered_probit/cash-food,Q2,trend,ordinal,ordered_probit,cash-food,1208,1,0.053778033004726736,0.0940447202557335,-0.13054961869651094,0.23810568470596438,[0.053778033004726736],[-0.13054961869651094],[0.23810568470596438],0.5718346852272987,0.3269949072290038,0.5674339764923435,latent location index,ok,,per-fivefold amount slope difference,1.0,1.0
Q2/trend/ordinal/ordered_probit/cash-medical,Q2,trend,ordinal,ordered_probit,cash-medical,1208,1,0.0326309235097735,0.09581589647685677,-0.15516823358486576,0.22043008060441277,[0.0326309235097735],[-0.15516823358486576],[0.22043008060441277],0.3405585577092119,0.11598013122897861,0.7334359324195525,latent location index,ok,,per-fivefold amount slope difference,1.0,1.0
Q2/trend/ordinal/ordered_probit/food-medical,Q2,trend,ordinal,ordered_probit,food-medical,1208,1,-0.021147109494953235,0.09384266497997126,-0.20507873285569692,0.16278451386579043,[-0.021147109494953235],[-0.20507873285569692],[0.16278451386579043],0.22534642957408169,0.050781013321786556,0.821709782802187,latent location index,ok,,per-fivefold amount slope difference,1.0,1.0
Q2/trend/ordinal/ordered_probit/restricted-cash,Q2,trend,ordinal,ordered_probit,restricted-cash,1208,1,-0.043204478257250115,0.0825283967503651,-0.2049601358879657,0.11855117937346547,[-0.043204478257250115],[-0.2049601358879657],[0.11855117937346547],0.5235104516562534,0.2740631929933345,0.6006190796920676,latent location index,ok,,per-fivefold amount slope difference,1.0,1.0
Q2/trend/ordinal/ordered_location_scale/omnibus,Q2,trend,ordinal,ordered_location_scale,omnibus,1208,2,,,,,"[-0.10576944464761141, -0.08285225769218967]","[-0.2879196937830294, -0.2635580996997134]","[0.07638080448780656, 0.09785358431533407]",1.1799711450660533,1.3923319031884929,0.4984928904367182,latent location index,ok,,per-fivefold amount slope difference,1.0,1.0
Q2/trend/ordinal/ordered_location_scale/cash-food,Q2,trend,ordinal,ordered_location_scale,cash-food,1208,1,0.10576944464761141,0.09293380057929489,-0.07638080448780656,0.2879196937830294,[0.10576944464761141],[-0.07638080448780656],[0.2879196937830294],1.1381159921181168,1.2953080115150053,0.2550720512003918,latent location index,ok,,per-fivefold amount slope difference,1.0,1.0
Q2/trend/ordinal/ordered_location_scale/cash-medical,Q2,trend,ordinal,ordered_location_scale,cash-medical,1208,1,0.08285225769218967,0.09219685816710395,-0.09785358431533407,0.2635580996997134,[0.08285225769218967],[-0.09785358431533407],[0.2635580996997134],0.8986451310740168,0.8075630716030368,0.3688417115251529,latent location index,ok,,per-fivefold amount slope difference,1.0,1.0
Q2/trend/ordinal/ordered_location_scale/food-medical,Q2,trend,ordinal,ordered_location_scale,food-medical,1208,1,-0.022917186955421748,0.08649115970160343,-0.19243985997056445,0.14660548605972096,[-0.022917186955421748],[-0.19243985997056445],[0.14660548605972096],0.2649656570045609,0.0702067993918586,0.791035918232965,latent location index,ok,,per-fivefold amount slope difference,1.0,1.0
Q2/trend/ordinal/ordered_location_scale/restricted-cash,Q2,trend,ordinal,ordered_location_scale,restricted-cash,1208,1,-0.09431085116990054,0.0818431169761181,-0.254723360443092,0.06610165810329094,[-0.09431085116990054],[-0.254723360443092],[0.06610165810329094],1.1523369912392332,1.3278805413782886,0.24918262191478624,latent location index,ok,,per-fivefold amount slope difference,1.0,1.0
Q2/trend/midpoint/OLS_HC3/omnibus,Q2,trend,midpoint,OLS_HC3,omnibus,1208,2,,,,,"[0.0034409749476561192, 0.01532194121400403]","[-0.04605930571937178, -0.03208885309283934]","[0.05294125561468402, 0.0627327355208474]",0.6891438089670276,0.4749191894375831,0.7886287551039519,response units,ok,,per-fivefold amount slope difference,1.0,1.0
Q2/trend/midpoint/OLS_HC3/cash-food,Q2,trend,midpoint,OLS_HC3,cash-food,1208,1,-0.0034409749476561192,0.02525524523827954,-0.05294125561468402,0.04605930571937178,[-0.0034409749476561192],[-0.05294125561468402],[0.04605930571937178],0.13624793246674205,0.018563499101461902,0.8916252838035086,response units,ok,,per-fivefold amount slope difference,1.0,1.0
Q2/trend/midpoint/OLS_HC3/cash-medical,Q2,trend,midpoint,OLS_HC3,cash-medical,1208,1,-0.01532194121400403,0.024189180768797638,-0.0627327355208474,0.03208885309283934,[-0.01532194121400403],[-0.0627327355208474],[0.03208885309283934],0.6334212539255678,0.40122248492463863,0.5264585892184134,response units,ok,,per-fivefold amount slope difference,1.0,1.0
Q2/trend/midpoint/OLS_HC3/food-medical,Q2,trend,midpoint,OLS_HC3,food-medical,1208,1,-0.01188096626634791,0.023002522715933706,-0.056965910789577974,0.033203978256882156,[-0.01188096626634791],[-0.056965910789577974],[0.033203978256882156],0.5165070985069841,0.2667795828081033,0.6055002824141971,response units,ok,,per-fivefold amount slope difference,1.0,1.0
Q2/trend/midpoint/OLS_HC3/restricted-cash,Q2,trend,midpoint,OLS_HC3,restricted-cash,1208,1,0.009381458080830074,0.02189047569906474,-0.033523874289336814,0.05228679045099696,[0.009381458080830074],[-0.033523874289336814],[0.05228679045099696],0.42856346338928086,0.18366664215221548,0.6682409394497022,response units,ok,,per-fivefold amount slope difference,1.0,1.0
Q2/trend/any_spending/OLS_HC3/omnibus,Q2,trend,any_spending,OLS_HC3,omnibus,1208,2,,,,,"[-0.06106800975361529, -0.06775601761521405]","[-0.14135608804167377, -0.1517195036106312]","[0.019220068534443177, 0.016207468380203094]",1.7873675586222209,3.194682789615158,0.20243399527909514,response units,ok,,per-fivefold amount slope difference,0.999000199960008,1.0
Q2/trend/any_spending/OLS_HC3/cash-food,Q2,trend,any_spending,OLS_HC3,cash-food,1208,1,0.06106800975361529,0.04096330524900942,-0.019220068534443177,0.14135608804167377,[0.06106800975361529],[-0.019220068534443177],[0.14135608804167377],1.4907979076002915,2.2224784013054073,0.13601456130084852,response units,ok,,per-fivefold amount slope difference,1.0,1.0
Q2/trend/any_spending/OLS_HC3/cash-medical,Q2,trend,any_spending,OLS_HC3,cash-medical,1208,1,0.06775601761521405,0.04283851326296793,-0.016207468380203094,0.1517195036106312,[0.06775601761521405],[-0.016207468380203094],[0.1517195036106312],1.5816612775351904,2.5016523968542503,0.11372691701303973,response units,ok,,per-fivefold amount slope difference,1.0,1.0
Q2/trend/any_spending/OLS_HC3/food-medical,Q2,trend,any_spending,OLS_HC3,food-medical,1208,1,0.00668800786159876,0.0427141543934072,-0.07703173474947934,0.09040775047267686,[0.00668800786159876],[-0.07703173474947934],[0.09040775047267686],0.15657591626421227,0.024516017553977615,0.8755790844371133,response units,ok,,per-fivefold amount slope difference,1.0,1.0
Q2/trend/any_spending/OLS_HC3/restricted-cash,Q2,trend,any_spending,OLS_HC3,restricted-cash,1208,1,-0.06441201368441467,0.03606162158537167,-0.13509279199174312,0.0062687646229138,[-0.06441201368441467],[-0.13509279199174312],[0.0062687646229138],1.7861652042442617,3.190386136852945,0.0740725131863539,response units,ok,,per-fivefold amount slope difference,0.999000199960008,1.0
Q2/trend/any_spending/logit/omnibus,Q2,trend,any_spending,logit,omnibus,1208,2,,,,,"[-0.26448982790053654, -0.2887456832617099]","[-0.6109956173257709, -0.6420459266334707]","[0.08201596152469781, 0.0645545601100509]",1.7936642009300765,3.2172312656981297,0.2001645235499151,logit index,ok,,per-fivefold amount slope difference,0.9988002399520096,1.0
Q2/trend/any_spending/logit/cash-food,Q2,trend,any_spending,logit,cash-food,1208,1,0.26448982790053654,0.17678866807409915,-0.08201596152469781,0.6109956173257709,[0.26448982790053654],[-0.08201596152469781],[0.6109956173257709],1.4960790800781325,2.2382526138474312,0.13463304876006918,logit index,ok,,per-fivefold amount slope difference,1.0,1.0
Q2/trend/any_spending/logit/cash-medical,Q2,trend,any_spending,logit,cash-medical,1208,1,0.2887456832617099,0.18025522621008205,-0.0645545601100509,0.6420459266334707,[0.2887456832617099],[-0.0645545601100509],[0.6420459266334707],1.6018713539278218,2.565991834534553,0.1091840602472356,logit index,ok,,per-fivefold amount slope difference,1.0,1.0
Q2/trend/any_spending/logit/food-medical,Q2,trend,any_spending,logit,food-medical,1208,1,0.024255855361173362,0.1791318590665741,-0.3268425884093119,0.37535429913165863,[0.024255855361173362],[-0.3268425884093119],[0.37535429913165863],0.13540782464697532,0.018335278975626017,0.8922894379379087,logit index,ok,,per-fivefold amount slope difference,1.0,1.0
Q2/trend/any_spending/logit/restricted-cash,Q2,trend,any_spending,logit,restricted-cash,1208,1,-0.2766177555811232,0.15443780021280148,-0.5793158439982141,0.026080332835967668,[-0.2766177555811232],[-0.5793158439982141],[0.026080332835967668],1.7911272706550383,3.208136899684167,0.07327287387093434,logit index,ok,,per-fivefold amount slope difference,0.999000199960008,1.0
Q2/trend/any_spending/probit/omnibus,Q2,trend,any_spending,probit,omnibus,1208,2,,,,,"[-0.16304695608773487, -0.17867345820526523]","[-0.3759464604216839, -0.3972396347561048]","[0.04985254824621413, 0.03989271834557431]",1.7950745939739652,3.222292797930796,0.19965859442020265,probit index,ok,,per-fivefold amount slope difference,0.9988002399520096,1.0
Q2/trend/any_spending/probit/cash-food,Q2,trend,any_spending,probit,cash-food,1208,1,0.16304695608773487,0.10862219608874948,-0.04985254824621413,0.3759464604216839,[0.16304695608773487],[-0.04985254824621413],[0.3759464604216839],1.5010463971333978,2.253140286347154,0.13334356151655752,probit index,ok,,per-fivefold amount slope difference,1.0,1.0
Q2/trend/any_spending/probit/cash-medical,Q2,trend,any_spending,probit,cash-medical,1208,1,0.17867345820526523,0.1115133553830814,-0.03989271834557431,0.3972396347561048,[0.17867345820526523],[-0.03989271834557431],[0.3972396347561048],1.6022606224292057,2.5672391021872256,0.10909798944129069,probit index,ok,,per-fivefold amount slope difference,1.0,1.0
Q2/trend/any_spending/probit/food-medical,Q2,trend,any_spending,probit,food-medical,1208,1,0.01562650211753036,0.11019357403490847,-0.20035290299089023,0.23160590722595095,[0.01562650211753036],[-0.20035290299089023],[0.23160590722595095],0.141809558809482,0.020109950969739936,0.8872304335411099,probit index,ok,,per-fivefold amount slope difference,1.0,1.0
Q2/trend/any_spending/probit/restricted-cash,Q2,trend,any_spending,probit,restricted-cash,1208,1,-0.17086020714650005,0.09529611228335269,-0.3576405872218713,0.015920172928871212,[-0.17086020714650005],[-0.3576405872218713],[0.015920172928871212],1.7929399537146458,3.214633677626276,0.07298252590200448,probit index,ok,,per-fivefold amount slope difference,0.9988002399520096,1.0
Q2/trend/ge10/OLS_HC3/omnibus,Q2,trend,ge10,OLS_HC3,omnibus,1208,2,,,,,"[-0.04520754690773113, -0.02435724292807458]","[-0.12791161789644992, -0.10972818678364869]","[0.037496524080987664, 0.06101370092749954]",1.0715359033607266,1.1481891921910883,0.5632145747022642,response units,ok,,per-fivefold amount slope difference,1.0,1.0
Q2/trend/ge10/OLS_HC3/cash-food,Q2,trend,ge10,OLS_HC3,cash-food,1208,1,0.04520754690773113,0.04219595458608102,-0.037496524080987664,0.12791161789644992,[0.04520754690773113],[-0.037496524080987664],[0.12791161789644992],1.071371588845238,1.1478370813847696,0.28400238232321906,response units,ok,,per-fivefold amount slope difference,1.0,1.0
Q2/trend/ge10/OLS_HC3/cash-medical,Q2,trend,ge10,OLS_HC3,cash-medical,1208,1,0.02435724292807458,0.043556604007945976,-0.06101370092749954,0.10972818678364869,[0.02435724292807458],[-0.06101370092749954],[0.10972818678364869],0.5592089531045882,0.3127146532323295,0.5760191235942469,response units,ok,,per-fivefold amount slope difference,1.0,1.0
Q2/trend/ge10/OLS_HC3/food-medical,Q2,trend,ge10,OLS_HC3,food-medical,1208,1,-0.020850303979656547,0.04259759276634832,-0.10434158580169926,0.06264097784238616,[-0.020850303979656547],[-0.10434158580169926],[0.06264097784238616],0.48947141435954766,0.239582265475136,0.6245079875379793,response units,ok,,per-fivefold amount slope difference,1.0,1.0
Q2/trend/ge10/OLS_HC3/restricted-cash,Q2,trend,ge10,OLS_HC3,restricted-cash,1208,1,-0.03478239491790285,0.03721826756709534,-0.10773019934940972,0.03816540951360401,[-0.03478239491790285],[-0.10773019934940972],[0.03816540951360401],0.9345516917250054,0.8733868645060695,0.3500193847052916,response units,ok,,per-fivefold amount slope difference,1.0,1.0
Q2/trend/ge10/logit/omnibus,Q2,trend,ge10,logit,omnibus,1208,2,,,,,"[-0.18150258866640806, -0.09862619155345312]","[-0.5130832521298987, -0.44302902928322496]","[0.15007807479708263, 0.2457766461763187]",1.0731746898861412,1.1517039150122153,0.562225672326756,logit index,ok,,per-fivefold amount slope difference,1.0,1.0
Q2/trend/ge10/logit/cash-food,Q2,trend,ge10,logit,cash-food,1208,1,0.18150258866640806,0.16917380788953607,-0.15007807479708263,0.5130832521298987,[0.18150258866640806],[-0.15007807479708263],[0.5130832521298987],1.0728764158629225,1.1510638037148706,0.28332656895500197,logit index,ok,,per-fivefold amount slope difference,1.0,1.0
Q2/trend/ge10/logit/cash-medical,Q2,trend,ge10,logit,cash-medical,1208,1,0.09862619155345312,0.17571573353559786,-0.2457766461763187,0.44302902928322496,[0.09862619155345312],[-0.2457766461763187],[0.44302902928322496],0.5612826442401224,0.31503820672518384,0.5746048712348296,logit index,ok,,per-fivefold amount slope difference,1.0,1.0
Q2/trend/ge10/logit/food-medical,Q2,trend,ge10,logit,food-medical,1208,1,-0.08287639711295494,0.17205951992914006,-0.42011305617406947,0.2543602619481595,[-0.08287639711295494],[-0.42011305617406947],[0.2543602619481595],0.48167283709199143,0.23200872199224812,0.6300383750168329,logit index,ok,,per-fivefold amount slope difference,1.0,1.0
Q2/trend/ge10/logit/restricted-cash,Q2,trend,ge10,logit,restricted-cash,1208,1,-0.1400643901099306,0.14948838932953257,-0.4330616331958144,0.15293285297595322,[-0.1400643901099306],[-0.4330616331958144],[0.15293285297595322],0.936958319894479,0.8778908932194848,0.3487799981175185,logit index,ok,,per-fivefold amount slope difference,1.0,1.0
Q2/trend/ge10/probit/omnibus,Q2,trend,ge10,probit,omnibus,1208,2,,,,,"[-0.11374401939559371, -0.061689232232064226]","[-0.3213484647688431, -0.27708523178880184]","[0.09386042597765569, 0.15370676732467337]",1.074155116755625,1.1538092148522903,0.5616341569016908,probit index,ok,,per-fivefold amount slope difference,1.0,1.0
Q2/trend/ge10/probit/cash-food,Q2,trend,ge10,probit,cash-food,1208,1,0.11374401939559371,0.105920635394515,-0.09386042597765569,0.3213484647688431,[0.11374401939559371],[-0.09386042597765569],[0.3213484647688431],1.073860810709259,1.153177040777147,0.28288507000284435,probit index,ok,,per-fivefold amount slope difference,1.0,1.0
Q2/trend/ge10/probit/cash-medical,Q2,trend,ge10,probit,cash-medical,1208,1,0.061689232232064226,0.10989591814119266,-0.15370676732467337,0.27708523178880184,[0.061689232232064226],[-0.15370676732467337],[0.27708523178880184],0.5613423435145862,0.3151052266224477,0.5745641808159385,probit index,ok,,per-fivefold amount slope difference,1.0,1.0
Q2/trend/ge10/probit/food-medical,Q2,trend,ge10,probit,food-medical,1208,1,-0.05205478716352949,0.10769440741635582,-0.2631358256995869,0.1590262513725279,[-0.05205478716352949],[-0.2631358256995869],[0.1590262513725279],0.4833564565918564,0.23363346412903516,0.6288426600505395,probit index,ok,,per-fivefold amount slope difference,1.0,1.0
Q2/trend/ge10/probit/restricted-cash,Q2,trend,ge10,probit,restricted-cash,1208,1,-0.08771662581382897,0.09353408772232048,-0.2710434377495771,0.09561018612191918,[-0.08771662581382897],[-0.2710434377495771],[0.09561018612191918],0.937803831200427,0.8794760258141989,0.3483452318617958,probit index,ok,,per-fivefold amount slope difference,1.0,1.0
Q2/trend/ge25/OLS_HC3/omnibus,Q2,trend,ge25,OLS_HC3,omnibus,1208,2,,,,,"[0.005364594919022236, 0.021680398363406277]","[-0.07095695159011679, -0.0551916747083855]","[0.08168614142816126, 0.09855247143519806]",0.5820384482470349,0.3387687552378163,0.8441843554430828,response units,ok,,per-fivefold amount slope difference,1.0,1.0
Q2/trend/ge25/OLS_HC3/cash-food,Q2,trend,ge25,OLS_HC3,cash-food,1208,1,-0.005364594919022236,0.038939564545479095,-0.08168614142816126,0.07095695159011679,[-0.005364594919022236],[-0.08168614142816126],[0.07095695159011679],0.13776720365623782,0.01897980240325931,0.8904244048434233,response units,ok,,per-fivefold amount slope difference,1.0,1.0
Q2/trend/ge25/OLS_HC3/cash-medical,Q2,trend,ge25,OLS_HC3,cash-medical,1208,1,-0.021680398363406277,0.039220445444791724,-0.09855247143519806,0.0551916747083855,[-0.021680398363406277],[-0.09855247143519806],[0.0551916747083855],0.5527830731531206,0.3055691259646083,0.5804119605697364,response units,ok,,per-fivefold amount slope difference,1.0,1.0
Q2/trend/ge25/OLS_HC3/food-medical,Q2,trend,ge25,OLS_HC3,food-medical,1208,1,-0.01631580344438404,0.03793234373915425,-0.09066319717312638,0.05803159028435829,[-0.01631580344438404],[-0.09066319717312638],[0.05803159028435829],0.4301290623268991,0.18501101025821748,0.6671017603490652,response units,ok,,per-fivefold amount slope difference,1.0,1.0
Q2/trend/ge25/OLS_HC3/restricted-cash,Q2,trend,ge25,OLS_HC3,restricted-cash,1208,1,0.013522496641214257,0.03416944305301697,-0.053449611742698994,0.08049460502512751,[0.013522496641214257],[-0.053449611742698994],[0.08049460502512751],0.3957482309627607,0.1566166623101546,0.6922907709693829,response units,ok,,per-fivefold amount slope difference,1.0,1.0
Q2/trend/ge25/logit/omnibus,Q2,trend,ge25,logit,omnibus,1208,2,,,,,"[0.023778434496341417, 0.08383352555709855]","[-0.32673909998373823, -0.29929632534647105]","[0.3742959689764211, 0.46696337646066816]",0.43711779033963216,0.1910719626314026,0.9088856581635146,logit index,ok,,per-fivefold amount slope difference,1.0,1.0
Q2/trend/ge25/logit/cash-food,Q2,trend,ge25,logit,cash-food,1208,1,-0.023778434496341417,0.17883547677555084,-0.3742959689764211,0.32673909998373823,[-0.023778434496341417],[-0.3742959689764211],[0.32673909998373823],0.1329626253418653,0.017679059737801237,0.8942229386500835,logit index,ok,,per-fivefold amount slope difference,1.0,1.0
Q2/trend/ge25/logit/cash-medical,Q2,trend,ge25,logit,cash-medical,1208,1,-0.08383352555709855,0.19547441372631102,-0.46696337646066816,0.29929632534647105,[-0.08383352555709855],[-0.46696337646066816],[0.29929632534647105],0.42887211660589053,0.18393129240201656,0.6680162930649209,logit index,ok,,per-fivefold amount slope difference,1.0,1.0
Q2/trend/ge25/logit/food-medical,Q2,trend,ge25,logit,food-medical,1208,1,-0.06005509106075714,0.19092195324851088,-0.43426211942783843,0.3141519373063242,[-0.06005509106075714],[-0.43426211942783843],[0.3141519373063242],0.314553093758617,0.0989436487931173,0.7531009981984297,logit index,ok,,per-fivefold amount slope difference,1.0,1.0
Q2/trend/ge25/logit/restricted-cash,Q2,trend,ge25,logit,restricted-cash,1208,1,0.053805980026719984,0.1611936383035483,-0.26213355104823466,0.36974551110167464,[0.053805980026719984],[-0.26213355104823466],[0.36974551110167464],0.3337971683807795,0.11142054961902646,0.7385326203038198,logit index,ok,,per-fivefold amount slope difference,1.0,1.0
Q2/trend/ge25/probit/omnibus,Q2,trend,ge25,probit,omnibus,1208,2,,,,,"[0.01384363178296178, 0.05330934414355647]","[-0.20049473574868665, -0.17574646541761774]","[0.2281819993146102, 0.2823651537047307]",0.46963393341917453,0.22055603141876565,0.8955851139514414,probit index,ok,,per-fivefold amount slope difference,1.0,1.0
Q2/trend/ge25/probit/cash-food,Q2,trend,ge25,probit,cash-food,1208,1,-0.01384363178296178,0.10935630996512674,-0.2281819993146102,0.20049473574868665,[-0.01384363178296178],[-0.2281819993146102],[0.20049473574868665],0.12659197980780856,0.01602552935166061,0.899263345055534,probit index,ok,,per-fivefold amount slope difference,1.0,1.0
Q2/trend/ge25/probit/cash-medical,Q2,trend,ge25,probit,cash-medical,1208,1,-0.05330934414355647,0.11686520895978277,-0.2823651537047307,0.17574646541761774,[-0.05330934414355647],[-0.2823651537047307],[0.17574646541761774],0.45616094488738734,0.20808280764055404,0.648274247515513,probit index,ok,,per-fivefold amount slope difference,1.0,1.0
Q2/trend/ge25/probit/food-medical,Q2,trend,ge25,probit,food-medical,1208,1,-0.039465712360594686,0.11432735446364048,-0.26354732710933004,0.18461590238814066,[-0.039465712360594686],[-0.26354732710933004],[0.18461590238814066],0.34519920928587533,0.11916249409159356,0.7299446131690005,probit index,ok,,per-fivefold amount slope difference,1.0,1.0
Q2/trend/ge25/probit/restricted-cash,Q2,trend,ge25,probit,restricted-cash,1208,1,0.03357648796325913,0.0976752466213296,-0.1578669954145469,0.22501997134106516,[0.03357648796325913],[-0.1578669954145469],[0.22501997134106516],0.3437563673980726,0.11816844012671866,0.7310295164048891,probit index,ok,,per-fivefold amount slope difference,1.0,1.0
Q2/trend/ge50/OLS_HC3/omnibus,Q2,trend,ge50,OLS_HC3,omnibus,1208,2,,,,,"[0.013492386065518256, 0.0368916178663197]","[-0.0496255605855203, -0.023806306037092433]","[0.0766103327165568, 0.09758954176973184]",1.2281419900311927,1.5083327476777784,0.47040259123321115,response units,ok,,per-fivefold amount slope difference,1.0,1.0
Q2/trend/ge50/OLS_HC3/cash-food,Q2,trend,ge50,OLS_HC3,cash-food,1208,1,-0.013492386065518256,0.03220303400563192,-0.0766103327165568,0.0496255605855203,[-0.013492386065518256],[-0.0766103327165568],[0.0496255605855203],0.4189787230345626,0.17554317035567268,0.6752316823053963,response units,ok,,per-fivefold amount slope difference,1.0,1.0
Q2/trend/ge50/OLS_HC3/cash-medical,Q2,trend,ge50,OLS_HC3,cash-medical,1208,1,-0.0368916178663197,0.030968328522149046,-0.09758954176973184,0.023806306037092433,[-0.0368916178663197],[-0.09758954176973184],[0.023806306037092433],1.1912692620763894,1.4191224547680252,0.2335478967111346,response units,ok,,per-fivefold amount slope difference,1.0,1.0
Q2/trend/ge50/OLS_HC3/food-medical,Q2,trend,ge50,OLS_HC3,food-medical,1208,1,-0.023399231800801442,0.029666399433529337,-0.08154537469051894,0.03474691108891606,[-0.023399231800801442],[-0.08154537469051894],[0.03474691108891606],0.7887452554945152,0.6221190780651081,0.4302609117143227,response units,ok,,per-fivefold amount slope difference,1.0,1.0
Q2/trend/ge50/OLS_HC3/restricted-cash,Q2,trend,ge50,OLS_HC3,restricted-cash,1208,1,0.025192001965918975,0.027892876715648933,-0.029478036396752935,0.07986204032859089,[0.025192001965918975],[-0.029478036396752935],[0.07986204032859089],0.9031697312090199,0.8157155633721732,0.36643581985364493,response units,ok,,per-fivefold amount slope difference,1.0,1.0
Q2/trend/ge50/logit/omnibus,Q2,trend,ge50,logit,omnibus,1208,2,,,,,"[0.09003262363747916, 0.25706477921833504]","[-0.32673368027122035, -0.27296689041864775]","[0.5067989275461786, 0.7870964488553178]",0.9509509316645502,0.9043076744336761,0.6362562823002509,logit index,ok,,per-fivefold amount slope difference,1.0,1.0
Q2/trend/ge50/logit/cash-food,Q2,trend,ge50,logit,cash-food,1208,1,-0.09003262363747916,0.21263586934117323,-0.5067989275461786,0.32673368027122035,[-0.09003262363747916],[-0.5067989275461786],[0.32673368027122035],0.4234122112907594,0.1792779006701307,0.6719945370291713,logit index,ok,,per-fivefold amount slope difference,1.0,1.0
Q2/trend/ge50/logit/cash-medical,Q2,trend,ge50,logit,cash-medical,1208,1,-0.25706477921833504,0.2704243212433586,-0.7870964488553178,0.27296689041864775,[-0.25706477921833504],[-0.7870964488553178],[0.27296689041864775],0.9505978531679439,0.9036362784475038,0.3418085588627384,logit index,ok,,per-fivefold amount slope difference,1.0,1.0
Q2/trend/ge50/logit/food-medical,Q2,trend,ge50,logit,food-medical,1208,1,-0.16703215558085588,0.2645043888430678,-0.6854607577132688,0.35139644655155705,[-0.16703215558085588],[-0.6854607577132688],[0.35139644655155705],0.6314910550688713,0.3987809526319962,0.5277194960789926,logit index,ok,,per-fivefold amount slope difference,1.0,1.0
Q2/trend/ge50/logit/restricted-cash,Q2,trend,ge50,logit,restricted-cash,1208,1,0.1735487014279071,0.20415930127205237,-0.22660352906531553,0.5737009319211297,[0.1735487014279071],[-0.22660352906531553],[0.5737009319211297],0.8500651224146034,0.7226107123457547,0.39528888115345284,logit index,ok,,per-fivefold amount slope difference,1.0,1.0
Q2/trend/ge50/probit/omnibus,Q2,trend,ge50,probit,omnibus,1208,2,,,,,"[0.05010556954816764, 0.14377539341586298]","[-0.1873449075175753, -0.13423428703967938]","[0.28755604661391054, 0.42178507387140535]",1.014881711015419,1.0299848873535842,0.5975051095429055,probit index,ok,,per-fivefold amount slope difference,1.0,1.0
Q2/trend/ge50/probit/cash-food,Q2,trend,ge50,probit,cash-food,1208,1,-0.05010556954816764,0.12114820258456273,-0.28755604661391054,0.1873449075175753,[-0.05010556954816764],[-0.28755604661391054],[0.1873449075175753],0.413589046137052,0.1710558990845565,0.6791750967123601,probit index,ok,,per-fivefold amount slope difference,1.0,1.0
Q2/trend/ge50/probit/cash-medical,Q2,trend,ge50,probit,cash-medical,1208,1,-0.14377539341586298,0.14184167370180734,-0.42178507387140535,0.13423428703967938,[-0.14377539341586298],[-0.42178507387140535],[0.13423428703967938],1.0136329448432828,1.0274517468716655,0.3107579313892922,probit index,ok,,per-fivefold amount slope difference,1.0,1.0
Q2/trend/ge50/probit/food-medical,Q2,trend,ge50,probit,food-medical,1208,1,-0.09366982386769535,0.13874821989161898,-0.36561633485526857,0.17827668711987787,[-0.09366982386769535],[-0.36561633485526857],[0.17827668711987787],0.6751064910300404,0.455768774230894,0.49960810996385907,probit index,ok,,per-fivefold amount slope difference,1.0,1.0
Q2/trend/ge50/probit/restricted-cash,Q2,trend,ge50,probit,restricted-cash,1208,1,0.09694048148201531,0.11218380704552175,-0.12293978032720732,0.31682074329123794,[0.09694048148201531],[-0.12293978032720732],[0.31682074329123794],0.8641218731566042,0.7467066116676783,0.38752094438741547,probit index,ok,,per-fivefold amount slope difference,1.0,1.0
Q2/trend/top75/OLS_HC3/omnibus,Q2,trend,top75,OLS_HC3,omnibus,1208,2,,,,,"[0.03079721319447702, 0.03278165328605146]","[-0.02446704537607068, -0.017417920963619084]","[0.08606147176502472, 0.08298122753572201]",1.3342537577059814,1.7802330899525318,0.4106078956761928,response units,ok,,per-fivefold amount slope difference,1.0,1.0
Q2/trend/top75/OLS_HC3/cash-food,Q2,trend,top75,OLS_HC3,cash-food,1208,1,-0.03079721319447702,0.028196050291095766,-0.08606147176502472,0.02446704537607068,[-0.03079721319447702],[-0.08606147176502472],[0.02446704537607068],1.0922527402429374,1.1930160485682058,0.2747220267074,response units,ok,,per-fivefold amount slope difference,1.0,1.0
Q2/trend/top75/OLS_HC3/cash-medical,Q2,trend,top75,OLS_HC3,cash-medical,1208,1,-0.03278165328605146,0.02561202767840334,-0.08298122753572201,0.017417920963619084,[-0.03278165328605146],[-0.08298122753572201],[0.017417920963619084],1.279931979524359,1.6382258722091445,0.20056905940200906,response units,ok,,per-fivefold amount slope difference,1.0,1.0
Q2/trend/top75/OLS_HC3/food-medical,Q2,trend,top75,OLS_HC3,food-medical,1208,1,-0.0019844400915744395,0.023474682308488905,-0.04799481741621269,0.04402593723306381,[-0.0019844400915744395],[-0.04799481741621269],[0.04402593723306381],0.08453533323672828,0.007146222565444697,0.932630811509493,response units,ok,,per-fivefold amount slope difference,1.0,1.0
Q2/trend/top75/OLS_HC3/restricted-cash,Q2,trend,top75,OLS_HC3,restricted-cash,1208,1,0.031789433240264245,0.02424317284386534,-0.015727185533711815,0.0793060520142403,[0.031789433240264245],[-0.015727185533711815],[0.0793060520142403],1.3112736292810974,1.7194385308480207,0.18976533440759122,response units,ok,,per-fivefold amount slope difference,1.0,1.0
Q2/trend/top75/logit/omnibus,Q2,trend,top75,logit,omnibus,1208,2,,,,,"[0.27615635703944597, 0.12147612191280935]","[-0.22833787536931394, -0.5498191928870503]","[0.7806505894482059, 0.7927714367126689]",1.0774609019477042,1.1609219952259602,0.5596403142402269,logit index,ok,,per-fivefold amount slope difference,1.0,1.0
Q2/trend/top75/logit/cash-food,Q2,trend,top75,logit,cash-food,1208,1,-0.27615635703944597,0.25739501653508157,-0.7806505894482059,0.22833787536931394,[-0.27615635703944597],[-0.7806505894482059],[0.22833787536931394],1.0728892919409236,1.1510914327614965,0.2833207910508725,logit index,ok,,per-fivefold amount slope difference,1.0,1.0
Q2/trend/top75/logit/cash-medical,Q2,trend,top75,logit,cash-medical,1208,1,-0.12147612191280935,0.3424976095917651,-0.7927714367126689,0.5498191928870503,[-0.12147612191280935],[-0.7927714367126689],[0.5498191928870503],0.3546772839016336,0.12579597571584,0.7228313707914185,logit index,ok,,per-fivefold amount slope difference,1.0,1.0
Q2/trend/top75/logit/food-medical,Q2,trend,top75,logit,food-medical,1208,1,0.15468023512663662,0.33233071510134643,-0.4966879664720023,0.8060484367252756,[0.15468023512663662],[-0.4966879664720023],[0.8060484367252756],0.46544068332493993,0.216635029693987,0.641615905633929,logit index,ok,,per-fivefold amount slope difference,1.0,1.0
Q2/trend/top75/logit/restricted-cash,Q2,trend,top75,logit,restricted-cash,1208,1,0.19881623947612764,0.25331300303506127,-0.2976772464725924,0.6953097254248477,[0.19881623947612764],[-0.2976772464725924],[0.6953097254248477],0.7848639315551019,0.6160113910561317,0.4325333513664035,logit index,ok,,per-fivefold amount slope difference,1.0,1.0
Q2/trend/top75/probit/omnibus,Q2,trend,top75,probit,omnibus,1208,2,,,,,"[0.14374276215349527, 0.08415069571124405]","[-0.12355316603182734, -0.24021188573822438]","[0.4110386903388179, 0.4085132771607125]",1.0549095674253992,1.1128341954456429,0.5732593208463623,probit index,ok,,per-fivefold amount slope difference,1.0,1.0
Q2/trend/top75/probit/cash-food,Q2,trend,top75,probit,cash-food,1208,1,-0.14374276215349527,0.13637547356394011,-0.4110386903388179,0.12355316603182734,[-0.14374276215349527],[-0.4110386903388179],[0.12355316603182734],1.054022093540896,1.1109625736723332,0.29187280208496524,probit index,ok,,per-fivefold amount slope difference,1.0,1.0
Q2/trend/top75/probit/cash-medical,Q2,trend,top75,probit,cash-medical,1208,1,-0.08415069571124405,0.16549111298442268,-0.4085132771607125,0.24021188573822438,[-0.08415069571124405],[-0.4085132771607125],[0.24021188573822438],0.5084907231191621,0.2585628154982484,0.6111092433128245,probit index,ok,,per-fivefold amount slope difference,1.0,1.0
Q2/trend/top75/probit/food-medical,Q2,trend,top75,probit,food-medical,1208,1,0.05959206644225122,0.16083615874362583,-0.2556468046952554,0.3748309375797579,[0.05959206644225122],[-0.2556468046952554],[0.3748309375797579],0.37051411142715407,0.13728070676665355,0.7109994641505093,probit index,ok,,per-fivefold amount slope difference,1.0,1.0
Q2/trend/top75/probit/restricted-cash,Q2,trend,top75,probit,restricted-cash,1208,1,0.11394672893236965,0.128552408158909,-0.13801599105909199,0.36590944892383126,[0.11394672893236965],[-0.13801599105909199],[0.36590944892383126],0.8863834646451378,0.7856756463963184,0.37541092645646024,probit index,ok,,per-fivefold amount slope difference,1.0,1.0
Q2/saturated/ordinal/OLS_HC3/omnibus,Q2,saturated,ordinal,OLS_HC3,omnibus,1208,4,,,,,"[0.4565115514975429, -0.12471565285249227, 0.21019604359156488, 0.006185610255376143]","[-0.16818393120127012, -0.7072151603809025, -0.3825124176310961, -0.5688168160324611]","[1.081207034196356, 0.4577838546759179, 0.8029045048142258, 0.5811880365432134]",2.0424670169104533,4.171671515167086,0.3832709008749533,response units,ok,,full pairwise interaction vector at1000/5000 vs200,0.9862027594481104,1.0
Q2/saturated/ordinal/OLS_HC3/cash-food,Q2,saturated,ordinal,OLS_HC3,cash-food,1208,2,,,,,"[-0.4565115514975429, 0.12471565285249227]","[-1.081207034196356, -0.4577838546759179]","[0.16818393120127012, 0.7072151603809025]",2.018088425156796,4.072680891751838,0.1305054297407779,response units,ok,,full pairwise interaction vector at1000/5000 vs200,0.9886022795440912,1.0
Q2/saturated/ordinal/OLS_HC3/cash-medical,Q2,saturated,ordinal,OLS_HC3,cash-medical,1208,2,,,,,"[-0.21019604359156488, -0.006185610255376143]","[-0.8029045048142258, -0.5811880365432134]","[0.3825124176310961, 0.5688168160324611]",0.8366386008504155,0.6999641484329409,0.7047007219180863,response units,ok,,full pairwise interaction vector at1000/5000 vs200,1.0,1.0
Q2/saturated/ordinal/OLS_HC3/food-medical,Q2,saturated,ordinal,OLS_HC3,food-medical,1208,2,,,,,"[0.24631550790597803, -0.1309012631078684]","[-0.31368913809681276, -0.683045759447495]","[0.8063201539087688, 0.42124323323175816]",1.3530152982099812,1.8306503971902444,0.4003863998225385,response units,ok,,full pairwise interaction vector at1000/5000 vs200,1.0,1.0
Q2/saturated/ordinal/OLS_HC3/restricted-cash,Q2,saturated,ordinal,OLS_HC3,restricted-cash,1208,2,,,,,"[0.3333537975445539, -0.05926502129855806]","[-0.20736108311663254, -0.5679406026314299]","[0.8740686782057403, 0.4494105600343138]",1.6514699166591227,2.7273528856300895,0.25571891070379776,response units,ok,,full pairwise interaction vector at1000/5000 vs200,0.9996000799840032,1.0
Q2/saturated/ordinal/ordered_logit/omnibus,Q2,saturated,ordinal,ordered_logit,omnibus,1208,4,,,,,"[0.4767913264511654, -0.24455400255239032, 0.2799817255421954, -0.13987038454658812]","[-0.19748150343951387, -0.8760098594482539, -0.37620528725041064, -0.7843246633906151]","[1.1510641563418447, 0.38690185434347324, 0.9361687383348014, 0.5045838942974388]",2.3476315531747396,5.51137390946164,0.23873151128973322,latent location index,ok,,full pairwise interaction vector at1000/5000 vs200,0.9142171565686863,1.0
Q2/saturated/ordinal/ordered_logit/cash-food,Q2,saturated,ordinal,ordered_logit,cash-food,1208,2,,,,,"[-0.4767913264511654, 0.24455400255239032]","[-1.1510641563418447, -0.38690185434347324]","[0.19748150343951387, 0.8760098594482539]",2.3315236476168066,5.4360025193963795,0.06600655262425435,latent location index,ok,,full pairwise interaction vector at1000/5000 vs200,0.9198160367926415,1.0
Q2/saturated/ordinal/ordered_logit/cash-medical,Q2,saturated,ordinal,ordered_logit,cash-medical,1208,2,,,,,"[-0.2799817255421954, 0.13987038454658812]","[-0.9361687383348014, -0.5045838942974388]","[0.37620528725041064, 0.7843246633906151]",1.4134316775410287,1.9977891070764466,0.3682863370574185,latent location index,ok,,full pairwise interaction vector at1000/5000 vs200,1.0,1.0
Q2/saturated/ordinal/ordered_logit/food-medical,Q2,saturated,ordinal,ordered_logit,food-medical,1208,2,,,,,"[0.19680960090896998, -0.1046836180058022]","[-0.39884687457075946, -0.732339254991637]","[0.7924660763886995, 0.5229720189800326]",1.0119566779915279,1.0240563181316489,0.5992789124735987,latent location index,ok,,full pairwise interaction vector at1000/5000 vs200,1.0,1.0
Q2/saturated/ordinal/ordered_logit/restricted-cash,Q2,saturated,ordinal,ordered_logit,restricted-cash,1208,2,,,,,"[0.37838652599668043, -0.1922121935494892]","[-0.21651763708171057, -0.7476768717282269]","[0.9732906890750714, 0.3632524846292485]",2.1646794652802455,4.685837187405969,0.09604690686180944,latent location index,ok,,full pairwise interaction vector at1000/5000 vs200,0.9702059588082383,1.0
Q2/saturated/ordinal/ordered_probit/omnibus,Q2,saturated,ordinal,ordered_probit,omnibus,1208,4,,,,,"[0.30470905883155597, -0.11442934193126861, 0.1789970008474818, -0.058183069528486606]","[-0.08720244663625298, -0.4878398940129254, -0.20691421931531825, -0.4384963263377213]","[0.6966205642993649, 0.2589812101503881, 0.5649082210102818, 0.32213018728074805]",2.3100032468856515,5.336115000622252,0.25451506001335916,latent location index,ok,,full pairwise interaction vector at1000/5000 vs200,0.9288142371525695,1.0
Q2/saturated/ordinal/ordered_probit/cash-food,Q2,saturated,ordinal,ordered_probit,cash-food,1208,2,,,,,"[-0.30470905883155597, 0.11442934193126861]","[-0.6966205642993649, -0.2589812101503881]","[0.08720244663625298, 0.4878398940129254]",2.2989556156946596,5.285196922934011,0.07117608075438983,latent location index,ok,,full pairwise interaction vector at1000/5000 vs200,0.9334133173365327,1.0
Q2/saturated/ordinal/ordered_probit/cash-medical,Q2,saturated,ordinal,ordered_probit,cash-medical,1208,2,,,,,"[-0.1789970008474818, 0.058183069528486606]","[-0.5649082210102818, -0.32213018728074805]","[0.20691421931531825, 0.4384963263377213]",1.3599054510800472,1.8493428358772268,0.3966617335944113,latent location index,ok,,full pairwise interaction vector at1000/5000 vs200,1.0,1.0
Q2/saturated/ordinal/ordered_probit/food-medical,Q2,saturated,ordinal,ordered_probit,food-medical,1208,2,,,,,"[0.12571205798407417, -0.056246272402782]","[-0.2315655267504572, -0.4290998071980706]","[0.48298964271860556, 0.3166072623925066]",1.0226218955853812,1.0457555413306383,0.5928121135975191,latent location index,ok,,full pairwise interaction vector at1000/5000 vs200,1.0,1.0
Q2/saturated/ordinal/ordered_probit/restricted-cash,Q2,saturated,ordinal,ordered_probit,restricted-cash,1208,2,,,,,"[0.2418530298395189, -0.0863062057298776]","[-0.10361655036162953, -0.4138453137048671]","[0.5873226100406673, 0.24123290224511193]",2.1150992045432626,4.473644645059542,0.10679733322942064,latent location index,ok,,full pairwise interaction vector at1000/5000 vs200,0.9782043591281744,1.0
Q2/saturated/ordinal/ordered_location_scale/omnibus,Q2,saturated,ordinal,ordered_location_scale,omnibus,1208,4,,,,,"[0.21964779203723578, -0.14486508015739505, 0.14237844601380653, -0.1106228931530689]","[-0.11663458593604537, -0.4505439867712956, -0.18025396046054556, -0.4220540619906178]","[0.5559301700105169, 0.16081382645650547, 0.46501085248815865, 0.20080827568448]",2.5240626647989326,6.370892335831889,0.17310916733371434,latent location index,ok,,full pairwise interaction vector at1000/5000 vs200,0.8340331933613278,1.0
Q2/saturated/ordinal/ordered_location_scale/cash-food,Q2,saturated,ordinal,ordered_location_scale,cash-food,1208,2,,,,,"[-0.21964779203723578, 0.14486508015739505]","[-0.5559301700105169, -0.16081382645650547]","[0.11663458593604537, 0.4505439867712956]",2.448082853880464,5.993109659463517,0.04995888910144138,latent location index,ok,,full pairwise interaction vector at1000/5000 vs200,0.8722255548890222,1.0
Q2/saturated/ordinal/ordered_location_scale/cash-medical,Q2,saturated,ordinal,ordered_location_scale,cash-medical,1208,2,,,,,"[-0.14237844601380653, 0.1106228931530689]","[-0.46501085248815865, -0.20080827568448]","[0.18025396046054556, 0.4220540619906178]",1.7925216702190687,3.21313393820496,0.2005750136872259,latent location index,ok,,full pairwise interaction vector at1000/5000 vs200,0.9988002399520096,1.0
Q2/saturated/ordinal/ordered_location_scale/food-medical,Q2,saturated,ordinal,ordered_location_scale,food-medical,1208,2,,,,,"[0.07726934602342925, -0.034242187004326144]","[-0.1942243889168229, -0.3349680881223681]","[0.34876308096368136, 0.26648371411371585]",0.8375771152547732,0.7015354239985077,0.7041472998285101,latent location index,ok,,full pairwise interaction vector at1000/5000 vs200,1.0,1.0
Q2/saturated/ordinal/ordered_location_scale/restricted-cash,Q2,saturated,ordinal,ordered_location_scale,restricted-cash,1208,2,,,,,"[0.18101311902552114, -0.12774398665523198]","[-0.11925599642501294, -0.3971980022780859]","[0.4812822344760552, 0.14171002896762194]",2.4352216879480633,5.930304669452615,0.05155261539336582,latent location index,ok,,full pairwise interaction vector at1000/5000 vs200,0.8788242351529694,1.0
Q2/saturated/midpoint/OLS_HC3/omnibus,Q2,saturated,midpoint,OLS_HC3,omnibus,1208,4,,,,,"[0.07351568174154444, 0.004873129734536412, 0.025278323782871787, 0.03128964059196644]","[-0.03439520255895208, -0.09467701126036808, -0.07362721857732332, -0.06427900102734418]","[0.18142656604204094, 0.1044232707294409, 0.1241838661430669, 0.12685828221127707]",1.8426884445044007,3.3955007035100477,0.4939444936670637,response units,ok,,full pairwise interaction vector at1000/5000 vs200,0.9978004399120176,1.0
Q2/saturated/midpoint/OLS_HC3/cash-food,Q2,saturated,midpoint,OLS_HC3,cash-food,1208,2,,,,,"[-0.07351568174154444, -0.004873129734536412]","[-0.18142656604204094, -0.1044232707294409]","[0.03439520255895208, 0.09467701126036808]",1.5369006798498897,2.362063699723053,0.30696183660301457,response units,ok,,full pairwise interaction vector at1000/5000 vs200,1.0,1.0
Q2/saturated/midpoint/OLS_HC3/cash-medical,Q2,saturated,midpoint,OLS_HC3,cash-medical,1208,2,,,,,"[-0.025278323782871787, -0.03128964059196644]","[-0.1241838661430669, -0.12685828221127707]","[0.07362721857732332, 0.06427900102734418]",0.6586915637316151,0.43387457613120034,0.8049804496032751,response units,ok,,full pairwise interaction vector at1000/5000 vs200,1.0,1.0
Q2/saturated/midpoint/OLS_HC3/food-medical,Q2,saturated,midpoint,OLS_HC3,food-medical,1208,2,,,,,"[0.04823735795867265, -0.02641651085743003]","[-0.0455761382567086, -0.11654087004896126]","[0.1420508541740539, 0.06370784833410119]",1.6098654955261094,2.5916669136855255,0.2736696773873946,response units,ok,,full pairwise interaction vector at1000/5000 vs200,0.9998000399920016,1.0
Q2/saturated/midpoint/OLS_HC3/restricted-cash,Q2,saturated,midpoint,OLS_HC3,restricted-cash,1208,2,,,,,"[0.04939700276220811, 0.018081385163251428]","[-0.04287048670185724, -0.06847032127060095]","[0.14166449222627348, 0.10463309159710381]",1.0798613195093183,1.166100469372406,0.558193147128796,response units,ok,,full pairwise interaction vector at1000/5000 vs200,1.0,1.0
Q2/saturated/any_spending/OLS_HC3/omnibus,Q2,saturated,any_spending,OLS_HC3,omnibus,1208,4,,,,,"[0.12235497942173384, -0.12375357633834909, 0.09999518775171799, -0.13058408000268434]","[-0.04262025919593712, -0.2846838235270717, -0.07101367636112473, -0.2987673159882502]","[0.28733021803940484, 0.03717667085037356, 0.2710040518645607, 0.037599155982881494]",3.369251718148173,11.351857140244416,0.022881643954757853,response units,ok,,full pairwise interaction vector at1000/5000 vs200,0.2471505698860228,1.0
Q2/saturated/any_spending/OLS_HC3/cash-food,Q2,saturated,any_spending,OLS_HC3,cash-food,1208,2,,,,,"[-0.12235497942173384, 0.12375357633834909]","[-0.28733021803940484, -0.03717667085037356]","[0.04262025919593712, 0.2846838235270717]",2.9971572218031626,8.982951412206852,0.011204097648672959,response units,ok,,full pairwise interaction vector at1000/5000 vs200,0.4947010597880424,1.0
Q2/saturated/any_spending/OLS_HC3/cash-medical,Q2,saturated,any_spending,OLS_HC3,cash-medical,1208,2,,,,,"[-0.09999518775171799, 0.13058408000268434]","[-0.2710040518645607, -0.037599155982881494]","[0.07101367636112473, 0.2987673159882502]",2.773666323637337,7.69322487487986,0.02135194511347309,response units,ok,,full pairwise interaction vector at1000/5000 vs200,0.6712657468506299,1.0
Q2/saturated/any_spending/OLS_HC3/food-medical,Q2,saturated,any_spending,OLS_HC3,food-medical,1208,2,,,,,"[0.022359791670015852, 0.006830503664335255]","[-0.13991649861000882, -0.16036182847253405]","[0.1846360819500405, 0.1740228358012046]",0.2770992505704148,0.07678399466668552,0.9623356339420861,response units,ok,,full pairwise interaction vector at1000/5000 vs200,1.0,1.0
Q2/saturated/any_spending/OLS_HC3/restricted-cash,Q2,saturated,any_spending,OLS_HC3,restricted-cash,1208,2,,,,,"[0.11117508358672593, -0.12716882817051672]","[-0.03595421969545298, -0.26895653455600926]","[0.25830438686890483, 0.014618878214975817]",3.355412288164608,11.25879162356605,0.0035907441573852527,response units,ok,,full pairwise interaction vector at1000/5000 vs200,0.25574885022995403,1.0
Q2/saturated/any_spending/logit/omnibus,Q2,saturated,any_spending,logit,omnibus,1208,4,,,,,"[0.5566237278620128, -0.5372016820715799, 0.42168080568796856, -0.5601578391705325]","[-0.16839409169796427, -1.2249276929183983, -0.2956284504991696, -1.2665360749666248]","[1.2816415474219898, 0.15052432877523847, 1.1389900618751068, 0.14622039662555963]",3.3346878642023943,11.120143151658725,0.025246441548024027,logit index,ok,,full pairwise interaction vector at1000/5000 vs200,0.26494701059788045,1.0
Q2/saturated/any_spending/logit/cash-food,Q2,saturated,any_spending,logit,cash-food,1208,2,,,,,"[-0.5566237278620128, 0.5372016820715799]","[-1.2816415474219898, -0.15052432877523847]","[0.16839409169796427, 1.2249276929183983]",2.973344365847508,8.840776717917118,0.012029559590206738,logit index,ok,,full pairwise interaction vector at1000/5000 vs200,0.5134973005398921,1.0
Q2/saturated/any_spending/logit/cash-medical,Q2,saturated,any_spending,logit,cash-medical,1208,2,,,,,"[-0.42168080568796856, 0.5601578391705325]","[-1.1389900618751068, -0.14622039662555963]","[0.2956284504991696, 1.2665360749666248]",2.7538800276666033,7.583855206781012,0.022552088444151925,logit index,ok,,full pairwise interaction vector at1000/5000 vs200,0.6844631073785243,1.0
Q2/saturated/any_spending/logit/food-medical,Q2,saturated,any_spending,logit,food-medical,1208,2,,,,,"[0.1349429221740442, 0.0229561570989526]","[-0.5841760176318029, -0.6583327149919165]","[0.8540618619798914, 0.7042450291898217]",0.3865663400577023,0.14943353526560713,0.9280062905279077,logit index,ok,,full pairwise interaction vector at1000/5000 vs200,1.0,1.0
Q2/saturated/any_spending/logit/restricted-cash,Q2,saturated,any_spending,logit,restricted-cash,1208,2,,,,,"[0.4891522667749907, -0.5486797606210563]","[-0.13599466911188784, -1.1568984771960453]","[1.1142992026618692, 0.05953895595393266]",3.3247930512502033,11.054248833641637,0.003977410033672578,logit index,ok,,full pairwise interaction vector at1000/5000 vs200,0.2705458908218356,1.0
Q2/saturated/any_spending/probit/omnibus,Q2,saturated,any_spending,probit,omnibus,1208,4,,,,,"[0.3393491937446609, -0.33078983027496645, 0.2612734105180093, -0.3457713368598826]","[-0.10513222653810234, -0.7552260134240858, -0.18323163847123203, -0.7832195397626677]","[0.783830614027424, 0.0936463528741529, 0.7057784595072506, 0.09167686604290248]",3.3467679021593293,11.200855390923959,0.02439704535102206,probit index,ok,,full pairwise interaction vector at1000/5000 vs200,0.2611477704459108,1.0
Q2/saturated/any_spending/probit/cash-food,Q2,saturated,any_spending,probit,cash-food,1208,2,,,,,"[-0.3393491937446609, 0.33078983027496645]","[-0.783830614027424, -0.0936463528741529]","[0.10513222653810234, 0.7552260134240858]",2.9835328422711465,8.901468220910546,0.011669996758405871,probit index,ok,,full pairwise interaction vector at1000/5000 vs200,0.5066986602679464,1.0
Q2/saturated/any_spending/probit/cash-medical,Q2,saturated,any_spending,probit,cash-medical,1208,2,,,,,"[-0.2612734105180093, 0.3457713368598826]","[-0.7057784595072506, -0.09167686604290248]","[0.18323163847123203, 0.7832195397626677]",2.761514103690076,7.625960144879205,0.022082274028844346,probit index,ok,,full pairwise interaction vector at1000/5000 vs200,0.6786642671465707,1.0
Q2/saturated/any_spending/probit/food-medical,Q2,saturated,any_spending,probit,food-medical,1208,2,,,,,"[0.0780757832266516, 0.014981506584916149]","[-0.3620136982076568, -0.4099040036590554]","[0.51816526466096, 0.4398670168288877]",0.3641250187939794,0.13258702931171584,0.9358561364834397,probit index,ok,,full pairwise interaction vector at1000/5000 vs200,1.0,1.0
Q2/saturated/any_spending/probit/restricted-cash,Q2,saturated,any_spending,probit,restricted-cash,1208,2,,,,,"[0.30031130213133506, -0.3382805835674245]","[-0.08589401613794445, -0.7132760204606146]","[0.6865166204006146, 0.03671485332576552]",3.3358658235467034,11.128000792706926,0.0038334105218328484,probit index,ok,,full pairwise interaction vector at1000/5000 vs200,0.264747050589882,1.0
Q2/saturated/ge10/OLS_HC3/omnibus,Q2,saturated,ge10,OLS_HC3,omnibus,1208,4,,,,,"[0.09771855761914668, -0.092599854486577, 0.05546930525941746, -0.045816973723950306]","[-0.07455301258044116, -0.25825073900924356, -0.11904215257076092, -0.21693236704012736]","[0.2699901278187345, 0.07305103003608955, 0.22998076308959584, 0.12529841959222676]",2.2099893867810074,4.884053089684693,0.2994025963943052,response units,ok,,full pairwise interaction vector at1000/5000 vs200,0.9600079984003199,1.0
Q2/saturated/ge10/OLS_HC3/cash-food,Q2,saturated,ge10,OLS_HC3,cash-food,1208,2,,,,,"[-0.09771855761914668, 0.092599854486577]","[-0.2699901278187345, -0.07305103003608955]","[0.07455301258044116, 0.25825073900924356]",2.2059890000248505,4.86638746823064,0.08775611485425067,response units,ok,,full pairwise interaction vector at1000/5000 vs200,0.9614077184563088,1.0
Q2/saturated/ge10/OLS_HC3/cash-medical,Q2,saturated,ge10,OLS_HC3,cash-medical,1208,2,,,,,"[-0.05546930525941746, 0.045816973723950306]","[-0.22998076308959584, -0.12529841959222676]","[0.11904215257076092, 0.21693236704012736]",1.179431486596847,1.3910586315760483,0.4988103499022267,response units,ok,,full pairwise interaction vector at1000/5000 vs200,1.0,1.0
Q2/saturated/ge10/OLS_HC3/food-medical,Q2,saturated,ge10,OLS_HC3,food-medical,1208,2,,,,,"[0.04224925235972921, -0.04678288076262669]","[-0.12765108501166675, -0.21378120702907458]","[0.21214958973112516, 0.12021544550382121]",1.0209471491543716,1.0423330813664387,0.5938274199236114,response units,ok,,full pairwise interaction vector at1000/5000 vs200,1.0,1.0
Q2/saturated/ge10/OLS_HC3/restricted-cash,Q2,saturated,ge10,OLS_HC3,restricted-cash,1208,2,,,,,"[0.07659393143928207, -0.06920841410526365]","[-0.07456605085363262, -0.2154555899497809]","[0.22775391373219678, 0.07703876173925359]",1.9643672846692248,3.858738829078743,0.1452397556915121,response units,ok,,full pairwise interaction vector at1000/5000 vs200,0.9926014797040592,1.0
Q2/saturated/ge10/logit/omnibus,Q2,saturated,ge10,logit,omnibus,1208,4,,,,,"[0.39260607042223195, -0.37468378358746507, 0.22424793167909296, -0.1864510856070747]","[-0.2992943577558641, -1.0419277371438664, -0.47833253679398124, -0.8795000359814543]","[1.0845064986003279, 0.29256016996893625, 0.9268284001521672, 0.506597864767305]",2.203474919405491,4.8553017204490345,0.3024692335110113,logit index,ok,,full pairwise interaction vector at1000/5000 vs200,0.9618076384723055,1.0
Q2/saturated/ge10/logit/cash-food,Q2,saturated,ge10,logit,cash-food,1208,2,,,,,"[-0.39260607042223195, 0.37468378358746507]","[-1.0845064986003279, -0.29256016996893625]","[0.2992943577558641, 1.0419277371438664]",2.198010028743578,4.831248086457346,0.08931158723657466,logit index,ok,,full pairwise interaction vector at1000/5000 vs200,0.9636072785442912,1.0
Q2/saturated/ge10/logit/cash-medical,Q2,saturated,ge10,logit,cash-medical,1208,2,,,,,"[-0.22424793167909296, 0.1864510856070747]","[-0.9268284001521672, -0.506597864767305]","[0.47833253679398124, 0.8795000359814543]",1.1826137683713054,1.3985753251413795,0.49693916610986943,logit index,ok,,full pairwise interaction vector at1000/5000 vs200,1.0,1.0
Q2/saturated/ge10/logit/food-medical,Q2,saturated,ge10,logit,food-medical,1208,2,,,,,"[0.16835813874313899, -0.18823269798039036]","[-0.5159907433842602, -0.8702539591640134]","[0.8527070208705382, 0.4937885632032327]",1.0028574114922921,1.0057229877850205,0.6047975567485939,logit index,ok,,full pairwise interaction vector at1000/5000 vs200,1.0,1.0
Q2/saturated/ge10/logit/restricted-cash,Q2,saturated,ge10,logit,restricted-cash,1208,2,,,,,"[0.30842700105066245, -0.2805674345972699]","[-0.29910029091175083, -0.8691907610206102]","[0.9159542930130757, 0.30805589182607035]",1.9666562937009853,3.867736977553696,0.14458777899396238,logit index,ok,,full pairwise interaction vector at1000/5000 vs200,0.9926014797040592,1.0
Q2/saturated/ge10/probit/omnibus,Q2,saturated,ge10,probit,omnibus,1208,4,,,,,"[0.24579621598651422, -0.23421833665010708, 0.1402063418297619, -0.11640921480179513]","[-0.18703254264100602, -0.6514021515792562, -0.2990622135923585, -0.549171005654661]","[0.6786249746140345, 0.182965478279042, 0.5794748972518823, 0.31635257605107076]",2.206646705598028,4.86928968332663,0.30097402449406346,probit index,ok,,full pairwise interaction vector at1000/5000 vs200,0.9610077984403119,1.0
Q2/saturated/ge10/probit/cash-food,Q2,saturated,ge10,probit,cash-food,1208,2,,,,,"[-0.24579621598651422, 0.23421833665010708]","[-0.6786249746140345, -0.182965478279042]","[0.18703254264100602, 0.6514021515792562]",2.201531856916828,4.846742517019656,0.08862234444661024,probit index,ok,,full pairwise interaction vector at1000/5000 vs200,0.9624075184963007,1.0
Q2/saturated/ge10/probit/cash-medical,Q2,saturated,ge10,probit,cash-medical,1208,2,,,,,"[-0.1402063418297619, 0.11640921480179513]","[-0.5794748972518823, -0.31635257605107076]","[0.2990622135923585, 0.549171005654661]",1.182896439041377,1.39924398549677,0.4967730521201674,probit index,ok,,full pairwise interaction vector at1000/5000 vs200,1.0,1.0
Q2/saturated/ge10/probit/food-medical,Q2,saturated,ge10,probit,food-medical,1208,2,,,,,"[0.1055898741567523, -0.11780912184831195]","[-0.32226718748553335, -0.5429586960810393]","[0.5334469357990379, 0.30734045238441543]",1.0075810619467311,1.0152195963937025,0.6019326011300432,probit index,ok,,full pairwise interaction vector at1000/5000 vs200,1.0,1.0
Q2/saturated/ge10/probit/restricted-cash,Q2,saturated,ge10,probit,restricted-cash,1208,2,,,,,"[0.19300127890813806, -0.1753137757259511]","[-0.1869768556463987, -0.5433823989648001]","[0.5729794134626749, 0.19275484751289787]",1.9677389497107283,3.87199657420868,0.14428016387944304,probit index,ok,,full pairwise interaction vector at1000/5000 vs200,0.9924015196960608,1.0
Q2/saturated/ge25/OLS_HC3/omnibus,Q2,saturated,ge25,OLS_HC3,omnibus,1208,4,,,,,"[0.07852781092204485, 0.00547308261666591, 0.006759728144989489, 0.04201399375817994]","[-0.08671304193150635, -0.14756522524024115, -0.15347927362613067, -0.11235876333637443]","[0.24376866377559603, 0.15851139047357296, 0.16699872991610965, 0.1963867508527343]",1.487185974078523,2.211722121495885,0.69688378212079,response units,ok,,full pairwise interaction vector at1000/5000 vs200,1.0,1.0
Q2/saturated/ge25/OLS_HC3/cash-food,Q2,saturated,ge25,OLS_HC3,cash-food,1208,2,,,,,"[-0.07852781092204485, -0.00547308261666591]","[-0.24376866377559603, -0.15851139047357296]","[0.08671304193150635, 0.14756522524024115]",1.0442984963880002,1.0905593495582382,0.57967963889208,response units,ok,,full pairwise interaction vector at1000/5000 vs200,1.0,1.0
Q2/saturated/ge25/OLS_HC3/cash-medical,Q2,saturated,ge25,OLS_HC3,cash-medical,1208,2,,,,,"[-0.006759728144989489, -0.04201399375817994]","[-0.16699872991610965, -0.1963867508527343]","[0.15347927362613067, 0.11235876333637443]",0.5882060632687417,0.34598637286611095,0.8411433460115962,response units,ok,,full pairwise interaction vector at1000/5000 vs200,1.0,1.0
Q2/saturated/ge25/OLS_HC3/food-medical,Q2,saturated,ge25,OLS_HC3,food-medical,1208,2,,,,,"[0.07176808277705536, -0.03654091114151403]","[-0.08446454743654351, -0.18523175881725246]","[0.22800071299065422, 0.11214993653422439]",1.392150681374688,1.938083519652008,0.37944646479701005,response units,ok,,full pairwise interaction vector at1000/5000 vs200,1.0,1.0
Q2/saturated/ge25/OLS_HC3/restricted-cash,Q2,saturated,ge25,OLS_HC3,restricted-cash,1208,2,,,,,"[0.042643769533517166, 0.023743538187422926]","[-0.10014411470153345, -0.11078747629142302]","[0.1854316537685678, 0.15827455266626886]",0.5864957114660952,0.3439772195681213,0.8419887635477168,response units,ok,,full pairwise interaction vector at1000/5000 vs200,1.0,1.0
Q2/saturated/ge25/logit/omnibus,Q2,saturated,ge25,logit,omnibus,1208,4,,,,,"[0.34369941028212087, 0.008295627689617576, 0.016324644383234912, 0.16394367954180356]","[-0.3779103872689357, -0.7160170366004805, -0.752005285014401, -0.6082128655505373]","[1.0653092078331774, 0.7326082919797157, 0.7846545737808708, 0.9361002246341444]",1.383440535218036,1.9139077144843657,0.751589676111328,logit index,ok,,full pairwise interaction vector at1000/5000 vs200,1.0,1.0
Q2/saturated/ge25/logit/cash-food,Q2,saturated,ge25,logit,cash-food,1208,2,,,,,"[-0.34369941028212087, -0.008295627689617576]","[-1.0653092078331774, -0.7326082919797157]","[0.3779103872689357, 0.7160170366004805]",1.0525083856816113,1.1077739019301114,0.574711587507512,logit index,ok,,full pairwise interaction vector at1000/5000 vs200,1.0,1.0
Q2/saturated/ge25/logit/cash-medical,Q2,saturated,ge25,logit,cash-medical,1208,2,,,,,"[-0.016324644383234912, -0.16394367954180356]","[-0.7846545737808708, -0.9361002246341444]","[0.752005285014401, 0.6082128655505373]",0.459480806457957,0.21112261150325456,0.8998193070568627,logit index,ok,,full pairwise interaction vector at1000/5000 vs200,1.0,1.0
Q2/saturated/ge25/logit/food-medical,Q2,saturated,ge25,logit,food-medical,1208,2,,,,,"[0.327374765898886, -0.15564805185218597]","[-0.420563216118027, -0.9241176376251037]","[1.075312747915799, 0.6128215339207317]",1.2475792805544375,1.5564540612687277,0.45921947202767444,logit index,ok,,full pairwise interaction vector at1000/5000 vs200,1.0,1.0
Q2/saturated/ge25/logit/restricted-cash,Q2,saturated,ge25,logit,restricted-cash,1208,2,,,,,"[0.18001202733267788, 0.08611965361571057]","[-0.4647150342438031, -0.556368406059705]","[0.8247390889091588, 0.7286077132911262]",0.5474126622606507,0.2996606228032932,0.8608540411475775,logit index,ok,,full pairwise interaction vector at1000/5000 vs200,1.0,1.0
Q2/saturated/ge25/probit/omnibus,Q2,saturated,ge25,probit,omnibus,1208,4,,,,,"[0.21128838389432353, 0.007240980462581126, 0.0118641170391634, 0.10366334611968152]","[-0.23210864977305246, -0.43008953547258044, -0.45056126970611216, -0.3568995522811856]","[0.6546854175616995, 0.44457149639774274, 0.47428950378443896, 0.5642262445205486]",1.404789458645742,1.9734334231221966,0.7406453864077218,probit index,ok,,full pairwise interaction vector at1000/5000 vs200,1.0,1.0
Q2/saturated/ge25/probit/cash-food,Q2,saturated,ge25,probit,cash-food,1208,2,,,,,"[-0.21128838389432353, -0.007240980462581126]","[-0.6546854175616995, -0.44457149639774274]","[0.23210864977305246, 0.43008953547258044]",1.0519358372296523,1.1065690056480497,0.5750579257499746,probit index,ok,,full pairwise interaction vector at1000/5000 vs200,1.0,1.0
Q2/saturated/ge25/probit/cash-medical,Q2,saturated,ge25,probit,cash-medical,1208,2,,,,,"[-0.0118641170391634, -0.10366334611968152]","[-0.47428950378443896, -0.5642262445205486]","[0.45056126970611216, 0.3568995522811856]",0.4863797545235628,0.2365652656104012,0.8884449134480515,probit index,ok,,full pairwise interaction vector at1000/5000 vs200,1.0,1.0
Q2/saturated/ge25/probit/food-medical,Q2,saturated,ge25,probit,food-medical,1208,2,,,,,"[0.19942426685516013, -0.0964223656571004]","[-0.2507977844827979, -0.551994860180955]","[0.6496463181931181, 0.35915012886675424]",1.279157979114385,1.6362451355319974,0.4412593117831616,probit index,ok,,full pairwise interaction vector at1000/5000 vs200,1.0,1.0
Q2/saturated/ge25/probit/restricted-cash,Q2,saturated,ge25,probit,restricted-cash,1208,2,,,,,"[0.11157625046674347, 0.05545216329113132]","[-0.28154473600947255, -0.33158983356978955]","[0.5046972369429594, 0.44249416015205223]",0.5562980908360161,0.30946756586779645,0.8566432001699468,probit index,ok,,full pairwise interaction vector at1000/5000 vs200,1.0,1.0
Q2/saturated/ge50/OLS_HC3/omnibus,Q2,saturated,ge50,OLS_HC3,omnibus,1208,4,,,,,"[0.06098894566645946, 0.02342800105435264, -0.015130078772802324, 0.07248397597234837]","[-0.07959926382719934, -0.10334420488258836, -0.13916989405624244, -0.04959624656228863]","[0.20157715516011826, 0.15020020699129363, 0.10890973651063779, 0.19456419850698536]",2.2890934391919804,5.2399487733517685,0.26355124904910804,response units,ok,,full pairwise interaction vector at1000/5000 vs200,0.9358128374325135,1.0
Q2/saturated/ge50/OLS_HC3/cash-food,Q2,saturated,ge50,OLS_HC3,cash-food,1208,2,,,,,"[-0.06098894566645946, -0.02342800105435264]","[-0.20157715516011826, -0.15020020699129363]","[0.07959926382719934, 0.10334420488258836]",0.8557047812667529,0.7322306726827814,0.6934228197463934,response units,ok,,full pairwise interaction vector at1000/5000 vs200,1.0,1.0
Q2/saturated/ge50/OLS_HC3/cash-medical,Q2,saturated,ge50,OLS_HC3,cash-medical,1208,2,,,,,"[0.015130078772802324, -0.07248397597234837]","[-0.10890973651063779, -0.19456419850698536]","[0.13916989405624244, 0.04959624656228863]",1.5952268656344977,2.5447487528420636,0.28016561278826474,response units,ok,,full pairwise interaction vector at1000/5000 vs200,1.0,1.0
Q2/saturated/ge50/OLS_HC3/food-medical,Q2,saturated,ge50,OLS_HC3,food-medical,1208,2,,,,,"[0.07611902443926179, -0.04905597491799574]","[-0.04437064344073556, -0.16525883734585387]","[0.19660869231925915, 0.06714688750986239]",2.0572348000152823,4.232215022393919,0.1204997607902008,response units,ok,,full pairwise interaction vector at1000/5000 vs200,0.9850029994001199,1.0
Q2/saturated/ge50/OLS_HC3/restricted-cash,Q2,saturated,ge50,OLS_HC3,restricted-cash,1208,2,,,,,"[0.022929433446828566, 0.047955988513350506]","[-0.0951638356062102, -0.06209677227439804]","[0.14102270249986731, 0.15800874930109904]",0.861706306541984,0.7425377587342277,0.6898584279220142,response units,ok,,full pairwise interaction vector at1000/5000 vs200,1.0,1.0
Q2/saturated/ge50/logit/omnibus,Q2,saturated,ge50,logit,omnibus,1208,4,,,,,"[0.37039763282044286, 0.1388960783372288, -0.3075998465632063, 0.5057984419430027]","[-0.4787721506313812, -0.740716168532296, -1.3619747613754318, -0.4896213112996334]","[1.219567416272267, 1.0185083252067537, 0.7467750682490191, 1.501218195185639]",2.100605661896004,4.412544146789549,0.35304379697582594,logit index,ok,,full pairwise interaction vector at1000/5000 vs200,0.98000399920016,1.0
Q2/saturated/ge50/logit/cash-food,Q2,saturated,ge50,logit,cash-food,1208,2,,,,,"[-0.37039763282044286, -0.1388960783372288]","[-1.219567416272267, -1.0185083252067537]","[0.4787721506313812, 0.740716168532296]",0.8610093587175963,0.7413371157992864,0.6902726890783027,logit index,ok,,full pairwise interaction vector at1000/5000 vs200,1.0,1.0
Q2/saturated/ge50/logit/cash-medical,Q2,saturated,ge50,logit,cash-medical,1208,2,,,,,"[0.3075998465632063, -0.5057984419430027]","[-0.7467750682490191, -1.501218195185639]","[1.3619747613754318, 0.4896213112996334]",1.5531830208171642,2.4123774961547313,0.2993359528918196,logit index,ok,,full pairwise interaction vector at1000/5000 vs200,1.0,1.0
Q2/saturated/ge50/logit/food-medical,Q2,saturated,ge50,logit,food-medical,1208,2,,,,,"[0.6779974793836492, -0.3669023636057739]","[-0.3554101004912569, -1.3613129242145368]","[1.7114050592585552, 0.627508197002989]",1.9569611072048008,3.8296967751122395,0.14736417313499592,logit index,ok,,full pairwise interaction vector at1000/5000 vs200,0.9926014797040592,1.0
Q2/saturated/ge50/logit/restricted-cash,Q2,saturated,ge50,logit,restricted-cash,1208,2,,,,,"[0.031398893128618266, 0.3223472601401158]","[-0.7744640508765799, -0.47456930025481275]","[0.8372618371338163, 1.1192638205350443]",0.8648577593050425,0.7479789438301389,0.6879841549464656,logit index,ok,,full pairwise interaction vector at1000/5000 vs200,1.0,1.0
Q2/saturated/ge50/probit/omnibus,Q2,saturated,ge50,probit,omnibus,1208,4,,,,,"[0.2128794751229917, 0.08027685317897545, -0.14654801432182654, 0.28256733650330307]","[-0.27512318507932393, -0.41066221010680015, -0.7040658996128545, -0.25386286157426335]","[0.7008821353253074, 0.5712159164647511, 0.41096987096920146, 0.8189975345808695]",2.1500466011801183,4.622700387246178,0.32824527056616126,probit index,ok,,full pairwise interaction vector at1000/5000 vs200,0.9728054389122176,1.0
Q2/saturated/ge50/probit/cash-food,Q2,saturated,ge50,probit,cash-food,1208,2,,,,,"[-0.2128794751229917, -0.08027685317897545]","[-0.7008821353253074, -0.5712159164647511]","[0.27512318507932393, 0.41066221010680015]",0.8610008447403483,0.7413224546435934,0.6902777491945322,probit index,ok,,full pairwise interaction vector at1000/5000 vs200,1.0,1.0
Q2/saturated/ge50/probit/cash-medical,Q2,saturated,ge50,probit,cash-medical,1208,2,,,,,"[0.14654801432182654, -0.28256733650330307]","[-0.41096987096920146, -0.8189975345808695]","[0.7040658996128545, 0.25386286157426335]",1.5691690371332787,2.462291467097781,0.2919578800422887,probit index,ok,,full pairwise interaction vector at1000/5000 vs200,1.0,1.0
Q2/saturated/ge50/probit/food-medical,Q2,saturated,ge50,probit,food-medical,1208,2,,,,,"[0.3594274894448183, -0.2022904833243276]","[-0.1856272741171422, -0.7347680810749705]","[0.9044822530067788, 0.3301871144263152]",2.0003652749377134,4.0014612331766335,0.13523644114592784,probit index,ok,,full pairwise interaction vector at1000/5000 vs200,0.9902019596080783,1.0
Q2/saturated/ge50/probit/restricted-cash,Q2,saturated,ge50,probit,restricted-cash,1208,2,,,,,"[0.033165730400582585, 0.18142209484113925]","[-0.4142884243142464, -0.2584712588346718]","[0.48061988511541154, 0.6213154485169503]",0.8600407374343707,0.7396700700466562,0.6908482870092414,probit index,ok,,full pairwise interaction vector at1000/5000 vs200,1.0,1.0
Q2/saturated/top75/OLS_HC3/omnibus,Q2,saturated,top75,OLS_HC3,omnibus,1208,4,,,,,"[0.09692125786816087, 0.06273669430141766, 0.0631019012082447, 0.0680886942514851]","[-0.025051575894769418, -0.04868126547965003, -0.04417749832646578, -0.033468321893409356]","[0.21889409163109116, 0.17415465408248537, 0.17038130074295518, 0.16964571039637955]",1.7534249588122877,3.0744990861858725,0.5454364899776665,response units,ok,,full pairwise interaction vector at1000/5000 vs200,0.9992001599680064,1.0
Q2/saturated/top75/OLS_HC3/cash-food,Q2,saturated,top75,OLS_HC3,cash-food,1208,2,,,,,"[-0.09692125786816087, -0.06273669430141766]","[-0.21889409163109116, -0.17415465408248537]","[0.025051575894769418, 0.04868126547965003]",1.5767488465777528,2.4861369251842738,0.28849761424233716,response units,ok,,full pairwise interaction vector at1000/5000 vs200,1.0,1.0
Q2/saturated/top75/OLS_HC3/cash-medical,Q2,saturated,top75,OLS_HC3,cash-medical,1208,2,,,,,"[-0.0631019012082447, -0.0680886942514851]","[-0.17038130074295518, -0.16964571039637955]","[0.04417749832646578, 0.033468321893409356]",1.3710544387560606,1.8797902740326964,0.3906687999066291,response units,ok,,full pairwise interaction vector at1000/5000 vs200,1.0,1.0
Q2/saturated/top75/OLS_HC3/food-medical,Q2,saturated,top75,OLS_HC3,food-medical,1208,2,,,,,"[0.03381935665991617, -0.0053519999500674376]","[-0.0679624251177927, -0.09734870816022985]","[0.13560113843762506, 0.08664470826009497]",0.8414571205343289,0.708050085697924,0.701857390626683,response units,ok,,full pairwise interaction vector at1000/5000 vs200,1.0,1.0
Q2/saturated/top75/OLS_HC3/restricted-cash,Q2,saturated,top75,OLS_HC3,restricted-cash,1208,2,,,,,"[0.08001157953820279, 0.06541269427645138]","[-0.02296044624978706, -0.030754067469167076]","[0.18298360532619262, 0.16157945602206986]",1.5959418796014673,2.547030483065864,0.27984616387379,response units,ok,,full pairwise interaction vector at1000/5000 vs200,1.0,1.0
Q2/saturated/top75/logit/omnibus,Q2,saturated,top75,logit,omnibus,1208,4,,,,,"[0.7793637857405848, 0.4834945066938905, 0.3245967767380508, 0.21747447278933937]","[-0.21229640306348263, -0.5430452370109662, -0.9264495159407371, -1.1169602543741752]","[1.7710239745446523, 1.5100342503987472, 1.5756430694168388, 1.551909199952854]",1.5791374750852116,2.493675165218497,0.6457687096534781,logit index,ok,,full pairwise interaction vector at1000/5000 vs200,1.0,1.0
Q2/saturated/top75/logit/cash-food,Q2,saturated,top75,logit,cash-food,1208,2,,,,,"[-0.7793637857405848, -0.4834945066938905]","[-1.7710239745446523, -1.5100342503987472]","[0.21229640306348263, 0.5430452370109662]",1.5722010326874971,2.4718160871836323,0.2905707915922296,logit index,ok,,full pairwise interaction vector at1000/5000 vs200,1.0,1.0
Q2/saturated/top75/logit/cash-medical,Q2,saturated,top75,logit,cash-medical,1208,2,,,,,"[-0.3245967767380508, -0.21747447278933937]","[-1.5756430694168388, -1.551909199952854]","[0.9264495159407371, 1.1169602543741752]",0.5238051306369069,0.2743718148815471,0.8718081354463376,logit index,ok,,full pairwise interaction vector at1000/5000 vs200,1.0,1.0
Q2/saturated/top75/logit/food-medical,Q2,saturated,top75,logit,food-medical,1208,2,,,,,"[0.45476700900253403, 0.2660200339045511]","[-0.7745915337786313, -1.079314883716568]","[1.6841255517836993, 1.6113549515256702]",0.7319223012321945,0.5357102550410312,0.7650186032170327,logit index,ok,,full pairwise interaction vector at1000/5000 vs200,1.0,1.0
Q2/saturated/top75/logit/restricted-cash,Q2,saturated,top75,logit,restricted-cash,1208,2,,,,,"[0.5519802812393179, 0.35048448974161495]","[-0.3948157747119474, -0.6317417739523173]","[1.4987763371905831, 1.3327107534355473]",1.1714857230156612,1.3723787992295264,0.5034910212696673,logit index,ok,,full pairwise interaction vector at1000/5000 vs200,1.0,1.0
Q2/saturated/top75/probit/omnibus,Q2,saturated,top75,probit,omnibus,1208,4,,,,,"[0.423783584057163, 0.2649135746371056, 0.19979813584908962, 0.16337681661817965]","[-0.11226605228646569, -0.2745298163072049, -0.4215496604036059, -0.4790734281595784]","[0.9598332204007917, 0.804356965581416, 0.8211459321017851, 0.8058270613959377]",1.587976965265606,2.5216708422141636,0.6407595427393293,probit index,ok,,full pairwise interaction vector at1000/5000 vs200,1.0,1.0
Q2/saturated/top75/probit/cash-food,Q2,saturated,top75,probit,cash-food,1208,2,,,,,"[-0.423783584057163, -0.2649135746371056]","[-0.9598332204007917, -0.804356965581416]","[0.11226605228646569, 0.2745298163072049]",1.5795909709753995,2.495107635587005,0.2872064976904849,probit index,ok,,full pairwise interaction vector at1000/5000 vs200,1.0,1.0
Q2/saturated/top75/probit/cash-medical,Q2,saturated,top75,probit,cash-medical,1208,2,,,,,"[-0.19979813584908962, -0.16337681661817965]","[-0.8211459321017851, -0.8058270613959377]","[0.4215496604036059, 0.4790734281595784]",0.67610189503444,0.45711377246916085,0.7956810326191581,probit index,ok,,full pairwise interaction vector at1000/5000 vs200,1.0,1.0
Q2/saturated/top75/probit/food-medical,Q2,saturated,top75,probit,food-medical,1208,2,,,,,"[0.22398544820807337, 0.10153675801892592]","[-0.3852500661435722, -0.5421047287101154]","[0.8332209625597189, 0.7451782447479672]",0.7206119069800067,0.5192815204813618,0.7713286279489704,probit index,ok,,full pairwise interaction vector at1000/5000 vs200,1.0,1.0
Q2/saturated/top75/probit/restricted-cash,Q2,saturated,top75,probit,restricted-cash,1208,2,,,,,"[0.3117908599531263, 0.21414519562764261]","[-0.18209087718571587, -0.28415406552428407]","[0.8056725970919685, 0.7124444567795694]",1.2791328734402596,1.6361809079155352,0.44127348252761756,probit index,ok,,full pairwise interaction vector at1000/5000 vs200,1.0,1.0
Q2/endpoint/ordinal/OLS_HC3/omnibus,Q2,endpoint,ordinal,OLS_HC3,omnibus,824,2,,,,,"[-0.12471565285249148, 0.006185610255377772]","[-0.7072151603809003, -0.5688168160324584]","[0.45778385467591726, 0.5811880365432139]",0.5146378697589127,0.26485213698999155,0.8759676933222028,response units,ok,,5000-minus200 response/link difference-in-differences,1.0,1.0
Q2/endpoint/ordinal/OLS_HC3/cash-food,Q2,endpoint,ordinal,OLS_HC3,cash-food,824,1,0.12471565285249148,0.29719362629000445,-0.45778385467591726,0.7072151603809003,[0.12471565285249148],[-0.45778385467591726],[0.7072151603809003],0.4196444399207698,0.17610145595641655,0.6747452187362142,response units,ok,,5000-minus200 response/link difference-in-differences,1.0,1.0
Q2/endpoint/ordinal/OLS_HC3/cash-medical,Q2,endpoint,ordinal,OLS_HC3,cash-medical,824,1,-0.006185610255377772,0.29336858484073275,-0.5811880365432139,0.5688168160324584,[-0.006185610255377772],[-0.5811880365432139],[0.5688168160324584],0.021084773813582956,0.00044456768676995356,0.9831780309326683,response units,ok,,5000-minus200 response/link difference-in-differences,1.0,1.0
Q2/endpoint/ordinal/OLS_HC3/food-medical,Q2,endpoint,ordinal,OLS_HC3,food-medical,824,1,-0.13090126310786926,0.2817063756834826,-0.6830457594474952,0.42124323323175666,[-0.13090126310786926],[-0.6830457594474952],[0.42124323323175666],0.46467270323674265,0.2159207211333419,0.6421658590464314,response units,ok,,5000-minus200 response/link difference-in-differences,1.0,1.0
Q2/endpoint/ordinal/OLS_HC3/restricted-cash,Q2,endpoint,ordinal,OLS_HC3,restricted-cash,824,1,-0.059265021298556854,0.25952835782289313,-0.5679406026314273,0.4494105600343136,[-0.059265021298556854],[-0.5679406026314273],[0.4494105600343136],0.22835663044961113,0.052146750670300265,0.8193690026001155,response units,ok,,5000-minus200 response/link difference-in-differences,1.0,1.0
Q2/endpoint/ordinal/ordered_logit/omnibus,Q2,endpoint,ordinal,ordered_logit,omnibus,824,2,,,,,"[-0.2391178524872498, -0.1376966364179434]","[-0.8590436867922453, -0.7707743763252627]","[0.38080798181774567, 0.4953811034893759]",0.7572353579865194,0.5734053873849723,0.7507348938804581,latent location index,ok,,5000-minus200 response/link difference-in-differences,1.0,1.0
Q2/endpoint/ordinal/ordered_logit/cash-food,Q2,endpoint,ordinal,ordered_logit,cash-food,824,1,0.2391178524872498,0.31628869097193646,-0.38080798181774567,0.8590436867922453,[0.2391178524872498],[-0.38080798181774567],[0.8590436867922453],0.7560113886856175,0.5715532198223557,0.4496423675348328,latent location index,ok,,5000-minus200 response/link difference-in-differences,1.0,1.0
Q2/endpoint/ordinal/ordered_logit/cash-medical,Q2,endpoint,ordinal,ordered_logit,cash-medical,824,1,0.1376966364179434,0.32299884689148944,-0.4953811034893759,0.7707743763252627,[0.1376966364179434],[-0.4953811034893759],[0.7707743763252627],0.42630689782060494,0.1817375711294277,0.6698842322840857,latent location index,ok,,5000-minus200 response/link difference-in-differences,1.0,1.0
Q2/endpoint/ordinal/ordered_logit/food-medical,Q2,endpoint,ordinal,ordered_logit,food-medical,824,1,-0.10142121606930637,0.3148355297820205,-0.7184988544420665,0.5156564223034539,[-0.10142121606930637],[-0.7184988544420665],[0.5156564223034539],0.32214031287868417,0.10377438118157653,0.7473463994526279,latent location index,ok,,5000-minus200 response/link difference-in-differences,1.0,1.0
Q2/endpoint/ordinal/ordered_logit/restricted-cash,Q2,endpoint,ordinal,ordered_logit,restricted-cash,824,1,-0.1884072444525966,0.278214023481393,-0.7337067304761269,0.3568922415709337,[-0.1884072444525966],[-0.7337067304761269],[0.3568922415709337],0.6772025439084213,0.45860328547603724,0.49827745393338796,latent location index,ok,,5000-minus200 response/link difference-in-differences,1.0,1.0
Q2/endpoint/ordinal/ordered_probit/omnibus,Q2,endpoint,ordinal,ordered_probit,omnibus,824,2,,,,,"[-0.11350311974975076, -0.0592008974537199]","[-0.48163775592895564, -0.4343376377247802]","[0.25463151642945414, 0.31593584281734033]",0.6043075232510324,0.3651875826577971,0.8331065020979289,latent location index,ok,,5000-minus200 response/link difference-in-differences,1.0,1.0
Q2/endpoint/ordinal/ordered_probit/cash-food,Q2,endpoint,ordinal,ordered_probit,cash-food,824,1,0.11350311974975076,0.18782379396898208,-0.25463151642945414,0.48163775592895564,[0.11350311974975076],[-0.25463151642945414],[0.48163775592895564],0.6043063945800983,0.3651862185303974,0.5456399557115642,latent location index,ok,,5000-minus200 response/link difference-in-differences,1.0,1.0
Q2/endpoint/ordinal/ordered_probit/cash-medical,Q2,endpoint,ordinal,ordered_probit,cash-medical,824,1,0.0592008974537199,0.1913962960566634,-0.31593584281734033,0.4343376377247802,[0.0592008974537199],[-0.31593584281734033],[0.4343376377247802],0.30931057012823965,0.09567302879305666,0.7570852911576943,latent location index,ok,,5000-minus200 response/link difference-in-differences,1.0,1.0
Q2/endpoint/ordinal/ordered_probit/food-medical,Q2,endpoint,ordinal,ordered_probit,food-medical,824,1,-0.054302222296030864,0.18769524176397132,-0.42218489615341465,0.3135804515613529,[-0.054302222296030864],[-0.42218489615341465],[0.3135804515613529],0.28931059618611144,0.08370062106556324,0.7723437042939187,latent location index,ok,,5000-minus200 response/link difference-in-differences,1.0,1.0
Q2/endpoint/ordinal/ordered_probit/restricted-cash,Q2,endpoint,ordinal,ordered_probit,restricted-cash,824,1,-0.08635200860173534,0.16476584572461422,-0.40929306622197925,0.23658904901850855,[-0.08635200860173534],[-0.40929306622197925],[0.23658904901850855],0.5240892505480903,0.274669542540059,0.6002164647705568,latent location index,ok,,5000-minus200 response/link difference-in-differences,1.0,1.0
Q2/endpoint/ordinal/ordered_location_scale/omnibus,Q2,endpoint,ordinal,ordered_location_scale,omnibus,824,2,,,,,"[-0.1451776042085549, -0.1108670013052791]","[-0.4513098782537275, -0.42301712246260653]","[0.16095466983661766, 0.20128311985204833]",0.961234551622438,0.9239718632327893,0.6300312034002178,latent location index,ok,,5000-minus200 response/link difference-in-differences,1.0,1.0
Q2/endpoint/ordinal/ordered_location_scale/cash-food,Q2,endpoint,ordinal,ordered_location_scale,cash-food,824,1,0.1451776042085549,0.15618993573733295,-0.16095466983661766,0.4513098782537275,[0.1451776042085549],[-0.16095466983661766],[0.4513098782537275],0.9294939749043905,0.8639590493835636,0.35263314624488706,latent location index,ok,,5000-minus200 response/link difference-in-differences,1.0,1.0
Q2/endpoint/ordinal/ordered_location_scale/cash-medical,Q2,endpoint,ordinal,ordered_location_scale,cash-medical,824,1,0.1108670013052791,0.15926026589659564,-0.20128311985204833,0.42301712246260653,[0.1108670013052791],[-0.20128311985204833],[0.42301712246260653],0.6961372359962197,0.48460705134045645,0.4863428892709578,latent location index,ok,,5000-minus200 response/link difference-in-differences,1.0,1.0
Q2/endpoint/ordinal/ordered_location_scale/food-medical,Q2,endpoint,ordinal,ordered_location_scale,food-medical,824,1,-0.03431060290327581,0.1538266737286904,-0.335810883411509,0.2671896776049574,[-0.03431060290327581],[-0.335810883411509],[0.2671896776049574],0.22304716127315244,0.04975003615201167,0.8234988015409428,latent location index,ok,,5000-minus200 response/link difference-in-differences,1.0,1.0
Q2/endpoint/ordinal/ordered_location_scale/restricted-cash,Q2,endpoint,ordinal,ordered_location_scale,restricted-cash,824,1,-0.128022302756917,0.13770948686250714,-0.397932897007431,0.141888291493597,[-0.128022302756917],[-0.397932897007431],[0.141888291493597],0.9296549255516282,0.8642582806024034,0.352549779282449,latent location index,ok,,5000-minus200 response/link difference-in-differences,1.0,1.0
Q2/endpoint/midpoint/OLS_HC3/omnibus,Q2,endpoint,midpoint,OLS_HC3,omnibus,824,2,,,,,"[0.00487312973453567, 0.03128964059196592]","[-0.0946770112603686, -0.06427900102734452]","[0.10442327072943994, 0.12685828221127635]",0.7227934223624868,0.5224303314104762,0.7701151994070707,response units,ok,,5000-minus200 response/link difference-in-differences,1.0,1.0
Q2/endpoint/midpoint/OLS_HC3/cash-food,Q2,endpoint,midpoint,OLS_HC3,cash-food,824,1,-0.00487312973453567,0.05079088826270626,-0.10442327072943994,0.0946770112603686,[-0.00487312973453567],[-0.10442327072943994],[0.0946770112603686],0.09594495983866887,0.009205435318443781,0.9235642864761091,response units,ok,,5000-minus200 response/link difference-in-differences,1.0,1.0
Q2/endpoint/midpoint/OLS_HC3/cash-medical,Q2,endpoint,midpoint,OLS_HC3,cash-medical,824,1,-0.03128964059196592,0.048759511030260425,-0.12685828221127635,0.06427900102734452,[-0.03128964059196592],[-0.12685828221127635],[0.06427900102734452],0.6417135843004536,0.4117963242757353,0.5210591674046292,response units,ok,,5000-minus200 response/link difference-in-differences,1.0,1.0
Q2/endpoint/midpoint/OLS_HC3/food-medical,Q2,endpoint,midpoint,OLS_HC3,food-medical,824,1,-0.026416510857430252,0.04598181591404651,-0.11654087004896141,0.0637078483341009,[-0.026416510857430252],[-0.11654087004896141],[0.0637078483341009],0.5744990782184517,0.3300491908738507,0.5656301241419963,response units,ok,,5000-minus200 response/link difference-in-differences,1.0,1.0
Q2/endpoint/midpoint/OLS_HC3/restricted-cash,Q2,endpoint,midpoint,OLS_HC3,restricted-cash,824,1,0.018081385163250797,0.044159033894822536,-0.06847032127060138,0.10463309159710296,[0.018081385163250797],[-0.06847032127060138],[0.10463309159710296],0.4094606147026863,0.16765799499270173,0.6822016645519382,response units,ok,,5000-minus200 response/link difference-in-differences,1.0,1.0
Q2/endpoint/any_spending/OLS_HC3/omnibus,Q2,endpoint,any_spending,OLS_HC3,omnibus,824,2,,,,,"[-0.12375357633834987, -0.1305840800026849]","[-0.2846838235270722, -0.29876731598825046]","[0.037176670850372476, 0.03759915598288066]",1.7579364562534152,3.0903405842248155,0.21327554898654588,response units,ok,,5000-minus200 response/link difference-in-differences,0.9992001599680064,1.0
Q2/endpoint/any_spending/OLS_HC3/cash-food,Q2,endpoint,any_spending,OLS_HC3,cash-food,824,1,0.12375357633834987,0.08210726897383794,-0.037176670850372476,0.2846838235270722,[0.12375357633834987],[-0.037176670850372476],[0.2846838235270722],1.5072182753731804,2.2717069296189045,0.13175471734620284,response units,ok,,5000-minus200 response/link difference-in-differences,1.0,1.0
Q2/endpoint/any_spending/OLS_HC3/cash-medical,Q2,endpoint,any_spending,OLS_HC3,cash-medical,824,1,0.1305840800026849,0.08580777346202324,-0.03759915598288066,0.29876731598825046,[0.1305840800026849],[-0.03759915598288066],[0.29876731598825046],1.5218210977176645,2.3159394534585975,0.1280539136055401,response units,ok,,5000-minus200 response/link difference-in-differences,1.0,1.0
Q2/endpoint/any_spending/OLS_HC3/food-medical,Q2,endpoint,any_spending,OLS_HC3,food-medical,824,1,0.006830503664335033,0.08530221027391287,-0.16036182847253416,0.17402283580120426,[0.006830503664335033],[-0.16036182847253416],[0.17402283580120426],0.08007416973606765,0.0064118726589205725,0.9361782663295685,response units,ok,,5000-minus200 response/link difference-in-differences,1.0,1.0
Q2/endpoint/any_spending/OLS_HC3/restricted-cash,Q2,endpoint,any_spending,OLS_HC3,restricted-cash,824,1,-0.1271688281705174,0.07234066652321032,-0.26895653455600965,0.014618878214974845,[-0.1271688281705174],[-0.26895653455600965],[0.014618878214974845],1.7579161802402745,3.090269296750557,0.07876177232469869,response units,ok,,5000-minus200 response/link difference-in-differences,0.9992001599680064,1.0
Q2/endpoint/any_spending/logit/omnibus,Q2,endpoint,any_spending,logit,omnibus,824,2,,,,,"[-0.5372016598319778, -0.5601578154408117]","[-1.2248692074129173, -1.266476003281121]","[0.15046588774896175, 0.14616037239949786]",1.7683160677951306,3.126941715622433,0.20940798305276795,logit index,ok,,5000-minus200 response/link difference-in-differences,0.9992001599680064,1.0
Q2/endpoint/any_spending/logit/cash-food,Q2,endpoint,any_spending,logit,cash-food,824,1,0.5372016598319778,0.350850789582112,-0.15046588774896175,1.2248692074129173,[0.5372016598319778],[-0.15046588774896175],[1.2248692074129173],1.5311399483290966,2.3443895413692286,0.1257348085418943,logit index,ok,,5000-minus200 response/link difference-in-differences,1.0,1.0
Q2/endpoint/any_spending/logit/cash-medical,Q2,endpoint,any_spending,logit,cash-medical,824,1,0.5601578154408117,0.3603664223675049,-0.14616037239949786,1.266476003281121,[0.5601578154408117],[-0.14616037239949786],[1.266476003281121],1.5544117894245921,2.4161960111021625,0.12008622285698987,logit index,ok,,5000-minus200 response/link difference-in-differences,1.0,1.0
Q2/endpoint/any_spending/logit/food-medical,Q2,endpoint,any_spending,logit,food-medical,824,1,0.022956155608833906,0.3475668136215554,-0.6582747990894147,0.7041871103070825,[0.022956155608833906],[-0.6582747990894147],[0.7041871103070825],0.06604818040490334,0.004362362134798658,0.9473394667523888,logit index,ok,,5000-minus200 response/link difference-in-differences,1.0,1.0
Q2/endpoint/any_spending/logit/restricted-cash,Q2,endpoint,any_spending,logit,restricted-cash,824,1,-0.5486797376363948,0.3102892923989046,-1.1568467507382478,0.05948727546545829,[-0.5486797376363948],[-1.1568467507382478],[0.05948727546545829],1.7682844721918987,3.1268299745949815,0.07701335846717752,logit index,ok,,5000-minus200 response/link difference-in-differences,0.9992001599680064,1.0
Q2/endpoint/any_spending/probit/omnibus,Q2,endpoint,any_spending,probit,omnibus,824,2,,,,,"[-0.33078985565075086, -0.34577132855725]","[-0.7551899582435269, -0.7831823439163441]","[0.09361024694202508, 0.09163968680184409]",1.7682651436265335,3.1267616181645654,0.20942684082451685,probit index,ok,,5000-minus200 response/link difference-in-differences,0.9992001599680064,1.0
Q2/endpoint/any_spending/probit/cash-food,Q2,endpoint,any_spending,probit,cash-food,824,1,0.33078985565075086,0.21653066458815098,-0.09361024694202508,0.7551899582435269,[0.33078985565075086],[-0.09361024694202508],[0.7551899582435269],1.5276813391762545,2.3338102740673543,0.12659167549942443,probit index,ok,,5000-minus200 response/link difference-in-differences,1.0,1.0
Q2/endpoint/any_spending/probit/cash-medical,Q2,endpoint,any_spending,probit,cash-medical,824,1,0.34577132855725,0.2231688853872929,-0.09163968680184409,0.7831823439163441,[0.34577132855725],[-0.09163968680184409],[0.7831823439163441],1.5493706838083174,2.400549515844653,0.12129263690142776,probit index,ok,,5000-minus200 response/link difference-in-differences,1.0,1.0
Q2/endpoint/any_spending/probit/food-medical,Q2,endpoint,any_spending,probit,food-medical,824,1,0.01498147290649915,0.21675989320805528,-0.40986791778128917,0.43983086359428747,[0.01498147290649915],[-0.40986791778128917],[0.43983086359428747],0.0691155207947962,0.004776955214735906,0.9448976667640646,probit index,ok,,5000-minus200 response/link difference-in-differences,1.0,1.0
Q2/endpoint/any_spending/probit/restricted-cash,Q2,endpoint,any_spending,probit,restricted-cash,824,1,-0.3382805921040004,0.1913079382307609,-0.7132441510362917,0.03668296682829092,[-0.3382805921040004],[-0.7132441510362917],[0.03668296682829092],1.7682517266793032,3.126714168904337,0.07701883016274624,probit index,ok,,5000-minus200 response/link difference-in-differences,0.9992001599680064,1.0
Q2/endpoint/ge10/OLS_HC3/omnibus,Q2,endpoint,ge10,OLS_HC3,omnibus,824,2,,,,,"[-0.09259985448657759, -0.045816973723950785]","[-0.25825073900924383, -0.21693236704012753]","[0.07305103003608865, 0.12529841959222598]",1.096299381359752,1.2018723335697747,0.548298097285649,response units,ok,,5000-minus200 response/link difference-in-differences,1.0,1.0
Q2/endpoint/ge10/OLS_HC3/cash-food,Q2,endpoint,ge10,OLS_HC3,cash-food,824,1,0.09259985448657759,0.08451575740952359,-0.07305103003608865,0.25825073900924383,[0.09259985448657759],[-0.07305103003608865],[0.25825073900924383],1.0956519508886642,1.2004531974861359,0.2732311175352355,response units,ok,,5000-minus200 response/link difference-in-differences,1.0,1.0
Q2/endpoint/ge10/OLS_HC3/cash-medical,Q2,endpoint,ge10,OLS_HC3,cash-medical,824,1,0.045816973723950785,0.08730377210009019,-0.12529841959222598,0.21693236704012753,[0.045816973723950785],[-0.12529841959222598],[0.21693236704012753],0.5247994745453095,0.27541448848303296,0.5997225968585981,response units,ok,,5000-minus200 response/link difference-in-differences,1.0,1.0
Q2/endpoint/ge10/OLS_HC3/food-medical,Q2,endpoint,ge10,OLS_HC3,food-medical,824,1,-0.04678288076262681,0.08520322768696313,-0.21378120702907455,0.12021544550382092,[-0.04678288076262681],[-0.21378120702907455],[0.12021544550382092],0.549074043702983,0.30148230546834526,0.5829546372786192,response units,ok,,5000-minus200 response/link difference-in-differences,1.0,1.0
Q2/endpoint/ge10/OLS_HC3/restricted-cash,Q2,endpoint,ge10,OLS_HC3,restricted-cash,824,1,-0.06920841410526418,0.07461590604312088,-0.2154555899497811,0.07703876173925273,[-0.06920841410526418],[-0.2154555899497811],[0.07703876173925273],0.9275289650073849,0.8603099809276706,0.353651960170026,response units,ok,,5000-minus200 response/link difference-in-differences,1.0,1.0
Q2/endpoint/ge10/logit/omnibus,Q2,endpoint,ge10,logit,omnibus,824,2,,,,,"[-0.3746832226855464, -0.18645122065620848]","[-1.0418704474592808, -0.8794412389044324]","[0.292504002088188, 0.5065387975920155]",1.1009645714157485,1.212122987512663,0.5454950795863782,logit index,ok,,5000-minus200 response/link difference-in-differences,1.0,1.0
Q2/endpoint/ge10/logit/cash-food,Q2,endpoint,ge10,logit,cash-food,824,1,0.3746832226855464,0.3404016452927216,-0.292504002088188,1.0418704474592808,[0.3746832226855464],[-0.292504002088188],[1.0418704474592808],1.1007092000490921,1.2115607430727122,0.27102324086717355,logit index,ok,,5000-minus200 response/link difference-in-differences,1.0,1.0
Q2/endpoint/ge10/logit/cash-medical,Q2,endpoint,ge10,logit,cash-medical,824,1,0.18645122065620848,0.35356633584093056,-0.5065387975920155,0.8794412389044324,[0.18645122065620848],[-0.5065387975920155],[0.8794412389044324],0.5273443813952153,0.27809209658910233,0.5979544594807495,logit index,ok,,5000-minus200 response/link difference-in-differences,1.0,1.0
Q2/endpoint/ge10/logit/food-medical,Q2,endpoint,ge10,logit,food-medical,824,1,-0.1882320020293379,0.34794044169391897,-0.870195267749419,0.49373126369074327,[-0.1882320020293379],[-0.870195267749419],[0.49373126369074327],0.5409891449034959,0.2926692549034157,0.5885150647538273,logit index,ok,,5000-minus200 response/link difference-in-differences,1.0,1.0
Q2/endpoint/ge10/logit/restricted-cash,Q2,endpoint,ge10,logit,restricted-cash,824,1,-0.28056722167087744,0.3002924894789194,-0.8691405010495594,0.30800605770780454,[-0.28056722167087744],[-0.8691405010495594],[0.30800605770780454],0.9343131496819315,0.8729410616685712,0.35014238321617375,logit index,ok,,5000-minus200 response/link difference-in-differences,1.0,1.0
Q2/endpoint/ge10/probit/omnibus,Q2,endpoint,ge10,probit,omnibus,824,2,,,,,"[-0.23421830686690354, -0.11640918073850179]","[-0.6513666562268488, -0.5491341820265174]","[0.18293004249304162, 0.3163158205495139]",1.1008132297486979,1.2117897667897595,0.5455859722903812,probit index,ok,,5000-minus200 response/link difference-in-differences,1.0,1.0
Q2/endpoint/ge10/probit/cash-food,Q2,endpoint,ge10,probit,cash-food,824,1,0.23421830686690354,0.21283079048976794,-0.18293004249304162,0.6513666562268488,[0.23421830686690354],[-0.18293004249304162],[0.6513666562268488],1.1004907059167448,1.2110797938091353,0.2711183768893057,probit index,ok,,5000-minus200 response/link difference-in-differences,1.0,1.0
Q2/endpoint/ge10/probit/cash-medical,Q2,endpoint,ge10,probit,cash-medical,824,1,0.11640918073850179,0.22077806188164065,-0.3163158205495139,0.5491341820265174,[0.11640918073850179],[-0.3163158205495139],[0.5491341820265174],0.5272678804514049,0.278011417755717,0.5980075758868943,probit index,ok,,5000-minus200 response/link difference-in-differences,1.0,1.0
Q2/endpoint/ge10/probit/food-medical,Q2,endpoint,ge10,probit,food-medical,824,1,-0.11780912612840175,0.2168946080423933,-0.5429225578914926,0.30730430563468913,[-0.11780912612840175],[-0.5429225578914926],[0.30730430563468913],0.5431630006467255,0.29502604527155474,0.5870175787493905,probit index,ok,,5000-minus200 response/link difference-in-differences,1.0,1.0
Q2/endpoint/ge10/probit/restricted-cash,Q2,endpoint,ge10,probit,restricted-cash,824,1,-0.17531374380270265,0.18777414956508434,-0.543351076950268,0.19272358934486267,[-0.17531374380270265],[-0.543351076950268],[0.19272358934486267],0.9336415273814739,0.8716865016512114,0.3504888364839256,probit index,ok,,5000-minus200 response/link difference-in-differences,1.0,1.0
Q2/endpoint/ge25/OLS_HC3/omnibus,Q2,endpoint,ge25,OLS_HC3,omnibus,824,2,,,,,"[0.005473082616665634, 0.04201399375817975]","[-0.14756522524024115, -0.11235876333637437]","[0.1585113904735724, 0.19638675085273385]",0.5901608723127346,0.34828985520892786,0.8401751242663915,response units,ok,,5000-minus200 response/link difference-in-differences,1.0,1.0
Q2/endpoint/ge25/OLS_HC3/cash-food,Q2,endpoint,ge25,OLS_HC3,cash-food,824,1,-0.005473082616665634,0.07808076931474836,-0.1585113904735724,0.14756522524024115,[-0.005473082616665634],[-0.1585113904735724],[0.14756522524024115],0.07009514205224213,0.004913328939324003,0.9441179332743435,response units,ok,,5000-minus200 response/link difference-in-differences,1.0,1.0
Q2/endpoint/ge25/OLS_HC3/cash-medical,Q2,endpoint,ge25,OLS_HC3,cash-medical,824,1,-0.04201399375817975,0.0787616107625276,-0.19638675085273385,0.11235876333637437,[-0.04201399375817975],[-0.19638675085273385],[0.11235876333637437],0.5334323835104796,0.2845501077776714,0.593734305619667,response units,ok,,5000-minus200 response/link difference-in-differences,1.0,1.0
Q2/endpoint/ge25/OLS_HC3/food-medical,Q2,endpoint,ge25,OLS_HC3,food-medical,824,1,-0.036540911141514115,0.0758626773855808,-0.18523175881725248,0.11214993653422425,[-0.036540911141514115],[-0.18523175881725248],[0.11214993653422425],0.481671783817894,0.232007707326312,0.6300391233612478,response units,ok,,5000-minus200 response/link difference-in-differences,1.0,1.0
Q2/endpoint/ge25/OLS_HC3/restricted-cash,Q2,endpoint,ge25,OLS_HC3,restricted-cash,824,1,0.02374353818742269,0.06863827269328861,-0.11078747629142296,0.15827455266626836,[0.02374353818742269],[-0.11078747629142296],[0.15827455266626836],0.34592272293216253,0.11966253024080169,0.7294007912465212,response units,ok,,5000-minus200 response/link difference-in-differences,1.0,1.0
Q2/endpoint/ge25/logit/omnibus,Q2,endpoint,ge25,logit,omnibus,824,2,,,,,"[0.008295389562257007, 0.16394240799754325]","[-0.7159556975927119, -0.6081484621703981]","[0.7325464767172261, 0.9360332781654845]",0.4611343713404911,0.21264490843158995,0.8991346715609495,logit index,ok,,5000-minus200 response/link difference-in-differences,1.0,1.0
Q2/endpoint/ge25/logit/cash-food,Q2,endpoint,ge25,logit,cash-food,824,1,-0.008295389562257007,0.3695158607933515,-0.7325464767172261,0.7159556975927119,[-0.008295389562257007],[-0.7325464767172261],[0.7159556975927119],0.022449346408153586,0.0005039731541532783,0.9820895175138454,logit index,ok,,5000-minus200 response/link difference-in-differences,1.0,1.0
Q2/endpoint/ge25/logit/cash-medical,Q2,endpoint,ge25,logit,cash-medical,824,1,-0.16394240799754325,0.3939239133509905,-0.9360332781654845,0.6081484621703981,[-0.16394240799754325],[-0.9360332781654845],[0.6081484621703981],0.4161778517149041,0.17320400425803273,0.6772798654285943,logit index,ok,,5000-minus200 response/link difference-in-differences,1.0,1.0
Q2/endpoint/ge25/logit/food-medical,Q2,endpoint,ge25,logit,food-medical,824,1,-0.15564701843528625,0.3920430043432129,-0.9240513069479835,0.612757270077411,[-0.15564701843528625],[-0.9240513069479835],[0.612757270077411],0.3970151659663988,0.15762104200732718,0.6913562769331216,logit index,ok,,5000-minus200 response/link difference-in-differences,1.0,1.0
Q2/endpoint/ge25/logit/restricted-cash,Q2,endpoint,ge25,logit,restricted-cash,824,1,0.08611889877990013,0.32777214819168515,-0.5563145116758028,0.728552309235603,[0.08611889877990013],[-0.5563145116758028],[0.728552309235603],0.2627401359603524,0.06903237904446446,0.7927508792422253,logit index,ok,,5000-minus200 response/link difference-in-differences,1.0,1.0
Q2/endpoint/ge25/probit/omnibus,Q2,endpoint,ge25,probit,omnibus,824,2,,,,,"[0.007240922670786887, 0.10366339320743204]","[-0.43005241473869243, -0.35686035386423287]","[0.44453426008026625, 0.5641871402790969]",0.48788995189111145,0.23803660515631106,0.8877915517389895,probit index,ok,,5000-minus200 response/link difference-in-differences,1.0,1.0
Q2/endpoint/ge25/probit/cash-food,Q2,endpoint,ge25,probit,cash-food,824,1,-0.007240922670786887,0.2231088456170813,-0.44453426008026625,0.43005241473869243,[-0.007240922670786887],[-0.44453426008026625],[0.43005241473869243],0.03245466422794543,0.0010533052301486805,0.9741094696714168,probit index,ok,,5000-minus200 response/link difference-in-differences,1.0,1.0
Q2/endpoint/ge25/probit/cash-medical,Q2,endpoint,ge25,probit,cash-medical,824,1,-0.10366339320743204,0.234961095444727,-0.5641871402790969,0.35686035386423287,[-0.10366339320743204],[-0.5641871402790969],[0.35686035386423287],0.4411938623763276,0.19465202419854188,0.6590726561717609,probit index,ok,,5000-minus200 response/link difference-in-differences,1.0,1.0
Q2/endpoint/ge25/probit/food-medical,Q2,endpoint,ge25,probit,food-medical,824,1,-0.09642247053664516,0.23241518745127293,-0.55195623794114,0.35911129686784976,[-0.09642247053664516],[-0.55195623794114],[0.35911129686784976],0.4148716424001363,0.17211847966778657,0.678235870052221,probit index,ok,,5000-minus200 response/link difference-in-differences,1.0,1.0
Q2/endpoint/ge25/probit/restricted-cash,Q2,endpoint,ge25,probit,restricted-cash,824,1,0.05545215793910946,0.1974536194732418,-0.33155693622844445,0.44246125210666337,[0.05545215793910946],[-0.33155693622844445],[0.44246125210666337],0.2808363710274966,0.07886906729189373,0.7788359057147929,probit index,ok,,5000-minus200 response/link difference-in-differences,1.0,1.0
Q2/endpoint/ge50/OLS_HC3/omnibus,Q2,endpoint,ge50,OLS_HC3,omnibus,824,2,,,,,"[0.02342800105435223, 0.07248397597234796]","[-0.10334420488258846, -0.04959624656228882]","[0.1502002069912929, 0.19456419850698475]",1.2172513932114077,1.4817009542751132,0.47670831354592524,response units,ok,,5000-minus200 response/link difference-in-differences,1.0,1.0
Q2/endpoint/ge50/OLS_HC3/cash-food,Q2,endpoint,ge50,OLS_HC3,cash-food,824,1,-0.02342800105435223,0.0646796969066024,-0.1502002069912929,0.10334420488258846,[-0.02342800105435223],[-0.1502002069912929],[0.10334420488258846],0.3622156901598087,0.13120020619794653,0.7171908554731792,response units,ok,,5000-minus200 response/link difference-in-differences,1.0,1.0
Q2/endpoint/ge50/OLS_HC3/cash-medical,Q2,endpoint,ge50,OLS_HC3,cash-medical,824,1,-0.07248397597234796,0.06228582782379428,-0.19456419850698475,0.04959624656228882,[-0.07248397597234796],[-0.19456419850698475],[0.04959624656228882],1.1637314378706516,1.3542708594884942,0.24453286486744363,response units,ok,,5000-minus200 response/link difference-in-differences,1.0,1.0
Q2/endpoint/ge50/OLS_HC3/food-medical,Q2,endpoint,ge50,OLS_HC3,food-medical,824,1,-0.04905597491799572,0.05928717470809083,-0.16525883734585373,0.0671468875098623,[-0.04905597491799572],[-0.16525883734585373],[0.0671468875098623],0.8274297967398526,0.6846400685329538,0.40799349771047266,response units,ok,,5000-minus200 response/link difference-in-differences,1.0,1.0
Q2/endpoint/ge50/OLS_HC3/restricted-cash,Q2,endpoint,ge50,OLS_HC3,restricted-cash,824,1,0.0479559885133501,0.05614936774885117,-0.062096772274398186,0.15800874930109837,[0.0479559885133501],[-0.062096772274398186],[0.15800874930109837],0.8540788692020721,0.7294507148174901,0.3930612911470349,response units,ok,,5000-minus200 response/link difference-in-differences,1.0,1.0
Q2/endpoint/ge50/logit/omnibus,Q2,endpoint,ge50,logit,omnibus,824,2,,,,,"[0.1388960590547581, 0.5057982484063316]","[-0.7406414391358783, -0.4895368591895738]","[1.0184335572453946, 1.5011333560022369]",1.0067834216866671,1.0136128581831134,0.6024163694815159,logit index,ok,,5000-minus200 response/link difference-in-differences,1.0,1.0
Q2/endpoint/ge50/logit/cash-food,Q2,endpoint,ge50,logit,cash-food,824,1,-0.1388960590547581,0.4487436215258349,-1.0184335572453946,0.7406414391358783,[-0.1388960590547581],[-1.0184335572453946],[0.7406414391358783],0.30952207985147173,0.09580391791558085,0.7569244189377792,logit index,ok,,5000-minus200 response/link difference-in-differences,1.0,1.0
Q2/endpoint/ge50/logit/cash-medical,Q2,endpoint,ge50,logit,cash-medical,824,1,-0.5057982484063316,0.5078240344877069,-1.5011333560022369,0.4895368591895738,[-0.5057982484063316],[-1.5011333560022369],[0.4895368591895738],0.9960108503264937,0.9920376139681051,0.31924487328250634,logit index,ok,,5000-minus200 response/link difference-in-differences,1.0,1.0
Q2/endpoint/ge50/logit/food-medical,Q2,endpoint,ge50,logit,food-medical,824,1,-0.3669021893515735,0.5073091795870364,-1.3612281813421647,0.6274238026390178,[-0.3669021893515735],[-1.3612281813421647],[0.6274238026390178],0.7232319148063553,0.5230644025944672,0.4695374143533111,logit index,ok,,5000-minus200 response/link difference-in-differences,1.0,1.0
Q2/endpoint/ge50/logit/restricted-cash,Q2,endpoint,ge50,logit,restricted-cash,824,1,0.32234715373054484,0.4065555226637916,-0.4745016706904866,1.1191959781515763,[0.32234715373054484],[-0.4745016706904866],[1.1191959781515763],0.7928736316714989,0.6286485957999518,0.4278514514987799,logit index,ok,,5000-minus200 response/link difference-in-differences,1.0,1.0
Q2/endpoint/ge50/probit/omnibus,Q2,endpoint,ge50,probit,omnibus,824,2,,,,,"[0.08027683629203249, 0.28256730991100715]","[-0.4106204925462175, -0.2538172777126117]","[0.5711741651302825, 0.8189518975346259]",1.048284309137216,1.0988999927832903,0.5772672221388404,probit index,ok,,5000-minus200 response/link difference-in-differences,1.0,1.0
Q2/endpoint/ge50/probit/cash-food,Q2,endpoint,ge50,probit,cash-food,824,1,-0.08027683629203249,0.25045782083584184,-0.5711741651302825,0.4106204925462175,[-0.08027683629203249],[-0.5711741651302825],[0.4106204925462175],0.32052038153222023,0.10273331497756003,0.7485738824423216,probit index,ok,,5000-minus200 response/link difference-in-differences,1.0,1.0
Q2/endpoint/ge50/probit/cash-medical,Q2,endpoint,ge50,probit,cash-medical,824,1,-0.28256730991100715,0.2736656059304178,-0.8189518975346259,0.2538172777126117,[-0.28256730991100715],[-0.8189518975346259],[0.2538172777126117],1.0325276680287427,1.0661133852448736,0.3018249931436957,probit index,ok,,5000-minus200 response/link difference-in-differences,1.0,1.0
Q2/endpoint/ge50/probit/food-medical,Q2,endpoint,ge50,probit,food-medical,824,1,-0.20229047361897468,0.27164914535261225,-0.7347227985100947,0.33014185127214535,[-0.20229047361897468],[-0.7347227985100947],[0.33014185127214535],0.7446755385752933,0.5545416577524032,0.45646789027962775,probit index,ok,,5000-minus200 response/link difference-in-differences,1.0,1.0
Q2/endpoint/ge50/probit/restricted-cash,Q2,endpoint,ge50,probit,restricted-cash,824,1,0.1814220731015198,0.22441630377681904,-0.25843388230104547,0.6212780285040851,[0.1814220731015198],[-0.25843388230104547],[0.6212780285040851],0.8084175260365363,0.6535388964030338,0.41885026611237364,probit index,ok,,5000-minus200 response/link difference-in-differences,1.0,1.0
Q2/endpoint/top75/OLS_HC3/omnibus,Q2,endpoint,top75,OLS_HC3,omnibus,824,2,,,,,"[0.06273669430141737, 0.06808869425148477]","[-0.048681265479650085, -0.03346832189340947]","[0.17415465408248482, 0.169645710396379]",1.3610992130486208,1.852591067761575,0.396018031813886,response units,ok,,5000-minus200 response/link difference-in-differences,1.0,1.0
Q2/endpoint/top75/OLS_HC3/cash-food,Q2,endpoint,top75,OLS_HC3,cash-food,824,1,-0.06273669430141737,0.056845897847483395,-0.17415465408248482,0.048681265479650085,[-0.06273669430141737],[-0.17415465408248482],[0.048681265479650085],1.1036274678911553,1.217993587883843,0.2697547708785158,response units,ok,,5000-minus200 response/link difference-in-differences,1.0,1.0
Q2/endpoint/top75/OLS_HC3/cash-medical,Q2,endpoint,top75,OLS_HC3,cash-medical,824,1,-0.06808869425148477,0.05181480415555829,-0.169645710396379,0.03346832189340947,[-0.06808869425148477],[-0.169645710396379],[0.03346832189340947],1.314078000701673,1.7268009919281062,0.18881995655930267,response units,ok,,5000-minus200 response/link difference-in-differences,1.0,1.0
Q2/endpoint/top75/OLS_HC3/food-medical,Q2,endpoint,top75,OLS_HC3,food-medical,824,1,-0.005351999950067396,0.046937096025593046,-0.09734870816022977,0.08664470826009497,[-0.005351999950067396],[-0.09734870816022977],[0.08664470826009497],0.11402494835106862,0.013001688846463867,0.909218016497787,response units,ok,,5000-minus200 response/link difference-in-differences,1.0,1.0
Q2/endpoint/top75/OLS_HC3/restricted-cash,Q2,endpoint,top75,OLS_HC3,restricted-cash,824,1,0.06541269427645108,0.049064674360009296,-0.030754067469167146,0.1615794560220693,[0.06541269427645108],[-0.030754067469167146],[0.1615794560220693],1.3331932827371706,1.7774043291355135,0.1824683831585473,response units,ok,,5000-minus200 response/link difference-in-differences,1.0,1.0
Q2/endpoint/top75/logit/omnibus,Q2,endpoint,top75,logit,omnibus,824,2,,,,,"[0.48349479906418913, 0.21747390370986083]","[-0.542957680807689, -1.116847687948628]","[1.5099472789360673, 1.5517954953683495]",0.9236475508068978,0.8531247981115808,0.6527491333751504,logit index,ok,,5000-minus200 response/link difference-in-differences,1.0,1.0
Q2/endpoint/top75/logit/cash-food,Q2,endpoint,top75,logit,cash-food,824,1,-0.48349479906418913,0.5237002448325909,-1.5099472789360673,0.542957680807689,[-0.48349479906418913],[-1.5099472789360673],[0.542957680807689],0.9232281325718034,0.8523501847720193,0.355888331031727,logit index,ok,,5000-minus200 response/link difference-in-differences,1.0,1.0
Q2/endpoint/top75/logit/cash-medical,Q2,endpoint,top75,logit,cash-medical,824,1,-0.21747390370986083,0.6807763222747392,-1.5517954953683495,1.116847687948628,[-0.21747390370986083],[-1.5517954953683495],[1.116847687948628],0.31944986421266197,0.10204821574548817,0.7493854037566093,logit index,ok,,5000-minus200 response/link difference-in-differences,1.0,1.0
Q2/endpoint/top75/logit/food-medical,Q2,endpoint,top75,logit,food-medical,824,1,0.26602089535432827,0.6863371705431284,-1.0791999589102033,1.61124174961886,[0.26602089535432827],[-1.0791999589102033],[1.61124174961886],0.38759505789816745,0.15022992890708378,0.6983157268012121,logit index,ok,,5000-minus200 response/link difference-in-differences,1.0,1.0
Q2/endpoint/top75/logit/restricted-cash,Q2,endpoint,top75,logit,restricted-cash,824,1,0.350484351387025,0.5010933004805899,-0.6316585175549312,1.332627220328981,[0.350484351387025],[-0.6316585175549312],[1.332627220328981],0.6994393081106484,0.4892153457303025,0.4842775296479659,logit index,ok,,5000-minus200 response/link difference-in-differences,1.0,1.0
Q2/endpoint/top75/probit/omnibus,Q2,endpoint,top75,probit,omnibus,824,2,,,,,"[0.2649134417793051, 0.16337644962662726]","[-0.27448403336132565, -0.47901930110112967]","[0.8043109169199358, 0.8057722003543841]",0.9684487425450949,0.9378929669371756,0.6256610654704375,probit index,ok,,5000-minus200 response/link difference-in-differences,1.0,1.0
Q2/endpoint/top75/probit/cash-food,Q2,endpoint,top75,probit,cash-food,824,1,-0.2649134417793051,0.2752027934390973,-0.8043109169199358,0.27448403336132565,[-0.2649134417793051],[-0.8043109169199358],[0.27448403336132565],0.9626117470276723,0.9266213755156674,0.33574240019026735,probit index,ok,,5000-minus200 response/link difference-in-differences,1.0,1.0
Q2/endpoint/top75/probit/cash-medical,Q2,endpoint,top75,probit,cash-medical,824,1,-0.16337644962662726,0.32775293404477396,-0.8057722003543841,0.47901930110112967,[-0.16337644962662726],[-0.8057722003543841],[0.47901930110112967],0.4984744075679536,0.2484767350002223,0.6181497032395309,probit index,ok,,5000-minus200 response/link difference-in-differences,1.0,1.0
Q2/endpoint/top75/probit/food-medical,Q2,endpoint,top75,probit,food-medical,824,1,0.10153699215267784,0.328360659590161,-0.5420499006440377,0.7451238849493934,[0.10153699215267784],[-0.5420499006440377],[0.7451238849493934],0.30922398645260946,0.0956194737976436,0.7571511488882043,probit index,ok,,5000-minus200 response/link difference-in-differences,1.0,1.0
Q2/endpoint/top75/probit/restricted-cash,Q2,endpoint,top75,probit,restricted-cash,824,1,0.21414494570296616,0.2542127080895029,-0.28411196215245954,0.7124018535583918,[0.21414494570296616],[-0.28411196215245954],[0.7124018535583918],0.8423848961459875,0.7096123132548863,0.39957254454120605,probit index,ok,,5000-minus200 response/link difference-in-differences,1.0,1.0
