variable,outcome,target,folds,valid_train_folds,valid_holdout_folds,same_direction_train_folds,median_training_estimate,median_training_profile,median_training_profile_norm,positive_holdout_direction_folds,mean_holdout_direction_score,median_holdout_cosine,interpretation
age_squared,midpoint,cash,5,5,5,5,0.00636575276901899,[0.00636575276901899],0.00636575276901899,4,0.009491840177660863,1.0,"direction diagnostic, not independent validation or corrected test; unordered factors have profiles not signed scalar"
age_squared,midpoint,rc,5,5,5,5,-0.014722382231276176,[-0.014722382231276176],0.014722382231276176,4,0.018738713348800194,1.0,"direction diagnostic, not independent validation or corrected test; unordered factors have profiles not signed scalar"
age_squared,ordinal,cash,5,5,5,5,0.026681816374173804,[0.026681816374173804],0.026681816374173804,4,0.050275630864110646,1.0,"direction diagnostic, not independent validation or corrected test; unordered factors have profiles not signed scalar"
age_squared,ordinal,rc,5,5,5,5,-0.08816301564878526,[-0.08816301564878526],0.08816301564878526,4,0.11678779425644836,1.0,"direction diagnostic, not independent validation or corrected test; unordered factors have profiles not signed scalar"
age_squared,top75,cash,5,5,5,5,0.003533178305086088,[0.003533178305086088],0.003533178305086088,4,0.004639124187608691,1.0,"direction diagnostic, not independent validation or corrected test; unordered factors have profiles not signed scalar"
age_squared,top75,rc,5,5,5,5,-0.01194119406023906,[-0.01194119406023906],0.01194119406023906,3,0.014043634958579734,1.0,"direction diagnostic, not independent validation or corrected test; unordered factors have profiles not signed scalar"
diagnostic_global_pc1,midpoint,cash,5,5,5,4,0.005360702613320865,[0.005360702613320865],0.005360702613320865,2,-0.010735179320015553,-1.0,"direction diagnostic, not independent validation or corrected test; unordered factors have profiles not signed scalar"
diagnostic_global_pc1,midpoint,rc,5,5,5,4,-0.004578507232179909,[-0.004578507232179909],0.004578507232179909,2,-0.009212580345630734,-1.0,"direction diagnostic, not independent validation or corrected test; unordered factors have profiles not signed scalar"
diagnostic_global_pc1,ordinal,cash,5,5,5,4,0.011772759352226672,[0.011772759352226672],0.029416105374496786,1,-0.08209477610876922,-1.0,"direction diagnostic, not independent validation or corrected test; unordered factors have profiles not signed scalar"
diagnostic_global_pc1,ordinal,rc,5,5,5,3,-0.009716154711912266,[-0.009716154711912266],0.020953355705413686,1,-0.11068863638653903,-1.0,"direction diagnostic, not independent validation or corrected test; unordered factors have profiles not signed scalar"
diagnostic_global_pc1,top75,cash,5,5,5,4,0.0033380706619501503,[0.0033380706619501503],0.004459666278588705,2,-0.012228919191569746,-1.0,"direction diagnostic, not independent validation or corrected test; unordered factors have profiles not signed scalar"
diagnostic_global_pc1,top75,rc,5,5,5,4,-0.0005947398850276016,[-0.0005947398850276016],0.005191977096769759,2,-0.01158032348430396,-1.0,"direction diagnostic, not independent validation or corrected test; unordered factors have profiles not signed scalar"
diagnostic_global_pc10,midpoint,cash,5,5,5,5,-0.012476629126805706,[-0.012476629126805706],0.012476629126805706,4,0.01242492383113961,1.0,"direction diagnostic, not independent validation or corrected test; unordered factors have profiles not signed scalar"
diagnostic_global_pc10,midpoint,rc,5,5,5,5,0.0099398393630836,[0.0099398393630836],0.0099398393630836,5,0.012398540385142615,1.0,"direction diagnostic, not independent validation or corrected test; unordered factors have profiles not signed scalar"
diagnostic_global_pc10,ordinal,cash,5,5,5,5,-0.07455541925618742,[-0.07455541925618742],0.07455541925618742,4,0.06481751449294695,1.0,"direction diagnostic, not independent validation or corrected test; unordered factors have profiles not signed scalar"
diagnostic_global_pc10,ordinal,rc,5,5,5,5,0.06776484143556585,[0.06776484143556585],0.06776484143556585,4,0.08361004577822026,1.0,"direction diagnostic, not independent validation or corrected test; unordered factors have profiles not signed scalar"
diagnostic_global_pc10,top75,cash,5,5,5,5,-0.009332168552030885,[-0.009332168552030885],0.009332168552030885,4,0.011457187210233147,1.0,"direction diagnostic, not independent validation or corrected test; unordered factors have profiles not signed scalar"
diagnostic_global_pc10,top75,rc,5,5,5,4,0.003646692538842697,[0.003646692538842697],0.003646692538842697,2,-0.003654051945111079,-1.0,"direction diagnostic, not independent validation or corrected test; unordered factors have profiles not signed scalar"
diagnostic_global_pc11,midpoint,cash,5,5,5,5,0.007428490763313633,[0.007428490763313633],0.007428490763313633,3,0.0069049079197314985,1.0,"direction diagnostic, not independent validation or corrected test; unordered factors have profiles not signed scalar"
diagnostic_global_pc11,midpoint,rc,5,5,5,5,-0.013643168846179278,[-0.013643168846179278],0.013643168846179278,5,0.010178083326934236,1.0,"direction diagnostic, not independent validation or corrected test; unordered factors have profiles not signed scalar"
diagnostic_global_pc11,ordinal,cash,5,5,5,5,0.04734846004918786,[0.04734846004918786],0.04734846004918786,3,0.04542988638684602,1.0,"direction diagnostic, not independent validation or corrected test; unordered factors have profiles not signed scalar"
diagnostic_global_pc11,ordinal,rc,5,5,5,5,-0.09517545210097128,[-0.09517545210097128],0.09517545210097128,4,0.07593204692942038,1.0,"direction diagnostic, not independent validation or corrected test; unordered factors have profiles not signed scalar"
diagnostic_global_pc11,top75,cash,5,5,5,5,0.00792715415849578,[0.00792715415849578],0.00792715415849578,4,0.0064364951101906764,1.0,"direction diagnostic, not independent validation or corrected test; unordered factors have profiles not signed scalar"
diagnostic_global_pc11,top75,rc,5,5,5,4,-0.007070834645030664,[-0.007070834645030664],0.007070834645030664,1,-0.014152545383417637,-1.0,"direction diagnostic, not independent validation or corrected test; unordered factors have profiles not signed scalar"
diagnostic_global_pc12,midpoint,cash,5,5,5,5,-0.006611645178427466,[-0.006611645178427466],0.006611645178427466,4,0.008252407090478989,1.0,"direction diagnostic, not independent validation or corrected test; unordered factors have profiles not signed scalar"
diagnostic_global_pc12,midpoint,rc,5,5,5,5,0.01988426678715033,[0.01988426678715033],0.01988426678715033,4,0.02113966752448914,1.0,"direction diagnostic, not independent validation or corrected test; unordered factors have profiles not signed scalar"
diagnostic_global_pc12,ordinal,cash,5,5,5,5,-0.02596560860914212,[-0.02596560860914212],0.02596560860914212,3,0.041955281372894365,1.0,"direction diagnostic, not independent validation or corrected test; unordered factors have profiles not signed scalar"
diagnostic_global_pc12,ordinal,rc,5,5,5,5,0.10130079581035448,[0.10130079581035448],0.10130079581035448,3,0.10852942779571215,1.0,"direction diagnostic, not independent validation or corrected test; unordered factors have profiles not signed scalar"
diagnostic_global_pc12,top75,cash,5,5,5,5,-0.019123994351023913,[-0.019123994351023913],0.019123994351023913,5,0.020493681439732167,1.0,"direction diagnostic, not independent validation or corrected test; unordered factors have profiles not signed scalar"
diagnostic_global_pc12,top75,rc,5,5,5,5,0.02658287991785241,[0.02658287991785241],0.02658287991785241,4,0.029085294089461457,1.0,"direction diagnostic, not independent validation or corrected test; unordered factors have profiles not signed scalar"
diagnostic_global_pc13,midpoint,cash,5,5,5,4,-0.004698374266215576,[-0.004698374266215576],0.004698374266215576,2,-0.008227554802590275,-1.0,"direction diagnostic, not independent validation or corrected test; unordered factors have profiles not signed scalar"
diagnostic_global_pc13,midpoint,rc,5,5,5,5,0.013008004293999603,[0.013008004293999603],0.013008004293999603,4,0.014823146459973157,1.0,"direction diagnostic, not independent validation or corrected test; unordered factors have profiles not signed scalar"
diagnostic_global_pc13,ordinal,cash,5,5,5,4,-0.016741342452727306,[-0.016741342452727306],0.017665553882051183,1,-0.059419126996859195,-1.0,"direction diagnostic, not independent validation or corrected test; unordered factors have profiles not signed scalar"
diagnostic_global_pc13,ordinal,rc,5,5,5,5,0.06223550812368275,[0.06223550812368275],0.06223550812368275,4,0.07206531011488859,1.0,"direction diagnostic, not independent validation or corrected test; unordered factors have profiles not signed scalar"
diagnostic_global_pc13,top75,cash,5,5,5,5,-0.007365570066006464,[-0.007365570066006464],0.007365570066006464,4,0.008343361690048833,1.0,"direction diagnostic, not independent validation or corrected test; unordered factors have profiles not signed scalar"
diagnostic_global_pc13,top75,rc,5,5,5,5,0.014834576085104158,[0.014834576085104158],0.014834576085104158,4,0.013454872486835426,1.0,"direction diagnostic, not independent validation or corrected test; unordered factors have profiles not signed scalar"
diagnostic_global_pc14,midpoint,cash,5,5,5,3,-0.0026608347804586855,[-0.0026608347804586855],0.0026608347804586855,0,-0.006838286409310511,-1.0,"direction diagnostic, not independent validation or corrected test; unordered factors have profiles not signed scalar"
diagnostic_global_pc14,midpoint,rc,5,5,5,5,0.004044566993126585,[0.004044566993126585],0.004044566993126585,3,0.0036726890830848526,1.0,"direction diagnostic, not independent validation or corrected test; unordered factors have profiles not signed scalar"
diagnostic_global_pc14,ordinal,cash,5,5,5,3,-0.0026242064039285425,[-0.0026242064039285425],0.013213367652105767,0,-0.04240669075943309,-1.0,"direction diagnostic, not independent validation or corrected test; unordered factors have profiles not signed scalar"
diagnostic_global_pc14,ordinal,rc,5,5,5,1,-0.00265715572668071,[-0.00265715572668071],0.0028275458894435196,1,-0.02606765912177037,-1.0,"direction diagnostic, not independent validation or corrected test; unordered factors have profiles not signed scalar"
diagnostic_global_pc14,top75,cash,5,5,5,2,0.0007139925898913043,[0.0007139925898913043],0.0037063327431605467,0,-0.014749615385165563,-1.0,"direction diagnostic, not independent validation or corrected test; unordered factors have profiles not signed scalar"
diagnostic_global_pc14,top75,rc,5,5,5,5,0.005994699402630319,[0.005994699402630319],0.005994699402630319,3,0.00671405672261745,1.0,"direction diagnostic, not independent validation or corrected test; unordered factors have profiles not signed scalar"
diagnostic_global_pc15,midpoint,cash,5,5,5,4,-0.0069624174595814825,[-0.0069624174595814825],0.0069624174595814825,2,-0.010776730402524071,-1.0,"direction diagnostic, not independent validation or corrected test; unordered factors have profiles not signed scalar"
diagnostic_global_pc15,midpoint,rc,5,5,5,3,0.0005871248295729386,[0.0005871248295729386],0.0019980024225123,2,-0.013202187572738869,-1.0,"direction diagnostic, not independent validation or corrected test; unordered factors have profiles not signed scalar"
diagnostic_global_pc15,ordinal,cash,5,5,5,5,-0.05990884914556208,[-0.05990884914556208],0.05990884914556208,4,0.05589331216523996,1.0,"direction diagnostic, not independent validation or corrected test; unordered factors have profiles not signed scalar"
diagnostic_global_pc15,ordinal,rc,5,5,5,4,0.028142766353099924,[0.028142766353099924],0.028142766353099924,3,-0.051234612563733406,1.0,"direction diagnostic, not independent validation or corrected test; unordered factors have profiles not signed scalar"
diagnostic_global_pc15,top75,cash,5,5,5,3,0.00044122870549907246,[0.00044122870549907246],0.0020016594625060285,2,-0.012730952522709643,-1.0,"direction diagnostic, not independent validation or corrected test; unordered factors have profiles not signed scalar"
diagnostic_global_pc15,top75,rc,5,5,5,3,0.00203281172541663,[0.00203281172541663],0.004762840102172173,1,-0.018163253574547226,-1.0,"direction diagnostic, not independent validation or corrected test; unordered factors have profiles not signed scalar"
diagnostic_global_pc16,midpoint,cash,5,5,5,5,0.007779426750779326,[0.007779426750779326],0.007779426750779326,3,0.007883387705419668,1.0,"direction diagnostic, not independent validation or corrected test; unordered factors have profiles not signed scalar"
diagnostic_global_pc16,midpoint,rc,5,5,5,4,-0.005166728187333585,[-0.005166728187333585],0.005166728187333585,2,-0.014668031151224092,-1.0,"direction diagnostic, not independent validation or corrected test; unordered factors have profiles not signed scalar"
diagnostic_global_pc16,ordinal,cash,5,5,5,5,0.06404973086675236,[0.06404973086675236],0.06404973086675236,4,0.0668692710113047,1.0,"direction diagnostic, not independent validation or corrected test; unordered factors have profiles not signed scalar"
diagnostic_global_pc16,ordinal,rc,5,5,5,4,-0.04750727270355063,[-0.04750727270355063],0.04750727270355063,1,-0.07314492722365416,-1.0,"direction diagnostic, not independent validation or corrected test; unordered factors have profiles not signed scalar"
diagnostic_global_pc16,top75,cash,5,5,5,4,0.006542758769497445,[0.006542758769497445],0.006542758769497445,1,-0.0076223479589575425,-1.0,"direction diagnostic, not independent validation or corrected test; unordered factors have profiles not signed scalar"
diagnostic_global_pc16,top75,rc,5,5,5,4,-0.004089435858920862,[-0.004089435858920862],0.004089435858920862,1,-0.010503582656558378,-1.0,"direction diagnostic, not independent validation or corrected test; unordered factors have profiles not signed scalar"
diagnostic_global_pc17,midpoint,cash,5,5,5,5,0.014349724865862319,[0.014349724865862319],0.014349724865862319,4,0.01560603226333673,1.0,"direction diagnostic, not independent validation or corrected test; unordered factors have profiles not signed scalar"
diagnostic_global_pc17,midpoint,rc,5,5,5,5,-0.018990231874218787,[-0.018990231874218787],0.018990231874218787,4,0.019210165053193496,1.0,"direction diagnostic, not independent validation or corrected test; unordered factors have profiles not signed scalar"
diagnostic_global_pc17,ordinal,cash,5,5,5,5,0.0964373875869994,[0.0964373875869994],0.0964373875869994,4,0.09759266679855017,1.0,"direction diagnostic, not independent validation or corrected test; unordered factors have profiles not signed scalar"
diagnostic_global_pc17,ordinal,rc,5,5,5,5,-0.12153208275002038,[-0.12153208275002038],0.12153208275002038,4,0.10970683713954185,1.0,"direction diagnostic, not independent validation or corrected test; unordered factors have profiles not signed scalar"
diagnostic_global_pc17,top75,cash,5,5,5,5,0.013181936678795433,[0.013181936678795433],0.013181936678795433,5,0.014617922533450237,1.0,"direction diagnostic, not independent validation or corrected test; unordered factors have profiles not signed scalar"
diagnostic_global_pc17,top75,rc,5,5,5,5,-0.02078994024358906,[-0.02078994024358906],0.02078994024358906,5,0.021749455806029484,1.0,"direction diagnostic, not independent validation or corrected test; unordered factors have profiles not signed scalar"
diagnostic_global_pc18,midpoint,cash,5,5,5,5,0.003320065021703068,[0.003320065021703068],0.003320065021703068,4,0.0036705223390667537,1.0,"direction diagnostic, not independent validation or corrected test; unordered factors have profiles not signed scalar"
diagnostic_global_pc18,midpoint,rc,5,5,5,5,-0.006778612555693343,[-0.006778612555693343],0.006778612555693343,3,0.01041760748749331,1.0,"direction diagnostic, not independent validation or corrected test; unordered factors have profiles not signed scalar"
diagnostic_global_pc18,ordinal,cash,5,5,5,5,0.019590226148841393,[0.019590226148841393],0.019590226148841393,3,0.018658851970845568,1.0,"direction diagnostic, not independent validation or corrected test; unordered factors have profiles not signed scalar"
diagnostic_global_pc18,ordinal,rc,5,5,5,5,-0.032643162930830305,[-0.032643162930830305],0.032643162930830305,3,0.05230781624000419,1.0,"direction diagnostic, not independent validation or corrected test; unordered factors have profiles not signed scalar"
diagnostic_global_pc18,top75,cash,5,5,5,5,0.004275153325587792,[0.004275153325587792],0.004275153325587792,3,0.004122410535148453,1.0,"direction diagnostic, not independent validation or corrected test; unordered factors have profiles not signed scalar"
diagnostic_global_pc18,top75,rc,5,5,5,5,-0.007237182348068405,[-0.007237182348068405],0.007237182348068405,3,0.00967203754913006,1.0,"direction diagnostic, not independent validation or corrected test; unordered factors have profiles not signed scalar"
diagnostic_global_pc19,midpoint,cash,5,5,5,5,-0.012583992762150732,[-0.012583992762150732],0.012583992762150732,4,0.010289512515526324,1.0,"direction diagnostic, not independent validation or corrected test; unordered factors have profiles not signed scalar"
diagnostic_global_pc19,midpoint,rc,5,5,5,5,0.01308926557216942,[0.01308926557216942],0.01308926557216942,3,0.00944759036032759,1.0,"direction diagnostic, not independent validation or corrected test; unordered factors have profiles not signed scalar"
diagnostic_global_pc19,ordinal,cash,5,5,5,5,-0.07232871346800582,[-0.07232871346800582],0.07232871346800582,4,0.06081132766207055,1.0,"direction diagnostic, not independent validation or corrected test; unordered factors have profiles not signed scalar"
diagnostic_global_pc19,ordinal,rc,5,5,5,5,0.08149001606834225,[0.08149001606834225],0.08149001606834225,2,0.050761718829452275,-1.0,"direction diagnostic, not independent validation or corrected test; unordered factors have profiles not signed scalar"
diagnostic_global_pc19,top75,cash,5,5,5,5,-0.01588572027141926,[-0.01588572027141926],0.01588572027141926,4,0.013976576473736924,1.0,"direction diagnostic, not independent validation or corrected test; unordered factors have profiles not signed scalar"
diagnostic_global_pc19,top75,rc,5,5,5,5,0.0243828435306524,[0.0243828435306524],0.0243828435306524,4,0.01886501584787654,1.0,"direction diagnostic, not independent validation or corrected test; unordered factors have profiles not signed scalar"
diagnostic_global_pc2,midpoint,cash,5,5,5,5,-0.0030251738206965384,[-0.0030251738206965384],0.0030251738206965384,3,0.0018665215056618216,1.0,"direction diagnostic, not independent validation or corrected test; unordered factors have profiles not signed scalar"
diagnostic_global_pc2,midpoint,rc,5,5,5,4,0.0056435567948599115,[0.0056435567948599115],0.0056435567948599115,1,-0.00901749933197145,-1.0,"direction diagnostic, not independent validation or corrected test; unordered factors have profiles not signed scalar"
diagnostic_global_pc2,ordinal,cash,5,5,5,3,-0.0034983234960689787,[-0.0034983234960689787],0.00612833283855315,1,-0.021189779006016866,-1.0,"direction diagnostic, not independent validation or corrected test; unordered factors have profiles not signed scalar"
diagnostic_global_pc2,ordinal,rc,5,5,5,4,0.00699057957116197,[0.00699057957116197],0.009915193711039329,2,-0.04124991555448446,-1.0,"direction diagnostic, not independent validation or corrected test; unordered factors have profiles not signed scalar"
diagnostic_global_pc2,top75,cash,5,5,5,5,-0.0041261219850998775,[-0.0041261219850998775],0.0041261219850998775,4,0.003939881688102001,1.0,"direction diagnostic, not independent validation or corrected test; unordered factors have profiles not signed scalar"
diagnostic_global_pc2,top75,rc,5,5,5,4,0.0036867827561690185,[0.0036867827561690185],0.0043777232173967395,1,-0.009922097312232637,-1.0,"direction diagnostic, not independent validation or corrected test; unordered factors have profiles not signed scalar"
diagnostic_global_pc20,midpoint,cash,5,5,5,5,0.013645258235152176,[0.013645258235152176],0.013645258235152176,5,0.009987314283395174,1.0,"direction diagnostic, not independent validation or corrected test; unordered factors have profiles not signed scalar"
diagnostic_global_pc20,midpoint,rc,5,5,5,5,-0.01635364172244673,[-0.01635364172244673],0.01635364172244673,4,0.01461796909300864,1.0,"direction diagnostic, not independent validation or corrected test; unordered factors have profiles not signed scalar"
diagnostic_global_pc20,ordinal,cash,5,5,5,5,0.07555198373388654,[0.07555198373388654],0.07555198373388654,5,0.05503485865803694,1.0,"direction diagnostic, not independent validation or corrected test; unordered factors have profiles not signed scalar"
diagnostic_global_pc20,ordinal,rc,5,5,5,5,-0.0974463476172994,[-0.0974463476172994],0.0974463476172994,4,0.08292808940275925,1.0,"direction diagnostic, not independent validation or corrected test; unordered factors have profiles not signed scalar"
diagnostic_global_pc20,top75,cash,5,5,5,5,0.017201175417749452,[0.017201175417749452],0.017201175417749452,5,0.01354284591992259,1.0,"direction diagnostic, not independent validation or corrected test; unordered factors have profiles not signed scalar"
diagnostic_global_pc20,top75,rc,5,5,5,5,-0.01857167581166297,[-0.01857167581166297],0.01857167581166297,4,0.015625994399785025,1.0,"direction diagnostic, not independent validation or corrected test; unordered factors have profiles not signed scalar"
diagnostic_global_pc21,midpoint,cash,5,5,5,5,-0.01254420481645398,[-0.01254420481645398],0.01254420481645398,3,0.01363103800235504,1.0,"direction diagnostic, not independent validation or corrected test; unordered factors have profiles not signed scalar"
diagnostic_global_pc21,midpoint,rc,5,5,5,5,0.014419432289131338,[0.014419432289131338],0.014419432289131338,2,0.01249806244228808,-1.0,"direction diagnostic, not independent validation or corrected test; unordered factors have profiles not signed scalar"
diagnostic_global_pc21,ordinal,cash,5,5,5,5,-0.10491364840339026,[-0.10491364840339026],0.10491364840339026,3,0.11324903713733836,1.0,"direction diagnostic, not independent validation or corrected test; unordered factors have profiles not signed scalar"
diagnostic_global_pc21,ordinal,rc,5,5,5,5,0.1033792132869554,[0.1033792132869554],0.1033792132869554,3,0.10082899034001139,1.0,"direction diagnostic, not independent validation or corrected test; unordered factors have profiles not signed scalar"
diagnostic_global_pc21,top75,cash,5,5,5,4,-0.003971015323762459,[-0.003971015323762459],0.003971015323762459,2,-0.01054797593659621,-1.0,"direction diagnostic, not independent validation or corrected test; unordered factors have profiles not signed scalar"
diagnostic_global_pc21,top75,rc,5,5,5,4,0.009103166919126904,[0.009103166919126904],0.009103166919126904,2,-0.010226436223474272,-1.0,"direction diagnostic, not independent validation or corrected test; unordered factors have profiles not signed scalar"
diagnostic_global_pc22,midpoint,cash,5,5,5,2,-0.0011616035464268558,[-0.0011616035464268558],0.0025271517365757327,0,-0.010961245641477737,-1.0,"direction diagnostic, not independent validation or corrected test; unordered factors have profiles not signed scalar"
diagnostic_global_pc22,midpoint,rc,5,5,5,4,0.006652057311286812,[0.006652057311286812],0.006652057311286812,2,-0.008821959876095017,-1.0,"direction diagnostic, not independent validation or corrected test; unordered factors have profiles not signed scalar"
diagnostic_global_pc22,ordinal,cash,5,5,5,4,-0.028004130957104495,[-0.028004130957104495],0.028004130957104495,2,-0.028547208938468027,-1.0,"direction diagnostic, not independent validation or corrected test; unordered factors have profiles not signed scalar"
diagnostic_global_pc22,ordinal,rc,5,5,5,5,0.07586973156490118,[0.07586973156490118],0.07586973156490118,3,0.06641172197039327,1.0,"direction diagnostic, not independent validation or corrected test; unordered factors have profiles not signed scalar"
diagnostic_global_pc22,top75,cash,5,5,5,4,0.00487354091121776,[0.00487354091121776],0.00487354091121776,2,-0.007375724930595304,-1.0,"direction diagnostic, not independent validation or corrected test; unordered factors have profiles not signed scalar"
diagnostic_global_pc22,top75,rc,5,5,5,3,-0.0023326109382325166,[-0.0023326109382325166],0.0054535588197652096,0,-0.024242537946448338,-1.0,"direction diagnostic, not independent validation or corrected test; unordered factors have profiles not signed scalar"
diagnostic_global_pc23,midpoint,cash,5,5,5,4,0.0028050271063472477,[0.0028050271063472477],0.0028050271063472477,2,-0.005476860099070906,-1.0,"direction diagnostic, not independent validation or corrected test; unordered factors have profiles not signed scalar"
diagnostic_global_pc23,midpoint,rc,5,5,5,3,-0.0011164767769953894,[-0.0011164767769953894],0.00721055405497964,0,-0.02267119283579879,-1.0,"direction diagnostic, not independent validation or corrected test; unordered factors have profiles not signed scalar"
diagnostic_global_pc23,ordinal,cash,5,5,5,3,-0.005302031411145959,[-0.005302031411145959],0.022655538870489485,0,-0.07518517448168924,-1.0,"direction diagnostic, not independent validation or corrected test; unordered factors have profiles not signed scalar"
diagnostic_global_pc23,ordinal,rc,5,5,5,3,0.008761916043728876,[0.008761916043728876],0.025357923819402876,1,-0.11649089313254604,-1.0,"direction diagnostic, not independent validation or corrected test; unordered factors have profiles not signed scalar"
diagnostic_global_pc23,top75,cash,5,5,5,5,0.012599210451210464,[0.012599210451210464],0.012599210451210464,3,0.011922121305726346,1.0,"direction diagnostic, not independent validation or corrected test; unordered factors have profiles not signed scalar"
diagnostic_global_pc23,top75,rc,5,5,5,5,-0.007900047221312831,[-0.007900047221312831],0.007900047221312831,3,0.007858451754575864,1.0,"direction diagnostic, not independent validation or corrected test; unordered factors have profiles not signed scalar"
diagnostic_global_pc24,midpoint,cash,5,5,5,5,0.007960945521190895,[0.007960945521190895],0.007960945521190895,3,0.007446004694665431,1.0,"direction diagnostic, not independent validation or corrected test; unordered factors have profiles not signed scalar"
diagnostic_global_pc24,midpoint,rc,5,5,5,5,-0.009852209055903853,[-0.009852209055903853],0.009852209055903853,2,0.008735637815901318,-1.0,"direction diagnostic, not independent validation or corrected test; unordered factors have profiles not signed scalar"
diagnostic_global_pc24,ordinal,cash,5,5,5,5,0.04231191649580459,[0.04231191649580459],0.04231191649580459,3,0.04024328434151568,1.0,"direction diagnostic, not independent validation or corrected test; unordered factors have profiles not signed scalar"
diagnostic_global_pc24,ordinal,rc,5,5,5,5,-0.05535682643813417,[-0.05535682643813417],0.05535682643813417,2,0.04601319901299985,-1.0,"direction diagnostic, not independent validation or corrected test; unordered factors have profiles not signed scalar"
diagnostic_global_pc24,top75,cash,5,5,5,3,0.0010461406920861584,[0.0010461406920861584],0.004329195796561173,0,-0.014155579460389034,-1.0,"direction diagnostic, not independent validation or corrected test; unordered factors have profiles not signed scalar"
diagnostic_global_pc24,top75,rc,5,5,5,2,-0.0001246011922608455,[-0.0001246011922608455],0.0035765151656218792,0,-0.014442522701256347,-1.0,"direction diagnostic, not independent validation or corrected test; unordered factors have profiles not signed scalar"
diagnostic_global_pc25,midpoint,cash,5,5,5,5,-0.006390623314149113,[-0.006390623314149113],0.006390623314149113,3,0.00832495117638243,1.0,"direction diagnostic, not independent validation or corrected test; unordered factors have profiles not signed scalar"
diagnostic_global_pc25,midpoint,rc,5,5,5,4,0.008285516514826492,[0.008285516514826492],0.008285516514826492,3,-0.008370643912805547,1.0,"direction diagnostic, not independent validation or corrected test; unordered factors have profiles not signed scalar"
diagnostic_global_pc25,ordinal,cash,5,5,5,5,-0.048197888582488996,[-0.048197888582488996],0.048197888582488996,3,0.04707152719292725,1.0,"direction diagnostic, not independent validation or corrected test; unordered factors have profiles not signed scalar"
diagnostic_global_pc25,ordinal,rc,5,5,5,5,0.031867685154276806,[0.031867685154276806],0.031867685154276806,3,0.0429752635238757,1.0,"direction diagnostic, not independent validation or corrected test; unordered factors have profiles not signed scalar"
diagnostic_global_pc25,top75,cash,5,5,5,4,-0.003371345366512868,[-0.003371345366512868],0.0037143601945663174,3,-0.007547542485266352,1.0,"direction diagnostic, not independent validation or corrected test; unordered factors have profiles not signed scalar"
diagnostic_global_pc25,top75,rc,5,5,5,5,0.010431241210688582,[0.010431241210688582],0.010431241210688582,4,0.01317712557159904,1.0,"direction diagnostic, not independent validation or corrected test; unordered factors have profiles not signed scalar"
diagnostic_global_pc26,midpoint,cash,5,5,5,5,0.005402627533466758,[0.005402627533466758],0.005402627533466758,3,0.0071179181755940775,1.0,"direction diagnostic, not independent validation or corrected test; unordered factors have profiles not signed scalar"
diagnostic_global_pc26,midpoint,rc,5,5,5,4,-0.002028394423184225,[-0.002028394423184225],0.004294357519497581,2,-0.00935319503557007,-1.0,"direction diagnostic, not independent validation or corrected test; unordered factors have profiles not signed scalar"
diagnostic_global_pc26,ordinal,cash,5,5,5,5,0.02353082632459916,[0.02353082632459916],0.02353082632459916,3,0.04089075649296654,1.0,"direction diagnostic, not independent validation or corrected test; unordered factors have profiles not signed scalar"
diagnostic_global_pc26,ordinal,rc,5,5,5,4,-0.019436041145893816,[-0.019436041145893816],0.019436041145893816,2,-0.05628692786398237,-1.0,"direction diagnostic, not independent validation or corrected test; unordered factors have profiles not signed scalar"
diagnostic_global_pc26,top75,cash,5,5,5,5,0.009121795324708241,[0.009121795324708241],0.009121795324708241,3,0.007918891269620528,1.0,"direction diagnostic, not independent validation or corrected test; unordered factors have profiles not signed scalar"
diagnostic_global_pc26,top75,rc,5,5,5,3,-0.001804335812416651,[-0.001804335812416651],0.003636494106529199,1,-0.01634683353120241,-1.0,"direction diagnostic, not independent validation or corrected test; unordered factors have profiles not signed scalar"
diagnostic_global_pc27,midpoint,cash,5,5,5,4,-0.0031041373258539296,[-0.0031041373258539296],0.0031041373258539296,3,-0.004600755079967268,1.0,"direction diagnostic, not independent validation or corrected test; unordered factors have profiles not signed scalar"
diagnostic_global_pc27,midpoint,rc,5,5,5,4,0.0012758765776217885,[0.0012758765776217885],0.0019374795131562993,2,-0.007988923312285056,-1.0,"direction diagnostic, not independent validation or corrected test; unordered factors have profiles not signed scalar"
diagnostic_global_pc27,ordinal,cash,5,5,5,4,-0.02301078309253766,[-0.02301078309253766],0.02301078309253766,3,-0.012992785383520899,1.0,"direction diagnostic, not independent validation or corrected test; unordered factors have profiles not signed scalar"
diagnostic_global_pc27,ordinal,rc,5,5,5,5,0.016465834598005245,[0.016465834598005245],0.016465834598005245,3,0.02616434731026775,1.0,"direction diagnostic, not independent validation or corrected test; unordered factors have profiles not signed scalar"
diagnostic_global_pc27,top75,cash,5,5,5,3,-0.0017674727107331667,[-0.0017674727107331667],0.0017674727107331667,2,-0.010081789824979754,-1.0,"direction diagnostic, not independent validation or corrected test; unordered factors have profiles not signed scalar"
diagnostic_global_pc27,top75,rc,5,5,5,4,-0.0013279535615461986,[-0.0013279535615461986],0.0024193276460686905,3,-0.005548190096529164,1.0,"direction diagnostic, not independent validation or corrected test; unordered factors have profiles not signed scalar"
diagnostic_global_pc3,midpoint,cash,5,5,5,5,-0.0028964400956991705,[-0.0028964400956991705],0.0028964400956991705,4,0.0019550801550877487,1.0,"direction diagnostic, not independent validation or corrected test; unordered factors have profiles not signed scalar"
diagnostic_global_pc3,midpoint,rc,5,5,5,3,-0.0018386896491188812,[-0.0018386896491188812],0.002211845566410373,1,-0.007663170042913142,-1.0,"direction diagnostic, not independent validation or corrected test; unordered factors have profiles not signed scalar"
diagnostic_global_pc3,ordinal,cash,5,5,5,4,-0.013691665218889265,[-0.013691665218889265],0.013691665218889265,2,-0.018930941758681263,-1.0,"direction diagnostic, not independent validation or corrected test; unordered factors have profiles not signed scalar"
diagnostic_global_pc3,ordinal,rc,5,5,5,4,-0.017770979317188657,[-0.017770979317188657],0.017770979317188657,3,-0.029595066096522366,1.0,"direction diagnostic, not independent validation or corrected test; unordered factors have profiles not signed scalar"
diagnostic_global_pc3,top75,cash,5,5,5,5,0.0037667142446785864,[0.0037667142446785864],0.0037667142446785864,3,0.005512302052699916,1.0,"direction diagnostic, not independent validation or corrected test; unordered factors have profiles not signed scalar"
diagnostic_global_pc3,top75,rc,5,5,5,5,-0.00604060270609144,[-0.00604060270609144],0.00604060270609144,3,0.006972087364317751,1.0,"direction diagnostic, not independent validation or corrected test; unordered factors have profiles not signed scalar"
diagnostic_global_pc4,midpoint,cash,5,5,5,4,-0.0023868803469114194,[-0.0023868803469114194],0.0023868803469114194,2,-0.006758078834947466,-1.0,"direction diagnostic, not independent validation or corrected test; unordered factors have profiles not signed scalar"
diagnostic_global_pc4,midpoint,rc,5,5,5,4,0.0006487679577113544,[0.0006487679577113544],0.0016400125061526718,2,-0.004253263461415911,-1.0,"direction diagnostic, not independent validation or corrected test; unordered factors have profiles not signed scalar"
diagnostic_global_pc4,ordinal,cash,5,5,5,4,-0.011520363231702227,[-0.011520363231702227],0.014314002123480036,2,-0.04802095642171081,-1.0,"direction diagnostic, not independent validation or corrected test; unordered factors have profiles not signed scalar"
diagnostic_global_pc4,ordinal,rc,5,5,5,5,0.009642126874029834,[0.009642126874029834],0.009642126874029834,3,0.04477633135048407,1.0,"direction diagnostic, not independent validation or corrected test; unordered factors have profiles not signed scalar"
diagnostic_global_pc4,top75,cash,5,5,5,5,-0.0065793033911363055,[-0.0065793033911363055],0.0065793033911363055,4,0.008221612592244123,1.0,"direction diagnostic, not independent validation or corrected test; unordered factors have profiles not signed scalar"
diagnostic_global_pc4,top75,rc,5,5,5,4,0.0033570691290807147,[0.0033570691290807147],0.0033570691290807147,2,-0.009898121172784987,-1.0,"direction diagnostic, not independent validation or corrected test; unordered factors have profiles not signed scalar"
diagnostic_global_pc5,midpoint,cash,5,5,5,4,0.001571702529128335,[0.001571702529128335],0.003219623384200813,2,-0.008389230833706246,-1.0,"direction diagnostic, not independent validation or corrected test; unordered factors have profiles not signed scalar"
diagnostic_global_pc5,midpoint,rc,5,5,5,2,0.0007001989499503015,[0.0007001989499503015],0.0036303371395759506,0,-0.016264700617684542,-1.0,"direction diagnostic, not independent validation or corrected test; unordered factors have profiles not signed scalar"
diagnostic_global_pc5,ordinal,cash,5,5,5,3,0.006696618053270955,[0.006696618053270955],0.018005453949114746,1,-0.08515776051470096,-1.0,"direction diagnostic, not independent validation or corrected test; unordered factors have profiles not signed scalar"
diagnostic_global_pc5,ordinal,rc,5,5,5,3,-0.004304464975276791,[-0.004304464975276791],0.014636475723722949,1,-0.08012552511935148,-1.0,"direction diagnostic, not independent validation or corrected test; unordered factors have profiles not signed scalar"
diagnostic_global_pc5,top75,cash,5,5,5,5,0.006890146816902405,[0.006890146816902405],0.006890146816902405,3,0.008105994081748231,1.0,"direction diagnostic, not independent validation or corrected test; unordered factors have profiles not signed scalar"
diagnostic_global_pc5,top75,rc,5,5,5,4,-0.0021702541856143567,[-0.0021702541856143567],0.003343995841483366,2,-0.01015686523444188,-1.0,"direction diagnostic, not independent validation or corrected test; unordered factors have profiles not signed scalar"
diagnostic_global_pc6,midpoint,cash,5,5,5,5,0.003893891960993113,[0.003893891960993113],0.003893891960993113,3,0.003995684870586211,1.0,"direction diagnostic, not independent validation or corrected test; unordered factors have profiles not signed scalar"
diagnostic_global_pc6,midpoint,rc,5,5,5,5,-0.005218561207931524,[-0.005218561207931524],0.005218561207931524,3,0.005838766912795989,1.0,"direction diagnostic, not independent validation or corrected test; unordered factors have profiles not signed scalar"
diagnostic_global_pc6,ordinal,cash,5,5,5,5,0.04156035267505651,[0.04156035267505651],0.04156035267505651,3,0.03781761420953893,1.0,"direction diagnostic, not independent validation or corrected test; unordered factors have profiles not signed scalar"
diagnostic_global_pc6,ordinal,rc,5,5,5,5,-0.060325491928182644,[-0.060325491928182644],0.060325491928182644,4,0.056082776302322265,1.0,"direction diagnostic, not independent validation or corrected test; unordered factors have profiles not signed scalar"
diagnostic_global_pc6,top75,cash,5,5,5,5,-0.00294598169564262,[-0.00294598169564262],0.00294598169564262,3,0.003721129066454041,1.0,"direction diagnostic, not independent validation or corrected test; unordered factors have profiles not signed scalar"
diagnostic_global_pc6,top75,rc,5,5,5,4,0.004867321768507215,[0.004867321768507215],0.004867321768507215,1,-0.007162951004127442,-1.0,"direction diagnostic, not independent validation or corrected test; unordered factors have profiles not signed scalar"
diagnostic_global_pc7,midpoint,cash,5,5,5,5,0.017260367848708578,[0.017260367848708578],0.017260367848708578,4,0.01780203668069979,1.0,"direction diagnostic, not independent validation or corrected test; unordered factors have profiles not signed scalar"
diagnostic_global_pc7,midpoint,rc,5,5,5,5,-0.01790910094894973,[-0.01790910094894973],0.01790910094894973,4,0.0173367823936642,1.0,"direction diagnostic, not independent validation or corrected test; unordered factors have profiles not signed scalar"
diagnostic_global_pc7,ordinal,cash,5,5,5,5,0.09836815594079182,[0.09836815594079182],0.09836815594079182,5,0.09975436669750765,1.0,"direction diagnostic, not independent validation or corrected test; unordered factors have profiles not signed scalar"
diagnostic_global_pc7,ordinal,rc,5,5,5,5,-0.0953638518105571,[-0.0953638518105571],0.0953638518105571,4,0.09810937649340283,1.0,"direction diagnostic, not independent validation or corrected test; unordered factors have profiles not signed scalar"
diagnostic_global_pc7,top75,cash,5,5,5,5,0.01968305833351972,[0.01968305833351972],0.01968305833351972,4,0.016018182966534428,1.0,"direction diagnostic, not independent validation or corrected test; unordered factors have profiles not signed scalar"
diagnostic_global_pc7,top75,rc,5,5,5,5,-0.015915537275092952,[-0.015915537275092952],0.015915537275092952,4,0.012494227296506111,1.0,"direction diagnostic, not independent validation or corrected test; unordered factors have profiles not signed scalar"
diagnostic_global_pc8,midpoint,cash,5,5,5,5,-0.002462954259635346,[-0.002462954259635346],0.002462954259635346,4,0.00595737818287438,1.0,"direction diagnostic, not independent validation or corrected test; unordered factors have profiles not signed scalar"
diagnostic_global_pc8,midpoint,rc,5,5,5,3,0.005417983876035898,[0.005417983876035898],0.005417983876035898,1,-0.011643336727480542,-1.0,"direction diagnostic, not independent validation or corrected test; unordered factors have profiles not signed scalar"
diagnostic_global_pc8,ordinal,cash,5,5,5,3,-0.0015850074408688298,[-0.0015850074408688298],0.007701327655809494,1,-0.03708548144769232,-1.0,"direction diagnostic, not independent validation or corrected test; unordered factors have profiles not signed scalar"
diagnostic_global_pc8,ordinal,rc,5,5,5,4,-0.004214911034170696,[-0.004214911034170696],0.004214911034170696,2,-0.024358885809652942,-1.0,"direction diagnostic, not independent validation or corrected test; unordered factors have profiles not signed scalar"
diagnostic_global_pc8,top75,cash,5,5,5,5,-0.0031076712309618965,[-0.0031076712309618965],0.0031076712309618965,3,0.0044136942953727715,1.0,"direction diagnostic, not independent validation or corrected test; unordered factors have profiles not signed scalar"
diagnostic_global_pc8,top75,rc,5,5,5,4,0.005780290256790015,[0.005780290256790015],0.005780290256790015,2,-0.007541693438847178,-1.0,"direction diagnostic, not independent validation or corrected test; unordered factors have profiles not signed scalar"
diagnostic_global_pc9,midpoint,cash,5,5,5,5,-0.010004678838330068,[-0.010004678838330068],0.010004678838330068,3,0.011934755287846432,1.0,"direction diagnostic, not independent validation or corrected test; unordered factors have profiles not signed scalar"
diagnostic_global_pc9,midpoint,rc,5,5,5,4,0.007590490357849247,[0.007590490357849247],0.007590490357849247,2,-0.012103309405416637,-1.0,"direction diagnostic, not independent validation or corrected test; unordered factors have profiles not signed scalar"
diagnostic_global_pc9,ordinal,cash,5,5,5,5,-0.04593471975898224,[-0.04593471975898224],0.04593471975898224,3,0.06683925818775935,1.0,"direction diagnostic, not independent validation or corrected test; unordered factors have profiles not signed scalar"
diagnostic_global_pc9,ordinal,rc,5,5,5,4,0.04137090034353262,[0.04137090034353262],0.04137090034353262,3,-0.05977023224011344,1.0,"direction diagnostic, not independent validation or corrected test; unordered factors have profiles not signed scalar"
diagnostic_global_pc9,top75,cash,5,5,5,5,-0.014343581571157837,[-0.014343581571157837],0.014343581571157837,4,0.017373771786121046,1.0,"direction diagnostic, not independent validation or corrected test; unordered factors have profiles not signed scalar"
diagnostic_global_pc9,top75,rc,5,5,5,5,0.017630839188586173,[0.017630839188586173],0.017630839188586173,4,0.015106735283795539,1.0,"direction diagnostic, not independent validation or corrected test; unordered factors have profiles not signed scalar"
food_lower6,midpoint,cash,5,5,5,5,-0.005815877407512438,[-0.005815877407512438],0.005815877407512438,4,0.005894470701875978,1.0,"direction diagnostic, not independent validation or corrected test; unordered factors have profiles not signed scalar"
food_lower6,midpoint,rc,5,5,5,5,0.009844102522522533,[0.009844102522522533],0.009844102522522533,3,0.00996975872981162,1.0,"direction diagnostic, not independent validation or corrected test; unordered factors have profiles not signed scalar"
food_lower6,ordinal,cash,5,5,5,4,-0.018003765520292155,[-0.018003765520292155],0.018003765520292155,2,-0.02299602450615816,-1.0,"direction diagnostic, not independent validation or corrected test; unordered factors have profiles not signed scalar"
food_lower6,ordinal,rc,5,5,5,5,0.0332713231632003,[0.0332713231632003],0.0332713231632003,3,0.04735719650146743,1.0,"direction diagnostic, not independent validation or corrected test; unordered factors have profiles not signed scalar"
food_lower6,top75,cash,5,5,5,5,-0.012902794643577393,[-0.012902794643577393],0.012902794643577393,4,0.013278467897650432,1.0,"direction diagnostic, not independent validation or corrected test; unordered factors have profiles not signed scalar"
food_lower6,top75,rc,5,5,5,5,0.018674393179851305,[0.018674393179851305],0.018674393179851305,4,0.01686097829976281,1.0,"direction diagnostic, not independent validation or corrected test; unordered factors have profiles not signed scalar"
foodneed,midpoint,cash,5,5,5,4,-0.0014643839536275388,[-0.0014643839536275388],0.0014730401899355813,3,-0.0035669871679064073,1.0,"direction diagnostic, not independent validation or corrected test; unordered factors have profiles not signed scalar"
foodneed,midpoint,rc,5,5,5,3,0.003614033677966746,[0.003614033677966746],0.003614033677966746,1,-0.016759256241770985,-1.0,"direction diagnostic, not independent validation or corrected test; unordered factors have profiles not signed scalar"
foodneed,ordinal,cash,5,5,5,3,-0.003430529410366232,[-0.003430529410366232],0.010880652537257972,0,-0.05564887072260981,-1.0,"direction diagnostic, not independent validation or corrected test; unordered factors have profiles not signed scalar"
foodneed,ordinal,rc,5,5,5,4,0.008277798354412814,[0.008277798354412814],0.008277798354412814,2,-0.028797860423908646,-1.0,"direction diagnostic, not independent validation or corrected test; unordered factors have profiles not signed scalar"
foodneed,top75,cash,5,5,5,5,-0.009490588000682091,[-0.009490588000682091],0.009490588000682091,5,0.00848832774361389,1.0,"direction diagnostic, not independent validation or corrected test; unordered factors have profiles not signed scalar"
foodneed,top75,rc,5,5,5,5,0.008610342496476946,[0.008610342496476946],0.008610342496476946,3,0.008740994751816694,1.0,"direction diagnostic, not independent validation or corrected test; unordered factors have profiles not signed scalar"
group::food,midpoint,cash,5,5,5,5,0.010305545496559222,"[0.02718817416420704, 0.012169776659294536]",0.029787585976717972,4,0.018141805271772476,0.3869516339658702,"direction diagnostic, not independent validation or corrected test; unordered factors have profiles not signed scalar"
group::food,midpoint,rc,5,5,5,5,-0.004408435704011929,"[-0.03932572209951897, 0.008641771789729663]",0.04203253126101102,1,-0.016642376587948843,-0.1974815695348154,"direction diagnostic, not independent validation or corrected test; unordered factors have profiles not signed scalar"
group::food,ordinal,cash,5,5,5,5,0.04653574996337266,"[0.14415688584178585, 0.03228379457648631]",0.14506282470362947,4,0.09407091774475834,0.4808940462018649,"direction diagnostic, not independent validation or corrected test; unordered factors have profiles not signed scalar"
group::food,ordinal,rc,5,5,5,5,-0.008427323620595206,"[-0.1709702401314686, 0.06441681101424629]",0.18535968390577848,1,-0.10231474645565508,-0.12391021289300908,"direction diagnostic, not independent validation or corrected test; unordered factors have profiles not signed scalar"
group::food,top75,cash,5,5,5,5,0.004777769164137348,"[0.025047611932622872, -0.005003425842781489]",0.029821414327445617,3,0.005080987544049146,0.15835970796909443,"direction diagnostic, not independent validation or corrected test; unordered factors have profiles not signed scalar"
group::food,top75,rc,5,5,5,5,-0.009323813635631195,"[-0.04744667121659512, 0.008488844083603071]",0.05046642214473628,2,0.01355595338351275,-0.055710652563850334,"direction diagnostic, not independent validation or corrected test; unordered factors have profiles not signed scalar"
group::income,midpoint,cash,5,5,5,5,0.010868325021398176,"[0.012751318201196033, 0.02067558166446072]",0.02441785769413991,3,-0.0015172629911073873,0.08053587389206056,"direction diagnostic, not independent validation or corrected test; unordered factors have profiles not signed scalar"
group::income,midpoint,rc,5,5,5,5,-0.0039782086282470685,"[-0.005552771435907496, -0.020157331760688273]",0.02869568422502888,1,-0.029384585157010208,-0.5125741711660219,"direction diagnostic, not independent validation or corrected test; unordered factors have profiles not signed scalar"
group::income,ordinal,cash,5,5,5,5,0.05615538407842413,"[0.05613790124061413, 0.1121128068520739]",0.1255680363323708,3,-0.010849369281433537,0.05021748195990654,"direction diagnostic, not independent validation or corrected test; unordered factors have profiles not signed scalar"
group::income,ordinal,rc,5,5,5,5,-0.020646876232949262,"[-0.003507839238274954, -0.11138739616902708]",0.16339235578447142,1,-0.13438549307892056,-0.5679191500803682,"direction diagnostic, not independent validation or corrected test; unordered factors have profiles not signed scalar"
group::income,top75,cash,5,5,5,4,0.009805869719580687,"[0.004930526903544072, 0.02194599867754075]",0.022539282059257,0,-0.03556234492346697,-0.5870956559693553,"direction diagnostic, not independent validation or corrected test; unordered factors have profiles not signed scalar"
group::income,top75,rc,5,5,5,4,-0.004944150397200334,"[-0.001745102163461223, -0.021211714379683017]",0.024280424423677362,1,-0.03366136136234116,-0.6263318225285397,"direction diagnostic, not independent validation or corrected test; unordered factors have profiles not signed scalar"
group::liquidity,midpoint,cash,5,5,5,4,0.006781486689174036,"[0.01055548933445017, 0.0037794711667583935]",0.020704086585840754,0,-0.04968883213321749,-0.8608079212230693,"direction diagnostic, not independent validation or corrected test; unordered factors have profiles not signed scalar"
group::liquidity,midpoint,rc,5,5,5,4,-0.004990088687047945,"[-0.014663626292694788, 0.002674301736104365]",0.024848700780159202,0,-0.06776877411994282,-0.8168992172469771,"direction diagnostic, not independent validation or corrected test; unordered factors have profiles not signed scalar"
group::liquidity,ordinal,cash,5,5,5,4,0.022540008069384852,"[0.03312286087901227, -0.017479954687636676]",0.07538385022587207,0,-0.293849752298332,-0.6639563711249504,"direction diagnostic, not independent validation or corrected test; unordered factors have profiles not signed scalar"
group::liquidity,ordinal,rc,5,5,5,5,0.011824976371275771,"[-0.038136856601976125, 0.07473048925909888]",0.16883616511266827,1,-0.3120458198684229,-0.7506086217774881,"direction diagnostic, not independent validation or corrected test; unordered factors have profiles not signed scalar"
group::liquidity,top75,cash,5,5,5,4,4.090351884400712e-05,"[0.0031991771197143097, -0.0013265251254502624]",0.013853012347908013,1,-0.047394970825884994,-0.9103423213697954,"direction diagnostic, not independent validation or corrected test; unordered factors have profiles not signed scalar"
group::liquidity,top75,rc,5,5,5,4,0.0002730277008595204,"[-0.005277244064034245, 0.0028228478054703673]",0.01476372283010421,1,-0.056801828440488325,-0.8863466604925504,"direction diagnostic, not independent validation or corrected test; unordered factors have profiles not signed scalar"
group::medical,midpoint,cash,5,5,5,5,0.014019254316021513,"[0.028814079571688845, 0.023146695124724722]",0.03469916134386471,4,0.02693712482923861,0.7262342223601057,"direction diagnostic, not independent validation or corrected test; unordered factors have profiles not signed scalar"
group::medical,midpoint,rc,5,5,5,5,0.002351769752183435,"[-0.02470764365737398, 0.0179498387025594]",0.030082824286901733,3,0.011215301969857127,0.7469737213368627,"direction diagnostic, not independent validation or corrected test; unordered factors have profiles not signed scalar"
group::medical,ordinal,cash,5,5,5,5,0.09043781436672424,"[0.22309252009900404, 0.1359901133901446]",0.27010237896426986,4,0.20390322116474216,0.7449759006050684,"direction diagnostic, not independent validation or corrected test; unordered factors have profiles not signed scalar"
group::medical,ordinal,rc,5,5,5,5,0.0014942807729324437,"[-0.17469043050894575, 0.09003802319005844]",0.19467718982423546,3,0.0678651792890943,0.9883330073985666,"direction diagnostic, not independent validation or corrected test; unordered factors have profiles not signed scalar"
group::medical,top75,cash,5,5,5,4,0.0003321399579075582,"[0.0059597632998332345, -0.002149531755147722]",0.01974949962794331,1,-0.03712192906862827,-0.8402655756743437,"direction diagnostic, not independent validation or corrected test; unordered factors have profiles not signed scalar"
group::medical,top75,rc,5,5,5,5,0.021025061869511016,"[0.0003863654714126351, 0.05095968380374452]",0.053021719768963804,4,0.04130125288623348,0.7508718916138788,"direction diagnostic, not independent validation or corrected test; unordered factors have profiles not signed scalar"
group::subsidy,midpoint,cash,5,5,5,5,,"[0.022664306775412705, -0.008101337469081552]",0.022735744811531032,3,0.0025394542588178344,0.1036388866937826,"direction diagnostic, not independent validation or corrected test; unordered factors have profiles not signed scalar"
group::subsidy,midpoint,rc,5,5,5,5,,"[-0.03804805574341157, 0.0027577106281923246]",0.04105834310170634,2,0.025570853575477708,-0.012158081457692267,"direction diagnostic, not independent validation or corrected test; unordered factors have profiles not signed scalar"
group::subsidy,ordinal,cash,5,5,5,5,,"[0.2107358417766119, -0.0670790779010075]",0.21076899557669224,3,0.09572877420294425,0.19219454556697763,"direction diagnostic, not independent validation or corrected test; unordered factors have profiles not signed scalar"
group::subsidy,ordinal,rc,5,5,5,5,,"[-0.3052504615049375, 0.04328267531582161]",0.3220041956281428,3,0.1531721651040901,0.547530472330303,"direction diagnostic, not independent validation or corrected test; unordered factors have profiles not signed scalar"
group::subsidy,top75,cash,5,5,5,4,,"[-0.005165880490078958, 0.03357125247103659]",0.03396638505510792,1,-0.02762451821896004,-0.5684370074372539,"direction diagnostic, not independent validation or corrected test; unordered factors have profiles not signed scalar"
group::subsidy,top75,rc,5,5,5,5,,"[-0.009165013432077198, -0.03553780375413616]",0.03611796503837916,3,-0.0022068631439466383,0.15781769734737167,"direction diagnostic, not independent validation or corrected test; unordered factors have profiles not signed scalar"
income,midpoint,cash,5,5,5,5,0.01132479469310635,[0.01132479469310635],0.01132479469310635,3,0.011541050474173236,1.0,"direction diagnostic, not independent validation or corrected test; unordered factors have profiles not signed scalar"
income,midpoint,rc,5,5,5,5,-0.0054374983617740125,[-0.0054374983617740125],0.0054374983617740125,3,0.00827113596952372,1.0,"direction diagnostic, not independent validation or corrected test; unordered factors have profiles not signed scalar"
income,ordinal,cash,5,5,5,5,0.05558339706873083,[0.05558339706873083],0.05558339706873083,3,0.05679811030325088,1.0,"direction diagnostic, not independent validation or corrected test; unordered factors have profiles not signed scalar"
income,ordinal,rc,5,5,5,4,-0.012801195863194142,[-0.012801195863194142],0.012801195863194142,2,-0.036953363281541855,-1.0,"direction diagnostic, not independent validation or corrected test; unordered factors have profiles not signed scalar"
income,top75,cash,5,5,5,5,0.013156727333743541,[0.013156727333743541],0.013156727333743541,4,0.013983692861037683,1.0,"direction diagnostic, not independent validation or corrected test; unordered factors have profiles not signed scalar"
income,top75,rc,5,5,5,5,-0.011734735321825954,[-0.011734735321825954],0.011734735321825954,3,0.011366460941463328,1.0,"direction diagnostic, not independent validation or corrected test; unordered factors have profiles not signed scalar"
income_h,midpoint,cash,5,5,5,5,0.01132479469310635,[0.01132479469310635],0.01132479469310635,3,0.011541050474173236,1.0,"direction diagnostic, not independent validation or corrected test; unordered factors have profiles not signed scalar"
income_h,midpoint,rc,5,5,5,5,-0.0054374983617740125,[-0.0054374983617740125],0.0054374983617740125,3,0.00827113596952372,1.0,"direction diagnostic, not independent validation or corrected test; unordered factors have profiles not signed scalar"
income_h,ordinal,cash,5,5,5,5,0.05558339706873083,[0.05558339706873083],0.05558339706873083,3,0.05679811030325088,1.0,"direction diagnostic, not independent validation or corrected test; unordered factors have profiles not signed scalar"
income_h,ordinal,rc,5,5,5,4,-0.012801195863194142,[-0.012801195863194142],0.012801195863194142,2,-0.036953363281541855,-1.0,"direction diagnostic, not independent validation or corrected test; unordered factors have profiles not signed scalar"
income_h,top75,cash,5,5,5,5,0.013156727333743541,[0.013156727333743541],0.013156727333743541,4,0.013983692861037683,1.0,"direction diagnostic, not independent validation or corrected test; unordered factors have profiles not signed scalar"
income_h,top75,rc,5,5,5,5,-0.011734735321825954,[-0.011734735321825954],0.011734735321825954,3,0.011366460941463328,1.0,"direction diagnostic, not independent validation or corrected test; unordered factors have profiles not signed scalar"
income_h_z,midpoint,cash,5,5,5,5,0.01132479469310635,[0.01132479469310635],0.01132479469310635,3,0.01154105047417323,1.0,"direction diagnostic, not independent validation or corrected test; unordered factors have profiles not signed scalar"
income_h_z,midpoint,rc,5,5,5,5,-0.005437498361774005,[-0.005437498361774005],0.005437498361774005,3,0.008271135969523719,1.0,"direction diagnostic, not independent validation or corrected test; unordered factors have profiles not signed scalar"
income_h_z,ordinal,cash,5,5,5,5,0.055583397068730854,[0.055583397068730854],0.055583397068730854,3,0.05679811030325088,1.0,"direction diagnostic, not independent validation or corrected test; unordered factors have profiles not signed scalar"
income_h_z,ordinal,rc,5,5,5,4,-0.012801195863193914,[-0.012801195863193914],0.012801195863193914,2,-0.03695336328154189,-1.0,"direction diagnostic, not independent validation or corrected test; unordered factors have profiles not signed scalar"
income_h_z,top75,cash,5,5,5,5,0.013156727333743543,[0.013156727333743543],0.013156727333743543,4,0.013983692861037683,1.0,"direction diagnostic, not independent validation or corrected test; unordered factors have profiles not signed scalar"
income_h_z,top75,rc,5,5,5,5,-0.011734735321825953,[-0.011734735321825953],0.011734735321825953,3,0.011366460941463324,1.0,"direction diagnostic, not independent validation or corrected test; unordered factors have profiles not signed scalar"
income_z,midpoint,cash,5,5,5,5,0.01132479469310635,[0.01132479469310635],0.01132479469310635,3,0.01154105047417323,1.0,"direction diagnostic, not independent validation or corrected test; unordered factors have profiles not signed scalar"
income_z,midpoint,rc,5,5,5,5,-0.005437498361774005,[-0.005437498361774005],0.005437498361774005,3,0.008271135969523719,1.0,"direction diagnostic, not independent validation or corrected test; unordered factors have profiles not signed scalar"
income_z,ordinal,cash,5,5,5,5,0.055583397068730854,[0.055583397068730854],0.055583397068730854,3,0.05679811030325088,1.0,"direction diagnostic, not independent validation or corrected test; unordered factors have profiles not signed scalar"
income_z,ordinal,rc,5,5,5,4,-0.012801195863193914,[-0.012801195863193914],0.012801195863193914,2,-0.03695336328154189,-1.0,"direction diagnostic, not independent validation or corrected test; unordered factors have profiles not signed scalar"
income_z,top75,cash,5,5,5,5,0.013156727333743543,[0.013156727333743543],0.013156727333743543,4,0.013983692861037683,1.0,"direction diagnostic, not independent validation or corrected test; unordered factors have profiles not signed scalar"
income_z,top75,rc,5,5,5,5,-0.011734735321825953,[-0.011734735321825953],0.011734735321825953,3,0.011366460941463324,1.0,"direction diagnostic, not independent validation or corrected test; unordered factors have profiles not signed scalar"
liquidity,midpoint,cash,5,5,5,4,0.006395063819121767,[0.006395063819121767],0.006395063819121767,2,-0.008273306810836295,-1.0,"direction diagnostic, not independent validation or corrected test; unordered factors have profiles not signed scalar"
liquidity,midpoint,rc,5,5,5,3,-0.003887650106311653,[-0.003887650106311653],0.004670408803086973,1,-0.02053282584809745,-1.0,"direction diagnostic, not independent validation or corrected test; unordered factors have profiles not signed scalar"
liquidity,ordinal,cash,5,5,5,4,0.0208035455538683,[0.0208035455538683],0.024031841655477615,1,-0.052301657158689493,-1.0,"direction diagnostic, not independent validation or corrected test; unordered factors have profiles not signed scalar"
liquidity,ordinal,rc,5,5,5,2,-0.003251388041749008,[-0.003251388041749008],0.019110521405663175,0,-0.10139086991600235,-1.0,"direction diagnostic, not independent validation or corrected test; unordered factors have profiles not signed scalar"
liquidity,top75,cash,5,5,5,2,0.0009656472031530498,[0.0009656472031530498],0.0032192626113739242,0,-0.01705881396864542,-1.0,"direction diagnostic, not independent validation or corrected test; unordered factors have profiles not signed scalar"
liquidity,top75,rc,5,5,5,2,-0.000940908729910261,[-0.000940908729910261],0.00427561324073809,0,-0.02343913040749476,-1.0,"direction diagnostic, not independent validation or corrected test; unordered factors have profiles not signed scalar"
need,midpoint,cash,5,5,5,4,0.006658339884760011,[0.006658339884760011],0.006658339884760011,2,-0.009021711992490227,-1.0,"direction diagnostic, not independent validation or corrected test; unordered factors have profiles not signed scalar"
need,midpoint,rc,5,5,5,5,0.006900244795332641,[0.006900244795332641],0.006900244795332641,4,0.008083097642014796,1.0,"direction diagnostic, not independent validation or corrected test; unordered factors have profiles not signed scalar"
need,ordinal,cash,5,5,5,4,0.04421300307839609,[0.04421300307839609],0.04421300307839609,2,-0.052474088213753656,-1.0,"direction diagnostic, not independent validation or corrected test; unordered factors have profiles not signed scalar"
need,ordinal,rc,5,5,5,5,0.019067956372946074,[0.019067956372946074],0.019067956372946074,4,0.03418778383642686,1.0,"direction diagnostic, not independent validation or corrected test; unordered factors have profiles not signed scalar"
need,top75,cash,5,5,5,4,-0.001837551636844471,[-0.001837551636844471],0.001837551636844471,2,-0.0043593530475572306,-1.0,"direction diagnostic, not independent validation or corrected test; unordered factors have profiles not signed scalar"
need,top75,rc,5,5,5,5,0.01620693861654479,[0.01620693861654479],0.01620693861654479,4,0.016705760305546682,1.0,"direction diagnostic, not independent validation or corrected test; unordered factors have profiles not signed scalar"
need_group,midpoint,cash,5,5,5,5,0.014019254316021513,"[0.028814079571688845, 0.023146695124724722]",0.03469916134386471,4,0.02693712482923861,0.7262342223601057,"direction diagnostic, not independent validation or corrected test; unordered factors have profiles not signed scalar"
need_group,midpoint,rc,5,5,5,5,0.002351769752183435,"[-0.02470764365737398, 0.0179498387025594]",0.030082824286901733,3,0.011215301969857127,0.7469737213368627,"direction diagnostic, not independent validation or corrected test; unordered factors have profiles not signed scalar"
need_group,ordinal,cash,5,5,5,5,0.09043781436672424,"[0.22309252009900404, 0.1359901133901446]",0.27010237896426986,4,0.20390322116474216,0.7449759006050684,"direction diagnostic, not independent validation or corrected test; unordered factors have profiles not signed scalar"
need_group,ordinal,rc,5,5,5,5,0.0014942807729324437,"[-0.17469043050894575, 0.09003802319005844]",0.19467718982423546,3,0.0678651792890943,0.9883330073985666,"direction diagnostic, not independent validation or corrected test; unordered factors have profiles not signed scalar"
need_group,top75,cash,5,5,5,4,0.0003321399579075582,"[0.0059597632998332345, -0.002149531755147722]",0.01974949962794331,1,-0.03712192906862827,-0.8402655756743437,"direction diagnostic, not independent validation or corrected test; unordered factors have profiles not signed scalar"
need_group,top75,rc,5,5,5,5,0.021025061869511016,"[0.0003863654714126351, 0.05095968380374452]",0.053021719768963804,4,0.04130125288623348,0.7508718916138788,"direction diagnostic, not independent validation or corrected test; unordered factors have profiles not signed scalar"
q01_lifesat,midpoint,cash,5,5,5,4,0.0028072024022599753,[0.0028072024022599753],0.0028072024022599753,2,-0.006373353738244015,-1.0,"direction diagnostic, not independent validation or corrected test; unordered factors have profiles not signed scalar"
q01_lifesat,midpoint,rc,5,5,5,4,-0.0026241871057564683,[-0.0026241871057564683],0.0026241871057564683,3,-0.004980111466937162,1.0,"direction diagnostic, not independent validation or corrected test; unordered factors have profiles not signed scalar"
q01_lifesat,ordinal,cash,5,5,5,3,-0.017978220210961075,[-0.017978220210961075],0.019152523976755806,0,-0.08716667403242948,-1.0,"direction diagnostic, not independent validation or corrected test; unordered factors have profiles not signed scalar"
q01_lifesat,ordinal,rc,5,5,5,2,0.010127542366850258,[0.010127542366850258],0.01917635845724163,0,-0.14007620835155293,-1.0,"direction diagnostic, not independent validation or corrected test; unordered factors have profiles not signed scalar"
q01_lifesat,top75,cash,5,5,5,4,0.008069126347142803,[0.008069126347142803],0.008069126347142803,2,-0.008070106523434432,-1.0,"direction diagnostic, not independent validation or corrected test; unordered factors have profiles not signed scalar"
q01_lifesat,top75,rc,5,5,5,4,-0.005559536417976171,[-0.005559536417976171],0.005559536417976171,3,-0.009287282188085673,1.0,"direction diagnostic, not independent validation or corrected test; unordered factors have profiles not signed scalar"
q01_lifesat_z,midpoint,cash,5,5,5,4,0.0028072024022599788,[0.0028072024022599788],0.0028072024022599788,2,-0.0063733537382440145,-1.0,"direction diagnostic, not independent validation or corrected test; unordered factors have profiles not signed scalar"
q01_lifesat_z,midpoint,rc,5,5,5,4,-0.002624187105756471,[-0.002624187105756471],0.002624187105756471,3,-0.004980111466937152,1.0,"direction diagnostic, not independent validation or corrected test; unordered factors have profiles not signed scalar"
q01_lifesat_z,ordinal,cash,5,5,5,3,-0.017978220210960977,[-0.017978220210960977],0.019152523976755778,0,-0.08716667403242948,-1.0,"direction diagnostic, not independent validation or corrected test; unordered factors have profiles not signed scalar"
q01_lifesat_z,ordinal,rc,5,5,5,2,0.010127542366850241,[0.010127542366850241],0.019176358457241523,0,-0.14007620835155293,-1.0,"direction diagnostic, not independent validation or corrected test; unordered factors have profiles not signed scalar"
q01_lifesat_z,top75,cash,5,5,5,4,0.008069126347142807,[0.008069126347142807],0.008069126347142807,2,-0.008070106523434428,-1.0,"direction diagnostic, not independent validation or corrected test; unordered factors have profiles not signed scalar"
q01_lifesat_z,top75,rc,5,5,5,4,-0.005559536417976176,[-0.005559536417976176],0.005559536417976176,3,-0.009287282188085675,1.0,"direction diagnostic, not independent validation or corrected test; unordered factors have profiles not signed scalar"
q02_safety,midpoint,cash,5,5,5,5,0.005567169118414895,[0.005567169118414895],0.005567169118414895,4,0.0063731606004075025,1.0,"direction diagnostic, not independent validation or corrected test; unordered factors have profiles not signed scalar"
q02_safety,midpoint,rc,5,5,5,4,-0.001372508636486339,[-0.001372508636486339],0.004688199076711632,2,-0.007744765705103929,-1.0,"direction diagnostic, not independent validation or corrected test; unordered factors have profiles not signed scalar"
q02_safety,ordinal,cash,5,5,5,5,0.026468766293805002,[0.026468766293805002],0.026468766293805002,3,0.02979074492151911,1.0,"direction diagnostic, not independent validation or corrected test; unordered factors have profiles not signed scalar"
q02_safety,ordinal,rc,5,5,5,3,-0.011342901995653305,[-0.011342901995653305],0.02272436221543336,1,-0.10685138499860818,-1.0,"direction diagnostic, not independent validation or corrected test; unordered factors have profiles not signed scalar"
q02_safety,top75,cash,5,5,5,5,0.002702759128664944,[0.002702759128664944],0.002702759128664944,3,0.004037779647201932,1.0,"direction diagnostic, not independent validation or corrected test; unordered factors have profiles not signed scalar"
q02_safety,top75,rc,5,5,5,3,-0.0023834261386844633,[-0.0023834261386844633],0.0034559188972620655,2,-0.0201952231698485,-1.0,"direction diagnostic, not independent validation or corrected test; unordered factors have profiles not signed scalar"
q02_safety_z,midpoint,cash,5,5,5,5,0.005567169118414904,[0.005567169118414904],0.005567169118414904,4,0.006373160600407507,1.0,"direction diagnostic, not independent validation or corrected test; unordered factors have profiles not signed scalar"
q02_safety_z,midpoint,rc,5,5,5,4,-0.0013725086364863434,[-0.0013725086364863434],0.004688199076711638,2,-0.007744765705103932,-1.0,"direction diagnostic, not independent validation or corrected test; unordered factors have profiles not signed scalar"
q02_safety_z,ordinal,cash,5,5,5,5,0.026468766293805016,[0.026468766293805016],0.026468766293805016,3,0.02979074492151912,1.0,"direction diagnostic, not independent validation or corrected test; unordered factors have profiles not signed scalar"
q02_safety_z,ordinal,rc,5,5,5,3,-0.011342901995653354,[-0.011342901995653354],0.02272436221543324,1,-0.10685138499860809,-1.0,"direction diagnostic, not independent validation or corrected test; unordered factors have profiles not signed scalar"
q02_safety_z,top75,cash,5,5,5,5,0.0027027591286649423,[0.0027027591286649423],0.0027027591286649423,3,0.00403777964720193,1.0,"direction diagnostic, not independent validation or corrected test; unordered factors have profiles not signed scalar"
q02_safety_z,top75,rc,5,5,5,3,-0.002383426138684465,[-0.002383426138684465],0.003455918897262068,2,-0.020195223169848498,-1.0,"direction diagnostic, not independent validation or corrected test; unordered factors have profiles not signed scalar"
q03a_fair_dist,midpoint,cash,5,5,5,4,0.004013511265315388,[0.004013511265315388],0.004204102991698242,1,-0.010157617252060483,-1.0,"direction diagnostic, not independent validation or corrected test; unordered factors have profiles not signed scalar"
q03a_fair_dist,midpoint,rc,5,5,5,4,-0.0012583040932083924,[-0.0012583040932083924],0.0016225362316383387,3,-0.009536441480179117,1.0,"direction diagnostic, not independent validation or corrected test; unordered factors have profiles not signed scalar"
q03a_fair_dist,ordinal,cash,5,5,5,3,-0.005010810883735102,[-0.005010810883735102],0.008040591373485149,2,-0.05513325652917017,-1.0,"direction diagnostic, not independent validation or corrected test; unordered factors have profiles not signed scalar"
q03a_fair_dist,ordinal,rc,5,5,5,4,0.01922474030512751,[0.01922474030512751],0.0272525410187911,1,-0.09894710031854809,-1.0,"direction diagnostic, not independent validation or corrected test; unordered factors have profiles not signed scalar"
q03a_fair_dist,top75,cash,5,5,5,4,0.008842989294544922,[0.008842989294544922],0.008842989294544922,2,-0.009780701820471449,-1.0,"direction diagnostic, not independent validation or corrected test; unordered factors have profiles not signed scalar"
q03a_fair_dist,top75,rc,5,5,5,4,-0.007963684206039656,[-0.007963684206039656],0.007963684206039656,2,-0.00906761177564715,-1.0,"direction diagnostic, not independent validation or corrected test; unordered factors have profiles not signed scalar"
q03a_fair_dist_z,midpoint,cash,5,5,5,4,0.004013511265315396,[0.004013511265315396],0.0042041029916982334,1,-0.010157617252060488,-1.0,"direction diagnostic, not independent validation or corrected test; unordered factors have profiles not signed scalar"
q03a_fair_dist_z,midpoint,rc,5,5,5,4,-0.0012583040932083976,[-0.0012583040932083976],0.0016225362316383421,3,-0.009536441480179127,1.0,"direction diagnostic, not independent validation or corrected test; unordered factors have profiles not signed scalar"
q03a_fair_dist_z,ordinal,cash,5,5,5,3,-0.0050108108837349915,[-0.0050108108837349915],0.008040591373485215,2,-0.05513325652917016,-1.0,"direction diagnostic, not independent validation or corrected test; unordered factors have profiles not signed scalar"
q03a_fair_dist_z,ordinal,rc,5,5,5,4,0.019224740305127566,[0.019224740305127566],0.027252541018791036,1,-0.09894710031854806,-1.0,"direction diagnostic, not independent validation or corrected test; unordered factors have profiles not signed scalar"
q03a_fair_dist_z,top75,cash,5,5,5,4,0.008842989294544924,[0.008842989294544924],0.008842989294544924,2,-0.009780701820471454,-1.0,"direction diagnostic, not independent validation or corrected test; unordered factors have profiles not signed scalar"
q03a_fair_dist_z,top75,rc,5,5,5,4,-0.007963684206039656,[-0.007963684206039656],0.007963684206039656,2,-0.009067611775647152,-1.0,"direction diagnostic, not independent validation or corrected test; unordered factors have profiles not signed scalar"
q03b_fair_opp,midpoint,cash,5,5,5,4,0.00431662454102013,[0.00431662454102013],0.00491657256728351,1,-0.012122272060307035,-1.0,"direction diagnostic, not independent validation or corrected test; unordered factors have profiles not signed scalar"
q03b_fair_opp,midpoint,rc,5,5,5,3,-0.001431949074055007,[-0.001431949074055007],0.0020513842987604485,2,-0.01800623735479358,-1.0,"direction diagnostic, not independent validation or corrected test; unordered factors have profiles not signed scalar"
q03b_fair_opp,ordinal,cash,5,5,5,2,0.0038426485241633114,[0.0038426485241633114],0.009706412271324169,1,-0.07595966302328207,-1.0,"direction diagnostic, not independent validation or corrected test; unordered factors have profiles not signed scalar"
q03b_fair_opp,ordinal,rc,5,5,5,4,0.01438233766981508,[0.01438233766981508],0.023851581655082287,1,-0.09086682097449535,-1.0,"direction diagnostic, not independent validation or corrected test; unordered factors have profiles not signed scalar"
q03b_fair_opp,top75,cash,5,5,5,4,0.00630503555549119,[0.00630503555549119],0.00630503555549119,2,-0.01111706723771633,-1.0,"direction diagnostic, not independent validation or corrected test; unordered factors have profiles not signed scalar"
q03b_fair_opp,top75,rc,5,5,5,3,-0.0043781054996805575,[-0.0043781054996805575],0.0043781054996805575,1,-0.02140626977709207,-1.0,"direction diagnostic, not independent validation or corrected test; unordered factors have profiles not signed scalar"
q03b_fair_opp_z,midpoint,cash,5,5,5,4,0.0043166245410201295,[0.0043166245410201295],0.004916572567283521,1,-0.012122272060307037,-1.0,"direction diagnostic, not independent validation or corrected test; unordered factors have profiles not signed scalar"
q03b_fair_opp_z,midpoint,rc,5,5,5,3,-0.0014319490740550243,[-0.0014319490740550243],0.0020513842987604424,2,-0.018006237354793585,-1.0,"direction diagnostic, not independent validation or corrected test; unordered factors have profiles not signed scalar"
q03b_fair_opp_z,ordinal,cash,5,5,5,2,0.003842648524163419,[0.003842648524163419],0.009706412271324169,1,-0.07595966302328203,-1.0,"direction diagnostic, not independent validation or corrected test; unordered factors have profiles not signed scalar"
q03b_fair_opp_z,ordinal,rc,5,5,5,4,0.014382337669815014,[0.014382337669815014],0.023851581655082128,1,-0.09086682097449537,-1.0,"direction diagnostic, not independent validation or corrected test; unordered factors have profiles not signed scalar"
q03b_fair_opp_z,top75,cash,5,5,5,4,0.006305035555491185,[0.006305035555491185],0.006305035555491185,2,-0.011117067237716332,-1.0,"direction diagnostic, not independent validation or corrected test; unordered factors have profiles not signed scalar"
q03b_fair_opp_z,top75,rc,5,5,5,3,-0.0043781054996805515,[-0.0043781054996805515],0.0043781054996805515,1,-0.021406269777092063,-1.0,"direction diagnostic, not independent validation or corrected test; unordered factors have profiles not signed scalar"
q03c_fair_rule,midpoint,cash,5,5,5,4,0.00287811860474136,[0.00287811860474136],0.007263275844054116,2,-0.015042675872564502,-1.0,"direction diagnostic, not independent validation or corrected test; unordered factors have profiles not signed scalar"
q03c_fair_rule,midpoint,rc,5,5,5,3,-0.0019841642105627054,[-0.0019841642105627054],0.008708258524022044,1,-0.02890835707085464,-1.0,"direction diagnostic, not independent validation or corrected test; unordered factors have profiles not signed scalar"
q03c_fair_rule,ordinal,cash,5,5,5,4,0.0016855631369508376,[0.0016855631369508376],0.03444105401303676,2,-0.10011282674590154,-1.0,"direction diagnostic, not independent validation or corrected test; unordered factors have profiles not signed scalar"
q03c_fair_rule,ordinal,rc,5,5,5,2,0.0008220127199143456,[0.0008220127199143456],0.04153464674070215,0,-0.18365572997492763,-1.0,"direction diagnostic, not independent validation or corrected test; unordered factors have profiles not signed scalar"
q03c_fair_rule,top75,cash,5,5,5,4,0.0010097783376260458,[0.0010097783376260458],0.007665570430501418,2,-0.015902047744096363,-1.0,"direction diagnostic, not independent validation or corrected test; unordered factors have profiles not signed scalar"
q03c_fair_rule,top75,rc,5,5,5,2,0.0023978567212281938,[0.0023978567212281938],0.008269711172399753,0,-0.036313716042606414,-1.0,"direction diagnostic, not independent validation or corrected test; unordered factors have profiles not signed scalar"
q03c_fair_rule_z,midpoint,cash,5,5,5,4,0.0028781186047413592,[0.0028781186047413592],0.007263275844054121,2,-0.015042675872564498,-1.0,"direction diagnostic, not independent validation or corrected test; unordered factors have profiles not signed scalar"
q03c_fair_rule_z,midpoint,rc,5,5,5,3,-0.0019841642105627028,[-0.0019841642105627028],0.008708258524022051,1,-0.02890835707085464,-1.0,"direction diagnostic, not independent validation or corrected test; unordered factors have profiles not signed scalar"
q03c_fair_rule_z,ordinal,cash,5,5,5,4,0.0016855631369508757,[0.0016855631369508757],0.0344410540130368,2,-0.10011282674590152,-1.0,"direction diagnostic, not independent validation or corrected test; unordered factors have profiles not signed scalar"
q03c_fair_rule_z,ordinal,rc,5,5,5,2,0.0008220127199143595,[0.0008220127199143595],0.041534646740701925,0,-0.1836557299749276,-1.0,"direction diagnostic, not independent validation or corrected test; unordered factors have profiles not signed scalar"
q03c_fair_rule_z,top75,cash,5,5,5,4,0.0010097783376260476,[0.0010097783376260476],0.007665570430501421,2,-0.015902047744096356,-1.0,"direction diagnostic, not independent validation or corrected test; unordered factors have profiles not signed scalar"
q03c_fair_rule_z,top75,rc,5,5,5,2,0.002397856721228192,[0.002397856721228192],0.008269711172399751,0,-0.036313716042606414,-1.0,"direction diagnostic, not independent validation or corrected test; unordered factors have profiles not signed scalar"
q04_trust_gov,midpoint,cash,5,5,5,5,0.009447395763643734,[0.009447395763643734],0.009447395763643734,3,0.008660300055104174,1.0,"direction diagnostic, not independent validation or corrected test; unordered factors have profiles not signed scalar"
q04_trust_gov,midpoint,rc,5,5,5,5,-0.00934128351356529,[-0.00934128351356529],0.00934128351356529,4,0.009444509259990238,1.0,"direction diagnostic, not independent validation or corrected test; unordered factors have profiles not signed scalar"
q04_trust_gov,ordinal,cash,5,5,5,5,0.04579502943353146,[0.04579502943353146],0.04579502943353146,3,0.04022460840573873,1.0,"direction diagnostic, not independent validation or corrected test; unordered factors have profiles not signed scalar"
q04_trust_gov,ordinal,rc,5,5,5,5,-0.050108722741168774,[-0.050108722741168774],0.050108722741168774,3,0.05296666376267153,1.0,"direction diagnostic, not independent validation or corrected test; unordered factors have profiles not signed scalar"
q04_trust_gov,top75,cash,5,5,5,4,0.007670244379388654,[0.007670244379388654],0.007670244379388654,2,-0.010435273882806295,-1.0,"direction diagnostic, not independent validation or corrected test; unordered factors have profiles not signed scalar"
q04_trust_gov,top75,rc,5,5,5,4,-0.004135229329811281,[-0.004135229329811281],0.004135229329811281,2,-0.011017471927771598,-1.0,"direction diagnostic, not independent validation or corrected test; unordered factors have profiles not signed scalar"
q04_trust_gov_z,midpoint,cash,5,5,5,5,0.009447395763643743,[0.009447395763643743],0.009447395763643743,3,0.00866030005510417,1.0,"direction diagnostic, not independent validation or corrected test; unordered factors have profiles not signed scalar"
q04_trust_gov_z,midpoint,rc,5,5,5,5,-0.009341283513565302,[-0.009341283513565302],0.009341283513565302,4,0.009444509259990238,1.0,"direction diagnostic, not independent validation or corrected test; unordered factors have profiles not signed scalar"
q04_trust_gov_z,ordinal,cash,5,5,5,5,0.045795029433531545,[0.045795029433531545],0.045795029433531545,3,0.040224608405738695,1.0,"direction diagnostic, not independent validation or corrected test; unordered factors have profiles not signed scalar"
q04_trust_gov_z,ordinal,rc,5,5,5,5,-0.05010872274116864,[-0.05010872274116864],0.05010872274116864,3,0.05296666376267152,1.0,"direction diagnostic, not independent validation or corrected test; unordered factors have profiles not signed scalar"
q04_trust_gov_z,top75,cash,5,5,5,4,0.0076702443793886564,[0.0076702443793886564],0.0076702443793886564,2,-0.010435273882806297,-1.0,"direction diagnostic, not independent validation or corrected test; unordered factors have profiles not signed scalar"
q04_trust_gov_z,top75,rc,5,5,5,4,-0.004135229329811287,[-0.004135229329811287],0.004135229329811287,2,-0.0110174719277716,-1.0,"direction diagnostic, not independent validation or corrected test; unordered factors have profiles not signed scalar"
q05_trust_soc,midpoint,cash,5,5,5,5,0.011314155644646618,[0.011314155644646618],0.011314155644646618,3,0.009387821213860415,1.0,"direction diagnostic, not independent validation or corrected test; unordered factors have profiles not signed scalar"
q05_trust_soc,midpoint,rc,5,5,5,5,-0.013009374270178023,[-0.013009374270178023],0.013009374270178023,4,0.01586078743556029,1.0,"direction diagnostic, not independent validation or corrected test; unordered factors have profiles not signed scalar"
q05_trust_soc,ordinal,cash,5,5,5,4,0.04626048604310871,[0.04626048604310871],0.04626048604310871,1,-0.054363707812872974,-1.0,"direction diagnostic, not independent validation or corrected test; unordered factors have profiles not signed scalar"
q05_trust_soc,ordinal,rc,5,5,5,5,-0.06282968955879979,[-0.06282968955879979],0.06282968955879979,4,0.07272604577957922,1.0,"direction diagnostic, not independent validation or corrected test; unordered factors have profiles not signed scalar"
q05_trust_soc,top75,cash,5,5,5,5,0.01431152157604898,[0.01431152157604898],0.01431152157604898,3,0.01248039198372042,1.0,"direction diagnostic, not independent validation or corrected test; unordered factors have profiles not signed scalar"
q05_trust_soc,top75,rc,5,5,5,5,-0.011610420945028658,[-0.011610420945028658],0.011610420945028658,4,0.013065102532077025,1.0,"direction diagnostic, not independent validation or corrected test; unordered factors have profiles not signed scalar"
q05_trust_soc_z,midpoint,cash,5,5,5,5,0.011314155644646618,[0.011314155644646618],0.011314155644646618,3,0.009387821213860415,1.0,"direction diagnostic, not independent validation or corrected test; unordered factors have profiles not signed scalar"
q05_trust_soc_z,midpoint,rc,5,5,5,5,-0.01300937427017802,[-0.01300937427017802],0.01300937427017802,4,0.015860787435560294,1.0,"direction diagnostic, not independent validation or corrected test; unordered factors have profiles not signed scalar"
q05_trust_soc_z,ordinal,cash,5,5,5,4,0.04626048604310871,[0.04626048604310871],0.04626048604310871,1,-0.054363707812872954,-1.0,"direction diagnostic, not independent validation or corrected test; unordered factors have profiles not signed scalar"
q05_trust_soc_z,ordinal,rc,5,5,5,5,-0.0628296895587998,[-0.0628296895587998],0.0628296895587998,4,0.07272604577957922,1.0,"direction diagnostic, not independent validation or corrected test; unordered factors have profiles not signed scalar"
q05_trust_soc_z,top75,cash,5,5,5,5,0.014311521576048983,[0.014311521576048983],0.014311521576048983,3,0.01248039198372042,1.0,"direction diagnostic, not independent validation or corrected test; unordered factors have profiles not signed scalar"
q05_trust_soc_z,top75,rc,5,5,5,5,-0.011610420945028658,[-0.011610420945028658],0.011610420945028658,4,0.013065102532077025,1.0,"direction diagnostic, not independent validation or corrected test; unordered factors have profiles not signed scalar"
q06_socsec,midpoint,cash,5,5,5,4,0.007468348520937396,[0.007468348520937396],0.007468348520937396,0,-0.016753952636796653,-1.0,"direction diagnostic, not independent validation or corrected test; unordered factors have profiles not signed scalar"
q06_socsec,midpoint,rc,5,5,5,4,-0.0028690937686586346,[-0.0028690937686586346],0.0071817089322318015,2,-0.017857477561124678,-1.0,"direction diagnostic, not independent validation or corrected test; unordered factors have profiles not signed scalar"
q06_socsec,ordinal,cash,5,5,5,4,0.030217378892066354,[0.030217378892066354],0.030715656288545605,0,-0.11108688709514816,-1.0,"direction diagnostic, not independent validation or corrected test; unordered factors have profiles not signed scalar"
q06_socsec,ordinal,rc,5,5,5,4,-0.010683994944173318,[-0.010683994944173318],0.04082482591967701,2,-0.11524221570542645,-1.0,"direction diagnostic, not independent validation or corrected test; unordered factors have profiles not signed scalar"
q06_socsec,top75,cash,5,5,5,4,0.0041254132169612455,[0.0041254132169612455],0.006125122385922807,2,-0.016156262098464387,-1.0,"direction diagnostic, not independent validation or corrected test; unordered factors have profiles not signed scalar"
q06_socsec,top75,rc,5,5,5,3,-0.0020797880661065494,[-0.0020797880661065494],0.005807224581688685,0,-0.02384880734334858,-1.0,"direction diagnostic, not independent validation or corrected test; unordered factors have profiles not signed scalar"
q06_socsec_z,midpoint,cash,5,5,5,4,0.007468348520937395,[0.007468348520937395],0.007468348520937395,0,-0.016753952636796653,-1.0,"direction diagnostic, not independent validation or corrected test; unordered factors have profiles not signed scalar"
q06_socsec_z,midpoint,rc,5,5,5,4,-0.002869093768658631,[-0.002869093768658631],0.0071817089322318015,2,-0.017857477561124675,-1.0,"direction diagnostic, not independent validation or corrected test; unordered factors have profiles not signed scalar"
q06_socsec_z,ordinal,cash,5,5,5,4,0.03021737889206641,[0.03021737889206641],0.03071565628854566,0,-0.11108688709514816,-1.0,"direction diagnostic, not independent validation or corrected test; unordered factors have profiles not signed scalar"
q06_socsec_z,ordinal,rc,5,5,5,4,-0.010683994944173388,[-0.010683994944173388],0.040824825919676955,2,-0.11524221570542643,-1.0,"direction diagnostic, not independent validation or corrected test; unordered factors have profiles not signed scalar"
q06_socsec_z,top75,cash,5,5,5,4,0.004125413216961246,[0.004125413216961246],0.006125122385922806,2,-0.016156262098464387,-1.0,"direction diagnostic, not independent validation or corrected test; unordered factors have profiles not signed scalar"
q06_socsec_z,top75,rc,5,5,5,3,-0.0020797880661065464,[-0.0020797880661065464],0.005807224581688686,0,-0.023848807343348582,-1.0,"direction diagnostic, not independent validation or corrected test; unordered factors have profiles not signed scalar"
q07_emergfund,midpoint,cash,5,5,5,4,0.006395063819121762,[0.006395063819121762],0.006395063819121762,2,-0.008273306810836293,-1.0,"direction diagnostic, not independent validation or corrected test; unordered factors have profiles not signed scalar"
q07_emergfund,midpoint,rc,5,5,5,3,-0.003887650106311649,[-0.003887650106311649],0.00467040880308698,1,-0.02053282584809745,-1.0,"direction diagnostic, not independent validation or corrected test; unordered factors have profiles not signed scalar"
q07_emergfund,ordinal,cash,5,5,5,4,0.020803545553868253,[0.020803545553868253],0.024031841655477625,1,-0.052301657158689493,-1.0,"direction diagnostic, not independent validation or corrected test; unordered factors have profiles not signed scalar"
q07_emergfund,ordinal,rc,5,5,5,2,-0.0032513880417489732,[-0.0032513880417489732],0.019110521405663147,0,-0.10139086991600232,-1.0,"direction diagnostic, not independent validation or corrected test; unordered factors have profiles not signed scalar"
q07_emergfund,top75,cash,5,5,5,2,0.0009656472031530485,[0.0009656472031530485],0.003219262611373921,0,-0.017058813968645416,-1.0,"direction diagnostic, not independent validation or corrected test; unordered factors have profiles not signed scalar"
q07_emergfund,top75,rc,5,5,5,2,-0.000940908729910261,[-0.000940908729910261],0.004275613240738089,0,-0.023439130407494752,-1.0,"direction diagnostic, not independent validation or corrected test; unordered factors have profiles not signed scalar"
q07_emergfund_z,midpoint,cash,5,5,5,4,0.006395063819121767,[0.006395063819121767],0.006395063819121767,2,-0.008273306810836295,-1.0,"direction diagnostic, not independent validation or corrected test; unordered factors have profiles not signed scalar"
q07_emergfund_z,midpoint,rc,5,5,5,3,-0.003887650106311653,[-0.003887650106311653],0.004670408803086973,1,-0.02053282584809745,-1.0,"direction diagnostic, not independent validation or corrected test; unordered factors have profiles not signed scalar"
q07_emergfund_z,ordinal,cash,5,5,5,4,0.0208035455538683,[0.0208035455538683],0.024031841655477615,1,-0.052301657158689493,-1.0,"direction diagnostic, not independent validation or corrected test; unordered factors have profiles not signed scalar"
q07_emergfund_z,ordinal,rc,5,5,5,2,-0.003251388041749008,[-0.003251388041749008],0.019110521405663175,0,-0.10139086991600235,-1.0,"direction diagnostic, not independent validation or corrected test; unordered factors have profiles not signed scalar"
q07_emergfund_z,top75,cash,5,5,5,2,0.0009656472031530498,[0.0009656472031530498],0.0032192626113739242,0,-0.01705881396864542,-1.0,"direction diagnostic, not independent validation or corrected test; unordered factors have profiles not signed scalar"
q07_emergfund_z,top75,rc,5,5,5,2,-0.000940908729910261,[-0.000940908729910261],0.00427561324073809,0,-0.02343913040749476,-1.0,"direction diagnostic, not independent validation or corrected test; unordered factors have profiles not signed scalar"
q08_support,midpoint,cash,5,5,5,3,-0.002477562578514236,[-0.002477562578514236],0.002477562578514236,1,-0.016940209357687055,-1.0,"direction diagnostic, not independent validation or corrected test; unordered factors have profiles not signed scalar"
q08_support,midpoint,rc,5,5,5,2,-0.0019653294038624687,[-0.0019653294038624687],0.006711045010950498,0,-0.023920477203341235,-1.0,"direction diagnostic, not independent validation or corrected test; unordered factors have profiles not signed scalar"
q08_support,ordinal,cash,5,5,5,5,-0.02006012676301579,[-0.02006012676301579],0.02006012676301579,3,0.03066002810632886,1.0,"direction diagnostic, not independent validation or corrected test; unordered factors have profiles not signed scalar"
q08_support,ordinal,rc,5,5,5,4,0.013465652024533294,[0.013465652024533294],0.013465652024533294,2,-0.021591510455658193,-1.0,"direction diagnostic, not independent validation or corrected test; unordered factors have profiles not signed scalar"
q08_support,top75,cash,5,5,5,3,-0.0030075688641242014,[-0.0030075688641242014],0.0049441818193292405,1,-0.023174644900755176,-1.0,"direction diagnostic, not independent validation or corrected test; unordered factors have profiles not signed scalar"
q08_support,top75,rc,5,5,5,3,-0.0030146301298021707,[-0.0030146301298021707],0.005936420835599722,0,-0.024998460559892233,-1.0,"direction diagnostic, not independent validation or corrected test; unordered factors have profiles not signed scalar"
q08_support_z,midpoint,cash,5,5,5,3,-0.0024775625785142365,[-0.0024775625785142365],0.0024775625785142365,1,-0.016940209357687062,-1.0,"direction diagnostic, not independent validation or corrected test; unordered factors have profiles not signed scalar"
q08_support_z,midpoint,rc,5,5,5,2,-0.0019653294038624713,[-0.0019653294038624713],0.006711045010950494,0,-0.023920477203341235,-1.0,"direction diagnostic, not independent validation or corrected test; unordered factors have profiles not signed scalar"
q08_support_z,ordinal,cash,5,5,5,5,-0.020060126763015777,[-0.020060126763015777],0.020060126763015777,3,0.03066002810632889,1.0,"direction diagnostic, not independent validation or corrected test; unordered factors have profiles not signed scalar"
q08_support_z,ordinal,rc,5,5,5,4,0.01346565202453329,[0.01346565202453329],0.01346565202453329,2,-0.02159151045565812,-1.0,"direction diagnostic, not independent validation or corrected test; unordered factors have profiles not signed scalar"
q08_support_z,top75,cash,5,5,5,3,-0.0030075688641242005,[-0.0030075688641242005],0.004944181819329246,1,-0.023174644900755176,-1.0,"direction diagnostic, not independent validation or corrected test; unordered factors have profiles not signed scalar"
q08_support_z,top75,rc,5,5,5,3,-0.00301463012980217,[-0.00301463012980217],0.005936420835599723,0,-0.024998460559892237,-1.0,"direction diagnostic, not independent validation or corrected test; unordered factors have profiles not signed scalar"
q09_gain,midpoint,cash,5,5,5,2,2.530882491052551e-05,[2.530882491052551e-05],0.004205855119771102,0,-0.018885376997491175,-1.0,"direction diagnostic, not independent validation or corrected test; unordered factors have profiles not signed scalar"
q09_gain,midpoint,rc,5,5,5,3,-0.0005331260368255609,[-0.0005331260368255609],0.005977774254619895,1,-0.017092372800126893,-1.0,"direction diagnostic, not independent validation or corrected test; unordered factors have profiles not signed scalar"
q09_gain,ordinal,cash,5,5,5,5,-0.029763650186941132,[-0.029763650186941132],0.029763650186941132,3,0.04269194953344346,1.0,"direction diagnostic, not independent validation or corrected test; unordered factors have profiles not signed scalar"
q09_gain,ordinal,rc,5,5,5,3,0.022536017101403554,[0.022536017101403554],0.022536017101403554,1,-0.1011952577310415,-1.0,"direction diagnostic, not independent validation or corrected test; unordered factors have profiles not signed scalar"
q09_gain,top75,cash,5,5,5,2,0.001730521298783332,[0.001730521298783332],0.006509986420742261,0,-0.02529581752741819,-1.0,"direction diagnostic, not independent validation or corrected test; unordered factors have profiles not signed scalar"
q09_gain,top75,rc,5,5,5,2,-0.0007508460270206601,[-0.0007508460270206601],0.004048435080636775,0,-0.019738163534745404,-1.0,"direction diagnostic, not independent validation or corrected test; unordered factors have profiles not signed scalar"
q09_gain_z,midpoint,cash,5,5,5,2,2.5308824910530714e-05,[2.5308824910530714e-05],0.004205855119771112,0,-0.018885376997491175,-1.0,"direction diagnostic, not independent validation or corrected test; unordered factors have profiles not signed scalar"
q09_gain_z,midpoint,rc,5,5,5,3,-0.0005331260368255618,[-0.0005331260368255618],0.005977774254619903,1,-0.017092372800126886,-1.0,"direction diagnostic, not independent validation or corrected test; unordered factors have profiles not signed scalar"
q09_gain_z,ordinal,cash,5,5,5,5,-0.029763650186941167,[-0.029763650186941167],0.029763650186941167,3,0.04269194953344345,1.0,"direction diagnostic, not independent validation or corrected test; unordered factors have profiles not signed scalar"
q09_gain_z,ordinal,rc,5,5,5,3,0.022536017101403565,[0.022536017101403565],0.022536017101403565,1,-0.10119525773104154,-1.0,"direction diagnostic, not independent validation or corrected test; unordered factors have profiles not signed scalar"
q09_gain_z,top75,cash,5,5,5,2,0.0017305212987833345,[0.0017305212987833345],0.006509986420742263,0,-0.025295817527418198,-1.0,"direction diagnostic, not independent validation or corrected test; unordered factors have profiles not signed scalar"
q09_gain_z,top75,rc,5,5,5,2,-0.0007508460270206649,[-0.0007508460270206649],0.0040484350806367754,0,-0.019738163534745407,-1.0,"direction diagnostic, not independent validation or corrected test; unordered factors have profiles not signed scalar"
q10_effort,midpoint,cash,5,5,5,4,0.005616880796924917,[0.005616880796924917],0.005616880796924917,2,-0.008008427532539853,-1.0,"direction diagnostic, not independent validation or corrected test; unordered factors have profiles not signed scalar"
q10_effort,midpoint,rc,5,5,5,3,-0.0021084851002195655,[-0.0021084851002195655],0.0021084851002195655,1,-0.01652387996993357,-1.0,"direction diagnostic, not independent validation or corrected test; unordered factors have profiles not signed scalar"
q10_effort,ordinal,cash,5,5,5,4,0.0217356549251379,[0.0217356549251379],0.0217356549251379,2,-0.05995141528500116,-1.0,"direction diagnostic, not independent validation or corrected test; unordered factors have profiles not signed scalar"
q10_effort,ordinal,rc,5,5,5,3,-0.012470095843118211,[-0.012470095843118211],0.024316479540421126,1,-0.11202903125966353,-1.0,"direction diagnostic, not independent validation or corrected test; unordered factors have profiles not signed scalar"
q10_effort,top75,cash,5,5,5,4,0.005578132217451702,[0.005578132217451702],0.005578132217451702,1,-0.012446839396042086,-1.0,"direction diagnostic, not independent validation or corrected test; unordered factors have profiles not signed scalar"
q10_effort,top75,rc,5,5,5,4,-0.0019714277135611706,[-0.0019714277135611706],0.004372604831038017,2,-0.010624170650678916,-1.0,"direction diagnostic, not independent validation or corrected test; unordered factors have profiles not signed scalar"
q10_effort_z,midpoint,cash,5,5,5,4,0.005616880796924902,[0.005616880796924902],0.005616880796924902,2,-0.00800842753253986,-1.0,"direction diagnostic, not independent validation or corrected test; unordered factors have profiles not signed scalar"
q10_effort_z,midpoint,rc,5,5,5,3,-0.002108485100219557,[-0.002108485100219557],0.002108485100219557,1,-0.016523879969933576,-1.0,"direction diagnostic, not independent validation or corrected test; unordered factors have profiles not signed scalar"
q10_effort_z,ordinal,cash,5,5,5,4,0.021735654925137782,[0.021735654925137782],0.021735654925137782,2,-0.059951415285001274,-1.0,"direction diagnostic, not independent validation or corrected test; unordered factors have profiles not signed scalar"
q10_effort_z,ordinal,rc,5,5,5,3,-0.012470095843118244,[-0.012470095843118244],0.024316479540421047,1,-0.11202903125966365,-1.0,"direction diagnostic, not independent validation or corrected test; unordered factors have profiles not signed scalar"
q10_effort_z,top75,cash,5,5,5,4,0.005578132217451696,[0.005578132217451696],0.005578132217451696,1,-0.012446839396042086,-1.0,"direction diagnostic, not independent validation or corrected test; unordered factors have profiles not signed scalar"
q10_effort_z,top75,rc,5,5,5,4,-0.001971427713561165,[-0.001971427713561165],0.004372604831038026,2,-0.010624170650678916,-1.0,"direction diagnostic, not independent validation or corrected test; unordered factors have profiles not signed scalar"
q11_mobility,midpoint,cash,5,5,5,5,0.003666615182102451,[0.003666615182102451],0.003666615182102451,3,0.002726031992965253,1.0,"direction diagnostic, not independent validation or corrected test; unordered factors have profiles not signed scalar"
q11_mobility,midpoint,rc,5,5,5,3,-0.0026318668280017896,[-0.0026318668280017896],0.0026318668280017896,2,-0.015806307131625782,-1.0,"direction diagnostic, not independent validation or corrected test; unordered factors have profiles not signed scalar"
q11_mobility,ordinal,cash,5,5,5,2,0.0007433466407136501,[0.0007433466407136501],0.017061775811414187,0,-0.07216161735534324,-1.0,"direction diagnostic, not independent validation or corrected test; unordered factors have profiles not signed scalar"
q11_mobility,ordinal,rc,5,5,5,4,0.01446029387991115,[0.01446029387991115],0.02609795950746939,0,-0.09923104865125704,-1.0,"direction diagnostic, not independent validation or corrected test; unordered factors have profiles not signed scalar"
q11_mobility,top75,cash,5,5,5,4,0.0036892604370774053,[0.0036892604370774053],0.0036892604370774053,2,-0.008452400096196976,-1.0,"direction diagnostic, not independent validation or corrected test; unordered factors have profiles not signed scalar"
q11_mobility,top75,rc,5,5,5,3,-0.0007735053533380965,[-0.0007735053533380965],0.004135301656905714,1,-0.014536124625764316,-1.0,"direction diagnostic, not independent validation or corrected test; unordered factors have profiles not signed scalar"
q11_mobility_z,midpoint,cash,5,5,5,5,0.0036666151821024497,[0.0036666151821024497],0.0036666151821024497,3,0.002726031992965252,1.0,"direction diagnostic, not independent validation or corrected test; unordered factors have profiles not signed scalar"
q11_mobility_z,midpoint,rc,5,5,5,3,-0.0026318668280017983,[-0.0026318668280017983],0.0026318668280017983,2,-0.015806307131625792,-1.0,"direction diagnostic, not independent validation or corrected test; unordered factors have profiles not signed scalar"
q11_mobility_z,ordinal,cash,5,5,5,2,0.000743346640713633,[0.000743346640713633],0.017061775811414204,0,-0.07216161735534324,-1.0,"direction diagnostic, not independent validation or corrected test; unordered factors have profiles not signed scalar"
q11_mobility_z,ordinal,rc,5,5,5,4,0.01446029387991108,[0.01446029387991108],0.026097959507469397,0,-0.09923104865125705,-1.0,"direction diagnostic, not independent validation or corrected test; unordered factors have profiles not signed scalar"
q11_mobility_z,top75,cash,5,5,5,4,0.0036892604370773996,[0.0036892604370773996],0.0036892604370773996,2,-0.008452400096196976,-1.0,"direction diagnostic, not independent validation or corrected test; unordered factors have profiles not signed scalar"
q11_mobility_z,top75,rc,5,5,5,3,-0.0007735053533381017,[-0.0007735053533381017],0.004135301656905716,1,-0.014536124625764316,-1.0,"direction diagnostic, not independent validation or corrected test; unordered factors have profiles not signed scalar"
q12_voice,midpoint,cash,5,5,5,4,0.0040179355857364735,[0.0040179355857364735],0.0040179355857364735,2,-0.010389515827014613,-1.0,"direction diagnostic, not independent validation or corrected test; unordered factors have profiles not signed scalar"
q12_voice,midpoint,rc,5,5,5,3,-0.0049734095600176545,[-0.0049734095600176545],0.0049734095600176545,1,-0.01960507474823142,-1.0,"direction diagnostic, not independent validation or corrected test; unordered factors have profiles not signed scalar"
q12_voice,ordinal,cash,5,5,5,4,0.004290424423510821,[0.004290424423510821],0.010949343813113346,1,-0.08027145894725916,-1.0,"direction diagnostic, not independent validation or corrected test; unordered factors have profiles not signed scalar"
q12_voice,ordinal,rc,5,5,5,3,-0.013322501457362964,[-0.013322501457362964],0.013725301211250554,1,-0.114113735900927,-1.0,"direction diagnostic, not independent validation or corrected test; unordered factors have profiles not signed scalar"
q12_voice,top75,cash,5,5,5,4,0.0013338343155667376,[0.0013338343155667376],0.004319010229667679,2,-0.011503299690675636,-1.0,"direction diagnostic, not independent validation or corrected test; unordered factors have profiles not signed scalar"
q12_voice,top75,rc,5,5,5,3,0.0009136813218886203,[0.0009136813218886203],0.005042525263801419,1,-0.018385539040259538,-1.0,"direction diagnostic, not independent validation or corrected test; unordered factors have profiles not signed scalar"
q12_voice_z,midpoint,cash,5,5,5,4,0.00401793558573647,[0.00401793558573647],0.00401793558573647,2,-0.010389515827014608,-1.0,"direction diagnostic, not independent validation or corrected test; unordered factors have profiles not signed scalar"
q12_voice_z,midpoint,rc,5,5,5,3,-0.004973409560017651,[-0.004973409560017651],0.004973409560017651,1,-0.0196050747482314,-1.0,"direction diagnostic, not independent validation or corrected test; unordered factors have profiles not signed scalar"
q12_voice_z,ordinal,cash,5,5,5,4,0.00429042442351077,[0.00429042442351077],0.010949343813113443,1,-0.08027145894725911,-1.0,"direction diagnostic, not independent validation or corrected test; unordered factors have profiles not signed scalar"
q12_voice_z,ordinal,rc,5,5,5,3,-0.01332250145736312,[-0.01332250145736312],0.013725301211250577,1,-0.11411373590092685,-1.0,"direction diagnostic, not independent validation or corrected test; unordered factors have profiles not signed scalar"
q12_voice_z,top75,cash,5,5,5,4,0.0013338343155667376,[0.0013338343155667376],0.004319010229667678,2,-0.011503299690675633,-1.0,"direction diagnostic, not independent validation or corrected test; unordered factors have profiles not signed scalar"
q12_voice_z,top75,rc,5,5,5,3,0.0009136813218886194,[0.0009136813218886194],0.0050425252638014225,1,-0.01838553904025953,-1.0,"direction diagnostic, not independent validation or corrected test; unordered factors have profiles not signed scalar"
q13_pressure,midpoint,cash,5,5,5,4,0.0033216289867104695,[0.0033216289867104695],0.0033216289867104695,2,-0.006888728612145238,-1.0,"direction diagnostic, not independent validation or corrected test; unordered factors have profiles not signed scalar"
q13_pressure,midpoint,rc,5,5,5,4,-0.006771321619032324,[-0.006771321619032324],0.006771321619032324,2,-0.005396691228557441,-1.0,"direction diagnostic, not independent validation or corrected test; unordered factors have profiles not signed scalar"
q13_pressure,ordinal,cash,5,5,5,2,0.0050780117319522205,[0.0050780117319522205],0.013399222628948769,0,-0.07082457113098116,-1.0,"direction diagnostic, not independent validation or corrected test; unordered factors have profiles not signed scalar"
q13_pressure,ordinal,rc,5,5,5,3,-0.020455860177759085,[-0.020455860177759085],0.03358043653741726,1,-0.08177021782945523,-1.0,"direction diagnostic, not independent validation or corrected test; unordered factors have profiles not signed scalar"
q13_pressure,top75,cash,5,5,5,4,0.0037639456217476086,[0.0037639456217476086],0.0037639456217476086,3,-0.007415154793598645,1.0,"direction diagnostic, not independent validation or corrected test; unordered factors have profiles not signed scalar"
q13_pressure,top75,rc,5,5,5,4,-0.004230882263618924,[-0.004230882263618924],0.004230882263618924,3,-0.004576830977736081,1.0,"direction diagnostic, not independent validation or corrected test; unordered factors have profiles not signed scalar"
q13_pressure_z,midpoint,cash,5,5,5,4,0.0033216289867104647,[0.0033216289867104647],0.0033216289867104647,2,-0.006888728612145239,-1.0,"direction diagnostic, not independent validation or corrected test; unordered factors have profiles not signed scalar"
q13_pressure_z,midpoint,rc,5,5,5,4,-0.006771321619032319,[-0.006771321619032319],0.006771321619032319,2,-0.005396691228557442,-1.0,"direction diagnostic, not independent validation or corrected test; unordered factors have profiles not signed scalar"
q13_pressure_z,ordinal,cash,5,5,5,2,0.005078011731952297,[0.005078011731952297],0.01339922262894872,0,-0.07082457113098116,-1.0,"direction diagnostic, not independent validation or corrected test; unordered factors have profiles not signed scalar"
q13_pressure_z,ordinal,rc,5,5,5,3,-0.02045586017775905,[-0.02045586017775905],0.033580436537417234,1,-0.08177021782945523,-1.0,"direction diagnostic, not independent validation or corrected test; unordered factors have profiles not signed scalar"
q13_pressure_z,top75,cash,5,5,5,4,0.0037639456217476164,[0.0037639456217476164],0.0037639456217476164,3,-0.007415154793598647,1.0,"direction diagnostic, not independent validation or corrected test; unordered factors have profiles not signed scalar"
q13_pressure_z,top75,rc,5,5,5,4,-0.004230882263618932,[-0.004230882263618932],0.004230882263618932,3,-0.004576830977736081,1.0,"direction diagnostic, not independent validation or corrected test; unordered factors have profiles not signed scalar"
q14a_pr_income,midpoint,cash,5,5,5,5,0.014393175174785914,[0.014393175174785914],0.014393175174785914,5,0.01211655881544032,1.0,"direction diagnostic, not independent validation or corrected test; unordered factors have profiles not signed scalar"
q14a_pr_income,midpoint,rc,5,5,5,5,-0.01378305473059661,[-0.01378305473059661],0.01378305473059661,4,0.014118990939469883,1.0,"direction diagnostic, not independent validation or corrected test; unordered factors have profiles not signed scalar"
q14a_pr_income,ordinal,cash,5,5,5,5,0.10658833021432468,[0.10658833021432468],0.10658833021432468,5,0.10307184686863169,1.0,"direction diagnostic, not independent validation or corrected test; unordered factors have profiles not signed scalar"
q14a_pr_income,ordinal,rc,5,5,5,5,-0.09314537927281608,[-0.09314537927281608],0.09314537927281608,4,0.10478903027861095,1.0,"direction diagnostic, not independent validation or corrected test; unordered factors have profiles not signed scalar"
q14a_pr_income,top75,cash,5,5,5,3,0.0006500114251768649,[0.0006500114251768649],0.0012201664238120507,1,-0.009194590121285925,-1.0,"direction diagnostic, not independent validation or corrected test; unordered factors have profiles not signed scalar"
q14a_pr_income,top75,rc,5,5,5,5,-0.009900988511937105,[-0.009900988511937105],0.009900988511937105,4,0.008101347625744625,1.0,"direction diagnostic, not independent validation or corrected test; unordered factors have profiles not signed scalar"
q14b_pr_housing,midpoint,cash,5,5,5,2,-0.0005367211456933292,[-0.0005367211456933292],0.0014096721256729799,0,-0.008709833289815472,-1.0,"direction diagnostic, not independent validation or corrected test; unordered factors have profiles not signed scalar"
q14b_pr_housing,midpoint,rc,5,5,5,3,-0.00119817490431636,[-0.00119817490431636],0.0026304058215326854,1,-0.01098299026369691,-1.0,"direction diagnostic, not independent validation or corrected test; unordered factors have profiles not signed scalar"
q14b_pr_housing,ordinal,cash,5,5,5,4,-0.01263093856616616,[-0.01263093856616616],0.01263093856616616,1,-0.023015753802529786,-1.0,"direction diagnostic, not independent validation or corrected test; unordered factors have profiles not signed scalar"
q14b_pr_housing,ordinal,rc,5,5,5,3,0.0073238122601650135,[0.0073238122601650135],0.0073238122601650135,1,-0.04481890101160545,-1.0,"direction diagnostic, not independent validation or corrected test; unordered factors have profiles not signed scalar"
q14b_pr_housing,top75,cash,5,5,5,5,0.004288341440447594,[0.004288341440447594],0.004288341440447594,4,0.0045277132622825135,1.0,"direction diagnostic, not independent validation or corrected test; unordered factors have profiles not signed scalar"
q14b_pr_housing,top75,rc,5,5,5,4,-0.004226178856060952,[-0.004226178856060952],0.004226178856060952,2,-0.007815995932186875,-1.0,"direction diagnostic, not independent validation or corrected test; unordered factors have profiles not signed scalar"
q14c_pr_work,midpoint,cash,5,5,5,4,-0.0041083755538066586,[-0.0041083755538066586],0.004146650231873586,2,-0.010835566283378882,-1.0,"direction diagnostic, not independent validation or corrected test; unordered factors have profiles not signed scalar"
q14c_pr_work,midpoint,rc,5,5,5,5,0.01885642316646342,[0.01885642316646342],0.01885642316646342,4,0.020069182872207856,1.0,"direction diagnostic, not independent validation or corrected test; unordered factors have profiles not signed scalar"
q14c_pr_work,ordinal,cash,5,5,5,4,-0.02980167180882539,[-0.02980167180882539],0.02980167180882539,2,-0.06690341550165686,-1.0,"direction diagnostic, not independent validation or corrected test; unordered factors have profiles not signed scalar"
q14c_pr_work,ordinal,rc,5,5,5,5,0.13183057838196477,[0.13183057838196477],0.13183057838196477,4,0.1309067548515974,1.0,"direction diagnostic, not independent validation or corrected test; unordered factors have profiles not signed scalar"
q14c_pr_work,top75,cash,5,5,5,5,0.008017922258861178,[0.008017922258861178],0.008017922258861178,3,0.0073843859104397195,1.0,"direction diagnostic, not independent validation or corrected test; unordered factors have profiles not signed scalar"
q14c_pr_work,top75,rc,5,5,5,2,-0.00021201301588005166,[-0.00021201301588005166],0.004843720232102625,0,-0.018565981525772046,-1.0,"direction diagnostic, not independent validation or corrected test; unordered factors have profiles not signed scalar"
q14d_pr_edu,midpoint,cash,5,5,5,5,-0.006347521266756921,[-0.006347521266756921],0.006347521266756921,4,0.007860204822670663,1.0,"direction diagnostic, not independent validation or corrected test; unordered factors have profiles not signed scalar"
q14d_pr_edu,midpoint,rc,5,5,5,5,0.01299046438652234,[0.01299046438652234],0.01299046438652234,4,0.015107106259806519,1.0,"direction diagnostic, not independent validation or corrected test; unordered factors have profiles not signed scalar"
q14d_pr_edu,ordinal,cash,5,5,5,5,-0.04093899624644108,[-0.04093899624644108],0.04093899624644108,4,0.04777146570741971,1.0,"direction diagnostic, not independent validation or corrected test; unordered factors have profiles not signed scalar"
q14d_pr_edu,ordinal,rc,5,5,5,5,0.06756320889345546,[0.06756320889345546],0.06756320889345546,4,0.07915141496831915,1.0,"direction diagnostic, not independent validation or corrected test; unordered factors have profiles not signed scalar"
q14d_pr_edu,top75,cash,5,5,5,4,-0.003054382756101005,[-0.003054382756101005],0.0031418548098820854,1,-0.006124067085019309,-1.0,"direction diagnostic, not independent validation or corrected test; unordered factors have profiles not signed scalar"
q14d_pr_edu,top75,rc,5,5,5,5,0.007773179253723247,[0.007773179253723247],0.007773179253723247,3,0.007053534664332046,1.0,"direction diagnostic, not independent validation or corrected test; unordered factors have profiles not signed scalar"
q14e_pr_med,midpoint,cash,5,5,5,5,-0.013729475938747699,[-0.013729475938747699],0.013729475938747699,4,0.011977878136531209,1.0,"direction diagnostic, not independent validation or corrected test; unordered factors have profiles not signed scalar"
q14e_pr_med,midpoint,rc,5,5,5,5,0.013982559365231089,[0.013982559365231089],0.013982559365231089,4,0.012988965217594916,1.0,"direction diagnostic, not independent validation or corrected test; unordered factors have profiles not signed scalar"
q14e_pr_med,ordinal,cash,5,5,5,5,-0.0673802381050006,[-0.0673802381050006],0.0673802381050006,4,0.06501737650869757,1.0,"direction diagnostic, not independent validation or corrected test; unordered factors have profiles not signed scalar"
q14e_pr_med,ordinal,rc,5,5,5,5,0.07757771676745623,[0.07757771676745623],0.07757771676745623,4,0.06829532573136725,1.0,"direction diagnostic, not independent validation or corrected test; unordered factors have profiles not signed scalar"
q14e_pr_med,top75,cash,5,5,5,5,-0.017327124772936516,[-0.017327124772936516],0.017327124772936516,4,0.016994839186480818,1.0,"direction diagnostic, not independent validation or corrected test; unordered factors have profiles not signed scalar"
q14e_pr_med,top75,rc,5,5,5,5,0.020102474032205928,[0.020102474032205928],0.020102474032205928,5,0.01996170891196974,1.0,"direction diagnostic, not independent validation or corrected test; unordered factors have profiles not signed scalar"
q14f_pr_pension,midpoint,cash,5,5,5,5,0.012982520821505174,[0.012982520821505174],0.012982520821505174,5,0.013400932444511345,1.0,"direction diagnostic, not independent validation or corrected test; unordered factors have profiles not signed scalar"
q14f_pr_pension,midpoint,rc,5,5,5,5,-0.011475173733165658,[-0.011475173733165658],0.011475173733165658,5,0.011907782534777022,1.0,"direction diagnostic, not independent validation or corrected test; unordered factors have profiles not signed scalar"
q14f_pr_pension,ordinal,cash,5,5,5,5,0.08008007875030097,[0.08008007875030097],0.08008007875030097,5,0.07915219712113664,1.0,"direction diagnostic, not independent validation or corrected test; unordered factors have profiles not signed scalar"
q14f_pr_pension,ordinal,rc,5,5,5,5,-0.08267986732220922,[-0.08267986732220922],0.08267986732220922,4,0.08992043925469166,1.0,"direction diagnostic, not independent validation or corrected test; unordered factors have profiles not signed scalar"
q14f_pr_pension,top75,cash,5,5,5,5,0.006559029257751569,[0.006559029257751569],0.006559029257751569,4,0.0069814336322081855,1.0,"direction diagnostic, not independent validation or corrected test; unordered factors have profiles not signed scalar"
q14f_pr_pension,top75,rc,5,5,5,4,0.00031087983604617935,[0.00031087983604617935],0.0010806906363933664,2,-0.004808729782605939,-1.0,"direction diagnostic, not independent validation or corrected test; unordered factors have profiles not signed scalar"
q14g_pr_other,midpoint,cash,5,5,5,4,0.014518889668535222,[0.014518889668535222],0.014518889668535222,3,-0.009879897565327884,1.0,"direction diagnostic, not independent validation or corrected test; unordered factors have profiles not signed scalar"
q14g_pr_other,midpoint,rc,5,5,2,5,-0.025562478759955508,[-0.025562478759955508],0.025562478759955508,2,0.018219686420932055,1.0,"direction diagnostic, not independent validation or corrected test; unordered factors have profiles not signed scalar"
q14g_pr_other,ordinal,cash,5,5,5,4,0.07674741556226501,[0.07674741556226501],0.07674741556226501,2,-0.06477284417257259,-1.0,"direction diagnostic, not independent validation or corrected test; unordered factors have profiles not signed scalar"
q14g_pr_other,ordinal,rc,5,5,2,5,-0.1402292684457957,[-0.1402292684457957],0.1402292684457957,2,0.11517897250376063,1.0,"direction diagnostic, not independent validation or corrected test; unordered factors have profiles not signed scalar"
q14g_pr_other,top75,cash,5,5,5,5,0.019934781334494826,[0.019934781334494826],0.019934781334494826,5,0.013975575736484905,1.0,"direction diagnostic, not independent validation or corrected test; unordered factors have profiles not signed scalar"
q14g_pr_other,top75,rc,5,5,2,5,-0.030660394948558586,[-0.030660394948558586],0.030660394948558586,2,0.01682612928047652,1.0,"direction diagnostic, not independent validation or corrected test; unordered factors have profiles not signed scalar"
q14h_pr_none,midpoint,cash,5,5,3,5,-0.014348659710356468,[-0.014348659710356468],0.014348659710356468,3,0.025128114976863746,1.0,"direction diagnostic, not independent validation or corrected test; unordered factors have profiles not signed scalar"
q14h_pr_none,midpoint,rc,5,5,3,5,0.005805126387368455,[0.005805126387368455],0.005805126387368455,3,0.021356865880270765,1.0,"direction diagnostic, not independent validation or corrected test; unordered factors have profiles not signed scalar"
q14h_pr_none,ordinal,cash,5,5,3,5,-0.07797937700744426,[-0.07797937700744426],0.07797937700744426,3,0.13927671094894947,1.0,"direction diagnostic, not independent validation or corrected test; unordered factors have profiles not signed scalar"
q14h_pr_none,ordinal,rc,5,5,3,5,0.03080961469810659,[0.03080961469810659],0.03080961469810659,3,0.13863645389933296,1.0,"direction diagnostic, not independent validation or corrected test; unordered factors have profiles not signed scalar"
q14h_pr_none,top75,cash,5,5,3,5,-0.013805055774732438,[-0.013805055774732438],0.013805055774732438,2,0.02644724900681304,1.0,"direction diagnostic, not independent validation or corrected test; unordered factors have profiles not signed scalar"
q14h_pr_none,top75,rc,5,5,3,5,0.006582075732473436,[0.006582075732473436],0.006582075732473436,2,0.015715270095941758,1.0,"direction diagnostic, not independent validation or corrected test; unordered factors have profiles not signed scalar"
q15_fut_self,midpoint,cash,5,5,5,4,-0.003111815215800899,[-0.003111815215800899],0.003111815215800899,3,-0.006588676399484965,1.0,"direction diagnostic, not independent validation or corrected test; unordered factors have profiles not signed scalar"
q15_fut_self,midpoint,rc,5,5,5,4,0.007266847172016221,[0.007266847172016221],0.007266847172016221,3,-0.008105242324413259,1.0,"direction diagnostic, not independent validation or corrected test; unordered factors have profiles not signed scalar"
q15_fut_self,ordinal,cash,5,5,5,5,-0.03425989435108531,[-0.03425989435108531],0.03425989435108531,4,0.04282448848616231,1.0,"direction diagnostic, not independent validation or corrected test; unordered factors have profiles not signed scalar"
q15_fut_self,ordinal,rc,5,5,5,5,0.04737709628131635,[0.04737709628131635],0.04737709628131635,4,0.05240442026385147,1.0,"direction diagnostic, not independent validation or corrected test; unordered factors have profiles not signed scalar"
q15_fut_self,top75,cash,5,5,5,4,-0.003547955177002366,[-0.003547955177002366],0.003547955177002366,2,-0.005844460501259282,-1.0,"direction diagnostic, not independent validation or corrected test; unordered factors have profiles not signed scalar"
q15_fut_self,top75,rc,5,5,5,5,0.010076330534977725,[0.010076330534977725],0.010076330534977725,4,0.011890778989334608,1.0,"direction diagnostic, not independent validation or corrected test; unordered factors have profiles not signed scalar"
q15_fut_self_z,midpoint,cash,5,5,5,4,-0.0031118152158009006,[-0.0031118152158009006],0.0031118152158009006,3,-0.006588676399484966,1.0,"direction diagnostic, not independent validation or corrected test; unordered factors have profiles not signed scalar"
q15_fut_self_z,midpoint,rc,5,5,5,4,0.007266847172016235,[0.007266847172016235],0.007266847172016235,3,-0.008105242324413259,1.0,"direction diagnostic, not independent validation or corrected test; unordered factors have profiles not signed scalar"
q15_fut_self_z,ordinal,cash,5,5,5,5,-0.03425989435108532,[-0.03425989435108532],0.03425989435108532,4,0.04282448848616229,1.0,"direction diagnostic, not independent validation or corrected test; unordered factors have profiles not signed scalar"
q15_fut_self_z,ordinal,rc,5,5,5,5,0.047377096281316394,[0.047377096281316394],0.047377096281316394,4,0.05240442026385141,1.0,"direction diagnostic, not independent validation or corrected test; unordered factors have profiles not signed scalar"
q15_fut_self_z,top75,cash,5,5,5,4,-0.003547955177002368,[-0.003547955177002368],0.003547955177002368,2,-0.005844460501259282,-1.0,"direction diagnostic, not independent validation or corrected test; unordered factors have profiles not signed scalar"
q15_fut_self_z,top75,rc,5,5,5,5,0.010076330534977723,[0.010076330534977723],0.010076330534977723,4,0.011890778989334602,1.0,"direction diagnostic, not independent validation or corrected test; unordered factors have profiles not signed scalar"
q16_fut_society,midpoint,cash,5,5,5,4,-0.002329723688060248,[-0.002329723688060248],0.00469260975582491,2,-0.011680769473594015,-1.0,"direction diagnostic, not independent validation or corrected test; unordered factors have profiles not signed scalar"
q16_fut_society,midpoint,rc,5,5,5,4,0.004891821156871741,[0.004891821156871741],0.007483995454619237,2,-0.0174437517124705,-1.0,"direction diagnostic, not independent validation or corrected test; unordered factors have profiles not signed scalar"
q16_fut_society,ordinal,cash,5,5,5,5,-0.04041466581696907,[-0.04041466581696907],0.04041466581696907,4,0.05030737104615242,1.0,"direction diagnostic, not independent validation or corrected test; unordered factors have profiles not signed scalar"
q16_fut_society,ordinal,rc,5,5,5,4,0.06225237726834392,[0.06225237726834392],0.06225237726834392,3,-0.06923267054000588,1.0,"direction diagnostic, not independent validation or corrected test; unordered factors have profiles not signed scalar"
q16_fut_society,top75,cash,5,5,5,4,-0.00819864983995968,[-0.00819864983995968],0.00819864983995968,1,-0.009280061580075358,-1.0,"direction diagnostic, not independent validation or corrected test; unordered factors have profiles not signed scalar"
q16_fut_society,top75,rc,5,5,5,4,0.010728639150342879,[0.010728639150342879],0.010728639150342879,1,-0.011351379818856719,-1.0,"direction diagnostic, not independent validation or corrected test; unordered factors have profiles not signed scalar"
q16_fut_society_z,midpoint,cash,5,5,5,4,-0.002329723688060246,[-0.002329723688060246],0.004692609755824911,2,-0.01168076947359401,-1.0,"direction diagnostic, not independent validation or corrected test; unordered factors have profiles not signed scalar"
q16_fut_society_z,midpoint,rc,5,5,5,4,0.004891821156871736,[0.004891821156871736],0.007483995454619238,2,-0.017443751712470496,-1.0,"direction diagnostic, not independent validation or corrected test; unordered factors have profiles not signed scalar"
q16_fut_society_z,ordinal,cash,5,5,5,5,-0.04041466581696909,[-0.04041466581696909],0.04041466581696909,4,0.050307371046152495,1.0,"direction diagnostic, not independent validation or corrected test; unordered factors have profiles not signed scalar"
q16_fut_society_z,ordinal,rc,5,5,5,4,0.06225237726834407,[0.06225237726834407],0.06225237726834407,3,-0.06923267054000581,1.0,"direction diagnostic, not independent validation or corrected test; unordered factors have profiles not signed scalar"
q16_fut_society_z,top75,cash,5,5,5,4,-0.00819864983995968,[-0.00819864983995968],0.00819864983995968,1,-0.009280061580075353,-1.0,"direction diagnostic, not independent validation or corrected test; unordered factors have profiles not signed scalar"
q16_fut_society_z,top75,rc,5,5,5,4,0.010728639150342879,[0.010728639150342879],0.010728639150342879,1,-0.011351379818856713,-1.0,"direction diagnostic, not independent validation or corrected test; unordered factors have profiles not signed scalar"
q17a_fut_econ,midpoint,cash,5,5,5,5,0.010079007412386338,[0.010079007412386338],0.010079007412386338,3,0.008095823089224836,1.0,"direction diagnostic, not independent validation or corrected test; unordered factors have profiles not signed scalar"
q17a_fut_econ,midpoint,rc,5,5,5,5,-0.00948193987307753,[-0.00948193987307753],0.00948193987307753,3,0.008110248368781204,1.0,"direction diagnostic, not independent validation or corrected test; unordered factors have profiles not signed scalar"
q17a_fut_econ,ordinal,cash,5,5,5,4,0.03527782497311293,[0.03527782497311293],0.03527782497311293,2,-0.06584388438885092,-1.0,"direction diagnostic, not independent validation or corrected test; unordered factors have profiles not signed scalar"
q17a_fut_econ,ordinal,rc,5,5,5,4,-0.03801954631023659,[-0.03801954631023659],0.03801954631023659,2,-0.05288726070578631,-1.0,"direction diagnostic, not independent validation or corrected test; unordered factors have profiles not signed scalar"
q17a_fut_econ,top75,cash,5,5,5,5,0.010041238543080516,[0.010041238543080516],0.010041238543080516,3,0.008022219781763717,1.0,"direction diagnostic, not independent validation or corrected test; unordered factors have profiles not signed scalar"
q17a_fut_econ,top75,rc,5,5,5,5,-0.008106500571184491,[-0.008106500571184491],0.008106500571184491,3,0.005710853222893216,1.0,"direction diagnostic, not independent validation or corrected test; unordered factors have profiles not signed scalar"
q17a_fut_econ_z,midpoint,cash,5,5,5,5,0.01007900741238634,[0.01007900741238634],0.01007900741238634,3,0.008095823089224841,1.0,"direction diagnostic, not independent validation or corrected test; unordered factors have profiles not signed scalar"
q17a_fut_econ_z,midpoint,rc,5,5,5,5,-0.009481939873077529,[-0.009481939873077529],0.009481939873077529,3,0.008110248368781206,1.0,"direction diagnostic, not independent validation or corrected test; unordered factors have profiles not signed scalar"
q17a_fut_econ_z,ordinal,cash,5,5,5,4,0.03527782497311297,[0.03527782497311297],0.03527782497311297,2,-0.06584388438885087,-1.0,"direction diagnostic, not independent validation or corrected test; unordered factors have profiles not signed scalar"
q17a_fut_econ_z,ordinal,rc,5,5,5,4,-0.03801954631023659,[-0.03801954631023659],0.03801954631023659,2,-0.05288726070578627,-1.0,"direction diagnostic, not independent validation or corrected test; unordered factors have profiles not signed scalar"
q17a_fut_econ_z,top75,cash,5,5,5,5,0.010041238543080517,[0.010041238543080517],0.010041238543080517,3,0.008022219781763717,1.0,"direction diagnostic, not independent validation or corrected test; unordered factors have profiles not signed scalar"
q17a_fut_econ_z,top75,rc,5,5,5,5,-0.008106500571184491,[-0.008106500571184491],0.008106500571184491,3,0.005710853222893214,1.0,"direction diagnostic, not independent validation or corrected test; unordered factors have profiles not signed scalar"
q17b_fut_job,midpoint,cash,5,5,5,5,0.009515166546562821,[0.009515166546562821],0.009515166546562821,4,0.008241538076139554,1.0,"direction diagnostic, not independent validation or corrected test; unordered factors have profiles not signed scalar"
q17b_fut_job,midpoint,rc,5,5,5,5,-0.008590900085099721,[-0.008590900085099721],0.008590900085099721,4,0.009681999058073602,1.0,"direction diagnostic, not independent validation or corrected test; unordered factors have profiles not signed scalar"
q17b_fut_job,ordinal,cash,5,5,5,4,0.03483416995960726,[0.03483416995960726],0.03483416995960726,1,-0.05900810168874422,-1.0,"direction diagnostic, not independent validation or corrected test; unordered factors have profiles not signed scalar"
q17b_fut_job,ordinal,rc,5,5,5,4,-0.03157257693497033,[-0.03157257693497033],0.03157257693497033,3,-0.035237804160872924,1.0,"direction diagnostic, not independent validation or corrected test; unordered factors have profiles not signed scalar"
q17b_fut_job,top75,cash,5,5,5,4,0.006725710653054924,[0.006725710653054924],0.006725710653054924,1,-0.011517390916095594,-1.0,"direction diagnostic, not independent validation or corrected test; unordered factors have profiles not signed scalar"
q17b_fut_job,top75,rc,5,5,5,4,-0.006842644666733113,[-0.006842644666733113],0.006842644666733113,2,-0.0073687266953558015,-1.0,"direction diagnostic, not independent validation or corrected test; unordered factors have profiles not signed scalar"
q17b_fut_job_z,midpoint,cash,5,5,5,5,0.009515166546562823,[0.009515166546562823],0.009515166546562823,4,0.008241538076139554,1.0,"direction diagnostic, not independent validation or corrected test; unordered factors have profiles not signed scalar"
q17b_fut_job_z,midpoint,rc,5,5,5,5,-0.008590900085099716,[-0.008590900085099716],0.008590900085099716,4,0.0096819990580736,1.0,"direction diagnostic, not independent validation or corrected test; unordered factors have profiles not signed scalar"
q17b_fut_job_z,ordinal,cash,5,5,5,4,0.034834169959607274,[0.034834169959607274],0.034834169959607274,1,-0.059008101688744194,-1.0,"direction diagnostic, not independent validation or corrected test; unordered factors have profiles not signed scalar"
q17b_fut_job_z,ordinal,rc,5,5,5,4,-0.03157257693497037,[-0.03157257693497037],0.03157257693497037,3,-0.03523780416087291,1.0,"direction diagnostic, not independent validation or corrected test; unordered factors have profiles not signed scalar"
q17b_fut_job_z,top75,cash,5,5,5,4,0.006725710653054922,[0.006725710653054922],0.006725710653054922,1,-0.011517390916095594,-1.0,"direction diagnostic, not independent validation or corrected test; unordered factors have profiles not signed scalar"
q17b_fut_job_z,top75,rc,5,5,5,4,-0.00684264466673311,[-0.00684264466673311],0.00684264466673311,2,-0.007368726695355804,-1.0,"direction diagnostic, not independent validation or corrected test; unordered factors have profiles not signed scalar"
q17c_fut_price,midpoint,cash,5,5,5,5,0.008673497495254333,[0.008673497495254333],0.008673497495254333,3,0.00905795977632209,1.0,"direction diagnostic, not independent validation or corrected test; unordered factors have profiles not signed scalar"
q17c_fut_price,midpoint,rc,5,5,5,5,-0.012116881348099582,[-0.012116881348099582],0.012116881348099582,3,0.010929275275808985,1.0,"direction diagnostic, not independent validation or corrected test; unordered factors have profiles not signed scalar"
q17c_fut_price,ordinal,cash,5,5,5,4,0.022127899644318452,[0.022127899644318452],0.02266034122285982,2,-0.056916499258894124,-1.0,"direction diagnostic, not independent validation or corrected test; unordered factors have profiles not signed scalar"
q17c_fut_price,ordinal,rc,5,5,5,3,-0.04117879972120043,[-0.04117879972120043],0.04117879972120043,0,-0.10902547294139757,-1.0,"direction diagnostic, not independent validation or corrected test; unordered factors have profiles not signed scalar"
q17c_fut_price,top75,cash,5,5,5,5,0.010253945028097896,[0.010253945028097896],0.010253945028097896,3,0.012251999678067935,1.0,"direction diagnostic, not independent validation or corrected test; unordered factors have profiles not signed scalar"
q17c_fut_price,top75,rc,5,5,5,5,-0.008558960723228369,[-0.008558960723228369],0.008558960723228369,3,0.01117806645648265,1.0,"direction diagnostic, not independent validation or corrected test; unordered factors have profiles not signed scalar"
q17c_fut_price_z,midpoint,cash,5,5,5,5,0.008673497495254326,[0.008673497495254326],0.008673497495254326,3,0.00905795977632209,1.0,"direction diagnostic, not independent validation or corrected test; unordered factors have profiles not signed scalar"
q17c_fut_price_z,midpoint,rc,5,5,5,5,-0.012116881348099571,[-0.012116881348099571],0.012116881348099571,3,0.010929275275808992,1.0,"direction diagnostic, not independent validation or corrected test; unordered factors have profiles not signed scalar"
q17c_fut_price_z,ordinal,cash,5,5,5,4,0.02212789964431831,[0.02212789964431831],0.02266034122285985,2,-0.05691649925889412,-1.0,"direction diagnostic, not independent validation or corrected test; unordered factors have profiles not signed scalar"
q17c_fut_price_z,ordinal,rc,5,5,5,3,-0.04117879972120036,[-0.04117879972120036],0.04117879972120036,0,-0.10902547294139757,-1.0,"direction diagnostic, not independent validation or corrected test; unordered factors have profiles not signed scalar"
q17c_fut_price_z,top75,cash,5,5,5,5,0.010253945028097896,[0.010253945028097896],0.010253945028097896,3,0.012251999678067935,1.0,"direction diagnostic, not independent validation or corrected test; unordered factors have profiles not signed scalar"
q17c_fut_price_z,top75,rc,5,5,5,5,-0.00855896072322837,[-0.00855896072322837],0.00855896072322837,3,0.011178066456482647,1.0,"direction diagnostic, not independent validation or corrected test; unordered factors have profiles not signed scalar"
q17d_fut_fair,midpoint,cash,5,5,5,4,0.006110860785721546,[0.006110860785721546],0.006110860785721546,2,-0.009286504441317353,-1.0,"direction diagnostic, not independent validation or corrected test; unordered factors have profiles not signed scalar"
q17d_fut_fair,midpoint,rc,5,5,5,5,-0.005403473578832741,[-0.005403473578832741],0.005403473578832741,3,0.0081229539318634,1.0,"direction diagnostic, not independent validation or corrected test; unordered factors have profiles not signed scalar"
q17d_fut_fair,ordinal,cash,5,5,5,4,0.018903222379172278,[0.018903222379172278],0.025962875501541863,1,-0.08044605654352513,-1.0,"direction diagnostic, not independent validation or corrected test; unordered factors have profiles not signed scalar"
q17d_fut_fair,ordinal,rc,5,5,5,3,-0.012154364958257039,[-0.012154364958257039],0.02426308586509638,1,-0.08649734642682035,-1.0,"direction diagnostic, not independent validation or corrected test; unordered factors have profiles not signed scalar"
q17d_fut_fair,top75,cash,5,5,5,4,0.003774695700994756,[0.003774695700994756],0.003774695700994756,2,-0.011983350612349699,-1.0,"direction diagnostic, not independent validation or corrected test; unordered factors have profiles not signed scalar"
q17d_fut_fair,top75,rc,5,5,5,4,-0.0015924769414162035,[-0.0015924769414162035],0.0025415426010541795,2,-0.0086363722860132,-1.0,"direction diagnostic, not independent validation or corrected test; unordered factors have profiles not signed scalar"
q17d_fut_fair_z,midpoint,cash,5,5,5,4,0.006110860785721544,[0.006110860785721544],0.006110860785721544,2,-0.009286504441317362,-1.0,"direction diagnostic, not independent validation or corrected test; unordered factors have profiles not signed scalar"
q17d_fut_fair_z,midpoint,rc,5,5,5,5,-0.005403473578832741,[-0.005403473578832741],0.005403473578832741,3,0.008122953931863401,1.0,"direction diagnostic, not independent validation or corrected test; unordered factors have profiles not signed scalar"
q17d_fut_fair_z,ordinal,cash,5,5,5,4,0.018903222379172302,[0.018903222379172302],0.025962875501541832,1,-0.0804460565435251,-1.0,"direction diagnostic, not independent validation or corrected test; unordered factors have profiles not signed scalar"
q17d_fut_fair_z,ordinal,rc,5,5,5,3,-0.01215436495825704,[-0.01215436495825704],0.024263085865096214,1,-0.08649734642682035,-1.0,"direction diagnostic, not independent validation or corrected test; unordered factors have profiles not signed scalar"
q17d_fut_fair_z,top75,cash,5,5,5,4,0.003774695700994754,[0.003774695700994754],0.003774695700994754,2,-0.011983350612349706,-1.0,"direction diagnostic, not independent validation or corrected test; unordered factors have profiles not signed scalar"
q17d_fut_fair_z,top75,rc,5,5,5,4,-0.0015924769414162035,[-0.0015924769414162035],0.002541542601054175,2,-0.008636372286013206,-1.0,"direction diagnostic, not independent validation or corrected test; unordered factors have profiles not signed scalar"
q17e_fut_welfare,midpoint,cash,5,5,5,5,0.00992251601830478,[0.00992251601830478],0.00992251601830478,3,0.009773777914945441,1.0,"direction diagnostic, not independent validation or corrected test; unordered factors have profiles not signed scalar"
q17e_fut_welfare,midpoint,rc,5,5,5,4,-0.0038842581740390035,[-0.0038842581740390035],0.0038842581740390035,2,-0.007563445013768576,-1.0,"direction diagnostic, not independent validation or corrected test; unordered factors have profiles not signed scalar"
q17e_fut_welfare,ordinal,cash,5,5,5,4,0.036142310675010295,[0.036142310675010295],0.036142310675010295,2,-0.07475323108837995,-1.0,"direction diagnostic, not independent validation or corrected test; unordered factors have profiles not signed scalar"
q17e_fut_welfare,ordinal,rc,5,5,5,3,-0.005483902479645147,[-0.005483902479645147],0.03996201705902458,1,-0.1144880637119234,-1.0,"direction diagnostic, not independent validation or corrected test; unordered factors have profiles not signed scalar"
q17e_fut_welfare,top75,cash,5,5,5,5,0.007483082085868431,[0.007483082085868431],0.007483082085868431,3,0.008301204233399157,1.0,"direction diagnostic, not independent validation or corrected test; unordered factors have profiles not signed scalar"
q17e_fut_welfare,top75,rc,5,5,5,4,-0.004599124475719703,[-0.004599124475719703],0.004599124475719703,2,-0.009612132934256603,-1.0,"direction diagnostic, not independent validation or corrected test; unordered factors have profiles not signed scalar"
q17e_fut_welfare_z,midpoint,cash,5,5,5,5,0.009922516018304774,[0.009922516018304774],0.009922516018304774,3,0.009773777914945447,1.0,"direction diagnostic, not independent validation or corrected test; unordered factors have profiles not signed scalar"
q17e_fut_welfare_z,midpoint,rc,5,5,5,4,-0.0038842581740389966,[-0.0038842581740389966],0.0038842581740389966,2,-0.007563445013768573,-1.0,"direction diagnostic, not independent validation or corrected test; unordered factors have profiles not signed scalar"
q17e_fut_welfare_z,ordinal,cash,5,5,5,4,0.036142310675010225,[0.036142310675010225],0.036142310675010225,2,-0.07475323108837992,-1.0,"direction diagnostic, not independent validation or corrected test; unordered factors have profiles not signed scalar"
q17e_fut_welfare_z,ordinal,rc,5,5,5,3,-0.005483902479645065,[-0.005483902479645065],0.03996201705902465,1,-0.1144880637119234,-1.0,"direction diagnostic, not independent validation or corrected test; unordered factors have profiles not signed scalar"
q17e_fut_welfare_z,top75,cash,5,5,5,5,0.007483082085868427,[0.007483082085868427],0.007483082085868427,3,0.008301204233399159,1.0,"direction diagnostic, not independent validation or corrected test; unordered factors have profiles not signed scalar"
q17e_fut_welfare_z,top75,rc,5,5,5,4,-0.0045991244757196985,[-0.0045991244757196985],0.0045991244757196985,2,-0.009612132934256603,-1.0,"direction diagnostic, not independent validation or corrected test; unordered factors have profiles not signed scalar"
q18_ses_now,midpoint,cash,5,5,5,5,0.0071711495897441545,[0.0071711495897441545],0.0071711495897441545,3,0.007284440422162075,1.0,"direction diagnostic, not independent validation or corrected test; unordered factors have profiles not signed scalar"
q18_ses_now,midpoint,rc,5,5,5,5,-0.0076114905723747624,[-0.0076114905723747624],0.0076114905723747624,3,0.008428051998602209,1.0,"direction diagnostic, not independent validation or corrected test; unordered factors have profiles not signed scalar"
q18_ses_now,ordinal,cash,5,5,5,4,0.024078621642986225,[0.024078621642986225],0.024078621642986225,2,-0.03282982938564779,-1.0,"direction diagnostic, not independent validation or corrected test; unordered factors have profiles not signed scalar"
q18_ses_now,ordinal,rc,5,5,5,4,-0.01660588204738393,[-0.01660588204738393],0.01660588204738393,2,-0.02501832692223639,-1.0,"direction diagnostic, not independent validation or corrected test; unordered factors have profiles not signed scalar"
q18_ses_now,top75,cash,5,5,5,5,0.00346952245601023,[0.00346952245601023],0.00346952245601023,3,0.0077898643567234725,1.0,"direction diagnostic, not independent validation or corrected test; unordered factors have profiles not signed scalar"
q18_ses_now,top75,rc,5,5,5,5,-0.005992255795584139,[-0.005992255795584139],0.005992255795584139,3,0.007546682446456529,1.0,"direction diagnostic, not independent validation or corrected test; unordered factors have profiles not signed scalar"
q18_ses_now_z,midpoint,cash,5,5,5,5,0.007171149589744157,[0.007171149589744157],0.007171149589744157,3,0.007284440422162072,1.0,"direction diagnostic, not independent validation or corrected test; unordered factors have profiles not signed scalar"
q18_ses_now_z,midpoint,rc,5,5,5,5,-0.007611490572374757,[-0.007611490572374757],0.007611490572374757,3,0.008428051998602207,1.0,"direction diagnostic, not independent validation or corrected test; unordered factors have profiles not signed scalar"
q18_ses_now_z,ordinal,cash,5,5,5,4,0.024078621642986263,[0.024078621642986263],0.024078621642986263,2,-0.03282982938564779,-1.0,"direction diagnostic, not independent validation or corrected test; unordered factors have profiles not signed scalar"
q18_ses_now_z,ordinal,rc,5,5,5,4,-0.016605882047383842,[-0.016605882047383842],0.016605882047383842,2,-0.025018326922236368,-1.0,"direction diagnostic, not independent validation or corrected test; unordered factors have profiles not signed scalar"
q18_ses_now_z,top75,cash,5,5,5,5,0.0034695224560102283,[0.0034695224560102283],0.0034695224560102283,3,0.0077898643567234725,1.0,"direction diagnostic, not independent validation or corrected test; unordered factors have profiles not signed scalar"
q18_ses_now_z,top75,rc,5,5,5,5,-0.0059922557955841395,[-0.0059922557955841395],0.0059922557955841395,3,0.007546682446456528,1.0,"direction diagnostic, not independent validation or corrected test; unordered factors have profiles not signed scalar"
q19_ses_past5,midpoint,cash,5,5,5,5,0.01034934076118917,[0.01034934076118917],0.01034934076118917,4,0.008329480994392294,1.0,"direction diagnostic, not independent validation or corrected test; unordered factors have profiles not signed scalar"
q19_ses_past5,midpoint,rc,5,5,5,5,-0.012043516560488143,[-0.012043516560488143],0.012043516560488143,3,0.010272647052810396,1.0,"direction diagnostic, not independent validation or corrected test; unordered factors have profiles not signed scalar"
q19_ses_past5,ordinal,cash,5,5,5,5,0.047471781869642266,[0.047471781869642266],0.047471781869642266,4,0.037208443405296054,1.0,"direction diagnostic, not independent validation or corrected test; unordered factors have profiles not signed scalar"
q19_ses_past5,ordinal,rc,5,5,5,5,-0.059634464804738704,[-0.059634464804738704],0.059634464804738704,3,0.048543093408593904,1.0,"direction diagnostic, not independent validation or corrected test; unordered factors have profiles not signed scalar"
q19_ses_past5,top75,cash,5,5,5,4,0.004217746175243739,[0.004217746175243739],0.004217746175243739,2,-0.006671699425068312,-1.0,"direction diagnostic, not independent validation or corrected test; unordered factors have profiles not signed scalar"
q19_ses_past5,top75,rc,5,5,5,3,-0.007789220912699115,[-0.007789220912699115],0.007789220912699115,1,-0.02044059378762258,-1.0,"direction diagnostic, not independent validation or corrected test; unordered factors have profiles not signed scalar"
q19_ses_past5_z,midpoint,cash,5,5,5,5,0.010349340761189164,[0.010349340761189164],0.010349340761189164,4,0.008329480994392296,1.0,"direction diagnostic, not independent validation or corrected test; unordered factors have profiles not signed scalar"
q19_ses_past5_z,midpoint,rc,5,5,5,5,-0.012043516560488136,[-0.012043516560488136],0.012043516560488136,3,0.0102726470528104,1.0,"direction diagnostic, not independent validation or corrected test; unordered factors have profiles not signed scalar"
q19_ses_past5_z,ordinal,cash,5,5,5,5,0.0474717818696422,[0.0474717818696422],0.0474717818696422,4,0.037208443405296034,1.0,"direction diagnostic, not independent validation or corrected test; unordered factors have profiles not signed scalar"
q19_ses_past5_z,ordinal,rc,5,5,5,5,-0.05963446480473866,[-0.05963446480473866],0.05963446480473866,3,0.048543093408593876,1.0,"direction diagnostic, not independent validation or corrected test; unordered factors have profiles not signed scalar"
q19_ses_past5_z,top75,cash,5,5,5,4,0.004217746175243743,[0.004217746175243743],0.004217746175243743,2,-0.0066716994250683075,-1.0,"direction diagnostic, not independent validation or corrected test; unordered factors have profiles not signed scalar"
q19_ses_past5_z,top75,rc,5,5,5,3,-0.0077892209126991215,[-0.0077892209126991215],0.0077892209126991215,1,-0.020440593787622578,-1.0,"direction diagnostic, not independent validation or corrected test; unordered factors have profiles not signed scalar"
q20_ses_next1,midpoint,cash,5,5,5,5,0.002375013625981896,[0.002375013625981896],0.002375013625981896,3,0.003287773907494166,1.0,"direction diagnostic, not independent validation or corrected test; unordered factors have profiles not signed scalar"
q20_ses_next1,midpoint,rc,5,5,5,4,-0.0016644658665443848,[-0.0016644658665443848],0.0016644658665443848,2,-0.0018570993544146444,-1.0,"direction diagnostic, not independent validation or corrected test; unordered factors have profiles not signed scalar"
q20_ses_next1,ordinal,cash,5,5,5,3,-0.0031651275035241046,[-0.0031651275035241046],0.01638219551416359,0,-0.060580708325501734,-1.0,"direction diagnostic, not independent validation or corrected test; unordered factors have profiles not signed scalar"
q20_ses_next1,ordinal,rc,5,5,5,3,0.006743232939918062,[0.006743232939918062],0.015407731571431597,0,-0.04841091869684257,-1.0,"direction diagnostic, not independent validation or corrected test; unordered factors have profiles not signed scalar"
q20_ses_next1,top75,cash,5,5,5,2,-0.0028076341923514688,[-0.0028076341923514688],0.004347115061517876,0,-0.01874206281715133,-1.0,"direction diagnostic, not independent validation or corrected test; unordered factors have profiles not signed scalar"
q20_ses_next1,top75,rc,5,5,5,4,0.005745399000564676,[0.005745399000564676],0.005745399000564676,2,-0.0039707803867916405,-1.0,"direction diagnostic, not independent validation or corrected test; unordered factors have profiles not signed scalar"
q20_ses_next1_z,midpoint,cash,5,5,5,5,0.002375013625981899,[0.002375013625981899],0.002375013625981899,3,0.0032877739074941626,1.0,"direction diagnostic, not independent validation or corrected test; unordered factors have profiles not signed scalar"
q20_ses_next1_z,midpoint,rc,5,5,5,4,-0.0016644658665443844,[-0.0016644658665443844],0.0016644658665443844,2,-0.0018570993544146483,-1.0,"direction diagnostic, not independent validation or corrected test; unordered factors have profiles not signed scalar"
q20_ses_next1_z,ordinal,cash,5,5,5,3,-0.0031651275035242165,[-0.0031651275035242165],0.01638219551416365,0,-0.06058070832550179,-1.0,"direction diagnostic, not independent validation or corrected test; unordered factors have profiles not signed scalar"
q20_ses_next1_z,ordinal,rc,5,5,5,3,0.0067432329399181035,[0.0067432329399181035],0.015407731571431705,0,-0.04841091869684257,-1.0,"direction diagnostic, not independent validation or corrected test; unordered factors have profiles not signed scalar"
q20_ses_next1_z,top75,cash,5,5,5,2,-0.0028076341923514688,[-0.0028076341923514688],0.004347115061517874,0,-0.01874206281715133,-1.0,"direction diagnostic, not independent validation or corrected test; unordered factors have profiles not signed scalar"
q20_ses_next1_z,top75,rc,5,5,5,4,0.0057453990005646785,[0.0057453990005646785],0.0057453990005646785,2,-0.003970780386791634,-1.0,"direction diagnostic, not independent validation or corrected test; unordered factors have profiles not signed scalar"
q21_order,midpoint,cash,5,5,5,3,0.002507616676384234,[0.002507616676384234],0.005691406678437094,0,-0.01878903559574848,-1.0,"direction diagnostic, not independent validation or corrected test; unordered factors have profiles not signed scalar"
q21_order,midpoint,rc,5,5,5,3,0.0013181654755986456,[0.0013181654755986456],0.006191537664526161,1,-0.020566744932704373,-1.0,"direction diagnostic, not independent validation or corrected test; unordered factors have profiles not signed scalar"
q21_order,ordinal,cash,5,5,5,2,0.0009789022747865128,[0.0009789022747865128],0.02079695407631041,0,-0.11201379931503537,-1.0,"direction diagnostic, not independent validation or corrected test; unordered factors have profiles not signed scalar"
q21_order,ordinal,rc,5,5,5,3,0.021556772985893764,[0.021556772985893764],0.021556772985893764,1,-0.10472172200499516,-1.0,"direction diagnostic, not independent validation or corrected test; unordered factors have profiles not signed scalar"
q21_order,top75,cash,5,5,5,3,-0.0028926619183055518,[-0.0028926619183055518],0.004048943411967754,1,-0.01866222253868089,-1.0,"direction diagnostic, not independent validation or corrected test; unordered factors have profiles not signed scalar"
q21_order,top75,rc,5,5,5,5,0.005689644455684024,[0.005689644455684024],0.005689644455684024,3,0.006198210048297565,1.0,"direction diagnostic, not independent validation or corrected test; unordered factors have profiles not signed scalar"
q21_order_z,midpoint,cash,5,5,5,3,0.0025076166763842423,[0.0025076166763842423],0.005691406678437093,0,-0.01878903559574847,-1.0,"direction diagnostic, not independent validation or corrected test; unordered factors have profiles not signed scalar"
q21_order_z,midpoint,rc,5,5,5,3,0.0013181654755986354,[0.0013181654755986354],0.006191537664526153,1,-0.020566744932704363,-1.0,"direction diagnostic, not independent validation or corrected test; unordered factors have profiles not signed scalar"
q21_order_z,ordinal,cash,5,5,5,2,0.0009789022747866034,[0.0009789022747866034],0.020796954076310423,0,-0.11201379931503523,-1.0,"direction diagnostic, not independent validation or corrected test; unordered factors have profiles not signed scalar"
q21_order_z,ordinal,rc,5,5,5,3,0.021556772985893778,[0.021556772985893778],0.021556772985893778,1,-0.10472172200499504,-1.0,"direction diagnostic, not independent validation or corrected test; unordered factors have profiles not signed scalar"
q21_order_z,top75,cash,5,5,5,3,-0.00289266191830555,[-0.00289266191830555],0.004048943411967746,1,-0.018662222538680877,-1.0,"direction diagnostic, not independent validation or corrected test; unordered factors have profiles not signed scalar"
q21_order_z,top75,rc,5,5,5,5,0.005689644455684022,[0.005689644455684022],0.005689644455684022,3,0.006198210048297566,1.0,"direction diagnostic, not independent validation or corrected test; unordered factors have profiles not signed scalar"
q22_vitality,midpoint,cash,5,5,5,4,0.005256587158624629,[0.005256587158624629],0.006435564483843714,1,-0.0139349777859147,-1.0,"direction diagnostic, not independent validation or corrected test; unordered factors have profiles not signed scalar"
q22_vitality,midpoint,rc,5,5,5,4,-0.005606168858383745,[-0.005606168858383745],0.005606168858383745,2,-0.011960402139330242,-1.0,"direction diagnostic, not independent validation or corrected test; unordered factors have profiles not signed scalar"
q22_vitality,ordinal,cash,5,5,5,4,0.026262384274446562,[0.026262384274446562],0.030103855367648882,1,-0.09243626774078843,-1.0,"direction diagnostic, not independent validation or corrected test; unordered factors have profiles not signed scalar"
q22_vitality,ordinal,rc,5,5,5,4,-0.02126929347936837,[-0.02126929347936837],0.0313961965735239,0,-0.0846667655242204,-1.0,"direction diagnostic, not independent validation or corrected test; unordered factors have profiles not signed scalar"
q22_vitality,top75,cash,5,5,5,3,-0.0031685391090523797,[-0.0031685391090523797],0.004934809371054299,1,-0.0182817325761437,-1.0,"direction diagnostic, not independent validation or corrected test; unordered factors have profiles not signed scalar"
q22_vitality,top75,rc,5,5,5,2,-0.0017384148379815576,[-0.0017384148379815576],0.0035128453973560622,0,-0.018780969745496427,-1.0,"direction diagnostic, not independent validation or corrected test; unordered factors have profiles not signed scalar"
q22_vitality_z,midpoint,cash,5,5,5,4,0.005256587158624633,[0.005256587158624633],0.006435564483843712,1,-0.0139349777859147,-1.0,"direction diagnostic, not independent validation or corrected test; unordered factors have profiles not signed scalar"
q22_vitality_z,midpoint,rc,5,5,5,4,-0.005606168858383748,[-0.005606168858383748],0.005606168858383748,2,-0.011960402139330242,-1.0,"direction diagnostic, not independent validation or corrected test; unordered factors have profiles not signed scalar"
q22_vitality_z,ordinal,cash,5,5,5,4,0.02626238427444664,[0.02626238427444664],0.03010385536764888,1,-0.09243626774078846,-1.0,"direction diagnostic, not independent validation or corrected test; unordered factors have profiles not signed scalar"
q22_vitality_z,ordinal,rc,5,5,5,4,-0.021269293479368265,[-0.021269293479368265],0.031396196573523966,0,-0.08466676552422045,-1.0,"direction diagnostic, not independent validation or corrected test; unordered factors have profiles not signed scalar"
q22_vitality_z,top75,cash,5,5,5,3,-0.0031685391090523762,[-0.0031685391090523762],0.004934809371054299,1,-0.018281732576143704,-1.0,"direction diagnostic, not independent validation or corrected test; unordered factors have profiles not signed scalar"
q22_vitality_z,top75,rc,5,5,5,2,-0.0017384148379815622,[-0.0017384148379815622],0.003512845397356063,0,-0.01878096974549643,-1.0,"direction diagnostic, not independent validation or corrected test; unordered factors have profiles not signed scalar"
q23_hukou,midpoint,cash,5,5,4,4,,"[0.000393102820990383, 0.08281595863610951]",0.08281689160217058,1,-0.09110621226579199,-0.705703876846054,"direction diagnostic, not independent validation or corrected test; unordered factors have profiles not signed scalar"
q23_hukou,midpoint,rc,5,5,0,5,,"[-0.004421605686076756, -0.15384265558268953]",0.15390618335069317,0,,,"direction diagnostic, not independent validation or corrected test; unordered factors have profiles not signed scalar"
q23_hukou,ordinal,cash,5,5,4,4,,"[0.04451627175536912, 0.3431409963243395]",0.3460165340116831,1,-0.6080991298826753,-0.9053340452635431,"direction diagnostic, not independent validation or corrected test; unordered factors have profiles not signed scalar"
q23_hukou,ordinal,rc,5,5,0,5,,"[-0.06738436707633634, -0.7424162715776381]",0.7454680229423123,0,,,"direction diagnostic, not independent validation or corrected test; unordered factors have profiles not signed scalar"
q23_hukou,top75,cash,5,5,4,5,,"[-0.015195925630098972, 0.108277436184088]",0.10944138722647766,3,0.07103472932477385,0.7192319787420546,"direction diagnostic, not independent validation or corrected test; unordered factors have profiles not signed scalar"
q23_hukou,top75,rc,5,5,0,5,,"[0.011433031719507452, -0.19865013750064842]",0.1988258262597487,0,,,"direction diagnostic, not independent validation or corrected test; unordered factors have profiles not signed scalar"
q24_workstat,midpoint,cash,5,5,5,5,,"[0.0472428641802365, 0.013191756313890825, -0.016244525191307844, 0.026046573044461993]",0.06032175632260955,3,0.015461719648496538,0.2242554908374799,"direction diagnostic, not independent validation or corrected test; unordered factors have profiles not signed scalar"
q24_workstat,midpoint,rc,5,5,5,5,,"[-0.05665589903320177, -0.015870313134465675, -0.002550229769447564, -0.07503528453525807]",0.11158144138238747,5,0.06709121123432453,0.4099849898283038,"direction diagnostic, not independent validation or corrected test; unordered factors have profiles not signed scalar"
q24_workstat,ordinal,cash,5,5,5,5,,"[0.3049993657852055, 0.07811666015339186, -0.07416334040846598, 0.12217674780809787]",0.3406023154876302,3,-0.010525518745315576,0.06327780912855027,"direction diagnostic, not independent validation or corrected test; unordered factors have profiles not signed scalar"
q24_workstat,ordinal,rc,5,5,5,5,,"[-0.24104779341722993, -0.09941966593950723, -0.06542008021710406, -0.40729597121419747]",0.5972388535575907,3,0.3095808046125932,0.420469509207912,"direction diagnostic, not independent validation or corrected test; unordered factors have profiles not signed scalar"
q24_workstat,top75,cash,5,5,5,5,,"[0.0025643407673525565, 0.017777154427960087, -0.008323596826119127, 0.06137550082723282]",0.06895518191262258,3,0.0069349581053139864,0.004538989077050807,"direction diagnostic, not independent validation or corrected test; unordered factors have profiles not signed scalar"
q24_workstat,top75,rc,5,5,5,5,,"[-0.041359045266646986, -0.028207211985447518, -0.0023448619870662414, -0.07658255236129234]",0.09183044335402193,4,0.02803880072735525,0.1772443389814009,"direction diagnostic, not independent validation or corrected test; unordered factors have profiles not signed scalar"
q25_unittype,midpoint,cash,5,5,5,5,,"[0.02467314256735644, 0.03146949198032797, 0.06219264992640765, 0.028805068011144457, 0.051799180132297576, 0.012639694502308476, 0.027266992266992543]",0.08862398347214664,4,0.08144998730174886,0.49184855489515916,"direction diagnostic, not independent validation or corrected test; unordered factors have profiles not signed scalar"
q25_unittype,midpoint,rc,5,5,5,5,,"[-0.05260273092288199, -0.05231429461009377, -0.07081270677388878, -0.044318731300160924, -0.07699846484873557, -0.024812285572484695, -0.030642695347442205]",0.14021868494830575,5,0.15636987941088484,0.7434206062816171,"direction diagnostic, not independent validation or corrected test; unordered factors have profiles not signed scalar"
q25_unittype,ordinal,cash,5,5,5,5,,"[0.08694889502253057, 0.1861879905970995, 0.3612176673195108, 0.17903386138194993, 0.3313418032257115, 0.09543236397861565, 0.24145827820922885]",0.5814217316179228,5,0.5816220573114722,0.6403416884321863,"direction diagnostic, not independent validation or corrected test; unordered factors have profiles not signed scalar"
q25_unittype,ordinal,rc,5,5,5,5,,"[-0.17856362777619383, -0.32291076869984814, -0.43748220337326227, -0.2617165548513467, -0.4805604317893805, -0.09994503438531031, -0.2826120594609943]",0.8443400533830282,5,0.9185767147314609,0.7506928204749796,"direction diagnostic, not independent validation or corrected test; unordered factors have profiles not signed scalar"
q25_unittype,top75,cash,5,5,5,5,,"[0.00821497379735517, 0.0003297957486969247, 0.016684208417758847, 0.0023484247737053324, 0.01525680123230515, -0.015445441041254372, 0.0005997713589288925]",0.055388326376695565,0,-0.1352306012147328,-0.6356019433386826,"direction diagnostic, not independent validation or corrected test; unordered factors have profiles not signed scalar"
q25_unittype,top75,rc,5,5,5,5,,"[-0.014776668438388303, -0.008412797518956877, -0.007551489082017663, 0.000806886877459603, -0.018786974748135263, 0.010733910511301209, 0.030262923195631026]",0.05542179340116876,0,-0.13826369234259125,-0.7507484388163422,"direction diagnostic, not independent validation or corrected test; unordered factors have profiles not signed scalar"
q26_housing,midpoint,cash,5,5,5,4,,"[-0.01002430640741755, -0.0031775528782296177]",0.02261456351411287,1,-0.07549148081941444,-0.8820276528633295,"direction diagnostic, not independent validation or corrected test; unordered factors have profiles not signed scalar"
q26_housing,midpoint,rc,5,5,5,5,,"[0.018359811669991843, 0.012532603939030173]",0.023007579404861853,1,-0.047451633224109155,-0.5465921513526102,"direction diagnostic, not independent validation or corrected test; unordered factors have profiles not signed scalar"
q26_housing,ordinal,cash,5,5,5,4,,"[-0.09615671449208538, 0.0013537743886518309]",0.17463559501810175,1,-0.42746512504578665,-0.8314561873958124,"direction diagnostic, not independent validation or corrected test; unordered factors have profiles not signed scalar"
q26_housing,ordinal,rc,5,5,5,5,,"[0.15666134086092548, 0.057626376376201716]",0.1764157626069425,1,-0.23270272698586916,-0.49853947552615846,"direction diagnostic, not independent validation or corrected test; unordered factors have profiles not signed scalar"
q26_housing,top75,cash,5,5,5,3,,"[0.0058616769776138195, 0.004782436986444927]",0.011869858216356501,0,-0.06960292127133164,-0.9110920977822432,"direction diagnostic, not independent validation or corrected test; unordered factors have profiles not signed scalar"
q26_housing,top75,rc,5,5,5,4,,"[-3.742396719570544e-05, 0.013688167895077229]",0.015178533954137166,0,-0.05932202339993733,-0.9739677468687243,"direction diagnostic, not independent validation or corrected test; unordered factors have profiles not signed scalar"
q27_minorchild,midpoint,cash,5,5,5,5,-0.02283693405734017,[-0.02283693405734017],0.02283693405734017,4,0.02305816702914679,1.0,"direction diagnostic, not independent validation or corrected test; unordered factors have profiles not signed scalar"
q27_minorchild,midpoint,rc,5,5,5,5,0.022187553366430184,[0.022187553366430184],0.022187553366430184,3,0.02196548102662486,1.0,"direction diagnostic, not independent validation or corrected test; unordered factors have profiles not signed scalar"
q27_minorchild,ordinal,cash,5,5,5,5,-0.1290689088833108,[-0.1290689088833108],0.1290689088833108,4,0.11675197451960975,1.0,"direction diagnostic, not independent validation or corrected test; unordered factors have profiles not signed scalar"
q27_minorchild,ordinal,rc,5,5,5,5,0.1569344514365386,[0.1569344514365386],0.1569344514365386,3,0.13380331973067366,1.0,"direction diagnostic, not independent validation or corrected test; unordered factors have profiles not signed scalar"
q27_minorchild,top75,cash,5,5,5,5,-0.023233419236299166,[-0.023233419236299166],0.023233419236299166,4,0.024778697427539423,1.0,"direction diagnostic, not independent validation or corrected test; unordered factors have profiles not signed scalar"
q27_minorchild,top75,rc,5,5,5,4,0.013839087337042123,[0.013839087337042123],0.013839087337042123,2,-0.018854775698971996,-1.0,"direction diagnostic, not independent validation or corrected test; unordered factors have profiles not signed scalar"
q27_minorchild_z,midpoint,cash,5,5,5,5,-0.011302465201874659,[-0.011302465201874659],0.011302465201874659,4,0.011411957919201481,1.0,"direction diagnostic, not independent validation or corrected test; unordered factors have profiles not signed scalar"
q27_minorchild_z,midpoint,rc,5,5,5,5,0.010981073431711902,[0.010981073431711902],0.010981073431711902,3,0.010871165294015,1.0,"direction diagnostic, not independent validation or corrected test; unordered factors have profiles not signed scalar"
q27_minorchild_z,ordinal,cash,5,5,5,5,-0.06387883976170923,[-0.06387883976170923],0.06387883976170923,4,0.05778293732182964,1.0,"direction diagnostic, not independent validation or corrected test; unordered factors have profiles not signed scalar"
q27_minorchild_z,ordinal,rc,5,5,5,5,0.07767006603790003,[0.07767006603790003],0.07767006603790003,3,0.06622199640959095,1.0,"direction diagnostic, not independent validation or corrected test; unordered factors have profiles not signed scalar"
q27_minorchild_z,top75,cash,5,5,5,5,-0.011498693816757518,[-0.011498693816757518],0.011498693816757518,4,0.01226348356216973,1.0,"direction diagnostic, not independent validation or corrected test; unordered factors have profiles not signed scalar"
q27_minorchild_z,top75,rc,5,5,5,4,0.006849247042527062,[0.006849247042527062],0.006849247042527062,2,-0.009331613678600935,-1.0,"direction diagnostic, not independent validation or corrected test; unordered factors have profiles not signed scalar"
q28_hhsize,midpoint,cash,5,5,5,5,0.0025838486392252735,"[0.00473440209844291, -0.001127465874182043, 0.0237550779771161, 0.03972237162199256, -0.04364644788593904]",0.058820093138390164,3,0.009847324214100847,0.3414922816277981,"direction diagnostic, not independent validation or corrected test; unordered factors have profiles not signed scalar"
q28_hhsize,midpoint,rc,5,5,5,5,0.0038529190992237132,"[0.004147654432907344, 0.002118418921709329, -0.021761203006037927, -0.015936333185972516, 0.07646429952188648]",0.08598731822783208,4,0.038295599829496194,0.35612910579220625,"direction diagnostic, not independent validation or corrected test; unordered factors have profiles not signed scalar"
q28_hhsize,ordinal,cash,5,5,5,5,0.004762064151218386,"[0.02463747959846012, -0.0008285022457739689, 0.1574605400213161, 0.15208899106875912, -0.12275073746312695]",0.32067859365304097,3,0.008704368510820803,0.12644038348219613,"direction diagnostic, not independent validation or corrected test; unordered factors have profiles not signed scalar"
q28_hhsize,ordinal,rc,5,5,5,5,0.0204163215437866,"[0.04796900699763196, 0.03832282016008176, -0.21738430007213966, -0.022675892143561922, 0.36602688178503345]",0.47124854018445694,4,0.13769047938421836,0.18552493725234698,"direction diagnostic, not independent validation or corrected test; unordered factors have profiles not signed scalar"
q28_hhsize,top75,cash,5,5,5,5,-0.0015279149756738195,"[-0.0035081197519245197, -0.00018704946103137443, 0.018798129027068695, 0.03327424350888385, -0.04690388105990492]",0.05690732725017526,2,-0.0042467811748303245,-0.2767564354014999,"direction diagnostic, not independent validation or corrected test; unordered factors have profiles not signed scalar"
q28_hhsize,top75,rc,5,5,5,5,0.003706198357863965,"[-0.007437239749766206, -0.0022305075940449986, -0.0089740308165479, -0.02636816942143014, 0.06933172547722699]",0.07130636884878237,1,-0.05132390288741891,-0.32034409283987886,"direction diagnostic, not independent validation or corrected test; unordered factors have profiles not signed scalar"
q28_hhsize_z,midpoint,cash,5,5,5,3,0.0049019857812398135,[0.0049019857812398135],0.0049019857812398135,0,-0.013729966731674087,-1.0,"direction diagnostic, not independent validation or corrected test; unordered factors have profiles not signed scalar"
q28_hhsize_z,midpoint,rc,5,5,5,4,0.003079275879942114,[0.003079275879942114],0.0033464910615654342,2,-0.00910380466979776,-1.0,"direction diagnostic, not independent validation or corrected test; unordered factors have profiles not signed scalar"
q28_hhsize_z,ordinal,cash,5,5,5,4,0.029527774793674945,[0.029527774793674945],0.029527774793674945,3,-0.027188843997665607,1.0,"direction diagnostic, not independent validation or corrected test; unordered factors have profiles not signed scalar"
q28_hhsize_z,ordinal,rc,5,5,5,4,0.01776720714456075,[0.01776720714456075],0.03028443374219924,1,-0.07808585778759596,-1.0,"direction diagnostic, not independent validation or corrected test; unordered factors have profiles not signed scalar"
q28_hhsize_z,top75,cash,5,5,5,3,0.0015617457358396772,[0.0015617457358396772],0.0020466349521642596,1,-0.012590583576925274,-1.0,"direction diagnostic, not independent validation or corrected test; unordered factors have profiles not signed scalar"
q28_hhsize_z,top75,rc,5,5,5,4,0.0014014744786172576,[0.0014014744786172576],0.006066014440811713,2,-0.01437937374540299,-1.0,"direction diagnostic, not independent validation or corrected test; unordered factors have profiles not signed scalar"
q29_foodexp,midpoint,cash,5,5,5,5,0.008321219552849644,"[0.04346627974228913, 0.07192326281427382, 0.049011834354524116, 0.060032302752532, -0.011603339770455051]",0.10736568534142879,4,0.0634693752581266,0.7303645727690974,"direction diagnostic, not independent validation or corrected test; unordered factors have profiles not signed scalar"
q29_foodexp,midpoint,rc,5,5,5,5,-0.0033083670017236334,"[-0.028527377346467243, -0.06381245576701808, -0.05547536368043032, -0.049053363323172075, 0.047211713451938614]",0.12338513696314528,3,0.037629613058399215,0.039935077323712244,"direction diagnostic, not independent validation or corrected test; unordered factors have profiles not signed scalar"
q29_foodexp,ordinal,cash,5,5,5,5,0.03982723470091528,"[0.24456871158217058, 0.3491003517214451, 0.24861221155900504, 0.2701519977213382, -0.005844769496261173]",0.5744770268018108,4,0.17686364469484078,0.6934514095337231,"direction diagnostic, not independent validation or corrected test; unordered factors have profiles not signed scalar"
q29_foodexp,ordinal,rc,5,5,5,5,-0.021522302412786312,"[-0.16534174621401054, -0.30379191956984575, -0.2988576229244291, -0.23844627349105663, 0.12731751536378727]",0.6115854267141299,3,-0.018030064377924176,0.12291616844165866,"direction diagnostic, not independent validation or corrected test; unordered factors have profiles not signed scalar"
q29_foodexp,top75,cash,5,5,5,5,0.0029325301238415226,"[0.03003828021682687, 0.06791100857972511, 0.0343312470000027, 0.04606206087302615, -0.056068147009885244]",0.1275587535009871,2,0.033408702308938235,-0.08708823988260213,"direction diagnostic, not independent validation or corrected test; unordered factors have profiles not signed scalar"
q29_foodexp,top75,rc,5,5,5,5,0.0053856184993828615,"[0.016491854141136512, -0.040100151461119185, -0.02063135464899138, -0.03569295331981147, 0.11338592860004974]",0.143866129274095,3,0.04123693608314039,0.4620738181162926,"direction diagnostic, not independent validation or corrected test; unordered factors have profiles not signed scalar"
q29_foodexp_z,midpoint,cash,5,5,5,4,-0.0014643839536275388,[-0.0014643839536275388],0.0014730401899355813,3,-0.0035669871679064073,1.0,"direction diagnostic, not independent validation or corrected test; unordered factors have profiles not signed scalar"
q29_foodexp_z,midpoint,rc,5,5,5,3,0.003614033677966746,[0.003614033677966746],0.003614033677966746,1,-0.016759256241770985,-1.0,"direction diagnostic, not independent validation or corrected test; unordered factors have profiles not signed scalar"
q29_foodexp_z,ordinal,cash,5,5,5,3,-0.003430529410366232,[-0.003430529410366232],0.010880652537257972,0,-0.05564887072260981,-1.0,"direction diagnostic, not independent validation or corrected test; unordered factors have profiles not signed scalar"
q29_foodexp_z,ordinal,rc,5,5,5,4,0.008277798354412814,[0.008277798354412814],0.008277798354412814,2,-0.028797860423908646,-1.0,"direction diagnostic, not independent validation or corrected test; unordered factors have profiles not signed scalar"
q29_foodexp_z,top75,cash,5,5,5,5,-0.009490588000682091,[-0.009490588000682091],0.009490588000682091,5,0.00848832774361389,1.0,"direction diagnostic, not independent validation or corrected test; unordered factors have profiles not signed scalar"
q29_foodexp_z,top75,rc,5,5,5,5,0.008610342496476946,[0.008610342496476946],0.008610342496476946,3,0.008740994751816694,1.0,"direction diagnostic, not independent validation or corrected test; unordered factors have profiles not signed scalar"
q30_medexp,midpoint,cash,5,5,5,5,0.012495158932341589,"[0.04687983776994928, 0.0808133802685407, 0.08462940598349614, 0.07575084747213659, -0.0007336738782042076]",0.17372629643137025,2,0.036341859800200084,-0.028824082062697723,"direction diagnostic, not independent validation or corrected test; unordered factors have profiles not signed scalar"
q30_medexp,midpoint,rc,5,5,2,5,0.008225297359534376,"[-0.004504760596282478, -0.02130823545791027, -0.025306628641445006, -0.006011176386740626, 0.11989543555155824]",0.14457420202330784,2,0.16320646447927545,0.7669305382872051,"direction diagnostic, not independent validation or corrected test; unordered factors have profiles not signed scalar"
q30_medexp,ordinal,cash,5,5,5,5,0.07437296326602766,"[0.3645332066208321, 0.5382782771181467, 0.6245941431561527, 0.47791546677248287, 0.09735772357725227]",1.1007049838272411,4,0.39038806500555057,0.7657698198386589,"direction diagnostic, not independent validation or corrected test; unordered factors have profiles not signed scalar"
q30_medexp,ordinal,rc,5,5,2,5,0.034643368782012025,"[0.024877481851584907, -0.09949817242272774, -0.1658949912083454, -0.011638961674606957, 0.590275924877719]",0.8502360889108722,2,0.41224729682813915,0.3481357028248753,"direction diagnostic, not independent validation or corrected test; unordered factors have profiles not signed scalar"
q30_medexp,top75,cash,5,5,5,5,0.01405419488383319,"[0.06466775321500437, 0.060391121153362926, 0.06264738307734447, 0.06922306493862315, 0.012027491408935304]",0.1786355710899449,2,-0.005514418294041623,-0.3337163093354755,"direction diagnostic, not independent validation or corrected test; unordered factors have profiles not signed scalar"
q30_medexp,top75,rc,5,5,2,5,0.011886237112986298,"[-0.0209109541689702, -0.01894528056652664, -0.015710427030986365, 0.003044771532970135, 0.17328698540319826]",0.1983406454699853,2,0.33111721857528403,0.9878785653704312,"direction diagnostic, not independent validation or corrected test; unordered factors have profiles not signed scalar"
q30_medexp_z,midpoint,cash,5,5,5,4,0.006658339884760011,[0.006658339884760011],0.006658339884760011,2,-0.009021711992490227,-1.0,"direction diagnostic, not independent validation or corrected test; unordered factors have profiles not signed scalar"
q30_medexp_z,midpoint,rc,5,5,5,5,0.006900244795332641,[0.006900244795332641],0.006900244795332641,4,0.008083097642014796,1.0,"direction diagnostic, not independent validation or corrected test; unordered factors have profiles not signed scalar"
q30_medexp_z,ordinal,cash,5,5,5,4,0.04421300307839609,[0.04421300307839609],0.04421300307839609,2,-0.052474088213753656,-1.0,"direction diagnostic, not independent validation or corrected test; unordered factors have profiles not signed scalar"
q30_medexp_z,ordinal,rc,5,5,5,5,0.019067956372946074,[0.019067956372946074],0.019067956372946074,4,0.03418778383642686,1.0,"direction diagnostic, not independent validation or corrected test; unordered factors have profiles not signed scalar"
q30_medexp_z,top75,cash,5,5,5,4,-0.001837551636844471,[-0.001837551636844471],0.001837551636844471,2,-0.0043593530475572306,-1.0,"direction diagnostic, not independent validation or corrected test; unordered factors have profiles not signed scalar"
q30_medexp_z,top75,rc,5,5,5,5,0.01620693861654479,[0.01620693861654479],0.01620693861654479,4,0.016705760305546682,1.0,"direction diagnostic, not independent validation or corrected test; unordered factors have profiles not signed scalar"
q31_gotsubsidy,midpoint,cash,5,5,5,5,,"[0.022664306775412705, -0.008101337469081552]",0.022735744811531032,3,0.0025394542588178344,0.1036388866937826,"direction diagnostic, not independent validation or corrected test; unordered factors have profiles not signed scalar"
q31_gotsubsidy,midpoint,rc,5,5,5,5,,"[-0.03804805574341157, 0.0027577106281923246]",0.04105834310170634,2,0.025570853575477708,-0.012158081457692267,"direction diagnostic, not independent validation or corrected test; unordered factors have profiles not signed scalar"
q31_gotsubsidy,ordinal,cash,5,5,5,5,,"[0.2107358417766119, -0.0670790779010075]",0.21076899557669224,3,0.09572877420294425,0.19219454556697763,"direction diagnostic, not independent validation or corrected test; unordered factors have profiles not signed scalar"
q31_gotsubsidy,ordinal,rc,5,5,5,5,,"[-0.3052504615049375, 0.04328267531582161]",0.3220041956281428,3,0.1531721651040901,0.547530472330303,"direction diagnostic, not independent validation or corrected test; unordered factors have profiles not signed scalar"
q31_gotsubsidy,top75,cash,5,5,5,4,,"[-0.005165880490078958, 0.03357125247103659]",0.03396638505510792,1,-0.02762451821896004,-0.5684370074372539,"direction diagnostic, not independent validation or corrected test; unordered factors have profiles not signed scalar"
q31_gotsubsidy,top75,rc,5,5,5,5,,"[-0.009165013432077198, -0.03553780375413616]",0.03611796503837916,3,-0.0022068631439466383,0.15781769734737167,"direction diagnostic, not independent validation or corrected test; unordered factors have profiles not signed scalar"
q41_gender,midpoint,cash,5,5,5,5,-0.014314463227429308,[-0.014314463227429308],0.014314463227429308,4,0.016764639124038153,1.0,"direction diagnostic, not independent validation or corrected test; unordered factors have profiles not signed scalar"
q41_gender,midpoint,rc,5,5,5,5,0.021186656441184903,[0.021186656441184903],0.021186656441184903,3,0.022976223684380022,1.0,"direction diagnostic, not independent validation or corrected test; unordered factors have profiles not signed scalar"
q41_gender,ordinal,cash,5,5,5,4,-0.0657296630376817,[-0.0657296630376817],0.0657296630376817,3,-0.09879985325554252,1.0,"direction diagnostic, not independent validation or corrected test; unordered factors have profiles not signed scalar"
q41_gender,ordinal,rc,5,5,5,4,0.08060037798458014,[0.08060037798458014],0.08060037798458014,2,-0.11760630741911851,-1.0,"direction diagnostic, not independent validation or corrected test; unordered factors have profiles not signed scalar"
q41_gender,top75,cash,5,5,5,5,-0.011158293213020537,[-0.011158293213020537],0.011158293213020537,3,0.01027599950983108,1.0,"direction diagnostic, not independent validation or corrected test; unordered factors have profiles not signed scalar"
q41_gender,top75,rc,5,5,5,5,0.03989211333772477,[0.03989211333772477],0.03989211333772477,4,0.03623155432711116,1.0,"direction diagnostic, not independent validation or corrected test; unordered factors have profiles not signed scalar"
q41_gender_z,midpoint,cash,5,5,5,5,-0.007145361402609863,[-0.007145361402609863],0.007145361402609863,4,0.008368417552398668,1.0,"direction diagnostic, not independent validation or corrected test; unordered factors have profiles not signed scalar"
q41_gender_z,midpoint,rc,5,5,5,5,0.010575759270882876,[0.010575759270882876],0.010575759270882876,3,0.01146905890103586,1.0,"direction diagnostic, not independent validation or corrected test; unordered factors have profiles not signed scalar"
q41_gender_z,ordinal,cash,5,5,5,4,-0.03281032545991943,[-0.03281032545991943],0.03281032545991943,3,-0.04931799724651267,1.0,"direction diagnostic, not independent validation or corrected test; unordered factors have profiles not signed scalar"
q41_gender_z,ordinal,rc,5,5,5,4,0.040233351452760364,[0.040233351452760364],0.040233351452760364,2,-0.05870562915176434,-1.0,"direction diagnostic, not independent validation or corrected test; unordered factors have profiles not signed scalar"
q41_gender_z,top75,cash,5,5,5,5,-0.005569893636705965,[-0.005569893636705965],0.005569893636705965,3,0.005129478423618877,1.0,"direction diagnostic, not independent validation or corrected test; unordered factors have profiles not signed scalar"
q41_gender_z,top75,rc,5,5,5,5,0.019912976294194244,[0.019912976294194244],0.019912976294194244,4,0.018085732292736054,1.0,"direction diagnostic, not independent validation or corrected test; unordered factors have profiles not signed scalar"
q42_age,midpoint,cash,5,5,5,5,0.00902186666693757,[0.00902186666693757],0.00902186666693757,4,0.010958012565149338,1.0,"direction diagnostic, not independent validation or corrected test; unordered factors have profiles not signed scalar"
q42_age,midpoint,rc,5,5,5,5,-0.01563797792989843,[-0.01563797792989843],0.01563797792989843,4,0.01915218050284932,1.0,"direction diagnostic, not independent validation or corrected test; unordered factors have profiles not signed scalar"
q42_age,ordinal,cash,5,5,5,5,0.040855417382847946,[0.040855417382847946],0.040855417382847946,3,0.0579816958148055,1.0,"direction diagnostic, not independent validation or corrected test; unordered factors have profiles not signed scalar"
q42_age,ordinal,rc,5,5,5,5,-0.09580193375165047,[-0.09580193375165047],0.09580193375165047,4,0.12100834619377757,1.0,"direction diagnostic, not independent validation or corrected test; unordered factors have profiles not signed scalar"
q42_age,top75,cash,5,5,5,5,0.004249534502920884,[0.004249534502920884],0.004249534502920884,4,0.005795302063420717,1.0,"direction diagnostic, not independent validation or corrected test; unordered factors have profiles not signed scalar"
q42_age,top75,rc,5,5,5,5,-0.011376578254780383,[-0.011376578254780383],0.011376578254780383,3,0.013514805368028062,1.0,"direction diagnostic, not independent validation or corrected test; unordered factors have profiles not signed scalar"
q42_age_z,midpoint,cash,5,5,5,5,0.00902186666693757,[0.00902186666693757],0.00902186666693757,4,0.01095801256514935,1.0,"direction diagnostic, not independent validation or corrected test; unordered factors have profiles not signed scalar"
q42_age_z,midpoint,rc,5,5,5,5,-0.01563797792989844,[-0.01563797792989844],0.01563797792989844,4,0.019152180502849336,1.0,"direction diagnostic, not independent validation or corrected test; unordered factors have profiles not signed scalar"
q42_age_z,ordinal,cash,5,5,5,5,0.04085541738284787,[0.04085541738284787],0.04085541738284787,3,0.05798169581480565,1.0,"direction diagnostic, not independent validation or corrected test; unordered factors have profiles not signed scalar"
q42_age_z,ordinal,rc,5,5,5,5,-0.09580193375165062,[-0.09580193375165062],0.09580193375165062,4,0.12100834619377783,1.0,"direction diagnostic, not independent validation or corrected test; unordered factors have profiles not signed scalar"
q42_age_z,top75,cash,5,5,5,5,0.004249534502920887,[0.004249534502920887],0.004249534502920887,4,0.0057953020634207205,1.0,"direction diagnostic, not independent validation or corrected test; unordered factors have profiles not signed scalar"
q42_age_z,top75,rc,5,5,5,5,-0.011376578254780393,[-0.011376578254780393],0.011376578254780393,3,0.013514805368028071,1.0,"direction diagnostic, not independent validation or corrected test; unordered factors have profiles not signed scalar"
q43_edu,midpoint,cash,5,5,5,5,0.0015679736472938221,"[0.028305500127170792, 0.02685022332457046, 0.01835364795139012, -0.026813941085963442]",0.05177497587263223,2,0.011171067901872705,-0.013493081498225572,"direction diagnostic, not independent validation or corrected test; unordered factors have profiles not signed scalar"
q43_edu,midpoint,rc,5,5,5,5,0.010557712219534172,"[0.0048998713072232, -0.0014265660582720736, 0.011487560119620354, 0.06540736265108435]",0.07220336754262852,2,-0.005282215669421705,-0.34577909446297317,"direction diagnostic, not independent validation or corrected test; unordered factors have profiles not signed scalar"
q43_edu,ordinal,cash,5,5,5,5,-0.0310115151177511,"[0.009525582622258055, 0.04561666887992553, 0.010011364951716915, -0.29029460677323005]",0.3062750048522424,1,-0.25012700767290363,-0.44748814330279607,"direction diagnostic, not independent validation or corrected test; unordered factors have profiles not signed scalar"
q43_edu,ordinal,rc,5,5,5,5,0.11534003331936758,"[0.26178710057548393, 0.0932232132266418, 0.21103892201856317, 0.6009362555561804]",0.6933390707267946,3,0.3614571250084692,0.5965850138022053,"direction diagnostic, not independent validation or corrected test; unordered factors have profiles not signed scalar"
q43_edu,top75,cash,5,5,5,5,0.00710438453905882,"[0.05159081235810339, 0.037498914510052134, 0.04086745958593509, -0.01308066513841194]",0.07763373694436275,3,0.013989571666032524,0.1305355625664816,"direction diagnostic, not independent validation or corrected test; unordered factors have profiles not signed scalar"
q43_edu,top75,rc,5,5,5,5,-0.0008303237325205202,"[-0.038065109194567646, -0.027592626301043394, -0.02113482591117139, 0.046273124316169166]",0.08468277341777906,3,-0.023990463016445297,0.09896133930662282,"direction diagnostic, not independent validation or corrected test; unordered factors have profiles not signed scalar"
q43_edu_z,midpoint,cash,5,5,5,4,-0.005167075085824668,[-0.005167075085824668],0.005167075085824668,2,-0.010267273316121695,-1.0,"direction diagnostic, not independent validation or corrected test; unordered factors have profiles not signed scalar"
q43_edu_z,midpoint,rc,5,5,5,5,0.008824741930194837,[0.008824741930194837],0.008824741930194837,3,0.008347029369402447,1.0,"direction diagnostic, not independent validation or corrected test; unordered factors have profiles not signed scalar"
q43_edu_z,ordinal,cash,5,5,5,4,-0.024967509217922835,[-0.024967509217922835],0.024967509217922835,2,-0.051485045197894506,-1.0,"direction diagnostic, not independent validation or corrected test; unordered factors have profiles not signed scalar"
q43_edu_z,ordinal,rc,5,5,5,5,0.057738660652211976,[0.057738660652211976],0.057738660652211976,4,0.05401960382527289,1.0,"direction diagnostic, not independent validation or corrected test; unordered factors have profiles not signed scalar"
q43_edu_z,top75,cash,5,5,5,4,-0.004590273095064097,[-0.004590273095064097],0.005410322255899779,2,-0.013475111939998166,-1.0,"direction diagnostic, not independent validation or corrected test; unordered factors have profiles not signed scalar"
q43_edu_z,top75,rc,5,5,5,4,0.007104385980665789,[0.007104385980665789],0.007104385980665789,2,-0.014304962474786655,-1.0,"direction diagnostic, not independent validation or corrected test; unordered factors have profiles not signed scalar"
q44_industry,midpoint,cash,5,0,0,0,,,,0,,,"direction diagnostic, not independent validation or corrected test; unordered factors have profiles not signed scalar"
q44_industry,midpoint,rc,5,0,0,0,,,,0,,,"direction diagnostic, not independent validation or corrected test; unordered factors have profiles not signed scalar"
q44_industry,ordinal,cash,5,0,0,0,,,,0,,,"direction diagnostic, not independent validation or corrected test; unordered factors have profiles not signed scalar"
q44_industry,ordinal,rc,5,0,0,0,,,,0,,,"direction diagnostic, not independent validation or corrected test; unordered factors have profiles not signed scalar"
q44_industry,top75,cash,5,0,0,0,,,,0,,,"direction diagnostic, not independent validation or corrected test; unordered factors have profiles not signed scalar"
q44_industry,top75,rc,5,0,0,0,,,,0,,,"direction diagnostic, not independent validation or corrected test; unordered factors have profiles not signed scalar"
q45_occup,midpoint,cash,5,5,1,5,,"[-0.007306896573251448, -0.012490650155856566, 0.024580719564849796, 0.062902229744184, 0.05391231999684254, 0.03458236494529786, -0.0008494038022207025, 0.035829876364525885, 0.10941487298817151, 0.054351423624273955, -0.03881621372639332, -0.06268796707256924]",0.19524908133892235,0,-0.17023082191844555,-0.24620088399347476,"direction diagnostic, not independent validation or corrected test; unordered factors have profiles not signed scalar"
q45_occup,midpoint,rc,5,5,1,5,,"[0.008751365951973195, -0.002978124984076851, -0.023588973616275474, -0.03806660879702622, -0.03803822380468403, 0.016416732422631936, -0.011344292610037863, -0.06808756208545581, -0.1537429375033863, -0.08956182612819352, 0.06884818692971975, 0.05540996098489858]",0.23744437658035425,0,-0.09788256835526822,-0.13948452534298694,"direction diagnostic, not independent validation or corrected test; unordered factors have profiles not signed scalar"
q45_occup,ordinal,cash,5,5,1,5,,"[-0.07136393621382414, -0.11154631201454937, 0.09667846264053168, 0.3011536138914183, 0.24814715787941172, 0.08343347882773042, -0.01576779384998555, 0.25782124328566597, 0.5733779329067291, 0.266155781768272, 0.014325195762321725, -0.5017013610888708]",1.170525911835188,0,-1.7396519645801778,-0.443574860044331,"direction diagnostic, not independent validation or corrected test; unordered factors have profiles not signed scalar"
q45_occup,ordinal,rc,5,5,1,5,,"[0.03970418062462943, 0.01989190800892466, -0.09956138106687974, -0.23352698387869822, -0.1909800388863752, 0.199611396030284, -0.057672212410731366, -0.47685162562166356, -0.9088861968058954, -0.5061790237711973, 0.24933020581509763, 0.26547236149044906]",1.5151521164043875,0,-1.073335630496192,-0.27182900283201766,"direction diagnostic, not independent validation or corrected test; unordered factors have profiles not signed scalar"
q45_occup,top75,cash,5,5,1,5,,"[0.0036971651150324893, -0.026163799329358257, 0.03102241793227927, 0.047061919672917354, 0.018150221340575236, 0.05331001092491654, 0.010924690506981773, 0.0029578742444781765, 0.10404858299595135, -0.05028183230694194, -0.1431523401651881, -0.061029551230985093]",0.21563781111709773,1,0.028897191048977394,0.041909732907065116,"direction diagnostic, not independent validation or corrected test; unordered factors have profiles not signed scalar"
q45_occup,top75,rc,5,5,1,5,,"[0.018918502941176925, 0.018915152496881756, -0.016405030813569497, -0.00978420574741478, 0.00027698517404604883, -0.03938703263546506, -0.01120571827099019, -0.019893433830001438, -0.16393961003919771, -0.04276075104597408, 0.10939682489522519, 0.11821636442203956]",0.2522499222038766,0,-0.20090054730680296,-0.2854836224595282,"direction diagnostic, not independent validation or corrected test; unordered factors have profiles not signed scalar"
q46_income,midpoint,cash,5,0,0,0,,,,0,,,"direction diagnostic, not independent validation or corrected test; unordered factors have profiles not signed scalar"
q46_income,midpoint,rc,5,0,0,0,,,,0,,,"direction diagnostic, not independent validation or corrected test; unordered factors have profiles not signed scalar"
q46_income,ordinal,cash,5,0,0,0,,,,0,,,"direction diagnostic, not independent validation or corrected test; unordered factors have profiles not signed scalar"
q46_income,ordinal,rc,5,0,0,0,,,,0,,,"direction diagnostic, not independent validation or corrected test; unordered factors have profiles not signed scalar"
q46_income,top75,cash,5,0,0,0,,,,0,,,"direction diagnostic, not independent validation or corrected test; unordered factors have profiles not signed scalar"
q46_income,top75,rc,5,0,0,0,,,,0,,,"direction diagnostic, not independent validation or corrected test; unordered factors have profiles not signed scalar"
q47_province,midpoint,cash,5,0,0,0,,,,0,,,"direction diagnostic, not independent validation or corrected test; unordered factors have profiles not signed scalar"
q47_province,midpoint,rc,5,0,0,0,,,,0,,,"direction diagnostic, not independent validation or corrected test; unordered factors have profiles not signed scalar"
q47_province,ordinal,cash,5,0,0,0,,,,0,,,"direction diagnostic, not independent validation or corrected test; unordered factors have profiles not signed scalar"
q47_province,ordinal,rc,5,0,0,0,,,,0,,,"direction diagnostic, not independent validation or corrected test; unordered factors have profiles not signed scalar"
q47_province,top75,cash,5,0,0,0,,,,0,,,"direction diagnostic, not independent validation or corrected test; unordered factors have profiles not signed scalar"
q47_province,top75,rc,5,0,0,0,,,,0,,,"direction diagnostic, not independent validation or corrected test; unordered factors have profiles not signed scalar"
q48_city,midpoint,cash,5,0,0,0,,,,0,,,"direction diagnostic, not independent validation or corrected test; unordered factors have profiles not signed scalar"
q48_city,midpoint,rc,5,0,0,0,,,,0,,,"direction diagnostic, not independent validation or corrected test; unordered factors have profiles not signed scalar"
q48_city,ordinal,cash,5,0,0,0,,,,0,,,"direction diagnostic, not independent validation or corrected test; unordered factors have profiles not signed scalar"
q48_city,ordinal,rc,5,0,0,0,,,,0,,,"direction diagnostic, not independent validation or corrected test; unordered factors have profiles not signed scalar"
q48_city,top75,cash,5,0,0,0,,,,0,,,"direction diagnostic, not independent validation or corrected test; unordered factors have profiles not signed scalar"
q48_city,top75,rc,5,0,0,0,,,,0,,,"direction diagnostic, not independent validation or corrected test; unordered factors have profiles not signed scalar"
q49_citytier,midpoint,cash,5,5,5,4,-0.00038933101179706027,"[-0.013207212338824905, -0.013097364646002564, -0.0008642075458059478, 0.006200720385987402]",0.0350466147618448,1,-0.07054418457994094,-0.8213350144799704,"direction diagnostic, not independent validation or corrected test; unordered factors have profiles not signed scalar"
q49_citytier,midpoint,rc,5,5,5,5,-0.004407894540241849,"[-8.90006415723947e-06, -0.0034193442039070765, -0.030701896506632576, -0.010172926417261129]",0.03501970946421098,2,-0.03134145926848984,-0.42594324025227936,"direction diagnostic, not independent validation or corrected test; unordered factors have profiles not signed scalar"
q49_citytier,ordinal,cash,5,5,5,5,0.015411135388845174,"[-0.054242864095106806, -0.0009149313017940956, 0.09129591034457751, 0.06293804862911856]",0.22473783315036966,1,-0.36311607576162175,-0.7241041293371311,"direction diagnostic, not independent validation or corrected test; unordered factors have profiles not signed scalar"
q49_citytier,ordinal,rc,5,5,5,5,-0.04238846428385438,"[-0.015618760097527797, -0.1067653138235121, -0.2496302706263787, -0.05568572927243852]",0.30791449774883456,3,-0.021498000605326896,0.04323844703168649,"direction diagnostic, not independent validation or corrected test; unordered factors have profiles not signed scalar"
q49_citytier,top75,cash,5,5,5,5,-0.007023944273927042,"[-0.026363892882536766, -0.019934286757097394, -0.03501600640566863, -0.006344884891059933]",0.0496851538957422,1,-0.03878110132546746,-0.11827441803609448,"direction diagnostic, not independent validation or corrected test; unordered factors have profiles not signed scalar"
q49_citytier,top75,rc,5,5,5,5,-0.002378722614443136,"[0.015122880847869568, -0.0032619131860366097, 0.010727194507009517, -0.015335716032202292]",0.05040931437532187,1,-0.055319986485950504,-0.7225080587755099,"direction diagnostic, not independent validation or corrected test; unordered factors have profiles not signed scalar"
q49_citytier_z,midpoint,cash,5,5,5,4,0.003470371433941039,[0.003470371433941039],0.003470371433941039,2,-0.0070992805160023835,-1.0,"direction diagnostic, not independent validation or corrected test; unordered factors have profiles not signed scalar"
q49_citytier_z,midpoint,rc,5,5,5,5,-0.008561905354969746,[-0.008561905354969746],0.008561905354969746,4,0.00846266822521459,1.0,"direction diagnostic, not independent validation or corrected test; unordered factors have profiles not signed scalar"
q49_citytier_z,ordinal,cash,5,5,5,5,0.04621918593549,[0.04621918593549],0.04621918593549,3,0.04131099822177187,1.0,"direction diagnostic, not independent validation or corrected test; unordered factors have profiles not signed scalar"
q49_citytier_z,ordinal,rc,5,5,5,5,-0.06468364520585745,[-0.06468364520585745],0.06468364520585745,4,0.06782036787276471,1.0,"direction diagnostic, not independent validation or corrected test; unordered factors have profiles not signed scalar"
q49_citytier_z,top75,cash,5,5,5,3,-0.003439737221992564,[-0.003439737221992564],0.0055548989129738865,0,-0.019771298935969038,-1.0,"direction diagnostic, not independent validation or corrected test; unordered factors have profiles not signed scalar"
q49_citytier_z,top75,rc,5,5,5,5,-0.005232713554045964,[-0.005232713554045964],0.005232713554045964,3,0.005902399265088541,1.0,"direction diagnostic, not independent validation or corrected test; unordered factors have profiles not signed scalar"
social_confidence_pc1,midpoint,cash,5,5,5,4,0.005022936720623711,[0.005022936720623711],0.005022936720623711,2,-0.0121533946851395,-1.0,"direction diagnostic, not independent validation or corrected test; unordered factors have profiles not signed scalar"
social_confidence_pc1,midpoint,rc,5,5,5,4,-0.003928113619517445,[-0.003928113619517445],0.003928113619517445,2,-0.010595976732749575,-1.0,"direction diagnostic, not independent validation or corrected test; unordered factors have profiles not signed scalar"
social_confidence_pc1,ordinal,cash,5,5,5,4,0.014476774330121468,[0.014476774330121468],0.029831336178574894,1,-0.08814242176282035,-1.0,"direction diagnostic, not independent validation or corrected test; unordered factors have profiles not signed scalar"
social_confidence_pc1,ordinal,rc,5,5,5,3,-0.011912941912052579,[-0.011912941912052579],0.02138119206354108,1,-0.11370575302362758,-1.0,"direction diagnostic, not independent validation or corrected test; unordered factors have profiles not signed scalar"
social_confidence_pc1,top75,cash,5,5,5,4,0.0030648285083399915,[0.0030648285083399915],0.005085562256077742,2,-0.013442682535492773,-1.0,"direction diagnostic, not independent validation or corrected test; unordered factors have profiles not signed scalar"
social_confidence_pc1,top75,rc,5,5,5,3,-0.00032008519012482247,[-0.00032008519012482247],0.005201666800471197,1,-0.019680303438007998,-1.0,"direction diagnostic, not independent validation or corrected test; unordered factors have profiles not signed scalar"
strict_all_amounts,midpoint,cash,5,5,5,5,0.0102987963480155,[0.0102987963480155],0.0102987963480155,4,0.010627039169770064,1.0,"direction diagnostic, not independent validation or corrected test; unordered factors have profiles not signed scalar"
strict_all_amounts,midpoint,rc,5,5,5,5,-0.012148072554811856,[-0.012148072554811856],0.012148072554811856,4,0.01064236714568505,1.0,"direction diagnostic, not independent validation or corrected test; unordered factors have profiles not signed scalar"
strict_all_amounts,ordinal,cash,5,5,5,5,0.0469543467975651,[0.0469543467975651],0.0469543467975651,4,0.0563641159338624,1.0,"direction diagnostic, not independent validation or corrected test; unordered factors have profiles not signed scalar"
strict_all_amounts,ordinal,rc,5,5,5,5,-0.05060721043262334,[-0.05060721043262334],0.05060721043262334,4,0.04260561629614355,1.0,"direction diagnostic, not independent validation or corrected test; unordered factors have profiles not signed scalar"
strict_all_amounts,top75,cash,5,5,5,5,0.00809016858261397,[0.00809016858261397],0.00809016858261397,3,0.007924350236283276,1.0,"direction diagnostic, not independent validation or corrected test; unordered factors have profiles not signed scalar"
strict_all_amounts,top75,rc,5,5,5,5,-0.015455786852450928,[-0.015455786852450928],0.015455786852450928,4,0.015011392048752232,1.0,"direction diagnostic, not independent validation or corrected test; unordered factors have profiles not signed scalar"
subjective_economic_pc1,midpoint,cash,5,5,5,4,0.006398517681215132,[0.006398517681215132],0.006398517681215132,2,-0.009251124374730465,-1.0,"direction diagnostic, not independent validation or corrected test; unordered factors have profiles not signed scalar"
subjective_economic_pc1,midpoint,rc,5,5,5,4,-0.005789368738598458,[-0.005789368738598458],0.005789368738598458,2,-0.007688762385617468,-1.0,"direction diagnostic, not independent validation or corrected test; unordered factors have profiles not signed scalar"
subjective_economic_pc1,ordinal,cash,5,5,5,4,0.017027476114119863,[0.017027476114119863],0.03419195699804416,1,-0.07375479960882535,-1.0,"direction diagnostic, not independent validation or corrected test; unordered factors have profiles not signed scalar"
subjective_economic_pc1,ordinal,rc,5,5,5,3,-0.014760900046405569,[-0.014760900046405569],0.027005704717815916,1,-0.10406742668512078,-1.0,"direction diagnostic, not independent validation or corrected test; unordered factors have profiles not signed scalar"
subjective_economic_pc1,top75,cash,5,5,5,4,0.0039570943730249,[0.0039570943730249],0.0039570943730249,2,-0.010909805474510901,-1.0,"direction diagnostic, not independent validation or corrected test; unordered factors have profiles not signed scalar"
subjective_economic_pc1,top75,rc,5,5,5,4,-0.0021459292562442073,[-0.0021459292562442073],0.004695703491617877,2,-0.01086290348661716,-1.0,"direction diagnostic, not independent validation or corrected test; unordered factors have profiles not signed scalar"
wellbeing_optimism_pc1,midpoint,cash,5,5,5,4,0.001549262437397887,[0.001549262437397887],0.005599786053383066,2,-0.01181001263468312,-1.0,"direction diagnostic, not independent validation or corrected test; unordered factors have profiles not signed scalar"
wellbeing_optimism_pc1,midpoint,rc,5,5,5,3,-0.000384442781515915,[-0.000384442781515915],0.0031442532965228493,1,-0.01627064525613563,-1.0,"direction diagnostic, not independent validation or corrected test; unordered factors have profiles not signed scalar"
wellbeing_optimism_pc1,ordinal,cash,5,5,5,3,-0.01670841549250484,[-0.01670841549250484],0.01681257443246642,1,-0.08634576303517168,-1.0,"direction diagnostic, not independent validation or corrected test; unordered factors have profiles not signed scalar"
wellbeing_optimism_pc1,ordinal,rc,5,5,5,4,0.017444565735114922,[0.017444565735114922],0.035723015162668154,1,-0.07569177663567775,-1.0,"direction diagnostic, not independent validation or corrected test; unordered factors have profiles not signed scalar"
wellbeing_optimism_pc1,top75,cash,5,5,5,3,0.0006064413828160728,[0.0006064413828160728],0.006298240203696233,1,-0.02043087612754875,-1.0,"direction diagnostic, not independent validation or corrected test; unordered factors have profiles not signed scalar"
wellbeing_optimism_pc1,top75,rc,5,5,5,3,0.0038369445611348254,[0.0038369445611348254],0.004354275993501478,0,-0.018762309771767217,-1.0,"direction diagnostic, not independent validation or corrected test; unordered factors have profiles not signed scalar"
who::age,midpoint,cash,5,5,5,5,0.00902186666693757,[0.00902186666693757],0.00902186666693757,4,0.01095801256514935,1.0,"direction diagnostic, not independent validation or corrected test; unordered factors have profiles not signed scalar"
who::age,midpoint,rc,5,5,5,5,-0.01563797792989844,[-0.01563797792989844],0.01563797792989844,4,0.019152180502849336,1.0,"direction diagnostic, not independent validation or corrected test; unordered factors have profiles not signed scalar"
who::age,ordinal,cash,5,5,5,5,0.04085541738284787,[0.04085541738284787],0.04085541738284787,3,0.05798169581480565,1.0,"direction diagnostic, not independent validation or corrected test; unordered factors have profiles not signed scalar"
who::age,ordinal,rc,5,5,5,5,-0.09580193375165062,[-0.09580193375165062],0.09580193375165062,4,0.12100834619377783,1.0,"direction diagnostic, not independent validation or corrected test; unordered factors have profiles not signed scalar"
who::age,top75,cash,5,5,5,5,0.004249534502920887,[0.004249534502920887],0.004249534502920887,4,0.0057953020634207205,1.0,"direction diagnostic, not independent validation or corrected test; unordered factors have profiles not signed scalar"
who::age,top75,rc,5,5,5,5,-0.011376578254780393,[-0.011376578254780393],0.011376578254780393,3,0.013514805368028071,1.0,"direction diagnostic, not independent validation or corrected test; unordered factors have profiles not signed scalar"
who::education,midpoint,cash,5,5,5,4,-0.005167075085824668,[-0.005167075085824668],0.005167075085824668,2,-0.010267273316121695,-1.0,"direction diagnostic, not independent validation or corrected test; unordered factors have profiles not signed scalar"
who::education,midpoint,rc,5,5,5,5,0.008824741930194837,[0.008824741930194837],0.008824741930194837,3,0.008347029369402447,1.0,"direction diagnostic, not independent validation or corrected test; unordered factors have profiles not signed scalar"
who::education,ordinal,cash,5,5,5,4,-0.024967509217922835,[-0.024967509217922835],0.024967509217922835,2,-0.051485045197894506,-1.0,"direction diagnostic, not independent validation or corrected test; unordered factors have profiles not signed scalar"
who::education,ordinal,rc,5,5,5,5,0.057738660652211976,[0.057738660652211976],0.057738660652211976,4,0.05401960382527289,1.0,"direction diagnostic, not independent validation or corrected test; unordered factors have profiles not signed scalar"
who::education,top75,cash,5,5,5,4,-0.004590273095064097,[-0.004590273095064097],0.005410322255899779,2,-0.013475111939998166,-1.0,"direction diagnostic, not independent validation or corrected test; unordered factors have profiles not signed scalar"
who::education,top75,rc,5,5,5,4,0.007104385980665789,[0.007104385980665789],0.007104385980665789,2,-0.014304962474786655,-1.0,"direction diagnostic, not independent validation or corrected test; unordered factors have profiles not signed scalar"
who::food,midpoint,cash,5,5,5,4,-0.0014643839536275388,[-0.0014643839536275388],0.0014730401899355813,3,-0.0035669871679064073,1.0,"direction diagnostic, not independent validation or corrected test; unordered factors have profiles not signed scalar"
who::food,midpoint,rc,5,5,5,3,0.003614033677966746,[0.003614033677966746],0.003614033677966746,1,-0.016759256241770985,-1.0,"direction diagnostic, not independent validation or corrected test; unordered factors have profiles not signed scalar"
who::food,ordinal,cash,5,5,5,3,-0.003430529410366232,[-0.003430529410366232],0.010880652537257972,0,-0.05564887072260981,-1.0,"direction diagnostic, not independent validation or corrected test; unordered factors have profiles not signed scalar"
who::food,ordinal,rc,5,5,5,4,0.008277798354412814,[0.008277798354412814],0.008277798354412814,2,-0.028797860423908646,-1.0,"direction diagnostic, not independent validation or corrected test; unordered factors have profiles not signed scalar"
who::food,top75,cash,5,5,5,5,-0.009490588000682091,[-0.009490588000682091],0.009490588000682091,5,0.00848832774361389,1.0,"direction diagnostic, not independent validation or corrected test; unordered factors have profiles not signed scalar"
who::food,top75,rc,5,5,5,5,0.008610342496476946,[0.008610342496476946],0.008610342496476946,3,0.008740994751816694,1.0,"direction diagnostic, not independent validation or corrected test; unordered factors have profiles not signed scalar"
who::household_size,midpoint,cash,5,5,5,3,0.0049019857812398135,[0.0049019857812398135],0.0049019857812398135,0,-0.013729966731674087,-1.0,"direction diagnostic, not independent validation or corrected test; unordered factors have profiles not signed scalar"
who::household_size,midpoint,rc,5,5,5,4,0.003079275879942114,[0.003079275879942114],0.0033464910615654342,2,-0.00910380466979776,-1.0,"direction diagnostic, not independent validation or corrected test; unordered factors have profiles not signed scalar"
who::household_size,ordinal,cash,5,5,5,4,0.029527774793674945,[0.029527774793674945],0.029527774793674945,3,-0.027188843997665607,1.0,"direction diagnostic, not independent validation or corrected test; unordered factors have profiles not signed scalar"
who::household_size,ordinal,rc,5,5,5,4,0.01776720714456075,[0.01776720714456075],0.03028443374219924,1,-0.07808585778759596,-1.0,"direction diagnostic, not independent validation or corrected test; unordered factors have profiles not signed scalar"
who::household_size,top75,cash,5,5,5,3,0.0015617457358396772,[0.0015617457358396772],0.0020466349521642596,1,-0.012590583576925274,-1.0,"direction diagnostic, not independent validation or corrected test; unordered factors have profiles not signed scalar"
who::household_size,top75,rc,5,5,5,4,0.0014014744786172576,[0.0014014744786172576],0.006066014440811713,2,-0.01437937374540299,-1.0,"direction diagnostic, not independent validation or corrected test; unordered factors have profiles not signed scalar"
who::housing_other,midpoint,cash,5,5,5,3,0.00032686644076915293,[0.00032686644076915293],0.005974389661734315,1,-0.020623276711641002,-1.0,"direction diagnostic, not independent validation or corrected test; unordered factors have profiles not signed scalar"
who::housing_other,midpoint,rc,5,5,5,3,0.002150679896779999,[0.002150679896779999],0.0035286284848548982,0,-0.018390603974995413,-1.0,"direction diagnostic, not independent validation or corrected test; unordered factors have profiles not signed scalar"
who::housing_other,ordinal,cash,5,5,5,4,0.008594018697214488,[0.008594018697214488],0.04724323850081562,1,-0.13073679046361394,-1.0,"direction diagnostic, not independent validation or corrected test; unordered factors have profiles not signed scalar"
who::housing_other,ordinal,rc,5,5,5,2,0.007533942353876978,[0.007533942353876978],0.02948437763439332,0,-0.11916603479048757,-1.0,"direction diagnostic, not independent validation or corrected test; unordered factors have profiles not signed scalar"
who::housing_other,top75,cash,5,5,5,4,0.0016691701299987277,[0.0016691701299987277],0.0017787200038542634,1,-0.014022423091977685,-1.0,"direction diagnostic, not independent validation or corrected test; unordered factors have profiles not signed scalar"
who::housing_other,top75,rc,5,5,5,3,0.0029192969576986028,[0.0029192969576986028],0.0029192969576986028,0,-0.010720836270482774,-1.0,"direction diagnostic, not independent validation or corrected test; unordered factors have profiles not signed scalar"
who::housing_rent,midpoint,cash,5,5,5,4,-0.004981809220455511,[-0.004981809220455511],0.004981809220455511,1,-0.007079265794579665,-1.0,"direction diagnostic, not independent validation or corrected test; unordered factors have profiles not signed scalar"
who::housing_rent,midpoint,rc,5,5,5,4,0.0082858233005934,[0.0082858233005934],0.0082858233005934,2,-0.008561095673461803,-1.0,"direction diagnostic, not independent validation or corrected test; unordered factors have profiles not signed scalar"
who::housing_rent,ordinal,cash,5,5,5,4,-0.04885181956896333,[-0.04885181956896333],0.04885181956896333,1,-0.04484690619974318,-1.0,"direction diagnostic, not independent validation or corrected test; unordered factors have profiles not signed scalar"
who::housing_rent,ordinal,rc,5,5,5,5,0.07003901299371953,[0.07003901299371953],0.07003901299371953,2,0.05919725686486034,-1.0,"direction diagnostic, not independent validation or corrected test; unordered factors have profiles not signed scalar"
who::housing_rent,top75,cash,5,5,5,3,0.0030998510528372934,[0.0030998510528372934],0.003381984988576462,0,-0.015416757360024564,-1.0,"direction diagnostic, not independent validation or corrected test; unordered factors have profiles not signed scalar"
who::housing_rent,top75,rc,5,5,5,2,-0.0005700886786238525,[-0.0005700886786238525],0.004054294531257026,0,-0.01967340824568977,-1.0,"direction diagnostic, not independent validation or corrected test; unordered factors have profiles not signed scalar"
who::income,midpoint,cash,5,5,5,5,0.01132479469310635,[0.01132479469310635],0.01132479469310635,3,0.01154105047417323,1.0,"direction diagnostic, not independent validation or corrected test; unordered factors have profiles not signed scalar"
who::income,midpoint,rc,5,5,5,5,-0.005437498361774005,[-0.005437498361774005],0.005437498361774005,3,0.008271135969523719,1.0,"direction diagnostic, not independent validation or corrected test; unordered factors have profiles not signed scalar"
who::income,ordinal,cash,5,5,5,5,0.055583397068730854,[0.055583397068730854],0.055583397068730854,3,0.05679811030325088,1.0,"direction diagnostic, not independent validation or corrected test; unordered factors have profiles not signed scalar"
who::income,ordinal,rc,5,5,5,4,-0.012801195863193914,[-0.012801195863193914],0.012801195863193914,2,-0.03695336328154189,-1.0,"direction diagnostic, not independent validation or corrected test; unordered factors have profiles not signed scalar"
who::income,top75,cash,5,5,5,5,0.013156727333743543,[0.013156727333743543],0.013156727333743543,4,0.013983692861037683,1.0,"direction diagnostic, not independent validation or corrected test; unordered factors have profiles not signed scalar"
who::income,top75,rc,5,5,5,5,-0.011734735321825953,[-0.011734735321825953],0.011734735321825953,3,0.011366460941463324,1.0,"direction diagnostic, not independent validation or corrected test; unordered factors have profiles not signed scalar"
who::liquidity,midpoint,cash,5,5,5,4,0.006395063819121767,[0.006395063819121767],0.006395063819121767,2,-0.008273306810836295,-1.0,"direction diagnostic, not independent validation or corrected test; unordered factors have profiles not signed scalar"
who::liquidity,midpoint,rc,5,5,5,3,-0.003887650106311653,[-0.003887650106311653],0.004670408803086973,1,-0.02053282584809745,-1.0,"direction diagnostic, not independent validation or corrected test; unordered factors have profiles not signed scalar"
who::liquidity,ordinal,cash,5,5,5,4,0.0208035455538683,[0.0208035455538683],0.024031841655477615,1,-0.052301657158689493,-1.0,"direction diagnostic, not independent validation or corrected test; unordered factors have profiles not signed scalar"
who::liquidity,ordinal,rc,5,5,5,2,-0.003251388041749008,[-0.003251388041749008],0.019110521405663175,0,-0.10139086991600235,-1.0,"direction diagnostic, not independent validation or corrected test; unordered factors have profiles not signed scalar"
who::liquidity,top75,cash,5,5,5,2,0.0009656472031530498,[0.0009656472031530498],0.0032192626113739242,0,-0.01705881396864542,-1.0,"direction diagnostic, not independent validation or corrected test; unordered factors have profiles not signed scalar"
who::liquidity,top75,rc,5,5,5,2,-0.000940908729910261,[-0.000940908729910261],0.00427561324073809,0,-0.02343913040749476,-1.0,"direction diagnostic, not independent validation or corrected test; unordered factors have profiles not signed scalar"
who::medical,midpoint,cash,5,5,5,4,0.006658339884760011,[0.006658339884760011],0.006658339884760011,2,-0.009021711992490227,-1.0,"direction diagnostic, not independent validation or corrected test; unordered factors have profiles not signed scalar"
who::medical,midpoint,rc,5,5,5,5,0.006900244795332641,[0.006900244795332641],0.006900244795332641,4,0.008083097642014796,1.0,"direction diagnostic, not independent validation or corrected test; unordered factors have profiles not signed scalar"
who::medical,ordinal,cash,5,5,5,4,0.04421300307839609,[0.04421300307839609],0.04421300307839609,2,-0.052474088213753656,-1.0,"direction diagnostic, not independent validation or corrected test; unordered factors have profiles not signed scalar"
who::medical,ordinal,rc,5,5,5,5,0.019067956372946074,[0.019067956372946074],0.019067956372946074,4,0.03418778383642686,1.0,"direction diagnostic, not independent validation or corrected test; unordered factors have profiles not signed scalar"
who::medical,top75,cash,5,5,5,4,-0.001837551636844471,[-0.001837551636844471],0.001837551636844471,2,-0.0043593530475572306,-1.0,"direction diagnostic, not independent validation or corrected test; unordered factors have profiles not signed scalar"
who::medical,top75,rc,5,5,5,5,0.01620693861654479,[0.01620693861654479],0.01620693861654479,4,0.016705760305546682,1.0,"direction diagnostic, not independent validation or corrected test; unordered factors have profiles not signed scalar"
who::minor_child,midpoint,cash,5,5,5,5,0.011302465201874645,[0.011302465201874645],0.011302465201874645,4,0.011411957919201488,1.0,"direction diagnostic, not independent validation or corrected test; unordered factors have profiles not signed scalar"
who::minor_child,midpoint,rc,5,5,5,5,-0.010981073431711869,[-0.010981073431711869],0.010981073431711869,3,0.010871165294015005,1.0,"direction diagnostic, not independent validation or corrected test; unordered factors have profiles not signed scalar"
who::minor_child,ordinal,cash,5,5,5,5,0.06387883976170902,[0.06387883976170902],0.06387883976170902,4,0.05778293732182971,1.0,"direction diagnostic, not independent validation or corrected test; unordered factors have profiles not signed scalar"
who::minor_child,ordinal,rc,5,5,5,5,-0.07767006603789961,[-0.07767006603789961],0.07767006603789961,3,0.06622199640959103,1.0,"direction diagnostic, not independent validation or corrected test; unordered factors have profiles not signed scalar"
who::minor_child,top75,cash,5,5,5,5,0.011498693816757524,[0.011498693816757524],0.011498693816757524,4,0.01226348356216974,1.0,"direction diagnostic, not independent validation or corrected test; unordered factors have profiles not signed scalar"
who::minor_child,top75,rc,5,5,5,4,-0.006849247042527056,[-0.006849247042527056],0.006849247042527056,2,-0.009331613678600931,-1.0,"direction diagnostic, not independent validation or corrected test; unordered factors have profiles not signed scalar"
who::subsidy_unknown,midpoint,cash,5,5,5,5,-0.0036541863468227483,[-0.0036541863468227483],0.0036541863468227483,3,0.00524946918296223,1.0,"direction diagnostic, not independent validation or corrected test; unordered factors have profiles not signed scalar"
who::subsidy_unknown,midpoint,rc,5,5,5,5,0.006145508882490742,[0.006145508882490742],0.006145508882490742,3,0.004774515768061982,1.0,"direction diagnostic, not independent validation or corrected test; unordered factors have profiles not signed scalar"
who::subsidy_unknown,ordinal,cash,5,5,5,5,-0.02810130850159522,[-0.02810130850159522],0.02810130850159522,3,0.03878240348496916,1.0,"direction diagnostic, not independent validation or corrected test; unordered factors have profiles not signed scalar"
who::subsidy_unknown,ordinal,rc,5,5,5,5,0.04487477536228056,[0.04487477536228056],0.04487477536228056,3,0.03953152569791986,1.0,"direction diagnostic, not independent validation or corrected test; unordered factors have profiles not signed scalar"
who::subsidy_unknown,top75,cash,5,5,5,4,0.009008306111284599,[0.009008306111284599],0.009008306111284599,2,-0.010218805518256416,-1.0,"direction diagnostic, not independent validation or corrected test; unordered factors have profiles not signed scalar"
who::subsidy_unknown,top75,rc,5,5,5,4,-0.00924894882743802,[-0.00924894882743802],0.00924894882743802,2,-0.007491533275270086,-1.0,"direction diagnostic, not independent validation or corrected test; unordered factors have profiles not signed scalar"
who::subsidy_yes,midpoint,cash,5,5,5,4,-0.009863104229387543,[-0.009863104229387543],0.009863104229387543,2,-0.008545978762364893,-1.0,"direction diagnostic, not independent validation or corrected test; unordered factors have profiles not signed scalar"
who::subsidy_yes,midpoint,rc,5,5,5,5,0.017671355172610034,[0.017671355172610034],0.017671355172610034,3,0.015098445186237605,1.0,"direction diagnostic, not independent validation or corrected test; unordered factors have profiles not signed scalar"
who::subsidy_yes,ordinal,cash,5,5,5,5,-0.09255201317083611,[-0.09255201317083611],0.09255201317083611,2,0.07260589671332189,-1.0,"direction diagnostic, not independent validation or corrected test; unordered factors have profiles not signed scalar"
who::subsidy_yes,ordinal,rc,5,5,5,5,0.13173622795116594,[0.13173622795116594],0.13173622795116594,3,0.10962544896883593,1.0,"direction diagnostic, not independent validation or corrected test; unordered factors have profiles not signed scalar"
who::subsidy_yes,top75,cash,5,5,5,3,-0.0006991632676491694,[-0.0006991632676491694],0.0030681559775119858,1,-0.012644327825061877,-1.0,"direction diagnostic, not independent validation or corrected test; unordered factors have profiles not signed scalar"
who::subsidy_yes,top75,rc,5,5,5,4,0.005585094341830828,[0.005585094341830828],0.005585094341830828,2,-0.010024287500175305,-1.0,"direction diagnostic, not independent validation or corrected test; unordered factors have profiles not signed scalar"
who::work_not_working,midpoint,cash,5,5,5,4,-0.0054087033593864095,[-0.0054087033593864095],0.0054087033593864095,3,-0.007120214896728688,1.0,"direction diagnostic, not independent validation or corrected test; unordered factors have profiles not signed scalar"
who::work_not_working,midpoint,rc,5,5,5,4,0.0017729417021319898,[0.0017729417021319898],0.0018711594630200917,2,-0.008208924105105224,-1.0,"direction diagnostic, not independent validation or corrected test; unordered factors have profiles not signed scalar"
who::work_not_working,ordinal,cash,5,5,5,4,-0.02286082237432996,[-0.02286082237432996],0.02286082237432996,2,-0.035097338494058807,-1.0,"direction diagnostic, not independent validation or corrected test; unordered factors have profiles not signed scalar"
who::work_not_working,ordinal,rc,5,5,5,4,-0.006394602718573866,[-0.006394602718573866],0.008859981765294775,1,-0.07739617272739398,-1.0,"direction diagnostic, not independent validation or corrected test; unordered factors have profiles not signed scalar"
who::work_not_working,top75,cash,5,5,5,4,-0.0032659594542489277,[-0.0032659594542489277],0.003998436407681192,2,-0.010375122723918261,-1.0,"direction diagnostic, not independent validation or corrected test; unordered factors have profiles not signed scalar"
who::work_not_working,top75,rc,5,5,5,4,0.000836985935721384,[0.000836985935721384],0.00491518808518411,2,-0.01012636009318814,-1.0,"direction diagnostic, not independent validation or corrected test; unordered factors have profiles not signed scalar"
who::work_other,midpoint,cash,5,5,5,5,0.004498554737605235,[0.004498554737605235],0.004498554737605235,4,0.006412487467590734,1.0,"direction diagnostic, not independent validation or corrected test; unordered factors have profiles not signed scalar"
who::work_other,midpoint,rc,5,5,5,5,-0.013279313206958977,[-0.013279313206958977],0.013279313206958977,4,0.013819973683721204,1.0,"direction diagnostic, not independent validation or corrected test; unordered factors have profiles not signed scalar"
who::work_other,ordinal,cash,5,5,5,5,0.01955174005547979,[0.01955174005547979],0.01955174005547979,3,0.02784446961385061,1.0,"direction diagnostic, not independent validation or corrected test; unordered factors have profiles not signed scalar"
who::work_other,ordinal,rc,5,5,5,5,-0.07096038227316387,[-0.07096038227316387],0.07096038227316387,4,0.08088290383865361,1.0,"direction diagnostic, not independent validation or corrected test; unordered factors have profiles not signed scalar"
who::work_other,top75,cash,5,5,5,5,0.011414182041916417,[0.011414182041916417],0.011414182041916417,5,0.013048415667130686,1.0,"direction diagnostic, not independent validation or corrected test; unordered factors have profiles not signed scalar"
who::work_other,top75,rc,5,5,5,5,-0.013585337302739767,[-0.013585337302739767],0.013585337302739767,3,0.012081669327180244,1.0,"direction diagnostic, not independent validation or corrected test; unordered factors have profiles not signed scalar"
who::work_retired,midpoint,cash,5,5,5,5,0.007852940160261565,[0.007852940160261565],0.007852940160261565,3,0.011019819827428059,1.0,"direction diagnostic, not independent validation or corrected test; unordered factors have profiles not signed scalar"
who::work_retired,midpoint,rc,5,5,5,5,-0.008731789511835224,[-0.008731789511835224],0.008731789511835224,3,0.011252929699281197,1.0,"direction diagnostic, not independent validation or corrected test; unordered factors have profiles not signed scalar"
who::work_retired,ordinal,cash,5,5,5,5,0.05164801236852555,[0.05164801236852555],0.05164801236852555,4,0.05949442582266923,1.0,"direction diagnostic, not independent validation or corrected test; unordered factors have profiles not signed scalar"
who::work_retired,ordinal,rc,5,5,5,5,-0.03538144752197076,[-0.03538144752197076],0.03538144752197076,3,0.042734543576883124,1.0,"direction diagnostic, not independent validation or corrected test; unordered factors have profiles not signed scalar"
who::work_retired,top75,cash,5,5,5,3,-0.0006031834655060417,[-0.0006031834655060417],0.002487631135262071,0,-0.010721267595892942,-1.0,"direction diagnostic, not independent validation or corrected test; unordered factors have profiles not signed scalar"
who::work_retired,top75,rc,5,5,5,5,-0.00660251409729037,[-0.00660251409729037],0.00660251409729037,4,0.011785500308024856,1.0,"direction diagnostic, not independent validation or corrected test; unordered factors have profiles not signed scalar"
who::work_student,midpoint,cash,5,5,5,4,0.0024724676393703304,[0.0024724676393703304],0.003337262187401722,2,-0.007833522671090654,-1.0,"direction diagnostic, not independent validation or corrected test; unordered factors have profiles not signed scalar"
who::work_student,midpoint,rc,5,5,5,4,-0.00280941268983762,[-0.00280941268983762],0.00280941268983762,2,-0.005331768087837625,-1.0,"direction diagnostic, not independent validation or corrected test; unordered factors have profiles not signed scalar"
who::work_student,ordinal,cash,5,5,5,4,0.015339772722621858,[0.015339772722621858],0.02708179091470489,2,-0.056517582645404144,-1.0,"direction diagnostic, not independent validation or corrected test; unordered factors have profiles not signed scalar"
who::work_student,ordinal,rc,5,5,5,3,-0.017470942309087113,[-0.017470942309087113],0.02163217240336458,1,-0.07880634777227857,-1.0,"direction diagnostic, not independent validation or corrected test; unordered factors have profiles not signed scalar"
who::work_student,top75,cash,5,5,5,5,0.005422480521925022,[0.005422480521925022],0.005422480521925022,3,0.006432851733896608,1.0,"direction diagnostic, not independent validation or corrected test; unordered factors have profiles not signed scalar"
who::work_student,top75,rc,5,5,5,4,-0.005511854619894398,[-0.005511854619894398],0.005511854619894398,2,-0.006247987934937719,-1.0,"direction diagnostic, not independent validation or corrected test; unordered factors have profiles not signed scalar"
