variable,outcome,target,N,cash_N,R_complete_case_N,origin,domain,kind,status,failure_reason,family_size,estimate,se,lo,hi,wald,df,p,profile,profile_se,original_unit_estimate,direction_projection,q,holm_p,display_group,minus_log10_q
q01_lifesat,ordinal,cash,1798,1798,5497,raw,subjective,numeric,ok,,150,-0.0052068109443694,0.0516292674840838,-0.1064001752131739,0.0959865533244349,0.0101707198379741,1.0,0.919669545352518,[-0.0052068109443694855],[0.05162926748408389],-0.0025357778173517,-0.0052068109443694,1.0,1.0,subjective raw,-0.0
q01_lifesat,midpoint,cash,1798,1798,5497,raw,subjective,numeric,ok,,150,0.0036955788896054,0.0087914614312767,-0.0135356855156969,0.0209268432949079,0.1767025451257746,1.0,0.6742224709701237,[0.0036955788896054953],[0.008791461431276777],0.0017997901346252,0.0036955788896054,0.8695302407980895,1.0,subjective raw,0.060715309367586165
q01_lifesat,top75,cash,1798,1798,5497,raw,subjective,numeric,ok,,150,0.0084719982939554,0.0095737185159147,-0.0102924899972374,0.0272364865851483,0.7830877146441028,1.0,0.3761984673271348,[0.008471998293955469],[0.009573718515914743],0.0041259622390717,0.0084719982939554,0.9771123683502926,1.0,subjective raw,0.010055489353591823
q02_safety,ordinal,cash,1798,1798,5497,raw,subjective,numeric,ok,,150,0.0280510617445831,0.0508399425568589,-0.0715952256668604,0.1276973491560267,0.3044307417920812,1.0,0.5811179844348617,[0.028051061744583182],[0.050839942556858975],0.0156554638065891,0.0280510617445831,1.0,1.0,subjective raw,-0.0
q02_safety,midpoint,cash,1798,1798,5497,raw,subjective,numeric,ok,,150,0.0062872325954196,0.0087188268890094,-0.0108016681070387,0.0233761332978781,0.5199995225106293,1.0,0.4708418856740561,[0.006287232595419676],[0.008718826889009415],0.0035089417733076,0.0062872325954196,0.8695302407980895,1.0,subjective raw,0.060715309367586165
q02_safety,top75,cash,1798,1798,5497,raw,subjective,numeric,ok,,150,0.0050460770222944,0.0095957828912333,-0.0137616574445228,0.0238538114891117,0.2765329736752686,1.0,0.5989826853756195,[0.005046077022294423],[0.009595782891233324],0.0028162454921353,0.0050460770222944,0.9771123683502926,1.0,subjective raw,0.010055489353591823
q03a_fair_dist,ordinal,cash,1798,1798,5497,raw,subjective,numeric,ok,,150,-0.0098512668646232,0.0496815765851228,-0.1072271569714641,0.0875246232422176,0.0393181820846718,1.0,0.8428196390141562,[-0.009851266864623247],[0.04968157658512289],-0.0039399928244833,-0.0098512668646232,1.0,1.0,subjective raw,-0.0
q03a_fair_dist,midpoint,cash,1798,1798,5497,raw,subjective,numeric,ok,,150,0.0030218401659715,0.0084337248460619,-0.0135082605323099,0.019551940864253,0.1283819959215745,1.0,0.7201155749061818,[0.003021840165971586],[0.008433724846061984],0.0012085784228847,0.0030218401659715,0.8695302407980895,1.0,subjective raw,0.060715309367586165
q03a_fair_dist,top75,cash,1798,1798,5497,raw,subjective,numeric,ok,,150,0.0079697896189168,0.009070851562025,-0.0098090794426522,0.0257486586804859,0.7719649717968022,1.0,0.3796098581977607,[0.007969789618916834],[0.009070851562025044],0.0031875000791966,0.0079697896189168,0.9771123683502926,1.0,subjective raw,0.010055489353591823
q03b_fair_opp,ordinal,cash,1798,1798,5497,raw,subjective,numeric,ok,,150,-0.0074515825075061,0.0494096086124929,-0.1042944153879924,0.08939125037298,0.0227443851801817,1.0,0.8801236908002092,[-0.007451582507506175],[0.04940960861249298],-0.0031515707299125,-0.0074515825075061,1.0,1.0,subjective raw,-0.0
q03b_fair_opp,midpoint,cash,1798,1798,5497,raw,subjective,numeric,ok,,150,0.002210474299027,0.0083881160161046,-0.014230233092538,0.018651181690592,0.0694451759197668,1.0,0.7921463222237171,[0.0022104742990270046],[0.008388116016104633],0.0009348975325737,0.002210474299027,0.9056432822820394,1.0,subjective raw,0.043042829964251454
q03b_fair_opp,top75,cash,1798,1798,5497,raw,subjective,numeric,ok,,150,0.0053130515224979,0.0090916373571796,-0.012506557697574,0.02313266074257,0.3415103309249375,1.0,0.5589587249741842,[0.0053130515224979954],[0.009091637357179628],0.0022471008873558,0.0053130515224979,0.9771123683502926,1.0,subjective raw,0.010055489353591823
q03c_fair_rule,ordinal,cash,1798,1798,5497,raw,subjective,numeric,ok,,150,0.005495747125698,0.0489655912290918,-0.0904768116833218,0.101468305934718,0.0125971261201601,1.0,0.910635556492532,[0.005495747125698076],[0.04896559122909181],0.0024140305927393,0.005495747125698,1.0,1.0,subjective raw,-0.0
q03c_fair_rule,midpoint,cash,1798,1798,5497,raw,subjective,numeric,ok,,150,0.0042030718373117,0.008282873801927,-0.0120313608144653,0.0204375044890888,0.2574966224061349,1.0,0.6118452485433317,[0.004203071837311731],[0.008282873801927082],0.0018462174053291,0.0042030718373117,0.8695302407980895,1.0,subjective raw,0.060715309367586165
q03c_fair_rule,top75,cash,1798,1798,5497,raw,subjective,numeric,ok,,150,0.0040823701264463,0.0090125969207079,-0.0135823198381413,0.0217470600910339,0.2051751966580541,1.0,0.6505756093436237,[0.004082370126446303],[0.009012596920707992],0.0017931986590221,0.0040823701264463,0.9771123683502926,1.0,subjective raw,0.010055489353591823
q04_trust_gov,ordinal,cash,1798,1798,5497,raw,subjective,numeric,ok,,150,0.0425510542876098,0.0508718528416099,-0.0571577772819456,0.1422598858571653,0.6996253525729534,1.0,0.4029096098444241,[0.042551054287609864],[0.05087185284160994],0.0208959174917451,0.0425510542876098,1.0,1.0,subjective raw,-0.0
q04_trust_gov,midpoint,cash,1798,1798,5497,raw,subjective,numeric,ok,,150,0.0092999437372555,0.0086884403676276,-0.0077293993832945,0.0263292868578057,1.1457160390783088,1.0,0.2844477315774203,[0.009299943737255584],[0.00868844036762763],0.0045670045141079,0.0092999437372555,0.8695302407980895,1.0,subjective raw,0.060715309367586165
q04_trust_gov,top75,cash,1798,1798,5497,raw,subjective,numeric,ok,,150,0.006541517862503,0.0096406961446398,-0.0123542465809909,0.0254372823059971,0.4604052564040669,1.0,0.4974346369616468,[0.006541517862503058],[0.009640696144639822],0.0032124002522175,0.006541517862503,0.9771123683502926,1.0,subjective raw,0.010055489353591823
q05_trust_soc,ordinal,cash,1798,1798,5497,raw,subjective,numeric,ok,,150,0.0371861059073988,0.0500760137110192,-0.0609628809661989,0.1353350927809966,0.5514446204243176,1.0,0.4577280231079623,[0.03718610590739887],[0.050076013711019295],0.0175541583654724,0.0371861059073988,1.0,1.0,subjective raw,-0.0
q05_trust_soc,midpoint,cash,1798,1798,5497,raw,subjective,numeric,ok,,150,0.0097363804643919,0.0085037886759199,-0.0069310453404111,0.026403806269195,1.3109017832012793,1.0,0.2522314475068123,[0.00973638046439191],[0.008503788675919947],0.0045961780726392,0.0097363804643919,0.8695302407980895,1.0,subjective raw,0.060715309367586165
q05_trust_soc,top75,cash,1798,1798,5497,raw,subjective,numeric,ok,,150,0.0132503641114532,0.0090482650691841,-0.0044842354241475,0.0309849636470541,2.144494790610094,1.0,0.1430821306224979,[0.013250364111453295],[0.009048265069184117],0.0062549972452572,0.0132503641114532,0.9771123683502926,1.0,subjective raw,0.010055489353591823
q06_socsec,ordinal,cash,1798,1798,5497,raw,subjective,numeric,ok,,150,0.0112237307698897,0.0511390179480287,-0.0890087444082467,0.1114562059480261,0.0481692310403107,1.0,0.8262801313585204,[0.01122373076988972],[0.05113901794802879],0.0051093893880113,0.0112237307698897,1.0,1.0,subjective raw,-0.0
q06_socsec,midpoint,cash,1798,1798,5497,raw,subjective,numeric,ok,,150,0.0046510762660995,0.0087537232728519,-0.0125062213486902,0.0218083738808892,0.2823067713255849,1.0,0.595193247852463,[0.004651076266099506],[0.008753723272851916],0.0021173137706218,0.0046510762660995,0.8695302407980895,1.0,subjective raw,0.060715309367586165
q06_socsec,top75,cash,1798,1798,5497,raw,subjective,numeric,ok,,150,0.0044653454770595,0.0097634536469162,-0.0146710236708962,0.0236017146250153,0.2091718285623017,1.0,0.6474172919935783,[0.004465345477059561],[0.009763453646916217],0.0020327633709371,0.0044653454770595,0.9771123683502926,1.0,subjective raw,0.010055489353591823
q07_emergfund,ordinal,cash,1798,1798,5497,raw,subjective,numeric,ok,,150,0.014834321814633,0.0522825356159238,-0.0876394479925777,0.1173080916218438,0.0805048617807799,1.0,0.7766144002024513,[0.014834321814633051],[0.05228253561592388],0.0059273270191032,0.014834321814633,1.0,1.0,subjective raw,-0.0
q07_emergfund,midpoint,cash,1798,1798,5497,raw,subjective,numeric,ok,,150,0.0051262190068805,0.0090841046437004,-0.0126786260947722,0.0229310641085334,0.3184417898827427,1.0,0.572545580287081,[0.005126219006880596],[0.009084104643700434],0.0020482753984311,0.0051262190068805,0.8695302407980895,1.0,subjective raw,0.060715309367586165
q07_emergfund,top75,cash,1798,1798,5497,raw,subjective,numeric,ok,,150,-0.0001560785957537,0.0104442589262911,-0.0206268260912843,0.0203146688997768,0.0002233219637458,1.0,0.98807688820146,[-0.0001560785957537697],[0.010444258926291129],-6.236408305517765e-05,-0.0001560785957537,1.0,1.0,subjective raw,-0.0
q08_support,ordinal,cash,1798,1798,5497,raw,subjective,numeric,ok,,150,-0.0328688425867533,0.051731380890686,-0.1342623491324979,0.0685246639589912,0.4037017947912659,1.0,0.5251836616965389,[-0.032868842586753336],[0.05173138089068602],-0.0152795566586837,-0.0328688425867533,1.0,1.0,subjective raw,-0.0
q08_support,midpoint,cash,1798,1798,5497,raw,subjective,numeric,ok,,150,-0.003611672493474,0.0088742454663313,-0.0210051936074834,0.0137818486205354,0.1656356622537583,1.0,0.684020022972347,[-0.0036116724934740123],[0.008874245466331334],-0.0016789381722521,-0.003611672493474,0.8695302407980895,1.0,subjective raw,0.060715309367586165
q08_support,top75,cash,1798,1798,5497,raw,subjective,numeric,ok,,150,-0.0028605483770097,0.0099513497121221,-0.0223651938127691,0.0166440970587497,0.0826294033093082,1.0,0.7737652500060991,[-0.0028605483770097013],[0.009951349712122182],-0.0013297672677723,-0.0028605483770097,0.9835998940755498,1.0,subjective raw,0.007181526702745718
q09_gain,ordinal,cash,1798,1798,5497,raw,subjective,numeric,ok,,150,-0.0414397912340438,0.0503523253089822,-0.1401303488396489,0.0572507663715612,0.677323361202062,1.0,0.4105099415567392,[-0.041439791234043837],[0.0503523253089822],-0.0188963374396257,-0.0414397912340438,1.0,1.0,subjective raw,-0.0
q09_gain,midpoint,cash,1798,1798,5497,raw,subjective,numeric,ok,,150,-0.0021404899730684,0.0084987963813707,-0.018798130880555,0.0145171509344181,0.0634324589235921,1.0,0.8011508140244014,[-0.002140489973068447],[0.00849879638137073],-0.0009760527167909,-0.0021404899730684,0.9056432822820394,1.0,subjective raw,0.043042829964251454
q09_gain,top75,cash,1798,1798,5497,raw,subjective,numeric,ok,,150,-0.0010524464104386,0.0092177735783767,-0.0191192826240571,0.0170143898031798,0.0130361068128592,1.0,0.9090984577822492,[-0.001052446410438633],[0.009217773578376776],-0.0004799102967592,-0.0010524464104386,1.0,1.0,subjective raw,-0.0
q10_effort,ordinal,cash,1798,1798,5497,raw,subjective,numeric,ok,,150,0.0243606169504059,0.0519944726860916,-0.0775485495143337,0.1262697834151456,0.2195139929969053,1.0,0.6394104810606364,[0.02436061695040594],[0.051994472686091676],0.0114820747184483,0.0243606169504059,1.0,1.0,subjective raw,-0.0
q10_effort,midpoint,cash,1798,1798,5497,raw,subjective,numeric,ok,,150,0.0060046515930923,0.0088932654755061,-0.0114261487388996,0.0234354519250843,0.4558827017515838,1.0,0.4995545108030571,[0.00600465159309233],[0.008893265475506127],0.0028302180683887,0.0060046515930923,0.8695302407980895,1.0,subjective raw,0.060715309367586165
q10_effort,top75,cash,1798,1798,5497,raw,subjective,numeric,ok,,150,0.004085723232499,0.0098879394019093,-0.0152946379952432,0.0234660844602413,0.1707364691304752,1.0,0.6794581120293492,[0.004085723232499034],[0.00988793940190933],0.0019257549810811,0.004085723232499,0.9771123683502926,1.0,subjective raw,0.010055489353591823
q11_mobility,ordinal,cash,1798,1798,5497,raw,subjective,numeric,ok,,150,-0.0004871352395451,0.0513128739041912,-0.1010603680917599,0.1000860976126696,9.012523648989148e-05,1.0,0.9924254515702504,[-0.00048713523954513837],[0.05131287390419123],-0.0002067886630616,-0.0004871352395451,1.0,1.0,subjective raw,-0.0
q11_mobility,midpoint,cash,1798,1798,5497,raw,subjective,numeric,ok,,150,0.0043711702465811,0.0087758312534313,-0.0128294590101442,0.0215717995033066,0.2480955162674782,1.0,0.6184192868367928,[0.0043711702465811806],[0.008775831253431355],0.0018555595611382,0.0043711702465811,0.8695302407980895,1.0,subjective raw,0.060715309367586165
q11_mobility,top75,cash,1798,1798,5497,raw,subjective,numeric,ok,,150,0.00419516091703,0.0097565372190645,-0.0149276520323365,0.0233179738663966,0.1848867706490011,1.0,0.6672068314161884,[0.0041951609170300655],[0.009756537219064597],0.0017808436896725,0.00419516091703,0.9771123683502926,1.0,subjective raw,0.010055489353591823
q12_voice,ordinal,cash,1798,1798,5497,raw,subjective,numeric,ok,,150,0.00199425871256,0.0492612551948465,-0.0945578014693391,0.0985463188944592,0.0016388984666574,1.0,0.9677078120548708,[0.001994258712560071],[0.049261255194846525],0.0008101561426367,0.00199425871256,1.0,1.0,subjective raw,-0.0
q12_voice,midpoint,cash,1798,1798,5497,raw,subjective,numeric,ok,,150,0.0037542361574177,0.0083859188721123,-0.0126821648319223,0.0201906371467578,0.2004203716089775,1.0,0.654381747933215,[0.0037542361574177154],[0.008385918872112303],0.0015251368664882,0.0037542361574177,0.8695302407980895,1.0,subjective raw,0.060715309367586165
q12_voice,top75,cash,1798,1798,5497,raw,subjective,numeric,ok,,150,0.0022356177076054,0.0091550140261538,-0.015708209783656,0.0201794451988669,0.0596316812133288,1.0,0.8070790330979917,[0.0022356177076054565],[0.009155014026153818],0.0009082068474851,0.0022356177076054,0.9874125868442348,1.0,subjective raw,0.005501340999255833
q13_pressure,ordinal,cash,1798,1798,5497,raw,subjective,numeric,ok,,150,-0.0005194352451939,0.050653993307463,-0.0998012621278215,0.0987623916374336,0.0001051563374906,1.0,0.9918181751947334,[-0.0005194352451939215],[0.05065399330746306],-0.0002460949073404,-0.0005194352451939,1.0,1.0,subjective raw,-0.0
q13_pressure,midpoint,cash,1798,1798,5497,raw,subjective,numeric,ok,,150,0.0029958437213647,0.0086029565165665,-0.0138659510511056,0.0198576384938351,0.1212670613837217,1.0,0.7276643017647667,[0.002995843721364761],[0.008602956516566515],0.0014193528256643,0.0029958437213647,0.8695302407980895,1.0,subjective raw,0.060715309367586165
q13_pressure,top75,cash,1798,1798,5497,raw,subjective,numeric,ok,,150,0.0033049423613306,0.0095604787035384,-0.0154335958976047,0.0220434806202659,0.1195001643642037,1.0,0.7295772350348849,[0.003304942361330644],[0.009560478703538445],0.001565795720838,0.0033049423613306,0.9771123683502926,1.0,subjective raw,0.010055489353591823
q14a_pr_income,ordinal,cash,1798,1798,5497,raw,subjective,binary,ok,,150,0.1046690965605363,0.0453040303605846,0.0158731970537903,0.1934649960672822,5.337811978264984,1.0,0.0208676492901143,[0.1046690965605363],[0.045304030360584654],0.2093418794926939,0.1046690965605363,1.0,1.0,subjective raw,-0.0
q14a_pr_income,midpoint,cash,1798,1798,5497,raw,subjective,binary,ok,,150,0.0123340568348607,0.00774594159621,-0.0028479886937109,0.0275161023634324,2.535499062957433,1.0,0.1113116873481535,[0.012334056834860755],[0.007745941596210048],0.0246685480664879,0.0123340568348607,0.8695302407980895,1.0,subjective raw,0.060715309367586165
q14a_pr_income,top75,cash,1798,1798,5497,raw,subjective,binary,ok,,150,0.0007545232648892,0.0083240606576576,-0.0155606356241196,0.0170696821538982,0.0082162718092702,1.0,0.927775744690653,[0.000754523264889282],[0.008324060657657622],0.0015090731035548,0.0007545232648892,1.0,1.0,subjective raw,-0.0
q14b_pr_housing,ordinal,cash,1798,1798,5497,raw,subjective,binary,ok,,150,-0.0097169126680317,0.0448888996792705,-0.097699156039402,0.0782653307033385,0.0468574530613159,1.0,0.8286246619408411,[-0.009716912668031773],[0.044888899679270566],-0.0199930146778556,-0.0097169126680317,1.0,1.0,subjective raw,-0.0
q14b_pr_housing,midpoint,cash,1798,1798,5497,raw,subjective,binary,ok,,150,0.0003118909396813,0.0076535888792326,-0.0146891432636145,0.0153129251429772,0.0016606390946874,1.0,0.9674944512074344,[0.0003118909396813437],[0.007653588879232601],0.0006417305936539,0.0003118909396813,1.0,1.0,subjective raw,-0.0
q14b_pr_housing,top75,cash,1798,1798,5497,raw,subjective,binary,ok,,150,0.0042362600636147,0.0081908489506004,-0.0118178038795621,0.0202903240067917,0.2674899028089608,1.0,0.6050205583936001,[0.004236260063614798],[0.008190848950600479],0.0087163086182414,0.0042362600636147,0.9771123683502926,1.0,subjective raw,0.010055489353591823
q14c_pr_work,ordinal,cash,1798,1798,5497,raw,subjective,binary,ok,,150,-0.0249391551419925,0.0453281141682957,-0.1137822589118522,0.0639039486278671,0.3027109783616061,1.0,0.5821878512020682,[-0.024939155141992526],[0.04532811416829577],-0.0500292241452621,-0.0249391551419925,1.0,1.0,subjective raw,-0.0
q14c_pr_work,midpoint,cash,1798,1798,5497,raw,subjective,binary,ok,,150,-0.0040987972433639,0.0077337074783301,-0.019256863900891,0.011059269414163,0.2808907181947026,1.0,0.5961180019903944,[-0.004098797243363986],[0.007733707478330111],-0.0082223974648186,-0.0040987972433639,0.8695302407980895,1.0,subjective raw,0.060715309367586165
q14c_pr_work,top75,cash,1798,1798,5497,raw,subjective,binary,ok,,150,0.0072099162194152,0.0082790860911857,-0.0090170925193088,0.0234369249581392,0.7583953106027348,1.0,0.3838311730645284,[0.007209916219415223],[0.008279086091185748],0.0144634616752645,0.0072099162194152,0.9771123683502926,1.0,subjective raw,0.010055489353591823
q14d_pr_edu,ordinal,cash,1798,1798,5497,raw,subjective,binary,ok,,150,-0.0414080165978627,0.0458644160937978,-0.1313022721417064,0.0484862389459809,0.815111686582438,1.0,0.3666132815447337,[-0.04140801659786275],[0.04586441609379781],-0.0860705066866321,-0.0414080165978627,1.0,1.0,subjective raw,-0.0
q14d_pr_edu,midpoint,cash,1798,1798,5497,raw,subjective,binary,ok,,150,-0.0067854715375555,0.0078388001135937,-0.0221495197601993,0.0085785766850881,0.7493088909835323,1.0,0.3866951282146864,[-0.006785471537555564],[0.007838800113593745],-0.0141042489191639,-0.0067854715375555,0.8695302407980895,1.0,subjective raw,0.060715309367586165
q14d_pr_edu,top75,cash,1798,1798,5497,raw,subjective,binary,ok,,150,-0.0018945877991533,0.0083811586495931,-0.0183216587523559,0.0145324831540492,0.0511000528285253,1.0,0.8211600372263665,[-0.0018945877991533074],[0.008381158649593164],-0.0039380812034318,-0.0018945877991533,0.9874125868442348,1.0,subjective raw,0.005501340999255833
q14e_pr_med,ordinal,cash,1798,1798,5497,raw,subjective,binary,ok,,150,-0.0644720712765341,0.045345555839476,-0.1533493607219072,0.0244052181688387,2.021500188727437,1.0,0.1550858566330092,[-0.06447207127653419],[0.04534555583947601],-0.1296944071493929,-0.0644720712765341,1.0,1.0,subjective raw,-0.0
q14e_pr_med,midpoint,cash,1798,1798,5497,raw,subjective,binary,ok,,150,-0.0117779751762209,0.0077435836527051,-0.0269553991355229,0.0033994487830811,2.3134348875716517,1.0,0.128260341560754,[-0.011777975176220928],[0.00774358365270512],-0.023693011216412,-0.0117779751762209,0.8695302407980895,1.0,subjective raw,0.060715309367586165
q14e_pr_med,top75,cash,1798,1798,5497,raw,subjective,binary,ok,,150,-0.0162764778718898,0.0083095872800457,-0.0325632689407794,1.0313196999876125e-05,3.836736349019525,1.0,0.0501410313221842,[-0.0162764778718898],[0.008309587280045754],-0.0327423659001209,-0.0162764778718898,0.9771123683502926,1.0,subjective raw,0.010055489353591823
q14f_pr_pension,ordinal,cash,1798,1798,5497,raw,subjective,binary,ok,,150,0.0766157678950002,0.0475622384923002,-0.0166062195499082,0.1698377553399088,2.5948469360063577,1.0,0.1072117966586024,[0.07661576789500028],[0.04756223849230029],0.1647059041994001,0.0766157678950002,1.0,1.0,subjective raw,-0.0
q14f_pr_pension,midpoint,cash,1798,1798,5497,raw,subjective,binary,ok,,150,0.0130404066805985,0.0081545407077441,-0.00294249310658,0.0290233064677771,2.557309317819727,1.0,0.1097852909599704,[0.013040406680598526],[0.008154540707744172],0.0280338112175475,0.0130404066805985,0.8695302407980895,1.0,subjective raw,0.060715309367586165
q14f_pr_pension,top75,cash,1798,1798,5497,raw,subjective,binary,ok,,150,0.0066747225775903,0.0088336246061417,-0.0106391816504475,0.0239886268056282,0.5709374887607639,1.0,0.449886623657611,[0.006674722577590386],[0.00883362460614179],0.0143490856729234,0.0066747225775903,0.9771123683502926,1.0,subjective raw,0.010055489353591823
q14g_pr_other,ordinal,cash,1798,1798,5497,raw,subjective,binary,ok,,150,0.0669158156500173,0.050626282616429,-0.0323116982781836,0.1661433295782184,1.747050559624768,1.0,0.1862479481308773,[0.06691581565001739],[0.05062628261642908],0.5621885038988558,0.0669158156500173,1.0,1.0,subjective raw,-0.0
q14g_pr_other,midpoint,cash,1798,1798,5497,raw,subjective,binary,ok,,150,0.0122661911766275,0.0084990520104147,-0.0043919507637852,0.0289243331170403,2.082948270383427,1.0,0.1489522339248963,[0.01226619117662756],[0.008499052010414704],0.1030535397220971,0.0122661911766275,0.8695302407980895,1.0,subjective raw,0.060715309367586165
q14g_pr_other,top75,cash,1798,1798,5497,raw,subjective,binary,ok,,150,0.0182158731338181,0.0092670291677927,5.249596494429423e-05,0.0363792503026919,3.863838147581954,1.0,0.0493373422156833,[0.018215873133818113],[0.009267029167792765],0.1530393729021205,0.0182158731338181,0.9771123683502926,1.0,subjective raw,0.010055489353591823
q14h_pr_none,ordinal,cash,1798,1798,5497,raw,subjective,binary,ok,,150,-0.0935231732077576,0.0576000278786033,-0.2064192278498203,0.0193728814343049,2.6362893820226256,1.0,0.1044472359316627,[-0.09352317320775769],[0.05760002787860337],-0.6997280040988663,-0.0935231732077576,1.0,1.0,subjective raw,-0.0
q14h_pr_none,midpoint,cash,1798,1798,5497,raw,subjective,binary,ok,,150,-0.0174536334050706,0.0103657403901066,-0.0377704845696795,0.0028632177595383,2.835117379092847,1.0,0.09222406228394,[-0.01745363340507062],[0.0103657403901066],-0.1305857751391001,-0.0174536334050706,0.8695302407980895,1.0,subjective raw,0.060715309367586165
q14h_pr_none,top75,cash,1798,1798,5497,raw,subjective,binary,ok,,150,-0.0181349025248224,0.0135415633417998,-0.0446763666747502,0.0084065616251052,1.7934647291653507,1.0,0.1805045895160457,[-0.018134902524822492],[0.013541563341799862],-0.1356829405267543,-0.0181349025248224,0.9771123683502926,1.0,subjective raw,0.010055489353591823
q15_fut_self,ordinal,cash,1798,1798,5497,raw,subjective,numeric,ok,,150,-0.0464906126737717,0.0497528764818926,-0.1440062505782813,0.0510250252307379,0.8731606382856363,1.0,0.3500817939344335,[-0.046490612673771706],[0.049752876481892666],-0.0225366431378402,-0.0464906126737717,1.0,1.0,subjective raw,-0.0
q15_fut_self,midpoint,cash,1798,1798,5497,raw,subjective,numeric,ok,,150,-0.0051242692045773,0.0084541583744278,-0.0216944196184559,0.0114458812093011,0.367386434440261,1.0,0.544432343268703,[-0.005124269204577373],[0.008454158374427836],-0.0024840246183921,-0.0051242692045773,0.8695302407980895,1.0,subjective raw,0.060715309367586165
q15_fut_self,top75,cash,1798,1798,5497,raw,subjective,numeric,ok,,150,-0.0057674941198285,0.0092690985796921,-0.0239349273360252,0.0123999390963681,0.3871678784956863,1.0,0.5337918543120894,[-0.005767494119828567],[0.00926909857969218],-0.0027958323046901,-0.0057674941198285,0.9771123683502926,1.0,subjective raw,0.010055489353591823
q16_fut_society,ordinal,cash,1798,1798,5497,raw,subjective,numeric,ok,,150,-0.047932807428074,0.0484299782047004,-0.1428555647092868,0.0469899498531387,0.9795738558729226,1.0,0.3223040369281272,[-0.04793280742807404],[0.048429978204700415],-0.0233182552441784,-0.047932807428074,1.0,1.0,subjective raw,-0.0
q16_fut_society,midpoint,cash,1798,1798,5497,raw,subjective,numeric,ok,,150,-0.0029160145601356,0.0082314090593285,-0.0190495763164196,0.0132175471961482,0.1254963247531163,1.0,0.7231480849794385,[-0.0029160145601356546],[0.008231409059328546],-0.0014185768674412,-0.0029160145601356,0.8695302407980895,1.0,subjective raw,0.060715309367586165
q16_fut_society,top75,cash,1798,1798,5497,raw,subjective,numeric,ok,,150,-0.005404871108889,0.0090594711132811,-0.0231614344909201,0.0123516922731419,0.3559303275755056,1.0,0.5507751610058789,[-0.005404871108889055],[0.009059471113281148],-0.002629350769159,-0.005404871108889,0.9771123683502926,1.0,subjective raw,0.010055489353591823
q17a_fut_econ,ordinal,cash,1798,1798,5497,raw,subjective,numeric,ok,,150,0.0311793650316649,0.0487140571172041,-0.0643001869180551,0.1266589169813851,0.4096622359428108,1.0,0.5221409908336697,[0.031179365031664977],[0.04871405711720415],0.0148138685416516,0.0311793650316649,1.0,1.0,subjective raw,-0.0
q17a_fut_econ,midpoint,cash,1798,1798,5497,raw,subjective,numeric,ok,,150,0.0099571033319781,0.0083392000897062,-0.0063877288438459,0.0263019355078023,1.4256641849273597,1.0,0.2324733512163958,[0.009957103331978176],[0.008339200089706207],0.0047307961424412,0.0099571033319781,0.8695302407980895,1.0,subjective raw,0.060715309367586165
q17a_fut_econ,top75,cash,1798,1798,5497,raw,subjective,numeric,ok,,150,0.0111030061898296,0.0094034215699246,-0.0073277000872226,0.029533712466882,1.3941495104710706,1.0,0.237705594714464,[0.01110300618982968],[0.009403421569924672],0.0052752348851954,0.0111030061898296,0.9771123683502926,1.0,subjective raw,0.010055489353591823
q17b_fut_job,ordinal,cash,1798,1798,5497,raw,subjective,numeric,ok,,150,0.0242615282366777,0.0491697992239065,-0.0721112782421791,0.1206343347155346,0.243466626104179,1.0,0.6217134700022581,[0.024261528236677782],[0.04916979922390659],0.0108053306070604,0.0242615282366777,1.0,1.0,subjective raw,-0.0
q17b_fut_job,midpoint,cash,1798,1798,5497,raw,subjective,numeric,ok,,150,0.0077132123246553,0.0084043156842328,-0.008759246416441,0.0241856710657517,0.8422981734099082,1.0,0.3587403182532996,[0.007713212324655338],[0.00840431568423285],0.003435225036004,0.0077132123246553,0.8695302407980895,1.0,subjective raw,0.060715309367586165
q17b_fut_job,top75,cash,1798,1798,5497,raw,subjective,numeric,ok,,150,0.0045033974334725,0.0094375018755436,-0.0139941062425929,0.0230009011095381,0.2277017928177755,1.0,0.6332331753371157,[0.004503397433472582],[0.00943750187554365],0.0020056732473305,0.0045033974334725,0.9771123683502926,1.0,subjective raw,0.010055489353591823
q17c_fut_price,ordinal,cash,1798,1798,5497,raw,subjective,numeric,ok,,150,0.0189083656771363,0.0485488763696155,-0.0762474320073101,0.1140641633615828,0.1516874392066417,1.0,0.6969279686467824,[0.01890836567713635],[0.04854887636961557],0.008398322539624,0.0189083656771363,1.0,1.0,subjective raw,-0.0
q17c_fut_price,midpoint,cash,1798,1798,5497,raw,subjective,numeric,ok,,150,0.0087723140895382,0.0083369710377275,-0.0075681491444078,0.0251127773234843,1.107163501568937,1.0,0.2926993724868735,[0.008772314089538222],[0.008336971037727596],0.0038963030650456,0.0087723140895382,0.8695302407980895,1.0,subjective raw,0.060715309367586165
q17c_fut_price,top75,cash,1798,1798,5497,raw,subjective,numeric,ok,,150,0.0124073559985817,0.0094185931873392,-0.0060530866486031,0.0308677986457666,1.7353473173880003,1.0,0.1877294338255061,[0.012407355998581754],[0.009418593187339222],0.0055108399805292,0.0124073559985817,0.9771123683502926,1.0,subjective raw,0.010055489353591823
q17d_fut_fair,ordinal,cash,1798,1798,5497,raw,subjective,numeric,ok,,150,0.0108895857997038,0.0492400539368172,-0.0856209199164579,0.1074000915158656,0.0489086507691066,1.0,0.8249733013196515,[0.01088958579970385],[0.049240053936817234],0.0047543946795626,0.0108895857997038,1.0,1.0,subjective raw,-0.0
q17d_fut_fair,midpoint,cash,1798,1798,5497,raw,subjective,numeric,ok,,150,0.0059979397554634,0.0084162525069158,-0.0104979151580917,0.0224937946690185,0.5078865184978496,1.0,0.4760552000877432,[0.0059979397554634235],[0.008416252506915887],0.0026187013341212,0.0059979397554634,0.8695302407980895,1.0,subjective raw,0.060715309367586165
q17d_fut_fair,top75,cash,1798,1798,5497,raw,subjective,numeric,ok,,150,0.0052266470628053,0.0092622437426059,-0.0129273506727023,0.023380644798313,0.3184299716958548,1.0,0.5725527055754867,[0.005226647062805344],[0.009262243742605992],0.0022819548368891,0.0052266470628053,0.9771123683502926,1.0,subjective raw,0.010055489353591823
q17e_fut_welfare,ordinal,cash,1798,1798,5497,raw,subjective,numeric,ok,,150,0.030771930926799,0.0513102698926519,-0.0697961980627987,0.1313400599163968,0.3596672544582844,1.0,0.5486910919351538,[0.030771930926799057],[0.051310269892651944],0.0142885697077993,0.030771930926799,1.0,1.0,subjective raw,-0.0
q17e_fut_welfare,midpoint,cash,1798,1798,5497,raw,subjective,numeric,ok,,150,0.0096461704038294,0.0088817324335816,-0.0077620251659905,0.0270543659736494,1.1795449290979758,1.0,0.2774486584095193,[0.009646170403829459],[0.008881732433581643],0.0044790812301087,0.0096461704038294,0.8695302407980895,1.0,subjective raw,0.060715309367586165
q17e_fut_welfare,top75,cash,1798,1798,5497,raw,subjective,numeric,ok,,150,0.0086070984328549,0.0100547618055961,-0.0111002347061135,0.0283144315718233,0.7327738556151201,1.0,0.3919855489150564,[0.00860709843285492],[0.010054761805596155],0.0039966008708486,0.0086070984328549,0.9771123683502926,1.0,subjective raw,0.010055489353591823
q18_ses_now,ordinal,cash,1798,1798,5497,raw,subjective,numeric,ok,,150,0.0183756507280844,0.0488833425045862,-0.0774357005809046,0.1141870020370736,0.1413069969311306,1.0,0.7069851223022925,[0.018375650728084496],[0.048883342504586286],0.0086262761085861,0.0183756507280844,1.0,1.0,subjective raw,-0.0
q18_ses_now,midpoint,cash,1798,1798,5497,raw,subjective,numeric,ok,,150,0.0076665688422888,0.0082485219839308,-0.0085005342462156,0.0238336719307934,0.8638728142775702,1.0,0.3526571766706203,[0.007666568842288898],[0.00824852198393087],0.0035989985126345,0.0076665688422888,0.8695302407980895,1.0,subjective raw,0.060715309367586165
q18_ses_now,top75,cash,1798,1798,5497,raw,subjective,numeric,ok,,150,0.0075030940273578,0.008940135956896,-0.0100195724481584,0.025025760502874,0.7043565072590334,1.0,0.4013237051829477,[0.007503094027357824],[0.008940135956896056],0.0035222568009388,0.0075030940273578,0.9771123683502926,1.0,subjective raw,0.010055489353591823
q19_ses_past5,ordinal,cash,1798,1798,5497,raw,subjective,numeric,ok,,150,0.0418400114715494,0.0494011229697671,-0.0549861895491941,0.1386662124922929,0.7173150573482059,1.0,0.3970260336905762,[0.04184001147154942],[0.049401122969767106],0.0195608627729506,0.0418400114715494,1.0,1.0,subjective raw,-0.0
q19_ses_past5,midpoint,cash,1798,1798,5497,raw,subjective,numeric,ok,,150,0.009237493915996,0.0083722839489452,-0.0071721826239366,0.0256471704559288,1.2173639377510752,1.0,0.2698786013207449,[0.009237493915996096],[0.00837228394894527],0.004318673549591,0.009237493915996,0.8695302407980895,1.0,subjective raw,0.060715309367586165
q19_ses_past5,top75,cash,1798,1798,5497,raw,subjective,numeric,ok,,150,0.0052765887026151,0.0092067197824764,-0.0127685820710387,0.0233217594762689,0.3284707003053546,1.0,0.566560985728934,[0.005276588702615112],[0.00920671978247644],0.0024668881267238,0.0052765887026151,0.9771123683502926,1.0,subjective raw,0.010055489353591823
q20_ses_next1,ordinal,cash,1798,1798,5497,raw,subjective,numeric,ok,,150,-0.0021767398155092,0.0490289000882804,-0.0982733839885389,0.0939199043575204,0.0019711003792517,1.0,0.9645878921698464,[-0.00217673981550925],[0.04902890008828045],-0.0010528115668242,-0.0021767398155092,1.0,1.0,subjective raw,-0.0
q20_ses_next1,midpoint,cash,1798,1798,5497,raw,subjective,numeric,ok,,150,0.0036296516864951,0.0083042749254769,-0.0126467271674397,0.01990603054043,0.1910409477352811,1.0,0.6620516543171056,[0.003629651686495173],[0.008304274925476996],0.0017555333218322,0.0036296516864951,0.8695302407980895,1.0,subjective raw,0.060715309367586165
q20_ses_next1,top75,cash,1798,1798,5497,raw,subjective,numeric,ok,,150,0.000259863099914,0.0089868765552223,-0.0173544149483217,0.0178741411481497,0.0008361259016426,1.0,0.9769317110495492,[0.00025986309991401536],[0.008986876555222323],0.0001256865314958,0.000259863099914,1.0,1.0,subjective raw,-0.0
q21_order,ordinal,cash,1798,1798,5497,raw,subjective,numeric,ok,,150,-0.0079745315214956,0.0482698991080398,-0.1025835337732538,0.0866344707302624,0.027293395970316,1.0,0.8687809530536028,[-0.00797453152149569],[0.048269899108039874],-0.004091656645631,-0.0079745315214956,1.0,1.0,subjective raw,-0.0
q21_order,midpoint,cash,1798,1798,5497,raw,subjective,numeric,ok,,150,0.0016749527328157,0.0082535318313636,-0.014501969656657,0.0178518751222884,0.0411837084133388,1.0,0.8391837302067697,[0.0016749527328157132],[0.008253531831363656],0.0008594023939675,0.0016749527328157,0.9199826046598968,1.0,subjective raw,0.03622038436274974
q21_order,top75,cash,1798,1798,5497,raw,subjective,numeric,ok,,150,-0.0031952813302352,0.0091451386014859,-0.0211197529891476,0.014729190328677,0.1220780602239072,1.0,0.7267915037120958,[-0.0031952813302352865],[0.0091451386014859],-0.0016394686075635,-0.0031952813302352,0.9771123683502926,1.0,subjective raw,0.010055489353591823
q22_vitality,ordinal,cash,1798,1798,5497,raw,subjective,numeric,ok,,150,0.0096825289918475,0.0492073613270426,-0.0867638992091559,0.106128957192851,0.038718404936656,1.0,0.8440075842552813,[0.009682528991847565],[0.04920736132704262],0.004607444565732,0.0096825289918475,1.0,1.0,subjective raw,-0.0
q22_vitality,midpoint,cash,1798,1798,5497,raw,subjective,numeric,ok,,150,0.0033746091266881,0.0084306685539912,-0.0131495012391347,0.0198987194925109,0.1602222853969426,1.0,0.6889519464915246,[0.003374609126688105],[0.008430668553991235],0.0016058123342899,0.0033746091266881,0.8695302407980895,1.0,subjective raw,0.060715309367586165
q22_vitality,top75,cash,1798,1798,5497,raw,subjective,numeric,ok,,150,-0.0029103404708401,0.0095830573999979,-0.0216931329748361,0.0158724520331558,0.0922315311004972,1.0,0.7613591661488496,[-0.002910340470840161],[0.009583057399997963],-0.0013848894641155,-0.0029103404708401,0.9835998940755498,1.0,subjective raw,0.007181526702745718
q23_hukou,ordinal,cash,1798,1798,5497,raw,objective,categorical,ok,,150,,,,,1.106127584447718,2.0,0.5751848611373747,"[0.06453016160320767, 0.3439772060165473]","[0.09154604142798535, 0.4011521890433249]",,,1.0,1.0,objective raw,-0.0
q23_hukou,midpoint,cash,1798,1798,5497,raw,objective,categorical,ok,,150,,,,,1.4061770061128458,2.0,0.4950539645531018,"[0.003915848890744471, 0.07606689849804629]","[0.015626537622815604, 0.06442181458071365]",,,0.8695302407980895,1.0,objective raw,0.060715309367586165
q23_hukou,top75,cash,1798,1798,5497,raw,objective,categorical,ok,,150,,,,,2.881446455491127,2.0,0.2367564679019373,"[-0.01093309845914091, 0.10068300315980697]","[0.016730151063738454, 0.06799558560388826]",,,0.9771123683502926,1.0,objective raw,0.010055489353591823
q24_workstat,ordinal,cash,1798,1798,5497,raw,objective,categorical,ok,,150,,,,,2.313382924401112,4.0,0.6783335534579393,"[0.26174201028631716, 0.08351564451106747, -0.06371600615664122, 0.13953953393291743]","[0.21318831178119102, 0.15094519230930173, 0.1344557999527184, 0.3180375971267116]",,,1.0,1.0,objective raw,-0.0
q24_workstat,midpoint,cash,1798,1798,5497,raw,objective,categorical,ok,,150,,,,,2.720903605642097,4.0,0.605561737357522,"[0.04390595979766903, 0.015499778450356615, -0.013516763581052414, 0.028848802229985877]","[0.034994687956069956, 0.025121447665702262, 0.022703466425678456, 0.05547808208081206]",,,0.8695302407980895,1.0,objective raw,0.060715309367586165
q24_workstat,top75,cash,1798,1798,5497,raw,objective,categorical,ok,,150,,,,,1.734939286984066,4.0,0.7843615056536393,"[-0.0016095465470184808, 0.022628905196814344, -0.009800070695254674, 0.05272810543718433]","[0.03198505574414955, 0.024932289658411946, 0.025150354460911, 0.06596086424438981]",,,0.9872623895323426,1.0,objective raw,0.0055674074300939794
q25_unittype,ordinal,cash,1798,1798,5497,raw,objective,categorical,ok,,150,,,,,4.707045117397588,7.0,0.695663266818584,"[0.1026186539152783, 0.21554470145072172, 0.33424720513321193, 0.16347341469967067, 0.3350469200747317, 0.07604968622630554, 0.20334077041394116]","[0.1880277803638903, 0.15567584442293017, 0.18166024245465606, 0.17190135664764983, 0.26507479850347077, 0.230959669353004, 0.24708442470843583]",,,1.0,1.0,objective raw,-0.0
q25_unittype,midpoint,cash,1798,1798,5497,raw,objective,categorical,ok,,150,,,,,4.3367459220882205,7.0,0.7402760467660174,"[0.028654569758356088, 0.034153687246753384, 0.057954461387567595, 0.029441241057014195, 0.04769498999542307, 0.006541070616914106, 0.025238162104953846]","[0.03267520208967271, 0.026922141124102586, 0.03097165959529928, 0.029169892340412725, 0.045744740305729774, 0.03993367465789204, 0.043345010097858544]",,,0.8743417875189182,1.0,objective raw,0.05831876482881589
q25_unittype,top75,cash,1798,1798,5497,raw,objective,categorical,ok,,150,,,,,0.9488395233948456,7.0,0.9956121527243535,"[0.008355500633156172, -0.0031562937409698177, 0.01336525550030248, -0.00492737874644385, 0.010760731530931492, -0.019643100047609333, 0.000879577802654713]","[0.03597488633452219, 0.02943997094913238, 0.033444173662494026, 0.030586480202823826, 0.049470608929955265, 0.04512551863416653, 0.05007240108882722]",,,1.0,1.0,objective raw,-0.0
q26_housing,ordinal,cash,1798,1798,5497,raw,objective,categorical,ok,,150,,,,,0.8115204963378336,2.0,0.6664699356591939,"[-0.08456187103367496, 0.029724050874007323]","[0.09901971823176398, 0.20239283098917768]",,,1.0,1.0,objective raw,-0.0
q26_housing,midpoint,cash,1798,1798,5497,raw,objective,categorical,ok,,150,,,,,0.319796387532225,2.0,0.8522305469322726,"[-0.009285839667728401, -5.639836656277583e-05]","[0.016626180480229624, 0.035420656412066466]",,,0.9199826046598968,1.0,objective raw,0.03622038436274974
q26_housing,top75,cash,1798,1798,5497,raw,objective,categorical,ok,,150,,,,,0.0271641944922707,2.0,0.9865097232615592,"[0.002630112839890757, 0.003732780314346082]","[0.01777777716645962, 0.03941047873192351]",,,1.0,1.0,objective raw,-0.0
q27_minorchild,ordinal,cash,1798,1798,5497,raw,objective,categorical,ok,,150,-0.1206546153510041,0.090940711298507,-0.298898409496078,0.0575891787940696,1.7602371614495944,1.0,0.1845949369763245,[-0.12065461535100419],[0.09094071129850707],,,1.0,1.0,objective raw,-0.0
q27_minorchild,midpoint,cash,1798,1798,5497,raw,objective,categorical,ok,,150,-0.0237921522241825,0.0154734383393485,-0.0541200913693056,0.0065357869209405,2.3642522032608,1.0,0.1241433890443274,[-0.023792152224182524],[0.015473438339348524],,,0.8695302407980895,1.0,objective raw,0.060715309367586165
q27_minorchild,top75,cash,1798,1798,5497,raw,objective,categorical,ok,,150,-0.0256310423275276,0.0165795667355312,-0.058126993129169,0.0068649084741136,2.389935505409547,1.0,0.1221186667289237,[-0.02563104232752769],[0.01657956673553129],,,0.9771123683502926,1.0,objective raw,0.010055489353591823
q28_hhsize,ordinal,cash,1798,1798,5497,raw,objective,categorical,ok,,150,,,,,3.759202170701837,5.0,0.5845789732780104,"[0.031348227871590806, -0.007090547126953173, 0.1527471937373261, 0.2080373624403699, -0.17375037487352418]","[0.16481530851774776, 0.14439339470895854, 0.16188821715522628, 0.1952583382648414, 0.26867240019703836]",,0.0079782961858822,1.0,1.0,objective raw,-0.0
q28_hhsize,midpoint,cash,1798,1798,5497,raw,objective,categorical,ok,,150,,,,,3.930191112972091,5.0,0.5595099523719397,"[0.0030157268749584714, 0.0030250386113154807, 0.0233320937871703, 0.03826184835953442, -0.043296026410715616]","[0.027038582916393272, 0.02329671096674759, 0.026490871687975683, 0.03337016538120939, 0.0462406445665319]",,0.0002841699426119,0.8695302407980895,1.0,objective raw,0.060715309367586165
q28_hhsize,top75,cash,1798,1798,5497,raw,objective,categorical,ok,,150,,,,,2.411167468868328,5.0,0.7898099116258741,"[-0.0015703507652569618, 0.0022584429683503333, 0.017710693063133442, 0.03081852850264321, -0.045364776463267975]","[0.026961926293445296, 0.022710728121096986, 0.027423730042716556, 0.036062380263894765, 0.05225897967473027]",,-0.0008631118899076,0.9872623895323426,1.0,objective raw,0.0055674074300939794
q29_foodexp,ordinal,cash,1798,1798,5497,raw,objective,categorical,ok,,150,,,,,4.773585718010287,5.0,0.444132318625708,"[0.2214520615258283, 0.36349315709928715, 0.2645678189709991, 0.30674303067771647, -0.05399464847215076]","[0.2530423212118019, 0.24242543816063583, 0.24684424530640386, 0.269422319792208, 0.35019083128829714]",,0.049075285690682,1.0,1.0,objective raw,-0.0
q29_foodexp,midpoint,cash,1798,1798,5497,raw,objective,categorical,ok,,150,,,,,7.660184263736389,5.0,0.1759847270300657,"[0.04133129601511897, 0.07283534287051477, 0.04595712439477587, 0.06459437994047802, -0.019294542631762793]","[0.0416298020758601, 0.0398452322585177, 0.04075107829551245, 0.04512551695591067, 0.06209833203241702]",,0.0088505120280649,0.8695302407980895,1.0,objective raw,0.060715309367586165
q29_foodexp,top75,cash,1798,1798,5497,raw,objective,categorical,ok,,150,,,,,9.764933466859436,5.0,0.0821764234941047,"[0.030532110917696163, 0.07035231133374381, 0.02851802554139026, 0.04668260492557369, -0.05137516719492762]","[0.044785759022580196, 0.0427801472235596, 0.04409115954152124, 0.04986977153787986, 0.07320674622277022]",,0.0033935526170365,0.9771123683502926,1.0,objective raw,0.010055489353591823
q30_medexp,ordinal,cash,1798,1798,5497,raw,objective,categorical,ok,,150,,,,,7.641849106340404,5.0,0.1771099936073814,"[0.3362214303142239, 0.5434211342848387, 0.6037049826328903, 0.5301914422770542, 0.022454002109456417]","[0.42720783664934464, 0.4218570491346975, 0.42479119684125904, 0.44211304067808654, 0.5669799986406782]",,0.0994038986625103,1.0,1.0,objective raw,-0.0
q30_medexp,midpoint,cash,1798,1798,5497,raw,objective,categorical,ok,,150,,,,,6.796705828771997,5.0,0.236203894094963,"[0.06469394154888986, 0.09225060943491079, 0.10016052319455812, 0.09892649266923591, -0.016479608578460387]","[0.07739939356976014, 0.07670885142786908, 0.07712204994444113, 0.08017446703830915, 0.10165318629408282]",,0.0156906301415823,0.8695302407980895,1.0,objective raw,0.060715309367586165
q30_medexp,top75,cash,1798,1798,5497,raw,objective,categorical,ok,,150,,,,,3.502891708562408,5.0,0.6229501206246382,"[0.08519006353152012, 0.0886943290047962, 0.0853695047217507, 0.09154616046057851, -0.03728583147779241]","[0.09395900695714711, 0.09361163391040588, 0.0937432667531052, 0.09738622251367188, 0.120281643840238]",,0.0126989585483584,0.9771123683502926,1.0,objective raw,0.010055489353591823
q31_gotsubsidy,ordinal,cash,1798,1798,5497,raw,objective,categorical,ok,,150,,,,,4.252442625952443,2.0,0.119287192269965,"[0.1821417383692779, -0.049366295561528176]","[0.09591401305651129, 0.15982018342214796]",,,1.0,1.0,objective raw,-0.0
q31_gotsubsidy,midpoint,cash,1798,1798,5497,raw,objective,categorical,ok,,150,,,,,2.1268606366920766,2.0,0.3452693926663192,"[0.021426697673138675, -0.007833131488694633]","[0.016420110854435264, 0.027201341118534717]",,,0.8695302407980895,1.0,objective raw,0.060715309367586165
q31_gotsubsidy,top75,cash,1798,1798,5497,raw,objective,categorical,ok,,150,,,,,1.1886443411709058,2.0,0.5519365579360309,"[-0.00505733920501094, 0.027175917396368977]","[0.017660515638005848, 0.028984567108667186]",,,0.9771123683502926,1.0,objective raw,0.010055489353591823
q41_gender,ordinal,cash,1798,1798,5497,raw,objective,categorical,ok,,150,-0.0633526141932706,0.0911858776261105,-0.2420769343404473,0.1153717059539061,0.4826962402172201,1.0,0.4872035622487116,[-0.06335261419327061],[0.09118587762611056],,,1.0,1.0,objective raw,-0.0
q41_gender,midpoint,cash,1798,1798,5497,raw,objective,categorical,ok,,150,-0.0153616568667778,0.0155753183747116,-0.0458892808812127,0.015165967147657,0.9727522733837564,1.0,0.3239947277841585,[-0.015361656866777854],[0.015575318374711667],,,0.8695302407980895,1.0,objective raw,0.060715309367586165
q41_gender,top75,cash,1798,1798,5497,raw,objective,categorical,ok,,150,-0.0093679536535181,0.0167207632814194,-0.0421406496851003,0.0234047423780639,0.3138898480821747,1.0,0.5753029707752569,[-0.009367953653518198],[0.016720763281419453],,,0.9771123683502926,1.0,objective raw,0.010055489353591823
q42_age,ordinal,cash,1798,1798,5497,raw,objective,numeric,ok,,150,0.0448908991064832,0.0449748809122956,-0.0432598674816162,0.1330416656945828,0.9962688774577816,1.0,0.3182150177072378,[0.04489089910648325],[0.044974880912295685],0.0047766011426751,0.0448908991064832,1.0,1.0,objective raw,-0.0
q42_age,midpoint,cash,1798,1798,5497,raw,objective,numeric,ok,,150,0.0088465593531467,0.0075753049409376,-0.006001038331091,0.0236941570373846,1.3637932966810646,1.0,0.242881150513869,[0.008846559353146778],[0.007575304940937665],0.0009413151965334,0.0088465593531467,0.8695302407980895,1.0,objective raw,0.060715309367586165
q42_age,top75,cash,1798,1798,5497,raw,objective,numeric,ok,,150,0.004503540818159,0.0079908933653947,-0.0111586101780146,0.0201656918143328,0.3176270903343188,1.0,0.5730371784767477,[0.004503540818159063],[0.007990893365394772],0.00047919775826,0.004503540818159,0.9771123683502926,1.0,objective raw,0.010055489353591823
q43_edu,ordinal,cash,1798,1798,5497,raw,objective,categorical,ok,,150,,,,,1.2141355039996289,4.0,0.8757658611311241,"[0.06170114321832809, 0.07225687853822578, 0.03607432896887092, -0.20096710050614577]","[0.2902615289887057, 0.28224235805853853, 0.2766473070233695, 0.3605466756308422]",,-0.0163143504941063,1.0,1.0,objective raw,-0.0
q43_edu,midpoint,cash,1798,1798,5497,raw,objective,categorical,ok,,150,,,,,1.6321434279909164,4.0,0.803003710290075,"[0.033165480180420696, 0.028784825353115728, 0.01964871453444553, -0.013600415762834345]","[0.050495660737341054, 0.049207609747508846, 0.04851452842886906, 0.06214497366874454]",,0.003175987047955,0.9056432822820394,1.0,objective raw,0.043042829964251454
q43_edu,top75,cash,1798,1798,5497,raw,objective,categorical,ok,,150,,,,,2.357555152255623,4.0,0.6703109287405236,"[0.04796398474615887, 0.031439601961930394, 0.031118618464109335, -0.011749819233550209]","[0.05835977980724864, 0.05744818271552568, 0.05709805314030048, 0.06864622512181945]",,0.0052399922376048,0.9771123683502926,1.0,objective raw,0.010055489353591823
q44_industry,ordinal,cash,1798,1798,5497,raw,objective,categorical,nonestimable,sparse category/form: N<3 or fewer than two amounts,150,,,,,,,,,,,,,,objective raw,
q44_industry,midpoint,cash,1798,1798,5497,raw,objective,categorical,nonestimable,sparse category/form: N<3 or fewer than two amounts,150,,,,,,,,,,,,,,objective raw,
q44_industry,top75,cash,1798,1798,5497,raw,objective,categorical,nonestimable,sparse category/form: N<3 or fewer than two amounts,150,,,,,,,,,,,,,,objective raw,
q45_occup,ordinal,cash,1798,1798,5497,raw,objective,categorical,ok,,150,,,,,10.545231299040362,12.0,0.5682406292110653,"[-0.04419553725321564, -0.04271053638555027, 0.102889859617349, 0.3104892025212101, 0.2479924598073887, 0.08279382351351255, -0.021571985310016827, 0.3149864511880236, 0.5528951090608442, 0.21252896364286286, -0.09115954161632364, -0.3757623262191081]","[0.26803671660023953, 0.17199622526113467, 0.14841323626865807, 0.19759709427658895, 0.20349194876850657, 0.21298786780118528, 0.2514127153705324, 0.21056487025032114, 0.32612055829775727, 0.46321557665007507, 0.5478880823513598, 0.45803496405099053]",,,1.0,1.0,objective raw,-0.0
q45_occup,midpoint,cash,1798,1798,5497,raw,objective,categorical,ok,,150,,,,,11.964482967750278,12.0,0.4485362745141624,"[-0.0007455761960550552, -0.003221190789888164, 0.026587279007135256, 0.06026305269373976, 0.05151382627546609, 0.03704733244722295, 0.005166013513399393, 0.04746076839516816, 0.0994280297592603, 0.04099905711614811, -0.057689683980969866, -0.045327890369176296]","[0.0459768978420389, 0.029467501989342823, 0.02512663276885189, 0.03429684482481759, 0.03473262773036052, 0.035123862430177365, 0.042570361757958336, 0.035055832650262415, 0.048161604505251907, 0.07906864068168162, 0.08996456882446505, 0.08083797903189846]",,,0.8695302407980895,1.0,objective raw,0.060715309367586165
q45_occup,top75,cash,1798,1798,5497,raw,objective,categorical,ok,,150,,,,,13.208275134086415,12.0,0.3540859300992784,"[0.004693179795360814, -0.019626852561180377, 0.02797059611067331, 0.04145089144096481, 0.016746873343900723, 0.05327314989999464, 0.0017106498999946377, 0.014886972486385812, 0.09631950751588862, -0.051438891984822196, -0.13591603928919455, -0.06036321373636906]","[0.04771135618715703, 0.03223127134020952, 0.027259807395169807, 0.03839221830374819, 0.037469419847214705, 0.037097753503872365, 0.04758515254940098, 0.03698882325133303, 0.049959603816098014, 0.07655710286392381, 0.10431520555047466, 0.08661216638041641]",,,0.9771123683502926,1.0,objective raw,0.010055489353591823
q46_income,ordinal,cash,1798,1798,5497,raw,objective,categorical,nonestimable,sparse category/form: N<3 or fewer than two amounts,150,,,,,,,,,,,,,,objective raw,
q46_income,midpoint,cash,1798,1798,5497,raw,objective,categorical,nonestimable,sparse category/form: N<3 or fewer than two amounts,150,,,,,,,,,,,,,,objective raw,
q46_income,top75,cash,1798,1798,5497,raw,objective,categorical,nonestimable,sparse category/form: N<3 or fewer than two amounts,150,,,,,,,,,,,,,,objective raw,
q47_province,ordinal,cash,1798,1798,5497,raw,objective,categorical,nonestimable,sparse category/form: N<3 or fewer than two amounts,150,,,,,,,,,,,,,,objective raw,
q47_province,midpoint,cash,1798,1798,5497,raw,objective,categorical,nonestimable,sparse category/form: N<3 or fewer than two amounts,150,,,,,,,,,,,,,,objective raw,
q47_province,top75,cash,1798,1798,5497,raw,objective,categorical,nonestimable,sparse category/form: N<3 or fewer than two amounts,150,,,,,,,,,,,,,,objective raw,
q48_city,ordinal,cash,1798,1798,5497,raw,objective,categorical,nonestimable,sparse category/form: N<3 or fewer than two amounts,150,,,,,,,,,,,,,,objective raw,
q48_city,midpoint,cash,1798,1798,5497,raw,objective,categorical,nonestimable,sparse category/form: N<3 or fewer than two amounts,150,,,,,,,,,,,,,,objective raw,
q48_city,top75,cash,1798,1798,5497,raw,objective,categorical,nonestimable,sparse category/form: N<3 or fewer than two amounts,150,,,,,,,,,,,,,,objective raw,
q49_citytier,ordinal,cash,1798,1798,5497,raw,objective,categorical,ok,,150,,,,,1.7776606475452523,4.0,0.7765668391810825,"[-0.0761853030948018, -0.036330893823748184, 0.08662446011049159, 0.05737247595759851]","[0.1295142112978257, 0.15310065806773906, 0.1596652137623113, 0.17975088279642815]",,0.0113505397806523,1.0,1.0,objective raw,-0.0
q49_citytier,midpoint,cash,1798,1798,5497,raw,objective,categorical,ok,,150,,,,,1.232688397676723,4.0,0.8726879199293522,"[-0.014508348013075519, -0.011272523583671014, 0.0028089351963450724, 0.008842584257718982]","[0.022165460403114498, 0.026253068829925726, 0.026937545966924274, 0.030510728594765286]",,0.0002247915813164,0.9199826046598968,1.0,objective raw,0.03622038436274974
q49_citytier,top75,cash,1798,1798,5497,raw,objective,categorical,ok,,150,,,,,2.039943015992804,4.0,0.7284122587063236,"[-0.02870672163803489, -0.01625990723581579, -0.028850808434641585, -0.004462352712313254]","[0.023719883699376304, 0.02790016077818303, 0.02813530460640642, 0.03225117089846897]",,-0.0055209457420948,0.9771123683502926,1.0,objective raw,0.010055489353591823
income_h,ordinal,cash,1798,1798,5497,constructed,objective,numeric,ok,,150,0.0426454255823093,0.0486974162823288,-0.0528015103310552,0.1380923614956739,0.7668899851948425,1.0,0.3811808831233245,[0.04264542558230935],[0.048697416282328855],0.0376960071994658,0.0426454255823093,1.0,1.0,constructed,-0.0
income_h,midpoint,cash,1798,1798,5497,constructed,objective,numeric,ok,,150,0.0089824282499769,0.0084791185211811,-0.007636644051538,0.0256015005514919,1.1222409242892266,1.0,0.2894364362132761,[0.00898242824997694],[0.008479118521181142],0.0079399296725573,0.0089824282499769,0.8695302407980895,1.0,constructed,0.060715309367586165
income_h,top75,cash,1798,1798,5497,constructed,objective,numeric,ok,,150,0.0112864994819865,0.0095454326472004,-0.0074225485065263,0.0299955474704995,1.398064785339017,1.0,0.2370478575111536,[0.011286499481986591],[0.009545432647200484],0.0099765909220103,0.0112864994819865,0.9771123683502926,1.0,constructed,0.010055489353591823
income,ordinal,cash,1798,1798,5497,constructed,objective,numeric,ok,,150,0.0426454255823093,0.0486974162823288,-0.0528015103310552,0.1380923614956739,0.7668899851948425,1.0,0.3811808831233245,[0.04264542558230935],[0.048697416282328855],0.0376960071994658,0.0426454255823093,1.0,1.0,constructed,-0.0
income,midpoint,cash,1798,1798,5497,constructed,objective,numeric,ok,,150,0.0089824282499769,0.0084791185211811,-0.007636644051538,0.0256015005514919,1.1222409242892266,1.0,0.2894364362132761,[0.00898242824997694],[0.008479118521181142],0.0079399296725573,0.0089824282499769,0.8695302407980895,1.0,constructed,0.060715309367586165
income,top75,cash,1798,1798,5497,constructed,objective,numeric,ok,,150,0.0112864994819865,0.0095454326472004,-0.0074225485065263,0.0299955474704995,1.398064785339017,1.0,0.2370478575111536,[0.011286499481986591],[0.009545432647200484],0.0099765909220103,0.0112864994819865,0.9771123683502926,1.0,constructed,0.010055489353591823
q42_age_z,ordinal,cash,1798,1798,5497,constructed,objective,numeric,ok,,150,0.0448908991064833,0.0449748809122957,-0.0432598674816162,0.1330416656945829,0.9962688774577836,1.0,0.3182150177072372,[0.04489089910648332],[0.044974880912295706],0.0448908991064833,0.0448908991064833,1.0,1.0,constructed,-0.0
q42_age_z,midpoint,cash,1798,1798,5497,constructed,objective,numeric,ok,,150,0.0088465593531467,0.0075753049409376,-0.006001038331091,0.0236941570373846,1.3637932966810655,1.0,0.2428811505138689,[0.008846559353146785],[0.007575304940937669],0.0088465593531467,0.0088465593531467,0.8695302407980895,1.0,constructed,0.060715309367586165
q42_age_z,top75,cash,1798,1798,5497,constructed,objective,numeric,ok,,150,0.004503540818159,0.0079908933653947,-0.0111586101780146,0.0201656918143328,0.3176270903343187,1.0,0.5730371784767478,[0.004503540818159064],[0.007990893365394774],0.004503540818159,0.004503540818159,0.9771123683502926,1.0,constructed,0.010055489353591823
q01_lifesat_z,ordinal,cash,1798,1798,5497,constructed,subjective,numeric,ok,,150,-0.0052068109443695,0.0516292674840838,-0.1064001752131739,0.0959865533244349,0.0101707198379742,1.0,0.9196695453525175,[-0.005206810944369513],[0.05162926748408389],-0.0052068109443695,-0.0052068109443695,1.0,1.0,constructed,-0.0
q01_lifesat_z,midpoint,cash,1798,1798,5497,constructed,subjective,numeric,ok,,150,0.0036955788896054,0.0087914614312767,-0.0135356855156969,0.0209268432949079,0.1767025451257743,1.0,0.674222470970124,[0.003695578889605492],[0.008791461431276777],0.0036955788896054,0.0036955788896054,0.8695302407980895,1.0,constructed,0.060715309367586165
q01_lifesat_z,top75,cash,1798,1798,5497,constructed,subjective,numeric,ok,,150,0.0084719982939554,0.0095737185159147,-0.0102924899972374,0.0272364865851483,0.7830877146441027,1.0,0.3761984673271348,[0.008471998293955469],[0.009573718515914743],0.0084719982939554,0.0084719982939554,0.9771123683502926,1.0,constructed,0.010055489353591823
q02_safety_z,ordinal,cash,1798,1798,5497,constructed,subjective,numeric,ok,,150,0.0280510617445831,0.0508399425568589,-0.0715952256668603,0.1276973491560268,0.3044307417920814,1.0,0.5811179844348615,[0.028051061744583196],[0.050839942556858975],0.0280510617445831,0.0280510617445831,1.0,1.0,constructed,-0.0
q02_safety_z,midpoint,cash,1798,1798,5497,constructed,subjective,numeric,ok,,150,0.0062872325954196,0.0087188268890094,-0.0108016681070387,0.0233761332978781,0.5199995225106296,1.0,0.4708418856740561,[0.00628723259541968],[0.008718826889009419],0.0062872325954196,0.0062872325954196,0.8695302407980895,1.0,constructed,0.060715309367586165
q02_safety_z,top75,cash,1798,1798,5497,constructed,subjective,numeric,ok,,150,0.0050460770222944,0.0095957828912333,-0.0137616574445228,0.0238538114891117,0.2765329736752687,1.0,0.5989826853756194,[0.0050460770222944245],[0.009595782891233326],0.0050460770222944,0.0050460770222944,0.9771123683502926,1.0,constructed,0.010055489353591823
q03a_fair_dist_z,ordinal,cash,1798,1798,5497,constructed,subjective,numeric,ok,,150,-0.0098512668646232,0.0496815765851228,-0.107227156971464,0.0875246232422176,0.0393181820846714,1.0,0.8428196390141567,[-0.009851266864623206],[0.049681576585122886],-0.0098512668646232,-0.0098512668646232,1.0,1.0,constructed,-0.0
q03a_fair_dist_z,midpoint,cash,1798,1798,5497,constructed,subjective,numeric,ok,,150,0.0030218401659715,0.0084337248460619,-0.0135082605323099,0.019551940864253,0.1283819959215743,1.0,0.7201155749061822,[0.0030218401659715824],[0.008433724846061981],0.0030218401659715,0.0030218401659715,0.8695302407980895,1.0,constructed,0.060715309367586165
q03a_fair_dist_z,top75,cash,1798,1798,5497,constructed,subjective,numeric,ok,,150,0.0079697896189168,0.009070851562025,-0.0098090794426522,0.0257486586804859,0.7719649717968023,1.0,0.3796098581977606,[0.007969789618916834],[0.009070851562025044],0.0079697896189168,0.0079697896189168,0.9771123683502926,1.0,constructed,0.010055489353591823
q03b_fair_opp_z,ordinal,cash,1798,1798,5497,constructed,subjective,numeric,ok,,150,-0.0074515825075059,0.0494096086124929,-0.1042944153879922,0.0893912503729802,0.0227443851801805,1.0,0.8801236908002124,[-0.007451582507505981],[0.04940960861249299],-0.0074515825075059,-0.0074515825075059,1.0,1.0,constructed,-0.0
q03b_fair_opp_z,midpoint,cash,1798,1798,5497,constructed,subjective,numeric,ok,,150,0.002210474299027,0.0083881160161046,-0.014230233092538,0.018651181690592,0.0694451759197674,1.0,0.7921463222237162,[0.002210474299027015],[0.008388116016104634],0.002210474299027,0.002210474299027,0.9056432822820394,1.0,constructed,0.043042829964251454
q03b_fair_opp_z,top75,cash,1798,1798,5497,constructed,subjective,numeric,ok,,150,0.005313051522498,0.0090916373571796,-0.012506557697574,0.02313266074257,0.3415103309249384,1.0,0.5589587249741836,[0.005313051522498004],[0.00909163735717963],0.005313051522498,0.005313051522498,0.9771123683502926,1.0,constructed,0.010055489353591823
q03c_fair_rule_z,ordinal,cash,1798,1798,5497,constructed,subjective,numeric,ok,,150,0.005495747125698,0.0489655912290918,-0.0904768116833218,0.101468305934718,0.01259712612016,1.0,0.9106355564925322,[0.005495747125698062],[0.04896559122909181],0.005495747125698,0.005495747125698,1.0,1.0,constructed,-0.0
q03c_fair_rule_z,midpoint,cash,1798,1798,5497,constructed,subjective,numeric,ok,,150,0.0042030718373117,0.008282873801927,-0.0120313608144653,0.0204375044890888,0.2574966224061356,1.0,0.6118452485433312,[0.0042030718373117365],[0.008282873801927082],0.0042030718373117,0.0042030718373117,0.8695302407980895,1.0,constructed,0.060715309367586165
q03c_fair_rule_z,top75,cash,1798,1798,5497,constructed,subjective,numeric,ok,,150,0.0040823701264463,0.0090125969207079,-0.0135823198381413,0.0217470600910339,0.2051751966580542,1.0,0.6505756093436237,[0.004082370126446304],[0.009012596920707992],0.0040823701264463,0.0040823701264463,0.9771123683502926,1.0,constructed,0.010055489353591823
q04_trust_gov_z,ordinal,cash,1798,1798,5497,constructed,subjective,numeric,ok,,150,0.0425510542876099,0.0508718528416099,-0.0571577772819455,0.1422598858571654,0.6996253525729552,1.0,0.4029096098444236,[0.04255105428760992],[0.05087185284160994],0.0425510542876099,0.0425510542876099,1.0,1.0,constructed,-0.0
q04_trust_gov_z,midpoint,cash,1798,1798,5497,constructed,subjective,numeric,ok,,150,0.0092999437372556,0.0086884403676276,-0.0077293993832945,0.0263292868578057,1.1457160390783123,1.0,0.2844477315774196,[0.0092999437372556],[0.00868844036762763],0.0092999437372556,0.0092999437372556,0.8695302407980895,1.0,constructed,0.060715309367586165
q04_trust_gov_z,top75,cash,1798,1798,5497,constructed,subjective,numeric,ok,,150,0.006541517862503,0.0096406961446398,-0.0123542465809909,0.0254372823059971,0.4604052564040676,1.0,0.4974346369616464,[0.006541517862503063],[0.009640696144639822],0.006541517862503,0.006541517862503,0.9771123683502926,1.0,constructed,0.010055489353591823
q05_trust_soc_z,ordinal,cash,1798,1798,5497,constructed,subjective,numeric,ok,,150,0.0371861059073988,0.0500760137110192,-0.0609628809661989,0.1353350927809966,0.5514446204243176,1.0,0.4577280231079623,[0.03718610590739887],[0.050076013711019295],0.0371861059073988,0.0371861059073988,1.0,1.0,constructed,-0.0
q05_trust_soc_z,midpoint,cash,1798,1798,5497,constructed,subjective,numeric,ok,,150,0.0097363804643919,0.0085037886759199,-0.0069310453404111,0.026403806269195,1.3109017832012793,1.0,0.2522314475068123,[0.00973638046439191],[0.008503788675919947],0.0097363804643919,0.0097363804643919,0.8695302407980895,1.0,constructed,0.060715309367586165
q05_trust_soc_z,top75,cash,1798,1798,5497,constructed,subjective,numeric,ok,,150,0.0132503641114532,0.0090482650691841,-0.0044842354241475,0.0309849636470541,2.144494790610094,1.0,0.1430821306224979,[0.013250364111453295],[0.009048265069184117],0.0132503641114532,0.0132503641114532,0.9771123683502926,1.0,constructed,0.010055489353591823
q06_socsec_z,ordinal,cash,1798,1798,5497,constructed,subjective,numeric,ok,,150,0.0112237307698897,0.0511390179480287,-0.0890087444082466,0.1114562059480261,0.048169231040311,1.0,0.82628013135852,[0.011223730769889747],[0.05113901794802878],0.0112237307698897,0.0112237307698897,1.0,1.0,constructed,-0.0
q06_socsec_z,midpoint,cash,1798,1798,5497,constructed,subjective,numeric,ok,,150,0.0046510762660995,0.0087537232728519,-0.0125062213486902,0.0218083738808892,0.2823067713255853,1.0,0.5951932478524626,[0.004651076266099509],[0.008753723272851916],0.0046510762660995,0.0046510762660995,0.8695302407980895,1.0,constructed,0.060715309367586165
q06_socsec_z,top75,cash,1798,1798,5497,constructed,subjective,numeric,ok,,150,0.0044653454770595,0.0097634536469162,-0.0146710236708962,0.0236017146250153,0.209171828562302,1.0,0.6474172919935781,[0.0044653454770595645],[0.009763453646916219],0.0044653454770595,0.0044653454770595,0.9771123683502926,1.0,constructed,0.010055489353591823
q07_emergfund_z,ordinal,cash,1798,1798,5497,constructed,subjective,numeric,ok,,150,0.0148343218146329,0.0522825356159238,-0.0876394479925778,0.1173080916218438,0.0805048617807791,1.0,0.7766144002024524,[0.014834321814632982],[0.052282535615923886],0.0148343218146329,0.0148343218146329,1.0,1.0,constructed,-0.0
q07_emergfund_z,midpoint,cash,1798,1798,5497,constructed,subjective,numeric,ok,,150,0.0051262190068805,0.0090841046437004,-0.0126786260947722,0.0229310641085334,0.3184417898827426,1.0,0.572545580287081,[0.005126219006880596],[0.009084104643700436],0.0051262190068805,0.0051262190068805,0.8695302407980895,1.0,constructed,0.060715309367586165
q07_emergfund_z,top75,cash,1798,1798,5497,constructed,subjective,numeric,ok,,150,-0.0001560785957537,0.0104442589262911,-0.0206268260912843,0.0203146688997768,0.0002233219637458,1.0,0.98807688820146,[-0.0001560785957537697],[0.01044425892629113],-0.0001560785957537,-0.0001560785957537,1.0,1.0,constructed,-0.0
q08_support_z,ordinal,cash,1798,1798,5497,constructed,subjective,numeric,ok,,150,-0.0328688425867533,0.051731380890686,-0.1342623491324979,0.0685246639589912,0.4037017947912663,1.0,0.5251836616965386,[-0.03286884258675335],[0.05173138089068601],-0.0328688425867533,-0.0328688425867533,1.0,1.0,constructed,-0.0
q08_support_z,midpoint,cash,1798,1798,5497,constructed,subjective,numeric,ok,,150,-0.003611672493474,0.0088742454663313,-0.0210051936074834,0.0137818486205354,0.165635662253758,1.0,0.6840200229723472,[-0.003611672493474009],[0.008874245466331334],-0.003611672493474,-0.003611672493474,0.8695302407980895,1.0,constructed,0.060715309367586165
q08_support_z,top75,cash,1798,1798,5497,constructed,subjective,numeric,ok,,150,-0.0028605483770096,0.0099513497121221,-0.0223651938127691,0.0166440970587497,0.0826294033093081,1.0,0.7737652500060992,[-0.0028605483770096996],[0.009951349712122182],-0.0028605483770096,-0.0028605483770096,0.9835998940755498,1.0,constructed,0.007181526702745718
q09_gain_z,ordinal,cash,1798,1798,5497,constructed,subjective,numeric,ok,,150,-0.0414397912340438,0.0503523253089821,-0.1401303488396489,0.0572507663715612,0.6773233612020642,1.0,0.4105099415567385,[-0.04143979123404389],[0.05035232530898219],-0.0414397912340438,-0.0414397912340438,1.0,1.0,constructed,-0.0
q09_gain_z,midpoint,cash,1798,1798,5497,constructed,subjective,numeric,ok,,150,-0.0021404899730684,0.0084987963813707,-0.018798130880555,0.0145171509344181,0.0634324589235922,1.0,0.8011508140244012,[-0.002140489973068449],[0.00849879638137073],-0.0021404899730684,-0.0021404899730684,0.9056432822820394,1.0,constructed,0.043042829964251454
q09_gain_z,top75,cash,1798,1798,5497,constructed,subjective,numeric,ok,,150,-0.0010524464104386,0.0092177735783767,-0.0191192826240571,0.0170143898031798,0.0130361068128593,1.0,0.9090984577822488,[-0.0010524464104386365],[0.009217773578376776],-0.0010524464104386,-0.0010524464104386,1.0,1.0,constructed,-0.0
q10_effort_z,ordinal,cash,1798,1798,5497,constructed,subjective,numeric,ok,,150,0.0243606169504061,0.0519944726860916,-0.0775485495143335,0.1262697834151458,0.2195139929969086,1.0,0.639410481060634,[0.02436061695040612],[0.051994472686091676],0.0243606169504061,0.0243606169504061,1.0,1.0,constructed,-0.0
q10_effort_z,midpoint,cash,1798,1798,5497,constructed,subjective,numeric,ok,,150,0.0060046515930923,0.0088932654755061,-0.0114261487388996,0.0234354519250843,0.4558827017515844,1.0,0.4995545108030569,[0.006004651593092335],[0.008893265475506128],0.0060046515930923,0.0060046515930923,0.8695302407980895,1.0,constructed,0.060715309367586165
q10_effort_z,top75,cash,1798,1798,5497,constructed,subjective,numeric,ok,,150,0.004085723232499,0.0098879394019093,-0.0152946379952432,0.0234660844602413,0.170736469130475,1.0,0.6794581120293495,[0.004085723232499033],[0.009887939401909332],0.004085723232499,0.004085723232499,0.9771123683502926,1.0,constructed,0.010055489353591823
q11_mobility_z,ordinal,cash,1798,1798,5497,constructed,subjective,numeric,ok,,150,-0.000487135239545,0.0513128739041912,-0.1010603680917598,0.1000860976126696,9.012523648987606e-05,1.0,0.9924254515702512,[-0.0004871352395450966],[0.05131287390419122],-0.000487135239545,-0.000487135239545,1.0,1.0,constructed,-0.0
q11_mobility_z,midpoint,cash,1798,1798,5497,constructed,subjective,numeric,ok,,150,0.0043711702465811,0.0087758312534313,-0.0128294590101442,0.0215717995033066,0.2480955162674785,1.0,0.6184192868367926,[0.004371170246581182],[0.008775831253431354],0.0043711702465811,0.0043711702465811,0.8695302407980895,1.0,constructed,0.060715309367586165
q11_mobility_z,top75,cash,1798,1798,5497,constructed,subjective,numeric,ok,,150,0.00419516091703,0.0097565372190645,-0.0149276520323365,0.0233179738663966,0.184886770649001,1.0,0.6672068314161885,[0.004195160917030063],[0.009756537219064594],0.00419516091703,0.00419516091703,0.9771123683502926,1.0,constructed,0.010055489353591823
q12_voice_z,ordinal,cash,1798,1798,5497,constructed,subjective,numeric,ok,,150,0.00199425871256,0.0492612551948465,-0.094557801469339,0.0985463188944592,0.0016388984666574,1.0,0.9677078120548704,[0.0019942587125600848],[0.04926125519484652],0.00199425871256,0.00199425871256,1.0,1.0,constructed,-0.0
q12_voice_z,midpoint,cash,1798,1798,5497,constructed,subjective,numeric,ok,,150,0.0037542361574177,0.0083859188721123,-0.0126821648319223,0.0201906371467578,0.2004203716089772,1.0,0.6543817479332152,[0.003754236157417711],[0.0083859188721123],0.0037542361574177,0.0037542361574177,0.8695302407980895,1.0,constructed,0.060715309367586165
q12_voice_z,top75,cash,1798,1798,5497,constructed,subjective,numeric,ok,,150,0.0022356177076054,0.0091550140261538,-0.015708209783656,0.0201794451988669,0.0596316812133289,1.0,0.8070790330979917,[0.0022356177076054565],[0.009155014026153815],0.0022356177076054,0.0022356177076054,0.9874125868442348,1.0,constructed,0.005501340999255833
q13_pressure_z,ordinal,cash,1798,1798,5497,constructed,subjective,numeric,ok,,150,-0.0005194352451939,0.050653993307463,-0.0998012621278215,0.0987623916374336,0.0001051563374906,1.0,0.9918181751947328,[-0.0005194352451939632],[0.05065399330746306],-0.0005194352451939,-0.0005194352451939,1.0,1.0,constructed,-0.0
q13_pressure_z,midpoint,cash,1798,1798,5497,constructed,subjective,numeric,ok,,150,0.0029958437213647,0.0086029565165665,-0.0138659510511056,0.0198576384938351,0.1212670613837213,1.0,0.7276643017647673,[0.002995843721364755],[0.008602956516566515],0.0029958437213647,0.0029958437213647,0.8695302407980895,1.0,constructed,0.060715309367586165
q13_pressure_z,top75,cash,1798,1798,5497,constructed,subjective,numeric,ok,,150,0.0033049423613306,0.0095604787035384,-0.0154335958976047,0.0220434806202659,0.1195001643642034,1.0,0.7295772350348851,[0.0033049423613306407],[0.009560478703538445],0.0033049423613306,0.0033049423613306,0.9771123683502926,1.0,constructed,0.010055489353591823
q15_fut_self_z,ordinal,cash,1798,1798,5497,constructed,subjective,numeric,ok,,150,-0.0464906126737717,0.0497528764818926,-0.1440062505782814,0.0510250252307378,0.8731606382856391,1.0,0.3500817939344327,[-0.046490612673771775],[0.049752876481892666],-0.0464906126737717,-0.0464906126737717,1.0,1.0,constructed,-0.0
q15_fut_self_z,midpoint,cash,1798,1798,5497,constructed,subjective,numeric,ok,,150,-0.0051242692045773,0.0084541583744278,-0.0216944196184559,0.0114458812093011,0.3673864344402636,1.0,0.5444323432687013,[-0.0051242692045773905],[0.008454158374427832],-0.0051242692045773,-0.0051242692045773,0.8695302407980895,1.0,constructed,0.060715309367586165
q15_fut_self_z,top75,cash,1798,1798,5497,constructed,subjective,numeric,ok,,150,-0.0057674941198285,0.0092690985796921,-0.0239349273360252,0.0123999390963681,0.3871678784956863,1.0,0.5337918543120894,[-0.005767494119828565],[0.009269098579692178],-0.0057674941198285,-0.0057674941198285,0.9771123683502926,1.0,constructed,0.010055489353591823
q16_fut_society_z,ordinal,cash,1798,1798,5497,constructed,subjective,numeric,ok,,150,-0.0479328074280741,0.0484299782047004,-0.142855564709287,0.0469899498531386,0.9795738558729276,1.0,0.322304036928126,[-0.04793280742807419],[0.048429978204700436],-0.0479328074280741,-0.0479328074280741,1.0,1.0,constructed,-0.0
q16_fut_society_z,midpoint,cash,1798,1798,5497,constructed,subjective,numeric,ok,,150,-0.0029160145601356,0.0082314090593285,-0.0190495763164196,0.0132175471961482,0.1254963247531165,1.0,0.7231480849794382,[-0.002916014560135658],[0.00823140905932855],-0.0029160145601356,-0.0029160145601356,0.8695302407980895,1.0,constructed,0.060715309367586165
q16_fut_society_z,top75,cash,1798,1798,5497,constructed,subjective,numeric,ok,,150,-0.005404871108889,0.0090594711132811,-0.0231614344909201,0.0123516922731419,0.3559303275755054,1.0,0.5507751610058789,[-0.005404871108889055],[0.00905947111328115],-0.005404871108889,-0.005404871108889,0.9771123683502926,1.0,constructed,0.010055489353591823
q17a_fut_econ_z,ordinal,cash,1798,1798,5497,constructed,subjective,numeric,ok,,150,0.0311793650316649,0.0487140571172041,-0.0643001869180551,0.1266589169813851,0.409662235942811,1.0,0.5221409908336696,[0.03117936503166499],[0.048714057117204154],0.0311793650316649,0.0311793650316649,1.0,1.0,constructed,-0.0
q17a_fut_econ_z,midpoint,cash,1798,1798,5497,constructed,subjective,numeric,ok,,150,0.0099571033319781,0.0083392000897062,-0.0063877288438459,0.0263019355078023,1.4256641849273588,1.0,0.2324733512163959,[0.009957103331978174],[0.008339200089706207],0.0099571033319781,0.0099571033319781,0.8695302407980895,1.0,constructed,0.060715309367586165
q17a_fut_econ_z,top75,cash,1798,1798,5497,constructed,subjective,numeric,ok,,150,0.0111030061898296,0.0094034215699246,-0.0073277000872226,0.029533712466882,1.3941495104710702,1.0,0.2377055947144641,[0.011103006189829678],[0.009403421569924672],0.0111030061898296,0.0111030061898296,0.9771123683502926,1.0,constructed,0.010055489353591823
q17b_fut_job_z,ordinal,cash,1798,1798,5497,constructed,subjective,numeric,ok,,150,0.0242615282366777,0.0491697992239065,-0.0721112782421791,0.1206343347155346,0.2434666261041779,1.0,0.621713470002259,[0.024261528236677727],[0.04916979922390659],0.0242615282366777,0.0242615282366777,1.0,1.0,constructed,-0.0
q17b_fut_job_z,midpoint,cash,1798,1798,5497,constructed,subjective,numeric,ok,,150,0.0077132123246553,0.0084043156842328,-0.008759246416441,0.0241856710657517,0.8422981734099065,1.0,0.3587403182533,[0.007713212324655331],[0.00840431568423285],0.0077132123246553,0.0077132123246553,0.8695302407980895,1.0,constructed,0.060715309367586165
q17b_fut_job_z,top75,cash,1798,1798,5497,constructed,subjective,numeric,ok,,150,0.0045033974334725,0.0094375018755436,-0.0139941062425929,0.0230009011095381,0.2277017928177754,1.0,0.6332331753371159,[0.004503397433472581],[0.009437501875543652],0.0045033974334725,0.0045033974334725,0.9771123683502926,1.0,constructed,0.010055489353591823
q17c_fut_price_z,ordinal,cash,1798,1798,5497,constructed,subjective,numeric,ok,,150,0.0189083656771363,0.0485488763696155,-0.0762474320073101,0.1140641633615829,0.1516874392066422,1.0,0.696927968646782,[0.018908365677136378],[0.04854887636961557],0.0189083656771363,0.0189083656771363,1.0,1.0,constructed,-0.0
q17c_fut_price_z,midpoint,cash,1798,1798,5497,constructed,subjective,numeric,ok,,150,0.0087723140895382,0.0083369710377275,-0.0075681491444078,0.0251127773234843,1.1071635015689356,1.0,0.2926993724868738,[0.008772314089538217],[0.008336971037727596],0.0087723140895382,0.0087723140895382,0.8695302407980895,1.0,constructed,0.060715309367586165
q17c_fut_price_z,top75,cash,1798,1798,5497,constructed,subjective,numeric,ok,,150,0.0124073559985817,0.0094185931873392,-0.0060530866486031,0.0308677986457666,1.7353473173879996,1.0,0.1877294338255062,[0.012407355998581752],[0.009418593187339222],0.0124073559985817,0.0124073559985817,0.9771123683502926,1.0,constructed,0.010055489353591823
q17d_fut_fair_z,ordinal,cash,1798,1798,5497,constructed,subjective,numeric,ok,,150,0.0108895857997041,0.0492400539368172,-0.0856209199164576,0.107400091515866,0.0489086507691095,1.0,0.8249733013196463,[0.010889585799704182],[0.049240053936817255],0.0108895857997041,0.0108895857997041,1.0,1.0,constructed,-0.0
q17d_fut_fair_z,midpoint,cash,1798,1798,5497,constructed,subjective,numeric,ok,,150,0.0059979397554634,0.0084162525069158,-0.0104979151580917,0.0224937946690185,0.5078865184978508,1.0,0.4760552000877427,[0.005997939755463434],[0.00841625250691589],0.0059979397554634,0.0059979397554634,0.8695302407980895,1.0,constructed,0.060715309367586165
q17d_fut_fair_z,top75,cash,1798,1798,5497,constructed,subjective,numeric,ok,,150,0.0052266470628053,0.0092622437426059,-0.0129273506727024,0.023380644798313,0.3184299716958548,1.0,0.5725527055754867,[0.005226647062805347],[0.009262243742605996],0.0052266470628053,0.0052266470628053,0.9771123683502926,1.0,constructed,0.010055489353591823
q17e_fut_welfare_z,ordinal,cash,1798,1798,5497,constructed,subjective,numeric,ok,,150,0.0307719309267987,0.0513102698926519,-0.069796198062799,0.1313400599163965,0.3596672544582779,1.0,0.5486910919351573,[0.030771930926798773],[0.05131026989265194],0.0307719309267987,0.0307719309267987,1.0,1.0,constructed,-0.0
q17e_fut_welfare_z,midpoint,cash,1798,1798,5497,constructed,subjective,numeric,ok,,150,0.0096461704038294,0.0088817324335816,-0.0077620251659905,0.0270543659736494,1.1795449290979751,1.0,0.2774486584095194,[0.009646170403829453],[0.00888173243358164],0.0096461704038294,0.0096461704038294,0.8695302407980895,1.0,constructed,0.060715309367586165
q17e_fut_welfare_z,top75,cash,1798,1798,5497,constructed,subjective,numeric,ok,,150,0.0086070984328549,0.0100547618055961,-0.0111002347061135,0.0283144315718233,0.7327738556151213,1.0,0.3919855489150557,[0.008607098432854926],[0.010054761805596153],0.0086070984328549,0.0086070984328549,0.9771123683502926,1.0,constructed,0.010055489353591823
q18_ses_now_z,ordinal,cash,1798,1798,5497,constructed,subjective,numeric,ok,,150,0.0183756507280845,0.0488833425045862,-0.0774357005809045,0.1141870020370736,0.1413069969311311,1.0,0.7069851223022919,[0.018375650728084524],[0.04888334250458627],0.0183756507280845,0.0183756507280845,1.0,1.0,constructed,-0.0
q18_ses_now_z,midpoint,cash,1798,1798,5497,constructed,subjective,numeric,ok,,150,0.0076665688422889,0.0082485219839308,-0.0085005342462156,0.0238336719307934,0.8638728142775713,1.0,0.3526571766706202,[0.007666568842288901],[0.008248521983930869],0.0076665688422889,0.0076665688422889,0.8695302407980895,1.0,constructed,0.060715309367586165
q18_ses_now_z,top75,cash,1798,1798,5497,constructed,subjective,numeric,ok,,150,0.0075030940273578,0.008940135956896,-0.0100195724481584,0.025025760502874,0.704356507259033,1.0,0.4013237051829479,[0.007503094027357821],[0.008940135956896054],0.0075030940273578,0.0075030940273578,0.9771123683502926,1.0,constructed,0.010055489353591823
q19_ses_past5_z,ordinal,cash,1798,1798,5497,constructed,subjective,numeric,ok,,150,0.0418400114715494,0.0494011229697671,-0.054986189549194,0.1386662124922929,0.7173150573482062,1.0,0.3970260336905762,[0.041840011471549435],[0.049401122969767106],0.0418400114715494,0.0418400114715494,1.0,1.0,constructed,-0.0
q19_ses_past5_z,midpoint,cash,1798,1798,5497,constructed,subjective,numeric,ok,,150,0.0092374939159961,0.0083722839489452,-0.0071721826239366,0.0256471704559288,1.2173639377510803,1.0,0.2698786013207438,[0.009237493915996115],[0.00837228394894527],0.0092374939159961,0.0092374939159961,0.8695302407980895,1.0,constructed,0.060715309367586165
q19_ses_past5_z,top75,cash,1798,1798,5497,constructed,subjective,numeric,ok,,150,0.0052765887026151,0.0092067197824764,-0.0127685820710387,0.0233217594762689,0.3284707003053551,1.0,0.5665609857289337,[0.005276588702615116],[0.00920671978247644],0.0052765887026151,0.0052765887026151,0.9771123683502926,1.0,constructed,0.010055489353591823
q20_ses_next1_z,ordinal,cash,1798,1798,5497,constructed,subjective,numeric,ok,,150,-0.0021767398155092,0.0490289000882804,-0.0982733839885389,0.0939199043575204,0.0019711003792516,1.0,0.9645878921698472,[-0.0021767398155092084],[0.04902890008828045],-0.0021767398155092,-0.0021767398155092,1.0,1.0,constructed,-0.0
q20_ses_next1_z,midpoint,cash,1798,1798,5497,constructed,subjective,numeric,ok,,150,0.0036296516864951,0.0083042749254769,-0.0126467271674397,0.01990603054043,0.1910409477352818,1.0,0.6620516543171051,[0.00362965168649518],[0.008304274925476996],0.0036296516864951,0.0036296516864951,0.8695302407980895,1.0,constructed,0.060715309367586165
q20_ses_next1_z,top75,cash,1798,1798,5497,constructed,subjective,numeric,ok,,150,0.000259863099914,0.0089868765552223,-0.0173544149483217,0.0178741411481497,0.0008361259016426,1.0,0.9769317110495488,[0.00025986309991401883],[0.008986876555222323],0.000259863099914,0.000259863099914,1.0,1.0,constructed,-0.0
q21_order_z,ordinal,cash,1798,1798,5497,constructed,subjective,numeric,ok,,150,-0.0079745315214957,0.0482698991080398,-0.1025835337732538,0.0866344707302623,0.0272933959703163,1.0,0.8687809530536019,[-0.007974531521495739],[0.04826989910803984],-0.0079745315214957,-0.0079745315214957,1.0,1.0,constructed,-0.0
q21_order_z,midpoint,cash,1798,1798,5497,constructed,subjective,numeric,ok,,150,0.0016749527328157,0.0082535318313636,-0.014501969656657,0.0178518751222884,0.041183708413339,1.0,0.8391837302067694,[0.0016749527328157158],[0.008253531831363648],0.0016749527328157,0.0016749527328157,0.9199826046598968,1.0,constructed,0.03622038436274974
q21_order_z,top75,cash,1798,1798,5497,constructed,subjective,numeric,ok,,150,-0.0031952813302352,0.0091451386014858,-0.0211197529891476,0.014729190328677,0.1220780602239077,1.0,0.7267915037120953,[-0.003195281330235291],[0.009145138601485893],-0.0031952813302352,-0.0031952813302352,0.9771123683502926,1.0,constructed,0.010055489353591823
q22_vitality_z,ordinal,cash,1798,1798,5497,constructed,subjective,numeric,ok,,150,0.0096825289918473,0.0492073613270426,-0.0867638992091561,0.1061289571928508,0.0387184049366543,1.0,0.8440075842552848,[0.00968252899184735],[0.04920736132704262],0.0096825289918473,0.0096825289918473,1.0,1.0,constructed,-0.0
q22_vitality_z,midpoint,cash,1798,1798,5497,constructed,subjective,numeric,ok,,150,0.003374609126688,0.0084306685539912,-0.0131495012391347,0.0198987194925109,0.1602222853969413,1.0,0.6889519464915257,[0.003374609126688092],[0.008430668553991237],0.003374609126688,0.003374609126688,0.8695302407980895,1.0,constructed,0.060715309367586165
q22_vitality_z,top75,cash,1798,1798,5497,constructed,subjective,numeric,ok,,150,-0.0029103404708401,0.0095830573999979,-0.0216931329748361,0.0158724520331558,0.0922315311004972,1.0,0.7613591661488496,[-0.002910340470840161],[0.009583057399997963],-0.0029103404708401,-0.0029103404708401,0.9835998940755498,1.0,constructed,0.007181526702745718
q43_edu_z,ordinal,cash,1798,1798,5497,constructed,objective,numeric,ok,,150,-0.0222895692158085,0.0480801135908073,-0.1165265918537909,0.0719474534221738,0.2149177969380509,1.0,0.6429398904016339,[-0.022289569215808536],[0.048080113590807355],-0.0222895692158085,-0.0222895692158085,1.0,1.0,constructed,-0.0
q43_edu_z,midpoint,cash,1798,1798,5497,constructed,objective,numeric,ok,,150,-0.00430923011244,0.0082575192555041,-0.0204939678532281,0.011875507628348,0.2723329445450956,1.0,0.6017710894876834,[-0.004309230112440051],[0.008257519255504144],-0.00430923011244,-0.00430923011244,0.8695302407980895,1.0,constructed,0.060715309367586165
q43_edu_z,top75,cash,1798,1798,5497,constructed,objective,numeric,ok,,150,-0.0037706457053212,0.0090593439469337,-0.0215269598413113,0.0139856684306688,0.1732359245208708,1.0,0.6772518070019089,[-0.0037706457053212367],[0.009059343946933734],-0.0037706457053212,-0.0037706457053212,0.9771123683502926,1.0,constructed,0.010055489353591823
income_h_z,ordinal,cash,1798,1798,5497,constructed,objective,numeric,ok,,150,0.0426454255823094,0.0486974162823288,-0.052801510331055,0.138092361495674,0.7668899851948462,1.0,0.3811808831233233,[0.04264542558230945],[0.048697416282328855],0.0426454255823094,0.0426454255823094,1.0,1.0,constructed,-0.0
income_h_z,midpoint,cash,1798,1798,5497,constructed,objective,numeric,ok,,150,0.0089824282499769,0.0084791185211811,-0.007636644051538,0.0256015005514919,1.1222409242892282,1.0,0.2894364362132757,[0.008982428249976948],[0.008479118521181142],0.0089824282499769,0.0089824282499769,0.8695302407980895,1.0,constructed,0.060715309367586165
income_h_z,top75,cash,1798,1798,5497,constructed,objective,numeric,ok,,150,0.0112864994819865,0.0095454326472004,-0.0074225485065263,0.0299955474704995,1.3980647853390171,1.0,0.2370478575111535,[0.011286499481986593],[0.009545432647200484],0.0112864994819865,0.0112864994819865,0.9771123683502926,1.0,constructed,0.010055489353591823
q28_hhsize_z,ordinal,cash,1798,1798,5497,constructed,objective,numeric,ok,,150,0.0280507773747568,0.0464670705884032,-0.0630246809785135,0.1191262357280272,0.3644174915739466,1.0,0.5460630508338298,[0.02805077737475687],[0.04646707058840326],0.0280507773747568,0.0280507773747568,1.0,1.0,constructed,-0.0
q28_hhsize_z,midpoint,cash,1798,1798,5497,constructed,objective,numeric,ok,,150,0.0037054477273549,0.0080166332101687,-0.0120071533645757,0.0194180488192856,0.2136472736195835,1.0,0.6439236047574413,[0.003705447727354939],[0.008016633210168739],0.0037054477273549,0.0037054477273549,0.8695302407980895,1.0,constructed,0.060715309367586165
q28_hhsize_z,top75,cash,1798,1798,5497,constructed,objective,numeric,ok,,150,0.0027656017448888,0.0088600899375957,-0.0146001745327987,0.0201313780225764,0.0974323147280931,1.0,0.7549329901336854,[0.002765601744888809],[0.00886008993759572],0.0027656017448888,0.0027656017448888,0.9835998940755498,1.0,constructed,0.007181526702745718
q29_foodexp_z,ordinal,cash,1798,1798,5497,constructed,objective,numeric,ok,,150,-0.0003386033603149,0.0475469775720017,-0.0935306794014384,0.0928534726808086,5.071503119606744e-05,1.0,0.9943179540811684,[-0.00033860336031490924],[0.04754697757200179],-0.0003386033603149,-0.0003386033603149,1.0,1.0,constructed,-0.0
q29_foodexp_z,midpoint,cash,1798,1798,5497,constructed,objective,numeric,ok,,150,-0.001349088044267,0.0083370587140723,-0.0176897231238488,0.0149915470353147,0.026185137997858,1.0,0.8714490005839182,[-0.0013490880442670258],[0.008337058714072356],-0.001349088044267,-0.001349088044267,0.9199826046598968,1.0,constructed,0.03622038436274974
q29_foodexp_z,top75,cash,1798,1798,5497,constructed,objective,numeric,ok,,150,-0.0090318295991913,0.0096503266741354,-0.0279464698804968,0.0098828106821142,0.8759260465230404,1.0,0.3493199355972335,[-0.0090318295991913],[0.009650326674135474],-0.0090318295991913,-0.0090318295991913,0.9771123683502926,1.0,constructed,0.010055489353591823
q30_medexp_z,ordinal,cash,1798,1798,5497,constructed,objective,numeric,ok,,150,0.0416776917068869,0.0485705416991764,-0.0535205700234989,0.1368759534372727,0.7363112251984213,1.0,0.3908450925691703,[0.041677691706886934],[0.04857054169917645],0.0416776917068869,0.0416776917068869,1.0,1.0,constructed,-0.0
q30_medexp_z,midpoint,cash,1798,1798,5497,constructed,objective,numeric,ok,,150,0.0053653362401429,0.0083939556563811,-0.011086816846364,0.02181748932665,0.4085644232782037,1.0,0.5226990481247185,[0.005365336240142999],[0.008393955656381137],0.005365336240143,0.0053653362401429,0.8695302407980895,1.0,constructed,0.060715309367586165
q30_medexp_z,top75,cash,1798,1798,5497,constructed,objective,numeric,ok,,150,-0.0036883549835414,0.0093454411807114,-0.0220054196977358,0.0146287097306528,0.1557635400136262,1.0,0.6930872581789118,[-0.00368835498354149],[0.009345441180711414],-0.0036883549835414,-0.0036883549835414,0.9771123683502926,1.0,constructed,0.010055489353591823
q49_citytier_z,ordinal,cash,1798,1798,5497,constructed,objective,numeric,ok,,150,0.0435313700428738,0.0472294844683511,-0.0490384195150943,0.136101159600842,0.8495291027223725,1.0,0.3566855864487004,[0.04353137004287384],[0.04722948446835111],0.0435313700428738,0.0435313700428738,1.0,1.0,constructed,-0.0
q49_citytier_z,midpoint,cash,1798,1798,5497,constructed,objective,numeric,ok,,150,0.005109829070327,0.0080116446749119,-0.0105929944925002,0.0208126526331543,0.4067891738279027,1.0,0.5236037091997573,[0.005109829070327039],[0.008011644674911904],0.005109829070327,0.005109829070327,0.8695302407980895,1.0,constructed,0.060715309367586165
q49_citytier_z,top75,cash,1798,1798,5497,constructed,objective,numeric,ok,,150,-0.0008823210825565,0.0084663556829478,-0.0174763782211343,0.0157117360560212,0.0108607619181728,1.0,0.9169987469094028,[-0.0008823210825565425],[0.008466355682947867],-0.0008823210825565,-0.0008823210825565,1.0,1.0,constructed,-0.0
q41_gender_z,ordinal,cash,1798,1798,5497,constructed,objective,numeric,ok,,150,-0.0316237721959149,0.0455173232904887,-0.1208377258452729,0.057590181453443,0.4826962402172182,1.0,0.4872035622487124,[-0.03162377219591497],[0.04551732329048878],-0.0316237721959149,-0.0316237721959149,1.0,1.0,constructed,-0.0
q41_gender_z,midpoint,cash,1798,1798,5497,constructed,objective,numeric,ok,,150,-0.0076680898411671,0.0077747434171872,-0.022906586938854,0.0075704072565198,0.972752273383762,1.0,0.3239947277841571,[-0.007668089841167119],[0.0077747434171872055],-0.0076680898411671,-0.0076680898411671,0.8695302407980895,1.0,constructed,0.060715309367586165
q41_gender_z,top75,cash,1798,1798,5497,constructed,objective,numeric,ok,,150,-0.0046762084888395,0.0083465160149554,-0.0210353798781523,0.0116829629004731,0.3138898480821748,1.0,0.5753029707752569,[-0.004676208488839557],[0.008346516014955487],-0.0046762084888395,-0.0046762084888395,0.9771123683502926,1.0,constructed,0.010055489353591823
q27_minorchild_z,ordinal,cash,1798,1798,5497,constructed,objective,numeric,ok,,150,-0.0597144339965363,0.045008415854086,-0.1479309290705449,0.0285020610774722,1.7602371614495818,1.0,0.184594936976326,[-0.05971443399653632],[0.045008415854086],-0.0597144339965363,-0.0597144339965363,1.0,1.0,constructed,-0.0
q27_minorchild_z,midpoint,cash,1798,1798,5497,constructed,objective,numeric,ok,,150,-0.0117752221868458,0.0076581207418089,-0.0267851388407913,0.0032346944670996,2.364252203260796,1.0,0.1241433890443277,[-0.011775222186845846],[0.007658120741808946],-0.0117752221868458,-0.0117752221868458,0.8695302407980895,1.0,constructed,0.060715309367586165
q27_minorchild_z,top75,cash,1798,1798,5497,constructed,objective,numeric,ok,,150,-0.0126853264657715,0.0082055662822335,-0.0287682363789493,0.0033975834474061,2.3899355054095444,1.0,0.1221186667289258,[-0.012685326465771599],[0.00820556628223353],-0.0126853264657715,-0.0126853264657715,0.9771123683502926,1.0,constructed,0.010055489353591823
need,ordinal,cash,1798,1798,5497,constructed,objective,numeric,ok,,150,0.0416776917068869,0.0485705416991764,-0.0535205700234989,0.1368759534372727,0.7363112251984213,1.0,0.3908450925691703,[0.041677691706886934],[0.04857054169917645],0.0416776917068869,0.0416776917068869,1.0,1.0,constructed,-0.0
need,midpoint,cash,1798,1798,5497,constructed,objective,numeric,ok,,150,0.0053653362401429,0.0083939556563811,-0.011086816846364,0.02181748932665,0.4085644232782037,1.0,0.5226990481247185,[0.005365336240142999],[0.008393955656381137],0.005365336240143,0.0053653362401429,0.8695302407980895,1.0,constructed,0.060715309367586165
need,top75,cash,1798,1798,5497,constructed,objective,numeric,ok,,150,-0.0036883549835414,0.0093454411807114,-0.0220054196977358,0.0146287097306528,0.1557635400136262,1.0,0.6930872581789118,[-0.00368835498354149],[0.009345441180711414],-0.0036883549835414,-0.0036883549835414,0.9771123683502926,1.0,constructed,0.010055489353591823
foodneed,ordinal,cash,1798,1798,5497,constructed,objective,numeric,ok,,150,-0.0003386033603149,0.0475469775720017,-0.0935306794014384,0.0928534726808086,5.071503119606744e-05,1.0,0.9943179540811684,[-0.00033860336031490924],[0.04754697757200179],-0.0003386033603149,-0.0003386033603149,1.0,1.0,constructed,-0.0
foodneed,midpoint,cash,1798,1798,5497,constructed,objective,numeric,ok,,150,-0.001349088044267,0.0083370587140723,-0.0176897231238488,0.0149915470353147,0.026185137997858,1.0,0.8714490005839182,[-0.0013490880442670258],[0.008337058714072356],-0.001349088044267,-0.001349088044267,0.9199826046598968,1.0,constructed,0.03622038436274974
foodneed,top75,cash,1798,1798,5497,constructed,objective,numeric,ok,,150,-0.0090318295991913,0.0096503266741354,-0.0279464698804968,0.0098828106821142,0.8759260465230404,1.0,0.3493199355972335,[-0.0090318295991913],[0.009650326674135474],-0.0090318295991913,-0.0090318295991913,0.9771123683502926,1.0,constructed,0.010055489353591823
liquidity,ordinal,cash,1798,1798,5497,constructed,subjective,numeric,ok,,150,0.0148343218146329,0.0522825356159238,-0.0876394479925778,0.1173080916218438,0.0805048617807791,1.0,0.7766144002024524,[0.014834321814632982],[0.052282535615923886],0.0148343218146329,0.0148343218146329,1.0,1.0,constructed,-0.0
liquidity,midpoint,cash,1798,1798,5497,constructed,subjective,numeric,ok,,150,0.0051262190068805,0.0090841046437004,-0.0126786260947722,0.0229310641085334,0.3184417898827426,1.0,0.572545580287081,[0.005126219006880596],[0.009084104643700436],0.0051262190068805,0.0051262190068805,0.8695302407980895,1.0,constructed,0.060715309367586165
liquidity,top75,cash,1798,1798,5497,constructed,subjective,numeric,ok,,150,-0.0001560785957537,0.0104442589262911,-0.0206268260912843,0.0203146688997768,0.0002233219637458,1.0,0.98807688820146,[-0.0001560785957537697],[0.01044425892629113],-0.0001560785957537,-0.0001560785957537,1.0,1.0,constructed,-0.0
income_z,ordinal,cash,1798,1798,5497,constructed,objective,numeric,ok,,150,0.0426454255823094,0.0486974162823288,-0.052801510331055,0.138092361495674,0.7668899851948462,1.0,0.3811808831233233,[0.04264542558230945],[0.048697416282328855],0.0426454255823094,0.0426454255823094,1.0,1.0,constructed,-0.0
income_z,midpoint,cash,1798,1798,5497,constructed,objective,numeric,ok,,150,0.0089824282499769,0.0084791185211811,-0.007636644051538,0.0256015005514919,1.1222409242892282,1.0,0.2894364362132757,[0.008982428249976948],[0.008479118521181142],0.0089824282499769,0.0089824282499769,0.8695302407980895,1.0,constructed,0.060715309367586165
income_z,top75,cash,1798,1798,5497,constructed,objective,numeric,ok,,150,0.0112864994819865,0.0095454326472004,-0.0074225485065263,0.0299955474704995,1.3980647853390171,1.0,0.2370478575111535,[0.011286499481986593],[0.009545432647200484],0.0112864994819865,0.0112864994819865,0.9771123683502926,1.0,constructed,0.010055489353591823
who::liquidity,ordinal,cash,1798,1798,5497,constructed,subjective,numeric,ok,,150,0.0148343218146329,0.0522825356159238,-0.0876394479925778,0.1173080916218438,0.0805048617807791,1.0,0.7766144002024524,[0.014834321814632982],[0.052282535615923886],0.0148343218146329,0.0148343218146329,1.0,1.0,constructed,-0.0
who::liquidity,midpoint,cash,1798,1798,5497,constructed,subjective,numeric,ok,,150,0.0051262190068805,0.0090841046437004,-0.0126786260947722,0.0229310641085334,0.3184417898827426,1.0,0.572545580287081,[0.005126219006880596],[0.009084104643700436],0.0051262190068805,0.0051262190068805,0.8695302407980895,1.0,constructed,0.060715309367586165
who::liquidity,top75,cash,1798,1798,5497,constructed,subjective,numeric,ok,,150,-0.0001560785957537,0.0104442589262911,-0.0206268260912843,0.0203146688997768,0.0002233219637458,1.0,0.98807688820146,[-0.0001560785957537697],[0.01044425892629113],-0.0001560785957537,-0.0001560785957537,1.0,1.0,constructed,-0.0
who::income,ordinal,cash,1798,1798,5497,constructed,objective,numeric,ok,,150,0.0426454255823094,0.0486974162823288,-0.052801510331055,0.138092361495674,0.7668899851948462,1.0,0.3811808831233233,[0.04264542558230945],[0.048697416282328855],0.0426454255823094,0.0426454255823094,1.0,1.0,constructed,-0.0
who::income,midpoint,cash,1798,1798,5497,constructed,objective,numeric,ok,,150,0.0089824282499769,0.0084791185211811,-0.007636644051538,0.0256015005514919,1.1222409242892282,1.0,0.2894364362132757,[0.008982428249976948],[0.008479118521181142],0.0089824282499769,0.0089824282499769,0.8695302407980895,1.0,constructed,0.060715309367586165
who::income,top75,cash,1798,1798,5497,constructed,objective,numeric,ok,,150,0.0112864994819865,0.0095454326472004,-0.0074225485065263,0.0299955474704995,1.3980647853390171,1.0,0.2370478575111535,[0.011286499481986593],[0.009545432647200484],0.0112864994819865,0.0112864994819865,0.9771123683502926,1.0,constructed,0.010055489353591823
who::food,ordinal,cash,1798,1798,5497,constructed,objective,numeric,ok,,150,-0.0003386033603149,0.0475469775720017,-0.0935306794014384,0.0928534726808086,5.071503119606744e-05,1.0,0.9943179540811684,[-0.00033860336031490924],[0.04754697757200179],-0.0003386033603149,-0.0003386033603149,1.0,1.0,constructed,-0.0
who::food,midpoint,cash,1798,1798,5497,constructed,objective,numeric,ok,,150,-0.001349088044267,0.0083370587140723,-0.0176897231238488,0.0149915470353147,0.026185137997858,1.0,0.8714490005839182,[-0.0013490880442670258],[0.008337058714072356],-0.001349088044267,-0.001349088044267,0.9199826046598968,1.0,constructed,0.03622038436274974
who::food,top75,cash,1798,1798,5497,constructed,objective,numeric,ok,,150,-0.0090318295991913,0.0096503266741354,-0.0279464698804968,0.0098828106821142,0.8759260465230404,1.0,0.3493199355972335,[-0.0090318295991913],[0.009650326674135474],-0.0090318295991913,-0.0090318295991913,0.9771123683502926,1.0,constructed,0.010055489353591823
who::medical,ordinal,cash,1798,1798,5497,constructed,objective,numeric,ok,,150,0.0416776917068869,0.0485705416991764,-0.0535205700234989,0.1368759534372727,0.7363112251984213,1.0,0.3908450925691703,[0.041677691706886934],[0.04857054169917645],0.0416776917068869,0.0416776917068869,1.0,1.0,constructed,-0.0
who::medical,midpoint,cash,1798,1798,5497,constructed,objective,numeric,ok,,150,0.0053653362401429,0.0083939556563811,-0.011086816846364,0.02181748932665,0.4085644232782037,1.0,0.5226990481247185,[0.005365336240142999],[0.008393955656381137],0.005365336240143,0.0053653362401429,0.8695302407980895,1.0,constructed,0.060715309367586165
who::medical,top75,cash,1798,1798,5497,constructed,objective,numeric,ok,,150,-0.0036883549835414,0.0093454411807114,-0.0220054196977358,0.0146287097306528,0.1557635400136262,1.0,0.6930872581789118,[-0.00368835498354149],[0.009345441180711414],-0.0036883549835414,-0.0036883549835414,0.9771123683502926,1.0,constructed,0.010055489353591823
who::subsidy_yes,ordinal,cash,1798,1798,5497,constructed,objective,numeric,ok,,150,-0.0718669689059055,0.0451540512105748,-0.1603689092786323,0.0166349714668212,2.533175121242892,1.0,0.1114757005682913,[-0.07186696890590552],[0.04515405121057488],-0.0718669689059055,-0.0718669689059055,1.0,1.0,constructed,-0.0
who::subsidy_yes,midpoint,cash,1798,1798,5497,constructed,objective,numeric,ok,,150,-0.0082451401057927,0.007742896019286,-0.0234212163035933,0.0069309360920078,1.133937780747978,1.0,0.2869369591194059,[-0.008245140105792753],[0.0077428960192860215],-0.0082451401057927,-0.0082451401057927,0.8695302407980895,1.0,constructed,0.060715309367586165
who::subsidy_yes,top75,cash,1798,1798,5497,constructed,objective,numeric,ok,,150,-0.0002961484887485,0.0083264498614573,-0.0166159902172048,0.0160236932397078,0.0012650255555364,1.0,0.9716274641703008,[-0.00029614848874851647],[0.008326449861457325],-0.0002961484887485,-0.0002961484887485,1.0,1.0,constructed,-0.0
who::subsidy_unknown,ordinal,cash,1798,1798,5497,constructed,objective,numeric,ok,,150,-0.0365562566052641,0.0435575454340238,-0.121929045655951,0.0488165324454226,0.7043631674375974,1.0,0.401321479061513,[-0.036556256605264195],[0.043557545434023896],-0.0365562566052642,-0.0365562566052641,1.0,1.0,constructed,-0.0
who::subsidy_unknown,midpoint,cash,1798,1798,5497,constructed,objective,numeric,ok,,150,-0.004867976083972,0.0073805287427876,-0.0193338124198358,0.0095978602518917,0.435032717357125,1.0,0.5095297469101541,[-0.0048679760839720285],[0.00738052874278765],-0.004867976083972,-0.004867976083972,0.8695302407980895,1.0,constructed,0.060715309367586165
who::subsidy_unknown,top75,cash,1798,1798,5497,constructed,objective,numeric,ok,,150,0.0083016232789437,0.007848988791098,-0.0070823947516084,0.0236856413094959,1.1186613293236132,1.0,0.2902068870386159,[0.008301623278943761],[0.007848988791098058],0.0083016232789437,0.0083016232789437,0.9771123683502926,1.0,constructed,0.010055489353591823
who::age,ordinal,cash,1798,1798,5497,constructed,objective,numeric,ok,,150,0.0448908991064833,0.0449748809122957,-0.0432598674816162,0.1330416656945829,0.9962688774577836,1.0,0.3182150177072372,[0.04489089910648332],[0.044974880912295706],0.0448908991064833,0.0448908991064833,1.0,1.0,constructed,-0.0
who::age,midpoint,cash,1798,1798,5497,constructed,objective,numeric,ok,,150,0.0088465593531467,0.0075753049409376,-0.006001038331091,0.0236941570373846,1.3637932966810655,1.0,0.2428811505138689,[0.008846559353146785],[0.007575304940937669],0.0088465593531467,0.0088465593531467,0.8695302407980895,1.0,constructed,0.060715309367586165
who::age,top75,cash,1798,1798,5497,constructed,objective,numeric,ok,,150,0.004503540818159,0.0079908933653947,-0.0111586101780146,0.0201656918143328,0.3176270903343187,1.0,0.5730371784767478,[0.004503540818159064],[0.007990893365394774],0.004503540818159,0.004503540818159,0.9771123683502926,1.0,constructed,0.010055489353591823
who::education,ordinal,cash,1798,1798,5497,constructed,objective,numeric,ok,,150,-0.0222895692158085,0.0480801135908073,-0.1165265918537909,0.0719474534221738,0.2149177969380509,1.0,0.6429398904016339,[-0.022289569215808536],[0.048080113590807355],-0.0222895692158085,-0.0222895692158085,1.0,1.0,constructed,-0.0
who::education,midpoint,cash,1798,1798,5497,constructed,objective,numeric,ok,,150,-0.00430923011244,0.0082575192555041,-0.0204939678532281,0.011875507628348,0.2723329445450956,1.0,0.6017710894876834,[-0.004309230112440051],[0.008257519255504144],-0.00430923011244,-0.00430923011244,0.8695302407980895,1.0,constructed,0.060715309367586165
who::education,top75,cash,1798,1798,5497,constructed,objective,numeric,ok,,150,-0.0037706457053212,0.0090593439469337,-0.0215269598413113,0.0139856684306688,0.1732359245208708,1.0,0.6772518070019089,[-0.0037706457053212367],[0.009059343946933734],-0.0037706457053212,-0.0037706457053212,0.9771123683502926,1.0,constructed,0.010055489353591823
who::household_size,ordinal,cash,1798,1798,5497,constructed,objective,numeric,ok,,150,0.0280507773747568,0.0464670705884032,-0.0630246809785135,0.1191262357280272,0.3644174915739466,1.0,0.5460630508338298,[0.02805077737475687],[0.04646707058840326],0.0280507773747568,0.0280507773747568,1.0,1.0,constructed,-0.0
who::household_size,midpoint,cash,1798,1798,5497,constructed,objective,numeric,ok,,150,0.0037054477273549,0.0080166332101687,-0.0120071533645757,0.0194180488192856,0.2136472736195835,1.0,0.6439236047574413,[0.003705447727354939],[0.008016633210168739],0.0037054477273549,0.0037054477273549,0.8695302407980895,1.0,constructed,0.060715309367586165
who::household_size,top75,cash,1798,1798,5497,constructed,objective,numeric,ok,,150,0.0027656017448888,0.0088600899375957,-0.0146001745327987,0.0201313780225764,0.0974323147280931,1.0,0.7549329901336854,[0.002765601744888809],[0.00886008993759572],0.0027656017448888,0.0027656017448888,0.9835998940755498,1.0,constructed,0.007181526702745718
who::minor_child,ordinal,cash,1798,1798,5497,constructed,objective,numeric,ok,,150,0.0597144339965363,0.045008415854086,-0.0285020610774722,0.1479309290705449,1.7602371614495822,1.0,0.184594936976326,[0.05971443399653634],[0.045008415854086006],0.0597144339965363,0.0597144339965363,1.0,1.0,constructed,-0.0
who::minor_child,midpoint,cash,1798,1798,5497,constructed,objective,numeric,ok,,150,0.0117752221868458,0.0076581207418089,-0.0032346944670996,0.0267851388407913,2.364252203260795,1.0,0.124143389044328,[0.011775222186845843],[0.007658120741808946],0.0117752221868458,0.0117752221868458,0.8695302407980895,1.0,constructed,0.060715309367586165
who::minor_child,top75,cash,1798,1798,5497,constructed,objective,numeric,ok,,150,0.0126853264657716,0.0082055662822335,-0.0033975834474061,0.0287682363789493,2.3899355054095457,1.0,0.1221186667289244,[0.012685326465771602],[0.00820556628223353],0.0126853264657716,0.0126853264657716,0.9771123683502926,1.0,constructed,0.010055489353591823
who::housing_rent,ordinal,cash,1798,1798,5497,constructed,objective,numeric,ok,,150,-0.0383673028486252,0.0430474884049566,-0.1227403801223402,0.0460057744250897,0.7943774454875284,1.0,0.3727797556178486,[-0.03836730284862522],[0.04304748840495663],-0.0383673028486252,-0.0383673028486252,1.0,1.0,constructed,-0.0
who::housing_rent,midpoint,cash,1798,1798,5497,constructed,objective,numeric,ok,,150,-0.0040893072937419,0.0072287904445766,-0.0182577365651122,0.0100791219776282,0.3200134441452328,1.0,0.5715995656273016,[-0.004089307293741988],[0.007228790444576641],-0.0040893072937419,-0.0040893072937419,0.8695302407980895,1.0,constructed,0.060715309367586165
who::housing_rent,top75,cash,1798,1798,5497,constructed,objective,numeric,ok,,150,0.0010184327049492,0.0077376678898905,-0.0141473963592362,0.0161842617691347,0.0173238535652451,1.0,0.8952847778032162,[0.00101843270494929],[0.007737667889890562],0.0010184327049492,0.0010184327049492,1.0,1.0,constructed,-0.0
who::housing_other,ordinal,cash,1798,1798,5497,constructed,objective,numeric,ok,,150,0.0132282980506848,0.0529260982955714,-0.0905068546086352,0.1169634507100049,0.0624695223158694,1.0,0.8026344937364449,[0.013228298050684852],[0.05292609829557149],0.0132282980506848,0.0132282980506848,1.0,1.0,constructed,-0.0
who::housing_other,midpoint,cash,1798,1798,5497,constructed,objective,numeric,ok,,150,0.0004964140082708,0.0092641020097666,-0.0176612259308717,0.0186540539474134,0.0028713187010331,1.0,0.9572660568368868,[0.0004964140082708333],[0.009264102009766639],0.0004964140082708,0.0004964140082708,0.9971521425384235,1.0,constructed,0.0012385732591519173
who::housing_other,top75,cash,1798,1798,5497,constructed,objective,numeric,ok,,150,0.0006643556935061,0.0103132492695929,-0.0195496128748959,0.0208783242619082,0.0041496387745022,1.0,0.9486376447619318,[0.0006643556935061346],[0.01031324926959292],0.0006643556935061,0.0006643556935061,1.0,1.0,constructed,-0.0
who::work_retired,ordinal,cash,1798,1798,5497,constructed,objective,numeric,ok,,150,0.0464950809758701,0.0376101873959084,-0.0272208863201103,0.1202110482718506,1.5282803253372652,1.0,0.2163707208237659,[0.04649508097587016],[0.03761018739590841],0.0464950809758701,0.0464950809758701,1.0,1.0,constructed,-0.0
who::work_retired,midpoint,cash,1798,1798,5497,constructed,objective,numeric,ok,,150,0.0077987987349215,0.006166652196332,-0.0042878395698891,0.0198854370397322,1.5993978797125368,1.0,0.2059885608237721,[0.007798798734921537],[0.006166652196332006],0.0077987987349215,0.0077987987349215,0.8695302407980895,1.0,constructed,0.060715309367586165
who::work_retired,top75,cash,1798,1798,5497,constructed,objective,numeric,ok,,150,-0.0007159067289771,0.0056184215789109,-0.0117280130236426,0.0102961995656883,0.0162361943815248,1.0,0.8986069379151026,[-0.0007159067289771218],[0.005618421578910977],-0.0007159067289771,-0.0007159067289771,1.0,1.0,constructed,-0.0
who::work_student,ordinal,cash,1798,1798,5497,constructed,objective,numeric,ok,,150,0.0217938743897788,0.0406970088257088,-0.0579722629086105,0.1015600116881682,0.2867767286278322,1.0,0.5922935211984413,[0.021793874389778842],[0.04069700882570886],0.0217938743897788,0.0217938743897788,1.0,1.0,constructed,-0.0
who::work_student,midpoint,cash,1798,1798,5497,constructed,objective,numeric,ok,,150,0.0040895167614161,0.0067631071887885,-0.0091661733286093,0.0173452068514415,0.3656381002611817,1.0,0.5453915308042518,[0.004089516761416109],[0.006763107188788514],0.0040895167614161,0.0040895167614161,0.8695302407980895,1.0,constructed,0.060715309367586165
who::work_student,top75,cash,1798,1798,5497,constructed,objective,numeric,ok,,150,0.0061012775331409,0.0067009606431202,-0.0070326053273747,0.0192351603936567,0.8290246169371205,1.0,0.362554722879331,[0.00610127753314097],[0.0067009606431202755],0.0061012775331409,0.0061012775331409,0.9771123683502926,1.0,constructed,0.010055489353591823
who::work_not_working,ordinal,cash,1798,1798,5497,constructed,objective,numeric,ok,,150,-0.0310607873904691,0.0468420276970964,-0.1228711616767783,0.0607495868958399,0.4396970467824894,1.0,0.5072687142189285,[-0.03106078739046919],[0.046842027697096486],-0.0310607873904691,-0.0310607873904691,1.0,1.0,constructed,-0.0
who::work_not_working,midpoint,cash,1798,1798,5497,constructed,objective,numeric,ok,,150,-0.0063535304002117,0.0079014355312794,-0.0218403440415194,0.0091332832410959,0.6465739787643904,1.0,0.42134024124611,[-0.006353530400211731],[0.007901435531279446],-0.0063535304002117,-0.0063535304002117,0.8695302407980895,1.0,constructed,0.060715309367586165
who::work_not_working,top75,cash,1798,1798,5497,constructed,objective,numeric,ok,,150,-0.0049330321377367,0.00876145318158,-0.0221054803736337,0.0122394160981602,0.3170119258470696,1.0,0.573408925880085,[-0.004933032137736748],[0.008761453181580095],-0.0049330321377367,-0.0049330321377367,0.9771123683502926,1.0,constructed,0.010055489353591823
who::work_other,ordinal,cash,1798,1798,5497,constructed,objective,numeric,ok,,150,0.0246233159866197,0.0588718121190733,-0.090765435766764,0.1400120677400035,0.1749356281681453,1.0,0.6757621000693146,[0.024623315986619744],[0.05887181211907335],0.0246233159866197,0.0246233159866197,1.0,1.0,constructed,-0.0
who::work_other,midpoint,cash,1798,1798,5497,constructed,objective,numeric,ok,,150,0.0051975110582382,0.0102691495137985,-0.0149300219888068,0.0253250441052833,0.2561662377709027,1.0,0.6127663201598675,[0.00519751105823827],[0.010269149513798525],0.0051975110582382,0.0051975110582382,0.8695302407980895,1.0,constructed,0.060715309367586165
who::work_other,top75,cash,1798,1798,5497,constructed,objective,numeric,ok,,150,0.0097444626308138,0.0122185015924415,-0.0142038004903715,0.0336927257519992,0.6360333517536507,1.0,0.4251508386359894,[0.009744462630813838],[0.012218501592441547],0.0097444626308138,0.0097444626308138,0.9771123683502926,1.0,constructed,0.010055489353591823
group::liquidity,ordinal,cash,1798,1798,5497,constructed,subjective,categorical,ok,,150,,,,,0.4304352141677222,2.0,0.8063659501411468,"[0.04404403627284008, -0.023692628456369755]","[0.11453419805220358, 0.1286188184950084]",,,1.0,1.0,constructed,-0.0
group::liquidity,midpoint,cash,1798,1798,5497,constructed,subjective,categorical,ok,,150,,,,,0.2623823618650611,2.0,0.8770500831091017,"[0.009722324030630962, 0.004540821726210686]","[0.019589633171890487, 0.022054794039443902]",,,0.9199826046598968,1.0,constructed,0.03622038436274974
group::liquidity,top75,cash,1798,1798,5497,constructed,subjective,categorical,ok,,150,,,,,0.0865064620614026,2.0,0.9576688478893024,"[0.0053298839719836295, 0.0009750960286771422]","[0.021624633769032457, 0.024210213408958618]",,,1.0,1.0,constructed,-0.0
group::income,ordinal,cash,1798,1798,5497,constructed,objective,categorical,ok,,150,,,,,0.8501785946855823,2.0,0.6537114078317456,"[0.03242112489807786, 0.1075510410148122]","[0.11170070942726319, 0.12178794500999847]",,,1.0,1.0,constructed,-0.0
group::income,midpoint,cash,1798,1798,5497,constructed,objective,categorical,ok,,150,,,,,0.9047168362859734,2.0,0.6361261297145722,"[0.008993012990600489, 0.019841264388632335]","[0.01877078391757728, 0.02090095336570783]",,,0.8695302407980895,1.0,constructed,0.060715309367586165
group::income,top75,cash,1798,1798,5497,constructed,objective,categorical,ok,,150,,,,,0.6512097508724238,2.0,0.7220904467443092,"[0.002326978746711103, 0.016730377626658084]","[0.019958900056656157, 0.02288884387371093]",,,0.9771123683502926,1.0,constructed,0.010055489353591823
group::food,ordinal,cash,1798,1798,5497,constructed,objective,categorical,ok,,150,,,,,2.4786650183759478,2.0,0.289577443726715,"[0.16144813123262258, 0.05008163979461648]","[0.10869137199121226, 0.15396558464551247]",,,1.0,1.0,constructed,-0.0
group::food,midpoint,cash,1798,1798,5497,constructed,objective,categorical,ok,,150,,,,,2.95205766148744,2.0,0.2285434734961222,"[0.029958597817025912, 0.011221168329359267]","[0.01806656355186799, 0.026896757081844417]",,,0.8695302407980895,1.0,constructed,0.060715309367586165
group::food,top75,cash,1798,1798,5497,constructed,objective,categorical,ok,,150,,,,,2.871240437109919,2.0,0.2379677262362816,"[0.027196221455350087, -0.004710393192583459]","[0.018896153963239543, 0.03083381464626841]",,,0.9771123683502926,1.0,constructed,0.010055489353591823
group::medical,ordinal,cash,1798,1798,5497,constructed,objective,categorical,ok,,150,,,,,5.415764356266547,2.0,0.066677869139039,"[0.25186553779480586, 0.13031243694807426]","[0.1098894263209747, 0.1682964336135853]",,,1.0,1.0,constructed,-0.0
group::medical,midpoint,cash,1798,1798,5497,constructed,objective,categorical,ok,,150,,,,,3.617307098154635,2.0,0.1638746374795601,"[0.034668892277139984, 0.019367802599488948]","[0.01838397170772388, 0.029109349713107212]",,,0.8695302407980895,1.0,constructed,0.060715309367586165
group::medical,top75,cash,1798,1798,5497,constructed,objective,categorical,ok,,150,,,,,0.3899777251406361,2.0,0.8228438223701957,"[0.007523483830193458, -0.008734435642319169]","[0.01921564955895871, 0.0324742445424855]",,,0.9874125868442348,1.0,constructed,0.005501340999255833
group::subsidy,ordinal,cash,1798,1798,5497,constructed,objective,categorical,ok,,150,,,,,4.252442625952443,2.0,0.119287192269965,"[0.1821417383692779, -0.049366295561528176]","[0.09591401305651129, 0.15982018342214796]",,,1.0,1.0,constructed,-0.0
group::subsidy,midpoint,cash,1798,1798,5497,constructed,objective,categorical,ok,,150,,,,,2.1268606366920766,2.0,0.3452693926663192,"[0.021426697673138675, -0.007833131488694633]","[0.016420110854435264, 0.027201341118534717]",,,0.8695302407980895,1.0,constructed,0.060715309367586165
group::subsidy,top75,cash,1798,1798,5497,constructed,objective,categorical,ok,,150,,,,,1.1886443411709058,2.0,0.5519365579360309,"[-0.00505733920501094, 0.027175917396368977]","[0.017660515638005848, 0.028984567108667186]",,,0.9771123683502926,1.0,constructed,0.010055489353591823
need_group,ordinal,cash,1798,1798,5497,constructed,objective,categorical,ok,,150,,,,,5.415764356266547,2.0,0.066677869139039,"[0.25186553779480586, 0.13031243694807426]","[0.1098894263209747, 0.1682964336135853]",,,1.0,1.0,constructed,-0.0
need_group,midpoint,cash,1798,1798,5497,constructed,objective,categorical,ok,,150,,,,,3.617307098154635,2.0,0.1638746374795601,"[0.034668892277139984, 0.019367802599488948]","[0.01838397170772388, 0.029109349713107212]",,,0.8695302407980895,1.0,constructed,0.060715309367586165
need_group,top75,cash,1798,1798,5497,constructed,objective,categorical,ok,,150,,,,,0.3899777251406361,2.0,0.8228438223701957,"[0.007523483830193458, -0.008734435642319169]","[0.01921564955895871, 0.0324742445424855]",,,0.9874125868442348,1.0,constructed,0.005501340999255833
age_squared,ordinal,cash,1798,1798,5497,constructed,objective,numeric,ok,,150,0.0343232809843103,0.043802923929906,-0.0515304499183056,0.1201770118869262,0.6140042657171787,1.0,0.4332841045915143,[0.0343232809843103],[0.043802923929906076],4.7586578245613e-05,0.0343232809843103,1.0,1.0,constructed,-0.0
age_squared,midpoint,cash,1798,1798,5497,constructed,objective,numeric,ok,,150,0.0068841018928703,0.0073508948454413,-0.0075236520041947,0.0212918557899354,0.8770294141195817,1.0,0.3490165917663691,[0.0068841018928703195],[0.0073508948454413785],9.544275604817407e-06,0.0068841018928703,0.8695302407980895,1.0,constructed,0.060715309367586165
age_squared,top75,cash,1798,1798,5497,constructed,objective,numeric,ok,,150,0.0031949309992079,0.0075869323284611,-0.0116754563645759,0.0180653183629918,0.1773334019078345,1.0,0.6736749592883484,[0.0031949309992079394],[0.007586932328461172],4.429525081027104e-06,0.0031949309992079,0.9771123683502926,1.0,constructed,0.010055489353591823
food_lower6,ordinal,cash,1798,1798,5497,constructed,objective,numeric,ok,,150,-0.0216290958806686,0.0494087941839368,-0.1184703324811848,0.0752121407198476,0.1916320835094275,1.0,0.6615617059335306,[-0.0216290958806686],[0.04940879418393686],-3.2430657647382432e-06,-0.0216290958806686,1.0,1.0,constructed,-0.0
food_lower6,midpoint,cash,1798,1798,5497,constructed,objective,numeric,ok,,150,-0.0058869722456514,0.0088222716723578,-0.0231786247234728,0.0114046802321698,0.4452696785668456,1.0,0.5045899109065292,[-0.005886972245651465],[0.008822271672357837],-8.826923812798001e-07,-0.0058869722456514,0.8695302407980895,1.0,constructed,0.060715309367586165
food_lower6,top75,cash,1798,1798,5497,constructed,objective,numeric,ok,,150,-0.0142969958730737,0.0103483948883432,-0.0345798498542265,0.005985858108079,1.908726038397558,1.0,0.1671048410563243,[-0.014296995873073759],[0.010348394888343267],-2.143690985068405e-06,-0.0142969958730737,0.9771123683502926,1.0,constructed,0.010055489353591823
strict_all_amounts,ordinal,cash,1798,1798,5497,constructed,objective,binary,ok,,150,0.0583115368636602,0.0443365891606028,-0.0285881778911214,0.1452112516184418,1.7297542911528538,1.0,0.1884422798836726,[0.0583115368636602],[0.04433658916060289],0.140146921719796,0.0583115368636602,1.0,1.0,constructed,-0.0
strict_all_amounts,midpoint,cash,1798,1798,5497,constructed,objective,binary,ok,,150,0.0110299657249536,0.0074044226118419,-0.0034827025942566,0.0255426340441639,2.219044078252712,1.0,0.1363174396533431,[0.011029965724953678],[0.0074044226118419815],0.0265096038652081,0.0110299657249536,0.8695302407980895,1.0,constructed,0.060715309367586165
strict_all_amounts,top75,cash,1798,1798,5497,constructed,objective,binary,ok,,150,0.0087098921947565,0.0078399930738661,-0.006656494230021,0.0240762786195342,1.2342246082883763,1.0,0.266587022783088,[0.00870989219475658],[0.00783999307386616],0.0209335003887906,0.0087098921947565,0.9771123683502926,1.0,constructed,0.010055489353591823
subjective_economic_pc1,ordinal,cash,1798,1798,5497,constructed,subjective,numeric,ok,,150,0.0108887987640485,0.0508587776594381,-0.0887944054484503,0.1105720029765473,0.0458382582549968,1.0,0.8304700805955684,[0.010888798764048538],[0.05085877765943819],0.003379791587082,0.0108887987640485,1.0,1.0,constructed,-0.0
subjective_economic_pc1,midpoint,cash,1798,1798,5497,constructed,subjective,numeric,ok,,150,0.0061512110126922,0.0086635636904952,-0.0108293738206785,0.023131795846063,0.5041132423588184,1.0,0.4776983532377343,[0.006151211012692226],[0.008663563690495297],0.001909284181071,0.0061512110126922,0.8695302407980895,1.0,constructed,0.060715309367586165
subjective_economic_pc1,top75,cash,1798,1798,5497,constructed,subjective,numeric,ok,,150,0.0050164162409588,0.0096231405405984,-0.0138449392186139,0.0238777717005317,0.2717399389699592,1.0,0.6021669875848867,[0.0050164162409588875],[0.009623140540598409],0.0015570534248895,0.0050164162409588,0.9771123683502926,1.0,constructed,0.010055489353591823
social_confidence_pc1,ordinal,cash,1798,1798,5497,constructed,subjective,numeric,ok,,150,0.0081447521826326,0.0508283869600533,-0.0914788862590717,0.1077683906243371,0.0256769298326825,1.0,0.8726918434949604,[0.008144752182632697],[0.050828386960053304],0.0029352173061826,0.0081447521826326,1.0,1.0,constructed,-0.0
social_confidence_pc1,midpoint,cash,1798,1798,5497,constructed,subjective,numeric,ok,,150,0.0050764704908407,0.00861734631429,-0.0118135282851676,0.0219664692668491,0.3470376857302499,1.0,0.5557948334901808,[0.005076470490840731],[0.008617346314290012],0.0018294656123257,0.0050764704908407,0.8695302407980895,1.0,constructed,0.060715309367586165
social_confidence_pc1,top75,cash,1798,1798,5497,constructed,subjective,numeric,ok,,150,0.0045415052390511,0.0093799910352191,-0.0138432771899784,0.0229262876680807,0.2344200706137772,1.0,0.6282656056801524,[0.0045415052390511594],[0.009379991035219198],0.0016366740785811,0.0045415052390511,0.9771123683502926,1.0,constructed,0.010055489353591823
wellbeing_optimism_pc1,ordinal,cash,1798,1798,5497,constructed,subjective,numeric,ok,,150,-0.0157053817288863,0.0498261611947873,-0.1133646576706695,0.0819538942128969,0.0993532632234523,1.0,0.7526071280571194,[-0.015705381728886327],[0.049826161194787374],-0.0079940879329865,-0.0157053817288863,1.0,1.0,constructed,-0.0
wellbeing_optimism_pc1,midpoint,cash,1798,1798,5497,constructed,subjective,numeric,ok,,150,0.002151271001588,0.0084600380976216,-0.0144304036697503,0.0187329456729264,0.0646614752308545,1.0,0.7992744546447694,[0.0021512710015880606],[0.008460038097621627],0.0010950036013927,0.002151271001588,0.9056432822820394,1.0,constructed,0.043042829964251454
wellbeing_optimism_pc1,top75,cash,1798,1798,5497,constructed,subjective,numeric,ok,,150,0.0019756032121672,0.0092809653377515,-0.0162150888498257,0.0201662952741601,0.0453119910468603,1.0,0.8314313780591462,[0.0019756032121672155],[0.009280965337751518],0.001005588152608,0.0019756032121672,0.9897992595942218,1.0,constructed,0.004452875392779443
diagnostic_global_pc1,ordinal,cash,1798,1798,5497,constructed,subjective,numeric,ok,,150,0.0067613185519643,0.0507986659340566,-0.0928040666787866,0.1063267037827152,0.0177156944534373,1.0,0.8941140442465451,[0.006761318551964317],[0.05079866593405662],0.001552158327188,0.0067613185519643,1.0,1.0,constructed,-0.0
diagnostic_global_pc1,midpoint,cash,1798,1798,5497,constructed,subjective,numeric,ok,,150,0.0053899225084369,0.0086266887295827,-0.0115183874015452,0.0222982324184191,0.3903703163925962,1.0,0.5321048119684741,[0.005389922508436953],[0.008626688729582761],0.0012373345583515,0.0053899225084369,0.8695302407980895,1.0,constructed,0.060715309367586165
diagnostic_global_pc1,top75,cash,1798,1798,5497,constructed,subjective,numeric,ok,,150,0.0046658940460698,0.0094816213291089,-0.0139180837589836,0.0232498718511234,0.2421611841155492,1.0,0.6226495327461625,[0.004665894046069887],[0.009481621329108939],0.001071123367687,0.0046658940460698,0.9771123683502926,1.0,constructed,0.010055489353591823
diagnostic_global_pc2,ordinal,cash,1798,1798,5497,constructed,subjective,numeric,ok,,150,-0.0029228266898482,0.0489631926393457,-0.0988906842629658,0.0930450308832694,0.0035634172051207,1.0,0.9523990598628378,[-0.0029228266898482388],[0.04896319263934574],-0.0029552818287944,-0.0029228266898482,1.0,1.0,constructed,-0.0
diagnostic_global_pc2,midpoint,cash,1798,1798,5497,constructed,subjective,numeric,ok,,150,-0.0032341016232722,0.008408510097655,-0.0197147814146761,0.0132465781681316,0.147934417028708,1.0,0.7005171702412993,[-0.003234101623272292],[0.00840851009765505],-0.0032700131666813,-0.0032341016232722,0.8695302407980895,1.0,constructed,0.060715309367586165
diagnostic_global_pc2,top75,cash,1798,1798,5497,constructed,subjective,numeric,ok,,150,-0.0040682470029483,0.0091367137108757,-0.0219762058762649,0.0138397118703681,0.1982597674308311,1.0,0.6561291934989563,[-0.004068247002948378],[0.009136713710875792],-0.0041134209170251,-0.0040682470029483,0.9771123683502926,1.0,constructed,0.010055489353591823
diagnostic_global_pc3,ordinal,cash,1798,1798,5497,constructed,subjective,numeric,ok,,150,-0.0136619676460166,0.0516227522549309,-0.1148425620656812,0.0875186267736479,0.0700396867031752,1.0,0.7912790051065081,[-0.013661967646016668],[0.051622752254930925],-0.0155340263564409,-0.0136619676460166,1.0,1.0,constructed,-0.0
diagnostic_global_pc3,midpoint,cash,1798,1798,5497,constructed,subjective,numeric,ok,,150,-0.0030520649245278,0.0088571857684393,-0.0204121490306689,0.0143080191816132,0.1187397222069065,1.0,0.7304054022703952,[-0.0030520649245278624],[0.008857185768439337],-0.0034702802852126,-0.0030520649245278,0.8695302407980895,1.0,constructed,0.060715309367586165
diagnostic_global_pc3,top75,cash,1798,1798,5497,constructed,subjective,numeric,ok,,150,0.0039738560977717,0.0098201045516193,-0.0152735488234021,0.0232212610189457,0.1637540498054253,1.0,0.6857235113481603,[0.003973856097771794],[0.009820104551619383],0.004518381755756,0.0039738560977717,0.9771123683502926,1.0,constructed,0.010055489353591823
diagnostic_global_pc4,ordinal,cash,1798,1798,5497,constructed,subjective,numeric,ok,,150,-0.0114542807308783,0.0503447642878839,-0.1101300187351308,0.0872214572733742,0.0517639038931219,1.0,0.8200218908100485,[-0.011454280730878322],[0.050344764287883946],-0.014271265936206,-0.0114542807308783,1.0,1.0,constructed,-0.0
diagnostic_global_pc4,midpoint,cash,1798,1798,5497,constructed,subjective,numeric,ok,,150,-0.0021215589280698,0.0089033405739437,-0.0195721064529995,0.0153289885968598,0.0567811553880771,1.0,0.8116577532580027,[-0.0021215589280698397],[0.00890334057394373],-0.002643320202568,-0.0021215589280698,0.9085721118559732,1.0,constructed,0.04164059775795459
diagnostic_global_pc4,top75,cash,1798,1798,5497,constructed,subjective,numeric,ok,,150,-0.0076909508524578,0.0103859846441538,-0.0280474807549993,0.0126655790500836,0.5483586769052468,1.0,0.4589891144073482,[-0.007690950852457835],[0.010385984644153818],-0.0095824091880189,-0.0076909508524578,0.9771123683502926,1.0,constructed,0.010055489353591823
diagnostic_global_pc5,ordinal,cash,1798,1798,5497,constructed,subjective,numeric,ok,,150,0.0148844148297205,0.0494832220363176,-0.082102700361462,0.1118715300209031,0.090478957889052,1.0,0.7635691406693788,[0.014884414829720511],[0.04948322203631765],0.0208382531660451,0.0148844148297205,1.0,1.0,constructed,-0.0
diagnostic_global_pc5,midpoint,cash,1798,1798,5497,constructed,subjective,numeric,ok,,150,0.0030881787869701,0.0086853686867316,-0.0139351438390238,0.0201115014129641,0.1264236584004038,1.0,0.7221693193527261,[0.003088178786970153],[0.008685368686731636],0.004323465324038,0.0030881787869701,0.8695302407980895,1.0,constructed,0.060715309367586165
diagnostic_global_pc5,top75,cash,1798,1798,5497,constructed,subjective,numeric,ok,,150,0.0083548472369586,0.0099425820922561,-0.0111326136638634,0.0278423081377806,0.7061202333260425,1.0,0.4007348170463022,[0.008354847236958639],[0.009942582092256153],0.0116968267734477,0.0083548472369586,0.9771123683502926,1.0,constructed,0.010055489353591823
diagnostic_global_pc6,ordinal,cash,1798,1798,5497,constructed,subjective,numeric,ok,,150,0.0414105141392838,0.0444454319968693,-0.04570253257458,0.1285235608531476,0.8680944539740741,1.0,0.3514833850065241,[0.041410514139283816],[0.04444543199686932],0.0631110599523052,0.0414105141392838,1.0,1.0,constructed,-0.0
diagnostic_global_pc6,midpoint,cash,1798,1798,5497,constructed,subjective,numeric,ok,,150,0.0045158110497542,0.0072823775827112,-0.0097576490123598,0.0187892711118682,0.3845254934494652,1.0,0.5351911647382784,[0.0045158110497542136],[0.007282377582711239],0.0068822526794942,0.0045158110497542,0.8695302407980895,1.0,constructed,0.060715309367586165
diagnostic_global_pc6,top75,cash,1798,1798,5497,constructed,subjective,numeric,ok,,150,-0.0039184144210576,0.0076071392182726,-0.018828407288872,0.0109915784467568,0.2653248965416085,1.0,0.6064852544992826,[-0.00391841442105763],[0.00760713921827267],-0.0059717994954993,-0.0039184144210576,0.9771123683502926,1.0,constructed,0.010055489353591823
diagnostic_global_pc7,ordinal,cash,1798,1798,5497,constructed,subjective,numeric,ok,,150,0.1033185004277074,0.049057227333418,0.0071663348542081,0.1994706660012067,4.4355776961483055,1.0,0.0351973062772449,[0.10331850042770742],[0.049057227333418],0.1726139197302383,0.1033185004277074,1.0,1.0,constructed,-0.0
diagnostic_global_pc7,midpoint,cash,1798,1798,5497,constructed,subjective,numeric,ok,,150,0.0187828977766398,0.0086480203432932,0.001832777903785,0.0357330176494946,4.717281407892299,1.0,0.0298609174884442,[0.01878289777663986],[0.008648020343293265],0.0313805329703441,0.0187828977766398,0.8695302407980895,1.0,constructed,0.060715309367586165
diagnostic_global_pc7,top75,cash,1798,1798,5497,constructed,subjective,numeric,ok,,150,0.0186337408976833,0.0101575651865842,-0.0012750868680218,0.0385425686633884,3.3652773959735702,1.0,0.0665843696361548,[0.018633740897683305],[0.010157565186584281],0.0311313370042312,0.0186337408976833,0.9771123683502926,1.0,constructed,0.010055489353591823
diagnostic_global_pc8,ordinal,cash,1798,1798,5497,constructed,subjective,numeric,ok,,150,-0.0006262559032899,0.0446961629479124,-0.0882307352811982,0.0869782234746184,0.0001963193837292,1.0,0.9888208845145192,[-0.0006262559032899082],[0.044696162947912406],-0.0010669587715943,-0.0006262559032899,1.0,1.0,constructed,-0.0
diagnostic_global_pc8,midpoint,cash,1798,1798,5497,constructed,subjective,numeric,ok,,150,-0.0030818736291964,0.0074757997044272,-0.0177344410498739,0.011570693791481,0.1699473274541382,1.0,0.6801586236731304,[-0.003081873629196467],[0.0074757997044272795],-0.005250620528034,-0.0030818736291964,0.8695302407980895,1.0,constructed,0.060715309367586165
diagnostic_global_pc8,top75,cash,1798,1798,5497,constructed,subjective,numeric,ok,,150,-0.0034521380359005,0.007934925821359,-0.0190045926457643,0.0121003165739633,0.1892738270639203,1.0,0.6635216933106098,[-0.003452138035900506],[0.00793492582135909],-0.0058814438934773,-0.0034521380359005,0.9771123683502926,1.0,constructed,0.010055489353591823
diagnostic_global_pc9,ordinal,cash,1798,1798,5497,constructed,subjective,numeric,ok,,150,-0.0470722289647367,0.0484489093278444,-0.1420320912473118,0.0478876333178383,0.943977227547228,1.0,0.3312570951205109,[-0.047072228964736715],[0.04844890932784443],-0.0825964320774655,-0.0470722289647367,1.0,1.0,constructed,-0.0
diagnostic_global_pc9,midpoint,cash,1798,1798,5497,constructed,subjective,numeric,ok,,150,-0.0091987400915461,0.0082980048311658,-0.0254628295606312,0.0070653493775389,1.2288795852715824,1.0,0.2676250427474198,[-0.00919874009154613],[0.008298004831165872],-0.0161407931572313,-0.0091987400915461,0.8695302407980895,1.0,constructed,0.060715309367586165
diagnostic_global_pc9,top75,cash,1798,1798,5497,constructed,subjective,numeric,ok,,150,-0.0158447298975404,0.0092485752528539,-0.0339719373931342,0.0022824775980533,2.9350804604470597,1.0,0.0866743443064677,[-0.015844729897540443],[0.009248575252853995],-0.0278023409035588,-0.0158447298975404,0.9771123683502926,1.0,constructed,0.010055489353591823
diagnostic_global_pc10,ordinal,cash,1798,1798,5497,constructed,subjective,numeric,ok,,150,-0.0690113067130066,0.0489512747780979,-0.1649558052780785,0.0269331918520652,1.98752449296648,1.0,0.1585999562220287,[-0.06901130671300663],[0.04895127477809791],-0.1283123051640093,-0.0690113067130066,1.0,1.0,constructed,-0.0
diagnostic_global_pc10,midpoint,cash,1798,1798,5497,constructed,subjective,numeric,ok,,150,-0.0125928080894508,0.0086576830603405,-0.0295618668877182,0.0043762507088165,2.1156401652924144,1.0,0.1458010751184972,[-0.012592808089450845],[0.008657683060340505],-0.0234137319144674,-0.0125928080894508,0.8695302407980895,1.0,constructed,0.060715309367586165
diagnostic_global_pc10,top75,cash,1798,1798,5497,constructed,subjective,numeric,ok,,150,-0.0100879884287925,0.0098394345160046,-0.0293732800801615,0.0091973032225765,1.0511601092597134,1.0,0.3052400545238148,[-0.010087988428792518],[0.009839434516004629],-0.0187565358695383,-0.0100879884287925,0.9771123683502926,1.0,constructed,0.010055489353591823
diagnostic_global_pc11,ordinal,cash,1798,1798,5497,constructed,subjective,numeric,ok,,150,0.0522295657978154,0.0511389288235716,-0.0480027346963848,0.1524618662920158,1.0431087226660292,1.0,0.3070995658823666,[0.052229565797815486],[0.05113892882357161],0.0983560614795838,0.0522295657978154,1.0,1.0,constructed,-0.0
diagnostic_global_pc11,midpoint,cash,1798,1798,5497,constructed,subjective,numeric,ok,,150,0.0080033273929761,0.0088035451515163,-0.0092516211039959,0.0252582758899482,0.8264678691220322,1.0,0.3632958739968963,[0.008003327392976179],[0.008803545151516382],0.0150714590305425,0.0080033273929761,0.8695302407980895,1.0,constructed,0.060715309367586165
diagnostic_global_pc11,top75,cash,1798,1798,5497,constructed,subjective,numeric,ok,,150,0.0077563670958769,0.010015009929201,-0.0118730523653572,0.027385786557111,0.599810331776681,1.0,0.4386504022500099,[0.007756367095876904],[0.010015009929201082],0.0146063959615034,0.0077563670958769,0.9771123683502926,1.0,constructed,0.010055489353591823
diagnostic_global_pc12,ordinal,cash,1798,1798,5497,constructed,subjective,numeric,ok,,150,-0.0303453798029758,0.0499954072510272,-0.1283363780149892,0.0676456184090375,0.3684045066231629,1.0,0.5438752356927619,[-0.03034537980297585],[0.049995407251027246],-0.0590636851160746,-0.0303453798029758,1.0,1.0,constructed,-0.0
diagnostic_global_pc12,midpoint,cash,1798,1798,5497,constructed,subjective,numeric,ok,,150,-0.0067374017635096,0.0087440114264092,-0.0238756641592718,0.0104008606322524,0.5936950922367809,1.0,0.4409937961495417,[-0.0067374017635096605],[0.008744011426409258],-0.0131135539856184,-0.0067374017635096,0.8695302407980895,1.0,constructed,0.060715309367586165
diagnostic_global_pc12,top75,cash,1798,1798,5497,constructed,subjective,numeric,ok,,150,-0.0188866574697504,0.0100469553523982,-0.038578689960451,0.0008053750209501,3.5337942793813717,1.0,0.0601300374878432,[-0.018886657469750455],[0.010046955352398279],-0.0367606402335786,-0.0188866574697504,0.9771123683502926,1.0,constructed,0.010055489353591823
diagnostic_global_pc13,ordinal,cash,1798,1798,5497,constructed,subjective,numeric,ok,,150,-0.0087322584452086,0.0468755873158457,-0.1006084095842662,0.083143892693849,0.0347024164622946,1.0,0.8522206063564919,[-0.008732258445208637],[0.046875587315845735],-0.0171598621041079,-0.0087322584452086,1.0,1.0,constructed,-0.0
diagnostic_global_pc13,midpoint,cash,1798,1798,5497,constructed,subjective,numeric,ok,,150,-0.0038023720926356,0.007986276710815,-0.0194554744458331,0.0118507302605618,0.2266838187714072,1.0,0.6339937038686447,[-0.0038023720926356527],[0.007986276710815036],-0.0074720853932052,-0.0038023720926356,0.8695302407980895,1.0,constructed,0.060715309367586165
diagnostic_global_pc13,top75,cash,1798,1798,5497,constructed,subjective,numeric,ok,,150,-0.0065703669815335,0.0090401070190434,-0.0242889767388587,0.0111482427757915,0.5282410056849158,1.0,0.4673473173752562,[-0.00657036698153359],[0.009040107019043463],-0.0129115041754592,-0.0065703669815335,0.9771123683502926,1.0,constructed,0.010055489353591823
diagnostic_global_pc14,ordinal,cash,1798,1798,5497,constructed,subjective,numeric,ok,,150,-0.0001436176497517,0.0479734564032247,-0.0941715922000722,0.0938843569005687,8.96217894894275e-06,1.0,0.9976113846525952,[-0.00014361764975173385],[0.04797345640322472],-0.0002847168351968,-0.0001436176497517,1.0,1.0,constructed,-0.0
diagnostic_global_pc14,midpoint,cash,1798,1798,5497,constructed,subjective,numeric,ok,,150,-0.0015988206550912,0.00802467677232,-0.0173271871288385,0.014129545818656,0.0396957858245334,1.0,0.8420765653740249,[-0.0015988206550912555],[0.008024676772320055],-0.0031696045559289,-0.0015988206550912,0.9199826046598968,1.0,constructed,0.03622038436274974
diagnostic_global_pc14,top75,cash,1798,1798,5497,constructed,subjective,numeric,ok,,150,-0.0011900569124661,0.0086959460740354,-0.0182341112175755,0.0158539973926433,0.0187284478823507,1.0,0.8911478438068655,[-0.0011900569124661266],[0.00869594607403544],-0.0023592451095473,-0.0011900569124661,1.0,1.0,constructed,-0.0
diagnostic_global_pc15,ordinal,cash,1798,1798,5497,constructed,subjective,numeric,ok,,150,-0.054480969313857,0.049365648687926,-0.151237640742192,0.0422757021144778,1.2179794342970118,1.0,0.2697575536204315,[-0.05448096931385708],[0.049365648687926006],-0.1158791347269677,-0.054480969313857,1.0,1.0,constructed,-0.0
diagnostic_global_pc15,midpoint,cash,1798,1798,5497,constructed,subjective,numeric,ok,,150,-0.0060694094751044,0.0086810897423753,-0.02308434537016,0.0109455264199511,0.4888148430654349,1.0,0.4844564526094532,[-0.006069409475104468],[0.008681089742375315],-0.0129094237333967,-0.0060694094751044,0.8695302407980895,1.0,constructed,0.060715309367586165
diagnostic_global_pc15,top75,cash,1798,1798,5497,constructed,subjective,numeric,ok,,150,0.0008359433777778,0.0101833814434102,-0.0191234842513063,0.0207953710068619,0.0067386003494563,1.0,0.934575957629033,[0.0008359433777778394],[0.010183381443410277],0.001778022610787,0.0008359433777778,1.0,1.0,constructed,-0.0
diagnostic_global_pc16,ordinal,cash,1798,1798,5497,constructed,subjective,numeric,ok,,150,0.0612766898094399,0.0453779331541464,-0.027664059172687,0.150217438791567,1.8234806996626909,1.0,0.1768995175625988,[0.06127668980943997],[0.04537793315414645],0.1332196143579985,0.0612766898094399,1.0,1.0,constructed,-0.0
diagnostic_global_pc16,midpoint,cash,1798,1798,5497,constructed,subjective,numeric,ok,,150,0.0070684555729177,0.0077585751643015,-0.0081383517491133,0.0222752628949487,0.8300134339770934,1.0,0.3622686444591908,[0.007068455572917734],[0.007758575164301557],0.0153672942918283,0.0070684555729177,0.8695302407980895,1.0,constructed,0.060715309367586165
diagnostic_global_pc16,top75,cash,1798,1798,5497,constructed,subjective,numeric,ok,,150,0.0039529542992721,0.0090010346171623,-0.0136890735503661,0.0215949821489103,0.1928673542708167,1.0,0.6605407816970605,[0.00395295429927212],[0.009001034617162385],0.0085939865381353,0.0039529542992721,0.9771123683502926,1.0,constructed,0.010055489353591823
diagnostic_global_pc17,ordinal,cash,1798,1798,5497,constructed,subjective,numeric,ok,,150,0.096831545238243,0.0485611134305456,0.0016517629143735,0.1920113275621125,3.976092259416608,1.0,0.046150512862609,[0.09683154523824304],[0.048561113430545644],0.2138122433222194,0.096831545238243,1.0,1.0,constructed,-0.0
diagnostic_global_pc17,midpoint,cash,1798,1798,5497,constructed,subjective,numeric,ok,,150,0.0150220975786675,0.0083817369632844,-0.00140610686937,0.031450302026705,3.212129915484025,1.0,0.0730942752589583,[0.015022097578667532],[0.008381736963284465],0.0331700622436381,0.0150220975786675,0.8695302407980895,1.0,constructed,0.060715309367586165
diagnostic_global_pc17,top75,cash,1798,1798,5497,constructed,subjective,numeric,ok,,150,0.0128996375966345,0.0094402583366838,-0.0056032687432657,0.0314025439365349,1.867184616040832,1.0,0.1717978775273395,[0.012899637596634596],[0.009440258336683834],0.0284834910544295,0.0128996375966345,0.9771123683502926,1.0,constructed,0.010055489353591823
diagnostic_global_pc18,ordinal,cash,1798,1798,5497,constructed,subjective,numeric,ok,,150,0.0185601262318159,0.0469309873410376,-0.0734246089566178,0.1105448614202496,0.1564020600763204,1.0,0.6924908900952219,[0.01856012623181593],[0.04693098734103762],0.0422897086123171,0.0185601262318159,1.0,1.0,constructed,-0.0
diagnostic_global_pc18,midpoint,cash,1798,1798,5497,constructed,subjective,numeric,ok,,150,0.0037007703960849,0.008076119888739,-0.0121284245858434,0.0195299653780134,0.2099804044964197,1.0,0.6467827631909748,[0.003700770396084993],[0.00807611988873902],0.0084322972665585,0.0037007703960849,0.8695302407980895,1.0,constructed,0.060715309367586165
diagnostic_global_pc18,top75,cash,1798,1798,5497,constructed,subjective,numeric,ok,,150,0.0044403169899358,0.0091865307778267,-0.0135652833346045,0.0224459173144763,0.2336279947292769,1.0,0.6288466765941076,[0.004440316989935888],[0.00918653077782677],0.010117372549375,0.0044403169899358,0.9771123683502926,1.0,constructed,0.010055489353591823
diagnostic_global_pc19,ordinal,cash,1798,1798,5497,constructed,subjective,numeric,ok,,150,-0.068399909225952,0.0497424726412658,-0.165895155602833,0.0290953371509289,1.8908466620758404,1.0,0.1691064574811951,[-0.06839990922595204],[0.0497424726412658],-0.1570209237093559,-0.068399909225952,1.0,1.0,constructed,-0.0
diagnostic_global_pc19,midpoint,cash,1798,1798,5497,constructed,subjective,numeric,ok,,150,-0.0119615440316139,0.0086341134989794,-0.0288844064896136,0.0049613184263856,1.9192828379900149,1.0,0.1659357413979107,[-0.011961544031613964],[0.008634113498979409],-0.0274592863366189,-0.0119615440316139,0.8695302407980895,1.0,constructed,0.060715309367586165
diagnostic_global_pc19,top75,cash,1798,1798,5497,constructed,subjective,numeric,ok,,150,-0.0160253429086885,0.0099447231882858,-0.0355170003577287,0.0034663145403516,2.596744763473456,1.0,0.1070834567705699,[-0.016025342908688556],[0.009944723188285822],-0.0367882673348157,-0.0160253429086885,0.9771123683502926,1.0,constructed,0.010055489353591823
diagnostic_global_pc20,ordinal,cash,1798,1798,5497,constructed,subjective,numeric,ok,,150,0.0701455104322002,0.0440999552993783,-0.0162904019545812,0.1565814228189818,2.530017126928238,1.0,0.1116990038918133,[0.07014551043220026],[0.04409995529937833],0.1637145191954622,0.0701455104322002,1.0,1.0,constructed,-0.0
diagnostic_global_pc20,midpoint,cash,1798,1798,5497,constructed,subjective,numeric,ok,,150,0.012653299371857,0.0075993694677879,-0.0022414647850074,0.0275480635287214,2.7723780230446877,1.0,0.0959035883629226,[0.012653299371857009],[0.007599369467787979],0.0295318803746116,0.012653299371857,0.8695302407980895,1.0,constructed,0.060715309367586165
diagnostic_global_pc20,top75,cash,1798,1798,5497,constructed,subjective,numeric,ok,,150,0.0162087014280344,0.0082947879202241,-4.908289560492246e-05,0.0324664857516738,3.818439129157887,1.0,0.050691439774029,[0.01620870142803444],[0.008294787920224166],0.0378299301654996,0.0162087014280344,0.9771123683502926,1.0,constructed,0.010055489353591823
diagnostic_global_pc21,ordinal,cash,1798,1798,5497,constructed,subjective,numeric,ok,,150,-0.1109706894173637,0.044479972934587,-0.1981514363691543,-0.0237899424655731,6.224257333416976,1.0,0.0126011751452161,[-0.11097068941736372],[0.044479972934587046],-0.262498283279249,-0.1109706894173637,1.0,1.0,constructed,-0.0
diagnostic_global_pc21,midpoint,cash,1798,1798,5497,constructed,subjective,numeric,ok,,150,-0.0136503862906365,0.0075747762354677,-0.0284969477121532,0.0011961751308802,3.2475082814128147,1.0,0.0715321234818641,[-0.013650386290636534],[0.0075747762354677365],-0.0322896341926304,-0.0136503862906365,0.8695302407980895,1.0,constructed,0.060715309367586165
diagnostic_global_pc21,top75,cash,1798,1798,5497,constructed,subjective,numeric,ok,,150,-0.0066720193997089,0.0080543942981133,-0.0224586322240109,0.0091145934245931,0.6861970204227287,1.0,0.4074609350656524,[-0.006672019399708903],[0.008054394298113311],-0.0157824885798662,-0.0066720193997089,0.9771123683502926,1.0,constructed,0.010055489353591823
diagnostic_global_pc22,ordinal,cash,1798,1798,5497,constructed,subjective,numeric,ok,,150,-0.0220363125332181,0.0458101109550128,-0.1118241300050434,0.067751504938607,0.2313956332931148,1.0,0.6304909129008693,[-0.022036312533218198],[0.04581011095501288],-0.0526630860043497,-0.0220363125332181,1.0,1.0,constructed,-0.0
diagnostic_global_pc22,midpoint,cash,1798,1798,5497,constructed,subjective,numeric,ok,,150,0.0001813258678644,0.0077395919514605,-0.0149882743569982,0.015350926092727,0.0005488875762661,1.0,0.9813085913061907,[0.00018132586786440017],[0.007739591951460542],0.0004333383709167,0.0001813258678644,1.0,1.0,constructed,-0.0
diagnostic_global_pc22,top75,cash,1798,1798,5497,constructed,subjective,numeric,ok,,150,0.005927022813701,0.0083294324634762,-0.0103986648147124,0.0222527104421144,0.5063401609985363,1.0,0.4767274788167369,[0.005927022813701031],[0.008329432463476255],0.0141645890943486,0.005927022813701,0.9771123683502926,1.0,constructed,0.010055489353591823
diagnostic_global_pc23,ordinal,cash,1798,1798,5497,constructed,subjective,numeric,ok,,150,-0.0029302506650575,0.0466141841259726,-0.0942940515519639,0.0884335502218488,0.003951603594202,1.0,0.9498765684382064,[-0.0029302506650575287],[0.046614184125972645],-0.0071502007328154,-0.0029302506650575,1.0,1.0,constructed,-0.0
diagnostic_global_pc23,midpoint,cash,1798,1798,5497,constructed,subjective,numeric,ok,,150,0.0040209097704502,0.0079303571029663,-0.0115225901513638,0.0195644096922643,0.2570769668803233,1.0,0.6121354671075183,[0.004020909770450251],[0.007930357102966383],0.009811553779374,0.0040209097704502,0.8695302407980895,1.0,constructed,0.060715309367586165
diagnostic_global_pc23,top75,cash,1798,1798,5497,constructed,subjective,numeric,ok,,150,0.0131167966994489,0.0082767575973113,-0.0031056481912812,0.0293392415901791,2.51151110296275,1.0,0.113017514473612,[0.01311679669944895],[0.008276757597311349],0.0320067257354416,0.0131167966994489,0.9771123683502926,1.0,constructed,0.010055489353591823
diagnostic_global_pc24,ordinal,cash,1798,1798,5497,constructed,subjective,numeric,ok,,150,0.0364570284758721,0.0437341162448401,-0.0492618393640144,0.1221758963157588,0.6948992212988948,1.0,0.4045029561984623,[0.03645702847587219],[0.04373411624484014],0.0917521320321499,0.0364570284758721,1.0,1.0,constructed,-0.0
diagnostic_global_pc24,midpoint,cash,1798,1798,5497,constructed,subjective,numeric,ok,,150,0.0066559203355806,0.0073994051662448,-0.0078469137902591,0.0211587544614204,0.809138029692634,1.0,0.3683752152323796,[0.006655920335580663],[0.007399405166244813],0.0167510877039755,0.0066559203355806,0.8695302407980895,1.0,constructed,0.060715309367586165
diagnostic_global_pc24,top75,cash,1798,1798,5497,constructed,subjective,numeric,ok,,150,0.0006061830666111,0.0078774865236478,-0.0148336905197386,0.0160460566529608,0.005921507219234,1.0,0.938662262975652,[0.0006061830666111321],[0.007877486523647824],0.0015255930362006,0.0006061830666111,1.0,1.0,constructed,-0.0
diagnostic_global_pc25,ordinal,cash,1798,1798,5497,constructed,subjective,numeric,ok,,150,-0.0448568288940067,0.0477903930394546,-0.1385259992513378,0.0488123414633242,0.8810000481267164,1.0,0.3479279205669096,[-0.044856828894006794],[0.04779039303945463],-0.1156786535602602,-0.0448568288940067,1.0,1.0,constructed,-0.0
diagnostic_global_pc25,midpoint,cash,1798,1798,5497,constructed,subjective,numeric,ok,,150,-0.0072835549002869,0.0082728831668779,-0.0234984059073677,0.0089312961067938,0.7751272661123302,1.0,0.3786355502820318,[-0.007283554900286992],[0.008272883166877958],-0.0187831339123039,-0.0072835549002869,0.8695302407980895,1.0,constructed,0.060715309367586165
diagnostic_global_pc25,top75,cash,1798,1798,5497,constructed,subjective,numeric,ok,,150,-0.0038658414840002,0.0089353499118624,-0.0213791273112505,0.01364744434325,0.1871823759690085,1.0,0.6652721212688378,[-0.0038658414840002735],[0.008935349911862402],-0.0099693925935611,-0.0038658414840002,0.9771123683502926,1.0,constructed,0.010055489353591823
diagnostic_global_pc26,ordinal,cash,1798,1798,5497,constructed,subjective,numeric,ok,,150,0.038000747588955,0.0486933511808026,-0.0574382207254182,0.1334397159033283,0.6090387870518155,1.0,0.4351499534891669,[0.038000747588955074],[0.048693351180802695],0.0994950660158488,0.038000747588955,1.0,1.0,constructed,-0.0
diagnostic_global_pc26,midpoint,cash,1798,1798,5497,constructed,subjective,numeric,ok,,150,0.0070031045539069,0.0085814748742677,-0.0098165861996577,0.0238227953074717,0.6659741159622503,1.0,0.4144587445504356,[0.007003104553906975],[0.00858147487426774],0.0183358063752773,0.0070031045539069,0.8695302407980895,1.0,constructed,0.060715309367586165
diagnostic_global_pc26,top75,cash,1798,1798,5497,constructed,subjective,numeric,ok,,150,0.0082048180239284,0.0100838695222944,-0.0115595662397685,0.0279692022876254,0.6620388432993466,1.0,0.4158410764128871,[0.008204818023928442],[0.010083869522294408],0.0214821802920544,0.0082048180239284,0.9771123683502926,1.0,constructed,0.010055489353591823
diagnostic_global_pc27,ordinal,cash,1798,1798,5497,constructed,subjective,numeric,ok,,150,-0.0238099882965257,0.0453448993043492,-0.1126859909330503,0.0650660143399988,0.2757156895396724,1.0,0.5995231550152652,[-0.02380998829652571],[0.04534489930434928],-0.0642794989841896,-0.0238099882965257,1.0,1.0,constructed,-0.0
diagnostic_global_pc27,midpoint,cash,1798,1798,5497,constructed,subjective,numeric,ok,,150,-0.0035879540503332,0.0077503109740831,-0.0187785635595362,0.0116026554588697,0.2143164407120638,1.0,0.6434050546256727,[-0.0035879540503332766],[0.007750310974083162],-0.0096863503610948,-0.0035879540503332,0.8695302407980895,1.0,constructed,0.060715309367586165
diagnostic_global_pc27,top75,cash,1798,1798,5497,constructed,subjective,numeric,ok,,150,-0.0034219574514478,0.0084678827979788,-0.0200190077354863,0.0131750928325906,0.1633050194199746,1.0,0.6861317158808968,[-0.003421957451447832],[0.008467882797978816],-0.0092382116187926,-0.0034219574514478,0.9771123683502926,1.0,constructed,0.010055489353591823
