variable,outcome,target,N,cash_N,R_complete_case_N,origin,domain,kind,status,failure_reason,family_size,estimate,se,lo,hi,wald,df,p,profile,profile_se,original_unit_estimate,direction_projection,q,holm_p,source_file,source_row,source_commit,figure,plotted_definition
q01_lifesat,ordinal,cash,1798,1798,5497,raw,subjective,numeric,ok,,150,-0.0052068109443694,0.0516292674840838,-0.1064001752131739,0.0959865533244349,0.0101707198379741,1.0,0.919669545352518,[-0.0052068109443694855],[0.05162926748408389],-0.0025357778173517,-0.0052068109443694,1.0,1.0,消费调查/results/mpc_allx_screen/all_screen_results.csv,1,c2e3b71621f77b82766e70a3888c409b7256dd33,Figure4,"six approved all-X families: one omnibus per representation, including unsupported factors; no new standardization"
q01_lifesat,ordinal,rc,5497,1798,5497,raw,subjective,numeric,ok,,150,-0.0103343961614961,0.0616100603391069,-0.1310901144261458,0.1104213221031535,0.0281362972512912,1.0,0.8667887888726281,[-0.010334396161496177],[0.061610060339106994],-0.0050329717790858,-0.0103343961614961,0.9999430580494532,1.0,消费调查/results/mpc_allx_screen/all_screen_results.csv,2,c2e3b71621f77b82766e70a3888c409b7256dd33,Figure4,"six approved all-X families: one omnibus per representation, including unsupported factors; no new standardization"
q01_lifesat,midpoint,cash,1798,1798,5497,raw,subjective,numeric,ok,,150,0.0036955788896054,0.0087914614312767,-0.0135356855156969,0.0209268432949079,0.1767025451257746,1.0,0.6742224709701237,[0.0036955788896054953],[0.008791461431276777],0.0017997901346252,0.0036955788896054,0.8695302407980895,1.0,消费调查/results/mpc_allx_screen/all_screen_results.csv,5,c2e3b71621f77b82766e70a3888c409b7256dd33,Figure4,"six approved all-X families: one omnibus per representation, including unsupported factors; no new standardization"
q01_lifesat,midpoint,rc,5497,1798,5497,raw,subjective,numeric,ok,,150,-0.0059976504493365,0.0104315571729668,-0.0264435025083516,0.0144482016096784,0.3305704405132287,1.0,0.5653233849488614,[-0.005997650449336554],[0.010431557172966862],-0.0029209259041954,-0.0059976504493365,0.9497995928172313,1.0,消费调查/results/mpc_allx_screen/all_screen_results.csv,6,c2e3b71621f77b82766e70a3888c409b7256dd33,Figure4,"six approved all-X families: one omnibus per representation, including unsupported factors; no new standardization"
q01_lifesat,top75,cash,1798,1798,5497,raw,subjective,numeric,ok,,150,0.0084719982939554,0.0095737185159147,-0.0102924899972374,0.0272364865851483,0.7830877146441028,1.0,0.3761984673271348,[0.008471998293955469],[0.009573718515914743],0.0041259622390717,0.0084719982939554,0.9771123683502926,1.0,消费调查/results/mpc_allx_screen/all_screen_results.csv,9,c2e3b71621f77b82766e70a3888c409b7256dd33,Figure4,"six approved all-X families: one omnibus per representation, including unsupported factors; no new standardization"
q01_lifesat,top75,rc,5497,1798,5497,raw,subjective,numeric,ok,,150,-0.0073039738308213,0.0112283660163216,-0.0293115712228117,0.0147036235611689,0.4231411819528994,1.0,0.5153738025865658,[-0.007303973830821359],[0.011228366016321609],-0.0035571206668724,-0.0073039738308213,1.0,1.0,消费调查/results/mpc_allx_screen/all_screen_results.csv,10,c2e3b71621f77b82766e70a3888c409b7256dd33,Figure4,"six approved all-X families: one omnibus per representation, including unsupported factors; no new standardization"
q02_safety,ordinal,cash,1798,1798,5497,raw,subjective,numeric,ok,,150,0.0280510617445831,0.0508399425568589,-0.0715952256668604,0.1276973491560267,0.3044307417920812,1.0,0.5811179844348617,[0.028051061744583182],[0.050839942556858975],0.0156554638065891,0.0280510617445831,1.0,1.0,消费调查/results/mpc_allx_screen/all_screen_results.csv,13,c2e3b71621f77b82766e70a3888c409b7256dd33,Figure4,"six approved all-X families: one omnibus per representation, including unsupported factors; no new standardization"
q02_safety,ordinal,rc,5497,1798,5497,raw,subjective,numeric,ok,,150,-0.0039334197463624,0.060833395336193,-0.1231668746053009,0.115300035112576,0.0041807719050876,1.0,0.9484455962491484,[-0.003933419746362445],[0.060833395336193086],-0.0021952648721823,-0.0039334197463624,0.9999430580494532,1.0,消费调查/results/mpc_allx_screen/all_screen_results.csv,14,c2e3b71621f77b82766e70a3888c409b7256dd33,Figure4,"six approved all-X families: one omnibus per representation, including unsupported factors; no new standardization"
q02_safety,midpoint,cash,1798,1798,5497,raw,subjective,numeric,ok,,150,0.0062872325954196,0.0087188268890094,-0.0108016681070387,0.0233761332978781,0.5199995225106293,1.0,0.4708418856740561,[0.006287232595419676],[0.008718826889009415],0.0035089417733076,0.0062872325954196,0.8695302407980895,1.0,消费调查/results/mpc_allx_screen/all_screen_results.csv,17,c2e3b71621f77b82766e70a3888c409b7256dd33,Figure4,"six approved all-X families: one omnibus per representation, including unsupported factors; no new standardization"
q02_safety,midpoint,rc,5497,1798,5497,raw,subjective,numeric,ok,,150,-0.0028402175935354,0.010365671527125,-0.0231569337867006,0.0174764985996297,0.0750772474030452,1.0,0.7840828723676196,[-0.0028402175935354143],[0.010365671527125095],-0.0015851422717365,-0.0028402175935354,0.9497995928172313,1.0,消费调查/results/mpc_allx_screen/all_screen_results.csv,18,c2e3b71621f77b82766e70a3888c409b7256dd33,Figure4,"six approved all-X families: one omnibus per representation, including unsupported factors; no new standardization"
q02_safety,top75,cash,1798,1798,5497,raw,subjective,numeric,ok,,150,0.0050460770222944,0.0095957828912333,-0.0137616574445228,0.0238538114891117,0.2765329736752686,1.0,0.5989826853756195,[0.005046077022294423],[0.009595782891233324],0.0028162454921353,0.0050460770222944,0.9771123683502926,1.0,消费调查/results/mpc_allx_screen/all_screen_results.csv,21,c2e3b71621f77b82766e70a3888c409b7256dd33,Figure4,"six approved all-X families: one omnibus per representation, including unsupported factors; no new standardization"
q02_safety,top75,rc,5497,1798,5497,raw,subjective,numeric,ok,,150,-0.0027368061845329,0.0111905943051935,-0.0246703710227122,0.0191967586536464,0.0598110989724652,1.0,0.8067947556994715,[-0.0027368061845329146],[0.011190594305193553],-0.001527427751496,-0.0027368061845329,1.0,1.0,消费调查/results/mpc_allx_screen/all_screen_results.csv,22,c2e3b71621f77b82766e70a3888c409b7256dd33,Figure4,"six approved all-X families: one omnibus per representation, including unsupported factors; no new standardization"
q03a_fair_dist,ordinal,cash,1798,1798,5497,raw,subjective,numeric,ok,,150,-0.0098512668646232,0.0496815765851228,-0.1072271569714641,0.0875246232422176,0.0393181820846718,1.0,0.8428196390141562,[-0.009851266864623247],[0.04968157658512289],-0.0039399928244833,-0.0098512668646232,1.0,1.0,消费调查/results/mpc_allx_screen/all_screen_results.csv,25,c2e3b71621f77b82766e70a3888c409b7256dd33,Figure4,"six approved all-X families: one omnibus per representation, including unsupported factors; no new standardization"
q03a_fair_dist,ordinal,rc,5497,1798,5497,raw,subjective,numeric,ok,,150,0.0134385994127983,0.0591245117343745,-0.1024454435865757,0.1293226424121725,0.0516621983222589,1.0,0.8201957611224711,[0.013438599412798388],[0.05912451173437455],0.0053747386996155,0.0134385994127983,0.9999430580494532,1.0,消费调查/results/mpc_allx_screen/all_screen_results.csv,26,c2e3b71621f77b82766e70a3888c409b7256dd33,Figure4,"six approved all-X families: one omnibus per representation, including unsupported factors; no new standardization"
q03a_fair_dist,midpoint,cash,1798,1798,5497,raw,subjective,numeric,ok,,150,0.0030218401659715,0.0084337248460619,-0.0135082605323099,0.019551940864253,0.1283819959215745,1.0,0.7201155749061818,[0.003021840165971586],[0.008433724846061984],0.0012085784228847,0.0030218401659715,0.8695302407980895,1.0,消费调查/results/mpc_allx_screen/all_screen_results.csv,29,c2e3b71621f77b82766e70a3888c409b7256dd33,Figure4,"six approved all-X families: one omnibus per representation, including unsupported factors; no new standardization"
q03a_fair_dist,midpoint,rc,5497,1798,5497,raw,subjective,numeric,ok,,150,-0.0025758208400847,0.0099399386322839,-0.0220581005593612,0.0169064588791916,0.0671527649364705,1.0,0.7955283762891471,[-0.0025758208400847903],[0.009939938632283915],-0.0010301939604878,-0.0025758208400847,0.9497995928172313,1.0,消费调查/results/mpc_allx_screen/all_screen_results.csv,30,c2e3b71621f77b82766e70a3888c409b7256dd33,Figure4,"six approved all-X families: one omnibus per representation, including unsupported factors; no new standardization"
q03a_fair_dist,top75,cash,1798,1798,5497,raw,subjective,numeric,ok,,150,0.0079697896189168,0.009070851562025,-0.0098090794426522,0.0257486586804859,0.7719649717968022,1.0,0.3796098581977607,[0.007969789618916834],[0.009070851562025044],0.0031875000791966,0.0079697896189168,0.9771123683502926,1.0,消费调查/results/mpc_allx_screen/all_screen_results.csv,33,c2e3b71621f77b82766e70a3888c409b7256dd33,Figure4,"six approved all-X families: one omnibus per representation, including unsupported factors; no new standardization"
q03a_fair_dist,top75,rc,5497,1798,5497,raw,subjective,numeric,ok,,150,-0.0073083182926062,0.0105554682377786,-0.0279970360386523,0.0133803994534398,0.4793799883776927,1.0,0.4887032906906875,[-0.007308318292606234],[0.010555468237778632],-0.0029229460563405,-0.0073083182926062,1.0,1.0,消费调查/results/mpc_allx_screen/all_screen_results.csv,34,c2e3b71621f77b82766e70a3888c409b7256dd33,Figure4,"six approved all-X families: one omnibus per representation, including unsupported factors; no new standardization"
q03b_fair_opp,ordinal,cash,1798,1798,5497,raw,subjective,numeric,ok,,150,-0.0074515825075061,0.0494096086124929,-0.1042944153879924,0.08939125037298,0.0227443851801817,1.0,0.8801236908002092,[-0.007451582507506175],[0.04940960861249298],-0.0031515707299125,-0.0074515825075061,1.0,1.0,消费调查/results/mpc_allx_screen/all_screen_results.csv,37,c2e3b71621f77b82766e70a3888c409b7256dd33,Figure4,"six approved all-X families: one omnibus per representation, including unsupported factors; no new standardization"
q03b_fair_opp,ordinal,rc,5497,1798,5497,raw,subjective,numeric,ok,,150,0.0154038595094678,0.0591530485679644,-0.1005361156837425,0.1313438347026781,0.0678117316121032,1.0,0.7945499535958558,[0.015403859509467842],[0.05915304856796447],0.0065149050834265,0.0154038595094678,0.9999430580494532,1.0,消费调查/results/mpc_allx_screen/all_screen_results.csv,38,c2e3b71621f77b82766e70a3888c409b7256dd33,Figure4,"six approved all-X families: one omnibus per representation, including unsupported factors; no new standardization"
q03b_fair_opp,midpoint,cash,1798,1798,5497,raw,subjective,numeric,ok,,150,0.002210474299027,0.0083881160161046,-0.014230233092538,0.018651181690592,0.0694451759197668,1.0,0.7921463222237171,[0.0022104742990270046],[0.008388116016104633],0.0009348975325737,0.002210474299027,0.9056432822820394,1.0,消费调查/results/mpc_allx_screen/all_screen_results.csv,41,c2e3b71621f77b82766e70a3888c409b7256dd33,Figure4,"six approved all-X families: one omnibus per representation, including unsupported factors; no new standardization"
q03b_fair_opp,midpoint,rc,5497,1798,5497,raw,subjective,numeric,ok,,150,-0.0017125158199939,0.0099389346391115,-0.0211928277126526,0.0177677960726647,0.0296885861012708,1.0,0.8631987276181806,[-0.0017125158199939629],[0.009938934639111562],-0.0007242910787565,-0.0017125158199939,0.959109697353534,1.0,消费调查/results/mpc_allx_screen/all_screen_results.csv,42,c2e3b71621f77b82766e70a3888c409b7256dd33,Figure4,"six approved all-X families: one omnibus per representation, including unsupported factors; no new standardization"
q03b_fair_opp,top75,cash,1798,1798,5497,raw,subjective,numeric,ok,,150,0.0053130515224979,0.0090916373571796,-0.012506557697574,0.02313266074257,0.3415103309249375,1.0,0.5589587249741842,[0.0053130515224979954],[0.009091637357179628],0.0022471008873558,0.0053130515224979,0.9771123683502926,1.0,消费调查/results/mpc_allx_screen/all_screen_results.csv,45,c2e3b71621f77b82766e70a3888c409b7256dd33,Figure4,"six approved all-X families: one omnibus per representation, including unsupported factors; no new standardization"
q03b_fair_opp,top75,rc,5497,1798,5497,raw,subjective,numeric,ok,,150,-0.0036029734517262,0.0105806388856036,-0.0243410256675093,0.0171350787640568,0.1159573654310382,1.0,0.733461099924617,[-0.0036029734517262196],[0.01058063888560363],-0.0015238408297397,-0.0036029734517262,1.0,1.0,消费调查/results/mpc_allx_screen/all_screen_results.csv,46,c2e3b71621f77b82766e70a3888c409b7256dd33,Figure4,"six approved all-X families: one omnibus per representation, including unsupported factors; no new standardization"
q03c_fair_rule,ordinal,cash,1798,1798,5497,raw,subjective,numeric,ok,,150,0.005495747125698,0.0489655912290918,-0.0904768116833218,0.101468305934718,0.0125971261201601,1.0,0.910635556492532,[0.005495747125698076],[0.04896559122909181],0.0024140305927393,0.005495747125698,1.0,1.0,消费调查/results/mpc_allx_screen/all_screen_results.csv,49,c2e3b71621f77b82766e70a3888c409b7256dd33,Figure4,"six approved all-X families: one omnibus per representation, including unsupported factors; no new standardization"
q03c_fair_rule,ordinal,rc,5497,1798,5497,raw,subjective,numeric,ok,,150,-0.0024768191435078,0.0591714535364505,-0.1184528680749509,0.1134992297879352,0.001752121084661,1.0,0.966611622781138,[-0.0024768191435078322],[0.05917145353645055],-0.0010879534753613,-0.0024768191435078,0.9999430580494532,1.0,消费调查/results/mpc_allx_screen/all_screen_results.csv,50,c2e3b71621f77b82766e70a3888c409b7256dd33,Figure4,"six approved all-X families: one omnibus per representation, including unsupported factors; no new standardization"
q03c_fair_rule,midpoint,cash,1798,1798,5497,raw,subjective,numeric,ok,,150,0.0042030718373117,0.008282873801927,-0.0120313608144653,0.0204375044890888,0.2574966224061349,1.0,0.6118452485433317,[0.004203071837311731],[0.008282873801927082],0.0018462174053291,0.0042030718373117,0.8695302407980895,1.0,消费调查/results/mpc_allx_screen/all_screen_results.csv,53,c2e3b71621f77b82766e70a3888c409b7256dd33,Figure4,"six approved all-X families: one omnibus per representation, including unsupported factors; no new standardization"
q03c_fair_rule,midpoint,rc,5497,1798,5497,raw,subjective,numeric,ok,,150,-0.0039400365484546,0.0099562699464167,-0.0234543256434315,0.0155742525465222,0.156605559134408,1.0,0.6923011209211177,[-0.003940036548454612],[0.009956269946416785],-0.0017306780219208,-0.0039400365484546,0.9497995928172313,1.0,消费调查/results/mpc_allx_screen/all_screen_results.csv,54,c2e3b71621f77b82766e70a3888c409b7256dd33,Figure4,"six approved all-X families: one omnibus per representation, including unsupported factors; no new standardization"
q03c_fair_rule,top75,cash,1798,1798,5497,raw,subjective,numeric,ok,,150,0.0040823701264463,0.0090125969207079,-0.0135823198381413,0.0217470600910339,0.2051751966580541,1.0,0.6505756093436237,[0.004082370126446303],[0.009012596920707992],0.0017931986590221,0.0040823701264463,0.9771123683502926,1.0,消费调查/results/mpc_allx_screen/all_screen_results.csv,57,c2e3b71621f77b82766e70a3888c409b7256dd33,Figure4,"six approved all-X families: one omnibus per representation, including unsupported factors; no new standardization"
q03c_fair_rule,top75,rc,5497,1798,5497,raw,subjective,numeric,ok,,150,-0.00109902402535,0.0107097552653493,-0.0220901443454348,0.0198920962947346,0.0105306524494152,1.0,0.918265388586116,[-0.001099024025350068],[0.010709755265349369],-0.0004827510361502,-0.00109902402535,1.0,1.0,消费调查/results/mpc_allx_screen/all_screen_results.csv,58,c2e3b71621f77b82766e70a3888c409b7256dd33,Figure4,"six approved all-X families: one omnibus per representation, including unsupported factors; no new standardization"
q04_trust_gov,ordinal,cash,1798,1798,5497,raw,subjective,numeric,ok,,150,0.0425510542876098,0.0508718528416099,-0.0571577772819456,0.1422598858571653,0.6996253525729534,1.0,0.4029096098444241,[0.042551054287609864],[0.05087185284160994],0.0208959174917451,0.0425510542876098,1.0,1.0,消费调查/results/mpc_allx_screen/all_screen_results.csv,61,c2e3b71621f77b82766e70a3888c409b7256dd33,Figure4,"six approved all-X families: one omnibus per representation, including unsupported factors; no new standardization"
q04_trust_gov,ordinal,rc,5497,1798,5497,raw,subjective,numeric,ok,,150,-0.0488595302154601,0.0605512453345483,-0.1675399710711748,0.0698209106402545,0.6511070754250785,1.0,0.4197171491120621,[-0.048859530215460106],[0.060551245334548316],-0.0239938758077956,-0.0488595302154601,0.9999430580494532,1.0,消费调查/results/mpc_allx_screen/all_screen_results.csv,62,c2e3b71621f77b82766e70a3888c409b7256dd33,Figure4,"six approved all-X families: one omnibus per representation, including unsupported factors; no new standardization"
q04_trust_gov,midpoint,cash,1798,1798,5497,raw,subjective,numeric,ok,,150,0.0092999437372555,0.0086884403676276,-0.0077293993832945,0.0263292868578057,1.1457160390783088,1.0,0.2844477315774203,[0.009299943737255584],[0.00868844036762763],0.0045670045141079,0.0092999437372555,0.8695302407980895,1.0,消费调查/results/mpc_allx_screen/all_screen_results.csv,65,c2e3b71621f77b82766e70a3888c409b7256dd33,Figure4,"six approved all-X families: one omnibus per representation, including unsupported factors; no new standardization"
q04_trust_gov,midpoint,rc,5497,1798,5497,raw,subjective,numeric,ok,,150,-0.0090261207810557,0.0102509470509906,-0.0291179770009973,0.0110657354388859,0.775308063346145,1.0,0.3785799529896908,[-0.009026120781055705],[0.010250947050990614],-0.0044325358858707,-0.0090261207810557,0.9497995928172313,1.0,消费调查/results/mpc_allx_screen/all_screen_results.csv,66,c2e3b71621f77b82766e70a3888c409b7256dd33,Figure4,"six approved all-X families: one omnibus per representation, including unsupported factors; no new standardization"
q04_trust_gov,top75,cash,1798,1798,5497,raw,subjective,numeric,ok,,150,0.006541517862503,0.0096406961446398,-0.0123542465809909,0.0254372823059971,0.4604052564040669,1.0,0.4974346369616468,[0.006541517862503058],[0.009640696144639822],0.0032124002522175,0.006541517862503,0.9771123683502926,1.0,消费调查/results/mpc_allx_screen/all_screen_results.csv,69,c2e3b71621f77b82766e70a3888c409b7256dd33,Figure4,"six approved all-X families: one omnibus per representation, including unsupported factors; no new standardization"
q04_trust_gov,top75,rc,5497,1798,5497,raw,subjective,numeric,ok,,150,-0.0047328099002907,0.0111747468925276,-0.026635313809645,0.0171696940090634,0.1793753375151235,1.0,0.6719106160345332,[-0.004732809900290784],[0.011174746892527666],-0.0023241822520338,-0.0047328099002907,1.0,1.0,消费调查/results/mpc_allx_screen/all_screen_results.csv,70,c2e3b71621f77b82766e70a3888c409b7256dd33,Figure4,"six approved all-X families: one omnibus per representation, including unsupported factors; no new standardization"
q05_trust_soc,ordinal,cash,1798,1798,5497,raw,subjective,numeric,ok,,150,0.0371861059073988,0.0500760137110192,-0.0609628809661989,0.1353350927809966,0.5514446204243176,1.0,0.4577280231079623,[0.03718610590739887],[0.050076013711019295],0.0175541583654724,0.0371861059073988,1.0,1.0,消费调查/results/mpc_allx_screen/all_screen_results.csv,73,c2e3b71621f77b82766e70a3888c409b7256dd33,Figure4,"six approved all-X families: one omnibus per representation, including unsupported factors; no new standardization"
q05_trust_soc,ordinal,rc,5497,1798,5497,raw,subjective,numeric,ok,,150,-0.0675185172616758,0.0596360784701054,-0.1844052310630825,0.0493681965397308,1.2818217539521974,1.0,0.2575605855930933,[-0.06751851726167583],[0.05963607847010547],-0.0318729459751663,-0.0675185172616758,0.9999430580494532,1.0,消费调查/results/mpc_allx_screen/all_screen_results.csv,74,c2e3b71621f77b82766e70a3888c409b7256dd33,Figure4,"six approved all-X families: one omnibus per representation, including unsupported factors; no new standardization"
q05_trust_soc,midpoint,cash,1798,1798,5497,raw,subjective,numeric,ok,,150,0.0097363804643919,0.0085037886759199,-0.0069310453404111,0.026403806269195,1.3109017832012793,1.0,0.2522314475068123,[0.00973638046439191],[0.008503788675919947],0.0045961780726392,0.0097363804643919,0.8695302407980895,1.0,消费调查/results/mpc_allx_screen/all_screen_results.csv,77,c2e3b71621f77b82766e70a3888c409b7256dd33,Figure4,"six approved all-X families: one omnibus per representation, including unsupported factors; no new standardization"
q05_trust_soc,midpoint,rc,5497,1798,5497,raw,subjective,numeric,ok,,150,-0.0150582454093987,0.0100191303905691,-0.0346957409749141,0.0045792501561167,2.2588567190621283,1.0,0.1328521081958912,[-0.015058245409398704],[0.010019130390569125],-0.00710842983347,-0.0150582454093987,0.9497995928172313,1.0,消费调查/results/mpc_allx_screen/all_screen_results.csv,78,c2e3b71621f77b82766e70a3888c409b7256dd33,Figure4,"six approved all-X families: one omnibus per representation, including unsupported factors; no new standardization"
q05_trust_soc,top75,cash,1798,1798,5497,raw,subjective,numeric,ok,,150,0.0132503641114532,0.0090482650691841,-0.0044842354241475,0.0309849636470541,2.144494790610094,1.0,0.1430821306224979,[0.013250364111453295],[0.009048265069184117],0.0062549972452572,0.0132503641114532,0.9771123683502926,1.0,消费调查/results/mpc_allx_screen/all_screen_results.csv,81,c2e3b71621f77b82766e70a3888c409b7256dd33,Figure4,"six approved all-X families: one omnibus per representation, including unsupported factors; no new standardization"
q05_trust_soc,top75,rc,5497,1798,5497,raw,subjective,numeric,ok,,150,-0.0131148890638236,0.010485929704816,-0.0336673112852631,0.0074375331576158,1.5642831192769675,1.0,0.211039189609819,[-0.01311488906382367],[0.010485929704816061],-0.0061910445838362,-0.0131148890638236,1.0,1.0,消费调查/results/mpc_allx_screen/all_screen_results.csv,82,c2e3b71621f77b82766e70a3888c409b7256dd33,Figure4,"six approved all-X families: one omnibus per representation, including unsupported factors; no new standardization"
q06_socsec,ordinal,cash,1798,1798,5497,raw,subjective,numeric,ok,,150,0.0112237307698897,0.0511390179480287,-0.0890087444082467,0.1114562059480261,0.0481692310403107,1.0,0.8262801313585204,[0.01122373076988972],[0.05113901794802879],0.0051093893880113,0.0112237307698897,1.0,1.0,消费调查/results/mpc_allx_screen/all_screen_results.csv,85,c2e3b71621f77b82766e70a3888c409b7256dd33,Figure4,"six approved all-X families: one omnibus per representation, including unsupported factors; no new standardization"
q06_socsec,ordinal,rc,5497,1798,5497,raw,subjective,numeric,ok,,150,-0.0080208051602307,0.061252123996355,-0.1280749681930866,0.1120333578726251,0.0171472163437136,1.0,0.8958169334806685,[-0.00802080516023077],[0.06125212399635504],-0.0036513185864126,-0.0080208051602307,0.9999430580494532,1.0,消费调查/results/mpc_allx_screen/all_screen_results.csv,86,c2e3b71621f77b82766e70a3888c409b7256dd33,Figure4,"six approved all-X families: one omnibus per representation, including unsupported factors; no new standardization"
q06_socsec,midpoint,cash,1798,1798,5497,raw,subjective,numeric,ok,,150,0.0046510762660995,0.0087537232728519,-0.0125062213486902,0.0218083738808892,0.2823067713255849,1.0,0.595193247852463,[0.004651076266099506],[0.008753723272851916],0.0021173137706218,0.0046510762660995,0.8695302407980895,1.0,消费调查/results/mpc_allx_screen/all_screen_results.csv,89,c2e3b71621f77b82766e70a3888c409b7256dd33,Figure4,"six approved all-X families: one omnibus per representation, including unsupported factors; no new standardization"
q06_socsec,midpoint,rc,5497,1798,5497,raw,subjective,numeric,ok,,150,-0.003240141230212,0.0104139896330251,-0.0236515609109413,0.0171712784505173,0.0968040659796391,1.0,0.7556991211884614,[-0.0032401412302120406],[0.010413989633025174],-0.0014750125031256,-0.003240141230212,0.9497995928172313,1.0,消费调查/results/mpc_allx_screen/all_screen_results.csv,90,c2e3b71621f77b82766e70a3888c409b7256dd33,Figure4,"six approved all-X families: one omnibus per representation, including unsupported factors; no new standardization"
q06_socsec,top75,cash,1798,1798,5497,raw,subjective,numeric,ok,,150,0.0044653454770595,0.0097634536469162,-0.0146710236708962,0.0236017146250153,0.2091718285623017,1.0,0.6474172919935783,[0.004465345477059561],[0.009763453646916217],0.0020327633709371,0.0044653454770595,0.9771123683502926,1.0,消费调查/results/mpc_allx_screen/all_screen_results.csv,93,c2e3b71621f77b82766e70a3888c409b7256dd33,Figure4,"six approved all-X families: one omnibus per representation, including unsupported factors; no new standardization"
q06_socsec,top75,rc,5497,1798,5497,raw,subjective,numeric,ok,,150,-0.0011622236535237,0.0114345640387648,-0.0235739691695027,0.0212495218624552,0.0103309485268155,1.0,0.9190414173735212,[-0.0011622236535237356],[0.011434564038764807],-0.0005290801537881,-0.0011622236535237,1.0,1.0,消费调查/results/mpc_allx_screen/all_screen_results.csv,94,c2e3b71621f77b82766e70a3888c409b7256dd33,Figure4,"six approved all-X families: one omnibus per representation, including unsupported factors; no new standardization"
q07_emergfund,ordinal,cash,1798,1798,5497,raw,subjective,numeric,ok,,150,0.014834321814633,0.0522825356159238,-0.0876394479925777,0.1173080916218438,0.0805048617807799,1.0,0.7766144002024513,[0.014834321814633051],[0.05228253561592388],0.0059273270191032,0.014834321814633,1.0,1.0,消费调查/results/mpc_allx_screen/all_screen_results.csv,97,c2e3b71621f77b82766e70a3888c409b7256dd33,Figure4,"six approved all-X families: one omnibus per representation, including unsupported factors; no new standardization"
q07_emergfund,ordinal,rc,5497,1798,5497,raw,subjective,numeric,ok,,150,0.0056650230532169,0.0620728688991165,-0.1159977999890514,0.1273278460954852,0.0083291316518508,1.0,0.9272827616621616,[0.005665023053216901],[0.06207286889911652],0.0022635644977077,0.0056650230532169,0.9999430580494532,1.0,消费调查/results/mpc_allx_screen/all_screen_results.csv,98,c2e3b71621f77b82766e70a3888c409b7256dd33,Figure4,"six approved all-X families: one omnibus per representation, including unsupported factors; no new standardization"
q07_emergfund,midpoint,cash,1798,1798,5497,raw,subjective,numeric,ok,,150,0.0051262190068805,0.0090841046437004,-0.0126786260947722,0.0229310641085334,0.3184417898827427,1.0,0.572545580287081,[0.005126219006880596],[0.009084104643700434],0.0020482753984311,0.0051262190068805,0.8695302407980895,1.0,消费调查/results/mpc_allx_screen/all_screen_results.csv,101,c2e3b71621f77b82766e70a3888c409b7256dd33,Figure4,"six approved all-X families: one omnibus per representation, including unsupported factors; no new standardization"
q07_emergfund,midpoint,rc,5497,1798,5497,raw,subjective,numeric,ok,,150,-0.0024441428315284,0.0106626459304274,-0.0233429288551662,0.0184546431921093,0.0525440068134284,1.0,0.8186942016747184,[-0.0024441428315284883],[0.010662645930427449],-0.0009766023701586,-0.0024441428315284,0.9497995928172313,1.0,消费调查/results/mpc_allx_screen/all_screen_results.csv,102,c2e3b71621f77b82766e70a3888c409b7256dd33,Figure4,"six approved all-X families: one omnibus per representation, including unsupported factors; no new standardization"
q07_emergfund,top75,cash,1798,1798,5497,raw,subjective,numeric,ok,,150,-0.0001560785957537,0.0104442589262911,-0.0206268260912843,0.0203146688997768,0.0002233219637458,1.0,0.98807688820146,[-0.0001560785957537697],[0.010444258926291129],-6.236408305517765e-05,-0.0001560785957537,1.0,1.0,消费调查/results/mpc_allx_screen/all_screen_results.csv,105,c2e3b71621f77b82766e70a3888c409b7256dd33,Figure4,"six approved all-X families: one omnibus per representation, including unsupported factors; no new standardization"
q07_emergfund,top75,rc,5497,1798,5497,raw,subjective,numeric,ok,,150,0.0023545021974342,0.0119781464845286,-0.0211226649122418,0.0258316693071104,0.0386383845401143,1.0,0.8441667969515743,[0.002354502197434289],[0.011978146484528641],0.0009407848006656,0.0023545021974342,1.0,1.0,消费调查/results/mpc_allx_screen/all_screen_results.csv,106,c2e3b71621f77b82766e70a3888c409b7256dd33,Figure4,"six approved all-X families: one omnibus per representation, including unsupported factors; no new standardization"
q08_support,ordinal,cash,1798,1798,5497,raw,subjective,numeric,ok,,150,-0.0328688425867533,0.051731380890686,-0.1342623491324979,0.0685246639589912,0.4037017947912659,1.0,0.5251836616965389,[-0.032868842586753336],[0.05173138089068602],-0.0152795566586837,-0.0328688425867533,1.0,1.0,消费调查/results/mpc_allx_screen/all_screen_results.csv,109,c2e3b71621f77b82766e70a3888c409b7256dd33,Figure4,"six approved all-X families: one omnibus per representation, including unsupported factors; no new standardization"
q08_support,ordinal,rc,5497,1798,5497,raw,subjective,numeric,ok,,150,0.0292867783397956,0.0621367875633651,-0.0925013252844001,0.1510748819639913,0.2221496365220519,1.0,0.6374068620392663,[0.029286778339795615],[0.062136787563365166],0.0136143823078688,0.0292867783397956,0.9999430580494532,1.0,消费调查/results/mpc_allx_screen/all_screen_results.csv,110,c2e3b71621f77b82766e70a3888c409b7256dd33,Figure4,"six approved all-X families: one omnibus per representation, including unsupported factors; no new standardization"
q08_support,midpoint,cash,1798,1798,5497,raw,subjective,numeric,ok,,150,-0.003611672493474,0.0088742454663313,-0.0210051936074834,0.0137818486205354,0.1656356622537583,1.0,0.684020022972347,[-0.0036116724934740123],[0.008874245466331334],-0.0016789381722521,-0.003611672493474,0.8695302407980895,1.0,消费调查/results/mpc_allx_screen/all_screen_results.csv,113,c2e3b71621f77b82766e70a3888c409b7256dd33,Figure4,"six approved all-X families: one omnibus per representation, including unsupported factors; no new standardization"
q08_support,midpoint,rc,5497,1798,5497,raw,subjective,numeric,ok,,150,0.0007511735037767,0.0105823300828683,-0.0199901934586452,0.0214925404661987,0.005038693176683,1.0,0.943410686171952,[0.000751173503776752],[0.01058233008286837],0.0003491938628859,0.0007511735037767,0.9827194647624502,1.0,消费调查/results/mpc_allx_screen/all_screen_results.csv,114,c2e3b71621f77b82766e70a3888c409b7256dd33,Figure4,"six approved all-X families: one omnibus per representation, including unsupported factors; no new standardization"
q08_support,top75,cash,1798,1798,5497,raw,subjective,numeric,ok,,150,-0.0028605483770097,0.0099513497121221,-0.0223651938127691,0.0166440970587497,0.0826294033093082,1.0,0.7737652500060991,[-0.0028605483770097013],[0.009951349712122182],-0.0013297672677723,-0.0028605483770097,0.9835998940755498,1.0,消费调查/results/mpc_allx_screen/all_screen_results.csv,117,c2e3b71621f77b82766e70a3888c409b7256dd33,Figure4,"six approved all-X families: one omnibus per representation, including unsupported factors; no new standardization"
q08_support,top75,rc,5497,1798,5497,raw,subjective,numeric,ok,,150,-0.0017494527213399,0.011710313321152,-0.0247016668307979,0.0212027613881181,0.0223186226810234,1.0,0.8812425994925868,[-0.001749452721339917],[0.011710313321152077],-0.000813258389213,-0.0017494527213399,1.0,1.0,消费调查/results/mpc_allx_screen/all_screen_results.csv,118,c2e3b71621f77b82766e70a3888c409b7256dd33,Figure4,"six approved all-X families: one omnibus per representation, including unsupported factors; no new standardization"
q09_gain,ordinal,cash,1798,1798,5497,raw,subjective,numeric,ok,,150,-0.0414397912340438,0.0503523253089822,-0.1401303488396489,0.0572507663715612,0.677323361202062,1.0,0.4105099415567392,[-0.041439791234043837],[0.0503523253089822],-0.0188963374396257,-0.0414397912340438,1.0,1.0,消费调查/results/mpc_allx_screen/all_screen_results.csv,121,c2e3b71621f77b82766e70a3888c409b7256dd33,Figure4,"six approved all-X families: one omnibus per representation, including unsupported factors; no new standardization"
q09_gain,ordinal,rc,5497,1798,5497,raw,subjective,numeric,ok,,150,0.025305303833665,0.0609109854878943,-0.0940802277226078,0.144690835389938,0.1725964505158476,1.0,0.6778144942469633,[0.025305303833665097],[0.060910985487894365],0.0115390919213983,0.025305303833665,0.9999430580494532,1.0,消费调查/results/mpc_allx_screen/all_screen_results.csv,122,c2e3b71621f77b82766e70a3888c409b7256dd33,Figure4,"six approved all-X families: one omnibus per representation, including unsupported factors; no new standardization"
q09_gain,midpoint,cash,1798,1798,5497,raw,subjective,numeric,ok,,150,-0.0021404899730684,0.0084987963813707,-0.018798130880555,0.0145171509344181,0.0634324589235921,1.0,0.8011508140244014,[-0.002140489973068447],[0.00849879638137073],-0.0009760527167909,-0.0021404899730684,0.9056432822820394,1.0,消费调查/results/mpc_allx_screen/all_screen_results.csv,125,c2e3b71621f77b82766e70a3888c409b7256dd33,Figure4,"six approved all-X families: one omnibus per representation, including unsupported factors; no new standardization"
q09_gain,midpoint,rc,5497,1798,5497,raw,subjective,numeric,ok,,150,-0.0012485852970067,0.0102693877914357,-0.0213765853682208,0.0188794147742072,0.0147824808511734,1.0,0.9032290986128282,[-0.0012485852970067724],[0.010269387791435743],-0.0005693486475629,-0.0012485852970067,0.9660347498173868,1.0,消费调查/results/mpc_allx_screen/all_screen_results.csv,126,c2e3b71621f77b82766e70a3888c409b7256dd33,Figure4,"six approved all-X families: one omnibus per representation, including unsupported factors; no new standardization"
q09_gain,top75,cash,1798,1798,5497,raw,subjective,numeric,ok,,150,-0.0010524464104386,0.0092177735783767,-0.0191192826240571,0.0170143898031798,0.0130361068128592,1.0,0.9090984577822492,[-0.001052446410438633],[0.009217773578376776],-0.0004799102967592,-0.0010524464104386,1.0,1.0,消费调查/results/mpc_allx_screen/all_screen_results.csv,129,c2e3b71621f77b82766e70a3888c409b7256dd33,Figure4,"six approved all-X families: one omnibus per representation, including unsupported factors; no new standardization"
q09_gain,top75,rc,5497,1798,5497,raw,subjective,numeric,ok,,150,0.0005549929540884,0.0110807709581736,-0.0211633181239319,0.0222733040321089,0.0025086205935501,1.0,0.9600537511289606,[0.0005549929540884749],[0.011080770958173688],0.0002530740099012,0.0005549929540884,1.0,1.0,消费调查/results/mpc_allx_screen/all_screen_results.csv,130,c2e3b71621f77b82766e70a3888c409b7256dd33,Figure4,"six approved all-X families: one omnibus per representation, including unsupported factors; no new standardization"
q10_effort,ordinal,cash,1798,1798,5497,raw,subjective,numeric,ok,,150,0.0243606169504059,0.0519944726860916,-0.0775485495143337,0.1262697834151456,0.2195139929969053,1.0,0.6394104810606364,[0.02436061695040594],[0.051994472686091676],0.0114820747184483,0.0243606169504059,1.0,1.0,消费调查/results/mpc_allx_screen/all_screen_results.csv,133,c2e3b71621f77b82766e70a3888c409b7256dd33,Figure4,"six approved all-X families: one omnibus per representation, including unsupported factors; no new standardization"
q10_effort,ordinal,rc,5497,1798,5497,raw,subjective,numeric,ok,,150,-0.014288378844034,0.062656950171837,-0.1370960011808346,0.1085192434927665,0.052002881621582,1.0,0.8196140531998815,[-0.014288378844034048],[0.06265695017183702],-0.0067346501866801,-0.014288378844034,0.9999430580494532,1.0,消费调查/results/mpc_allx_screen/all_screen_results.csv,134,c2e3b71621f77b82766e70a3888c409b7256dd33,Figure4,"six approved all-X families: one omnibus per representation, including unsupported factors; no new standardization"
q10_effort,midpoint,cash,1798,1798,5497,raw,subjective,numeric,ok,,150,0.0060046515930923,0.0088932654755061,-0.0114261487388996,0.0234354519250843,0.4558827017515838,1.0,0.4995545108030571,[0.00600465159309233],[0.008893265475506127],0.0028302180683887,0.0060046515930923,0.8695302407980895,1.0,消费调查/results/mpc_allx_screen/all_screen_results.csv,137,c2e3b71621f77b82766e70a3888c409b7256dd33,Figure4,"six approved all-X families: one omnibus per representation, including unsupported factors; no new standardization"
q10_effort,midpoint,rc,5497,1798,5497,raw,subjective,numeric,ok,,150,-0.0042757508899203,0.0106581864297003,-0.025165796292133,0.0166142945122923,0.1609378386364838,1.0,0.6882945354550442,[-0.004275750889920343],[0.010658186429700367],-0.0020153221609898,-0.0042757508899203,0.9497995928172313,1.0,消费调查/results/mpc_allx_screen/all_screen_results.csv,138,c2e3b71621f77b82766e70a3888c409b7256dd33,Figure4,"six approved all-X families: one omnibus per representation, including unsupported factors; no new standardization"
q10_effort,top75,cash,1798,1798,5497,raw,subjective,numeric,ok,,150,0.004085723232499,0.0098879394019093,-0.0152946379952432,0.0234660844602413,0.1707364691304752,1.0,0.6794581120293492,[0.004085723232499034],[0.00988793940190933],0.0019257549810811,0.004085723232499,0.9771123683502926,1.0,消费调查/results/mpc_allx_screen/all_screen_results.csv,141,c2e3b71621f77b82766e70a3888c409b7256dd33,Figure4,"six approved all-X families: one omnibus per representation, including unsupported factors; no new standardization"
q10_effort,top75,rc,5497,1798,5497,raw,subjective,numeric,ok,,150,-0.0027592830736002,0.011702244057372,-0.0256956814260495,0.020177115278849,0.0555973652584522,1.0,0.8135949022999385,[-0.002759283073600278],[0.011702244057372092],-0.0013005538605581,-0.0027592830736002,1.0,1.0,消费调查/results/mpc_allx_screen/all_screen_results.csv,142,c2e3b71621f77b82766e70a3888c409b7256dd33,Figure4,"six approved all-X families: one omnibus per representation, including unsupported factors; no new standardization"
q11_mobility,ordinal,cash,1798,1798,5497,raw,subjective,numeric,ok,,150,-0.0004871352395451,0.0513128739041912,-0.1010603680917599,0.1000860976126696,9.012523648989148e-05,1.0,0.9924254515702504,[-0.00048713523954513837],[0.05131287390419123],-0.0002067886630616,-0.0004871352395451,1.0,1.0,消费调查/results/mpc_allx_screen/all_screen_results.csv,145,c2e3b71621f77b82766e70a3888c409b7256dd33,Figure4,"six approved all-X families: one omnibus per representation, including unsupported factors; no new standardization"
q11_mobility,ordinal,rc,5497,1798,5497,raw,subjective,numeric,ok,,150,0.0048012420316111,0.0608066411147807,-0.1143797745533591,0.1239822586165815,0.0062345508353601,1.0,0.9370650976910022,[0.004801242031611162],[0.06080664111478079],0.0020381248165895,0.0048012420316111,0.9999430580494532,1.0,消费调查/results/mpc_allx_screen/all_screen_results.csv,146,c2e3b71621f77b82766e70a3888c409b7256dd33,Figure4,"six approved all-X families: one omnibus per representation, including unsupported factors; no new standardization"
q11_mobility,midpoint,cash,1798,1798,5497,raw,subjective,numeric,ok,,150,0.0043711702465811,0.0087758312534313,-0.0128294590101442,0.0215717995033066,0.2480955162674782,1.0,0.6184192868367928,[0.0043711702465811806],[0.008775831253431355],0.0018555595611382,0.0043711702465811,0.8695302407980895,1.0,消费调查/results/mpc_allx_screen/all_screen_results.csv,149,c2e3b71621f77b82766e70a3888c409b7256dd33,Figure4,"six approved all-X families: one omnibus per representation, including unsupported factors; no new standardization"
q11_mobility,midpoint,rc,5497,1798,5497,raw,subjective,numeric,ok,,150,-0.0034886452226233,0.0102800183918978,-0.0236374812707432,0.0166601908254964,0.1151664099812699,1.0,0.7343372157343457,[-0.0034886452226233593],[0.010280018391897882],-0.0014809281343642,-0.0034886452226233,0.9497995928172313,1.0,消费调查/results/mpc_allx_screen/all_screen_results.csv,150,c2e3b71621f77b82766e70a3888c409b7256dd33,Figure4,"six approved all-X families: one omnibus per representation, including unsupported factors; no new standardization"
q11_mobility,top75,cash,1798,1798,5497,raw,subjective,numeric,ok,,150,0.00419516091703,0.0097565372190645,-0.0149276520323365,0.0233179738663966,0.1848867706490011,1.0,0.6672068314161884,[0.0041951609170300655],[0.009756537219064597],0.0017808436896725,0.00419516091703,0.9771123683502926,1.0,消费调查/results/mpc_allx_screen/all_screen_results.csv,153,c2e3b71621f77b82766e70a3888c409b7256dd33,Figure4,"six approved all-X families: one omnibus per representation, including unsupported factors; no new standardization"
q11_mobility,top75,rc,5497,1798,5497,raw,subjective,numeric,ok,,150,-0.0023694021824609,0.0111799056369879,-0.0242820172309573,0.0195432128660355,0.0449160226759764,1.0,0.8321585206069072,[-0.0023694021824609106],[0.01117990563698799],-0.0010058100293132,-0.0023694021824609,1.0,1.0,消费调查/results/mpc_allx_screen/all_screen_results.csv,154,c2e3b71621f77b82766e70a3888c409b7256dd33,Figure4,"six approved all-X families: one omnibus per representation, including unsupported factors; no new standardization"
q12_voice,ordinal,cash,1798,1798,5497,raw,subjective,numeric,ok,,150,0.00199425871256,0.0492612551948465,-0.0945578014693391,0.0985463188944592,0.0016388984666574,1.0,0.9677078120548708,[0.001994258712560071],[0.049261255194846525],0.0008101561426367,0.00199425871256,1.0,1.0,消费调查/results/mpc_allx_screen/all_screen_results.csv,157,c2e3b71621f77b82766e70a3888c409b7256dd33,Figure4,"six approved all-X families: one omnibus per representation, including unsupported factors; no new standardization"
q12_voice,ordinal,rc,5497,1798,5497,raw,subjective,numeric,ok,,150,-0.0077240996573652,0.0597005570206928,-0.1247371914179233,0.1092889921031927,0.0167393646640571,1.0,0.8970564211413898,[-0.007724099657365259],[0.05970055702069288],-0.0031378711018488,-0.0077240996573652,0.9999430580494532,1.0,消费调查/results/mpc_allx_screen/all_screen_results.csv,158,c2e3b71621f77b82766e70a3888c409b7256dd33,Figure4,"six approved all-X families: one omnibus per representation, including unsupported factors; no new standardization"
q12_voice,midpoint,cash,1798,1798,5497,raw,subjective,numeric,ok,,150,0.0037542361574177,0.0083859188721123,-0.0126821648319223,0.0201906371467578,0.2004203716089775,1.0,0.654381747933215,[0.0037542361574177154],[0.008385918872112303],0.0015251368664882,0.0037542361574177,0.8695302407980895,1.0,消费调查/results/mpc_allx_screen/all_screen_results.csv,161,c2e3b71621f77b82766e70a3888c409b7256dd33,Figure4,"six approved all-X families: one omnibus per representation, including unsupported factors; no new standardization"
q12_voice,midpoint,rc,5497,1798,5497,raw,subjective,numeric,ok,,150,-0.004018977047658,0.0100883106636183,-0.0237920659483501,0.0157541118530339,0.1587062962827228,1.0,0.6903504017048819,[-0.004018977047658089],[0.010088310663618389],-0.0016326863319034,-0.004018977047658,0.9497995928172313,1.0,消费调查/results/mpc_allx_screen/all_screen_results.csv,162,c2e3b71621f77b82766e70a3888c409b7256dd33,Figure4,"six approved all-X families: one omnibus per representation, including unsupported factors; no new standardization"
q12_voice,top75,cash,1798,1798,5497,raw,subjective,numeric,ok,,150,0.0022356177076054,0.0091550140261538,-0.015708209783656,0.0201794451988669,0.0596316812133288,1.0,0.8070790330979917,[0.0022356177076054565],[0.009155014026153818],0.0009082068474851,0.0022356177076054,0.9874125868442348,1.0,消费调查/results/mpc_allx_screen/all_screen_results.csv,165,c2e3b71621f77b82766e70a3888c409b7256dd33,Figure4,"six approved all-X families: one omnibus per representation, including unsupported factors; no new standardization"
q12_voice,top75,rc,5497,1798,5497,raw,subjective,numeric,ok,,150,0.0008564566137459,0.0108388398284802,-0.0203876694500754,0.0221005826775672,0.0062437447128459,1.0,0.9370188072457758,[0.0008564566137459432],[0.01083883982848028],0.0003479305779927,0.0008564566137459,1.0,1.0,消费调查/results/mpc_allx_screen/all_screen_results.csv,166,c2e3b71621f77b82766e70a3888c409b7256dd33,Figure4,"six approved all-X families: one omnibus per representation, including unsupported factors; no new standardization"
q13_pressure,ordinal,cash,1798,1798,5497,raw,subjective,numeric,ok,,150,-0.0005194352451939,0.050653993307463,-0.0998012621278215,0.0987623916374336,0.0001051563374906,1.0,0.9918181751947334,[-0.0005194352451939215],[0.05065399330746306],-0.0002460949073404,-0.0005194352451939,1.0,1.0,消费调查/results/mpc_allx_screen/all_screen_results.csv,169,c2e3b71621f77b82766e70a3888c409b7256dd33,Figure4,"six approved all-X families: one omnibus per representation, including unsupported factors; no new standardization"
q13_pressure,ordinal,rc,5497,1798,5497,raw,subjective,numeric,ok,,150,-0.0149843781001926,0.0610519638135775,-0.1346462271748047,0.1046774709744193,0.060239057712338,1.0,0.8061184982903856,[-0.014984378100192689],[0.06105196381357758],-0.0070992085620685,-0.0149843781001926,0.9999430580494532,1.0,消费调查/results/mpc_allx_screen/all_screen_results.csv,170,c2e3b71621f77b82766e70a3888c409b7256dd33,Figure4,"six approved all-X families: one omnibus per representation, including unsupported factors; no new standardization"
q13_pressure,midpoint,cash,1798,1798,5497,raw,subjective,numeric,ok,,150,0.0029958437213647,0.0086029565165665,-0.0138659510511056,0.0198576384938351,0.1212670613837217,1.0,0.7276643017647667,[0.002995843721364761],[0.008602956516566515],0.0014193528256643,0.0029958437213647,0.8695302407980895,1.0,消费调查/results/mpc_allx_screen/all_screen_results.csv,173,c2e3b71621f77b82766e70a3888c409b7256dd33,Figure4,"six approved all-X families: one omnibus per representation, including unsupported factors; no new standardization"
q13_pressure,midpoint,rc,5497,1798,5497,raw,subjective,numeric,ok,,150,-0.0057581381249221,0.0103142901044617,-0.025974146729667,0.0144578704798228,0.3116631616517681,1.0,0.5766613917097045,[-0.0057581381249221155],[0.010314290104461717],-0.0027280560597636,-0.0057581381249221,0.9497995928172313,1.0,消费调查/results/mpc_allx_screen/all_screen_results.csv,174,c2e3b71621f77b82766e70a3888c409b7256dd33,Figure4,"six approved all-X families: one omnibus per representation, including unsupported factors; no new standardization"
q13_pressure,top75,cash,1798,1798,5497,raw,subjective,numeric,ok,,150,0.0033049423613306,0.0095604787035384,-0.0154335958976047,0.0220434806202659,0.1195001643642037,1.0,0.7295772350348849,[0.003304942361330644],[0.009560478703538445],0.001565795720838,0.0033049423613306,0.9771123683502926,1.0,消费调查/results/mpc_allx_screen/all_screen_results.csv,177,c2e3b71621f77b82766e70a3888c409b7256dd33,Figure4,"six approved all-X families: one omnibus per representation, including unsupported factors; no new standardization"
q13_pressure,top75,rc,5497,1798,5497,raw,subjective,numeric,ok,,150,-0.0038902956371964,0.0113116278834505,-0.0260610862887595,0.0182804950143667,0.1182810013963579,1.0,0.7309064122412672,[-0.0038902956371964286],[0.011311627883450581],-0.0018431208764151,-0.0038902956371964,1.0,1.0,消费调查/results/mpc_allx_screen/all_screen_results.csv,178,c2e3b71621f77b82766e70a3888c409b7256dd33,Figure4,"six approved all-X families: one omnibus per representation, including unsupported factors; no new standardization"
q14a_pr_income,ordinal,cash,1798,1798,5497,raw,subjective,binary,ok,,150,0.1046690965605363,0.0453040303605846,0.0158731970537903,0.1934649960672822,5.337811978264984,1.0,0.0208676492901143,[0.1046690965605363],[0.045304030360584654],0.2093418794926939,0.1046690965605363,1.0,1.0,消费调查/results/mpc_allx_screen/all_screen_results.csv,181,c2e3b71621f77b82766e70a3888c409b7256dd33,Figure4,"six approved all-X families: one omnibus per representation, including unsupported factors; no new standardization"
q14a_pr_income,ordinal,rc,5497,1798,5497,raw,subjective,binary,ok,,150,-0.1017985115034412,0.0549124170322465,-0.2094268488866445,0.005829825879762,3.436700890284441,1.0,0.0637628975198017,[-0.10179851150344123],[0.054912417032246585],-0.2036006082785264,-0.1017985115034412,0.9445801195150122,1.0,消费调查/results/mpc_allx_screen/all_screen_results.csv,182,c2e3b71621f77b82766e70a3888c409b7256dd33,Figure4,"six approved all-X families: one omnibus per representation, including unsupported factors; no new standardization"
q14a_pr_income,midpoint,cash,1798,1798,5497,raw,subjective,binary,ok,,150,0.0123340568348607,0.00774594159621,-0.0028479886937109,0.0275161023634324,2.535499062957433,1.0,0.1113116873481535,[0.012334056834860755],[0.007745941596210048],0.0246685480664879,0.0123340568348607,0.8695302407980895,1.0,消费调查/results/mpc_allx_screen/all_screen_results.csv,185,c2e3b71621f77b82766e70a3888c409b7256dd33,Figure4,"six approved all-X families: one omnibus per representation, including unsupported factors; no new standardization"
q14a_pr_income,midpoint,rc,5497,1798,5497,raw,subjective,binary,ok,,150,-0.0136723274147204,0.009276970789474,-0.0318551901620895,0.0045105353326486,2.1720635204501497,1.0,0.140537542531607,[-0.013672327414720423],[0.009276970789474034],-0.0273451363591514,-0.0136723274147204,0.9497995928172313,1.0,消费调查/results/mpc_allx_screen/all_screen_results.csv,186,c2e3b71621f77b82766e70a3888c409b7256dd33,Figure4,"six approved all-X families: one omnibus per representation, including unsupported factors; no new standardization"
q14a_pr_income,top75,cash,1798,1798,5497,raw,subjective,binary,ok,,150,0.0007545232648892,0.0083240606576576,-0.0155606356241196,0.0170696821538982,0.0082162718092702,1.0,0.927775744690653,[0.000754523264889282],[0.008324060657657622],0.0015090731035548,0.0007545232648892,1.0,1.0,消费调查/results/mpc_allx_screen/all_screen_results.csv,189,c2e3b71621f77b82766e70a3888c409b7256dd33,Figure4,"six approved all-X families: one omnibus per representation, including unsupported factors; no new standardization"
q14a_pr_income,top75,rc,5497,1798,5497,raw,subjective,binary,ok,,150,-0.0082001813770707,0.0097581210612337,-0.0273260986570888,0.0109257359029474,0.7061785364372825,1.0,0.4007153717254504,[-0.008200181377070742],[0.00975812106123375],-0.0164006515587353,-0.0082001813770707,1.0,1.0,消费调查/results/mpc_allx_screen/all_screen_results.csv,190,c2e3b71621f77b82766e70a3888c409b7256dd33,Figure4,"six approved all-X families: one omnibus per representation, including unsupported factors; no new standardization"
q14b_pr_housing,ordinal,cash,1798,1798,5497,raw,subjective,binary,ok,,150,-0.0097169126680317,0.0448888996792705,-0.097699156039402,0.0782653307033385,0.0468574530613159,1.0,0.8286246619408411,[-0.009716912668031773],[0.044888899679270566],-0.0199930146778556,-0.0097169126680317,1.0,1.0,消费调查/results/mpc_allx_screen/all_screen_results.csv,193,c2e3b71621f77b82766e70a3888c409b7256dd33,Figure4,"six approved all-X families: one omnibus per representation, including unsupported factors; no new standardization"
q14b_pr_housing,ordinal,rc,5497,1798,5497,raw,subjective,binary,ok,,150,0.0119115502754075,0.054348568714183,-0.0946116444043911,0.1184347449552063,0.0480352829945241,1.0,0.8265179897933572,[0.011911550275407575],[0.05434856871418302],0.0245085869996275,0.0119115502754075,0.9999430580494532,1.0,消费调查/results/mpc_allx_screen/all_screen_results.csv,194,c2e3b71621f77b82766e70a3888c409b7256dd33,Figure4,"six approved all-X families: one omnibus per representation, including unsupported factors; no new standardization"
q14b_pr_housing,midpoint,cash,1798,1798,5497,raw,subjective,binary,ok,,150,0.0003118909396813,0.0076535888792326,-0.0146891432636145,0.0153129251429772,0.0016606390946874,1.0,0.9674944512074344,[0.0003118909396813437],[0.007653588879232601],0.0006417305936539,0.0003118909396813,1.0,1.0,消费调查/results/mpc_allx_screen/all_screen_results.csv,197,c2e3b71621f77b82766e70a3888c409b7256dd33,Figure4,"six approved all-X families: one omnibus per representation, including unsupported factors; no new standardization"
q14b_pr_housing,midpoint,rc,5497,1798,5497,raw,subjective,binary,ok,,150,-0.0009424756944426,0.0091391102697376,-0.0188551318231283,0.016970180434243,0.0106348772881781,1.0,0.9178633339893818,[-0.0009424756944426618],[0.009139110269737604],-0.0019391890239486,-0.0009424756944426,0.9695739443549808,1.0,消费调查/results/mpc_allx_screen/all_screen_results.csv,198,c2e3b71621f77b82766e70a3888c409b7256dd33,Figure4,"six approved all-X families: one omnibus per representation, including unsupported factors; no new standardization"
q14b_pr_housing,top75,cash,1798,1798,5497,raw,subjective,binary,ok,,150,0.0042362600636147,0.0081908489506004,-0.0118178038795621,0.0202903240067917,0.2674899028089608,1.0,0.6050205583936001,[0.004236260063614798],[0.008190848950600479],0.0087163086182414,0.0042362600636147,0.9771123683502926,1.0,消费调查/results/mpc_allx_screen/all_screen_results.csv,201,c2e3b71621f77b82766e70a3888c409b7256dd33,Figure4,"six approved all-X families: one omnibus per representation, including unsupported factors; no new standardization"
q14b_pr_housing,top75,rc,5497,1798,5497,raw,subjective,binary,ok,,150,-0.0044002871290231,0.0095604475125918,-0.0231387642537031,0.0143381899956567,0.2118388397977566,1.0,0.6453299422525418,[-0.004400287129023196],[0.009560447512591832],-0.0090538021862411,-0.0044002871290231,1.0,1.0,消费调查/results/mpc_allx_screen/all_screen_results.csv,202,c2e3b71621f77b82766e70a3888c409b7256dd33,Figure4,"six approved all-X families: one omnibus per representation, including unsupported factors; no new standardization"
q14c_pr_work,ordinal,cash,1798,1798,5497,raw,subjective,binary,ok,,150,-0.0249391551419925,0.0453281141682957,-0.1137822589118522,0.0639039486278671,0.3027109783616061,1.0,0.5821878512020682,[-0.024939155141992526],[0.04532811416829577],-0.0500292241452621,-0.0249391551419925,1.0,1.0,消费调查/results/mpc_allx_screen/all_screen_results.csv,205,c2e3b71621f77b82766e70a3888c409b7256dd33,Figure4,"six approved all-X families: one omnibus per representation, including unsupported factors; no new standardization"
q14c_pr_work,ordinal,rc,5497,1798,5497,raw,subjective,binary,ok,,150,0.1301333908446271,0.0548785767760468,0.0225713803635753,0.2376954013256789,5.623048284421458,1.0,0.0177257928374014,[0.13013339084462716],[0.05487857677604685],0.2610542555383734,0.1301333908446271,0.9445801195150122,1.0,消费调查/results/mpc_allx_screen/all_screen_results.csv,206,c2e3b71621f77b82766e70a3888c409b7256dd33,Figure4,"six approved all-X families: one omnibus per representation, including unsupported factors; no new standardization"
q14c_pr_work,midpoint,cash,1798,1798,5497,raw,subjective,binary,ok,,150,-0.0040987972433639,0.0077337074783301,-0.019256863900891,0.011059269414163,0.2808907181947026,1.0,0.5961180019903944,[-0.004098797243363986],[0.007733707478330111],-0.0082223974648186,-0.0040987972433639,0.8695302407980895,1.0,消费调查/results/mpc_allx_screen/all_screen_results.csv,209,c2e3b71621f77b82766e70a3888c409b7256dd33,Figure4,"six approved all-X families: one omnibus per representation, including unsupported factors; no new standardization"
q14c_pr_work,midpoint,rc,5497,1798,5497,raw,subjective,binary,ok,,150,0.0198079398735093,0.0092540856847001,0.0016699319314971,0.0379459478155215,4.581541084072874,1.0,0.0323181367884351,[0.01980793987350931],[0.009254085684700103],0.0397357431775653,0.0198079398735093,0.9497995928172313,1.0,消费调查/results/mpc_allx_screen/all_screen_results.csv,210,c2e3b71621f77b82766e70a3888c409b7256dd33,Figure4,"six approved all-X families: one omnibus per representation, including unsupported factors; no new standardization"
q14c_pr_work,top75,cash,1798,1798,5497,raw,subjective,binary,ok,,150,0.0072099162194152,0.0082790860911857,-0.0090170925193088,0.0234369249581392,0.7583953106027348,1.0,0.3838311730645284,[0.007209916219415223],[0.008279086091185748],0.0144634616752645,0.0072099162194152,0.9771123683502926,1.0,消费调查/results/mpc_allx_screen/all_screen_results.csv,213,c2e3b71621f77b82766e70a3888c409b7256dd33,Figure4,"six approved all-X families: one omnibus per representation, including unsupported factors; no new standardization"
q14c_pr_work,top75,rc,5497,1798,5497,raw,subjective,binary,ok,,150,0.0014832852523926,0.0097139735506465,-0.0175561029068745,0.0205226734116597,0.0233160793283745,1.0,0.8786379871313358,[0.001483285252392605],[0.009713973550646514],0.0029755462821737,0.0014832852523926,1.0,1.0,消费调查/results/mpc_allx_screen/all_screen_results.csv,214,c2e3b71621f77b82766e70a3888c409b7256dd33,Figure4,"six approved all-X families: one omnibus per representation, including unsupported factors; no new standardization"
q14d_pr_edu,ordinal,cash,1798,1798,5497,raw,subjective,binary,ok,,150,-0.0414080165978627,0.0458644160937978,-0.1313022721417064,0.0484862389459809,0.815111686582438,1.0,0.3666132815447337,[-0.04140801659786275],[0.04586441609379781],-0.0860705066866321,-0.0414080165978627,1.0,1.0,消费调查/results/mpc_allx_screen/all_screen_results.csv,217,c2e3b71621f77b82766e70a3888c409b7256dd33,Figure4,"six approved all-X families: one omnibus per representation, including unsupported factors; no new standardization"
q14d_pr_edu,ordinal,rc,5497,1798,5497,raw,subjective,binary,ok,,150,0.0700985833456796,0.0553849100001502,-0.0384558402546147,0.178653006945974,1.6019006357728467,1.0,0.2056340707934587,[0.07009858334567967],[0.05538491000015021],0.1457065824999977,0.0700985833456796,0.9999430580494532,1.0,消费调查/results/mpc_allx_screen/all_screen_results.csv,218,c2e3b71621f77b82766e70a3888c409b7256dd33,Figure4,"six approved all-X families: one omnibus per representation, including unsupported factors; no new standardization"
q14d_pr_edu,midpoint,cash,1798,1798,5497,raw,subjective,binary,ok,,150,-0.0067854715375555,0.0078388001135937,-0.0221495197601993,0.0085785766850881,0.7493088909835323,1.0,0.3866951282146864,[-0.006785471537555564],[0.007838800113593745],-0.0141042489191639,-0.0067854715375555,0.8695302407980895,1.0,消费调查/results/mpc_allx_screen/all_screen_results.csv,221,c2e3b71621f77b82766e70a3888c409b7256dd33,Figure4,"six approved all-X families: one omnibus per representation, including unsupported factors; no new standardization"
q14d_pr_edu,midpoint,rc,5497,1798,5497,raw,subjective,binary,ok,,150,0.0136740268460015,0.0093689588123459,-0.0046891324261964,0.0320371861181996,2.1301500515207032,1.0,0.1444266171199371,[0.013674026846001596],[0.00936895881234593],0.0284227672750381,0.0136740268460015,0.9497995928172313,1.0,消费调查/results/mpc_allx_screen/all_screen_results.csv,222,c2e3b71621f77b82766e70a3888c409b7256dd33,Figure4,"six approved all-X families: one omnibus per representation, including unsupported factors; no new standardization"
q14d_pr_edu,top75,cash,1798,1798,5497,raw,subjective,binary,ok,,150,-0.0018945877991533,0.0083811586495931,-0.0183216587523559,0.0145324831540492,0.0511000528285253,1.0,0.8211600372263665,[-0.0018945877991533074],[0.008381158649593164],-0.0039380812034318,-0.0018945877991533,0.9874125868442348,1.0,消费调查/results/mpc_allx_screen/all_screen_results.csv,225,c2e3b71621f77b82766e70a3888c409b7256dd33,Figure4,"six approved all-X families: one omnibus per representation, including unsupported factors; no new standardization"
q14d_pr_edu,top75,rc,5497,1798,5497,raw,subjective,binary,ok,,150,0.0062874026640458,0.0097862014175546,-0.0128935521143611,0.0254683574424529,0.4127758205155483,1.0,0.5205639603466755,[0.00628740266404587],[0.00978620141755461],0.013068965323619,0.0062874026640458,1.0,1.0,消费调查/results/mpc_allx_screen/all_screen_results.csv,226,c2e3b71621f77b82766e70a3888c409b7256dd33,Figure4,"six approved all-X families: one omnibus per representation, including unsupported factors; no new standardization"
q14e_pr_med,ordinal,cash,1798,1798,5497,raw,subjective,binary,ok,,150,-0.0644720712765341,0.045345555839476,-0.1533493607219072,0.0244052181688387,2.021500188727437,1.0,0.1550858566330092,[-0.06447207127653419],[0.04534555583947601],-0.1296944071493929,-0.0644720712765341,1.0,1.0,消费调查/results/mpc_allx_screen/all_screen_results.csv,229,c2e3b71621f77b82766e70a3888c409b7256dd33,Figure4,"six approved all-X families: one omnibus per representation, including unsupported factors; no new standardization"
q14e_pr_med,ordinal,rc,5497,1798,5497,raw,subjective,binary,ok,,150,0.0672003008165609,0.0550125252605433,-0.040624248694104,0.1750248503272259,1.4921733260084866,1.0,0.2218795620059351,[0.06720030081656098],[0.05501252526054336],0.1351826147679066,0.0672003008165609,0.9999430580494532,1.0,消费调查/results/mpc_allx_screen/all_screen_results.csv,230,c2e3b71621f77b82766e70a3888c409b7256dd33,Figure4,"six approved all-X families: one omnibus per representation, including unsupported factors; no new standardization"
q14e_pr_med,midpoint,cash,1798,1798,5497,raw,subjective,binary,ok,,150,-0.0117779751762209,0.0077435836527051,-0.0269553991355229,0.0033994487830811,2.3134348875716517,1.0,0.128260341560754,[-0.011777975176220928],[0.00774358365270512],-0.023693011216412,-0.0117779751762209,0.8695302407980895,1.0,消费调查/results/mpc_allx_screen/all_screen_results.csv,233,c2e3b71621f77b82766e70a3888c409b7256dd33,Figure4,"six approved all-X families: one omnibus per representation, including unsupported factors; no new standardization"
q14e_pr_med,midpoint,rc,5497,1798,5497,raw,subjective,binary,ok,,150,0.0125871976167136,0.0092899494996099,-0.0056211034025217,0.030795498635949,1.835825486709456,1.0,0.1754410148841043,[0.012587197616713645],[0.00928994949960991],0.0253208730578833,0.0125871976167136,0.9497995928172313,1.0,消费调查/results/mpc_allx_screen/all_screen_results.csv,234,c2e3b71621f77b82766e70a3888c409b7256dd33,Figure4,"six approved all-X families: one omnibus per representation, including unsupported factors; no new standardization"
q14e_pr_med,top75,cash,1798,1798,5497,raw,subjective,binary,ok,,150,-0.0162764778718898,0.0083095872800457,-0.0325632689407794,1.0313196999876125e-05,3.836736349019525,1.0,0.0501410313221842,[-0.0162764778718898],[0.008309587280045754],-0.0327423659001209,-0.0162764778718898,0.9771123683502926,1.0,消费调查/results/mpc_allx_screen/all_screen_results.csv,237,c2e3b71621f77b82766e70a3888c409b7256dd33,Figure4,"six approved all-X families: one omnibus per representation, including unsupported factors; no new standardization"
q14e_pr_med,top75,rc,5497,1798,5497,raw,subjective,binary,ok,,150,0.018554535051507,0.0097791777349278,-0.0006126533089515,0.0377217234119656,3.599941747316472,1.0,0.0577815957866907,[0.018554535051507063],[0.009779177734927856],0.0373249901203918,0.018554535051507,1.0,1.0,消费调查/results/mpc_allx_screen/all_screen_results.csv,238,c2e3b71621f77b82766e70a3888c409b7256dd33,Figure4,"six approved all-X families: one omnibus per representation, including unsupported factors; no new standardization"
q14f_pr_pension,ordinal,cash,1798,1798,5497,raw,subjective,binary,ok,,150,0.0766157678950002,0.0475622384923002,-0.0166062195499082,0.1698377553399088,2.5948469360063577,1.0,0.1072117966586024,[0.07661576789500028],[0.04756223849230029],0.1647059041994001,0.0766157678950002,1.0,1.0,消费调查/results/mpc_allx_screen/all_screen_results.csv,241,c2e3b71621f77b82766e70a3888c409b7256dd33,Figure4,"six approved all-X families: one omnibus per representation, including unsupported factors; no new standardization"
q14f_pr_pension,ordinal,rc,5497,1798,5497,raw,subjective,binary,ok,,150,-0.0889280846372106,0.0570464750161297,-0.200739175668825,0.0228830063944037,2.430078197961877,1.0,0.1190269606977784,[-0.08892808463721064],[0.05704647501612978],-0.191174493075183,-0.0889280846372106,0.991891339148154,1.0,消费调查/results/mpc_allx_screen/all_screen_results.csv,242,c2e3b71621f77b82766e70a3888c409b7256dd33,Figure4,"six approved all-X families: one omnibus per representation, including unsupported factors; no new standardization"
q14f_pr_pension,midpoint,cash,1798,1798,5497,raw,subjective,binary,ok,,150,0.0130404066805985,0.0081545407077441,-0.00294249310658,0.0290233064677771,2.557309317819727,1.0,0.1097852909599704,[0.013040406680598526],[0.008154540707744172],0.0280338112175475,0.0130404066805985,0.8695302407980895,1.0,消费调查/results/mpc_allx_screen/all_screen_results.csv,245,c2e3b71621f77b82766e70a3888c409b7256dd33,Figure4,"six approved all-X families: one omnibus per representation, including unsupported factors; no new standardization"
q14f_pr_pension,midpoint,rc,5497,1798,5497,raw,subjective,binary,ok,,150,-0.0118340242756174,0.0096749464753813,-0.0307969193673648,0.0071288708161299,1.4961246195400963,1.0,0.2212686166862402,[-0.011834024275617468],[0.009674946475381311],-0.0254403724218291,-0.0118340242756174,0.9497995928172313,1.0,消费调查/results/mpc_allx_screen/all_screen_results.csv,246,c2e3b71621f77b82766e70a3888c409b7256dd33,Figure4,"six approved all-X families: one omnibus per representation, including unsupported factors; no new standardization"
q14f_pr_pension,top75,cash,1798,1798,5497,raw,subjective,binary,ok,,150,0.0066747225775903,0.0088336246061417,-0.0106391816504475,0.0239886268056282,0.5709374887607639,1.0,0.449886623657611,[0.006674722577590386],[0.00883362460614179],0.0143490856729234,0.0066747225775903,0.9771123683502926,1.0,消费调查/results/mpc_allx_screen/all_screen_results.csv,249,c2e3b71621f77b82766e70a3888c409b7256dd33,Figure4,"six approved all-X families: one omnibus per representation, including unsupported factors; no new standardization"
q14f_pr_pension,top75,rc,5497,1798,5497,raw,subjective,binary,ok,,150,0.0011319777929325,0.010281088332647,-0.0190189553390556,0.0212829109249207,0.012122651851565,1.0,0.912327756523422,[0.0011319777929325535],[0.010281088332647056],0.0024334863571962,0.0011319777929325,1.0,1.0,消费调查/results/mpc_allx_screen/all_screen_results.csv,250,c2e3b71621f77b82766e70a3888c409b7256dd33,Figure4,"six approved all-X families: one omnibus per representation, including unsupported factors; no new standardization"
q14g_pr_other,ordinal,cash,1798,1798,5497,raw,subjective,binary,ok,,150,0.0669158156500173,0.050626282616429,-0.0323116982781836,0.1661433295782184,1.747050559624768,1.0,0.1862479481308773,[0.06691581565001739],[0.05062628261642908],0.5621885038988558,0.0669158156500173,1.0,1.0,消费调查/results/mpc_allx_screen/all_screen_results.csv,253,c2e3b71621f77b82766e70a3888c409b7256dd33,Figure4,"six approved all-X families: one omnibus per representation, including unsupported factors; no new standardization"
q14g_pr_other,ordinal,rc,5497,1798,5497,raw,subjective,binary,ok,,150,-0.1326389292234506,0.0631386930898735,-0.2563907676796028,-0.0088870907672985,4.41317183762783,1.0,0.03566247293093,[-0.13263892922345066],[0.06313869308987352],-1.1143566054530871,-0.1326389292234506,0.9445801195150122,1.0,消费调查/results/mpc_allx_screen/all_screen_results.csv,254,c2e3b71621f77b82766e70a3888c409b7256dd33,Figure4,"six approved all-X families: one omnibus per representation, including unsupported factors; no new standardization"
q14g_pr_other,midpoint,cash,1798,1798,5497,raw,subjective,binary,ok,,150,0.0122661911766275,0.0084990520104147,-0.0043919507637852,0.0289243331170403,2.082948270383427,1.0,0.1489522339248963,[0.01226619117662756],[0.008499052010414704],0.1030535397220971,0.0122661911766275,0.8695302407980895,1.0,消费调查/results/mpc_allx_screen/all_screen_results.csv,257,c2e3b71621f77b82766e70a3888c409b7256dd33,Figure4,"six approved all-X families: one omnibus per representation, including unsupported factors; no new standardization"
q14g_pr_other,midpoint,rc,5497,1798,5497,raw,subjective,binary,ok,,150,-0.0230094024639981,0.0105851516932576,-0.043756299782783,-0.0022625051452131,4.725159889648329,1.0,0.0297244196260296,[-0.02300940246399811],[0.010585151693257635],-0.193311871359344,-0.0230094024639981,0.9497995928172313,1.0,消费调查/results/mpc_allx_screen/all_screen_results.csv,258,c2e3b71621f77b82766e70a3888c409b7256dd33,Figure4,"six approved all-X families: one omnibus per representation, including unsupported factors; no new standardization"
q14g_pr_other,top75,cash,1798,1798,5497,raw,subjective,binary,ok,,150,0.0182158731338181,0.0092670291677927,5.249596494429423e-05,0.0363792503026919,3.863838147581954,1.0,0.0493373422156833,[0.018215873133818113],[0.009267029167792765],0.1530393729021205,0.0182158731338181,0.9771123683502926,1.0,消费调查/results/mpc_allx_screen/all_screen_results.csv,261,c2e3b71621f77b82766e70a3888c409b7256dd33,Figure4,"six approved all-X families: one omnibus per representation, including unsupported factors; no new standardization"
q14g_pr_other,top75,rc,5497,1798,5497,raw,subjective,binary,ok,,150,-0.0281464931984248,0.0114272072259213,-0.0505438193612306,-0.0057491670356189,6.066921566807114,1.0,0.0137736817048287,[-0.028146493198424802],[0.011427207225921337],-0.236470776714169,-0.0281464931984248,1.0,1.0,消费调查/results/mpc_allx_screen/all_screen_results.csv,262,c2e3b71621f77b82766e70a3888c409b7256dd33,Figure4,"six approved all-X families: one omnibus per representation, including unsupported factors; no new standardization"
q14h_pr_none,ordinal,cash,1798,1798,5497,raw,subjective,binary,ok,,150,-0.0935231732077576,0.0576000278786033,-0.2064192278498203,0.0193728814343049,2.6362893820226256,1.0,0.1044472359316627,[-0.09352317320775769],[0.05760002787860337],-0.6997280040988663,-0.0935231732077576,1.0,1.0,消费调查/results/mpc_allx_screen/all_screen_results.csv,265,c2e3b71621f77b82766e70a3888c409b7256dd33,Figure4,"six approved all-X families: one omnibus per representation, including unsupported factors; no new standardization"
q14h_pr_none,ordinal,rc,5497,1798,5497,raw,subjective,binary,ok,,150,0.0357968455508683,0.0673220670174003,-0.0961544058032363,0.167748096904973,0.2827317831195261,1.0,0.5949162740074254,[0.03579684555086836],[0.06732206701740036],0.2678272606801025,0.0357968455508683,0.9999430580494532,1.0,消费调查/results/mpc_allx_screen/all_screen_results.csv,266,c2e3b71621f77b82766e70a3888c409b7256dd33,Figure4,"six approved all-X families: one omnibus per representation, including unsupported factors; no new standardization"
q14h_pr_none,midpoint,cash,1798,1798,5497,raw,subjective,binary,ok,,150,-0.0174536334050706,0.0103657403901066,-0.0377704845696795,0.0028632177595383,2.835117379092847,1.0,0.09222406228394,[-0.01745363340507062],[0.0103657403901066],-0.1305857751391001,-0.0174536334050706,0.8695302407980895,1.0,消费调查/results/mpc_allx_screen/all_screen_results.csv,269,c2e3b71621f77b82766e70a3888c409b7256dd33,Figure4,"six approved all-X families: one omnibus per representation, including unsupported factors; no new standardization"
q14h_pr_none,midpoint,rc,5497,1798,5497,raw,subjective,binary,ok,,150,0.0071229049322801,0.0118408777852008,-0.0160852155267135,0.0303310253912739,0.3618649325451381,1.0,0.5474723196451236,[0.0071229049322801535],[0.01184087778520089],0.0532926319830744,0.0071229049322801,0.9497995928172313,1.0,消费调查/results/mpc_allx_screen/all_screen_results.csv,270,c2e3b71621f77b82766e70a3888c409b7256dd33,Figure4,"six approved all-X families: one omnibus per representation, including unsupported factors; no new standardization"
q14h_pr_none,top75,cash,1798,1798,5497,raw,subjective,binary,ok,,150,-0.0181349025248224,0.0135415633417998,-0.0446763666747502,0.0084065616251052,1.7934647291653507,1.0,0.1805045895160457,[-0.018134902524822492],[0.013541563341799862],-0.1356829405267543,-0.0181349025248224,0.9771123683502926,1.0,消费调查/results/mpc_allx_screen/all_screen_results.csv,273,c2e3b71621f77b82766e70a3888c409b7256dd33,Figure4,"six approved all-X families: one omnibus per representation, including unsupported factors; no new standardization"
q14h_pr_none,top75,rc,5497,1798,5497,raw,subjective,binary,ok,,150,0.014093811144715,0.0148782484058371,-0.0150675557307258,0.0432551780201558,0.8973322668523648,1.0,0.3434980369837881,[0.014093811144715035],[0.014878248405837168],0.1054480296613778,0.014093811144715,1.0,1.0,消费调查/results/mpc_allx_screen/all_screen_results.csv,274,c2e3b71621f77b82766e70a3888c409b7256dd33,Figure4,"six approved all-X families: one omnibus per representation, including unsupported factors; no new standardization"
q15_fut_self,ordinal,cash,1798,1798,5497,raw,subjective,numeric,ok,,150,-0.0464906126737717,0.0497528764818926,-0.1440062505782813,0.0510250252307379,0.8731606382856363,1.0,0.3500817939344335,[-0.046490612673771706],[0.049752876481892666],-0.0225366431378402,-0.0464906126737717,1.0,1.0,消费调查/results/mpc_allx_screen/all_screen_results.csv,277,c2e3b71621f77b82766e70a3888c409b7256dd33,Figure4,"six approved all-X families: one omnibus per representation, including unsupported factors; no new standardization"
q15_fut_self,ordinal,rc,5497,1798,5497,raw,subjective,numeric,ok,,150,0.0556108568720072,0.060027748864654,-0.0620435309027146,0.173265244646729,0.8582524659452593,1.0,0.3542281890301064,[0.05561085687200722],[0.06002774886465401],0.026957744022612,0.0556108568720072,0.9999430580494532,1.0,消费调查/results/mpc_allx_screen/all_screen_results.csv,278,c2e3b71621f77b82766e70a3888c409b7256dd33,Figure4,"six approved all-X families: one omnibus per representation, including unsupported factors; no new standardization"
q15_fut_self,midpoint,cash,1798,1798,5497,raw,subjective,numeric,ok,,150,-0.0051242692045773,0.0084541583744278,-0.0216944196184559,0.0114458812093011,0.367386434440261,1.0,0.544432343268703,[-0.005124269204577373],[0.008454158374427836],-0.0024840246183921,-0.0051242692045773,0.8695302407980895,1.0,消费调查/results/mpc_allx_screen/all_screen_results.csv,281,c2e3b71621f77b82766e70a3888c409b7256dd33,Figure4,"six approved all-X families: one omnibus per representation, including unsupported factors; no new standardization"
q15_fut_self,midpoint,rc,5497,1798,5497,raw,subjective,numeric,ok,,150,0.0080857156490699,0.010146006476461,-0.0118004570447937,0.0279718883429337,0.6351066474772081,1.0,0.4254883258403436,[0.008085715649069989],[0.01014600647646108],0.0039196060799591,0.0080857156490699,0.9497995928172313,1.0,消费调查/results/mpc_allx_screen/all_screen_results.csv,282,c2e3b71621f77b82766e70a3888c409b7256dd33,Figure4,"six approved all-X families: one omnibus per representation, including unsupported factors; no new standardization"
q15_fut_self,top75,cash,1798,1798,5497,raw,subjective,numeric,ok,,150,-0.0057674941198285,0.0092690985796921,-0.0239349273360252,0.0123999390963681,0.3871678784956863,1.0,0.5337918543120894,[-0.005767494119828567],[0.00926909857969218],-0.0027958323046901,-0.0057674941198285,0.9771123683502926,1.0,消费调查/results/mpc_allx_screen/all_screen_results.csv,285,c2e3b71621f77b82766e70a3888c409b7256dd33,Figure4,"six approved all-X families: one omnibus per representation, including unsupported factors; no new standardization"
q15_fut_self,top75,rc,5497,1798,5497,raw,subjective,numeric,ok,,150,0.0111900707110606,0.01097959650023,-0.0103299384293901,0.0327100798515114,1.038706624879821,1.0,0.3081224676183038,[0.011190070711060653],[0.010979596500230008],0.0054244634733464,0.0111900707110606,1.0,1.0,消费调查/results/mpc_allx_screen/all_screen_results.csv,286,c2e3b71621f77b82766e70a3888c409b7256dd33,Figure4,"six approved all-X families: one omnibus per representation, including unsupported factors; no new standardization"
q16_fut_society,ordinal,cash,1798,1798,5497,raw,subjective,numeric,ok,,150,-0.047932807428074,0.0484299782047004,-0.1428555647092868,0.0469899498531387,0.9795738558729226,1.0,0.3223040369281272,[-0.04793280742807404],[0.048429978204700415],-0.0233182552441784,-0.047932807428074,1.0,1.0,消费调查/results/mpc_allx_screen/all_screen_results.csv,289,c2e3b71621f77b82766e70a3888c409b7256dd33,Figure4,"six approved all-X families: one omnibus per representation, including unsupported factors; no new standardization"
q16_fut_society,ordinal,rc,5497,1798,5497,raw,subjective,numeric,ok,,150,0.0643766242871397,0.0592900324457171,-0.0518318393064658,0.1805850878807454,1.1789435852002883,1.0,0.2775711655661671,[0.06437662428713979],[0.05929003244571717],0.0313178100226795,0.0643766242871397,0.9999430580494532,1.0,消费调查/results/mpc_allx_screen/all_screen_results.csv,290,c2e3b71621f77b82766e70a3888c409b7256dd33,Figure4,"six approved all-X families: one omnibus per representation, including unsupported factors; no new standardization"
q16_fut_society,midpoint,cash,1798,1798,5497,raw,subjective,numeric,ok,,150,-0.0029160145601356,0.0082314090593285,-0.0190495763164196,0.0132175471961482,0.1254963247531163,1.0,0.7231480849794385,[-0.0029160145601356546],[0.008231409059328546],-0.0014185768674412,-0.0029160145601356,0.8695302407980895,1.0,消费调查/results/mpc_allx_screen/all_screen_results.csv,293,c2e3b71621f77b82766e70a3888c409b7256dd33,Figure4,"six approved all-X families: one omnibus per representation, including unsupported factors; no new standardization"
q16_fut_society,midpoint,rc,5497,1798,5497,raw,subjective,numeric,ok,,150,0.0047152026108919,0.0100292773008494,-0.0149421808987728,0.0243725861205568,0.2210351991865694,1.0,0.6382522780889962,[0.004715202610891967],[0.01002927730084941],0.0022938422326666,0.0047152026108919,0.9497995928172313,1.0,消费调查/results/mpc_allx_screen/all_screen_results.csv,294,c2e3b71621f77b82766e70a3888c409b7256dd33,Figure4,"six approved all-X families: one omnibus per representation, including unsupported factors; no new standardization"
q16_fut_society,top75,cash,1798,1798,5497,raw,subjective,numeric,ok,,150,-0.005404871108889,0.0090594711132811,-0.0231614344909201,0.0123516922731419,0.3559303275755056,1.0,0.5507751610058789,[-0.005404871108889055],[0.009059471113281148],-0.002629350769159,-0.005404871108889,0.9771123683502926,1.0,消费调查/results/mpc_allx_screen/all_screen_results.csv,297,c2e3b71621f77b82766e70a3888c409b7256dd33,Figure4,"six approved all-X families: one omnibus per representation, including unsupported factors; no new standardization"
q16_fut_society,top75,rc,5497,1798,5497,raw,subjective,numeric,ok,,150,0.0083793878027101,0.0108932051571864,-0.0129712943053752,0.0297300699107955,0.5917158662075371,1.0,0.4417563699108605,[0.008379387802710157],[0.010893205157186439],0.0040763876363125,0.0083793878027101,1.0,1.0,消费调查/results/mpc_allx_screen/all_screen_results.csv,298,c2e3b71621f77b82766e70a3888c409b7256dd33,Figure4,"six approved all-X families: one omnibus per representation, including unsupported factors; no new standardization"
q17a_fut_econ,ordinal,cash,1798,1798,5497,raw,subjective,numeric,ok,,150,0.0311793650316649,0.0487140571172041,-0.0643001869180551,0.1266589169813851,0.4096622359428108,1.0,0.5221409908336697,[0.031179365031664977],[0.04871405711720415],0.0148138685416516,0.0311793650316649,1.0,1.0,消费调查/results/mpc_allx_screen/all_screen_results.csv,301,c2e3b71621f77b82766e70a3888c409b7256dd33,Figure4,"six approved all-X families: one omnibus per representation, including unsupported factors; no new standardization"
q17a_fut_econ,ordinal,rc,5497,1798,5497,raw,subjective,numeric,ok,,150,-0.0325070823870342,0.0590913171001321,-0.1483260639032932,0.0833118991292248,0.3026276765597241,1.0,0.5822397738039862,[-0.03250708238703422],[0.059091317100132185],-0.0154446905722778,-0.0325070823870342,0.9999430580494532,1.0,消费调查/results/mpc_allx_screen/all_screen_results.csv,302,c2e3b71621f77b82766e70a3888c409b7256dd33,Figure4,"six approved all-X families: one omnibus per representation, including unsupported factors; no new standardization"
q17a_fut_econ,midpoint,cash,1798,1798,5497,raw,subjective,numeric,ok,,150,0.0099571033319781,0.0083392000897062,-0.0063877288438459,0.0263019355078023,1.4256641849273597,1.0,0.2324733512163958,[0.009957103331978176],[0.008339200089706207],0.0047307961424412,0.0099571033319781,0.8695302407980895,1.0,消费调查/results/mpc_allx_screen/all_screen_results.csv,305,c2e3b71621f77b82766e70a3888c409b7256dd33,Figure4,"six approved all-X families: one omnibus per representation, including unsupported factors; no new standardization"
q17a_fut_econ,midpoint,rc,5497,1798,5497,raw,subjective,numeric,ok,,150,-0.0098856016278429,0.0100017715672113,-0.0294890738995771,0.0097178706438912,0.9769050341990054,1.0,0.3229640997003338,[-0.009885601627842983],[0.010001771567211324],-0.0046968244164459,-0.0098856016278429,0.9497995928172313,1.0,消费调查/results/mpc_allx_screen/all_screen_results.csv,306,c2e3b71621f77b82766e70a3888c409b7256dd33,Figure4,"six approved all-X families: one omnibus per representation, including unsupported factors; no new standardization"
q17a_fut_econ,top75,cash,1798,1798,5497,raw,subjective,numeric,ok,,150,0.0111030061898296,0.0094034215699246,-0.0073277000872226,0.029533712466882,1.3941495104710706,1.0,0.237705594714464,[0.01110300618982968],[0.009403421569924672],0.0052752348851954,0.0111030061898296,0.9771123683502926,1.0,消费调查/results/mpc_allx_screen/all_screen_results.csv,309,c2e3b71621f77b82766e70a3888c409b7256dd33,Figure4,"six approved all-X families: one omnibus per representation, including unsupported factors; no new standardization"
q17a_fut_econ,top75,rc,5497,1798,5497,raw,subjective,numeric,ok,,150,-0.0089215594102752,0.0110273696323677,-0.030535203889716,0.0126920850691655,0.6545422415219515,1.0,0.4184933755943496,[-0.008921559410275252],[0.011027369632367771],-0.0042387908848089,-0.0089215594102752,1.0,1.0,消费调查/results/mpc_allx_screen/all_screen_results.csv,310,c2e3b71621f77b82766e70a3888c409b7256dd33,Figure4,"six approved all-X families: one omnibus per representation, including unsupported factors; no new standardization"
q17b_fut_job,ordinal,cash,1798,1798,5497,raw,subjective,numeric,ok,,150,0.0242615282366777,0.0491697992239065,-0.0721112782421791,0.1206343347155346,0.243466626104179,1.0,0.6217134700022581,[0.024261528236677782],[0.04916979922390659],0.0108053306070604,0.0242615282366777,1.0,1.0,消费调查/results/mpc_allx_screen/all_screen_results.csv,313,c2e3b71621f77b82766e70a3888c409b7256dd33,Figure4,"six approved all-X families: one omnibus per representation, including unsupported factors; no new standardization"
q17b_fut_job,ordinal,rc,5497,1798,5497,raw,subjective,numeric,ok,,150,-0.0269742672511471,0.0591208547650435,-0.1428511425906325,0.0889026080883383,0.2081698854258119,1.0,0.6482056260717846,[-0.0269742672511471],[0.059120854765043585],-0.0120135002497995,-0.0269742672511471,0.9999430580494532,1.0,消费调查/results/mpc_allx_screen/all_screen_results.csv,314,c2e3b71621f77b82766e70a3888c409b7256dd33,Figure4,"six approved all-X families: one omnibus per representation, including unsupported factors; no new standardization"
q17b_fut_job,midpoint,cash,1798,1798,5497,raw,subjective,numeric,ok,,150,0.0077132123246553,0.0084043156842328,-0.008759246416441,0.0241856710657517,0.8422981734099082,1.0,0.3587403182532996,[0.007713212324655338],[0.00840431568423285],0.003435225036004,0.0077132123246553,0.8695302407980895,1.0,消费调查/results/mpc_allx_screen/all_screen_results.csv,317,c2e3b71621f77b82766e70a3888c409b7256dd33,Figure4,"six approved all-X families: one omnibus per representation, including unsupported factors; no new standardization"
q17b_fut_job,midpoint,rc,5497,1798,5497,raw,subjective,numeric,ok,,150,-0.0090622356355486,0.0100025655151962,-0.0286672640453333,0.010542792774236,0.8208199279170914,1.0,0.3649405472244358,[-0.009062235635548626],[0.010002565515196285],-0.0040360380898493,-0.0090622356355486,0.9497995928172313,1.0,消费调查/results/mpc_allx_screen/all_screen_results.csv,318,c2e3b71621f77b82766e70a3888c409b7256dd33,Figure4,"six approved all-X families: one omnibus per representation, including unsupported factors; no new standardization"
q17b_fut_job,top75,cash,1798,1798,5497,raw,subjective,numeric,ok,,150,0.0045033974334725,0.0094375018755436,-0.0139941062425929,0.0230009011095381,0.2277017928177755,1.0,0.6332331753371157,[0.004503397433472582],[0.00943750187554365],0.0020056732473305,0.0045033974334725,0.9771123683502926,1.0,消费调查/results/mpc_allx_screen/all_screen_results.csv,321,c2e3b71621f77b82766e70a3888c409b7256dd33,Figure4,"six approved all-X families: one omnibus per representation, including unsupported factors; no new standardization"
q17b_fut_job,top75,rc,5497,1798,5497,raw,subjective,numeric,ok,,150,-0.0065999036750307,0.0109823619363432,-0.0281253330702635,0.0149255257202019,0.3611467322780526,1.0,0.5478700585270859,[-0.006599903675030776],[0.010982361936343237],-0.0029393919660695,-0.0065999036750307,1.0,1.0,消费调查/results/mpc_allx_screen/all_screen_results.csv,322,c2e3b71621f77b82766e70a3888c409b7256dd33,Figure4,"six approved all-X families: one omnibus per representation, including unsupported factors; no new standardization"
q17c_fut_price,ordinal,cash,1798,1798,5497,raw,subjective,numeric,ok,,150,0.0189083656771363,0.0485488763696155,-0.0762474320073101,0.1140641633615828,0.1516874392066417,1.0,0.6969279686467824,[0.01890836567713635],[0.04854887636961557],0.008398322539624,0.0189083656771363,1.0,1.0,消费调查/results/mpc_allx_screen/all_screen_results.csv,325,c2e3b71621f77b82766e70a3888c409b7256dd33,Figure4,"six approved all-X families: one omnibus per representation, including unsupported factors; no new standardization"
q17c_fut_price,ordinal,rc,5497,1798,5497,raw,subjective,numeric,ok,,150,-0.02053639025103,0.0586554289891251,-0.1355010310697154,0.0944282505676552,0.1225834348413592,1.0,0.7262492629723452,[-0.020536390251030094],[0.058655428989125166],-0.0091214244569159,-0.02053639025103,0.9999430580494532,1.0,消费调查/results/mpc_allx_screen/all_screen_results.csv,326,c2e3b71621f77b82766e70a3888c409b7256dd33,Figure4,"six approved all-X families: one omnibus per representation, including unsupported factors; no new standardization"
q17c_fut_price,midpoint,cash,1798,1798,5497,raw,subjective,numeric,ok,,150,0.0087723140895382,0.0083369710377275,-0.0075681491444078,0.0251127773234843,1.107163501568937,1.0,0.2926993724868735,[0.008772314089538222],[0.008336971037727596],0.0038963030650456,0.0087723140895382,0.8695302407980895,1.0,消费调查/results/mpc_allx_screen/all_screen_results.csv,329,c2e3b71621f77b82766e70a3888c409b7256dd33,Figure4,"six approved all-X families: one omnibus per representation, including unsupported factors; no new standardization"
q17c_fut_price,midpoint,rc,5497,1798,5497,raw,subjective,numeric,ok,,150,-0.0096659987059387,0.0099492519763438,-0.0291665325795727,0.0098345351676952,0.9438709184799008,1.0,0.3312843247251094,[-0.009665998705938752],[0.009949251976343864],-0.0042932412132383,-0.0096659987059387,0.9497995928172313,1.0,消费调查/results/mpc_allx_screen/all_screen_results.csv,330,c2e3b71621f77b82766e70a3888c409b7256dd33,Figure4,"six approved all-X families: one omnibus per representation, including unsupported factors; no new standardization"
q17c_fut_price,top75,cash,1798,1798,5497,raw,subjective,numeric,ok,,150,0.0124073559985817,0.0094185931873392,-0.0060530866486031,0.0308677986457666,1.7353473173880003,1.0,0.1877294338255061,[0.012407355998581754],[0.009418593187339222],0.0055108399805292,0.0124073559985817,0.9771123683502926,1.0,消费调查/results/mpc_allx_screen/all_screen_results.csv,333,c2e3b71621f77b82766e70a3888c409b7256dd33,Figure4,"six approved all-X families: one omnibus per representation, including unsupported factors; no new standardization"
q17c_fut_price,top75,rc,5497,1798,5497,raw,subjective,numeric,ok,,150,-0.0103904550179552,0.0109489469395312,-0.0318503910194365,0.011069480983526,0.9005844230210143,1.0,0.3426250541949402,[-0.010390455017955238],[0.010948946939531258],-0.0046150150713321,-0.0103904550179552,1.0,1.0,消费调查/results/mpc_allx_screen/all_screen_results.csv,334,c2e3b71621f77b82766e70a3888c409b7256dd33,Figure4,"six approved all-X families: one omnibus per representation, including unsupported factors; no new standardization"
q17d_fut_fair,ordinal,cash,1798,1798,5497,raw,subjective,numeric,ok,,150,0.0108895857997038,0.0492400539368172,-0.0856209199164579,0.1074000915158656,0.0489086507691066,1.0,0.8249733013196515,[0.01088958579970385],[0.049240053936817234],0.0047543946795626,0.0108895857997038,1.0,1.0,消费调查/results/mpc_allx_screen/all_screen_results.csv,337,c2e3b71621f77b82766e70a3888c409b7256dd33,Figure4,"six approved all-X families: one omnibus per representation, including unsupported factors; no new standardization"
q17d_fut_fair,ordinal,rc,5497,1798,5497,raw,subjective,numeric,ok,,150,-0.0115280327622123,0.0591795790168303,-0.1275200076351998,0.1044639421107752,0.0379460575709867,1.0,0.8455514964617769,[-0.011528032762212325],[0.05917957901683038],-0.0050331407124756,-0.0115280327622123,0.9999430580494532,1.0,消费调查/results/mpc_allx_screen/all_screen_results.csv,338,c2e3b71621f77b82766e70a3888c409b7256dd33,Figure4,"six approved all-X families: one omnibus per representation, including unsupported factors; no new standardization"
q17d_fut_fair,midpoint,cash,1798,1798,5497,raw,subjective,numeric,ok,,150,0.0059979397554634,0.0084162525069158,-0.0104979151580917,0.0224937946690185,0.5078865184978496,1.0,0.4760552000877432,[0.0059979397554634235],[0.008416252506915887],0.0026187013341212,0.0059979397554634,0.8695302407980895,1.0,消费调查/results/mpc_allx_screen/all_screen_results.csv,341,c2e3b71621f77b82766e70a3888c409b7256dd33,Figure4,"six approved all-X families: one omnibus per representation, including unsupported factors; no new standardization"
q17d_fut_fair,midpoint,rc,5497,1798,5497,raw,subjective,numeric,ok,,150,-0.0059587341354246,0.0100037749709666,-0.0255661330785191,0.0136486648076699,0.3547972045774406,1.0,0.551410030505517,[-0.005958734135424616],[0.01000377497096662],-0.002601584154942,-0.0059587341354246,0.9497995928172313,1.0,消费调查/results/mpc_allx_screen/all_screen_results.csv,342,c2e3b71621f77b82766e70a3888c409b7256dd33,Figure4,"six approved all-X families: one omnibus per representation, including unsupported factors; no new standardization"
q17d_fut_fair,top75,cash,1798,1798,5497,raw,subjective,numeric,ok,,150,0.0052266470628053,0.0092622437426059,-0.0129273506727023,0.023380644798313,0.3184299716958548,1.0,0.5725527055754867,[0.005226647062805344],[0.009262243742605992],0.0022819548368891,0.0052266470628053,0.9771123683502926,1.0,消费调查/results/mpc_allx_screen/all_screen_results.csv,345,c2e3b71621f77b82766e70a3888c409b7256dd33,Figure4,"six approved all-X families: one omnibus per representation, including unsupported factors; no new standardization"
q17d_fut_fair,top75,rc,5497,1798,5497,raw,subjective,numeric,ok,,150,-0.0024335735398933,0.0107852794079231,-0.0235727211794227,0.018705574099636,0.0509127022300534,1.0,0.8214826467659617,[-0.002433573539893318],[0.010785279407923154],-0.0010624985470712,-0.0024335735398933,1.0,1.0,消费调查/results/mpc_allx_screen/all_screen_results.csv,346,c2e3b71621f77b82766e70a3888c409b7256dd33,Figure4,"six approved all-X families: one omnibus per representation, including unsupported factors; no new standardization"
q17e_fut_welfare,ordinal,cash,1798,1798,5497,raw,subjective,numeric,ok,,150,0.030771930926799,0.0513102698926519,-0.0697961980627987,0.1313400599163968,0.3596672544582844,1.0,0.5486910919351538,[0.030771930926799057],[0.051310269892651944],0.0142885697077993,0.030771930926799,1.0,1.0,消费调查/results/mpc_allx_screen/all_screen_results.csv,349,c2e3b71621f77b82766e70a3888c409b7256dd33,Figure4,"six approved all-X families: one omnibus per representation, including unsupported factors; no new standardization"
q17e_fut_welfare,ordinal,rc,5497,1798,5497,raw,subjective,numeric,ok,,150,-0.0077844093272369,0.0607095219132491,-0.1267750722772052,0.1112062536227314,0.0164413586482609,1.0,0.8979718172186253,[-0.007784409327236943],[0.06070952191324915],-0.0036145952482104,-0.0077844093272369,0.9999430580494532,1.0,消费调查/results/mpc_allx_screen/all_screen_results.csv,350,c2e3b71621f77b82766e70a3888c409b7256dd33,Figure4,"six approved all-X families: one omnibus per representation, including unsupported factors; no new standardization"
q17e_fut_welfare,midpoint,cash,1798,1798,5497,raw,subjective,numeric,ok,,150,0.0096461704038294,0.0088817324335816,-0.0077620251659905,0.0270543659736494,1.1795449290979758,1.0,0.2774486584095193,[0.009646170403829459],[0.008881732433581643],0.0044790812301087,0.0096461704038294,0.8695302407980895,1.0,消费调查/results/mpc_allx_screen/all_screen_results.csv,353,c2e3b71621f77b82766e70a3888c409b7256dd33,Figure4,"six approved all-X families: one omnibus per representation, including unsupported factors; no new standardization"
q17e_fut_welfare,midpoint,rc,5497,1798,5497,raw,subjective,numeric,ok,,150,-0.0061803597384968,0.0103740999845985,-0.02651359570831,0.0141528762313163,0.3549168763729409,1.0,0.5513429156075216,[-0.006180359738496873],[0.010374099984598572],-0.0028697744432372,-0.0061803597384968,0.9497995928172313,1.0,消费调查/results/mpc_allx_screen/all_screen_results.csv,354,c2e3b71621f77b82766e70a3888c409b7256dd33,Figure4,"six approved all-X families: one omnibus per representation, including unsupported factors; no new standardization"
q17e_fut_welfare,top75,cash,1798,1798,5497,raw,subjective,numeric,ok,,150,0.0086070984328549,0.0100547618055961,-0.0111002347061135,0.0283144315718233,0.7327738556151201,1.0,0.3919855489150564,[0.00860709843285492],[0.010054761805596155],0.0039966008708486,0.0086070984328549,0.9771123683502926,1.0,消费调查/results/mpc_allx_screen/all_screen_results.csv,357,c2e3b71621f77b82766e70a3888c409b7256dd33,Figure4,"six approved all-X families: one omnibus per representation, including unsupported factors; no new standardization"
q17e_fut_welfare,top75,rc,5497,1798,5497,raw,subjective,numeric,ok,,150,-0.0056681615142829,0.0115217541278875,-0.0282507996049425,0.0169144765763766,0.2420177547048301,1.0,0.622752569288396,[-0.0056681615142829475],[0.01152175412788756],-0.0026319414632951,-0.0056681615142829,1.0,1.0,消费调查/results/mpc_allx_screen/all_screen_results.csv,358,c2e3b71621f77b82766e70a3888c409b7256dd33,Figure4,"six approved all-X families: one omnibus per representation, including unsupported factors; no new standardization"
q18_ses_now,ordinal,cash,1798,1798,5497,raw,subjective,numeric,ok,,150,0.0183756507280844,0.0488833425045862,-0.0774357005809046,0.1141870020370736,0.1413069969311306,1.0,0.7069851223022925,[0.018375650728084496],[0.048883342504586286],0.0086262761085861,0.0183756507280844,1.0,1.0,消费调查/results/mpc_allx_screen/all_screen_results.csv,361,c2e3b71621f77b82766e70a3888c409b7256dd33,Figure4,"six approved all-X families: one omnibus per representation, including unsupported factors; no new standardization"
q18_ses_now,ordinal,rc,5497,1798,5497,raw,subjective,numeric,ok,,150,-0.0192793582921653,0.058837176097377,-0.1346002234430242,0.0960415068586935,0.107369642699044,1.0,0.7431588650343315,[-0.019279358292165365],[0.058837176097377],-0.0090505131102866,-0.0192793582921653,0.9999430580494532,1.0,消费调查/results/mpc_allx_screen/all_screen_results.csv,362,c2e3b71621f77b82766e70a3888c409b7256dd33,Figure4,"six approved all-X families: one omnibus per representation, including unsupported factors; no new standardization"
q18_ses_now,midpoint,cash,1798,1798,5497,raw,subjective,numeric,ok,,150,0.0076665688422888,0.0082485219839308,-0.0085005342462156,0.0238336719307934,0.8638728142775702,1.0,0.3526571766706203,[0.007666568842288898],[0.00824852198393087],0.0035989985126345,0.0076665688422888,0.8695302407980895,1.0,消费调查/results/mpc_allx_screen/all_screen_results.csv,365,c2e3b71621f77b82766e70a3888c409b7256dd33,Figure4,"six approved all-X families: one omnibus per representation, including unsupported factors; no new standardization"
q18_ses_now,midpoint,rc,5497,1798,5497,raw,subjective,numeric,ok,,150,-0.0080473293201714,0.0098484375223826,-0.0273502668640414,0.0112556082236986,0.6676807886018702,1.0,0.4138613600411542,[-0.008047329320171406],[0.00984843752238267],-0.0037777429316515,-0.0080473293201714,0.9497995928172313,1.0,消费调查/results/mpc_allx_screen/all_screen_results.csv,366,c2e3b71621f77b82766e70a3888c409b7256dd33,Figure4,"six approved all-X families: one omnibus per representation, including unsupported factors; no new standardization"
q18_ses_now,top75,cash,1798,1798,5497,raw,subjective,numeric,ok,,150,0.0075030940273578,0.008940135956896,-0.0100195724481584,0.025025760502874,0.7043565072590334,1.0,0.4013237051829477,[0.007503094027357824],[0.008940135956896056],0.0035222568009388,0.0075030940273578,0.9771123683502926,1.0,消费调查/results/mpc_allx_screen/all_screen_results.csv,369,c2e3b71621f77b82766e70a3888c409b7256dd33,Figure4,"six approved all-X families: one omnibus per representation, including unsupported factors; no new standardization"
q18_ses_now,top75,rc,5497,1798,5497,raw,subjective,numeric,ok,,150,-0.0066147727777534,0.0105001145077612,-0.0271949972129656,0.0139654516574586,0.3968640777482667,1.0,0.5287132377624588,[-0.006614772777753493],[0.010500114507761279],-0.0031052427596075,-0.0066147727777534,1.0,1.0,消费调查/results/mpc_allx_screen/all_screen_results.csv,370,c2e3b71621f77b82766e70a3888c409b7256dd33,Figure4,"six approved all-X families: one omnibus per representation, including unsupported factors; no new standardization"
q19_ses_past5,ordinal,cash,1798,1798,5497,raw,subjective,numeric,ok,,150,0.0418400114715494,0.0494011229697671,-0.0549861895491941,0.1386662124922929,0.7173150573482059,1.0,0.3970260336905762,[0.04184001147154942],[0.049401122969767106],0.0195608627729506,0.0418400114715494,1.0,1.0,消费调查/results/mpc_allx_screen/all_screen_results.csv,373,c2e3b71621f77b82766e70a3888c409b7256dd33,Figure4,"six approved all-X families: one omnibus per representation, including unsupported factors; no new standardization"
q19_ses_past5,ordinal,rc,5497,1798,5497,raw,subjective,numeric,ok,,150,-0.0534313517081325,0.0589766379612216,-0.169025562112127,0.0621628586958619,0.8207904588708944,1.0,0.3649491555862928,[-0.05343135170813257],[0.05897663796122167],-0.02497999646216,-0.0534313517081325,0.9999430580494532,1.0,消费调查/results/mpc_allx_screen/all_screen_results.csv,374,c2e3b71621f77b82766e70a3888c409b7256dd33,Figure4,"six approved all-X families: one omnibus per representation, including unsupported factors; no new standardization"
q19_ses_past5,midpoint,cash,1798,1798,5497,raw,subjective,numeric,ok,,150,0.009237493915996,0.0083722839489452,-0.0071721826239366,0.0256471704559288,1.2173639377510752,1.0,0.2698786013207449,[0.009237493915996096],[0.00837228394894527],0.004318673549591,0.009237493915996,0.8695302407980895,1.0,消费调查/results/mpc_allx_screen/all_screen_results.csv,377,c2e3b71621f77b82766e70a3888c409b7256dd33,Figure4,"six approved all-X families: one omnibus per representation, including unsupported factors; no new standardization"
q19_ses_past5,midpoint,rc,5497,1798,5497,raw,subjective,numeric,ok,,150,-0.0111125741441407,0.0099297457013448,-0.0305748757187766,0.008349727430495,1.2524289285739338,1.0,0.2630890716769098,[-0.011112574144140765],[0.009929745701344824],-0.0051953030183939,-0.0111125741441407,0.9497995928172313,1.0,消费调查/results/mpc_allx_screen/all_screen_results.csv,378,c2e3b71621f77b82766e70a3888c409b7256dd33,Figure4,"six approved all-X families: one omnibus per representation, including unsupported factors; no new standardization"
q19_ses_past5,top75,cash,1798,1798,5497,raw,subjective,numeric,ok,,150,0.0052765887026151,0.0092067197824764,-0.0127685820710387,0.0233217594762689,0.3284707003053546,1.0,0.566560985728934,[0.005276588702615112],[0.00920671978247644],0.0024668881267238,0.0052765887026151,0.9771123683502926,1.0,消费调查/results/mpc_allx_screen/all_screen_results.csv,381,c2e3b71621f77b82766e70a3888c409b7256dd33,Figure4,"six approved all-X families: one omnibus per representation, including unsupported factors; no new standardization"
q19_ses_past5,top75,rc,5497,1798,5497,raw,subjective,numeric,ok,,150,-0.0059581430742698,0.0107482316397911,-0.0270246770882605,0.0151083909397207,0.3072895706090189,1.0,0.5793481952396637,[-0.0059581430742698975],[0.01074823163979117],-0.0027855255043763,-0.0059581430742698,1.0,1.0,消费调查/results/mpc_allx_screen/all_screen_results.csv,382,c2e3b71621f77b82766e70a3888c409b7256dd33,Figure4,"six approved all-X families: one omnibus per representation, including unsupported factors; no new standardization"
q20_ses_next1,ordinal,cash,1798,1798,5497,raw,subjective,numeric,ok,,150,-0.0021767398155092,0.0490289000882804,-0.0982733839885389,0.0939199043575204,0.0019711003792517,1.0,0.9645878921698464,[-0.00217673981550925],[0.04902890008828045],-0.0010528115668242,-0.0021767398155092,1.0,1.0,消费调查/results/mpc_allx_screen/all_screen_results.csv,385,c2e3b71621f77b82766e70a3888c409b7256dd33,Figure4,"six approved all-X families: one omnibus per representation, including unsupported factors; no new standardization"
q20_ses_next1,ordinal,rc,5497,1798,5497,raw,subjective,numeric,ok,,150,0.0029106825040858,0.0590066420401506,-0.1127423358946093,0.1185637009027811,0.0024332563750166,1.0,0.9606578671997212,[0.0029106825040858897],[0.059006642040150624],0.0014077935203008,0.0029106825040858,0.9999430580494532,1.0,消费调查/results/mpc_allx_screen/all_screen_results.csv,386,c2e3b71621f77b82766e70a3888c409b7256dd33,Figure4,"six approved all-X families: one omnibus per representation, including unsupported factors; no new standardization"
q20_ses_next1,midpoint,cash,1798,1798,5497,raw,subjective,numeric,ok,,150,0.0036296516864951,0.0083042749254769,-0.0126467271674397,0.01990603054043,0.1910409477352811,1.0,0.6620516543171056,[0.003629651686495173],[0.008304274925476996],0.0017555333218322,0.0036296516864951,0.8695302407980895,1.0,消费调查/results/mpc_allx_screen/all_screen_results.csv,389,c2e3b71621f77b82766e70a3888c409b7256dd33,Figure4,"six approved all-X families: one omnibus per representation, including unsupported factors; no new standardization"
q20_ses_next1,midpoint,rc,5497,1798,5497,raw,subjective,numeric,ok,,150,-0.002300573011589,0.0099089951812624,-0.0217222035668633,0.0171210575436852,0.0539029838934037,1.0,0.8164058522673675,[-0.0023005730115890737],[0.009908995181262406],-0.0011127052758752,-0.002300573011589,0.9497995928172313,1.0,消费调查/results/mpc_allx_screen/all_screen_results.csv,390,c2e3b71621f77b82766e70a3888c409b7256dd33,Figure4,"six approved all-X families: one omnibus per representation, including unsupported factors; no new standardization"
q20_ses_next1,top75,cash,1798,1798,5497,raw,subjective,numeric,ok,,150,0.000259863099914,0.0089868765552223,-0.0173544149483217,0.0178741411481497,0.0008361259016426,1.0,0.9769317110495492,[0.00025986309991401536],[0.008986876555222323],0.0001256865314958,0.000259863099914,1.0,1.0,消费调查/results/mpc_allx_screen/all_screen_results.csv,393,c2e3b71621f77b82766e70a3888c409b7256dd33,Figure4,"six approved all-X families: one omnibus per representation, including unsupported factors; no new standardization"
q20_ses_next1,top75,rc,5497,1798,5497,raw,subjective,numeric,ok,,150,0.0048283757536355,0.0105529850892509,-0.0158554750212962,0.0255122265285674,0.2093396394107501,1.0,0.6472854808523638,[0.004828375753635594],[0.01055298508925096],0.0023353134840381,0.0048283757536355,1.0,1.0,消费调查/results/mpc_allx_screen/all_screen_results.csv,394,c2e3b71621f77b82766e70a3888c409b7256dd33,Figure4,"six approved all-X families: one omnibus per representation, including unsupported factors; no new standardization"
q21_order,ordinal,cash,1798,1798,5497,raw,subjective,numeric,ok,,150,-0.0079745315214956,0.0482698991080398,-0.1025835337732538,0.0866344707302624,0.027293395970316,1.0,0.8687809530536028,[-0.00797453152149569],[0.048269899108039874],-0.004091656645631,-0.0079745315214956,1.0,1.0,消费调查/results/mpc_allx_screen/all_screen_results.csv,397,c2e3b71621f77b82766e70a3888c409b7256dd33,Figure4,"six approved all-X families: one omnibus per representation, including unsupported factors; no new standardization"
q21_order,ordinal,rc,5497,1798,5497,raw,subjective,numeric,ok,,150,0.021871084944408,0.0585427430194524,-0.0928726913737186,0.1366148612625348,0.1395707845638402,1.0,0.7087080838314258,[0.02187108494440808],[0.058542743019452434],0.0112218466776043,0.021871084944408,0.9999430580494532,1.0,消费调查/results/mpc_allx_screen/all_screen_results.csv,398,c2e3b71621f77b82766e70a3888c409b7256dd33,Figure4,"six approved all-X families: one omnibus per representation, including unsupported factors; no new standardization"
q21_order,midpoint,cash,1798,1798,5497,raw,subjective,numeric,ok,,150,0.0016749527328157,0.0082535318313636,-0.014501969656657,0.0178518751222884,0.0411837084133388,1.0,0.8391837302067697,[0.0016749527328157132],[0.008253531831363656],0.0008594023939675,0.0016749527328157,0.9199826046598968,1.0,消费调查/results/mpc_allx_screen/all_screen_results.csv,401,c2e3b71621f77b82766e70a3888c409b7256dd33,Figure4,"six approved all-X families: one omnibus per representation, including unsupported factors; no new standardization"
q21_order,midpoint,rc,5497,1798,5497,raw,subjective,numeric,ok,,150,0.0011456089488451,0.0099212764033313,-0.0183000928016843,0.0205913106993745,0.0133333014065339,1.0,0.9080726648283434,[0.0011456089488451262],[0.009921276403331345],0.0005878011085919,0.0011456089488451,0.9660347498173868,1.0,消费调查/results/mpc_allx_screen/all_screen_results.csv,402,c2e3b71621f77b82766e70a3888c409b7256dd33,Figure4,"six approved all-X families: one omnibus per representation, including unsupported factors; no new standardization"
q21_order,top75,cash,1798,1798,5497,raw,subjective,numeric,ok,,150,-0.0031952813302352,0.0091451386014859,-0.0211197529891476,0.014729190328677,0.1220780602239072,1.0,0.7267915037120958,[-0.0031952813302352865],[0.0091451386014859],-0.0016394686075635,-0.0031952813302352,0.9771123683502926,1.0,消费调查/results/mpc_allx_screen/all_screen_results.csv,405,c2e3b71621f77b82766e70a3888c409b7256dd33,Figure4,"six approved all-X families: one omnibus per representation, including unsupported factors; no new standardization"
q21_order,top75,rc,5497,1798,5497,raw,subjective,numeric,ok,,150,0.0066973261866955,0.0108145604913757,-0.014499212376401,0.027893864749792,0.3835174722288067,1.0,0.535726730613487,[0.006697326186695515],[0.010814560491375799],0.0034363346769506,0.0066973261866955,1.0,1.0,消费调查/results/mpc_allx_screen/all_screen_results.csv,406,c2e3b71621f77b82766e70a3888c409b7256dd33,Figure4,"six approved all-X families: one omnibus per representation, including unsupported factors; no new standardization"
q22_vitality,ordinal,cash,1798,1798,5497,raw,subjective,numeric,ok,,150,0.0096825289918475,0.0492073613270426,-0.0867638992091559,0.106128957192851,0.038718404936656,1.0,0.8440075842552813,[0.009682528991847565],[0.04920736132704262],0.004607444565732,0.0096825289918475,1.0,1.0,消费调查/results/mpc_allx_screen/all_screen_results.csv,409,c2e3b71621f77b82766e70a3888c409b7256dd33,Figure4,"six approved all-X families: one omnibus per representation, including unsupported factors; no new standardization"
q22_vitality,ordinal,rc,5497,1798,5497,raw,subjective,numeric,ok,,150,-0.0103264190205031,0.0595507421969175,-0.1270458737264614,0.1063930356854551,0.0300694254668056,1.0,0.8623327973241367,[-0.010326419020503162],[0.059550742196917514],-0.0049138405100103,-0.0103264190205031,0.9999430580494532,1.0,消费调查/results/mpc_allx_screen/all_screen_results.csv,410,c2e3b71621f77b82766e70a3888c409b7256dd33,Figure4,"six approved all-X families: one omnibus per representation, including unsupported factors; no new standardization"
q22_vitality,midpoint,cash,1798,1798,5497,raw,subjective,numeric,ok,,150,0.0033746091266881,0.0084306685539912,-0.0131495012391347,0.0198987194925109,0.1602222853969426,1.0,0.6889519464915246,[0.003374609126688105],[0.008430668553991235],0.0016058123342899,0.0033746091266881,0.8695302407980895,1.0,消费调查/results/mpc_allx_screen/all_screen_results.csv,413,c2e3b71621f77b82766e70a3888c409b7256dd33,Figure4,"six approved all-X families: one omnibus per representation, including unsupported factors; no new standardization"
q22_vitality,midpoint,rc,5497,1798,5497,raw,subjective,numeric,ok,,150,-0.0044861435405705,0.0100976949432973,-0.0242776256294333,0.0153053385482923,0.1973794062001616,1.0,0.6568444810386901,[-0.0044861435405705325],[0.010097694943297373],-0.0021347374941504,-0.0044861435405705,0.9497995928172313,1.0,消费调查/results/mpc_allx_screen/all_screen_results.csv,414,c2e3b71621f77b82766e70a3888c409b7256dd33,Figure4,"six approved all-X families: one omnibus per representation, including unsupported factors; no new standardization"
q22_vitality,top75,cash,1798,1798,5497,raw,subjective,numeric,ok,,150,-0.0029103404708401,0.0095830573999979,-0.0216931329748361,0.0158724520331558,0.0922315311004972,1.0,0.7613591661488496,[-0.002910340470840161],[0.009583057399997963],-0.0013848894641155,-0.0029103404708401,0.9835998940755498,1.0,消费调查/results/mpc_allx_screen/all_screen_results.csv,417,c2e3b71621f77b82766e70a3888c409b7256dd33,Figure4,"six approved all-X families: one omnibus per representation, including unsupported factors; no new standardization"
q22_vitality,top75,rc,5497,1798,5497,raw,subjective,numeric,ok,,150,0.0006673691941269,0.0111605828961058,-0.0212073732822404,0.0225421116704942,0.0035756792661116,1.0,0.952317327895408,[0.000667369194126923],[0.011160582896105803],0.0003175685370429,0.0006673691941269,1.0,1.0,消费调查/results/mpc_allx_screen/all_screen_results.csv,418,c2e3b71621f77b82766e70a3888c409b7256dd33,Figure4,"six approved all-X families: one omnibus per representation, including unsupported factors; no new standardization"
q23_hukou,ordinal,cash,1798,1798,5497,raw,objective,categorical,ok,,150,,,,,1.106127584447718,2.0,0.5751848611373747,"[0.06453016160320767, 0.3439772060165473]","[0.09154604142798535, 0.4011521890433249]",,,1.0,1.0,消费调查/results/mpc_allx_screen/all_screen_results.csv,421,c2e3b71621f77b82766e70a3888c409b7256dd33,Figure4,"six approved all-X families: one omnibus per representation, including unsupported factors; no new standardization"
q23_hukou,ordinal,rc,5497,1798,5497,raw,objective,categorical,ok,,150,,,,,1.479746935314218,2.0,0.4771742896821527,"[-0.0494937470173636, -0.640980797948587]","[0.1105898134793605, 0.547324450628851]",,,0.9999430580494532,1.0,消费调查/results/mpc_allx_screen/all_screen_results.csv,422,c2e3b71621f77b82766e70a3888c409b7256dd33,Figure4,"six approved all-X families: one omnibus per representation, including unsupported factors; no new standardization"
q23_hukou,midpoint,cash,1798,1798,5497,raw,objective,categorical,ok,,150,,,,,1.4061770061128458,2.0,0.4950539645531018,"[0.003915848890744471, 0.07606689849804629]","[0.015626537622815604, 0.06442181458071365]",,,0.8695302407980895,1.0,消费调查/results/mpc_allx_screen/all_screen_results.csv,425,c2e3b71621f77b82766e70a3888c409b7256dd33,Figure4,"six approved all-X families: one omnibus per representation, including unsupported factors; no new standardization"
q23_hukou,midpoint,rc,5497,1798,5497,raw,objective,categorical,ok,,150,,,,,1.9529972349014428,2.0,0.3766275098678509,"[-0.0010648229715897062, -0.1295388028876308]","[0.018657390530475423, 0.09285173450630967]",,,0.9497995928172313,1.0,消费调查/results/mpc_allx_screen/all_screen_results.csv,426,c2e3b71621f77b82766e70a3888c409b7256dd33,Figure4,"six approved all-X families: one omnibus per representation, including unsupported factors; no new standardization"
q23_hukou,top75,cash,1798,1798,5497,raw,objective,categorical,ok,,150,,,,,2.881446455491127,2.0,0.2367564679019373,"[-0.01093309845914091, 0.10068300315980697]","[0.016730151063738454, 0.06799558560388826]",,,0.9771123683502926,1.0,消费调查/results/mpc_allx_screen/all_screen_results.csv,429,c2e3b71621f77b82766e70a3888c409b7256dd33,Figure4,"six approved all-X families: one omnibus per representation, including unsupported factors; no new standardization"
q23_hukou,top75,rc,5497,1798,5497,raw,objective,categorical,ok,,150,,,,,3.831633743640592,2.0,0.1472215223408862,"[0.010766563294382058, -0.19025310778919072]","[0.01957416369507441, 0.10437952329829359]",,,1.0,1.0,消费调查/results/mpc_allx_screen/all_screen_results.csv,430,c2e3b71621f77b82766e70a3888c409b7256dd33,Figure4,"six approved all-X families: one omnibus per representation, including unsupported factors; no new standardization"
q24_workstat,ordinal,cash,1798,1798,5497,raw,objective,categorical,ok,,150,,,,,2.313382924401112,4.0,0.6783335534579393,"[0.26174201028631716, 0.08351564451106747, -0.06371600615664122, 0.13953953393291743]","[0.21318831178119102, 0.15094519230930173, 0.1344557999527184, 0.3180375971267116]",,,1.0,1.0,消费调查/results/mpc_allx_screen/all_screen_results.csv,433,c2e3b71621f77b82766e70a3888c409b7256dd33,Figure4,"six approved all-X families: one omnibus per representation, including unsupported factors; no new standardization"
q24_workstat,ordinal,rc,5497,1798,5497,raw,objective,categorical,ok,,150,,,,,2.220698748914009,4.0,0.6952416052569919,"[-0.22636611955050434, -0.10296427123280256, -0.044303091300717815, -0.4506557880819349]","[0.2914323994768289, 0.1934979996819079, 0.15907357241238104, 0.3651620155892926]",,,0.9999430580494532,1.0,消费调查/results/mpc_allx_screen/all_screen_results.csv,434,c2e3b71621f77b82766e70a3888c409b7256dd33,Figure4,"six approved all-X families: one omnibus per representation, including unsupported factors; no new standardization"
q24_workstat,midpoint,cash,1798,1798,5497,raw,objective,categorical,ok,,150,,,,,2.720903605642097,4.0,0.605561737357522,"[0.04390595979766903, 0.015499778450356615, -0.013516763581052414, 0.028848802229985877]","[0.034994687956069956, 0.025121447665702262, 0.022703466425678456, 0.05547808208081206]",,,0.8695302407980895,1.0,消费调查/results/mpc_allx_screen/all_screen_results.csv,437,c2e3b71621f77b82766e70a3888c409b7256dd33,Figure4,"six approved all-X families: one omnibus per representation, including unsupported factors; no new standardization"
q24_workstat,midpoint,rc,5497,1798,5497,raw,objective,categorical,ok,,150,,,,,3.084718972297852,4.0,0.5437493430555403,"[-0.057243476643095356, -0.022426588498977558, -0.0021050187656873505, -0.07608939605457105]","[0.048320443938185166, 0.03196417008468321, 0.026522124248965964, 0.06287278619748106]",,,0.9497995928172313,1.0,消费调查/results/mpc_allx_screen/all_screen_results.csv,438,c2e3b71621f77b82766e70a3888c409b7256dd33,Figure4,"six approved all-X families: one omnibus per representation, including unsupported factors; no new standardization"
q24_workstat,top75,cash,1798,1798,5497,raw,objective,categorical,ok,,150,,,,,1.734939286984066,4.0,0.7843615056536393,"[-0.0016095465470184808, 0.022628905196814344, -0.009800070695254674, 0.05272810543718433]","[0.03198505574414955, 0.024932289658411946, 0.025150354460911, 0.06596086424438981]",,,0.9872623895323426,1.0,消费调查/results/mpc_allx_screen/all_screen_results.csv,441,c2e3b71621f77b82766e70a3888c409b7256dd33,Figure4,"six approved all-X families: one omnibus per representation, including unsupported factors; no new standardization"
q24_workstat,top75,rc,5497,1798,5497,raw,objective,categorical,ok,,150,,,,,2.0682558841917875,4.0,0.7232063100741917,"[-0.04454767552329201, -0.025304598793103768, 0.0012204265655330242, -0.05910426213723048]","[0.045252646181166895, 0.03241780084753106, 0.02864903597514933, 0.07288647682292074]",,,1.0,1.0,消费调查/results/mpc_allx_screen/all_screen_results.csv,442,c2e3b71621f77b82766e70a3888c409b7256dd33,Figure4,"six approved all-X families: one omnibus per representation, including unsupported factors; no new standardization"
q25_unittype,ordinal,cash,1798,1798,5497,raw,objective,categorical,ok,,150,,,,,4.707045117397588,7.0,0.695663266818584,"[0.1026186539152783, 0.21554470145072172, 0.33424720513321193, 0.16347341469967067, 0.3350469200747317, 0.07604968622630554, 0.20334077041394116]","[0.1880277803638903, 0.15567584442293017, 0.18166024245465606, 0.17190135664764983, 0.26507479850347077, 0.230959669353004, 0.24708442470843583]",,,1.0,1.0,消费调查/results/mpc_allx_screen/all_screen_results.csv,445,c2e3b71621f77b82766e70a3888c409b7256dd33,Figure4,"six approved all-X families: one omnibus per representation, including unsupported factors; no new standardization"
q25_unittype,ordinal,rc,5497,1798,5497,raw,objective,categorical,ok,,150,,,,,6.310937847847133,7.0,0.5039477776257208,"[-0.169245121923384, -0.3186768090942794, -0.4814532244676709, -0.24073367549322278, -0.45820511248400647, -0.12000514257010383, -0.2726864865460442]","[0.23094435910512504, 0.19139520747405575, 0.22085676139772195, 0.20599115537154855, 0.32399326967739545, 0.2756538891968438, 0.2978665254507852]",,,0.9999430580494532,1.0,消费调查/results/mpc_allx_screen/all_screen_results.csv,446,c2e3b71621f77b82766e70a3888c409b7256dd33,Figure4,"six approved all-X families: one omnibus per representation, including unsupported factors; no new standardization"
q25_unittype,midpoint,cash,1798,1798,5497,raw,objective,categorical,ok,,150,,,,,4.3367459220882205,7.0,0.7402760467660174,"[0.028654569758356088, 0.034153687246753384, 0.057954461387567595, 0.029441241057014195, 0.04769498999542307, 0.006541070616914106, 0.025238162104953846]","[0.03267520208967271, 0.026922141124102586, 0.03097165959529928, 0.029169892340412725, 0.045744740305729774, 0.03993367465789204, 0.043345010097858544]",,,0.8743417875189182,1.0,消费调查/results/mpc_allx_screen/all_screen_results.csv,449,c2e3b71621f77b82766e70a3888c409b7256dd33,Figure4,"six approved all-X families: one omnibus per representation, including unsupported factors; no new standardization"
q25_unittype,midpoint,rc,5497,1798,5497,raw,objective,categorical,ok,,150,,,,,5.629984340819576,7.0,0.583555106167476,"[-0.050812940288811975, -0.053797402594048895, -0.0776431943253262, -0.04428339014465074, -0.07911935629937915, -0.023015886014729956, -0.03562983221409139]","[0.0394800122223342, 0.032436259429443615, 0.036878183949138776, 0.03434965510632521, 0.05421606042439396, 0.0461004982637443, 0.05142406464798295]",,,0.9497995928172313,1.0,消费调查/results/mpc_allx_screen/all_screen_results.csv,450,c2e3b71621f77b82766e70a3888c409b7256dd33,Figure4,"six approved all-X families: one omnibus per representation, including unsupported factors; no new standardization"
q25_unittype,top75,cash,1798,1798,5497,raw,objective,categorical,ok,,150,,,,,0.9488395233948456,7.0,0.9956121527243535,"[0.008355500633156172, -0.0031562937409698177, 0.01336525550030248, -0.00492737874644385, 0.010760731530931492, -0.019643100047609333, 0.000879577802654713]","[0.03597488633452219, 0.02943997094913238, 0.033444173662494026, 0.030586480202823826, 0.049470608929955265, 0.04512551863416653, 0.05007240108882722]",,,1.0,1.0,消费调查/results/mpc_allx_screen/all_screen_results.csv,453,c2e3b71621f77b82766e70a3888c409b7256dd33,Figure4,"six approved all-X families: one omnibus per representation, including unsupported factors; no new standardization"
q25_unittype,top75,rc,5497,1798,5497,raw,objective,categorical,ok,,150,,,,,1.0285683971157171,7.0,0.9943544299847982,"[-0.015985585818186085, -0.005225416822018415, -0.00437955901682959, 0.007409393298263282, -0.01668328477720883, 0.010165735457093655, 0.028429690609939433]","[0.04182714396183289, 0.03402268170370205, 0.03791750818269385, 0.03487763950774489, 0.05340510760181715, 0.04920938294618145, 0.057687996570306904]",,,1.0,1.0,消费调查/results/mpc_allx_screen/all_screen_results.csv,454,c2e3b71621f77b82766e70a3888c409b7256dd33,Figure4,"six approved all-X families: one omnibus per representation, including unsupported factors; no new standardization"
q26_housing,ordinal,cash,1798,1798,5497,raw,objective,categorical,ok,,150,,,,,0.8115204963378336,2.0,0.6664699356591939,"[-0.08456187103367496, 0.029724050874007323]","[0.09901971823176398, 0.20239283098917768]",,,1.0,1.0,消费调查/results/mpc_allx_screen/all_screen_results.csv,457,c2e3b71621f77b82766e70a3888c409b7256dd33,Figure4,"six approved all-X families: one omnibus per representation, including unsupported factors; no new standardization"
q26_housing,ordinal,rc,5497,1798,5497,raw,objective,categorical,ok,,150,,,,,1.0870258183958368,2.0,0.5807047021828264,"[0.1255317642812686, 0.02190884760906349]","[0.12073408961624937, 0.24051339463935037]",,,0.9999430580494532,1.0,消费调查/results/mpc_allx_screen/all_screen_results.csv,458,c2e3b71621f77b82766e70a3888c409b7256dd33,Figure4,"six approved all-X families: one omnibus per representation, including unsupported factors; no new standardization"
q26_housing,midpoint,cash,1798,1798,5497,raw,objective,categorical,ok,,150,,,,,0.319796387532225,2.0,0.8522305469322726,"[-0.009285839667728401, -5.639836656277583e-05]","[0.016626180480229624, 0.035420656412066466]",,,0.9199826046598968,1.0,消费调查/results/mpc_allx_screen/all_screen_results.csv,461,c2e3b71621f77b82766e70a3888c409b7256dd33,Figure4,"six approved all-X families: one omnibus per representation, including unsupported factors; no new standardization"
q26_housing,midpoint,rc,5497,1798,5497,raw,objective,categorical,ok,,150,,,,,0.6810278102725469,2.0,0.71140463431053,"[0.016560306310294877, 0.005766302347124757]","[0.020067673979530413, 0.04162132516854773]",,,0.9497995928172313,1.0,消费调查/results/mpc_allx_screen/all_screen_results.csv,462,c2e3b71621f77b82766e70a3888c409b7256dd33,Figure4,"six approved all-X families: one omnibus per representation, including unsupported factors; no new standardization"
q26_housing,top75,cash,1798,1798,5497,raw,objective,categorical,ok,,150,,,,,0.0271641944922707,2.0,0.9865097232615592,"[0.002630112839890757, 0.003732780314346082]","[0.01777777716645962, 0.03941047873192351]",,,1.0,1.0,消费调查/results/mpc_allx_screen/all_screen_results.csv,465,c2e3b71621f77b82766e70a3888c409b7256dd33,Figure4,"six approved all-X families: one omnibus per representation, including unsupported factors; no new standardization"
q26_housing,top75,rc,5497,1798,5497,raw,objective,categorical,ok,,150,,,,,0.0322534133686268,2.0,0.9840026324451624,"[0.002883039100156257, 0.006245719547365879]","[0.021028815938182364, 0.04608024720847277]",,,1.0,1.0,消费调查/results/mpc_allx_screen/all_screen_results.csv,466,c2e3b71621f77b82766e70a3888c409b7256dd33,Figure4,"six approved all-X families: one omnibus per representation, including unsupported factors; no new standardization"
q27_minorchild,ordinal,cash,1798,1798,5497,raw,objective,categorical,ok,,150,-0.1206546153510041,0.090940711298507,-0.298898409496078,0.0575891787940696,1.7602371614495944,1.0,0.1845949369763245,[-0.12065461535100419],[0.09094071129850707],,,1.0,1.0,消费调查/results/mpc_allx_screen/all_screen_results.csv,469,c2e3b71621f77b82766e70a3888c409b7256dd33,Figure4,"six approved all-X families: one omnibus per representation, including unsupported factors; no new standardization"
q27_minorchild,ordinal,rc,5497,1798,5497,raw,objective,categorical,ok,,150,0.1397189430874233,0.1106249107286142,-0.0771058819406606,0.3565437681155073,1.595161712271148,1.0,0.2065902165607657,[0.13971894308742333],[0.11062491072861427],,,0.9999430580494532,1.0,消费调查/results/mpc_allx_screen/all_screen_results.csv,470,c2e3b71621f77b82766e70a3888c409b7256dd33,Figure4,"six approved all-X families: one omnibus per representation, including unsupported factors; no new standardization"
q27_minorchild,midpoint,cash,1798,1798,5497,raw,objective,categorical,ok,,150,-0.0237921522241825,0.0154734383393485,-0.0541200913693056,0.0065357869209405,2.3642522032608,1.0,0.1241433890443274,[-0.023792152224182524],[0.015473438339348524],,,0.8695302407980895,1.0,消费调查/results/mpc_allx_screen/all_screen_results.csv,473,c2e3b71621f77b82766e70a3888c409b7256dd33,Figure4,"six approved all-X families: one omnibus per representation, including unsupported factors; no new standardization"
q27_minorchild,midpoint,rc,5497,1798,5497,raw,objective,categorical,ok,,150,0.0227994666660776,0.0186215587332377,-0.0136987884510683,0.0592977217832236,1.4990541241536564,1.0,0.2208169577369235,[0.022799466666077677],[0.01862155873323776],,,0.9497995928172313,1.0,消费调查/results/mpc_allx_screen/all_screen_results.csv,474,c2e3b71621f77b82766e70a3888c409b7256dd33,Figure4,"six approved all-X families: one omnibus per representation, including unsupported factors; no new standardization"
q27_minorchild,top75,cash,1798,1798,5497,raw,objective,categorical,ok,,150,-0.0256310423275276,0.0165795667355312,-0.058126993129169,0.0068649084741136,2.389935505409547,1.0,0.1221186667289237,[-0.02563104232752769],[0.01657956673553129],,,0.9771123683502926,1.0,消费调查/results/mpc_allx_screen/all_screen_results.csv,477,c2e3b71621f77b82766e70a3888c409b7256dd33,Figure4,"six approved all-X families: one omnibus per representation, including unsupported factors; no new standardization"
q27_minorchild,top75,rc,5497,1798,5497,raw,objective,categorical,ok,,150,0.0130144517205751,0.0195849932640037,-0.0253721350768722,0.0514010385180224,0.4415754297548105,1.0,0.5063630410647804,[0.013014451720575103],[0.01958499326400375],,,1.0,1.0,消费调查/results/mpc_allx_screen/all_screen_results.csv,478,c2e3b71621f77b82766e70a3888c409b7256dd33,Figure4,"six approved all-X families: one omnibus per representation, including unsupported factors; no new standardization"
q28_hhsize,ordinal,cash,1798,1798,5497,raw,objective,categorical,ok,,150,,,,,3.759202170701837,5.0,0.5845789732780104,"[0.031348227871590806, -0.007090547126953173, 0.1527471937373261, 0.2080373624403699, -0.17375037487352418]","[0.16481530851774776, 0.14439339470895854, 0.16188821715522628, 0.1952583382648414, 0.26867240019703836]",,0.0079782961858822,1.0,1.0,消费调查/results/mpc_allx_screen/all_screen_results.csv,481,c2e3b71621f77b82766e70a3888c409b7256dd33,Figure4,"six approved all-X families: one omnibus per representation, including unsupported factors; no new standardization"
q28_hhsize,ordinal,rc,5497,1798,5497,raw,objective,categorical,ok,,150,,,,,4.112388809249915,5.0,0.5333509179249564,"[0.04576164576111093, -0.0006470679209978547, -0.17574409661798357, -0.06527742311085254, 0.38991432628131173]","[0.20182889395279685, 0.17850994446526328, 0.1987902439850746, 0.24047709145742005, 0.3183307612145545]",,0.0219217665277875,0.9999430580494532,1.0,消费调查/results/mpc_allx_screen/all_screen_results.csv,482,c2e3b71621f77b82766e70a3888c409b7256dd33,Figure4,"six approved all-X families: one omnibus per representation, including unsupported factors; no new standardization"
q28_hhsize,midpoint,cash,1798,1798,5497,raw,objective,categorical,ok,,150,,,,,3.930191112972091,5.0,0.5595099523719397,"[0.0030157268749584714, 0.0030250386113154807, 0.0233320937871703, 0.03826184835953442, -0.043296026410715616]","[0.027038582916393272, 0.02329671096674759, 0.026490871687975683, 0.03337016538120939, 0.0462406445665319]",,0.0002841699426119,0.8695302407980895,1.0,消费调查/results/mpc_allx_screen/all_screen_results.csv,485,c2e3b71621f77b82766e70a3888c409b7256dd33,Figure4,"six approved all-X families: one omnibus per representation, including unsupported factors; no new standardization"
q28_hhsize,midpoint,rc,5497,1798,5497,raw,objective,categorical,ok,,150,,,,,3.8576934065114834,5.0,0.5700813002716237,"[0.010656303382313744, -0.002567900125988528, -0.018312868411499532, -0.011579542377519072, 0.07951520579966707]","[0.03279443018667176, 0.028714163819744974, 0.03220804462325538, 0.0406544237736362, 0.05433186828801293]",,0.0054879955888017,0.9497995928172313,1.0,消费调查/results/mpc_allx_screen/all_screen_results.csv,486,c2e3b71621f77b82766e70a3888c409b7256dd33,Figure4,"six approved all-X families: one omnibus per representation, including unsupported factors; no new standardization"
q28_hhsize,top75,cash,1798,1798,5497,raw,objective,categorical,ok,,150,,,,,2.411167468868328,5.0,0.7898099116258741,"[-0.0015703507652569618, 0.0022584429683503333, 0.017710693063133442, 0.03081852850264321, -0.045364776463267975]","[0.026961926293445296, 0.022710728121096986, 0.027423730042716556, 0.036062380263894765, 0.05225897967473027]",,-0.0008631118899076,0.9872623895323426,1.0,消费调查/results/mpc_allx_screen/all_screen_results.csv,489,c2e3b71621f77b82766e70a3888c409b7256dd33,Figure4,"six approved all-X families: one omnibus per representation, including unsupported factors; no new standardization"
q28_hhsize,top75,rc,5497,1798,5497,raw,objective,categorical,ok,,150,,,,,1.4586001703863043,5.0,0.9177973281865316,"[-0.004421104353275324, -0.0024563872803751476, -0.007570463060040436, -0.023536910263609618, 0.05471651237189492]","[0.03251762424307508, 0.02813530638591248, 0.03267157649055048, 0.043385531703045585, 0.060489770849811705]",,0.0026798118674707,1.0,1.0,消费调查/results/mpc_allx_screen/all_screen_results.csv,490,c2e3b71621f77b82766e70a3888c409b7256dd33,Figure4,"six approved all-X families: one omnibus per representation, including unsupported factors; no new standardization"
q29_foodexp,ordinal,cash,1798,1798,5497,raw,objective,categorical,ok,,150,,,,,4.773585718010287,5.0,0.444132318625708,"[0.2214520615258283, 0.36349315709928715, 0.2645678189709991, 0.30674303067771647, -0.05399464847215076]","[0.2530423212118019, 0.24242543816063583, 0.24684424530640386, 0.269422319792208, 0.35019083128829714]",,0.049075285690682,1.0,1.0,消费调查/results/mpc_allx_screen/all_screen_results.csv,493,c2e3b71621f77b82766e70a3888c409b7256dd33,Figure4,"six approved all-X families: one omnibus per representation, including unsupported factors; no new standardization"
q29_foodexp,ordinal,rc,5497,1798,5497,raw,objective,categorical,ok,,150,,,,,3.463907446711426,5.0,0.6288557908768166,"[-0.19205013769946827, -0.30323342009857535, -0.278918129103945, -0.1898488502440002, 0.20898626852277666]","[0.31076355948983525, 0.29945481370649446, 0.3035706353789457, 0.3285120708538792, 0.4340092428721131]",,-0.0245406440649194,0.9999430580494532,1.0,消费调查/results/mpc_allx_screen/all_screen_results.csv,494,c2e3b71621f77b82766e70a3888c409b7256dd33,Figure4,"six approved all-X families: one omnibus per representation, including unsupported factors; no new standardization"
q29_foodexp,midpoint,cash,1798,1798,5497,raw,objective,categorical,ok,,150,,,,,7.660184263736389,5.0,0.1759847270300657,"[0.04133129601511897, 0.07283534287051477, 0.04595712439477587, 0.06459437994047802, -0.019294542631762793]","[0.0416298020758601, 0.0398452322585177, 0.04075107829551245, 0.04512551695591067, 0.06209833203241702]",,0.0088505120280649,0.8695302407980895,1.0,消费调查/results/mpc_allx_screen/all_screen_results.csv,497,c2e3b71621f77b82766e70a3888c409b7256dd33,Figure4,"six approved all-X families: one omnibus per representation, including unsupported factors; no new standardization"
q29_foodexp,midpoint,rc,5497,1798,5497,raw,objective,categorical,ok,,150,,,,,5.658187404005261,5.0,0.3409116019035506,"[-0.02788483431064561, -0.06101315106399907, -0.04902763301933567, -0.043234115675523495, 0.05628090906670219]","[0.05085294029774888, 0.04905781817560737, 0.04988482278996118, 0.054703538647684465, 0.07628550105110216]",,-0.0034277445975497,0.9497995928172313,1.0,消费调查/results/mpc_allx_screen/all_screen_results.csv,498,c2e3b71621f77b82766e70a3888c409b7256dd33,Figure4,"six approved all-X families: one omnibus per representation, including unsupported factors; no new standardization"
q29_foodexp,top75,cash,1798,1798,5497,raw,objective,categorical,ok,,150,,,,,9.764933466859436,5.0,0.0821764234941047,"[0.030532110917696163, 0.07035231133374381, 0.02851802554139026, 0.04668260492557369, -0.05137516719492762]","[0.044785759022580196, 0.0427801472235596, 0.04409115954152124, 0.04986977153787986, 0.07320674622277022]",,0.0033935526170365,0.9771123683502926,1.0,消费调查/results/mpc_allx_screen/all_screen_results.csv,501,c2e3b71621f77b82766e70a3888c409b7256dd33,Figure4,"six approved all-X families: one omnibus per representation, including unsupported factors; no new standardization"
q29_foodexp,top75,rc,5497,1798,5497,raw,objective,categorical,ok,,150,,,,,10.63688316412371,5.0,0.0590742707631638,"[0.007628464167679084, -0.055502204305735145, -0.02722484210877395, -0.027100211830711228, 0.11997849464615502]","[0.05475040065737604, 0.0528231175400299, 0.05391513438440155, 0.059962281840008735, 0.08981945753814258]",,0.0055716573661421,1.0,1.0,消费调查/results/mpc_allx_screen/all_screen_results.csv,502,c2e3b71621f77b82766e70a3888c409b7256dd33,Figure4,"six approved all-X families: one omnibus per representation, including unsupported factors; no new standardization"
q30_medexp,ordinal,cash,1798,1798,5497,raw,objective,categorical,ok,,150,,,,,7.641849106340404,5.0,0.1771099936073814,"[0.3362214303142239, 0.5434211342848387, 0.6037049826328903, 0.5301914422770542, 0.022454002109456417]","[0.42720783664934464, 0.4218570491346975, 0.42479119684125904, 0.44211304067808654, 0.5669799986406782]",,0.0994038986625103,1.0,1.0,消费调查/results/mpc_allx_screen/all_screen_results.csv,505,c2e3b71621f77b82766e70a3888c409b7256dd33,Figure4,"six approved all-X families: one omnibus per representation, including unsupported factors; no new standardization"
q30_medexp,ordinal,rc,5497,1798,5497,raw,objective,categorical,ok,,150,,,,,6.126737536108912,5.0,0.2940814550241922,"[-0.013223943461961887, -0.22735102777708957, -0.22745145508476666, -0.04136819194335517, 0.6322435579082452]","[0.5769813585207701, 0.57078816114729, 0.5744070571815916, 0.5929905536226625, 0.7222506905339949]",,0.0335539028635884,0.9999430580494532,1.0,消费调查/results/mpc_allx_screen/all_screen_results.csv,506,c2e3b71621f77b82766e70a3888c409b7256dd33,Figure4,"six approved all-X families: one omnibus per representation, including unsupported factors; no new standardization"
q30_medexp,midpoint,cash,1798,1798,5497,raw,objective,categorical,ok,,150,,,,,6.796705828771997,5.0,0.236203894094963,"[0.06469394154888986, 0.09225060943491079, 0.10016052319455812, 0.09892649266923591, -0.016479608578460387]","[0.07739939356976014, 0.07670885142786908, 0.07712204994444113, 0.08017446703830915, 0.10165318629408282]",,0.0156906301415823,0.8695302407980895,1.0,消费调查/results/mpc_allx_screen/all_screen_results.csv,509,c2e3b71621f77b82766e70a3888c409b7256dd33,Figure4,"six approved all-X families: one omnibus per representation, including unsupported factors; no new standardization"
q30_medexp,midpoint,rc,5497,1798,5497,raw,objective,categorical,ok,,150,,,,,6.451275857907699,5.0,0.2647492034323382,"[-0.0021330767280188997, -0.034472664706406975, -0.029121790852420976, -0.005639939647303572, 0.13976902286364265]","[0.10175119396557282, 0.10089630469570518, 0.10145003724122413, 0.1047480388663252, 0.12741014241218276]",,0.0094153014005618,0.9497995928172313,1.0,消费调查/results/mpc_allx_screen/all_screen_results.csv,510,c2e3b71621f77b82766e70a3888c409b7256dd33,Figure4,"six approved all-X families: one omnibus per representation, including unsupported factors; no new standardization"
q30_medexp,top75,cash,1798,1798,5497,raw,objective,categorical,ok,,150,,,,,3.502891708562408,5.0,0.6229501206246382,"[0.08519006353152012, 0.0886943290047962, 0.0853695047217507, 0.09154616046057851, -0.03728583147779241]","[0.09395900695714711, 0.09361163391040588, 0.0937432667531052, 0.09738622251367188, 0.120281643840238]",,0.0126989585483584,0.9771123683502926,1.0,消费调查/results/mpc_allx_screen/all_screen_results.csv,513,c2e3b71621f77b82766e70a3888c409b7256dd33,Figure4,"six approved all-X families: one omnibus per representation, including unsupported factors; no new standardization"
q30_medexp,top75,rc,5497,1798,5497,raw,objective,categorical,ok,,150,,,,,6.210037302473254,5.0,0.286314602106195,"[-0.00631892892060088, -0.012873962769051544, -0.004550830250454212, 0.01437358012898981, 0.2072366183490794]","[0.11908396414820606, 0.11852245626059146, 0.1188570515046102, 0.12277968966232812, 0.14761683915177465]",,0.0190537830372961,1.0,1.0,消费调查/results/mpc_allx_screen/all_screen_results.csv,514,c2e3b71621f77b82766e70a3888c409b7256dd33,Figure4,"six approved all-X families: one omnibus per representation, including unsupported factors; no new standardization"
q31_gotsubsidy,ordinal,cash,1798,1798,5497,raw,objective,categorical,ok,,150,,,,,4.252442625952443,2.0,0.119287192269965,"[0.1821417383692779, -0.049366295561528176]","[0.09591401305651129, 0.15982018342214796]",,,1.0,1.0,消费调查/results/mpc_allx_screen/all_screen_results.csv,517,c2e3b71621f77b82766e70a3888c409b7256dd33,Figure4,"six approved all-X families: one omnibus per representation, including unsupported factors; no new standardization"
q31_gotsubsidy,ordinal,rc,5497,1798,5497,raw,objective,categorical,ok,,150,,,,,5.529014288034538,2.0,0.0630071451452728,"[-0.26239547785741824, 0.017543558546361672]","[0.11619351475680112, 0.19720936258473387]",,,0.9445801195150122,1.0,消费调查/results/mpc_allx_screen/all_screen_results.csv,518,c2e3b71621f77b82766e70a3888c409b7256dd33,Figure4,"six approved all-X families: one omnibus per representation, including unsupported factors; no new standardization"
q31_gotsubsidy,midpoint,cash,1798,1798,5497,raw,objective,categorical,ok,,150,,,,,2.1268606366920766,2.0,0.3452693926663192,"[0.021426697673138675, -0.007833131488694633]","[0.016420110854435264, 0.027201341118534717]",,,0.8695302407980895,1.0,消费调查/results/mpc_allx_screen/all_screen_results.csv,521,c2e3b71621f77b82766e70a3888c409b7256dd33,Figure4,"six approved all-X families: one omnibus per representation, including unsupported factors; no new standardization"
q31_gotsubsidy,midpoint,rc,5497,1798,5497,raw,objective,categorical,ok,,150,,,,,3.527091674135552,2.0,0.171435901047017,"[-0.03568308957965031, 0.00047287414998720655]","[0.01966886368754517, 0.033198479692037305]",,,0.9497995928172313,1.0,消费调查/results/mpc_allx_screen/all_screen_results.csv,522,c2e3b71621f77b82766e70a3888c409b7256dd33,Figure4,"six approved all-X families: one omnibus per representation, including unsupported factors; no new standardization"
q31_gotsubsidy,top75,cash,1798,1798,5497,raw,objective,categorical,ok,,150,,,,,1.1886443411709058,2.0,0.5519365579360309,"[-0.00505733920501094, 0.027175917396368977]","[0.017660515638005848, 0.028984567108667186]",,,0.9771123683502926,1.0,消费调查/results/mpc_allx_screen/all_screen_results.csv,525,c2e3b71621f77b82766e70a3888c409b7256dd33,Figure4,"six approved all-X families: one omnibus per representation, including unsupported factors; no new standardization"
q31_gotsubsidy,top75,rc,5497,1798,5497,raw,objective,categorical,ok,,150,,,,,0.7530278864017071,2.0,0.686249549104762,"[-0.004655362645922682, -0.029928440535412732]","[0.020763609312635354, 0.034489508805317905]",,,1.0,1.0,消费调查/results/mpc_allx_screen/all_screen_results.csv,526,c2e3b71621f77b82766e70a3888c409b7256dd33,Figure4,"six approved all-X families: one omnibus per representation, including unsupported factors; no new standardization"
q41_gender,ordinal,cash,1798,1798,5497,raw,objective,categorical,ok,,150,-0.0633526141932706,0.0911858776261105,-0.2420769343404473,0.1153717059539061,0.4826962402172201,1.0,0.4872035622487116,[-0.06335261419327061],[0.09118587762611056],,,1.0,1.0,消费调查/results/mpc_allx_screen/all_screen_results.csv,529,c2e3b71621f77b82766e70a3888c409b7256dd33,Figure4,"six approved all-X families: one omnibus per representation, including unsupported factors; no new standardization"
q41_gender,ordinal,rc,5497,1798,5497,raw,objective,categorical,ok,,150,0.075273713455847,0.1103760857130847,-0.1410634145417991,0.2916108414534932,0.4650896831571977,1.0,0.4952548599162896,[0.07527371345584703],[0.11037608571308477],,,0.9999430580494532,1.0,消费调查/results/mpc_allx_screen/all_screen_results.csv,530,c2e3b71621f77b82766e70a3888c409b7256dd33,Figure4,"six approved all-X families: one omnibus per representation, including unsupported factors; no new standardization"
q41_gender,midpoint,cash,1798,1798,5497,raw,objective,categorical,ok,,150,-0.0153616568667778,0.0155753183747116,-0.0458892808812127,0.015165967147657,0.9727522733837564,1.0,0.3239947277841585,[-0.015361656866777854],[0.015575318374711667],,,0.8695302407980895,1.0,消费调查/results/mpc_allx_screen/all_screen_results.csv,533,c2e3b71621f77b82766e70a3888c409b7256dd33,Figure4,"six approved all-X families: one omnibus per representation, including unsupported factors; no new standardization"
q41_gender,midpoint,rc,5497,1798,5497,raw,objective,categorical,ok,,150,0.0228333961508691,0.0186483828973376,-0.0137174343279126,0.0593842266296509,1.499196872867881,1.0,0.2207949775030088,[0.022833396150869153],[0.018648382897337636],,,0.9497995928172313,1.0,消费调查/results/mpc_allx_screen/all_screen_results.csv,534,c2e3b71621f77b82766e70a3888c409b7256dd33,Figure4,"six approved all-X families: one omnibus per representation, including unsupported factors; no new standardization"
q41_gender,top75,cash,1798,1798,5497,raw,objective,categorical,ok,,150,-0.0093679536535181,0.0167207632814194,-0.0421406496851003,0.0234047423780639,0.3138898480821747,1.0,0.5753029707752569,[-0.009367953653518198],[0.016720763281419453],,,0.9771123683502926,1.0,消费调查/results/mpc_allx_screen/all_screen_results.csv,537,c2e3b71621f77b82766e70a3888c409b7256dd33,Figure4,"six approved all-X families: one omnibus per representation, including unsupported factors; no new standardization"
q41_gender,top75,rc,5497,1798,5497,raw,objective,categorical,ok,,150,0.0364338449117835,0.0196350362194258,-0.0020508260782911,0.0749185159018582,3.4430759056826443,1.0,0.0635173377655396,[0.036433844911783524],[0.01963503621942587],,,1.0,1.0,消费调查/results/mpc_allx_screen/all_screen_results.csv,538,c2e3b71621f77b82766e70a3888c409b7256dd33,Figure4,"six approved all-X families: one omnibus per representation, including unsupported factors; no new standardization"
q42_age,ordinal,cash,1798,1798,5497,raw,objective,numeric,ok,,150,0.0448908991064832,0.0449748809122956,-0.0432598674816162,0.1330416656945828,0.9962688774577816,1.0,0.3182150177072378,[0.04489089910648325],[0.044974880912295685],0.0047766011426751,0.0448908991064832,1.0,1.0,消费调查/results/mpc_allx_screen/all_screen_results.csv,541,c2e3b71621f77b82766e70a3888c409b7256dd33,Figure4,"six approved all-X families: one omnibus per representation, including unsupported factors; no new standardization"
q42_age,ordinal,rc,5497,1798,5497,raw,objective,numeric,ok,,150,-0.1069392067064366,0.0561297981413031,-0.2169536110633909,0.0030751976505176,3.629835597828012,1.0,0.0567524223537612,[-0.10693920670643663],[0.05612979814130319],-0.0113788306119484,-0.1069392067064366,0.9445801195150122,1.0,消费调查/results/mpc_allx_screen/all_screen_results.csv,542,c2e3b71621f77b82766e70a3888c409b7256dd33,Figure4,"six approved all-X families: one omnibus per representation, including unsupported factors; no new standardization"
q42_age,midpoint,cash,1798,1798,5497,raw,objective,numeric,ok,,150,0.0088465593531467,0.0075753049409376,-0.006001038331091,0.0236941570373846,1.3637932966810646,1.0,0.242881150513869,[0.008846559353146778],[0.007575304940937665],0.0009413151965334,0.0088465593531467,0.8695302407980895,1.0,消费调查/results/mpc_allx_screen/all_screen_results.csv,545,c2e3b71621f77b82766e70a3888c409b7256dd33,Figure4,"six approved all-X families: one omnibus per representation, including unsupported factors; no new standardization"
q42_age,midpoint,rc,5497,1798,5497,raw,objective,numeric,ok,,150,-0.0172403659934036,0.0094250599766185,-0.0357134835475758,0.0012327515607686,3.3459906055351207,1.0,0.0673689170652296,[-0.017240365993403624],[0.009425059976618501],-0.0018344553917018,-0.0172403659934036,0.9497995928172313,1.0,消费调查/results/mpc_allx_screen/all_screen_results.csv,546,c2e3b71621f77b82766e70a3888c409b7256dd33,Figure4,"six approved all-X families: one omnibus per representation, including unsupported factors; no new standardization"
q42_age,top75,cash,1798,1798,5497,raw,objective,numeric,ok,,150,0.004503540818159,0.0079908933653947,-0.0111586101780146,0.0201656918143328,0.3176270903343188,1.0,0.5730371784767477,[0.004503540818159063],[0.007990893365394772],0.00047919775826,0.004503540818159,0.9771123683502926,1.0,消费调查/results/mpc_allx_screen/all_screen_results.csv,549,c2e3b71621f77b82766e70a3888c409b7256dd33,Figure4,"six approved all-X families: one omnibus per representation, including unsupported factors; no new standardization"
q42_age,top75,rc,5497,1798,5497,raw,objective,numeric,ok,,150,-0.0126640560588144,0.0099115613839276,-0.0320907163713127,0.0067626042536838,1.632531232573485,1.0,0.2013533007093459,[-0.012664056058814453],[0.009911561383927691],-0.0013475146598856,-0.0126640560588144,1.0,1.0,消费调查/results/mpc_allx_screen/all_screen_results.csv,550,c2e3b71621f77b82766e70a3888c409b7256dd33,Figure4,"six approved all-X families: one omnibus per representation, including unsupported factors; no new standardization"
q43_edu,ordinal,cash,1798,1798,5497,raw,objective,categorical,ok,,150,,,,,1.2141355039996289,4.0,0.8757658611311241,"[0.06170114321832809, 0.07225687853822578, 0.03607432896887092, -0.20096710050614577]","[0.2902615289887057, 0.28224235805853853, 0.2766473070233695, 0.3605466756308422]",,-0.0163143504941063,1.0,1.0,消费调查/results/mpc_allx_screen/all_screen_results.csv,553,c2e3b71621f77b82766e70a3888c409b7256dd33,Figure4,"six approved all-X families: one omnibus per representation, including unsupported factors; no new standardization"
q43_edu,ordinal,rc,5497,1798,5497,raw,objective,categorical,ok,,150,,,,,2.732718050842339,4.0,0.6035016359063751,"[0.24857676866019862, 0.12453655862283203, 0.24185335064727245, 0.54446081100635]","[0.3364867998636701, 0.32623414407636764, 0.31898508458667246, 0.4220292945485209]",,0.1133684393957693,0.9999430580494532,1.0,消费调查/results/mpc_allx_screen/all_screen_results.csv,554,c2e3b71621f77b82766e70a3888c409b7256dd33,Figure4,"six approved all-X families: one omnibus per representation, including unsupported factors; no new standardization"
q43_edu,midpoint,cash,1798,1798,5497,raw,objective,categorical,ok,,150,,,,,1.6321434279909164,4.0,0.803003710290075,"[0.033165480180420696, 0.028784825353115728, 0.01964871453444553, -0.013600415762834345]","[0.050495660737341054, 0.049207609747508846, 0.04851452842886906, 0.06214497366874454]",,0.003175987047955,0.9056432822820394,1.0,消费调查/results/mpc_allx_screen/all_screen_results.csv,557,c2e3b71621f77b82766e70a3888c409b7256dd33,Figure4,"six approved all-X families: one omnibus per representation, including unsupported factors; no new standardization"
q43_edu,midpoint,rc,5497,1798,5497,raw,objective,categorical,ok,,150,,,,,1.751557563494246,4.0,0.7813322071669105,"[0.006633463076027114, 0.0009343737222190628, 0.015517486892314516, 0.06374204249960631]","[0.05748708267386742, 0.05582575327126625, 0.0548662735829012, 0.07161278361143925]",,0.0103340947065278,0.9497995928172313,1.0,消费调查/results/mpc_allx_screen/all_screen_results.csv,558,c2e3b71621f77b82766e70a3888c409b7256dd33,Figure4,"six approved all-X families: one omnibus per representation, including unsupported factors; no new standardization"
q43_edu,top75,cash,1798,1798,5497,raw,objective,categorical,ok,,150,,,,,2.357555152255623,4.0,0.6703109287405236,"[0.04796398474615887, 0.031439601961930394, 0.031118618464109335, -0.011749819233550209]","[0.05835977980724864, 0.05744818271552568, 0.05709805314030048, 0.06864622512181945]",,0.0052399922376048,0.9771123683502926,1.0,消费调查/results/mpc_allx_screen/all_screen_results.csv,561,c2e3b71621f77b82766e70a3888c409b7256dd33,Figure4,"six approved all-X families: one omnibus per representation, including unsupported factors; no new standardization"
q43_edu,top75,rc,5497,1798,5497,raw,objective,categorical,ok,,150,,,,,3.336264702243655,4.0,0.5032070227908951,"[-0.03710221896078403, -0.02008535932673993, -0.02223264406479239, 0.057491739128664184]","[0.065120037177557, 0.06383710173195904, 0.06320824533736041, 0.07817098904778116]",,0.0028665362235338,1.0,1.0,消费调查/results/mpc_allx_screen/all_screen_results.csv,562,c2e3b71621f77b82766e70a3888c409b7256dd33,Figure4,"six approved all-X families: one omnibus per representation, including unsupported factors; no new standardization"
q44_industry,ordinal,cash,1798,1798,5497,raw,objective,categorical,nonestimable,sparse category/form: N<3 or fewer than two amounts,150,,,,,,,,,,,,,,消费调查/results/mpc_allx_screen/all_screen_results.csv,565,c2e3b71621f77b82766e70a3888c409b7256dd33,Figure4,"six approved all-X families: one omnibus per representation, including unsupported factors; no new standardization"
q44_industry,ordinal,rc,5497,1798,5497,raw,objective,categorical,nonestimable,sparse category/form: N<3 or fewer than two amounts,150,,,,,,,,,,,,,,消费调查/results/mpc_allx_screen/all_screen_results.csv,566,c2e3b71621f77b82766e70a3888c409b7256dd33,Figure4,"six approved all-X families: one omnibus per representation, including unsupported factors; no new standardization"
q44_industry,midpoint,cash,1798,1798,5497,raw,objective,categorical,nonestimable,sparse category/form: N<3 or fewer than two amounts,150,,,,,,,,,,,,,,消费调查/results/mpc_allx_screen/all_screen_results.csv,569,c2e3b71621f77b82766e70a3888c409b7256dd33,Figure4,"six approved all-X families: one omnibus per representation, including unsupported factors; no new standardization"
q44_industry,midpoint,rc,5497,1798,5497,raw,objective,categorical,nonestimable,sparse category/form: N<3 or fewer than two amounts,150,,,,,,,,,,,,,,消费调查/results/mpc_allx_screen/all_screen_results.csv,570,c2e3b71621f77b82766e70a3888c409b7256dd33,Figure4,"six approved all-X families: one omnibus per representation, including unsupported factors; no new standardization"
q44_industry,top75,cash,1798,1798,5497,raw,objective,categorical,nonestimable,sparse category/form: N<3 or fewer than two amounts,150,,,,,,,,,,,,,,消费调查/results/mpc_allx_screen/all_screen_results.csv,573,c2e3b71621f77b82766e70a3888c409b7256dd33,Figure4,"six approved all-X families: one omnibus per representation, including unsupported factors; no new standardization"
q44_industry,top75,rc,5497,1798,5497,raw,objective,categorical,nonestimable,sparse category/form: N<3 or fewer than two amounts,150,,,,,,,,,,,,,,消费调查/results/mpc_allx_screen/all_screen_results.csv,574,c2e3b71621f77b82766e70a3888c409b7256dd33,Figure4,"six approved all-X families: one omnibus per representation, including unsupported factors; no new standardization"
q45_occup,ordinal,cash,1798,1798,5497,raw,objective,categorical,ok,,150,,,,,10.545231299040362,12.0,0.5682406292110653,"[-0.04419553725321564, -0.04271053638555027, 0.102889859617349, 0.3104892025212101, 0.2479924598073887, 0.08279382351351255, -0.021571985310016827, 0.3149864511880236, 0.5528951090608442, 0.21252896364286286, -0.09115954161632364, -0.3757623262191081]","[0.26803671660023953, 0.17199622526113467, 0.14841323626865807, 0.19759709427658895, 0.20349194876850657, 0.21298786780118528, 0.2514127153705324, 0.21056487025032114, 0.32612055829775727, 0.46321557665007507, 0.5478880823513598, 0.45803496405099053]",,,1.0,1.0,消费调查/results/mpc_allx_screen/all_screen_results.csv,577,c2e3b71621f77b82766e70a3888c409b7256dd33,Figure4,"six approved all-X families: one omnibus per representation, including unsupported factors; no new standardization"
q45_occup,ordinal,rc,5497,1798,5497,raw,objective,categorical,ok,,150,,,,,13.464437263869174,12.0,0.3362057503976808,"[0.022963847224851966, 0.015403975173720105, -0.08440670973416604, -0.2401731615771484, -0.20287060924380365, 0.1926099821554697, -0.10399246807692808, -0.4593559323711095, -0.9729195526523631, -0.407350378596658, 0.32001927532779195, 0.43546183003090544]","[0.3246190231094501, 0.20959118358566872, 0.18258496605749558, 0.23713867772358704, 0.2443124294139685, 0.2566340174277749, 0.307304993534278, 0.2571042243633002, 0.4349299171784684, 0.6181957117465408, 0.6824237387756702, 0.5160903167160261]",,,0.9999430580494532,1.0,消费调查/results/mpc_allx_screen/all_screen_results.csv,578,c2e3b71621f77b82766e70a3888c409b7256dd33,Figure4,"six approved all-X families: one omnibus per representation, including unsupported factors; no new standardization"
q45_occup,midpoint,cash,1798,1798,5497,raw,objective,categorical,ok,,150,,,,,11.964482967750278,12.0,0.4485362745141624,"[-0.0007455761960550552, -0.003221190789888164, 0.026587279007135256, 0.06026305269373976, 0.05151382627546609, 0.03704733244722295, 0.005166013513399393, 0.04746076839516816, 0.0994280297592603, 0.04099905711614811, -0.057689683980969866, -0.045327890369176296]","[0.0459768978420389, 0.029467501989342823, 0.02512663276885189, 0.03429684482481759, 0.03473262773036052, 0.035123862430177365, 0.042570361757958336, 0.035055832650262415, 0.048161604505251907, 0.07906864068168162, 0.08996456882446505, 0.08083797903189846]",,,0.8695302407980895,1.0,消费调查/results/mpc_allx_screen/all_screen_results.csv,581,c2e3b71621f77b82766e70a3888c409b7256dd33,Figure4,"six approved all-X families: one omnibus per representation, including unsupported factors; no new standardization"
q45_occup,midpoint,rc,5497,1798,5497,raw,objective,categorical,ok,,150,,,,,11.981124705393032,12.0,0.4471967356266981,"[0.007677409161064375, 0.0019157105862138684, -0.021742788173215576, -0.04031455154268852, -0.039853725673561616, 0.011823632447432123, -0.018674089778292786, -0.06746383629458325, -0.15351504092843715, -0.09152457961218588, 0.0853846140677553, 0.06655029567400951]","[0.0552591073670584, 0.03547958572230041, 0.030332638210727823, 0.04024799466362258, 0.041176739174549976, 0.04182098883515813, 0.05149222348599904, 0.04243606750563111, 0.06900142330607761, 0.10616053801672716, 0.11332610184773859, 0.08905199828921842]",,,0.9497995928172313,1.0,消费调查/results/mpc_allx_screen/all_screen_results.csv,582,c2e3b71621f77b82766e70a3888c409b7256dd33,Figure4,"six approved all-X families: one omnibus per representation, including unsupported factors; no new standardization"
q45_occup,top75,cash,1798,1798,5497,raw,objective,categorical,ok,,150,,,,,13.208275134086415,12.0,0.3540859300992784,"[0.004693179795360814, -0.019626852561180377, 0.02797059611067331, 0.04145089144096481, 0.016746873343900723, 0.05327314989999464, 0.0017106498999946377, 0.014886972486385812, 0.09631950751588862, -0.051438891984822196, -0.13591603928919455, -0.06036321373636906]","[0.04771135618715703, 0.03223127134020952, 0.027259807395169807, 0.03839221830374819, 0.037469419847214705, 0.037097753503872365, 0.04758515254940098, 0.03698882325133303, 0.049959603816098014, 0.07655710286392381, 0.10431520555047466, 0.08661216638041641]",,,0.9771123683502926,1.0,消费调查/results/mpc_allx_screen/all_screen_results.csv,585,c2e3b71621f77b82766e70a3888c409b7256dd33,Figure4,"six approved all-X families: one omnibus per representation, including unsupported factors; no new standardization"
q45_occup,top75,rc,5497,1798,5497,raw,objective,categorical,ok,,150,,,,,9.76433137972999,12.0,0.6366270514851187,"[0.007269417496441088, 0.018745366030702246, -0.01896515242589581, -0.009628570951911672, 0.014737325856271454, -0.03231524369299282, -0.01897190221827167, -0.022466202625119197, -0.15054309896457804, -0.04389509819379334, 0.11786763347114629, 0.10257028706333324]","[0.05745800050163455, 0.03789767297930733, 0.03183873944275143, 0.04364371158093524, 0.043664638972370405, 0.04235529164696616, 0.05613889017353032, 0.044191095131702, 0.07256538382219758, 0.11237536244448212, 0.12786333867085917, 0.09363932633617156]",,,1.0,1.0,消费调查/results/mpc_allx_screen/all_screen_results.csv,586,c2e3b71621f77b82766e70a3888c409b7256dd33,Figure4,"six approved all-X families: one omnibus per representation, including unsupported factors; no new standardization"
q46_income,ordinal,cash,1798,1798,5497,raw,objective,categorical,nonestimable,sparse category/form: N<3 or fewer than two amounts,150,,,,,,,,,,,,,,消费调查/results/mpc_allx_screen/all_screen_results.csv,589,c2e3b71621f77b82766e70a3888c409b7256dd33,Figure4,"six approved all-X families: one omnibus per representation, including unsupported factors; no new standardization"
q46_income,ordinal,rc,5497,1798,5497,raw,objective,categorical,nonestimable,sparse category/form: N<3 or fewer than two amounts,150,,,,,,,,,,,,,,消费调查/results/mpc_allx_screen/all_screen_results.csv,590,c2e3b71621f77b82766e70a3888c409b7256dd33,Figure4,"six approved all-X families: one omnibus per representation, including unsupported factors; no new standardization"
q46_income,midpoint,cash,1798,1798,5497,raw,objective,categorical,nonestimable,sparse category/form: N<3 or fewer than two amounts,150,,,,,,,,,,,,,,消费调查/results/mpc_allx_screen/all_screen_results.csv,593,c2e3b71621f77b82766e70a3888c409b7256dd33,Figure4,"six approved all-X families: one omnibus per representation, including unsupported factors; no new standardization"
q46_income,midpoint,rc,5497,1798,5497,raw,objective,categorical,nonestimable,sparse category/form: N<3 or fewer than two amounts,150,,,,,,,,,,,,,,消费调查/results/mpc_allx_screen/all_screen_results.csv,594,c2e3b71621f77b82766e70a3888c409b7256dd33,Figure4,"six approved all-X families: one omnibus per representation, including unsupported factors; no new standardization"
q46_income,top75,cash,1798,1798,5497,raw,objective,categorical,nonestimable,sparse category/form: N<3 or fewer than two amounts,150,,,,,,,,,,,,,,消费调查/results/mpc_allx_screen/all_screen_results.csv,597,c2e3b71621f77b82766e70a3888c409b7256dd33,Figure4,"six approved all-X families: one omnibus per representation, including unsupported factors; no new standardization"
q46_income,top75,rc,5497,1798,5497,raw,objective,categorical,nonestimable,sparse category/form: N<3 or fewer than two amounts,150,,,,,,,,,,,,,,消费调查/results/mpc_allx_screen/all_screen_results.csv,598,c2e3b71621f77b82766e70a3888c409b7256dd33,Figure4,"six approved all-X families: one omnibus per representation, including unsupported factors; no new standardization"
q47_province,ordinal,cash,1798,1798,5497,raw,objective,categorical,nonestimable,sparse category/form: N<3 or fewer than two amounts,150,,,,,,,,,,,,,,消费调查/results/mpc_allx_screen/all_screen_results.csv,601,c2e3b71621f77b82766e70a3888c409b7256dd33,Figure4,"six approved all-X families: one omnibus per representation, including unsupported factors; no new standardization"
q47_province,ordinal,rc,5497,1798,5497,raw,objective,categorical,nonestimable,sparse category/form: N<3 or fewer than two amounts,150,,,,,,,,,,,,,,消费调查/results/mpc_allx_screen/all_screen_results.csv,602,c2e3b71621f77b82766e70a3888c409b7256dd33,Figure4,"six approved all-X families: one omnibus per representation, including unsupported factors; no new standardization"
q47_province,midpoint,cash,1798,1798,5497,raw,objective,categorical,nonestimable,sparse category/form: N<3 or fewer than two amounts,150,,,,,,,,,,,,,,消费调查/results/mpc_allx_screen/all_screen_results.csv,605,c2e3b71621f77b82766e70a3888c409b7256dd33,Figure4,"six approved all-X families: one omnibus per representation, including unsupported factors; no new standardization"
q47_province,midpoint,rc,5497,1798,5497,raw,objective,categorical,nonestimable,sparse category/form: N<3 or fewer than two amounts,150,,,,,,,,,,,,,,消费调查/results/mpc_allx_screen/all_screen_results.csv,606,c2e3b71621f77b82766e70a3888c409b7256dd33,Figure4,"six approved all-X families: one omnibus per representation, including unsupported factors; no new standardization"
q47_province,top75,cash,1798,1798,5497,raw,objective,categorical,nonestimable,sparse category/form: N<3 or fewer than two amounts,150,,,,,,,,,,,,,,消费调查/results/mpc_allx_screen/all_screen_results.csv,609,c2e3b71621f77b82766e70a3888c409b7256dd33,Figure4,"six approved all-X families: one omnibus per representation, including unsupported factors; no new standardization"
q47_province,top75,rc,5497,1798,5497,raw,objective,categorical,nonestimable,sparse category/form: N<3 or fewer than two amounts,150,,,,,,,,,,,,,,消费调查/results/mpc_allx_screen/all_screen_results.csv,610,c2e3b71621f77b82766e70a3888c409b7256dd33,Figure4,"six approved all-X families: one omnibus per representation, including unsupported factors; no new standardization"
q48_city,ordinal,cash,1798,1798,5497,raw,objective,categorical,nonestimable,sparse category/form: N<3 or fewer than two amounts,150,,,,,,,,,,,,,,消费调查/results/mpc_allx_screen/all_screen_results.csv,613,c2e3b71621f77b82766e70a3888c409b7256dd33,Figure4,"six approved all-X families: one omnibus per representation, including unsupported factors; no new standardization"
q48_city,ordinal,rc,5497,1798,5497,raw,objective,categorical,nonestimable,sparse category/form: N<3 or fewer than two amounts,150,,,,,,,,,,,,,,消费调查/results/mpc_allx_screen/all_screen_results.csv,614,c2e3b71621f77b82766e70a3888c409b7256dd33,Figure4,"six approved all-X families: one omnibus per representation, including unsupported factors; no new standardization"
q48_city,midpoint,cash,1798,1798,5497,raw,objective,categorical,nonestimable,sparse category/form: N<3 or fewer than two amounts,150,,,,,,,,,,,,,,消费调查/results/mpc_allx_screen/all_screen_results.csv,617,c2e3b71621f77b82766e70a3888c409b7256dd33,Figure4,"six approved all-X families: one omnibus per representation, including unsupported factors; no new standardization"
q48_city,midpoint,rc,5497,1798,5497,raw,objective,categorical,nonestimable,sparse category/form: N<3 or fewer than two amounts,150,,,,,,,,,,,,,,消费调查/results/mpc_allx_screen/all_screen_results.csv,618,c2e3b71621f77b82766e70a3888c409b7256dd33,Figure4,"six approved all-X families: one omnibus per representation, including unsupported factors; no new standardization"
q48_city,top75,cash,1798,1798,5497,raw,objective,categorical,nonestimable,sparse category/form: N<3 or fewer than two amounts,150,,,,,,,,,,,,,,消费调查/results/mpc_allx_screen/all_screen_results.csv,621,c2e3b71621f77b82766e70a3888c409b7256dd33,Figure4,"six approved all-X families: one omnibus per representation, including unsupported factors; no new standardization"
q48_city,top75,rc,5497,1798,5497,raw,objective,categorical,nonestimable,sparse category/form: N<3 or fewer than two amounts,150,,,,,,,,,,,,,,消费调查/results/mpc_allx_screen/all_screen_results.csv,622,c2e3b71621f77b82766e70a3888c409b7256dd33,Figure4,"six approved all-X families: one omnibus per representation, including unsupported factors; no new standardization"
q49_citytier,ordinal,cash,1798,1798,5497,raw,objective,categorical,ok,,150,,,,,1.7776606475452523,4.0,0.7765668391810825,"[-0.0761853030948018, -0.036330893823748184, 0.08662446011049159, 0.05737247595759851]","[0.1295142112978257, 0.15310065806773906, 0.1596652137623113, 0.17975088279642815]",,0.0113505397806523,1.0,1.0,消费调查/results/mpc_allx_screen/all_screen_results.csv,625,c2e3b71621f77b82766e70a3888c409b7256dd33,Figure4,"six approved all-X families: one omnibus per representation, including unsupported factors; no new standardization"
q49_citytier,ordinal,rc,5497,1798,5497,raw,objective,categorical,ok,,150,,,,,3.045936390510166,4.0,0.5501677035986212,"[0.03403997919283383, -0.05287789792783846, -0.25024848991835347, -0.09229891278726582]","[0.155476780909634, 0.1885631107767168, 0.19343314684039706, 0.21092833286843143]",,-0.0397218979188988,0.9999430580494532,1.0,消费调查/results/mpc_allx_screen/all_screen_results.csv,626,c2e3b71621f77b82766e70a3888c409b7256dd33,Figure4,"six approved all-X families: one omnibus per representation, including unsupported factors; no new standardization"
q49_citytier,midpoint,cash,1798,1798,5497,raw,objective,categorical,ok,,150,,,,,1.232688397676723,4.0,0.8726879199293522,"[-0.014508348013075519, -0.011272523583671014, 0.0028089351963450724, 0.008842584257718982]","[0.022165460403114498, 0.026253068829925726, 0.026937545966924274, 0.030510728594765286]",,0.0002247915813164,0.9199826046598968,1.0,消费调查/results/mpc_allx_screen/all_screen_results.csv,629,c2e3b71621f77b82766e70a3888c409b7256dd33,Figure4,"six approved all-X families: one omnibus per representation, including unsupported factors; no new standardization"
q49_citytier,midpoint,rc,5497,1798,5497,raw,objective,categorical,ok,,150,,,,,1.4966847260192755,4.0,0.8272285638075678,"[0.004410832692958434, -0.005741923303748314, -0.027415569767897306, -0.016004206280977755]","[0.026389059504490803, 0.03199699507807936, 0.03234078162576309, 0.035421387637213]",,-0.0051112182780713,0.9497995928172313,1.0,消费调查/results/mpc_allx_screen/all_screen_results.csv,630,c2e3b71621f77b82766e70a3888c409b7256dd33,Figure4,"six approved all-X families: one omnibus per representation, including unsupported factors; no new standardization"
q49_citytier,top75,cash,1798,1798,5497,raw,objective,categorical,ok,,150,,,,,2.039943015992804,4.0,0.7284122587063236,"[-0.02870672163803489, -0.01625990723581579, -0.028850808434641585, -0.004462352712313254]","[0.023719883699376304, 0.02790016077818303, 0.02813530460640642, 0.03225117089846897]",,-0.0055209457420948,0.9771123683502926,1.0,消费调查/results/mpc_allx_screen/all_screen_results.csv,633,c2e3b71621f77b82766e70a3888c409b7256dd33,Figure4,"six approved all-X families: one omnibus per representation, including unsupported factors; no new standardization"
q49_citytier,top75,rc,5497,1798,5497,raw,objective,categorical,ok,,150,,,,,1.9915413940126545,4.0,0.7373147513166012,"[0.0199324379434149, -0.01137389888573618, 0.007071771474562097, -0.01743370512712395]","[0.027812967633943596, 0.033659458835186805, 0.03322382687105121, 0.03683660819609093]",,-0.0017111621970955,1.0,1.0,消费调查/results/mpc_allx_screen/all_screen_results.csv,634,c2e3b71621f77b82766e70a3888c409b7256dd33,Figure4,"six approved all-X families: one omnibus per representation, including unsupported factors; no new standardization"
income_h,ordinal,cash,1798,1798,5497,constructed,objective,numeric,ok,,150,0.0426454255823093,0.0486974162823288,-0.0528015103310552,0.1380923614956739,0.7668899851948425,1.0,0.3811808831233245,[0.04264542558230935],[0.048697416282328855],0.0376960071994658,0.0426454255823093,1.0,1.0,消费调查/results/mpc_allx_screen/all_screen_results.csv,637,c2e3b71621f77b82766e70a3888c409b7256dd33,Figure4,"six approved all-X families: one omnibus per representation, including unsupported factors; no new standardization"
income_h,ordinal,rc,5497,1798,5497,constructed,objective,numeric,ok,,150,-0.0226865004042554,0.0583512300190579,-0.1370549112416089,0.091681910433098,0.151159338966604,1.0,0.6974299053588351,[-0.02268650040425542],[0.0583512300190579],-0.0200535103329876,-0.0226865004042554,0.9999430580494532,1.0,消费调查/results/mpc_allx_screen/all_screen_results.csv,638,c2e3b71621f77b82766e70a3888c409b7256dd33,Figure4,"six approved all-X families: one omnibus per representation, including unsupported factors; no new standardization"
income_h,midpoint,cash,1798,1798,5497,constructed,objective,numeric,ok,,150,0.0089824282499769,0.0084791185211811,-0.007636644051538,0.0256015005514919,1.1222409242892266,1.0,0.2894364362132761,[0.00898242824997694],[0.008479118521181142],0.0079399296725573,0.0089824282499769,0.8695302407980895,1.0,消费调查/results/mpc_allx_screen/all_screen_results.csv,641,c2e3b71621f77b82766e70a3888c409b7256dd33,Figure4,"six approved all-X families: one omnibus per representation, including unsupported factors; no new standardization"
income_h,midpoint,rc,5497,1798,5497,constructed,objective,numeric,ok,,150,-0.0065808603705293,0.0099876162023575,-0.0261565881271501,0.0129948673860913,0.4341518561019278,1.0,0.50995869637082,[-0.006580860370529396],[0.009987616202357504],-0.0058170872143685,-0.0065808603705293,0.9497995928172313,1.0,消费调查/results/mpc_allx_screen/all_screen_results.csv,642,c2e3b71621f77b82766e70a3888c409b7256dd33,Figure4,"six approved all-X families: one omnibus per representation, including unsupported factors; no new standardization"
income_h,top75,cash,1798,1798,5497,constructed,objective,numeric,ok,,150,0.0112864994819865,0.0095454326472004,-0.0074225485065263,0.0299955474704995,1.398064785339017,1.0,0.2370478575111536,[0.011286499481986591],[0.009545432647200484],0.0099765909220103,0.0112864994819865,0.9771123683502926,1.0,消费调查/results/mpc_allx_screen/all_screen_results.csv,645,c2e3b71621f77b82766e70a3888c409b7256dd33,Figure4,"six approved all-X families: one omnibus per representation, including unsupported factors; no new standardization"
income_h,top75,rc,5497,1798,5497,constructed,objective,numeric,ok,,150,-0.0107062167175824,0.0109334742777736,-0.0321358263020187,0.0107233928668538,0.958861067355268,1.0,0.3274739979474718,[-0.010706216717582458],[0.010933474277773626],-0.0094636556431142,-0.0107062167175824,1.0,1.0,消费调查/results/mpc_allx_screen/all_screen_results.csv,646,c2e3b71621f77b82766e70a3888c409b7256dd33,Figure4,"six approved all-X families: one omnibus per representation, including unsupported factors; no new standardization"
income,ordinal,cash,1798,1798,5497,constructed,objective,numeric,ok,,150,0.0426454255823093,0.0486974162823288,-0.0528015103310552,0.1380923614956739,0.7668899851948425,1.0,0.3811808831233245,[0.04264542558230935],[0.048697416282328855],0.0376960071994658,0.0426454255823093,1.0,1.0,消费调查/results/mpc_allx_screen/all_screen_results.csv,649,c2e3b71621f77b82766e70a3888c409b7256dd33,Figure4,"six approved all-X families: one omnibus per representation, including unsupported factors; no new standardization"
income,ordinal,rc,5497,1798,5497,constructed,objective,numeric,ok,,150,-0.0226865004042554,0.0583512300190579,-0.1370549112416089,0.091681910433098,0.151159338966604,1.0,0.6974299053588351,[-0.02268650040425542],[0.0583512300190579],-0.0200535103329876,-0.0226865004042554,0.9999430580494532,1.0,消费调查/results/mpc_allx_screen/all_screen_results.csv,650,c2e3b71621f77b82766e70a3888c409b7256dd33,Figure4,"six approved all-X families: one omnibus per representation, including unsupported factors; no new standardization"
income,midpoint,cash,1798,1798,5497,constructed,objective,numeric,ok,,150,0.0089824282499769,0.0084791185211811,-0.007636644051538,0.0256015005514919,1.1222409242892266,1.0,0.2894364362132761,[0.00898242824997694],[0.008479118521181142],0.0079399296725573,0.0089824282499769,0.8695302407980895,1.0,消费调查/results/mpc_allx_screen/all_screen_results.csv,653,c2e3b71621f77b82766e70a3888c409b7256dd33,Figure4,"six approved all-X families: one omnibus per representation, including unsupported factors; no new standardization"
income,midpoint,rc,5497,1798,5497,constructed,objective,numeric,ok,,150,-0.0065808603705293,0.0099876162023575,-0.0261565881271501,0.0129948673860913,0.4341518561019278,1.0,0.50995869637082,[-0.006580860370529396],[0.009987616202357504],-0.0058170872143685,-0.0065808603705293,0.9497995928172313,1.0,消费调查/results/mpc_allx_screen/all_screen_results.csv,654,c2e3b71621f77b82766e70a3888c409b7256dd33,Figure4,"six approved all-X families: one omnibus per representation, including unsupported factors; no new standardization"
income,top75,cash,1798,1798,5497,constructed,objective,numeric,ok,,150,0.0112864994819865,0.0095454326472004,-0.0074225485065263,0.0299955474704995,1.398064785339017,1.0,0.2370478575111536,[0.011286499481986591],[0.009545432647200484],0.0099765909220103,0.0112864994819865,0.9771123683502926,1.0,消费调查/results/mpc_allx_screen/all_screen_results.csv,657,c2e3b71621f77b82766e70a3888c409b7256dd33,Figure4,"six approved all-X families: one omnibus per representation, including unsupported factors; no new standardization"
income,top75,rc,5497,1798,5497,constructed,objective,numeric,ok,,150,-0.0107062167175824,0.0109334742777736,-0.0321358263020187,0.0107233928668538,0.958861067355268,1.0,0.3274739979474718,[-0.010706216717582458],[0.010933474277773626],-0.0094636556431142,-0.0107062167175824,1.0,1.0,消费调查/results/mpc_allx_screen/all_screen_results.csv,658,c2e3b71621f77b82766e70a3888c409b7256dd33,Figure4,"six approved all-X families: one omnibus per representation, including unsupported factors; no new standardization"
q42_age_z,ordinal,cash,1798,1798,5497,constructed,objective,numeric,ok,,150,0.0448908991064833,0.0449748809122957,-0.0432598674816162,0.1330416656945829,0.9962688774577836,1.0,0.3182150177072372,[0.04489089910648332],[0.044974880912295706],0.0448908991064833,0.0448908991064833,1.0,1.0,消费调查/results/mpc_allx_screen/all_screen_results.csv,661,c2e3b71621f77b82766e70a3888c409b7256dd33,Figure4,"six approved all-X families: one omnibus per representation, including unsupported factors; no new standardization"
q42_age_z,ordinal,rc,5497,1798,5497,constructed,objective,numeric,ok,,150,-0.1069392067064367,0.0561297981413032,-0.216953611063391,0.0030751976505175,3.62983559782802,1.0,0.0567524223537606,[-0.10693920670643678],[0.056129798141303214],-0.1069392067064367,-0.1069392067064367,0.9445801195150122,1.0,消费调查/results/mpc_allx_screen/all_screen_results.csv,662,c2e3b71621f77b82766e70a3888c409b7256dd33,Figure4,"six approved all-X families: one omnibus per representation, including unsupported factors; no new standardization"
q42_age_z,midpoint,cash,1798,1798,5497,constructed,objective,numeric,ok,,150,0.0088465593531467,0.0075753049409376,-0.006001038331091,0.0236941570373846,1.3637932966810655,1.0,0.2428811505138689,[0.008846559353146785],[0.007575304940937669],0.0088465593531467,0.0088465593531467,0.8695302407980895,1.0,消费调查/results/mpc_allx_screen/all_screen_results.csv,665,c2e3b71621f77b82766e70a3888c409b7256dd33,Figure4,"six approved all-X families: one omnibus per representation, including unsupported factors; no new standardization"
q42_age_z,midpoint,rc,5497,1798,5497,constructed,objective,numeric,ok,,150,-0.0172403659934036,0.0094250599766185,-0.0357134835475759,0.0012327515607686,3.3459906055351207,1.0,0.0673689170652296,[-0.01724036599340363],[0.009425059976618504],-0.0172403659934036,-0.0172403659934036,0.9497995928172313,1.0,消费调查/results/mpc_allx_screen/all_screen_results.csv,666,c2e3b71621f77b82766e70a3888c409b7256dd33,Figure4,"six approved all-X families: one omnibus per representation, including unsupported factors; no new standardization"
q42_age_z,top75,cash,1798,1798,5497,constructed,objective,numeric,ok,,150,0.004503540818159,0.0079908933653947,-0.0111586101780146,0.0201656918143328,0.3176270903343187,1.0,0.5730371784767478,[0.004503540818159064],[0.007990893365394774],0.004503540818159,0.004503540818159,0.9771123683502926,1.0,消费调查/results/mpc_allx_screen/all_screen_results.csv,669,c2e3b71621f77b82766e70a3888c409b7256dd33,Figure4,"six approved all-X families: one omnibus per representation, including unsupported factors; no new standardization"
q42_age_z,top75,rc,5497,1798,5497,constructed,objective,numeric,ok,,150,-0.0126640560588144,0.0099115613839276,-0.0320907163713127,0.0067626042536838,1.632531232573486,1.0,0.2013533007093457,[-0.01266405605881446],[0.009911561383927693],-0.0126640560588144,-0.0126640560588144,1.0,1.0,消费调查/results/mpc_allx_screen/all_screen_results.csv,670,c2e3b71621f77b82766e70a3888c409b7256dd33,Figure4,"six approved all-X families: one omnibus per representation, including unsupported factors; no new standardization"
q01_lifesat_z,ordinal,cash,1798,1798,5497,constructed,subjective,numeric,ok,,150,-0.0052068109443695,0.0516292674840838,-0.1064001752131739,0.0959865533244349,0.0101707198379742,1.0,0.9196695453525175,[-0.005206810944369513],[0.05162926748408389],-0.0052068109443695,-0.0052068109443695,1.0,1.0,消费调查/results/mpc_allx_screen/all_screen_results.csv,673,c2e3b71621f77b82766e70a3888c409b7256dd33,Figure4,"six approved all-X families: one omnibus per representation, including unsupported factors; no new standardization"
q01_lifesat_z,ordinal,rc,5497,1798,5497,constructed,subjective,numeric,ok,,150,-0.0103343961614962,0.061610060339107,-0.1310901144261459,0.1104213221031535,0.0281362972512914,1.0,0.8667887888726278,[-0.010334396161496204],[0.061610060339107],-0.0103343961614962,-0.0103343961614962,0.9999430580494532,1.0,消费调查/results/mpc_allx_screen/all_screen_results.csv,674,c2e3b71621f77b82766e70a3888c409b7256dd33,Figure4,"six approved all-X families: one omnibus per representation, including unsupported factors; no new standardization"
q01_lifesat_z,midpoint,cash,1798,1798,5497,constructed,subjective,numeric,ok,,150,0.0036955788896054,0.0087914614312767,-0.0135356855156969,0.0209268432949079,0.1767025451257743,1.0,0.674222470970124,[0.003695578889605492],[0.008791461431276777],0.0036955788896054,0.0036955788896054,0.8695302407980895,1.0,消费调查/results/mpc_allx_screen/all_screen_results.csv,677,c2e3b71621f77b82766e70a3888c409b7256dd33,Figure4,"six approved all-X families: one omnibus per representation, including unsupported factors; no new standardization"
q01_lifesat_z,midpoint,rc,5497,1798,5497,constructed,subjective,numeric,ok,,150,-0.0059976504493365,0.0104315571729668,-0.0264435025083516,0.0144482016096785,0.3305704405132284,1.0,0.5653233849488615,[-0.005997650449336552],[0.010431557172966862],-0.0059976504493365,-0.0059976504493365,0.9497995928172313,1.0,消费调查/results/mpc_allx_screen/all_screen_results.csv,678,c2e3b71621f77b82766e70a3888c409b7256dd33,Figure4,"six approved all-X families: one omnibus per representation, including unsupported factors; no new standardization"
q01_lifesat_z,top75,cash,1798,1798,5497,constructed,subjective,numeric,ok,,150,0.0084719982939554,0.0095737185159147,-0.0102924899972374,0.0272364865851483,0.7830877146441027,1.0,0.3761984673271348,[0.008471998293955469],[0.009573718515914743],0.0084719982939554,0.0084719982939554,0.9771123683502926,1.0,消费调查/results/mpc_allx_screen/all_screen_results.csv,681,c2e3b71621f77b82766e70a3888c409b7256dd33,Figure4,"six approved all-X families: one omnibus per representation, including unsupported factors; no new standardization"
q01_lifesat_z,top75,rc,5497,1798,5497,constructed,subjective,numeric,ok,,150,-0.0073039738308213,0.0112283660163216,-0.0293115712228117,0.0147036235611689,0.4231411819528992,1.0,0.515373802586566,[-0.007303973830821358],[0.011228366016321609],-0.0073039738308213,-0.0073039738308213,1.0,1.0,消费调查/results/mpc_allx_screen/all_screen_results.csv,682,c2e3b71621f77b82766e70a3888c409b7256dd33,Figure4,"six approved all-X families: one omnibus per representation, including unsupported factors; no new standardization"
q02_safety_z,ordinal,cash,1798,1798,5497,constructed,subjective,numeric,ok,,150,0.0280510617445831,0.0508399425568589,-0.0715952256668603,0.1276973491560268,0.3044307417920814,1.0,0.5811179844348615,[0.028051061744583196],[0.050839942556858975],0.0280510617445831,0.0280510617445831,1.0,1.0,消费调查/results/mpc_allx_screen/all_screen_results.csv,685,c2e3b71621f77b82766e70a3888c409b7256dd33,Figure4,"six approved all-X families: one omnibus per representation, including unsupported factors; no new standardization"
q02_safety_z,ordinal,rc,5497,1798,5497,constructed,subjective,numeric,ok,,150,-0.0039334197463624,0.060833395336193,-0.1231668746053009,0.1153000351125759,0.0041807719050877,1.0,0.9484455962491476,[-0.00393341974636249],[0.06083339533619309],-0.0039334197463624,-0.0039334197463624,0.9999430580494532,1.0,消费调查/results/mpc_allx_screen/all_screen_results.csv,686,c2e3b71621f77b82766e70a3888c409b7256dd33,Figure4,"six approved all-X families: one omnibus per representation, including unsupported factors; no new standardization"
q02_safety_z,midpoint,cash,1798,1798,5497,constructed,subjective,numeric,ok,,150,0.0062872325954196,0.0087188268890094,-0.0108016681070387,0.0233761332978781,0.5199995225106296,1.0,0.4708418856740561,[0.00628723259541968],[0.008718826889009419],0.0062872325954196,0.0062872325954196,0.8695302407980895,1.0,消费调查/results/mpc_allx_screen/all_screen_results.csv,689,c2e3b71621f77b82766e70a3888c409b7256dd33,Figure4,"six approved all-X families: one omnibus per representation, including unsupported factors; no new standardization"
q02_safety_z,midpoint,rc,5497,1798,5497,constructed,subjective,numeric,ok,,150,-0.0028402175935354,0.010365671527125,-0.0231569337867006,0.0174764985996297,0.0750772474030452,1.0,0.7840828723676194,[-0.002840217593535415],[0.010365671527125099],-0.0028402175935354,-0.0028402175935354,0.9497995928172313,1.0,消费调查/results/mpc_allx_screen/all_screen_results.csv,690,c2e3b71621f77b82766e70a3888c409b7256dd33,Figure4,"six approved all-X families: one omnibus per representation, including unsupported factors; no new standardization"
q02_safety_z,top75,cash,1798,1798,5497,constructed,subjective,numeric,ok,,150,0.0050460770222944,0.0095957828912333,-0.0137616574445228,0.0238538114891117,0.2765329736752687,1.0,0.5989826853756194,[0.0050460770222944245],[0.009595782891233326],0.0050460770222944,0.0050460770222944,0.9771123683502926,1.0,消费调查/results/mpc_allx_screen/all_screen_results.csv,693,c2e3b71621f77b82766e70a3888c409b7256dd33,Figure4,"six approved all-X families: one omnibus per representation, including unsupported factors; no new standardization"
q02_safety_z,top75,rc,5497,1798,5497,constructed,subjective,numeric,ok,,150,-0.0027368061845329,0.0111905943051935,-0.0246703710227122,0.0191967586536464,0.0598110989724653,1.0,0.8067947556994715,[-0.002736806184532917],[0.011190594305193554],-0.0027368061845329,-0.0027368061845329,1.0,1.0,消费调查/results/mpc_allx_screen/all_screen_results.csv,694,c2e3b71621f77b82766e70a3888c409b7256dd33,Figure4,"six approved all-X families: one omnibus per representation, including unsupported factors; no new standardization"
q03a_fair_dist_z,ordinal,cash,1798,1798,5497,constructed,subjective,numeric,ok,,150,-0.0098512668646232,0.0496815765851228,-0.107227156971464,0.0875246232422176,0.0393181820846714,1.0,0.8428196390141567,[-0.009851266864623206],[0.049681576585122886],-0.0098512668646232,-0.0098512668646232,1.0,1.0,消费调查/results/mpc_allx_screen/all_screen_results.csv,697,c2e3b71621f77b82766e70a3888c409b7256dd33,Figure4,"six approved all-X families: one omnibus per representation, including unsupported factors; no new standardization"
q03a_fair_dist_z,ordinal,rc,5497,1798,5497,constructed,subjective,numeric,ok,,150,0.0134385994127984,0.0591245117343745,-0.1024454435865756,0.1293226424121725,0.0516621983222594,1.0,0.8201957611224703,[0.013438599412798444],[0.059124511734374545],0.0134385994127984,0.0134385994127984,0.9999430580494532,1.0,消费调查/results/mpc_allx_screen/all_screen_results.csv,698,c2e3b71621f77b82766e70a3888c409b7256dd33,Figure4,"six approved all-X families: one omnibus per representation, including unsupported factors; no new standardization"
q03a_fair_dist_z,midpoint,cash,1798,1798,5497,constructed,subjective,numeric,ok,,150,0.0030218401659715,0.0084337248460619,-0.0135082605323099,0.019551940864253,0.1283819959215743,1.0,0.7201155749061822,[0.0030218401659715824],[0.008433724846061981],0.0030218401659715,0.0030218401659715,0.8695302407980895,1.0,消费调查/results/mpc_allx_screen/all_screen_results.csv,701,c2e3b71621f77b82766e70a3888c409b7256dd33,Figure4,"six approved all-X families: one omnibus per representation, including unsupported factors; no new standardization"
q03a_fair_dist_z,midpoint,rc,5497,1798,5497,constructed,subjective,numeric,ok,,150,-0.0025758208400847,0.0099399386322839,-0.0220581005593612,0.0169064588791916,0.0671527649364701,1.0,0.7955283762891476,[-0.0025758208400847825],[0.009939938632283913],-0.0025758208400847,-0.0025758208400847,0.9497995928172313,1.0,消费调查/results/mpc_allx_screen/all_screen_results.csv,702,c2e3b71621f77b82766e70a3888c409b7256dd33,Figure4,"six approved all-X families: one omnibus per representation, including unsupported factors; no new standardization"
q03a_fair_dist_z,top75,cash,1798,1798,5497,constructed,subjective,numeric,ok,,150,0.0079697896189168,0.009070851562025,-0.0098090794426522,0.0257486586804859,0.7719649717968023,1.0,0.3796098581977606,[0.007969789618916834],[0.009070851562025044],0.0079697896189168,0.0079697896189168,0.9771123683502926,1.0,消费调查/results/mpc_allx_screen/all_screen_results.csv,705,c2e3b71621f77b82766e70a3888c409b7256dd33,Figure4,"six approved all-X families: one omnibus per representation, including unsupported factors; no new standardization"
q03a_fair_dist_z,top75,rc,5497,1798,5497,constructed,subjective,numeric,ok,,150,-0.0073083182926062,0.0105554682377786,-0.0279970360386523,0.0133803994534398,0.4793799883776926,1.0,0.4887032906906876,[-0.007308318292606233],[0.010555468237778632],-0.0073083182926062,-0.0073083182926062,1.0,1.0,消费调查/results/mpc_allx_screen/all_screen_results.csv,706,c2e3b71621f77b82766e70a3888c409b7256dd33,Figure4,"six approved all-X families: one omnibus per representation, including unsupported factors; no new standardization"
q03b_fair_opp_z,ordinal,cash,1798,1798,5497,constructed,subjective,numeric,ok,,150,-0.0074515825075059,0.0494096086124929,-0.1042944153879922,0.0893912503729802,0.0227443851801805,1.0,0.8801236908002124,[-0.007451582507505981],[0.04940960861249299],-0.0074515825075059,-0.0074515825075059,1.0,1.0,消费调查/results/mpc_allx_screen/all_screen_results.csv,709,c2e3b71621f77b82766e70a3888c409b7256dd33,Figure4,"six approved all-X families: one omnibus per representation, including unsupported factors; no new standardization"
q03b_fair_opp_z,ordinal,rc,5497,1798,5497,constructed,subjective,numeric,ok,,150,0.0154038595094676,0.0591530485679644,-0.1005361156837426,0.131343834702678,0.0678117316121019,1.0,0.7945499535958577,[0.015403859509467696],[0.059153048567964474],0.0154038595094677,0.0154038595094676,0.9999430580494532,1.0,消费调查/results/mpc_allx_screen/all_screen_results.csv,710,c2e3b71621f77b82766e70a3888c409b7256dd33,Figure4,"six approved all-X families: one omnibus per representation, including unsupported factors; no new standardization"
q03b_fair_opp_z,midpoint,cash,1798,1798,5497,constructed,subjective,numeric,ok,,150,0.002210474299027,0.0083881160161046,-0.014230233092538,0.018651181690592,0.0694451759197674,1.0,0.7921463222237162,[0.002210474299027015],[0.008388116016104634],0.002210474299027,0.002210474299027,0.9056432822820394,1.0,消费调查/results/mpc_allx_screen/all_screen_results.csv,713,c2e3b71621f77b82766e70a3888c409b7256dd33,Figure4,"six approved all-X families: one omnibus per representation, including unsupported factors; no new standardization"
q03b_fair_opp_z,midpoint,rc,5497,1798,5497,constructed,subjective,numeric,ok,,150,-0.0017125158199939,0.0099389346391115,-0.0211928277126526,0.0177677960726646,0.029688586101271,1.0,0.8631987276181801,[-0.001712515819993968],[0.009938934639111562],-0.0017125158199939,-0.0017125158199939,0.959109697353534,1.0,消费调查/results/mpc_allx_screen/all_screen_results.csv,714,c2e3b71621f77b82766e70a3888c409b7256dd33,Figure4,"six approved all-X families: one omnibus per representation, including unsupported factors; no new standardization"
q03b_fair_opp_z,top75,cash,1798,1798,5497,constructed,subjective,numeric,ok,,150,0.005313051522498,0.0090916373571796,-0.012506557697574,0.02313266074257,0.3415103309249384,1.0,0.5589587249741836,[0.005313051522498004],[0.00909163735717963],0.005313051522498,0.005313051522498,0.9771123683502926,1.0,消费调查/results/mpc_allx_screen/all_screen_results.csv,717,c2e3b71621f77b82766e70a3888c409b7256dd33,Figure4,"six approved all-X families: one omnibus per representation, including unsupported factors; no new standardization"
q03b_fair_opp_z,top75,rc,5497,1798,5497,constructed,subjective,numeric,ok,,150,-0.0036029734517262,0.0105806388856036,-0.0243410256675093,0.0171350787640568,0.1159573654310384,1.0,0.7334610999246167,[-0.003602973451726223],[0.01058063888560363],-0.0036029734517262,-0.0036029734517262,1.0,1.0,消费调查/results/mpc_allx_screen/all_screen_results.csv,718,c2e3b71621f77b82766e70a3888c409b7256dd33,Figure4,"six approved all-X families: one omnibus per representation, including unsupported factors; no new standardization"
q03c_fair_rule_z,ordinal,cash,1798,1798,5497,constructed,subjective,numeric,ok,,150,0.005495747125698,0.0489655912290918,-0.0904768116833218,0.101468305934718,0.01259712612016,1.0,0.9106355564925322,[0.005495747125698062],[0.04896559122909181],0.005495747125698,0.005495747125698,1.0,1.0,消费调查/results/mpc_allx_screen/all_screen_results.csv,721,c2e3b71621f77b82766e70a3888c409b7256dd33,Figure4,"six approved all-X families: one omnibus per representation, including unsupported factors; no new standardization"
q03c_fair_rule_z,ordinal,rc,5497,1798,5497,constructed,subjective,numeric,ok,,150,-0.0024768191435078,0.0591714535364505,-0.1184528680749509,0.1134992297879352,0.001752121084661,1.0,0.9666116227811382,[-0.0024768191435078184],[0.05917145353645055],-0.0024768191435078,-0.0024768191435078,0.9999430580494532,1.0,消费调查/results/mpc_allx_screen/all_screen_results.csv,722,c2e3b71621f77b82766e70a3888c409b7256dd33,Figure4,"six approved all-X families: one omnibus per representation, including unsupported factors; no new standardization"
q03c_fair_rule_z,midpoint,cash,1798,1798,5497,constructed,subjective,numeric,ok,,150,0.0042030718373117,0.008282873801927,-0.0120313608144653,0.0204375044890888,0.2574966224061356,1.0,0.6118452485433312,[0.0042030718373117365],[0.008282873801927082],0.0042030718373117,0.0042030718373117,0.8695302407980895,1.0,消费调查/results/mpc_allx_screen/all_screen_results.csv,725,c2e3b71621f77b82766e70a3888c409b7256dd33,Figure4,"six approved all-X families: one omnibus per representation, including unsupported factors; no new standardization"
q03c_fair_rule_z,midpoint,rc,5497,1798,5497,constructed,subjective,numeric,ok,,150,-0.0039400365484546,0.0099562699464167,-0.0234543256434315,0.0155742525465222,0.1566055591344083,1.0,0.6923011209211175,[-0.003940036548454615],[0.009956269946416785],-0.0039400365484546,-0.0039400365484546,0.9497995928172313,1.0,消费调查/results/mpc_allx_screen/all_screen_results.csv,726,c2e3b71621f77b82766e70a3888c409b7256dd33,Figure4,"six approved all-X families: one omnibus per representation, including unsupported factors; no new standardization"
q03c_fair_rule_z,top75,cash,1798,1798,5497,constructed,subjective,numeric,ok,,150,0.0040823701264463,0.0090125969207079,-0.0135823198381413,0.0217470600910339,0.2051751966580542,1.0,0.6505756093436237,[0.004082370126446304],[0.009012596920707992],0.0040823701264463,0.0040823701264463,0.9771123683502926,1.0,消费调查/results/mpc_allx_screen/all_screen_results.csv,729,c2e3b71621f77b82766e70a3888c409b7256dd33,Figure4,"six approved all-X families: one omnibus per representation, including unsupported factors; no new standardization"
q03c_fair_rule_z,top75,rc,5497,1798,5497,constructed,subjective,numeric,ok,,150,-0.00109902402535,0.0107097552653493,-0.0220901443454348,0.0198920962947346,0.0105306524494152,1.0,0.9182653885861158,[-0.001099024025350069],[0.010709755265349369],-0.00109902402535,-0.00109902402535,1.0,1.0,消费调查/results/mpc_allx_screen/all_screen_results.csv,730,c2e3b71621f77b82766e70a3888c409b7256dd33,Figure4,"six approved all-X families: one omnibus per representation, including unsupported factors; no new standardization"
q04_trust_gov_z,ordinal,cash,1798,1798,5497,constructed,subjective,numeric,ok,,150,0.0425510542876099,0.0508718528416099,-0.0571577772819455,0.1422598858571654,0.6996253525729552,1.0,0.4029096098444236,[0.04255105428760992],[0.05087185284160994],0.0425510542876099,0.0425510542876099,1.0,1.0,消费调查/results/mpc_allx_screen/all_screen_results.csv,733,c2e3b71621f77b82766e70a3888c409b7256dd33,Figure4,"six approved all-X families: one omnibus per representation, including unsupported factors; no new standardization"
q04_trust_gov_z,ordinal,rc,5497,1798,5497,constructed,subjective,numeric,ok,,150,-0.0488595302154601,0.0605512453345483,-0.1675399710711748,0.0698209106402545,0.65110707542508,1.0,0.4197171491120616,[-0.04885953021546016],[0.060551245334548316],-0.0488595302154601,-0.0488595302154601,0.9999430580494532,1.0,消费调查/results/mpc_allx_screen/all_screen_results.csv,734,c2e3b71621f77b82766e70a3888c409b7256dd33,Figure4,"six approved all-X families: one omnibus per representation, including unsupported factors; no new standardization"
q04_trust_gov_z,midpoint,cash,1798,1798,5497,constructed,subjective,numeric,ok,,150,0.0092999437372556,0.0086884403676276,-0.0077293993832945,0.0263292868578057,1.1457160390783123,1.0,0.2844477315774196,[0.0092999437372556],[0.00868844036762763],0.0092999437372556,0.0092999437372556,0.8695302407980895,1.0,消费调查/results/mpc_allx_screen/all_screen_results.csv,737,c2e3b71621f77b82766e70a3888c409b7256dd33,Figure4,"six approved all-X families: one omnibus per representation, including unsupported factors; no new standardization"
q04_trust_gov_z,midpoint,rc,5497,1798,5497,constructed,subjective,numeric,ok,,150,-0.0090261207810557,0.0102509470509906,-0.0291179770009973,0.0110657354388858,0.775308063346148,1.0,0.37857995298969,[-0.009026120781055722],[0.010250947050990614],-0.0090261207810557,-0.0090261207810557,0.9497995928172313,1.0,消费调查/results/mpc_allx_screen/all_screen_results.csv,738,c2e3b71621f77b82766e70a3888c409b7256dd33,Figure4,"six approved all-X families: one omnibus per representation, including unsupported factors; no new standardization"
q04_trust_gov_z,top75,cash,1798,1798,5497,constructed,subjective,numeric,ok,,150,0.006541517862503,0.0096406961446398,-0.0123542465809909,0.0254372823059971,0.4604052564040676,1.0,0.4974346369616464,[0.006541517862503063],[0.009640696144639822],0.006541517862503,0.006541517862503,0.9771123683502926,1.0,消费调查/results/mpc_allx_screen/all_screen_results.csv,741,c2e3b71621f77b82766e70a3888c409b7256dd33,Figure4,"six approved all-X families: one omnibus per representation, including unsupported factors; no new standardization"
q04_trust_gov_z,top75,rc,5497,1798,5497,constructed,subjective,numeric,ok,,150,-0.0047328099002907,0.0111747468925276,-0.026635313809645,0.0171696940090634,0.179375337515124,1.0,0.6719106160345327,[-0.004732809900290791],[0.011174746892527666],-0.0047328099002907,-0.0047328099002907,1.0,1.0,消费调查/results/mpc_allx_screen/all_screen_results.csv,742,c2e3b71621f77b82766e70a3888c409b7256dd33,Figure4,"six approved all-X families: one omnibus per representation, including unsupported factors; no new standardization"
q05_trust_soc_z,ordinal,cash,1798,1798,5497,constructed,subjective,numeric,ok,,150,0.0371861059073988,0.0500760137110192,-0.0609628809661989,0.1353350927809966,0.5514446204243176,1.0,0.4577280231079623,[0.03718610590739887],[0.050076013711019295],0.0371861059073988,0.0371861059073988,1.0,1.0,消费调查/results/mpc_allx_screen/all_screen_results.csv,745,c2e3b71621f77b82766e70a3888c409b7256dd33,Figure4,"six approved all-X families: one omnibus per representation, including unsupported factors; no new standardization"
q05_trust_soc_z,ordinal,rc,5497,1798,5497,constructed,subjective,numeric,ok,,150,-0.0675185172616758,0.0596360784701054,-0.1844052310630825,0.0493681965397308,1.2818217539521974,1.0,0.2575605855930933,[-0.06751851726167583],[0.05963607847010547],-0.0675185172616758,-0.0675185172616758,0.9999430580494532,1.0,消费调查/results/mpc_allx_screen/all_screen_results.csv,746,c2e3b71621f77b82766e70a3888c409b7256dd33,Figure4,"six approved all-X families: one omnibus per representation, including unsupported factors; no new standardization"
q05_trust_soc_z,midpoint,cash,1798,1798,5497,constructed,subjective,numeric,ok,,150,0.0097363804643919,0.0085037886759199,-0.0069310453404111,0.026403806269195,1.3109017832012793,1.0,0.2522314475068123,[0.00973638046439191],[0.008503788675919947],0.0097363804643919,0.0097363804643919,0.8695302407980895,1.0,消费调查/results/mpc_allx_screen/all_screen_results.csv,749,c2e3b71621f77b82766e70a3888c409b7256dd33,Figure4,"six approved all-X families: one omnibus per representation, including unsupported factors; no new standardization"
q05_trust_soc_z,midpoint,rc,5497,1798,5497,constructed,subjective,numeric,ok,,150,-0.0150582454093987,0.0100191303905691,-0.0346957409749141,0.0045792501561167,2.2588567190621283,1.0,0.1328521081958912,[-0.015058245409398704],[0.010019130390569125],-0.0150582454093987,-0.0150582454093987,0.9497995928172313,1.0,消费调查/results/mpc_allx_screen/all_screen_results.csv,750,c2e3b71621f77b82766e70a3888c409b7256dd33,Figure4,"six approved all-X families: one omnibus per representation, including unsupported factors; no new standardization"
q05_trust_soc_z,top75,cash,1798,1798,5497,constructed,subjective,numeric,ok,,150,0.0132503641114532,0.0090482650691841,-0.0044842354241475,0.0309849636470541,2.144494790610094,1.0,0.1430821306224979,[0.013250364111453295],[0.009048265069184117],0.0132503641114532,0.0132503641114532,0.9771123683502926,1.0,消费调查/results/mpc_allx_screen/all_screen_results.csv,753,c2e3b71621f77b82766e70a3888c409b7256dd33,Figure4,"six approved all-X families: one omnibus per representation, including unsupported factors; no new standardization"
q05_trust_soc_z,top75,rc,5497,1798,5497,constructed,subjective,numeric,ok,,150,-0.0131148890638236,0.010485929704816,-0.0336673112852631,0.0074375331576158,1.5642831192769675,1.0,0.211039189609819,[-0.01311488906382367],[0.010485929704816061],-0.0131148890638236,-0.0131148890638236,1.0,1.0,消费调查/results/mpc_allx_screen/all_screen_results.csv,754,c2e3b71621f77b82766e70a3888c409b7256dd33,Figure4,"six approved all-X families: one omnibus per representation, including unsupported factors; no new standardization"
q06_socsec_z,ordinal,cash,1798,1798,5497,constructed,subjective,numeric,ok,,150,0.0112237307698897,0.0511390179480287,-0.0890087444082466,0.1114562059480261,0.048169231040311,1.0,0.82628013135852,[0.011223730769889747],[0.05113901794802878],0.0112237307698897,0.0112237307698897,1.0,1.0,消费调查/results/mpc_allx_screen/all_screen_results.csv,757,c2e3b71621f77b82766e70a3888c409b7256dd33,Figure4,"six approved all-X families: one omnibus per representation, including unsupported factors; no new standardization"
q06_socsec_z,ordinal,rc,5497,1798,5497,constructed,subjective,numeric,ok,,150,-0.0080208051602307,0.061252123996355,-0.1280749681930866,0.1120333578726251,0.0171472163437136,1.0,0.8958169334806685,[-0.008020805160230774],[0.06125212399635504],-0.0080208051602307,-0.0080208051602307,0.9999430580494532,1.0,消费调查/results/mpc_allx_screen/all_screen_results.csv,758,c2e3b71621f77b82766e70a3888c409b7256dd33,Figure4,"six approved all-X families: one omnibus per representation, including unsupported factors; no new standardization"
q06_socsec_z,midpoint,cash,1798,1798,5497,constructed,subjective,numeric,ok,,150,0.0046510762660995,0.0087537232728519,-0.0125062213486902,0.0218083738808892,0.2823067713255853,1.0,0.5951932478524626,[0.004651076266099509],[0.008753723272851916],0.0046510762660995,0.0046510762660995,0.8695302407980895,1.0,消费调查/results/mpc_allx_screen/all_screen_results.csv,761,c2e3b71621f77b82766e70a3888c409b7256dd33,Figure4,"six approved all-X families: one omnibus per representation, including unsupported factors; no new standardization"
q06_socsec_z,midpoint,rc,5497,1798,5497,constructed,subjective,numeric,ok,,150,-0.003240141230212,0.0104139896330251,-0.0236515609109413,0.0171712784505173,0.0968040659796388,1.0,0.7556991211884617,[-0.003240141230212035],[0.010413989633025174],-0.003240141230212,-0.003240141230212,0.9497995928172313,1.0,消费调查/results/mpc_allx_screen/all_screen_results.csv,762,c2e3b71621f77b82766e70a3888c409b7256dd33,Figure4,"six approved all-X families: one omnibus per representation, including unsupported factors; no new standardization"
q06_socsec_z,top75,cash,1798,1798,5497,constructed,subjective,numeric,ok,,150,0.0044653454770595,0.0097634536469162,-0.0146710236708962,0.0236017146250153,0.209171828562302,1.0,0.6474172919935781,[0.0044653454770595645],[0.009763453646916219],0.0044653454770595,0.0044653454770595,0.9771123683502926,1.0,消费调查/results/mpc_allx_screen/all_screen_results.csv,765,c2e3b71621f77b82766e70a3888c409b7256dd33,Figure4,"six approved all-X families: one omnibus per representation, including unsupported factors; no new standardization"
q06_socsec_z,top75,rc,5497,1798,5497,constructed,subjective,numeric,ok,,150,-0.0011622236535237,0.0114345640387648,-0.0235739691695027,0.0212495218624552,0.0103309485268155,1.0,0.919041417373521,[-0.0011622236535237382],[0.011434564038764809],-0.0011622236535237,-0.0011622236535237,1.0,1.0,消费调查/results/mpc_allx_screen/all_screen_results.csv,766,c2e3b71621f77b82766e70a3888c409b7256dd33,Figure4,"six approved all-X families: one omnibus per representation, including unsupported factors; no new standardization"
q07_emergfund_z,ordinal,cash,1798,1798,5497,constructed,subjective,numeric,ok,,150,0.0148343218146329,0.0522825356159238,-0.0876394479925778,0.1173080916218438,0.0805048617807791,1.0,0.7766144002024524,[0.014834321814632982],[0.052282535615923886],0.0148343218146329,0.0148343218146329,1.0,1.0,消费调查/results/mpc_allx_screen/all_screen_results.csv,769,c2e3b71621f77b82766e70a3888c409b7256dd33,Figure4,"six approved all-X families: one omnibus per representation, including unsupported factors; no new standardization"
q07_emergfund_z,ordinal,rc,5497,1798,5497,constructed,subjective,numeric,ok,,150,0.005665023053217,0.0620728688991165,-0.1159977999890513,0.1273278460954854,0.0083291316518511,1.0,0.92728276166216,[0.005665023053217026],[0.06207286889911653],0.005665023053217,0.005665023053217,0.9999430580494532,1.0,消费调查/results/mpc_allx_screen/all_screen_results.csv,770,c2e3b71621f77b82766e70a3888c409b7256dd33,Figure4,"six approved all-X families: one omnibus per representation, including unsupported factors; no new standardization"
q07_emergfund_z,midpoint,cash,1798,1798,5497,constructed,subjective,numeric,ok,,150,0.0051262190068805,0.0090841046437004,-0.0126786260947722,0.0229310641085334,0.3184417898827426,1.0,0.572545580287081,[0.005126219006880596],[0.009084104643700436],0.0051262190068805,0.0051262190068805,0.8695302407980895,1.0,消费调查/results/mpc_allx_screen/all_screen_results.csv,773,c2e3b71621f77b82766e70a3888c409b7256dd33,Figure4,"six approved all-X families: one omnibus per representation, including unsupported factors; no new standardization"
q07_emergfund_z,midpoint,rc,5497,1798,5497,constructed,subjective,numeric,ok,,150,-0.0024441428315284,0.0106626459304274,-0.0233429288551662,0.0184546431921093,0.0525440068134282,1.0,0.8186942016747187,[-0.002444142831528483],[0.010662645930427449],-0.0024441428315284,-0.0024441428315284,0.9497995928172313,1.0,消费调查/results/mpc_allx_screen/all_screen_results.csv,774,c2e3b71621f77b82766e70a3888c409b7256dd33,Figure4,"six approved all-X families: one omnibus per representation, including unsupported factors; no new standardization"
q07_emergfund_z,top75,cash,1798,1798,5497,constructed,subjective,numeric,ok,,150,-0.0001560785957537,0.0104442589262911,-0.0206268260912843,0.0203146688997768,0.0002233219637458,1.0,0.98807688820146,[-0.0001560785957537697],[0.01044425892629113],-0.0001560785957537,-0.0001560785957537,1.0,1.0,消费调查/results/mpc_allx_screen/all_screen_results.csv,777,c2e3b71621f77b82766e70a3888c409b7256dd33,Figure4,"six approved all-X families: one omnibus per representation, including unsupported factors; no new standardization"
q07_emergfund_z,top75,rc,5497,1798,5497,constructed,subjective,numeric,ok,,150,0.0023545021974342,0.0119781464845286,-0.0211226649122418,0.0258316693071104,0.0386383845401143,1.0,0.8441667969515743,[0.0023545021974342895],[0.011978146484528645],0.0023545021974342,0.0023545021974342,1.0,1.0,消费调查/results/mpc_allx_screen/all_screen_results.csv,778,c2e3b71621f77b82766e70a3888c409b7256dd33,Figure4,"six approved all-X families: one omnibus per representation, including unsupported factors; no new standardization"
q08_support_z,ordinal,cash,1798,1798,5497,constructed,subjective,numeric,ok,,150,-0.0328688425867533,0.051731380890686,-0.1342623491324979,0.0685246639589912,0.4037017947912663,1.0,0.5251836616965386,[-0.03286884258675335],[0.05173138089068601],-0.0328688425867533,-0.0328688425867533,1.0,1.0,消费调查/results/mpc_allx_screen/all_screen_results.csv,781,c2e3b71621f77b82766e70a3888c409b7256dd33,Figure4,"six approved all-X families: one omnibus per representation, including unsupported factors; no new standardization"
q08_support_z,ordinal,rc,5497,1798,5497,constructed,subjective,numeric,ok,,150,0.0292867783397956,0.0621367875633651,-0.0925013252844,0.1510748819639914,0.2221496365220531,1.0,0.6374068620392654,[0.029286778339795694],[0.06213678756336516],0.0292867783397956,0.0292867783397956,0.9999430580494532,1.0,消费调查/results/mpc_allx_screen/all_screen_results.csv,782,c2e3b71621f77b82766e70a3888c409b7256dd33,Figure4,"six approved all-X families: one omnibus per representation, including unsupported factors; no new standardization"
q08_support_z,midpoint,cash,1798,1798,5497,constructed,subjective,numeric,ok,,150,-0.003611672493474,0.0088742454663313,-0.0210051936074834,0.0137818486205354,0.165635662253758,1.0,0.6840200229723472,[-0.003611672493474009],[0.008874245466331334],-0.003611672493474,-0.003611672493474,0.8695302407980895,1.0,消费调查/results/mpc_allx_screen/all_screen_results.csv,785,c2e3b71621f77b82766e70a3888c409b7256dd33,Figure4,"six approved all-X families: one omnibus per representation, including unsupported factors; no new standardization"
q08_support_z,midpoint,rc,5497,1798,5497,constructed,subjective,numeric,ok,,150,0.0007511735037767,0.0105823300828683,-0.0199901934586452,0.0214925404661987,0.0050386931766829,1.0,0.943410686171952,[0.000751173503776749],[0.01058233008286837],0.0007511735037767,0.0007511735037767,0.9827194647624502,1.0,消费调查/results/mpc_allx_screen/all_screen_results.csv,786,c2e3b71621f77b82766e70a3888c409b7256dd33,Figure4,"six approved all-X families: one omnibus per representation, including unsupported factors; no new standardization"
q08_support_z,top75,cash,1798,1798,5497,constructed,subjective,numeric,ok,,150,-0.0028605483770096,0.0099513497121221,-0.0223651938127691,0.0166440970587497,0.0826294033093081,1.0,0.7737652500060992,[-0.0028605483770096996],[0.009951349712122182],-0.0028605483770096,-0.0028605483770096,0.9835998940755498,1.0,消费调查/results/mpc_allx_screen/all_screen_results.csv,789,c2e3b71621f77b82766e70a3888c409b7256dd33,Figure4,"six approved all-X families: one omnibus per representation, including unsupported factors; no new standardization"
q08_support_z,top75,rc,5497,1798,5497,constructed,subjective,numeric,ok,,150,-0.0017494527213399,0.011710313321152,-0.0247016668307979,0.0212027613881181,0.0223186226810234,1.0,0.8812425994925868,[-0.0017494527213399178],[0.011710313321152077],-0.0017494527213399,-0.0017494527213399,1.0,1.0,消费调查/results/mpc_allx_screen/all_screen_results.csv,790,c2e3b71621f77b82766e70a3888c409b7256dd33,Figure4,"six approved all-X families: one omnibus per representation, including unsupported factors; no new standardization"
q09_gain_z,ordinal,cash,1798,1798,5497,constructed,subjective,numeric,ok,,150,-0.0414397912340438,0.0503523253089821,-0.1401303488396489,0.0572507663715612,0.6773233612020642,1.0,0.4105099415567385,[-0.04143979123404389],[0.05035232530898219],-0.0414397912340438,-0.0414397912340438,1.0,1.0,消费调查/results/mpc_allx_screen/all_screen_results.csv,793,c2e3b71621f77b82766e70a3888c409b7256dd33,Figure4,"six approved all-X families: one omnibus per representation, including unsupported factors; no new standardization"
q09_gain_z,ordinal,rc,5497,1798,5497,constructed,subjective,numeric,ok,,150,0.025305303833665,0.0609109854878943,-0.0940802277226078,0.144690835389938,0.1725964505158473,1.0,0.6778144942469635,[0.025305303833665076],[0.06091098548789435],0.025305303833665,0.025305303833665,0.9999430580494532,1.0,消费调查/results/mpc_allx_screen/all_screen_results.csv,794,c2e3b71621f77b82766e70a3888c409b7256dd33,Figure4,"six approved all-X families: one omnibus per representation, including unsupported factors; no new standardization"
q09_gain_z,midpoint,cash,1798,1798,5497,constructed,subjective,numeric,ok,,150,-0.0021404899730684,0.0084987963813707,-0.018798130880555,0.0145171509344181,0.0634324589235922,1.0,0.8011508140244012,[-0.002140489973068449],[0.00849879638137073],-0.0021404899730684,-0.0021404899730684,0.9056432822820394,1.0,消费调查/results/mpc_allx_screen/all_screen_results.csv,797,c2e3b71621f77b82766e70a3888c409b7256dd33,Figure4,"six approved all-X families: one omnibus per representation, including unsupported factors; no new standardization"
q09_gain_z,midpoint,rc,5497,1798,5497,constructed,subjective,numeric,ok,,150,-0.0012485852970067,0.0102693877914357,-0.0213765853682208,0.0188794147742072,0.0147824808511734,1.0,0.9032290986128282,[-0.0012485852970067724],[0.010269387791435743],-0.0012485852970067,-0.0012485852970067,0.9660347498173868,1.0,消费调查/results/mpc_allx_screen/all_screen_results.csv,798,c2e3b71621f77b82766e70a3888c409b7256dd33,Figure4,"six approved all-X families: one omnibus per representation, including unsupported factors; no new standardization"
q09_gain_z,top75,cash,1798,1798,5497,constructed,subjective,numeric,ok,,150,-0.0010524464104386,0.0092177735783767,-0.0191192826240571,0.0170143898031798,0.0130361068128593,1.0,0.9090984577822488,[-0.0010524464104386365],[0.009217773578376776],-0.0010524464104386,-0.0010524464104386,1.0,1.0,消费调查/results/mpc_allx_screen/all_screen_results.csv,801,c2e3b71621f77b82766e70a3888c409b7256dd33,Figure4,"six approved all-X families: one omnibus per representation, including unsupported factors; no new standardization"
q09_gain_z,top75,rc,5497,1798,5497,constructed,subjective,numeric,ok,,150,0.0005549929540884,0.0110807709581736,-0.0211633181239319,0.0222733040321089,0.0025086205935501,1.0,0.9600537511289604,[0.0005549929540884767],[0.011080770958173688],0.0005549929540884,0.0005549929540884,1.0,1.0,消费调查/results/mpc_allx_screen/all_screen_results.csv,802,c2e3b71621f77b82766e70a3888c409b7256dd33,Figure4,"six approved all-X families: one omnibus per representation, including unsupported factors; no new standardization"
q10_effort_z,ordinal,cash,1798,1798,5497,constructed,subjective,numeric,ok,,150,0.0243606169504061,0.0519944726860916,-0.0775485495143335,0.1262697834151458,0.2195139929969086,1.0,0.639410481060634,[0.02436061695040612],[0.051994472686091676],0.0243606169504061,0.0243606169504061,1.0,1.0,消费调查/results/mpc_allx_screen/all_screen_results.csv,805,c2e3b71621f77b82766e70a3888c409b7256dd33,Figure4,"six approved all-X families: one omnibus per representation, including unsupported factors; no new standardization"
q10_effort_z,ordinal,rc,5497,1798,5497,constructed,subjective,numeric,ok,,150,-0.0142883788440342,0.062656950171837,-0.1370960011808348,0.1085192434927662,0.0520028816215836,1.0,0.8196140531998787,[-0.014288378844034267],[0.06265695017183702],-0.0142883788440342,-0.0142883788440342,0.9999430580494532,1.0,消费调查/results/mpc_allx_screen/all_screen_results.csv,806,c2e3b71621f77b82766e70a3888c409b7256dd33,Figure4,"six approved all-X families: one omnibus per representation, including unsupported factors; no new standardization"
q10_effort_z,midpoint,cash,1798,1798,5497,constructed,subjective,numeric,ok,,150,0.0060046515930923,0.0088932654755061,-0.0114261487388996,0.0234354519250843,0.4558827017515844,1.0,0.4995545108030569,[0.006004651593092335],[0.008893265475506128],0.0060046515930923,0.0060046515930923,0.8695302407980895,1.0,消费调查/results/mpc_allx_screen/all_screen_results.csv,809,c2e3b71621f77b82766e70a3888c409b7256dd33,Figure4,"six approved all-X families: one omnibus per representation, including unsupported factors; no new standardization"
q10_effort_z,midpoint,rc,5497,1798,5497,constructed,subjective,numeric,ok,,150,-0.0042757508899203,0.0106581864297003,-0.025165796292133,0.0166142945122923,0.1609378386364845,1.0,0.6882945354550435,[-0.004275750889920353],[0.010658186429700367],-0.0042757508899203,-0.0042757508899203,0.9497995928172313,1.0,消费调查/results/mpc_allx_screen/all_screen_results.csv,810,c2e3b71621f77b82766e70a3888c409b7256dd33,Figure4,"six approved all-X families: one omnibus per representation, including unsupported factors; no new standardization"
q10_effort_z,top75,cash,1798,1798,5497,constructed,subjective,numeric,ok,,150,0.004085723232499,0.0098879394019093,-0.0152946379952432,0.0234660844602413,0.170736469130475,1.0,0.6794581120293495,[0.004085723232499033],[0.009887939401909332],0.004085723232499,0.004085723232499,0.9771123683502926,1.0,消费调查/results/mpc_allx_screen/all_screen_results.csv,813,c2e3b71621f77b82766e70a3888c409b7256dd33,Figure4,"six approved all-X families: one omnibus per representation, including unsupported factors; no new standardization"
q10_effort_z,top75,rc,5497,1798,5497,constructed,subjective,numeric,ok,,150,-0.0027592830736002,0.011702244057372,-0.0256956814260495,0.020177115278849,0.0555973652584522,1.0,0.8135949022999384,[-0.002759283073600279],[0.011702244057372094],-0.0027592830736002,-0.0027592830736002,1.0,1.0,消费调查/results/mpc_allx_screen/all_screen_results.csv,814,c2e3b71621f77b82766e70a3888c409b7256dd33,Figure4,"six approved all-X families: one omnibus per representation, including unsupported factors; no new standardization"
q11_mobility_z,ordinal,cash,1798,1798,5497,constructed,subjective,numeric,ok,,150,-0.000487135239545,0.0513128739041912,-0.1010603680917598,0.1000860976126696,9.012523648987606e-05,1.0,0.9924254515702512,[-0.0004871352395450966],[0.05131287390419122],-0.000487135239545,-0.000487135239545,1.0,1.0,消费调查/results/mpc_allx_screen/all_screen_results.csv,817,c2e3b71621f77b82766e70a3888c409b7256dd33,Figure4,"six approved all-X families: one omnibus per representation, including unsupported factors; no new standardization"
q11_mobility_z,ordinal,rc,5497,1798,5497,constructed,subjective,numeric,ok,,150,0.0048012420316111,0.0608066411147807,-0.1143797745533591,0.1239822586165814,0.00623455083536,1.0,0.9370650976910024,[0.0048012420316111415],[0.06080664111478078],0.0048012420316111,0.0048012420316111,0.9999430580494532,1.0,消费调查/results/mpc_allx_screen/all_screen_results.csv,818,c2e3b71621f77b82766e70a3888c409b7256dd33,Figure4,"six approved all-X families: one omnibus per representation, including unsupported factors; no new standardization"
q11_mobility_z,midpoint,cash,1798,1798,5497,constructed,subjective,numeric,ok,,150,0.0043711702465811,0.0087758312534313,-0.0128294590101442,0.0215717995033066,0.2480955162674785,1.0,0.6184192868367926,[0.004371170246581182],[0.008775831253431354],0.0043711702465811,0.0043711702465811,0.8695302407980895,1.0,消费调查/results/mpc_allx_screen/all_screen_results.csv,821,c2e3b71621f77b82766e70a3888c409b7256dd33,Figure4,"six approved all-X families: one omnibus per representation, including unsupported factors; no new standardization"
q11_mobility_z,midpoint,rc,5497,1798,5497,constructed,subjective,numeric,ok,,150,-0.0034886452226233,0.0102800183918978,-0.0236374812707432,0.0166601908254964,0.1151664099812702,1.0,0.7343372157343452,[-0.0034886452226233627],[0.010280018391897879],-0.0034886452226233,-0.0034886452226233,0.9497995928172313,1.0,消费调查/results/mpc_allx_screen/all_screen_results.csv,822,c2e3b71621f77b82766e70a3888c409b7256dd33,Figure4,"six approved all-X families: one omnibus per representation, including unsupported factors; no new standardization"
q11_mobility_z,top75,cash,1798,1798,5497,constructed,subjective,numeric,ok,,150,0.00419516091703,0.0097565372190645,-0.0149276520323365,0.0233179738663966,0.184886770649001,1.0,0.6672068314161885,[0.004195160917030063],[0.009756537219064594],0.00419516091703,0.00419516091703,0.9771123683502926,1.0,消费调查/results/mpc_allx_screen/all_screen_results.csv,825,c2e3b71621f77b82766e70a3888c409b7256dd33,Figure4,"six approved all-X families: one omnibus per representation, including unsupported factors; no new standardization"
q11_mobility_z,top75,rc,5497,1798,5497,constructed,subjective,numeric,ok,,150,-0.0023694021824609,0.0111799056369879,-0.0242820172309573,0.0195432128660355,0.0449160226759764,1.0,0.8321585206069073,[-0.0023694021824609097],[0.011179905636987989],-0.0023694021824609,-0.0023694021824609,1.0,1.0,消费调查/results/mpc_allx_screen/all_screen_results.csv,826,c2e3b71621f77b82766e70a3888c409b7256dd33,Figure4,"six approved all-X families: one omnibus per representation, including unsupported factors; no new standardization"
q12_voice_z,ordinal,cash,1798,1798,5497,constructed,subjective,numeric,ok,,150,0.00199425871256,0.0492612551948465,-0.094557801469339,0.0985463188944592,0.0016388984666574,1.0,0.9677078120548704,[0.0019942587125600848],[0.04926125519484652],0.00199425871256,0.00199425871256,1.0,1.0,消费调查/results/mpc_allx_screen/all_screen_results.csv,829,c2e3b71621f77b82766e70a3888c409b7256dd33,Figure4,"six approved all-X families: one omnibus per representation, including unsupported factors; no new standardization"
q12_voice_z,ordinal,rc,5497,1798,5497,constructed,subjective,numeric,ok,,150,-0.0077240996573651,0.0597005570206928,-0.1247371914179232,0.1092889921031928,0.0167393646640568,1.0,0.8970564211413907,[-0.0077240996573651865],[0.05970055702069287],-0.0077240996573651,-0.0077240996573651,0.9999430580494532,1.0,消费调查/results/mpc_allx_screen/all_screen_results.csv,830,c2e3b71621f77b82766e70a3888c409b7256dd33,Figure4,"six approved all-X families: one omnibus per representation, including unsupported factors; no new standardization"
q12_voice_z,midpoint,cash,1798,1798,5497,constructed,subjective,numeric,ok,,150,0.0037542361574177,0.0083859188721123,-0.0126821648319223,0.0201906371467578,0.2004203716089772,1.0,0.6543817479332152,[0.003754236157417711],[0.0083859188721123],0.0037542361574177,0.0037542361574177,0.8695302407980895,1.0,消费调查/results/mpc_allx_screen/all_screen_results.csv,833,c2e3b71621f77b82766e70a3888c409b7256dd33,Figure4,"six approved all-X families: one omnibus per representation, including unsupported factors; no new standardization"
q12_voice_z,midpoint,rc,5497,1798,5497,constructed,subjective,numeric,ok,,150,-0.004018977047658,0.0100883106636183,-0.0237920659483501,0.0157541118530339,0.1587062962827223,1.0,0.6903504017048824,[-0.004018977047658082],[0.010088310663618387],-0.004018977047658,-0.004018977047658,0.9497995928172313,1.0,消费调查/results/mpc_allx_screen/all_screen_results.csv,834,c2e3b71621f77b82766e70a3888c409b7256dd33,Figure4,"six approved all-X families: one omnibus per representation, including unsupported factors; no new standardization"
q12_voice_z,top75,cash,1798,1798,5497,constructed,subjective,numeric,ok,,150,0.0022356177076054,0.0091550140261538,-0.015708209783656,0.0201794451988669,0.0596316812133289,1.0,0.8070790330979917,[0.0022356177076054565],[0.009155014026153815],0.0022356177076054,0.0022356177076054,0.9874125868442348,1.0,消费调查/results/mpc_allx_screen/all_screen_results.csv,837,c2e3b71621f77b82766e70a3888c409b7256dd33,Figure4,"six approved all-X families: one omnibus per representation, including unsupported factors; no new standardization"
q12_voice_z,top75,rc,5497,1798,5497,constructed,subjective,numeric,ok,,150,0.0008564566137459,0.0108388398284802,-0.0203876694500753,0.0221005826775672,0.006243744712846,1.0,0.9370188072457756,[0.0008564566137459441],[0.010838839828480277],0.0008564566137459,0.0008564566137459,1.0,1.0,消费调查/results/mpc_allx_screen/all_screen_results.csv,838,c2e3b71621f77b82766e70a3888c409b7256dd33,Figure4,"six approved all-X families: one omnibus per representation, including unsupported factors; no new standardization"
q13_pressure_z,ordinal,cash,1798,1798,5497,constructed,subjective,numeric,ok,,150,-0.0005194352451939,0.050653993307463,-0.0998012621278215,0.0987623916374336,0.0001051563374906,1.0,0.9918181751947328,[-0.0005194352451939632],[0.05065399330746306],-0.0005194352451939,-0.0005194352451939,1.0,1.0,消费调查/results/mpc_allx_screen/all_screen_results.csv,841,c2e3b71621f77b82766e70a3888c409b7256dd33,Figure4,"six approved all-X families: one omnibus per representation, including unsupported factors; no new standardization"
q13_pressure_z,ordinal,rc,5497,1798,5497,constructed,subjective,numeric,ok,,150,-0.0149843781001926,0.0610519638135775,-0.1346462271748047,0.1046774709744193,0.0602390577123378,1.0,0.806118498290386,[-0.014984378100192661],[0.061051963813577574],-0.0149843781001926,-0.0149843781001926,0.9999430580494532,1.0,消费调查/results/mpc_allx_screen/all_screen_results.csv,842,c2e3b71621f77b82766e70a3888c409b7256dd33,Figure4,"six approved all-X families: one omnibus per representation, including unsupported factors; no new standardization"
q13_pressure_z,midpoint,cash,1798,1798,5497,constructed,subjective,numeric,ok,,150,0.0029958437213647,0.0086029565165665,-0.0138659510511056,0.0198576384938351,0.1212670613837213,1.0,0.7276643017647673,[0.002995843721364755],[0.008602956516566515],0.0029958437213647,0.0029958437213647,0.8695302407980895,1.0,消费调查/results/mpc_allx_screen/all_screen_results.csv,845,c2e3b71621f77b82766e70a3888c409b7256dd33,Figure4,"six approved all-X families: one omnibus per representation, including unsupported factors; no new standardization"
q13_pressure_z,midpoint,rc,5497,1798,5497,constructed,subjective,numeric,ok,,150,-0.0057581381249221,0.0103142901044617,-0.025974146729667,0.0144578704798228,0.3116631616517676,1.0,0.576661391709705,[-0.00575813812492211],[0.010314290104461717],-0.0057581381249221,-0.0057581381249221,0.9497995928172313,1.0,消费调查/results/mpc_allx_screen/all_screen_results.csv,846,c2e3b71621f77b82766e70a3888c409b7256dd33,Figure4,"six approved all-X families: one omnibus per representation, including unsupported factors; no new standardization"
q13_pressure_z,top75,cash,1798,1798,5497,constructed,subjective,numeric,ok,,150,0.0033049423613306,0.0095604787035384,-0.0154335958976047,0.0220434806202659,0.1195001643642034,1.0,0.7295772350348851,[0.0033049423613306407],[0.009560478703538445],0.0033049423613306,0.0033049423613306,0.9771123683502926,1.0,消费调查/results/mpc_allx_screen/all_screen_results.csv,849,c2e3b71621f77b82766e70a3888c409b7256dd33,Figure4,"six approved all-X families: one omnibus per representation, including unsupported factors; no new standardization"
q13_pressure_z,top75,rc,5497,1798,5497,constructed,subjective,numeric,ok,,150,-0.0038902956371964,0.0113116278834505,-0.0260610862887595,0.0182804950143667,0.1182810013963576,1.0,0.7309064122412676,[-0.0038902956371964234],[0.011311627883450581],-0.0038902956371964,-0.0038902956371964,1.0,1.0,消费调查/results/mpc_allx_screen/all_screen_results.csv,850,c2e3b71621f77b82766e70a3888c409b7256dd33,Figure4,"six approved all-X families: one omnibus per representation, including unsupported factors; no new standardization"
q15_fut_self_z,ordinal,cash,1798,1798,5497,constructed,subjective,numeric,ok,,150,-0.0464906126737717,0.0497528764818926,-0.1440062505782814,0.0510250252307378,0.8731606382856391,1.0,0.3500817939344327,[-0.046490612673771775],[0.049752876481892666],-0.0464906126737717,-0.0464906126737717,1.0,1.0,消费调查/results/mpc_allx_screen/all_screen_results.csv,853,c2e3b71621f77b82766e70a3888c409b7256dd33,Figure4,"six approved all-X families: one omnibus per representation, including unsupported factors; no new standardization"
q15_fut_self_z,ordinal,rc,5497,1798,5497,constructed,subjective,numeric,ok,,150,0.0556108568720072,0.060027748864654,-0.0620435309027146,0.173265244646729,0.8582524659452601,1.0,0.354228189030106,[0.05561085687200723],[0.060027748864654],0.0556108568720072,0.0556108568720072,0.9999430580494532,1.0,消费调查/results/mpc_allx_screen/all_screen_results.csv,854,c2e3b71621f77b82766e70a3888c409b7256dd33,Figure4,"six approved all-X families: one omnibus per representation, including unsupported factors; no new standardization"
q15_fut_self_z,midpoint,cash,1798,1798,5497,constructed,subjective,numeric,ok,,150,-0.0051242692045773,0.0084541583744278,-0.0216944196184559,0.0114458812093011,0.3673864344402636,1.0,0.5444323432687013,[-0.0051242692045773905],[0.008454158374427832],-0.0051242692045773,-0.0051242692045773,0.8695302407980895,1.0,消费调查/results/mpc_allx_screen/all_screen_results.csv,857,c2e3b71621f77b82766e70a3888c409b7256dd33,Figure4,"six approved all-X families: one omnibus per representation, including unsupported factors; no new standardization"
q15_fut_self_z,midpoint,rc,5497,1798,5497,constructed,subjective,numeric,ok,,150,0.00808571564907,0.010146006476461,-0.0118004570447937,0.0279718883429337,0.6351066474772115,1.0,0.4254883258403422,[0.008085715649070006],[0.010146006476461076],0.00808571564907,0.00808571564907,0.9497995928172313,1.0,消费调查/results/mpc_allx_screen/all_screen_results.csv,858,c2e3b71621f77b82766e70a3888c409b7256dd33,Figure4,"six approved all-X families: one omnibus per representation, including unsupported factors; no new standardization"
q15_fut_self_z,top75,cash,1798,1798,5497,constructed,subjective,numeric,ok,,150,-0.0057674941198285,0.0092690985796921,-0.0239349273360252,0.0123999390963681,0.3871678784956863,1.0,0.5337918543120894,[-0.005767494119828565],[0.009269098579692178],-0.0057674941198285,-0.0057674941198285,0.9771123683502926,1.0,消费调查/results/mpc_allx_screen/all_screen_results.csv,861,c2e3b71621f77b82766e70a3888c409b7256dd33,Figure4,"six approved all-X families: one omnibus per representation, including unsupported factors; no new standardization"
q15_fut_self_z,top75,rc,5497,1798,5497,constructed,subjective,numeric,ok,,150,0.0111900707110606,0.01097959650023,-0.0103299384293901,0.0327100798515114,1.0387066248798211,1.0,0.3081224676183037,[0.011190070711060653],[0.010979596500230004],0.0111900707110606,0.0111900707110606,1.0,1.0,消费调查/results/mpc_allx_screen/all_screen_results.csv,862,c2e3b71621f77b82766e70a3888c409b7256dd33,Figure4,"six approved all-X families: one omnibus per representation, including unsupported factors; no new standardization"
q16_fut_society_z,ordinal,cash,1798,1798,5497,constructed,subjective,numeric,ok,,150,-0.0479328074280741,0.0484299782047004,-0.142855564709287,0.0469899498531386,0.9795738558729276,1.0,0.322304036928126,[-0.04793280742807419],[0.048429978204700436],-0.0479328074280741,-0.0479328074280741,1.0,1.0,消费调查/results/mpc_allx_screen/all_screen_results.csv,865,c2e3b71621f77b82766e70a3888c409b7256dd33,Figure4,"six approved all-X families: one omnibus per representation, including unsupported factors; no new standardization"
q16_fut_society_z,ordinal,rc,5497,1798,5497,constructed,subjective,numeric,ok,,150,0.06437662428714,0.0592900324457171,-0.0518318393064656,0.1805850878807456,1.178943585200296,1.0,0.2775711655661655,[0.06437662428714001],[0.059290032445717185],0.06437662428714,0.06437662428714,0.9999430580494532,1.0,消费调查/results/mpc_allx_screen/all_screen_results.csv,866,c2e3b71621f77b82766e70a3888c409b7256dd33,Figure4,"six approved all-X families: one omnibus per representation, including unsupported factors; no new standardization"
q16_fut_society_z,midpoint,cash,1798,1798,5497,constructed,subjective,numeric,ok,,150,-0.0029160145601356,0.0082314090593285,-0.0190495763164196,0.0132175471961482,0.1254963247531165,1.0,0.7231480849794382,[-0.002916014560135658],[0.00823140905932855],-0.0029160145601356,-0.0029160145601356,0.8695302407980895,1.0,消费调查/results/mpc_allx_screen/all_screen_results.csv,869,c2e3b71621f77b82766e70a3888c409b7256dd33,Figure4,"six approved all-X families: one omnibus per representation, including unsupported factors; no new standardization"
q16_fut_society_z,midpoint,rc,5497,1798,5497,constructed,subjective,numeric,ok,,150,0.0047152026108919,0.0100292773008494,-0.0149421808987728,0.0243725861205568,0.2210351991865696,1.0,0.6382522780889959,[0.004715202610891971],[0.010029277300849411],0.0047152026108919,0.0047152026108919,0.9497995928172313,1.0,消费调查/results/mpc_allx_screen/all_screen_results.csv,870,c2e3b71621f77b82766e70a3888c409b7256dd33,Figure4,"six approved all-X families: one omnibus per representation, including unsupported factors; no new standardization"
q16_fut_society_z,top75,cash,1798,1798,5497,constructed,subjective,numeric,ok,,150,-0.005404871108889,0.0090594711132811,-0.0231614344909201,0.0123516922731419,0.3559303275755054,1.0,0.5507751610058789,[-0.005404871108889055],[0.00905947111328115],-0.005404871108889,-0.005404871108889,0.9771123683502926,1.0,消费调查/results/mpc_allx_screen/all_screen_results.csv,873,c2e3b71621f77b82766e70a3888c409b7256dd33,Figure4,"six approved all-X families: one omnibus per representation, including unsupported factors; no new standardization"
q16_fut_society_z,top75,rc,5497,1798,5497,constructed,subjective,numeric,ok,,150,0.0083793878027101,0.0108932051571864,-0.0129712943053752,0.0297300699107955,0.5917158662075374,1.0,0.4417563699108605,[0.00837938780271016],[0.01089320515718644],0.0083793878027101,0.0083793878027101,1.0,1.0,消费调查/results/mpc_allx_screen/all_screen_results.csv,874,c2e3b71621f77b82766e70a3888c409b7256dd33,Figure4,"six approved all-X families: one omnibus per representation, including unsupported factors; no new standardization"
q17a_fut_econ_z,ordinal,cash,1798,1798,5497,constructed,subjective,numeric,ok,,150,0.0311793650316649,0.0487140571172041,-0.0643001869180551,0.1266589169813851,0.409662235942811,1.0,0.5221409908336696,[0.03117936503166499],[0.048714057117204154],0.0311793650316649,0.0311793650316649,1.0,1.0,消费调查/results/mpc_allx_screen/all_screen_results.csv,877,c2e3b71621f77b82766e70a3888c409b7256dd33,Figure4,"six approved all-X families: one omnibus per representation, including unsupported factors; no new standardization"
q17a_fut_econ_z,ordinal,rc,5497,1798,5497,constructed,subjective,numeric,ok,,150,-0.0325070823870341,0.0590913171001321,-0.1483260639032932,0.0833118991292249,0.3026276765597231,1.0,0.5822397738039866,[-0.03250708238703416],[0.059091317100132185],-0.0325070823870341,-0.0325070823870341,0.9999430580494532,1.0,消费调查/results/mpc_allx_screen/all_screen_results.csv,878,c2e3b71621f77b82766e70a3888c409b7256dd33,Figure4,"six approved all-X families: one omnibus per representation, including unsupported factors; no new standardization"
q17a_fut_econ_z,midpoint,cash,1798,1798,5497,constructed,subjective,numeric,ok,,150,0.0099571033319781,0.0083392000897062,-0.0063877288438459,0.0263019355078023,1.4256641849273588,1.0,0.2324733512163959,[0.009957103331978174],[0.008339200089706207],0.0099571033319781,0.0099571033319781,0.8695302407980895,1.0,消费调查/results/mpc_allx_screen/all_screen_results.csv,881,c2e3b71621f77b82766e70a3888c409b7256dd33,Figure4,"six approved all-X families: one omnibus per representation, including unsupported factors; no new standardization"
q17a_fut_econ_z,midpoint,rc,5497,1798,5497,constructed,subjective,numeric,ok,,150,-0.0098856016278429,0.0100017715672113,-0.0294890738995771,0.0097178706438912,0.9769050341990032,1.0,0.3229640997003343,[-0.009885601627842971],[0.010001771567211324],-0.0098856016278429,-0.0098856016278429,0.9497995928172313,1.0,消费调查/results/mpc_allx_screen/all_screen_results.csv,882,c2e3b71621f77b82766e70a3888c409b7256dd33,Figure4,"six approved all-X families: one omnibus per representation, including unsupported factors; no new standardization"
q17a_fut_econ_z,top75,cash,1798,1798,5497,constructed,subjective,numeric,ok,,150,0.0111030061898296,0.0094034215699246,-0.0073277000872226,0.029533712466882,1.3941495104710702,1.0,0.2377055947144641,[0.011103006189829678],[0.009403421569924672],0.0111030061898296,0.0111030061898296,0.9771123683502926,1.0,消费调查/results/mpc_allx_screen/all_screen_results.csv,885,c2e3b71621f77b82766e70a3888c409b7256dd33,Figure4,"six approved all-X families: one omnibus per representation, including unsupported factors; no new standardization"
q17a_fut_econ_z,top75,rc,5497,1798,5497,constructed,subjective,numeric,ok,,150,-0.0089215594102752,0.0110273696323677,-0.030535203889716,0.0126920850691655,0.6545422415219514,1.0,0.4184933755943495,[-0.00892155941027525],[0.01102736963236777],-0.0089215594102752,-0.0089215594102752,1.0,1.0,消费调查/results/mpc_allx_screen/all_screen_results.csv,886,c2e3b71621f77b82766e70a3888c409b7256dd33,Figure4,"six approved all-X families: one omnibus per representation, including unsupported factors; no new standardization"
q17b_fut_job_z,ordinal,cash,1798,1798,5497,constructed,subjective,numeric,ok,,150,0.0242615282366777,0.0491697992239065,-0.0721112782421791,0.1206343347155346,0.2434666261041779,1.0,0.621713470002259,[0.024261528236677727],[0.04916979922390659],0.0242615282366777,0.0242615282366777,1.0,1.0,消费调查/results/mpc_allx_screen/all_screen_results.csv,889,c2e3b71621f77b82766e70a3888c409b7256dd33,Figure4,"six approved all-X families: one omnibus per representation, including unsupported factors; no new standardization"
q17b_fut_job_z,ordinal,rc,5497,1798,5497,constructed,subjective,numeric,ok,,150,-0.0269742672511471,0.0591208547650435,-0.1428511425906325,0.0889026080883383,0.2081698854258123,1.0,0.6482056260717843,[-0.026974267251147127],[0.059120854765043585],-0.0269742672511471,-0.0269742672511471,0.9999430580494532,1.0,消费调查/results/mpc_allx_screen/all_screen_results.csv,890,c2e3b71621f77b82766e70a3888c409b7256dd33,Figure4,"six approved all-X families: one omnibus per representation, including unsupported factors; no new standardization"
q17b_fut_job_z,midpoint,cash,1798,1798,5497,constructed,subjective,numeric,ok,,150,0.0077132123246553,0.0084043156842328,-0.008759246416441,0.0241856710657517,0.8422981734099065,1.0,0.3587403182533,[0.007713212324655331],[0.00840431568423285],0.0077132123246553,0.0077132123246553,0.8695302407980895,1.0,消费调查/results/mpc_allx_screen/all_screen_results.csv,893,c2e3b71621f77b82766e70a3888c409b7256dd33,Figure4,"six approved all-X families: one omnibus per representation, including unsupported factors; no new standardization"
q17b_fut_job_z,midpoint,rc,5497,1798,5497,constructed,subjective,numeric,ok,,150,-0.0090622356355486,0.0100025655151962,-0.0286672640453333,0.010542792774236,0.8208199279170915,1.0,0.3649405472244358,[-0.009062235635548628],[0.010002565515196285],-0.0090622356355486,-0.0090622356355486,0.9497995928172313,1.0,消费调查/results/mpc_allx_screen/all_screen_results.csv,894,c2e3b71621f77b82766e70a3888c409b7256dd33,Figure4,"six approved all-X families: one omnibus per representation, including unsupported factors; no new standardization"
q17b_fut_job_z,top75,cash,1798,1798,5497,constructed,subjective,numeric,ok,,150,0.0045033974334725,0.0094375018755436,-0.0139941062425929,0.0230009011095381,0.2277017928177754,1.0,0.6332331753371159,[0.004503397433472581],[0.009437501875543652],0.0045033974334725,0.0045033974334725,0.9771123683502926,1.0,消费调查/results/mpc_allx_screen/all_screen_results.csv,897,c2e3b71621f77b82766e70a3888c409b7256dd33,Figure4,"six approved all-X families: one omnibus per representation, including unsupported factors; no new standardization"
q17b_fut_job_z,top75,rc,5497,1798,5497,constructed,subjective,numeric,ok,,150,-0.0065999036750307,0.0109823619363432,-0.0281253330702635,0.0149255257202019,0.3611467322780525,1.0,0.5478700585270859,[-0.006599903675030776],[0.010982361936343239],-0.0065999036750307,-0.0065999036750307,1.0,1.0,消费调查/results/mpc_allx_screen/all_screen_results.csv,898,c2e3b71621f77b82766e70a3888c409b7256dd33,Figure4,"six approved all-X families: one omnibus per representation, including unsupported factors; no new standardization"
q17c_fut_price_z,ordinal,cash,1798,1798,5497,constructed,subjective,numeric,ok,,150,0.0189083656771363,0.0485488763696155,-0.0762474320073101,0.1140641633615829,0.1516874392066422,1.0,0.696927968646782,[0.018908365677136378],[0.04854887636961557],0.0189083656771363,0.0189083656771363,1.0,1.0,消费调查/results/mpc_allx_screen/all_screen_results.csv,901,c2e3b71621f77b82766e70a3888c409b7256dd33,Figure4,"six approved all-X families: one omnibus per representation, including unsupported factors; no new standardization"
q17c_fut_price_z,ordinal,rc,5497,1798,5497,constructed,subjective,numeric,ok,,150,-0.02053639025103,0.0586554289891251,-0.1355010310697154,0.0944282505676552,0.122583434841359,1.0,0.7262492629723454,[-0.02053639025103008],[0.05865542898912517],-0.02053639025103,-0.02053639025103,0.9999430580494532,1.0,消费调查/results/mpc_allx_screen/all_screen_results.csv,902,c2e3b71621f77b82766e70a3888c409b7256dd33,Figure4,"six approved all-X families: one omnibus per representation, including unsupported factors; no new standardization"
q17c_fut_price_z,midpoint,cash,1798,1798,5497,constructed,subjective,numeric,ok,,150,0.0087723140895382,0.0083369710377275,-0.0075681491444078,0.0251127773234843,1.1071635015689356,1.0,0.2926993724868738,[0.008772314089538217],[0.008336971037727596],0.0087723140895382,0.0087723140895382,0.8695302407980895,1.0,消费调查/results/mpc_allx_screen/all_screen_results.csv,905,c2e3b71621f77b82766e70a3888c409b7256dd33,Figure4,"six approved all-X families: one omnibus per representation, including unsupported factors; no new standardization"
q17c_fut_price_z,midpoint,rc,5497,1798,5497,constructed,subjective,numeric,ok,,150,-0.0096659987059387,0.0099492519763438,-0.0291665325795727,0.0098345351676952,0.9438709184799,1.0,0.3312843247251095,[-0.009665998705938749],[0.009949251976343864],-0.0096659987059387,-0.0096659987059387,0.9497995928172313,1.0,消费调查/results/mpc_allx_screen/all_screen_results.csv,906,c2e3b71621f77b82766e70a3888c409b7256dd33,Figure4,"six approved all-X families: one omnibus per representation, including unsupported factors; no new standardization"
q17c_fut_price_z,top75,cash,1798,1798,5497,constructed,subjective,numeric,ok,,150,0.0124073559985817,0.0094185931873392,-0.0060530866486031,0.0308677986457666,1.7353473173879996,1.0,0.1877294338255062,[0.012407355998581752],[0.009418593187339222],0.0124073559985817,0.0124073559985817,0.9771123683502926,1.0,消费调查/results/mpc_allx_screen/all_screen_results.csv,909,c2e3b71621f77b82766e70a3888c409b7256dd33,Figure4,"six approved all-X families: one omnibus per representation, including unsupported factors; no new standardization"
q17c_fut_price_z,top75,rc,5497,1798,5497,constructed,subjective,numeric,ok,,150,-0.0103904550179552,0.0109489469395312,-0.0318503910194365,0.011069480983526,0.9005844230210143,1.0,0.3426250541949402,[-0.010390455017955238],[0.01094894693953126],-0.0103904550179552,-0.0103904550179552,1.0,1.0,消费调查/results/mpc_allx_screen/all_screen_results.csv,910,c2e3b71621f77b82766e70a3888c409b7256dd33,Figure4,"six approved all-X families: one omnibus per representation, including unsupported factors; no new standardization"
q17d_fut_fair_z,ordinal,cash,1798,1798,5497,constructed,subjective,numeric,ok,,150,0.0108895857997041,0.0492400539368172,-0.0856209199164576,0.107400091515866,0.0489086507691095,1.0,0.8249733013196463,[0.010889585799704182],[0.049240053936817255],0.0108895857997041,0.0108895857997041,1.0,1.0,消费调查/results/mpc_allx_screen/all_screen_results.csv,913,c2e3b71621f77b82766e70a3888c409b7256dd33,Figure4,"six approved all-X families: one omnibus per representation, including unsupported factors; no new standardization"
q17d_fut_fair_z,ordinal,rc,5497,1798,5497,constructed,subjective,numeric,ok,,150,-0.0115280327622128,0.0591795790168304,-0.1275200076352004,0.1044639421107747,0.0379460575709899,1.0,0.8455514964617704,[-0.011528032762212813],[0.05917957901683041],-0.0115280327622128,-0.0115280327622128,0.9999430580494532,1.0,消费调查/results/mpc_allx_screen/all_screen_results.csv,914,c2e3b71621f77b82766e70a3888c409b7256dd33,Figure4,"six approved all-X families: one omnibus per representation, including unsupported factors; no new standardization"
q17d_fut_fair_z,midpoint,cash,1798,1798,5497,constructed,subjective,numeric,ok,,150,0.0059979397554634,0.0084162525069158,-0.0104979151580917,0.0224937946690185,0.5078865184978508,1.0,0.4760552000877427,[0.005997939755463434],[0.00841625250691589],0.0059979397554634,0.0059979397554634,0.8695302407980895,1.0,消费调查/results/mpc_allx_screen/all_screen_results.csv,917,c2e3b71621f77b82766e70a3888c409b7256dd33,Figure4,"six approved all-X families: one omnibus per representation, including unsupported factors; no new standardization"
q17d_fut_fair_z,midpoint,rc,5497,1798,5497,constructed,subjective,numeric,ok,,150,-0.0059587341354246,0.0100037749709666,-0.0255661330785192,0.0136486648076699,0.3547972045774411,1.0,0.5514100305055167,[-0.005958734135424623],[0.010003774970966623],-0.0059587341354246,-0.0059587341354246,0.9497995928172313,1.0,消费调查/results/mpc_allx_screen/all_screen_results.csv,918,c2e3b71621f77b82766e70a3888c409b7256dd33,Figure4,"six approved all-X families: one omnibus per representation, including unsupported factors; no new standardization"
q17d_fut_fair_z,top75,cash,1798,1798,5497,constructed,subjective,numeric,ok,,150,0.0052266470628053,0.0092622437426059,-0.0129273506727024,0.023380644798313,0.3184299716958548,1.0,0.5725527055754867,[0.005226647062805347],[0.009262243742605996],0.0052266470628053,0.0052266470628053,0.9771123683502926,1.0,消费调查/results/mpc_allx_screen/all_screen_results.csv,921,c2e3b71621f77b82766e70a3888c409b7256dd33,Figure4,"six approved all-X families: one omnibus per representation, including unsupported factors; no new standardization"
q17d_fut_fair_z,top75,rc,5497,1798,5497,constructed,subjective,numeric,ok,,150,-0.0024335735398933,0.0107852794079231,-0.0235727211794227,0.018705574099636,0.0509127022300535,1.0,0.8214826467659616,[-0.0024335735398933215],[0.010785279407923157],-0.0024335735398933,-0.0024335735398933,1.0,1.0,消费调查/results/mpc_allx_screen/all_screen_results.csv,922,c2e3b71621f77b82766e70a3888c409b7256dd33,Figure4,"six approved all-X families: one omnibus per representation, including unsupported factors; no new standardization"
q17e_fut_welfare_z,ordinal,cash,1798,1798,5497,constructed,subjective,numeric,ok,,150,0.0307719309267987,0.0513102698926519,-0.069796198062799,0.1313400599163965,0.3596672544582779,1.0,0.5486910919351573,[0.030771930926798773],[0.05131026989265194],0.0307719309267987,0.0307719309267987,1.0,1.0,消费调查/results/mpc_allx_screen/all_screen_results.csv,925,c2e3b71621f77b82766e70a3888c409b7256dd33,Figure4,"six approved all-X families: one omnibus per representation, including unsupported factors; no new standardization"
q17e_fut_welfare_z,ordinal,rc,5497,1798,5497,constructed,subjective,numeric,ok,,150,-0.0077844093272367,0.0607095219132491,-0.126775072277205,0.1112062536227315,0.0164413586482601,1.0,0.8979718172186277,[-0.007784409327236752],[0.060709521913249145],-0.0077844093272367,-0.0077844093272367,0.9999430580494532,1.0,消费调查/results/mpc_allx_screen/all_screen_results.csv,926,c2e3b71621f77b82766e70a3888c409b7256dd33,Figure4,"six approved all-X families: one omnibus per representation, including unsupported factors; no new standardization"
q17e_fut_welfare_z,midpoint,cash,1798,1798,5497,constructed,subjective,numeric,ok,,150,0.0096461704038294,0.0088817324335816,-0.0077620251659905,0.0270543659736494,1.1795449290979751,1.0,0.2774486584095194,[0.009646170403829453],[0.00888173243358164],0.0096461704038294,0.0096461704038294,0.8695302407980895,1.0,消费调查/results/mpc_allx_screen/all_screen_results.csv,929,c2e3b71621f77b82766e70a3888c409b7256dd33,Figure4,"six approved all-X families: one omnibus per representation, including unsupported factors; no new standardization"
q17e_fut_welfare_z,midpoint,rc,5497,1798,5497,constructed,subjective,numeric,ok,,150,-0.0061803597384968,0.0103740999845985,-0.02651359570831,0.0141528762313163,0.354916876372941,1.0,0.5513429156075215,[-0.006180359738496873],[0.01037409998459857],-0.0061803597384968,-0.0061803597384968,0.9497995928172313,1.0,消费调查/results/mpc_allx_screen/all_screen_results.csv,930,c2e3b71621f77b82766e70a3888c409b7256dd33,Figure4,"six approved all-X families: one omnibus per representation, including unsupported factors; no new standardization"
q17e_fut_welfare_z,top75,cash,1798,1798,5497,constructed,subjective,numeric,ok,,150,0.0086070984328549,0.0100547618055961,-0.0111002347061135,0.0283144315718233,0.7327738556151213,1.0,0.3919855489150557,[0.008607098432854926],[0.010054761805596153],0.0086070984328549,0.0086070984328549,0.9771123683502926,1.0,消费调查/results/mpc_allx_screen/all_screen_results.csv,933,c2e3b71621f77b82766e70a3888c409b7256dd33,Figure4,"six approved all-X families: one omnibus per representation, including unsupported factors; no new standardization"
q17e_fut_welfare_z,top75,rc,5497,1798,5497,constructed,subjective,numeric,ok,,150,-0.0056681615142829,0.0115217541278875,-0.0282507996049425,0.0169144765763766,0.2420177547048307,1.0,0.6227525692883954,[-0.0056681615142829544],[0.011521754127887559],-0.0056681615142829,-0.0056681615142829,1.0,1.0,消费调查/results/mpc_allx_screen/all_screen_results.csv,934,c2e3b71621f77b82766e70a3888c409b7256dd33,Figure4,"six approved all-X families: one omnibus per representation, including unsupported factors; no new standardization"
q18_ses_now_z,ordinal,cash,1798,1798,5497,constructed,subjective,numeric,ok,,150,0.0183756507280845,0.0488833425045862,-0.0774357005809045,0.1141870020370736,0.1413069969311311,1.0,0.7069851223022919,[0.018375650728084524],[0.04888334250458627],0.0183756507280845,0.0183756507280845,1.0,1.0,消费调查/results/mpc_allx_screen/all_screen_results.csv,937,c2e3b71621f77b82766e70a3888c409b7256dd33,Figure4,"six approved all-X families: one omnibus per representation, including unsupported factors; no new standardization"
q18_ses_now_z,ordinal,rc,5497,1798,5497,constructed,subjective,numeric,ok,,150,-0.0192793582921653,0.0588371760973769,-0.1346002234430242,0.0960415068586934,0.1073696426990444,1.0,0.7431588650343308,[-0.019279358292165396],[0.058837176097376986],-0.0192793582921654,-0.0192793582921653,0.9999430580494532,1.0,消费调查/results/mpc_allx_screen/all_screen_results.csv,938,c2e3b71621f77b82766e70a3888c409b7256dd33,Figure4,"six approved all-X families: one omnibus per representation, including unsupported factors; no new standardization"
q18_ses_now_z,midpoint,cash,1798,1798,5497,constructed,subjective,numeric,ok,,150,0.0076665688422889,0.0082485219839308,-0.0085005342462156,0.0238336719307934,0.8638728142775713,1.0,0.3526571766706202,[0.007666568842288901],[0.008248521983930869],0.0076665688422889,0.0076665688422889,0.8695302407980895,1.0,消费调查/results/mpc_allx_screen/all_screen_results.csv,941,c2e3b71621f77b82766e70a3888c409b7256dd33,Figure4,"six approved all-X families: one omnibus per representation, including unsupported factors; no new standardization"
q18_ses_now_z,midpoint,rc,5497,1798,5497,constructed,subjective,numeric,ok,,150,-0.0080473293201714,0.0098484375223826,-0.0273502668640414,0.0112556082236986,0.6676807886018705,1.0,0.4138613600411541,[-0.008047329320171406],[0.009848437522382668],-0.0080473293201714,-0.0080473293201714,0.9497995928172313,1.0,消费调查/results/mpc_allx_screen/all_screen_results.csv,942,c2e3b71621f77b82766e70a3888c409b7256dd33,Figure4,"six approved all-X families: one omnibus per representation, including unsupported factors; no new standardization"
q18_ses_now_z,top75,cash,1798,1798,5497,constructed,subjective,numeric,ok,,150,0.0075030940273578,0.008940135956896,-0.0100195724481584,0.025025760502874,0.704356507259033,1.0,0.4013237051829479,[0.007503094027357821],[0.008940135956896054],0.0075030940273578,0.0075030940273578,0.9771123683502926,1.0,消费调查/results/mpc_allx_screen/all_screen_results.csv,945,c2e3b71621f77b82766e70a3888c409b7256dd33,Figure4,"six approved all-X families: one omnibus per representation, including unsupported factors; no new standardization"
q18_ses_now_z,top75,rc,5497,1798,5497,constructed,subjective,numeric,ok,,150,-0.0066147727777534,0.0105001145077612,-0.0271949972129655,0.0139654516574586,0.3968640777482662,1.0,0.528713237762459,[-0.006614772777753489],[0.010500114507761277],-0.0066147727777534,-0.0066147727777534,1.0,1.0,消费调查/results/mpc_allx_screen/all_screen_results.csv,946,c2e3b71621f77b82766e70a3888c409b7256dd33,Figure4,"six approved all-X families: one omnibus per representation, including unsupported factors; no new standardization"
q19_ses_past5_z,ordinal,cash,1798,1798,5497,constructed,subjective,numeric,ok,,150,0.0418400114715494,0.0494011229697671,-0.054986189549194,0.1386662124922929,0.7173150573482062,1.0,0.3970260336905762,[0.041840011471549435],[0.049401122969767106],0.0418400114715494,0.0418400114715494,1.0,1.0,消费调查/results/mpc_allx_screen/all_screen_results.csv,949,c2e3b71621f77b82766e70a3888c409b7256dd33,Figure4,"six approved all-X families: one omnibus per representation, including unsupported factors; no new standardization"
q19_ses_past5_z,ordinal,rc,5497,1798,5497,constructed,subjective,numeric,ok,,150,-0.0534313517081325,0.0589766379612216,-0.1690255621121269,0.0621628586958619,0.8207904588708924,1.0,0.3649491555862936,[-0.0534313517081325],[0.05897663796122167],-0.0534313517081325,-0.0534313517081325,0.9999430580494532,1.0,消费调查/results/mpc_allx_screen/all_screen_results.csv,950,c2e3b71621f77b82766e70a3888c409b7256dd33,Figure4,"six approved all-X families: one omnibus per representation, including unsupported factors; no new standardization"
q19_ses_past5_z,midpoint,cash,1798,1798,5497,constructed,subjective,numeric,ok,,150,0.0092374939159961,0.0083722839489452,-0.0071721826239366,0.0256471704559288,1.2173639377510803,1.0,0.2698786013207438,[0.009237493915996115],[0.00837228394894527],0.0092374939159961,0.0092374939159961,0.8695302407980895,1.0,消费调查/results/mpc_allx_screen/all_screen_results.csv,953,c2e3b71621f77b82766e70a3888c409b7256dd33,Figure4,"six approved all-X families: one omnibus per representation, including unsupported factors; no new standardization"
q19_ses_past5_z,midpoint,rc,5497,1798,5497,constructed,subjective,numeric,ok,,150,-0.0111125741441407,0.0099297457013448,-0.0305748757187766,0.008349727430495,1.2524289285739378,1.0,0.2630890716769091,[-0.011112574144140783],[0.009929745701344824],-0.0111125741441407,-0.0111125741441407,0.9497995928172313,1.0,消费调查/results/mpc_allx_screen/all_screen_results.csv,954,c2e3b71621f77b82766e70a3888c409b7256dd33,Figure4,"six approved all-X families: one omnibus per representation, including unsupported factors; no new standardization"
q19_ses_past5_z,top75,cash,1798,1798,5497,constructed,subjective,numeric,ok,,150,0.0052765887026151,0.0092067197824764,-0.0127685820710387,0.0233217594762689,0.3284707003053551,1.0,0.5665609857289337,[0.005276588702615116],[0.00920671978247644],0.0052765887026151,0.0052765887026151,0.9771123683502926,1.0,消费调查/results/mpc_allx_screen/all_screen_results.csv,957,c2e3b71621f77b82766e70a3888c409b7256dd33,Figure4,"six approved all-X families: one omnibus per representation, including unsupported factors; no new standardization"
q19_ses_past5_z,top75,rc,5497,1798,5497,constructed,subjective,numeric,ok,,150,-0.0059581430742699,0.0107482316397911,-0.0270246770882605,0.0151083909397207,0.3072895706090192,1.0,0.5793481952396635,[-0.0059581430742699],[0.01074823163979117],-0.0059581430742699,-0.0059581430742699,1.0,1.0,消费调查/results/mpc_allx_screen/all_screen_results.csv,958,c2e3b71621f77b82766e70a3888c409b7256dd33,Figure4,"six approved all-X families: one omnibus per representation, including unsupported factors; no new standardization"
q20_ses_next1_z,ordinal,cash,1798,1798,5497,constructed,subjective,numeric,ok,,150,-0.0021767398155092,0.0490289000882804,-0.0982733839885389,0.0939199043575204,0.0019711003792516,1.0,0.9645878921698472,[-0.0021767398155092084],[0.04902890008828045],-0.0021767398155092,-0.0021767398155092,1.0,1.0,消费调查/results/mpc_allx_screen/all_screen_results.csv,961,c2e3b71621f77b82766e70a3888c409b7256dd33,Figure4,"six approved all-X families: one omnibus per representation, including unsupported factors; no new standardization"
q20_ses_next1_z,ordinal,rc,5497,1798,5497,constructed,subjective,numeric,ok,,150,0.0029106825040859,0.0590066420401506,-0.1127423358946092,0.1185637009027811,0.0024332563750166,1.0,0.9606578671997208,[0.002910682504085933],[0.059006642040150624],0.0029106825040859,0.0029106825040859,0.9999430580494532,1.0,消费调查/results/mpc_allx_screen/all_screen_results.csv,962,c2e3b71621f77b82766e70a3888c409b7256dd33,Figure4,"six approved all-X families: one omnibus per representation, including unsupported factors; no new standardization"
q20_ses_next1_z,midpoint,cash,1798,1798,5497,constructed,subjective,numeric,ok,,150,0.0036296516864951,0.0083042749254769,-0.0126467271674397,0.01990603054043,0.1910409477352818,1.0,0.6620516543171051,[0.00362965168649518],[0.008304274925476996],0.0036296516864951,0.0036296516864951,0.8695302407980895,1.0,消费调查/results/mpc_allx_screen/all_screen_results.csv,965,c2e3b71621f77b82766e70a3888c409b7256dd33,Figure4,"six approved all-X families: one omnibus per representation, including unsupported factors; no new standardization"
q20_ses_next1_z,midpoint,rc,5497,1798,5497,constructed,subjective,numeric,ok,,150,-0.002300573011589,0.0099089951812624,-0.0217222035668633,0.0171210575436852,0.0539029838934036,1.0,0.8164058522673676,[-0.002300573011589073],[0.009908995181262406],-0.002300573011589,-0.002300573011589,0.9497995928172313,1.0,消费调查/results/mpc_allx_screen/all_screen_results.csv,966,c2e3b71621f77b82766e70a3888c409b7256dd33,Figure4,"six approved all-X families: one omnibus per representation, including unsupported factors; no new standardization"
q20_ses_next1_z,top75,cash,1798,1798,5497,constructed,subjective,numeric,ok,,150,0.000259863099914,0.0089868765552223,-0.0173544149483217,0.0178741411481497,0.0008361259016426,1.0,0.9769317110495488,[0.00025986309991401883],[0.008986876555222323],0.000259863099914,0.000259863099914,1.0,1.0,消费调查/results/mpc_allx_screen/all_screen_results.csv,969,c2e3b71621f77b82766e70a3888c409b7256dd33,Figure4,"six approved all-X families: one omnibus per representation, including unsupported factors; no new standardization"
q20_ses_next1_z,top75,rc,5497,1798,5497,constructed,subjective,numeric,ok,,150,0.0048283757536355,0.0105529850892509,-0.0158554750212962,0.0255122265285674,0.20933963941075,1.0,0.6472854808523638,[0.004828375753635593],[0.01055298508925096],0.0048283757536355,0.0048283757536355,1.0,1.0,消费调查/results/mpc_allx_screen/all_screen_results.csv,970,c2e3b71621f77b82766e70a3888c409b7256dd33,Figure4,"six approved all-X families: one omnibus per representation, including unsupported factors; no new standardization"
q21_order_z,ordinal,cash,1798,1798,5497,constructed,subjective,numeric,ok,,150,-0.0079745315214957,0.0482698991080398,-0.1025835337732538,0.0866344707302623,0.0272933959703163,1.0,0.8687809530536019,[-0.007974531521495739],[0.04826989910803984],-0.0079745315214957,-0.0079745315214957,1.0,1.0,消费调查/results/mpc_allx_screen/all_screen_results.csv,973,c2e3b71621f77b82766e70a3888c409b7256dd33,Figure4,"six approved all-X families: one omnibus per representation, including unsupported factors; no new standardization"
q21_order_z,ordinal,rc,5497,1798,5497,constructed,subjective,numeric,ok,,150,0.021871084944408,0.0585427430194523,-0.0928726913737185,0.1366148612625347,0.1395707845638405,1.0,0.7087080838314255,[0.021871084944408085],[0.05854274301945239],0.021871084944408,0.021871084944408,0.9999430580494532,1.0,消费调查/results/mpc_allx_screen/all_screen_results.csv,974,c2e3b71621f77b82766e70a3888c409b7256dd33,Figure4,"six approved all-X families: one omnibus per representation, including unsupported factors; no new standardization"
q21_order_z,midpoint,cash,1798,1798,5497,constructed,subjective,numeric,ok,,150,0.0016749527328157,0.0082535318313636,-0.014501969656657,0.0178518751222884,0.041183708413339,1.0,0.8391837302067694,[0.0016749527328157158],[0.008253531831363648],0.0016749527328157,0.0016749527328157,0.9199826046598968,1.0,消费调查/results/mpc_allx_screen/all_screen_results.csv,977,c2e3b71621f77b82766e70a3888c409b7256dd33,Figure4,"six approved all-X families: one omnibus per representation, including unsupported factors; no new standardization"
q21_order_z,midpoint,rc,5497,1798,5497,constructed,subjective,numeric,ok,,150,0.0011456089488451,0.0099212764033313,-0.0183000928016843,0.0205913106993745,0.0133333014065338,1.0,0.9080726648283436,[0.0011456089488451223],[0.009921276403331339],0.0011456089488451,0.0011456089488451,0.9660347498173868,1.0,消费调查/results/mpc_allx_screen/all_screen_results.csv,978,c2e3b71621f77b82766e70a3888c409b7256dd33,Figure4,"six approved all-X families: one omnibus per representation, including unsupported factors; no new standardization"
q21_order_z,top75,cash,1798,1798,5497,constructed,subjective,numeric,ok,,150,-0.0031952813302352,0.0091451386014858,-0.0211197529891476,0.014729190328677,0.1220780602239077,1.0,0.7267915037120953,[-0.003195281330235291],[0.009145138601485893],-0.0031952813302352,-0.0031952813302352,0.9771123683502926,1.0,消费调查/results/mpc_allx_screen/all_screen_results.csv,981,c2e3b71621f77b82766e70a3888c409b7256dd33,Figure4,"six approved all-X families: one omnibus per representation, including unsupported factors; no new standardization"
q21_order_z,top75,rc,5497,1798,5497,constructed,subjective,numeric,ok,,150,0.0066973261866955,0.0108145604913757,-0.014499212376401,0.027893864749792,0.3835174722288076,1.0,0.5357267306134863,[0.006697326186695518],[0.010814560491375792],0.0066973261866955,0.0066973261866955,1.0,1.0,消费调查/results/mpc_allx_screen/all_screen_results.csv,982,c2e3b71621f77b82766e70a3888c409b7256dd33,Figure4,"six approved all-X families: one omnibus per representation, including unsupported factors; no new standardization"
q22_vitality_z,ordinal,cash,1798,1798,5497,constructed,subjective,numeric,ok,,150,0.0096825289918473,0.0492073613270426,-0.0867638992091561,0.1061289571928508,0.0387184049366543,1.0,0.8440075842552848,[0.00968252899184735],[0.04920736132704262],0.0096825289918473,0.0096825289918473,1.0,1.0,消费调查/results/mpc_allx_screen/all_screen_results.csv,985,c2e3b71621f77b82766e70a3888c409b7256dd33,Figure4,"six approved all-X families: one omnibus per representation, including unsupported factors; no new standardization"
q22_vitality_z,ordinal,rc,5497,1798,5497,constructed,subjective,numeric,ok,,150,-0.0103264190205028,0.0595507421969175,-0.1270458737264612,0.1063930356854554,0.030069425466804,1.0,0.8623327973241403,[-0.010326419020502894],[0.059550742196917514],-0.0103264190205028,-0.0103264190205028,0.9999430580494532,1.0,消费调查/results/mpc_allx_screen/all_screen_results.csv,986,c2e3b71621f77b82766e70a3888c409b7256dd33,Figure4,"six approved all-X families: one omnibus per representation, including unsupported factors; no new standardization"
q22_vitality_z,midpoint,cash,1798,1798,5497,constructed,subjective,numeric,ok,,150,0.003374609126688,0.0084306685539912,-0.0131495012391347,0.0198987194925109,0.1602222853969413,1.0,0.6889519464915257,[0.003374609126688092],[0.008430668553991237],0.003374609126688,0.003374609126688,0.8695302407980895,1.0,消费调查/results/mpc_allx_screen/all_screen_results.csv,989,c2e3b71621f77b82766e70a3888c409b7256dd33,Figure4,"six approved all-X families: one omnibus per representation, including unsupported factors; no new standardization"
q22_vitality_z,midpoint,rc,5497,1798,5497,constructed,subjective,numeric,ok,,150,-0.0044861435405705,0.0100976949432973,-0.0242776256294333,0.0153053385482923,0.1973794062001603,1.0,0.6568444810386911,[-0.004486143540570519],[0.010097694943297375],-0.0044861435405705,-0.0044861435405705,0.9497995928172313,1.0,消费调查/results/mpc_allx_screen/all_screen_results.csv,990,c2e3b71621f77b82766e70a3888c409b7256dd33,Figure4,"six approved all-X families: one omnibus per representation, including unsupported factors; no new standardization"
q22_vitality_z,top75,cash,1798,1798,5497,constructed,subjective,numeric,ok,,150,-0.0029103404708401,0.0095830573999979,-0.0216931329748361,0.0158724520331558,0.0922315311004972,1.0,0.7613591661488496,[-0.002910340470840161],[0.009583057399997963],-0.0029103404708401,-0.0029103404708401,0.9835998940755498,1.0,消费调查/results/mpc_allx_screen/all_screen_results.csv,993,c2e3b71621f77b82766e70a3888c409b7256dd33,Figure4,"six approved all-X families: one omnibus per representation, including unsupported factors; no new standardization"
q22_vitality_z,top75,rc,5497,1798,5497,constructed,subjective,numeric,ok,,150,0.0006673691941269,0.0111605828961058,-0.0212073732822404,0.0225421116704942,0.0035756792661116,1.0,0.952317327895408,[0.0006673691941269239],[0.011160582896105801],0.0006673691941269,0.0006673691941269,1.0,1.0,消费调查/results/mpc_allx_screen/all_screen_results.csv,994,c2e3b71621f77b82766e70a3888c409b7256dd33,Figure4,"six approved all-X families: one omnibus per representation, including unsupported factors; no new standardization"
q43_edu_z,ordinal,cash,1798,1798,5497,constructed,objective,numeric,ok,,150,-0.0222895692158085,0.0480801135908073,-0.1165265918537909,0.0719474534221738,0.2149177969380509,1.0,0.6429398904016339,[-0.022289569215808536],[0.048080113590807355],-0.0222895692158085,-0.0222895692158085,1.0,1.0,消费调查/results/mpc_allx_screen/all_screen_results.csv,997,c2e3b71621f77b82766e70a3888c409b7256dd33,Figure4,"six approved all-X families: one omnibus per representation, including unsupported factors; no new standardization"
q43_edu_z,ordinal,rc,5497,1798,5497,constructed,objective,numeric,ok,,150,0.0557973981542929,0.0574291739106203,-0.0567637827105228,0.1683585790191088,0.9439799235416332,1.0,0.3312564046173986,[0.05579739815429298],[0.057429173910620336],0.0557973981542929,0.0557973981542929,0.9999430580494532,1.0,消费调查/results/mpc_allx_screen/all_screen_results.csv,998,c2e3b71621f77b82766e70a3888c409b7256dd33,Figure4,"six approved all-X families: one omnibus per representation, including unsupported factors; no new standardization"
q43_edu_z,midpoint,cash,1798,1798,5497,constructed,objective,numeric,ok,,150,-0.00430923011244,0.0082575192555041,-0.0204939678532281,0.011875507628348,0.2723329445450956,1.0,0.6017710894876834,[-0.004309230112440051],[0.008257519255504144],-0.00430923011244,-0.00430923011244,0.8695302407980895,1.0,消费调查/results/mpc_allx_screen/all_screen_results.csv,1001,c2e3b71621f77b82766e70a3888c409b7256dd33,Figure4,"six approved all-X families: one omnibus per representation, including unsupported factors; no new standardization"
q43_edu_z,midpoint,rc,5497,1798,5497,constructed,objective,numeric,ok,,150,0.0085245390186692,0.0097273820552545,-0.0105411298096297,0.0275902078469681,0.767979908834062,1.0,0.3808427100555409,[0.0085245390186692],[0.009727382055254573],0.0085245390186692,0.0085245390186692,0.9497995928172313,1.0,消费调查/results/mpc_allx_screen/all_screen_results.csv,1002,c2e3b71621f77b82766e70a3888c409b7256dd33,Figure4,"six approved all-X families: one omnibus per representation, including unsupported factors; no new standardization"
q43_edu_z,top75,cash,1798,1798,5497,constructed,objective,numeric,ok,,150,-0.0037706457053212,0.0090593439469337,-0.0215269598413113,0.0139856684306688,0.1732359245208708,1.0,0.6772518070019089,[-0.0037706457053212367],[0.009059343946933734],-0.0037706457053212,-0.0037706457053212,0.9771123683502926,1.0,消费调查/results/mpc_allx_screen/all_screen_results.csv,1005,c2e3b71621f77b82766e70a3888c409b7256dd33,Figure4,"six approved all-X families: one omnibus per representation, including unsupported factors; no new standardization"
q43_edu_z,top75,rc,5497,1798,5497,constructed,objective,numeric,ok,,150,0.0068915555739541,0.0104756029574276,-0.013640626222604,0.0274237373705124,0.4327892513336053,1.0,0.5106234694386427,[0.006891555573954197],[0.010475602957427695],0.0068915555739541,0.0068915555739541,1.0,1.0,消费调查/results/mpc_allx_screen/all_screen_results.csv,1006,c2e3b71621f77b82766e70a3888c409b7256dd33,Figure4,"six approved all-X families: one omnibus per representation, including unsupported factors; no new standardization"
income_h_z,ordinal,cash,1798,1798,5497,constructed,objective,numeric,ok,,150,0.0426454255823094,0.0486974162823288,-0.052801510331055,0.138092361495674,0.7668899851948462,1.0,0.3811808831233233,[0.04264542558230945],[0.048697416282328855],0.0426454255823094,0.0426454255823094,1.0,1.0,消费调查/results/mpc_allx_screen/all_screen_results.csv,1009,c2e3b71621f77b82766e70a3888c409b7256dd33,Figure4,"six approved all-X families: one omnibus per representation, including unsupported factors; no new standardization"
income_h_z,ordinal,rc,5497,1798,5497,constructed,objective,numeric,ok,,150,-0.0226865004042555,0.0583512300190579,-0.137054911241609,0.0916819104330979,0.1511593389666056,1.0,0.6974299053588336,[-0.022686500404255537],[0.0583512300190579],-0.0226865004042555,-0.0226865004042555,0.9999430580494532,1.0,消费调查/results/mpc_allx_screen/all_screen_results.csv,1010,c2e3b71621f77b82766e70a3888c409b7256dd33,Figure4,"six approved all-X families: one omnibus per representation, including unsupported factors; no new standardization"
income_h_z,midpoint,cash,1798,1798,5497,constructed,objective,numeric,ok,,150,0.0089824282499769,0.0084791185211811,-0.007636644051538,0.0256015005514919,1.1222409242892282,1.0,0.2894364362132757,[0.008982428249976948],[0.008479118521181142],0.0089824282499769,0.0089824282499769,0.8695302407980895,1.0,消费调查/results/mpc_allx_screen/all_screen_results.csv,1013,c2e3b71621f77b82766e70a3888c409b7256dd33,Figure4,"six approved all-X families: one omnibus per representation, including unsupported factors; no new standardization"
income_h_z,midpoint,rc,5497,1798,5497,constructed,objective,numeric,ok,,150,-0.0065808603705294,0.0099876162023575,-0.0261565881271501,0.0129948673860913,0.4341518561019284,1.0,0.5099586963708198,[-0.0065808603705294014],[0.009987616202357505],-0.0065808603705294,-0.0065808603705294,0.9497995928172313,1.0,消费调查/results/mpc_allx_screen/all_screen_results.csv,1014,c2e3b71621f77b82766e70a3888c409b7256dd33,Figure4,"six approved all-X families: one omnibus per representation, including unsupported factors; no new standardization"
income_h_z,top75,cash,1798,1798,5497,constructed,objective,numeric,ok,,150,0.0112864994819865,0.0095454326472004,-0.0074225485065263,0.0299955474704995,1.3980647853390171,1.0,0.2370478575111535,[0.011286499481986593],[0.009545432647200484],0.0112864994819865,0.0112864994819865,0.9771123683502926,1.0,消费调查/results/mpc_allx_screen/all_screen_results.csv,1017,c2e3b71621f77b82766e70a3888c409b7256dd33,Figure4,"six approved all-X families: one omnibus per representation, including unsupported factors; no new standardization"
income_h_z,top75,rc,5497,1798,5497,constructed,objective,numeric,ok,,150,-0.0107062167175824,0.0109334742777736,-0.0321358263020187,0.0107233928668538,0.958861067355268,1.0,0.3274739979474718,[-0.010706216717582458],[0.010933474277773626],-0.0107062167175824,-0.0107062167175824,1.0,1.0,消费调查/results/mpc_allx_screen/all_screen_results.csv,1018,c2e3b71621f77b82766e70a3888c409b7256dd33,Figure4,"six approved all-X families: one omnibus per representation, including unsupported factors; no new standardization"
q28_hhsize_z,ordinal,cash,1798,1798,5497,constructed,objective,numeric,ok,,150,0.0280507773747568,0.0464670705884032,-0.0630246809785135,0.1191262357280272,0.3644174915739466,1.0,0.5460630508338298,[0.02805077737475687],[0.04646707058840326],0.0280507773747568,0.0280507773747568,1.0,1.0,消费调查/results/mpc_allx_screen/all_screen_results.csv,1021,c2e3b71621f77b82766e70a3888c409b7256dd33,Figure4,"six approved all-X families: one omnibus per representation, including unsupported factors; no new standardization"
q28_hhsize_z,ordinal,rc,5497,1798,5497,constructed,objective,numeric,ok,,150,0.0091032398137049,0.0561641151314846,-0.1009784258440049,0.1191849054714148,0.0262708500647993,1.0,0.8712406118160075,[0.009103239813704946],[0.05616411513148465],0.0091032398137049,0.0091032398137049,0.9999430580494532,1.0,消费调查/results/mpc_allx_screen/all_screen_results.csv,1022,c2e3b71621f77b82766e70a3888c409b7256dd33,Figure4,"six approved all-X families: one omnibus per representation, including unsupported factors; no new standardization"
q28_hhsize_z,midpoint,cash,1798,1798,5497,constructed,objective,numeric,ok,,150,0.0037054477273549,0.0080166332101687,-0.0120071533645757,0.0194180488192856,0.2136472736195835,1.0,0.6439236047574413,[0.003705447727354939],[0.008016633210168739],0.0037054477273549,0.0037054477273549,0.8695302407980895,1.0,消费调查/results/mpc_allx_screen/all_screen_results.csv,1025,c2e3b71621f77b82766e70a3888c409b7256dd33,Figure4,"six approved all-X families: one omnibus per representation, including unsupported factors; no new standardization"
q28_hhsize_z,midpoint,rc,5497,1798,5497,constructed,objective,numeric,ok,,150,0.0037360654113438,0.0095775795841253,-0.0150359905735418,0.0225081213962294,0.152165922684277,1.0,0.6964740587245281,[0.0037360654113438056],[0.009577579584125315],0.0037360654113438,0.0037360654113438,0.9497995928172313,1.0,消费调查/results/mpc_allx_screen/all_screen_results.csv,1026,c2e3b71621f77b82766e70a3888c409b7256dd33,Figure4,"six approved all-X families: one omnibus per representation, including unsupported factors; no new standardization"
q28_hhsize_z,top75,cash,1798,1798,5497,constructed,objective,numeric,ok,,150,0.0027656017448888,0.0088600899375957,-0.0146001745327987,0.0201313780225764,0.0974323147280931,1.0,0.7549329901336854,[0.002765601744888809],[0.00886008993759572],0.0027656017448888,0.0027656017448888,0.9835998940755498,1.0,消费调查/results/mpc_allx_screen/all_screen_results.csv,1029,c2e3b71621f77b82766e70a3888c409b7256dd33,Figure4,"six approved all-X families: one omnibus per representation, including unsupported factors; no new standardization"
q28_hhsize_z,top75,rc,5497,1798,5497,constructed,objective,numeric,ok,,150,0.0020296547981857,0.0104080712740104,-0.0183701648988746,0.0224294744952461,0.0380280314485677,1.0,0.8453868626343722,[0.002029654798185721],[0.010408071274010404],0.0020296547981857,0.0020296547981857,1.0,1.0,消费调查/results/mpc_allx_screen/all_screen_results.csv,1030,c2e3b71621f77b82766e70a3888c409b7256dd33,Figure4,"six approved all-X families: one omnibus per representation, including unsupported factors; no new standardization"
q29_foodexp_z,ordinal,cash,1798,1798,5497,constructed,objective,numeric,ok,,150,-0.0003386033603149,0.0475469775720017,-0.0935306794014384,0.0928534726808086,5.071503119606744e-05,1.0,0.9943179540811684,[-0.00033860336031490924],[0.04754697757200179],-0.0003386033603149,-0.0003386033603149,1.0,1.0,消费调查/results/mpc_allx_screen/all_screen_results.csv,1033,c2e3b71621f77b82766e70a3888c409b7256dd33,Figure4,"six approved all-X families: one omnibus per representation, including unsupported factors; no new standardization"
q29_foodexp_z,ordinal,rc,5497,1798,5497,constructed,objective,numeric,ok,,150,0.0219690784625646,0.0573496962458589,-0.0904363261793188,0.1343744831044482,0.1467443658845556,1.0,0.701666177818193,[0.021969078462564698],[0.05734969624585892],0.0219690784625646,0.0219690784625646,0.9999430580494532,1.0,消费调查/results/mpc_allx_screen/all_screen_results.csv,1034,c2e3b71621f77b82766e70a3888c409b7256dd33,Figure4,"six approved all-X families: one omnibus per representation, including unsupported factors; no new standardization"
q29_foodexp_z,midpoint,cash,1798,1798,5497,constructed,objective,numeric,ok,,150,-0.001349088044267,0.0083370587140723,-0.0176897231238488,0.0149915470353147,0.026185137997858,1.0,0.8714490005839182,[-0.0013490880442670258],[0.008337058714072356],-0.001349088044267,-0.001349088044267,0.9199826046598968,1.0,消费调查/results/mpc_allx_screen/all_screen_results.csv,1037,c2e3b71621f77b82766e70a3888c409b7256dd33,Figure4,"six approved all-X families: one omnibus per representation, including unsupported factors; no new standardization"
q29_foodexp_z,midpoint,rc,5497,1798,5497,constructed,objective,numeric,ok,,150,0.0042869406239802,0.0099461545417937,-0.0152075222779355,0.0237814035258961,0.1857738283143918,1.0,0.6664575497694832,[0.004286940623980298],[0.009946154541793794],0.0042869406239802,0.0042869406239802,0.9497995928172313,1.0,消费调查/results/mpc_allx_screen/all_screen_results.csv,1038,c2e3b71621f77b82766e70a3888c409b7256dd33,Figure4,"six approved all-X families: one omnibus per representation, including unsupported factors; no new standardization"
q29_foodexp_z,top75,cash,1798,1798,5497,constructed,objective,numeric,ok,,150,-0.0090318295991913,0.0096503266741354,-0.0279464698804968,0.0098828106821142,0.8759260465230404,1.0,0.3493199355972335,[-0.0090318295991913],[0.009650326674135474],-0.0090318295991913,-0.0090318295991913,0.9771123683502926,1.0,消费调查/results/mpc_allx_screen/all_screen_results.csv,1041,c2e3b71621f77b82766e70a3888c409b7256dd33,Figure4,"six approved all-X families: one omnibus per representation, including unsupported factors; no new standardization"
q29_foodexp_z,top75,rc,5497,1798,5497,constructed,objective,numeric,ok,,150,0.0092465315677126,0.0113282110196924,-0.0129567620308846,0.0314498251663099,0.666246671925403,1.0,0.4143632565897622,[0.009246531567712615],[0.011328211019692497],0.0092465315677126,0.0092465315677126,1.0,1.0,消费调查/results/mpc_allx_screen/all_screen_results.csv,1042,c2e3b71621f77b82766e70a3888c409b7256dd33,Figure4,"six approved all-X families: one omnibus per representation, including unsupported factors; no new standardization"
q30_medexp_z,ordinal,cash,1798,1798,5497,constructed,objective,numeric,ok,,150,0.0416776917068869,0.0485705416991764,-0.0535205700234989,0.1368759534372727,0.7363112251984213,1.0,0.3908450925691703,[0.041677691706886934],[0.04857054169917645],0.0416776917068869,0.0416776917068869,1.0,1.0,消费调查/results/mpc_allx_screen/all_screen_results.csv,1045,c2e3b71621f77b82766e70a3888c409b7256dd33,Figure4,"six approved all-X families: one omnibus per representation, including unsupported factors; no new standardization"
q30_medexp_z,ordinal,rc,5497,1798,5497,constructed,objective,numeric,ok,,150,0.0345051352308196,0.0586066284591529,-0.0803638565491202,0.1493741270107594,0.3466362612876524,1.0,0.5560234652273169,[0.034505135230819634],[0.05860662845915298],0.0345051352308196,0.0345051352308196,0.9999430580494532,1.0,消费调查/results/mpc_allx_screen/all_screen_results.csv,1046,c2e3b71621f77b82766e70a3888c409b7256dd33,Figure4,"six approved all-X families: one omnibus per representation, including unsupported factors; no new standardization"
q30_medexp_z,midpoint,cash,1798,1798,5497,constructed,objective,numeric,ok,,150,0.0053653362401429,0.0083939556563811,-0.011086816846364,0.02181748932665,0.4085644232782037,1.0,0.5226990481247185,[0.005365336240142999],[0.008393955656381137],0.005365336240143,0.0053653362401429,0.8695302407980895,1.0,消费调查/results/mpc_allx_screen/all_screen_results.csv,1049,c2e3b71621f77b82766e70a3888c409b7256dd33,Figure4,"six approved all-X families: one omnibus per representation, including unsupported factors; no new standardization"
q30_medexp_z,midpoint,rc,5497,1798,5497,constructed,objective,numeric,ok,,150,0.0086412563472061,0.0100435700495118,-0.0110441409498371,0.0283266536442493,0.7402485270839769,1.0,0.3895812776633522,[0.008641256347206132],[0.010043570049511865],0.0086412563472061,0.0086412563472061,0.9497995928172313,1.0,消费调查/results/mpc_allx_screen/all_screen_results.csv,1050,c2e3b71621f77b82766e70a3888c409b7256dd33,Figure4,"six approved all-X families: one omnibus per representation, including unsupported factors; no new standardization"
q30_medexp_z,top75,cash,1798,1798,5497,constructed,objective,numeric,ok,,150,-0.0036883549835414,0.0093454411807114,-0.0220054196977358,0.0146287097306528,0.1557635400136262,1.0,0.6930872581789118,[-0.00368835498354149],[0.009345441180711414],-0.0036883549835414,-0.0036883549835414,0.9771123683502926,1.0,消费调查/results/mpc_allx_screen/all_screen_results.csv,1053,c2e3b71621f77b82766e70a3888c409b7256dd33,Figure4,"six approved all-X families: one omnibus per representation, including unsupported factors; no new standardization"
q30_medexp_z,top75,rc,5497,1798,5497,constructed,objective,numeric,ok,,150,0.018061227168282,0.0110623103899527,-0.0036209011960253,0.0397433555325894,2.665648185988676,1.0,0.102536045042366,[0.01806122716828204],[0.01106231038995275],0.018061227168282,0.018061227168282,1.0,1.0,消费调查/results/mpc_allx_screen/all_screen_results.csv,1054,c2e3b71621f77b82766e70a3888c409b7256dd33,Figure4,"six approved all-X families: one omnibus per representation, including unsupported factors; no new standardization"
q49_citytier_z,ordinal,cash,1798,1798,5497,constructed,objective,numeric,ok,,150,0.0435313700428738,0.0472294844683511,-0.0490384195150943,0.136101159600842,0.8495291027223725,1.0,0.3566855864487004,[0.04353137004287384],[0.04722948446835111],0.0435313700428738,0.0435313700428738,1.0,1.0,消费调查/results/mpc_allx_screen/all_screen_results.csv,1057,c2e3b71621f77b82766e70a3888c409b7256dd33,Figure4,"six approved all-X families: one omnibus per representation, including unsupported factors; no new standardization"
q49_citytier_z,ordinal,rc,5497,1798,5497,constructed,objective,numeric,ok,,150,-0.0708387698401934,0.0560278504459197,-0.1806533567141961,0.0389758170338092,1.5985789876028016,1.0,0.2061047051970831,[-0.07083876984019345],[0.05602785044591975],-0.0708387698401934,-0.0708387698401934,0.9999430580494532,1.0,消费调查/results/mpc_allx_screen/all_screen_results.csv,1058,c2e3b71621f77b82766e70a3888c409b7256dd33,Figure4,"six approved all-X families: one omnibus per representation, including unsupported factors; no new standardization"
q49_citytier_z,midpoint,cash,1798,1798,5497,constructed,objective,numeric,ok,,150,0.005109829070327,0.0080116446749119,-0.0105929944925002,0.0208126526331543,0.4067891738279027,1.0,0.5236037091997573,[0.005109829070327039],[0.008011644674911904],0.005109829070327,0.005109829070327,0.8695302407980895,1.0,消费调查/results/mpc_allx_screen/all_screen_results.csv,1061,c2e3b71621f77b82766e70a3888c409b7256dd33,Figure4,"six approved all-X families: one omnibus per representation, including unsupported factors; no new standardization"
q49_citytier_z,midpoint,rc,5497,1798,5497,constructed,objective,numeric,ok,,150,-0.0090408888082462,0.0093977497070303,-0.0274604782340256,0.0093787006175332,0.925495918190828,1.0,0.3360360493823355,[-0.009040888808246213],[0.009397749707030343],-0.0090408888082462,-0.0090408888082462,0.9497995928172313,1.0,消费调查/results/mpc_allx_screen/all_screen_results.csv,1062,c2e3b71621f77b82766e70a3888c409b7256dd33,Figure4,"six approved all-X families: one omnibus per representation, including unsupported factors; no new standardization"
q49_citytier_z,top75,cash,1798,1798,5497,constructed,objective,numeric,ok,,150,-0.0008823210825565,0.0084663556829478,-0.0174763782211343,0.0157117360560212,0.0108607619181728,1.0,0.9169987469094028,[-0.0008823210825565425],[0.008466355682947867],-0.0008823210825565,-0.0008823210825565,1.0,1.0,消费调查/results/mpc_allx_screen/all_screen_results.csv,1065,c2e3b71621f77b82766e70a3888c409b7256dd33,Figure4,"six approved all-X families: one omnibus per representation, including unsupported factors; no new standardization"
q49_citytier_z,top75,rc,5497,1798,5497,constructed,objective,numeric,ok,,150,-0.0066053940396873,0.0097490704635368,-0.0257135721482195,0.0125027840688448,0.4590616800211796,1.0,0.4980628250136318,[-0.006605394039687347],[0.009749070463536859],-0.0066053940396873,-0.0066053940396873,1.0,1.0,消费调查/results/mpc_allx_screen/all_screen_results.csv,1066,c2e3b71621f77b82766e70a3888c409b7256dd33,Figure4,"six approved all-X families: one omnibus per representation, including unsupported factors; no new standardization"
q41_gender_z,ordinal,cash,1798,1798,5497,constructed,objective,numeric,ok,,150,-0.0316237721959149,0.0455173232904887,-0.1208377258452729,0.057590181453443,0.4826962402172182,1.0,0.4872035622487124,[-0.03162377219591497],[0.04551732329048878],-0.0316237721959149,-0.0316237721959149,1.0,1.0,消费调查/results/mpc_allx_screen/all_screen_results.csv,1069,c2e3b71621f77b82766e70a3888c409b7256dd33,Figure4,"six approved all-X families: one omnibus per representation, including unsupported factors; no new standardization"
q41_gender_z,ordinal,rc,5497,1798,5497,constructed,objective,numeric,ok,,150,0.0375744363035479,0.0550965139310407,-0.0704147310012919,0.1455636036083878,0.4650896831571985,1.0,0.495254859916289,[0.03757443630354793],[0.055096513931040765],0.0375744363035479,0.0375744363035479,0.9999430580494532,1.0,消费调查/results/mpc_allx_screen/all_screen_results.csv,1070,c2e3b71621f77b82766e70a3888c409b7256dd33,Figure4,"six approved all-X families: one omnibus per representation, including unsupported factors; no new standardization"
q41_gender_z,midpoint,cash,1798,1798,5497,constructed,objective,numeric,ok,,150,-0.0076680898411671,0.0077747434171872,-0.022906586938854,0.0075704072565198,0.972752273383762,1.0,0.3239947277841571,[-0.007668089841167119],[0.0077747434171872055],-0.0076680898411671,-0.0076680898411671,0.8695302407980895,1.0,消费调查/results/mpc_allx_screen/all_screen_results.csv,1073,c2e3b71621f77b82766e70a3888c409b7256dd33,Figure4,"six approved all-X families: one omnibus per representation, including unsupported factors; no new standardization"
q41_gender_z,midpoint,rc,5497,1798,5497,constructed,objective,numeric,ok,,150,0.0113977635734386,0.0093087273520947,-0.006847342036667,0.0296428691835443,1.4991968728678875,1.0,0.2207949775030078,[0.011397763573438632],[0.009308727352094738],0.0113977635734386,0.0113977635734386,0.9497995928172313,1.0,消费调查/results/mpc_allx_screen/all_screen_results.csv,1074,c2e3b71621f77b82766e70a3888c409b7256dd33,Figure4,"six approved all-X families: one omnibus per representation, including unsupported factors; no new standardization"
q41_gender_z,top75,cash,1798,1798,5497,constructed,objective,numeric,ok,,150,-0.0046762084888395,0.0083465160149554,-0.0210353798781523,0.0116829629004731,0.3138898480821748,1.0,0.5753029707752569,[-0.004676208488839557],[0.008346516014955487],-0.0046762084888395,-0.0046762084888395,0.9771123683502926,1.0,消费调查/results/mpc_allx_screen/all_screen_results.csv,1077,c2e3b71621f77b82766e70a3888c409b7256dd33,Figure4,"six approved all-X families: one omnibus per representation, including unsupported factors; no new standardization"
q41_gender_z,top75,rc,5497,1798,5497,constructed,objective,numeric,ok,,150,0.0181867098364178,0.0098012358348366,-0.0010237123998619,0.0373971320726976,3.4430759056826465,1.0,0.0635173377655394,[0.01818670983641786],[0.009801235834836643],0.0181867098364178,0.0181867098364178,1.0,1.0,消费调查/results/mpc_allx_screen/all_screen_results.csv,1078,c2e3b71621f77b82766e70a3888c409b7256dd33,Figure4,"six approved all-X families: one omnibus per representation, including unsupported factors; no new standardization"
q27_minorchild_z,ordinal,cash,1798,1798,5497,constructed,objective,numeric,ok,,150,-0.0597144339965363,0.045008415854086,-0.1479309290705449,0.0285020610774722,1.7602371614495818,1.0,0.184594936976326,[-0.05971443399653632],[0.045008415854086],-0.0597144339965363,-0.0597144339965363,1.0,1.0,消费调查/results/mpc_allx_screen/all_screen_results.csv,1081,c2e3b71621f77b82766e70a3888c409b7256dd33,Figure4,"six approved all-X families: one omnibus per representation, including unsupported factors; no new standardization"
q27_minorchild_z,ordinal,rc,5497,1798,5497,constructed,objective,numeric,ok,,150,0.0691497592594192,0.0547505282815656,-0.0381612761724494,0.176460794691288,1.5951617122711437,1.0,0.2065902165607664,[0.06914975925941928],[0.05475052828156569],0.0691497592594192,0.0691497592594192,0.9999430580494532,1.0,消费调查/results/mpc_allx_screen/all_screen_results.csv,1082,c2e3b71621f77b82766e70a3888c409b7256dd33,Figure4,"six approved all-X families: one omnibus per representation, including unsupported factors; no new standardization"
q27_minorchild_z,midpoint,cash,1798,1798,5497,constructed,objective,numeric,ok,,150,-0.0117752221868458,0.0076581207418089,-0.0267851388407913,0.0032346944670996,2.364252203260796,1.0,0.1241433890443277,[-0.011775222186845846],[0.007658120741808946],-0.0117752221868458,-0.0117752221868458,0.8695302407980895,1.0,消费调查/results/mpc_allx_screen/all_screen_results.csv,1085,c2e3b71621f77b82766e70a3888c409b7256dd33,Figure4,"six approved all-X families: one omnibus per representation, including unsupported factors; no new standardization"
q27_minorchild_z,midpoint,rc,5497,1798,5497,constructed,objective,numeric,ok,,150,0.0112839218245156,0.0092161898378577,-0.0067798102576854,0.0293476539067166,1.49905412415366,1.0,0.2208169577369229,[0.011283921824515606],[0.0092161898378577],0.0112839218245156,0.0112839218245156,0.9497995928172313,1.0,消费调查/results/mpc_allx_screen/all_screen_results.csv,1086,c2e3b71621f77b82766e70a3888c409b7256dd33,Figure4,"six approved all-X families: one omnibus per representation, including unsupported factors; no new standardization"
q27_minorchild_z,top75,cash,1798,1798,5497,constructed,objective,numeric,ok,,150,-0.0126853264657715,0.0082055662822335,-0.0287682363789493,0.0033975834474061,2.3899355054095444,1.0,0.1221186667289258,[-0.012685326465771599],[0.00820556628223353],-0.0126853264657715,-0.0126853264657715,0.9771123683502926,1.0,消费调查/results/mpc_allx_screen/all_screen_results.csv,1089,c2e3b71621f77b82766e70a3888c409b7256dd33,Figure4,"six approved all-X families: one omnibus per representation, including unsupported factors; no new standardization"
q27_minorchild_z,top75,rc,5497,1798,5497,constructed,objective,numeric,ok,,150,0.0064411180294142,0.0096930132691872,-0.0125571879781927,0.0254394240370212,0.4415754297548095,1.0,0.5063630410647807,[0.006441118029414234],[0.009693013269187228],0.0064411180294142,0.0064411180294142,1.0,1.0,消费调查/results/mpc_allx_screen/all_screen_results.csv,1090,c2e3b71621f77b82766e70a3888c409b7256dd33,Figure4,"six approved all-X families: one omnibus per representation, including unsupported factors; no new standardization"
need,ordinal,cash,1798,1798,5497,constructed,objective,numeric,ok,,150,0.0416776917068869,0.0485705416991764,-0.0535205700234989,0.1368759534372727,0.7363112251984213,1.0,0.3908450925691703,[0.041677691706886934],[0.04857054169917645],0.0416776917068869,0.0416776917068869,1.0,1.0,消费调查/results/mpc_allx_screen/all_screen_results.csv,1093,c2e3b71621f77b82766e70a3888c409b7256dd33,Figure4,"six approved all-X families: one omnibus per representation, including unsupported factors; no new standardization"
need,ordinal,rc,5497,1798,5497,constructed,objective,numeric,ok,,150,0.0345051352308196,0.0586066284591529,-0.0803638565491202,0.1493741270107594,0.3466362612876524,1.0,0.5560234652273169,[0.034505135230819634],[0.05860662845915298],0.0345051352308196,0.0345051352308196,0.9999430580494532,1.0,消费调查/results/mpc_allx_screen/all_screen_results.csv,1094,c2e3b71621f77b82766e70a3888c409b7256dd33,Figure4,"six approved all-X families: one omnibus per representation, including unsupported factors; no new standardization"
need,midpoint,cash,1798,1798,5497,constructed,objective,numeric,ok,,150,0.0053653362401429,0.0083939556563811,-0.011086816846364,0.02181748932665,0.4085644232782037,1.0,0.5226990481247185,[0.005365336240142999],[0.008393955656381137],0.005365336240143,0.0053653362401429,0.8695302407980895,1.0,消费调查/results/mpc_allx_screen/all_screen_results.csv,1097,c2e3b71621f77b82766e70a3888c409b7256dd33,Figure4,"six approved all-X families: one omnibus per representation, including unsupported factors; no new standardization"
need,midpoint,rc,5497,1798,5497,constructed,objective,numeric,ok,,150,0.0086412563472061,0.0100435700495118,-0.0110441409498371,0.0283266536442493,0.7402485270839769,1.0,0.3895812776633522,[0.008641256347206132],[0.010043570049511865],0.0086412563472061,0.0086412563472061,0.9497995928172313,1.0,消费调查/results/mpc_allx_screen/all_screen_results.csv,1098,c2e3b71621f77b82766e70a3888c409b7256dd33,Figure4,"six approved all-X families: one omnibus per representation, including unsupported factors; no new standardization"
need,top75,cash,1798,1798,5497,constructed,objective,numeric,ok,,150,-0.0036883549835414,0.0093454411807114,-0.0220054196977358,0.0146287097306528,0.1557635400136262,1.0,0.6930872581789118,[-0.00368835498354149],[0.009345441180711414],-0.0036883549835414,-0.0036883549835414,0.9771123683502926,1.0,消费调查/results/mpc_allx_screen/all_screen_results.csv,1101,c2e3b71621f77b82766e70a3888c409b7256dd33,Figure4,"six approved all-X families: one omnibus per representation, including unsupported factors; no new standardization"
need,top75,rc,5497,1798,5497,constructed,objective,numeric,ok,,150,0.018061227168282,0.0110623103899527,-0.0036209011960253,0.0397433555325894,2.665648185988676,1.0,0.102536045042366,[0.01806122716828204],[0.01106231038995275],0.018061227168282,0.018061227168282,1.0,1.0,消费调查/results/mpc_allx_screen/all_screen_results.csv,1102,c2e3b71621f77b82766e70a3888c409b7256dd33,Figure4,"six approved all-X families: one omnibus per representation, including unsupported factors; no new standardization"
foodneed,ordinal,cash,1798,1798,5497,constructed,objective,numeric,ok,,150,-0.0003386033603149,0.0475469775720017,-0.0935306794014384,0.0928534726808086,5.071503119606744e-05,1.0,0.9943179540811684,[-0.00033860336031490924],[0.04754697757200179],-0.0003386033603149,-0.0003386033603149,1.0,1.0,消费调查/results/mpc_allx_screen/all_screen_results.csv,1105,c2e3b71621f77b82766e70a3888c409b7256dd33,Figure4,"six approved all-X families: one omnibus per representation, including unsupported factors; no new standardization"
foodneed,ordinal,rc,5497,1798,5497,constructed,objective,numeric,ok,,150,0.0219690784625646,0.0573496962458589,-0.0904363261793188,0.1343744831044482,0.1467443658845556,1.0,0.701666177818193,[0.021969078462564698],[0.05734969624585892],0.0219690784625646,0.0219690784625646,0.9999430580494532,1.0,消费调查/results/mpc_allx_screen/all_screen_results.csv,1106,c2e3b71621f77b82766e70a3888c409b7256dd33,Figure4,"six approved all-X families: one omnibus per representation, including unsupported factors; no new standardization"
foodneed,midpoint,cash,1798,1798,5497,constructed,objective,numeric,ok,,150,-0.001349088044267,0.0083370587140723,-0.0176897231238488,0.0149915470353147,0.026185137997858,1.0,0.8714490005839182,[-0.0013490880442670258],[0.008337058714072356],-0.001349088044267,-0.001349088044267,0.9199826046598968,1.0,消费调查/results/mpc_allx_screen/all_screen_results.csv,1109,c2e3b71621f77b82766e70a3888c409b7256dd33,Figure4,"six approved all-X families: one omnibus per representation, including unsupported factors; no new standardization"
foodneed,midpoint,rc,5497,1798,5497,constructed,objective,numeric,ok,,150,0.0042869406239802,0.0099461545417937,-0.0152075222779355,0.0237814035258961,0.1857738283143918,1.0,0.6664575497694832,[0.004286940623980298],[0.009946154541793794],0.0042869406239802,0.0042869406239802,0.9497995928172313,1.0,消费调查/results/mpc_allx_screen/all_screen_results.csv,1110,c2e3b71621f77b82766e70a3888c409b7256dd33,Figure4,"six approved all-X families: one omnibus per representation, including unsupported factors; no new standardization"
foodneed,top75,cash,1798,1798,5497,constructed,objective,numeric,ok,,150,-0.0090318295991913,0.0096503266741354,-0.0279464698804968,0.0098828106821142,0.8759260465230404,1.0,0.3493199355972335,[-0.0090318295991913],[0.009650326674135474],-0.0090318295991913,-0.0090318295991913,0.9771123683502926,1.0,消费调查/results/mpc_allx_screen/all_screen_results.csv,1113,c2e3b71621f77b82766e70a3888c409b7256dd33,Figure4,"six approved all-X families: one omnibus per representation, including unsupported factors; no new standardization"
foodneed,top75,rc,5497,1798,5497,constructed,objective,numeric,ok,,150,0.0092465315677126,0.0113282110196924,-0.0129567620308846,0.0314498251663099,0.666246671925403,1.0,0.4143632565897622,[0.009246531567712615],[0.011328211019692497],0.0092465315677126,0.0092465315677126,1.0,1.0,消费调查/results/mpc_allx_screen/all_screen_results.csv,1114,c2e3b71621f77b82766e70a3888c409b7256dd33,Figure4,"six approved all-X families: one omnibus per representation, including unsupported factors; no new standardization"
liquidity,ordinal,cash,1798,1798,5497,constructed,subjective,numeric,ok,,150,0.0148343218146329,0.0522825356159238,-0.0876394479925778,0.1173080916218438,0.0805048617807791,1.0,0.7766144002024524,[0.014834321814632982],[0.052282535615923886],0.0148343218146329,0.0148343218146329,1.0,1.0,消费调查/results/mpc_allx_screen/all_screen_results.csv,1117,c2e3b71621f77b82766e70a3888c409b7256dd33,Figure4,"six approved all-X families: one omnibus per representation, including unsupported factors; no new standardization"
liquidity,ordinal,rc,5497,1798,5497,constructed,subjective,numeric,ok,,150,0.005665023053217,0.0620728688991165,-0.1159977999890513,0.1273278460954854,0.0083291316518511,1.0,0.92728276166216,[0.005665023053217026],[0.06207286889911653],0.005665023053217,0.005665023053217,0.9999430580494532,1.0,消费调查/results/mpc_allx_screen/all_screen_results.csv,1118,c2e3b71621f77b82766e70a3888c409b7256dd33,Figure4,"six approved all-X families: one omnibus per representation, including unsupported factors; no new standardization"
liquidity,midpoint,cash,1798,1798,5497,constructed,subjective,numeric,ok,,150,0.0051262190068805,0.0090841046437004,-0.0126786260947722,0.0229310641085334,0.3184417898827426,1.0,0.572545580287081,[0.005126219006880596],[0.009084104643700436],0.0051262190068805,0.0051262190068805,0.8695302407980895,1.0,消费调查/results/mpc_allx_screen/all_screen_results.csv,1121,c2e3b71621f77b82766e70a3888c409b7256dd33,Figure4,"six approved all-X families: one omnibus per representation, including unsupported factors; no new standardization"
liquidity,midpoint,rc,5497,1798,5497,constructed,subjective,numeric,ok,,150,-0.0024441428315284,0.0106626459304274,-0.0233429288551662,0.0184546431921093,0.0525440068134282,1.0,0.8186942016747187,[-0.002444142831528483],[0.010662645930427449],-0.0024441428315284,-0.0024441428315284,0.9497995928172313,1.0,消费调查/results/mpc_allx_screen/all_screen_results.csv,1122,c2e3b71621f77b82766e70a3888c409b7256dd33,Figure4,"six approved all-X families: one omnibus per representation, including unsupported factors; no new standardization"
liquidity,top75,cash,1798,1798,5497,constructed,subjective,numeric,ok,,150,-0.0001560785957537,0.0104442589262911,-0.0206268260912843,0.0203146688997768,0.0002233219637458,1.0,0.98807688820146,[-0.0001560785957537697],[0.01044425892629113],-0.0001560785957537,-0.0001560785957537,1.0,1.0,消费调查/results/mpc_allx_screen/all_screen_results.csv,1125,c2e3b71621f77b82766e70a3888c409b7256dd33,Figure4,"six approved all-X families: one omnibus per representation, including unsupported factors; no new standardization"
liquidity,top75,rc,5497,1798,5497,constructed,subjective,numeric,ok,,150,0.0023545021974342,0.0119781464845286,-0.0211226649122418,0.0258316693071104,0.0386383845401143,1.0,0.8441667969515743,[0.0023545021974342895],[0.011978146484528645],0.0023545021974342,0.0023545021974342,1.0,1.0,消费调查/results/mpc_allx_screen/all_screen_results.csv,1126,c2e3b71621f77b82766e70a3888c409b7256dd33,Figure4,"six approved all-X families: one omnibus per representation, including unsupported factors; no new standardization"
income_z,ordinal,cash,1798,1798,5497,constructed,objective,numeric,ok,,150,0.0426454255823094,0.0486974162823288,-0.052801510331055,0.138092361495674,0.7668899851948462,1.0,0.3811808831233233,[0.04264542558230945],[0.048697416282328855],0.0426454255823094,0.0426454255823094,1.0,1.0,消费调查/results/mpc_allx_screen/all_screen_results.csv,1129,c2e3b71621f77b82766e70a3888c409b7256dd33,Figure4,"six approved all-X families: one omnibus per representation, including unsupported factors; no new standardization"
income_z,ordinal,rc,5497,1798,5497,constructed,objective,numeric,ok,,150,-0.0226865004042555,0.0583512300190579,-0.137054911241609,0.0916819104330979,0.1511593389666056,1.0,0.6974299053588336,[-0.022686500404255537],[0.0583512300190579],-0.0226865004042555,-0.0226865004042555,0.9999430580494532,1.0,消费调查/results/mpc_allx_screen/all_screen_results.csv,1130,c2e3b71621f77b82766e70a3888c409b7256dd33,Figure4,"six approved all-X families: one omnibus per representation, including unsupported factors; no new standardization"
income_z,midpoint,cash,1798,1798,5497,constructed,objective,numeric,ok,,150,0.0089824282499769,0.0084791185211811,-0.007636644051538,0.0256015005514919,1.1222409242892282,1.0,0.2894364362132757,[0.008982428249976948],[0.008479118521181142],0.0089824282499769,0.0089824282499769,0.8695302407980895,1.0,消费调查/results/mpc_allx_screen/all_screen_results.csv,1133,c2e3b71621f77b82766e70a3888c409b7256dd33,Figure4,"six approved all-X families: one omnibus per representation, including unsupported factors; no new standardization"
income_z,midpoint,rc,5497,1798,5497,constructed,objective,numeric,ok,,150,-0.0065808603705294,0.0099876162023575,-0.0261565881271501,0.0129948673860913,0.4341518561019284,1.0,0.5099586963708198,[-0.0065808603705294014],[0.009987616202357505],-0.0065808603705294,-0.0065808603705294,0.9497995928172313,1.0,消费调查/results/mpc_allx_screen/all_screen_results.csv,1134,c2e3b71621f77b82766e70a3888c409b7256dd33,Figure4,"six approved all-X families: one omnibus per representation, including unsupported factors; no new standardization"
income_z,top75,cash,1798,1798,5497,constructed,objective,numeric,ok,,150,0.0112864994819865,0.0095454326472004,-0.0074225485065263,0.0299955474704995,1.3980647853390171,1.0,0.2370478575111535,[0.011286499481986593],[0.009545432647200484],0.0112864994819865,0.0112864994819865,0.9771123683502926,1.0,消费调查/results/mpc_allx_screen/all_screen_results.csv,1137,c2e3b71621f77b82766e70a3888c409b7256dd33,Figure4,"six approved all-X families: one omnibus per representation, including unsupported factors; no new standardization"
income_z,top75,rc,5497,1798,5497,constructed,objective,numeric,ok,,150,-0.0107062167175824,0.0109334742777736,-0.0321358263020187,0.0107233928668538,0.958861067355268,1.0,0.3274739979474718,[-0.010706216717582458],[0.010933474277773626],-0.0107062167175824,-0.0107062167175824,1.0,1.0,消费调查/results/mpc_allx_screen/all_screen_results.csv,1138,c2e3b71621f77b82766e70a3888c409b7256dd33,Figure4,"six approved all-X families: one omnibus per representation, including unsupported factors; no new standardization"
who::liquidity,ordinal,cash,1798,1798,5497,constructed,subjective,numeric,ok,,150,0.0148343218146329,0.0522825356159238,-0.0876394479925778,0.1173080916218438,0.0805048617807791,1.0,0.7766144002024524,[0.014834321814632982],[0.052282535615923886],0.0148343218146329,0.0148343218146329,1.0,1.0,消费调查/results/mpc_allx_screen/all_screen_results.csv,1141,c2e3b71621f77b82766e70a3888c409b7256dd33,Figure4,"six approved all-X families: one omnibus per representation, including unsupported factors; no new standardization"
who::liquidity,ordinal,rc,5497,1798,5497,constructed,subjective,numeric,ok,,150,0.005665023053217,0.0620728688991165,-0.1159977999890513,0.1273278460954854,0.0083291316518511,1.0,0.92728276166216,[0.005665023053217026],[0.06207286889911653],0.005665023053217,0.005665023053217,0.9999430580494532,1.0,消费调查/results/mpc_allx_screen/all_screen_results.csv,1142,c2e3b71621f77b82766e70a3888c409b7256dd33,Figure4,"six approved all-X families: one omnibus per representation, including unsupported factors; no new standardization"
who::liquidity,midpoint,cash,1798,1798,5497,constructed,subjective,numeric,ok,,150,0.0051262190068805,0.0090841046437004,-0.0126786260947722,0.0229310641085334,0.3184417898827426,1.0,0.572545580287081,[0.005126219006880596],[0.009084104643700436],0.0051262190068805,0.0051262190068805,0.8695302407980895,1.0,消费调查/results/mpc_allx_screen/all_screen_results.csv,1145,c2e3b71621f77b82766e70a3888c409b7256dd33,Figure4,"six approved all-X families: one omnibus per representation, including unsupported factors; no new standardization"
who::liquidity,midpoint,rc,5497,1798,5497,constructed,subjective,numeric,ok,,150,-0.0024441428315284,0.0106626459304274,-0.0233429288551662,0.0184546431921093,0.0525440068134282,1.0,0.8186942016747187,[-0.002444142831528483],[0.010662645930427449],-0.0024441428315284,-0.0024441428315284,0.9497995928172313,1.0,消费调查/results/mpc_allx_screen/all_screen_results.csv,1146,c2e3b71621f77b82766e70a3888c409b7256dd33,Figure4,"six approved all-X families: one omnibus per representation, including unsupported factors; no new standardization"
who::liquidity,top75,cash,1798,1798,5497,constructed,subjective,numeric,ok,,150,-0.0001560785957537,0.0104442589262911,-0.0206268260912843,0.0203146688997768,0.0002233219637458,1.0,0.98807688820146,[-0.0001560785957537697],[0.01044425892629113],-0.0001560785957537,-0.0001560785957537,1.0,1.0,消费调查/results/mpc_allx_screen/all_screen_results.csv,1149,c2e3b71621f77b82766e70a3888c409b7256dd33,Figure4,"six approved all-X families: one omnibus per representation, including unsupported factors; no new standardization"
who::liquidity,top75,rc,5497,1798,5497,constructed,subjective,numeric,ok,,150,0.0023545021974342,0.0119781464845286,-0.0211226649122418,0.0258316693071104,0.0386383845401143,1.0,0.8441667969515743,[0.0023545021974342895],[0.011978146484528645],0.0023545021974342,0.0023545021974342,1.0,1.0,消费调查/results/mpc_allx_screen/all_screen_results.csv,1150,c2e3b71621f77b82766e70a3888c409b7256dd33,Figure4,"six approved all-X families: one omnibus per representation, including unsupported factors; no new standardization"
who::income,ordinal,cash,1798,1798,5497,constructed,objective,numeric,ok,,150,0.0426454255823094,0.0486974162823288,-0.052801510331055,0.138092361495674,0.7668899851948462,1.0,0.3811808831233233,[0.04264542558230945],[0.048697416282328855],0.0426454255823094,0.0426454255823094,1.0,1.0,消费调查/results/mpc_allx_screen/all_screen_results.csv,1153,c2e3b71621f77b82766e70a3888c409b7256dd33,Figure4,"six approved all-X families: one omnibus per representation, including unsupported factors; no new standardization"
who::income,ordinal,rc,5497,1798,5497,constructed,objective,numeric,ok,,150,-0.0226865004042555,0.0583512300190579,-0.137054911241609,0.0916819104330979,0.1511593389666056,1.0,0.6974299053588336,[-0.022686500404255537],[0.0583512300190579],-0.0226865004042555,-0.0226865004042555,0.9999430580494532,1.0,消费调查/results/mpc_allx_screen/all_screen_results.csv,1154,c2e3b71621f77b82766e70a3888c409b7256dd33,Figure4,"six approved all-X families: one omnibus per representation, including unsupported factors; no new standardization"
who::income,midpoint,cash,1798,1798,5497,constructed,objective,numeric,ok,,150,0.0089824282499769,0.0084791185211811,-0.007636644051538,0.0256015005514919,1.1222409242892282,1.0,0.2894364362132757,[0.008982428249976948],[0.008479118521181142],0.0089824282499769,0.0089824282499769,0.8695302407980895,1.0,消费调查/results/mpc_allx_screen/all_screen_results.csv,1157,c2e3b71621f77b82766e70a3888c409b7256dd33,Figure4,"six approved all-X families: one omnibus per representation, including unsupported factors; no new standardization"
who::income,midpoint,rc,5497,1798,5497,constructed,objective,numeric,ok,,150,-0.0065808603705294,0.0099876162023575,-0.0261565881271501,0.0129948673860913,0.4341518561019284,1.0,0.5099586963708198,[-0.0065808603705294014],[0.009987616202357505],-0.0065808603705294,-0.0065808603705294,0.9497995928172313,1.0,消费调查/results/mpc_allx_screen/all_screen_results.csv,1158,c2e3b71621f77b82766e70a3888c409b7256dd33,Figure4,"six approved all-X families: one omnibus per representation, including unsupported factors; no new standardization"
who::income,top75,cash,1798,1798,5497,constructed,objective,numeric,ok,,150,0.0112864994819865,0.0095454326472004,-0.0074225485065263,0.0299955474704995,1.3980647853390171,1.0,0.2370478575111535,[0.011286499481986593],[0.009545432647200484],0.0112864994819865,0.0112864994819865,0.9771123683502926,1.0,消费调查/results/mpc_allx_screen/all_screen_results.csv,1161,c2e3b71621f77b82766e70a3888c409b7256dd33,Figure4,"six approved all-X families: one omnibus per representation, including unsupported factors; no new standardization"
who::income,top75,rc,5497,1798,5497,constructed,objective,numeric,ok,,150,-0.0107062167175824,0.0109334742777736,-0.0321358263020187,0.0107233928668538,0.958861067355268,1.0,0.3274739979474718,[-0.010706216717582458],[0.010933474277773626],-0.0107062167175824,-0.0107062167175824,1.0,1.0,消费调查/results/mpc_allx_screen/all_screen_results.csv,1162,c2e3b71621f77b82766e70a3888c409b7256dd33,Figure4,"six approved all-X families: one omnibus per representation, including unsupported factors; no new standardization"
who::food,ordinal,cash,1798,1798,5497,constructed,objective,numeric,ok,,150,-0.0003386033603149,0.0475469775720017,-0.0935306794014384,0.0928534726808086,5.071503119606744e-05,1.0,0.9943179540811684,[-0.00033860336031490924],[0.04754697757200179],-0.0003386033603149,-0.0003386033603149,1.0,1.0,消费调查/results/mpc_allx_screen/all_screen_results.csv,1165,c2e3b71621f77b82766e70a3888c409b7256dd33,Figure4,"six approved all-X families: one omnibus per representation, including unsupported factors; no new standardization"
who::food,ordinal,rc,5497,1798,5497,constructed,objective,numeric,ok,,150,0.0219690784625646,0.0573496962458589,-0.0904363261793188,0.1343744831044482,0.1467443658845556,1.0,0.701666177818193,[0.021969078462564698],[0.05734969624585892],0.0219690784625646,0.0219690784625646,0.9999430580494532,1.0,消费调查/results/mpc_allx_screen/all_screen_results.csv,1166,c2e3b71621f77b82766e70a3888c409b7256dd33,Figure4,"six approved all-X families: one omnibus per representation, including unsupported factors; no new standardization"
who::food,midpoint,cash,1798,1798,5497,constructed,objective,numeric,ok,,150,-0.001349088044267,0.0083370587140723,-0.0176897231238488,0.0149915470353147,0.026185137997858,1.0,0.8714490005839182,[-0.0013490880442670258],[0.008337058714072356],-0.001349088044267,-0.001349088044267,0.9199826046598968,1.0,消费调查/results/mpc_allx_screen/all_screen_results.csv,1169,c2e3b71621f77b82766e70a3888c409b7256dd33,Figure4,"six approved all-X families: one omnibus per representation, including unsupported factors; no new standardization"
who::food,midpoint,rc,5497,1798,5497,constructed,objective,numeric,ok,,150,0.0042869406239802,0.0099461545417937,-0.0152075222779355,0.0237814035258961,0.1857738283143918,1.0,0.6664575497694832,[0.004286940623980298],[0.009946154541793794],0.0042869406239802,0.0042869406239802,0.9497995928172313,1.0,消费调查/results/mpc_allx_screen/all_screen_results.csv,1170,c2e3b71621f77b82766e70a3888c409b7256dd33,Figure4,"six approved all-X families: one omnibus per representation, including unsupported factors; no new standardization"
who::food,top75,cash,1798,1798,5497,constructed,objective,numeric,ok,,150,-0.0090318295991913,0.0096503266741354,-0.0279464698804968,0.0098828106821142,0.8759260465230404,1.0,0.3493199355972335,[-0.0090318295991913],[0.009650326674135474],-0.0090318295991913,-0.0090318295991913,0.9771123683502926,1.0,消费调查/results/mpc_allx_screen/all_screen_results.csv,1173,c2e3b71621f77b82766e70a3888c409b7256dd33,Figure4,"six approved all-X families: one omnibus per representation, including unsupported factors; no new standardization"
who::food,top75,rc,5497,1798,5497,constructed,objective,numeric,ok,,150,0.0092465315677126,0.0113282110196924,-0.0129567620308846,0.0314498251663099,0.666246671925403,1.0,0.4143632565897622,[0.009246531567712615],[0.011328211019692497],0.0092465315677126,0.0092465315677126,1.0,1.0,消费调查/results/mpc_allx_screen/all_screen_results.csv,1174,c2e3b71621f77b82766e70a3888c409b7256dd33,Figure4,"six approved all-X families: one omnibus per representation, including unsupported factors; no new standardization"
who::medical,ordinal,cash,1798,1798,5497,constructed,objective,numeric,ok,,150,0.0416776917068869,0.0485705416991764,-0.0535205700234989,0.1368759534372727,0.7363112251984213,1.0,0.3908450925691703,[0.041677691706886934],[0.04857054169917645],0.0416776917068869,0.0416776917068869,1.0,1.0,消费调查/results/mpc_allx_screen/all_screen_results.csv,1177,c2e3b71621f77b82766e70a3888c409b7256dd33,Figure4,"six approved all-X families: one omnibus per representation, including unsupported factors; no new standardization"
who::medical,ordinal,rc,5497,1798,5497,constructed,objective,numeric,ok,,150,0.0345051352308196,0.0586066284591529,-0.0803638565491202,0.1493741270107594,0.3466362612876524,1.0,0.5560234652273169,[0.034505135230819634],[0.05860662845915298],0.0345051352308196,0.0345051352308196,0.9999430580494532,1.0,消费调查/results/mpc_allx_screen/all_screen_results.csv,1178,c2e3b71621f77b82766e70a3888c409b7256dd33,Figure4,"six approved all-X families: one omnibus per representation, including unsupported factors; no new standardization"
who::medical,midpoint,cash,1798,1798,5497,constructed,objective,numeric,ok,,150,0.0053653362401429,0.0083939556563811,-0.011086816846364,0.02181748932665,0.4085644232782037,1.0,0.5226990481247185,[0.005365336240142999],[0.008393955656381137],0.005365336240143,0.0053653362401429,0.8695302407980895,1.0,消费调查/results/mpc_allx_screen/all_screen_results.csv,1181,c2e3b71621f77b82766e70a3888c409b7256dd33,Figure4,"six approved all-X families: one omnibus per representation, including unsupported factors; no new standardization"
who::medical,midpoint,rc,5497,1798,5497,constructed,objective,numeric,ok,,150,0.0086412563472061,0.0100435700495118,-0.0110441409498371,0.0283266536442493,0.7402485270839769,1.0,0.3895812776633522,[0.008641256347206132],[0.010043570049511865],0.0086412563472061,0.0086412563472061,0.9497995928172313,1.0,消费调查/results/mpc_allx_screen/all_screen_results.csv,1182,c2e3b71621f77b82766e70a3888c409b7256dd33,Figure4,"six approved all-X families: one omnibus per representation, including unsupported factors; no new standardization"
who::medical,top75,cash,1798,1798,5497,constructed,objective,numeric,ok,,150,-0.0036883549835414,0.0093454411807114,-0.0220054196977358,0.0146287097306528,0.1557635400136262,1.0,0.6930872581789118,[-0.00368835498354149],[0.009345441180711414],-0.0036883549835414,-0.0036883549835414,0.9771123683502926,1.0,消费调查/results/mpc_allx_screen/all_screen_results.csv,1185,c2e3b71621f77b82766e70a3888c409b7256dd33,Figure4,"six approved all-X families: one omnibus per representation, including unsupported factors; no new standardization"
who::medical,top75,rc,5497,1798,5497,constructed,objective,numeric,ok,,150,0.018061227168282,0.0110623103899527,-0.0036209011960253,0.0397433555325894,2.665648185988676,1.0,0.102536045042366,[0.01806122716828204],[0.01106231038995275],0.018061227168282,0.018061227168282,1.0,1.0,消费调查/results/mpc_allx_screen/all_screen_results.csv,1186,c2e3b71621f77b82766e70a3888c409b7256dd33,Figure4,"six approved all-X families: one omnibus per representation, including unsupported factors; no new standardization"
who::subsidy_yes,ordinal,cash,1798,1798,5497,constructed,objective,numeric,ok,,150,-0.0718669689059055,0.0451540512105748,-0.1603689092786323,0.0166349714668212,2.533175121242892,1.0,0.1114757005682913,[-0.07186696890590552],[0.04515405121057488],-0.0718669689059055,-0.0718669689059055,1.0,1.0,消费调查/results/mpc_allx_screen/all_screen_results.csv,1189,c2e3b71621f77b82766e70a3888c409b7256dd33,Figure4,"six approved all-X families: one omnibus per representation, including unsupported factors; no new standardization"
who::subsidy_yes,ordinal,rc,5497,1798,5497,constructed,objective,numeric,ok,,150,0.1075992883108553,0.0547428664663547,0.0003032700368,0.2148953065849107,3.863347100708284,1.0,0.0493517822716153,[0.10759928831085538],[0.054742866466354775],0.1075992883108553,0.1075992883108553,0.9445801195150122,1.0,消费调查/results/mpc_allx_screen/all_screen_results.csv,1190,c2e3b71621f77b82766e70a3888c409b7256dd33,Figure4,"six approved all-X families: one omnibus per representation, including unsupported factors; no new standardization"
who::subsidy_yes,midpoint,cash,1798,1798,5497,constructed,objective,numeric,ok,,150,-0.0082451401057927,0.007742896019286,-0.0234212163035933,0.0069309360920078,1.133937780747978,1.0,0.2869369591194059,[-0.008245140105792753],[0.0077428960192860215],-0.0082451401057927,-0.0082451401057927,0.8695302407980895,1.0,消费调查/results/mpc_allx_screen/all_screen_results.csv,1193,c2e3b71621f77b82766e70a3888c409b7256dd33,Figure4,"six approved all-X families: one omnibus per representation, including unsupported factors; no new standardization"
who::subsidy_yes,midpoint,rc,5497,1798,5497,constructed,objective,numeric,ok,,150,0.0147264772637931,0.00927407026888,-0.0034507004632117,0.032903654990798,2.5214884204844368,1.0,0.1123045375820569,[0.014726477263793112],[0.009274070268880047],0.0147264772637931,0.0147264772637931,0.9497995928172313,1.0,消费调查/results/mpc_allx_screen/all_screen_results.csv,1194,c2e3b71621f77b82766e70a3888c409b7256dd33,Figure4,"six approved all-X families: one omnibus per representation, including unsupported factors; no new standardization"
who::subsidy_yes,top75,cash,1798,1798,5497,constructed,objective,numeric,ok,,150,-0.0002961484887485,0.0083264498614573,-0.0166159902172048,0.0160236932397078,0.0012650255555364,1.0,0.9716274641703008,[-0.00029614848874851647],[0.008326449861457325],-0.0002961484887485,-0.0002961484887485,1.0,1.0,消费调查/results/mpc_allx_screen/all_screen_results.csv,1197,c2e3b71621f77b82766e70a3888c409b7256dd33,Figure4,"six approved all-X families: one omnibus per representation, including unsupported factors; no new standardization"
who::subsidy_yes,top75,rc,5497,1798,5497,constructed,objective,numeric,ok,,150,0.0044781403559493,0.009767481522204,-0.0146661234275706,0.0236224041394692,0.2101987872413041,1.0,0.6466116412277005,[0.0044781403559493],[0.009767481522204049],0.0044781403559493,0.0044781403559493,1.0,1.0,消费调查/results/mpc_allx_screen/all_screen_results.csv,1198,c2e3b71621f77b82766e70a3888c409b7256dd33,Figure4,"six approved all-X families: one omnibus per representation, including unsupported factors; no new standardization"
who::subsidy_unknown,ordinal,cash,1798,1798,5497,constructed,objective,numeric,ok,,150,-0.0365562566052641,0.0435575454340238,-0.121929045655951,0.0488165324454226,0.7043631674375974,1.0,0.401321479061513,[-0.036556256605264195],[0.043557545434023896],-0.0365562566052642,-0.0365562566052641,1.0,1.0,消费调查/results/mpc_allx_screen/all_screen_results.csv,1201,c2e3b71621f77b82766e70a3888c409b7256dd33,Figure4,"six approved all-X families: one omnibus per representation, including unsupported factors; no new standardization"
who::subsidy_unknown,ordinal,rc,5497,1798,5497,constructed,objective,numeric,ok,,150,0.0380310034370961,0.0538113542827647,-0.0674392509571227,0.143501257831315,0.4994910654224625,1.0,0.4797238290047896,[0.038031003437096166],[0.05381135428276475],0.0380310034370961,0.0380310034370961,0.9999430580494532,1.0,消费调查/results/mpc_allx_screen/all_screen_results.csv,1202,c2e3b71621f77b82766e70a3888c409b7256dd33,Figure4,"six approved all-X families: one omnibus per representation, including unsupported factors; no new standardization"
who::subsidy_unknown,midpoint,cash,1798,1798,5497,constructed,objective,numeric,ok,,150,-0.004867976083972,0.0073805287427876,-0.0193338124198358,0.0095978602518917,0.435032717357125,1.0,0.5095297469101541,[-0.0048679760839720285],[0.00738052874278765],-0.004867976083972,-0.004867976083972,0.8695302407980895,1.0,消费调查/results/mpc_allx_screen/all_screen_results.csv,1205,c2e3b71621f77b82766e70a3888c409b7256dd33,Figure4,"six approved all-X families: one omnibus per representation, including unsupported factors; no new standardization"
who::subsidy_unknown,midpoint,rc,5497,1798,5497,constructed,objective,numeric,ok,,150,0.0046127268989352,0.0090317138794424,-0.0130894323047719,0.0223148861026424,0.260840571636218,1.0,0.6095432581513893,[0.004612726898935222],[0.00903171387944244],0.0046127268989352,0.0046127268989352,0.9497995928172313,1.0,消费调查/results/mpc_allx_screen/all_screen_results.csv,1206,c2e3b71621f77b82766e70a3888c409b7256dd33,Figure4,"six approved all-X families: one omnibus per representation, including unsupported factors; no new standardization"
who::subsidy_unknown,top75,cash,1798,1798,5497,constructed,objective,numeric,ok,,150,0.0083016232789437,0.007848988791098,-0.0070823947516084,0.0236856413094959,1.1186613293236132,1.0,0.2902068870386159,[0.008301623278943761],[0.007848988791098058],0.0083016232789437,0.0083016232789437,0.9771123683502926,1.0,消费调查/results/mpc_allx_screen/all_screen_results.csv,1209,c2e3b71621f77b82766e70a3888c409b7256dd33,Figure4,"six approved all-X families: one omnibus per representation, including unsupported factors; no new standardization"
who::subsidy_unknown,top75,rc,5497,1798,5497,constructed,objective,numeric,ok,,150,-0.0079009185565352,0.0093780628584796,-0.0262819217591553,0.0104800846460848,0.7097883901423236,1.0,0.3995140701867279,[-0.007900918556535264],[0.009378062858479655],-0.0079009185565352,-0.0079009185565352,1.0,1.0,消费调查/results/mpc_allx_screen/all_screen_results.csv,1210,c2e3b71621f77b82766e70a3888c409b7256dd33,Figure4,"six approved all-X families: one omnibus per representation, including unsupported factors; no new standardization"
who::age,ordinal,cash,1798,1798,5497,constructed,objective,numeric,ok,,150,0.0448908991064833,0.0449748809122957,-0.0432598674816162,0.1330416656945829,0.9962688774577836,1.0,0.3182150177072372,[0.04489089910648332],[0.044974880912295706],0.0448908991064833,0.0448908991064833,1.0,1.0,消费调查/results/mpc_allx_screen/all_screen_results.csv,1213,c2e3b71621f77b82766e70a3888c409b7256dd33,Figure4,"six approved all-X families: one omnibus per representation, including unsupported factors; no new standardization"
who::age,ordinal,rc,5497,1798,5497,constructed,objective,numeric,ok,,150,-0.1069392067064367,0.0561297981413032,-0.216953611063391,0.0030751976505175,3.62983559782802,1.0,0.0567524223537606,[-0.10693920670643678],[0.056129798141303214],-0.1069392067064367,-0.1069392067064367,0.9445801195150122,1.0,消费调查/results/mpc_allx_screen/all_screen_results.csv,1214,c2e3b71621f77b82766e70a3888c409b7256dd33,Figure4,"six approved all-X families: one omnibus per representation, including unsupported factors; no new standardization"
who::age,midpoint,cash,1798,1798,5497,constructed,objective,numeric,ok,,150,0.0088465593531467,0.0075753049409376,-0.006001038331091,0.0236941570373846,1.3637932966810655,1.0,0.2428811505138689,[0.008846559353146785],[0.007575304940937669],0.0088465593531467,0.0088465593531467,0.8695302407980895,1.0,消费调查/results/mpc_allx_screen/all_screen_results.csv,1217,c2e3b71621f77b82766e70a3888c409b7256dd33,Figure4,"six approved all-X families: one omnibus per representation, including unsupported factors; no new standardization"
who::age,midpoint,rc,5497,1798,5497,constructed,objective,numeric,ok,,150,-0.0172403659934036,0.0094250599766185,-0.0357134835475759,0.0012327515607686,3.3459906055351207,1.0,0.0673689170652296,[-0.01724036599340363],[0.009425059976618504],-0.0172403659934036,-0.0172403659934036,0.9497995928172313,1.0,消费调查/results/mpc_allx_screen/all_screen_results.csv,1218,c2e3b71621f77b82766e70a3888c409b7256dd33,Figure4,"six approved all-X families: one omnibus per representation, including unsupported factors; no new standardization"
who::age,top75,cash,1798,1798,5497,constructed,objective,numeric,ok,,150,0.004503540818159,0.0079908933653947,-0.0111586101780146,0.0201656918143328,0.3176270903343187,1.0,0.5730371784767478,[0.004503540818159064],[0.007990893365394774],0.004503540818159,0.004503540818159,0.9771123683502926,1.0,消费调查/results/mpc_allx_screen/all_screen_results.csv,1221,c2e3b71621f77b82766e70a3888c409b7256dd33,Figure4,"six approved all-X families: one omnibus per representation, including unsupported factors; no new standardization"
who::age,top75,rc,5497,1798,5497,constructed,objective,numeric,ok,,150,-0.0126640560588144,0.0099115613839276,-0.0320907163713127,0.0067626042536838,1.632531232573486,1.0,0.2013533007093457,[-0.01266405605881446],[0.009911561383927693],-0.0126640560588144,-0.0126640560588144,1.0,1.0,消费调查/results/mpc_allx_screen/all_screen_results.csv,1222,c2e3b71621f77b82766e70a3888c409b7256dd33,Figure4,"six approved all-X families: one omnibus per representation, including unsupported factors; no new standardization"
who::education,ordinal,cash,1798,1798,5497,constructed,objective,numeric,ok,,150,-0.0222895692158085,0.0480801135908073,-0.1165265918537909,0.0719474534221738,0.2149177969380509,1.0,0.6429398904016339,[-0.022289569215808536],[0.048080113590807355],-0.0222895692158085,-0.0222895692158085,1.0,1.0,消费调查/results/mpc_allx_screen/all_screen_results.csv,1225,c2e3b71621f77b82766e70a3888c409b7256dd33,Figure4,"six approved all-X families: one omnibus per representation, including unsupported factors; no new standardization"
who::education,ordinal,rc,5497,1798,5497,constructed,objective,numeric,ok,,150,0.0557973981542929,0.0574291739106203,-0.0567637827105228,0.1683585790191088,0.9439799235416332,1.0,0.3312564046173986,[0.05579739815429298],[0.057429173910620336],0.0557973981542929,0.0557973981542929,0.9999430580494532,1.0,消费调查/results/mpc_allx_screen/all_screen_results.csv,1226,c2e3b71621f77b82766e70a3888c409b7256dd33,Figure4,"six approved all-X families: one omnibus per representation, including unsupported factors; no new standardization"
who::education,midpoint,cash,1798,1798,5497,constructed,objective,numeric,ok,,150,-0.00430923011244,0.0082575192555041,-0.0204939678532281,0.011875507628348,0.2723329445450956,1.0,0.6017710894876834,[-0.004309230112440051],[0.008257519255504144],-0.00430923011244,-0.00430923011244,0.8695302407980895,1.0,消费调查/results/mpc_allx_screen/all_screen_results.csv,1229,c2e3b71621f77b82766e70a3888c409b7256dd33,Figure4,"six approved all-X families: one omnibus per representation, including unsupported factors; no new standardization"
who::education,midpoint,rc,5497,1798,5497,constructed,objective,numeric,ok,,150,0.0085245390186692,0.0097273820552545,-0.0105411298096297,0.0275902078469681,0.767979908834062,1.0,0.3808427100555409,[0.0085245390186692],[0.009727382055254573],0.0085245390186692,0.0085245390186692,0.9497995928172313,1.0,消费调查/results/mpc_allx_screen/all_screen_results.csv,1230,c2e3b71621f77b82766e70a3888c409b7256dd33,Figure4,"six approved all-X families: one omnibus per representation, including unsupported factors; no new standardization"
who::education,top75,cash,1798,1798,5497,constructed,objective,numeric,ok,,150,-0.0037706457053212,0.0090593439469337,-0.0215269598413113,0.0139856684306688,0.1732359245208708,1.0,0.6772518070019089,[-0.0037706457053212367],[0.009059343946933734],-0.0037706457053212,-0.0037706457053212,0.9771123683502926,1.0,消费调查/results/mpc_allx_screen/all_screen_results.csv,1233,c2e3b71621f77b82766e70a3888c409b7256dd33,Figure4,"six approved all-X families: one omnibus per representation, including unsupported factors; no new standardization"
who::education,top75,rc,5497,1798,5497,constructed,objective,numeric,ok,,150,0.0068915555739541,0.0104756029574276,-0.013640626222604,0.0274237373705124,0.4327892513336053,1.0,0.5106234694386427,[0.006891555573954197],[0.010475602957427695],0.0068915555739541,0.0068915555739541,1.0,1.0,消费调查/results/mpc_allx_screen/all_screen_results.csv,1234,c2e3b71621f77b82766e70a3888c409b7256dd33,Figure4,"six approved all-X families: one omnibus per representation, including unsupported factors; no new standardization"
who::household_size,ordinal,cash,1798,1798,5497,constructed,objective,numeric,ok,,150,0.0280507773747568,0.0464670705884032,-0.0630246809785135,0.1191262357280272,0.3644174915739466,1.0,0.5460630508338298,[0.02805077737475687],[0.04646707058840326],0.0280507773747568,0.0280507773747568,1.0,1.0,消费调查/results/mpc_allx_screen/all_screen_results.csv,1237,c2e3b71621f77b82766e70a3888c409b7256dd33,Figure4,"six approved all-X families: one omnibus per representation, including unsupported factors; no new standardization"
who::household_size,ordinal,rc,5497,1798,5497,constructed,objective,numeric,ok,,150,0.0091032398137049,0.0561641151314846,-0.1009784258440049,0.1191849054714148,0.0262708500647993,1.0,0.8712406118160075,[0.009103239813704946],[0.05616411513148465],0.0091032398137049,0.0091032398137049,0.9999430580494532,1.0,消费调查/results/mpc_allx_screen/all_screen_results.csv,1238,c2e3b71621f77b82766e70a3888c409b7256dd33,Figure4,"six approved all-X families: one omnibus per representation, including unsupported factors; no new standardization"
who::household_size,midpoint,cash,1798,1798,5497,constructed,objective,numeric,ok,,150,0.0037054477273549,0.0080166332101687,-0.0120071533645757,0.0194180488192856,0.2136472736195835,1.0,0.6439236047574413,[0.003705447727354939],[0.008016633210168739],0.0037054477273549,0.0037054477273549,0.8695302407980895,1.0,消费调查/results/mpc_allx_screen/all_screen_results.csv,1241,c2e3b71621f77b82766e70a3888c409b7256dd33,Figure4,"six approved all-X families: one omnibus per representation, including unsupported factors; no new standardization"
who::household_size,midpoint,rc,5497,1798,5497,constructed,objective,numeric,ok,,150,0.0037360654113438,0.0095775795841253,-0.0150359905735418,0.0225081213962294,0.152165922684277,1.0,0.6964740587245281,[0.0037360654113438056],[0.009577579584125315],0.0037360654113438,0.0037360654113438,0.9497995928172313,1.0,消费调查/results/mpc_allx_screen/all_screen_results.csv,1242,c2e3b71621f77b82766e70a3888c409b7256dd33,Figure4,"six approved all-X families: one omnibus per representation, including unsupported factors; no new standardization"
who::household_size,top75,cash,1798,1798,5497,constructed,objective,numeric,ok,,150,0.0027656017448888,0.0088600899375957,-0.0146001745327987,0.0201313780225764,0.0974323147280931,1.0,0.7549329901336854,[0.002765601744888809],[0.00886008993759572],0.0027656017448888,0.0027656017448888,0.9835998940755498,1.0,消费调查/results/mpc_allx_screen/all_screen_results.csv,1245,c2e3b71621f77b82766e70a3888c409b7256dd33,Figure4,"six approved all-X families: one omnibus per representation, including unsupported factors; no new standardization"
who::household_size,top75,rc,5497,1798,5497,constructed,objective,numeric,ok,,150,0.0020296547981857,0.0104080712740104,-0.0183701648988746,0.0224294744952461,0.0380280314485677,1.0,0.8453868626343722,[0.002029654798185721],[0.010408071274010404],0.0020296547981857,0.0020296547981857,1.0,1.0,消费调查/results/mpc_allx_screen/all_screen_results.csv,1246,c2e3b71621f77b82766e70a3888c409b7256dd33,Figure4,"six approved all-X families: one omnibus per representation, including unsupported factors; no new standardization"
who::minor_child,ordinal,cash,1798,1798,5497,constructed,objective,numeric,ok,,150,0.0597144339965363,0.045008415854086,-0.0285020610774722,0.1479309290705449,1.7602371614495822,1.0,0.184594936976326,[0.05971443399653634],[0.045008415854086006],0.0597144339965363,0.0597144339965363,1.0,1.0,消费调查/results/mpc_allx_screen/all_screen_results.csv,1249,c2e3b71621f77b82766e70a3888c409b7256dd33,Figure4,"six approved all-X families: one omnibus per representation, including unsupported factors; no new standardization"
who::minor_child,ordinal,rc,5497,1798,5497,constructed,objective,numeric,ok,,150,-0.0691497592594192,0.0547505282815656,-0.176460794691288,0.0381612761724495,1.5951617122711417,1.0,0.2065902165607666,[-0.06914975925941924],[0.05475052828156569],-0.0691497592594192,-0.0691497592594192,0.9999430580494532,1.0,消费调查/results/mpc_allx_screen/all_screen_results.csv,1250,c2e3b71621f77b82766e70a3888c409b7256dd33,Figure4,"six approved all-X families: one omnibus per representation, including unsupported factors; no new standardization"
who::minor_child,midpoint,cash,1798,1798,5497,constructed,objective,numeric,ok,,150,0.0117752221868458,0.0076581207418089,-0.0032346944670996,0.0267851388407913,2.364252203260795,1.0,0.124143389044328,[0.011775222186845843],[0.007658120741808946],0.0117752221868458,0.0117752221868458,0.8695302407980895,1.0,消费调查/results/mpc_allx_screen/all_screen_results.csv,1253,c2e3b71621f77b82766e70a3888c409b7256dd33,Figure4,"six approved all-X families: one omnibus per representation, including unsupported factors; no new standardization"
who::minor_child,midpoint,rc,5497,1798,5497,constructed,objective,numeric,ok,,150,-0.0112839218245155,0.0092161898378577,-0.0293476539067166,0.0067798102576855,1.499054124153657,1.0,0.2208169577369234,[-0.011283921824515595],[0.009216189837857701],-0.0112839218245155,-0.0112839218245155,0.9497995928172313,1.0,消费调查/results/mpc_allx_screen/all_screen_results.csv,1254,c2e3b71621f77b82766e70a3888c409b7256dd33,Figure4,"six approved all-X families: one omnibus per representation, including unsupported factors; no new standardization"
who::minor_child,top75,cash,1798,1798,5497,constructed,objective,numeric,ok,,150,0.0126853264657716,0.0082055662822335,-0.0033975834474061,0.0287682363789493,2.3899355054095457,1.0,0.1221186667289244,[0.012685326465771602],[0.00820556628223353],0.0126853264657716,0.0126853264657716,0.9771123683502926,1.0,消费调查/results/mpc_allx_screen/all_screen_results.csv,1257,c2e3b71621f77b82766e70a3888c409b7256dd33,Figure4,"six approved all-X families: one omnibus per representation, including unsupported factors; no new standardization"
who::minor_child,top75,rc,5497,1798,5497,constructed,objective,numeric,ok,,150,-0.0064411180294142,0.0096930132691872,-0.0254394240370212,0.0125571879781927,0.4415754297548103,1.0,0.5063630410647804,[-0.00644111802941424],[0.00969301326918723],-0.0064411180294142,-0.0064411180294142,1.0,1.0,消费调查/results/mpc_allx_screen/all_screen_results.csv,1258,c2e3b71621f77b82766e70a3888c409b7256dd33,Figure4,"six approved all-X families: one omnibus per representation, including unsupported factors; no new standardization"
who::housing_rent,ordinal,cash,1798,1798,5497,constructed,objective,numeric,ok,,150,-0.0383673028486252,0.0430474884049566,-0.1227403801223402,0.0460057744250897,0.7943774454875284,1.0,0.3727797556178486,[-0.03836730284862522],[0.04304748840495663],-0.0383673028486252,-0.0383673028486252,1.0,1.0,消费调查/results/mpc_allx_screen/all_screen_results.csv,1261,c2e3b71621f77b82766e70a3888c409b7256dd33,Figure4,"six approved all-X families: one omnibus per representation, including unsupported factors; no new standardization"
who::housing_rent,ordinal,rc,5497,1798,5497,constructed,objective,numeric,ok,,150,0.0527620085001624,0.0524897111603306,-0.0501178253740856,0.1556418423744104,1.0104021768488796,1.0,0.3148065091711151,[0.052762008500162404],[0.05248971116033064],0.0527620085001624,0.0527620085001624,0.9999430580494532,1.0,消费调查/results/mpc_allx_screen/all_screen_results.csv,1262,c2e3b71621f77b82766e70a3888c409b7256dd33,Figure4,"six approved all-X families: one omnibus per representation, including unsupported factors; no new standardization"
who::housing_rent,midpoint,cash,1798,1798,5497,constructed,objective,numeric,ok,,150,-0.0040893072937419,0.0072287904445766,-0.0182577365651122,0.0100791219776282,0.3200134441452328,1.0,0.5715995656273016,[-0.004089307293741988],[0.007228790444576641],-0.0040893072937419,-0.0040893072937419,0.8695302407980895,1.0,消费调查/results/mpc_allx_screen/all_screen_results.csv,1265,c2e3b71621f77b82766e70a3888c409b7256dd33,Figure4,"six approved all-X families: one omnibus per representation, including unsupported factors; no new standardization"
who::housing_rent,midpoint,rc,5497,1798,5497,constructed,objective,numeric,ok,,150,0.0068619692401279,0.0087253364433933,-0.010239690188923,0.0239636286691788,0.6184906943282052,1.0,0.4316087068908372,[0.006861969240127928],[0.008725336443393343],0.0068619692401279,0.0068619692401279,0.9497995928172313,1.0,消费调查/results/mpc_allx_screen/all_screen_results.csv,1266,c2e3b71621f77b82766e70a3888c409b7256dd33,Figure4,"six approved all-X families: one omnibus per representation, including unsupported factors; no new standardization"
who::housing_rent,top75,cash,1798,1798,5497,constructed,objective,numeric,ok,,150,0.0010184327049492,0.0077376678898905,-0.0141473963592362,0.0161842617691347,0.0173238535652451,1.0,0.8952847778032162,[0.00101843270494929],[0.007737667889890562],0.0010184327049492,0.0010184327049492,1.0,1.0,消费调查/results/mpc_allx_screen/all_screen_results.csv,1269,c2e3b71621f77b82766e70a3888c409b7256dd33,Figure4,"six approved all-X families: one omnibus per representation, including unsupported factors; no new standardization"
who::housing_rent,top75,rc,5497,1798,5497,constructed,objective,numeric,ok,,150,0.000926059344453,0.0091631578440711,-0.0170337300299263,0.0188858487188325,0.0102137988636613,1.0,0.9195001787685148,[0.000926059344453097],[0.009163157844071169],0.000926059344453,0.000926059344453,1.0,1.0,消费调查/results/mpc_allx_screen/all_screen_results.csv,1270,c2e3b71621f77b82766e70a3888c409b7256dd33,Figure4,"six approved all-X families: one omnibus per representation, including unsupported factors; no new standardization"
who::housing_other,ordinal,cash,1798,1798,5497,constructed,objective,numeric,ok,,150,0.0132282980506848,0.0529260982955714,-0.0905068546086352,0.1169634507100049,0.0624695223158694,1.0,0.8026344937364449,[0.013228298050684852],[0.05292609829557149],0.0132282980506848,0.0132282980506848,1.0,1.0,消费调查/results/mpc_allx_screen/all_screen_results.csv,1273,c2e3b71621f77b82766e70a3888c409b7256dd33,Figure4,"six approved all-X families: one omnibus per representation, including unsupported factors; no new standardization"
who::housing_other,ordinal,rc,5497,1798,5497,constructed,objective,numeric,ok,,150,-0.003054646843289,0.0628730549595502,-0.1262858345640075,0.1201765408774294,0.0023604395835296,1.0,0.9612505378732916,[-0.003054646843289044],[0.06287305495955024],-0.003054646843289,-0.003054646843289,0.9999430580494532,1.0,消费调查/results/mpc_allx_screen/all_screen_results.csv,1274,c2e3b71621f77b82766e70a3888c409b7256dd33,Figure4,"six approved all-X families: one omnibus per representation, including unsupported factors; no new standardization"
who::housing_other,midpoint,cash,1798,1798,5497,constructed,objective,numeric,ok,,150,0.0004964140082708,0.0092641020097666,-0.0176612259308717,0.0186540539474134,0.0028713187010331,1.0,0.9572660568368868,[0.0004964140082708333],[0.009264102009766639],0.0004964140082708,0.0004964140082708,0.9971521425384235,1.0,消费调查/results/mpc_allx_screen/all_screen_results.csv,1277,c2e3b71621f77b82766e70a3888c409b7256dd33,Figure4,"six approved all-X families: one omnibus per representation, including unsupported factors; no new standardization"
who::housing_other,midpoint,rc,5497,1798,5497,constructed,objective,numeric,ok,,150,0.0004026837514989,0.010882234089731,-0.0209264950643738,0.0217318625673718,0.0013692794305256,1.0,0.9704819950747318,[0.0004026837514989655],[0.01088223408973105],0.0004026837514989,0.0004026837514989,1.0,1.0,消费调查/results/mpc_allx_screen/all_screen_results.csv,1278,c2e3b71621f77b82766e70a3888c409b7256dd33,Figure4,"six approved all-X families: one omnibus per representation, including unsupported factors; no new standardization"
who::housing_other,top75,cash,1798,1798,5497,constructed,objective,numeric,ok,,150,0.0006643556935061,0.0103132492695929,-0.0195496128748959,0.0208783242619082,0.0041496387745022,1.0,0.9486376447619318,[0.0006643556935061346],[0.01031324926959292],0.0006643556935061,0.0006643556935061,1.0,1.0,消费调查/results/mpc_allx_screen/all_screen_results.csv,1281,c2e3b71621f77b82766e70a3888c409b7256dd33,Figure4,"six approved all-X families: one omnibus per representation, including unsupported factors; no new standardization"
who::housing_other,top75,rc,5497,1798,5497,constructed,objective,numeric,ok,,150,0.0015383967271776,0.0120622725897018,-0.0221036575486379,0.0251804510029933,0.0162659119578834,1.0,0.8985146905708298,[0.0015383967271776896],[0.012062272589701854],0.0015383967271776,0.0015383967271776,1.0,1.0,消费调查/results/mpc_allx_screen/all_screen_results.csv,1282,c2e3b71621f77b82766e70a3888c409b7256dd33,Figure4,"six approved all-X families: one omnibus per representation, including unsupported factors; no new standardization"
who::work_retired,ordinal,cash,1798,1798,5497,constructed,objective,numeric,ok,,150,0.0464950809758701,0.0376101873959084,-0.0272208863201103,0.1202110482718506,1.5282803253372652,1.0,0.2163707208237659,[0.04649508097587016],[0.03761018739590841],0.0464950809758701,0.0464950809758701,1.0,1.0,消费调查/results/mpc_allx_screen/all_screen_results.csv,1285,c2e3b71621f77b82766e70a3888c409b7256dd33,Figure4,"six approved all-X families: one omnibus per representation, including unsupported factors; no new standardization"
who::work_retired,ordinal,rc,5497,1798,5497,constructed,objective,numeric,ok,,150,-0.0351154465546088,0.0515138859670039,-0.1360826630499366,0.0658517699407189,0.464673351280014,1.0,0.4954479370605986,[-0.03511544655460885],[0.051513885967003986],-0.0351154465546088,-0.0351154465546088,0.9999430580494532,1.0,消费调查/results/mpc_allx_screen/all_screen_results.csv,1286,c2e3b71621f77b82766e70a3888c409b7256dd33,Figure4,"six approved all-X families: one omnibus per representation, including unsupported factors; no new standardization"
who::work_retired,midpoint,cash,1798,1798,5497,constructed,objective,numeric,ok,,150,0.0077987987349215,0.006166652196332,-0.0042878395698891,0.0198854370397322,1.5993978797125368,1.0,0.2059885608237721,[0.007798798734921537],[0.006166652196332006],0.0077987987349215,0.0077987987349215,0.8695302407980895,1.0,消费调查/results/mpc_allx_screen/all_screen_results.csv,1289,c2e3b71621f77b82766e70a3888c409b7256dd33,Figure4,"six approved all-X families: one omnibus per representation, including unsupported factors; no new standardization"
who::work_retired,midpoint,rc,5497,1798,5497,constructed,objective,numeric,ok,,150,-0.0093807756987925,0.0085357804159052,-0.0261109053139669,0.0073493539163818,1.2077889029201676,1.0,0.2717704665263247,[-0.009380775698792533],[0.008535780415905296],-0.0093807756987925,-0.0093807756987925,0.9497995928172313,1.0,消费调查/results/mpc_allx_screen/all_screen_results.csv,1290,c2e3b71621f77b82766e70a3888c409b7256dd33,Figure4,"six approved all-X families: one omnibus per representation, including unsupported factors; no new standardization"
who::work_retired,top75,cash,1798,1798,5497,constructed,objective,numeric,ok,,150,-0.0007159067289771,0.0056184215789109,-0.0117280130236426,0.0102961995656883,0.0162361943815248,1.0,0.8986069379151026,[-0.0007159067289771218],[0.005618421578910977],-0.0007159067289771,-0.0007159067289771,1.0,1.0,消费调查/results/mpc_allx_screen/all_screen_results.csv,1293,c2e3b71621f77b82766e70a3888c409b7256dd33,Figure4,"six approved all-X families: one omnibus per representation, including unsupported factors; no new standardization"
who::work_retired,top75,rc,5497,1798,5497,constructed,objective,numeric,ok,,150,-0.0072786208243606,0.0079807792669986,-0.0229209481876779,0.0083637065389566,0.8317783130849686,1.0,0.3617588148084547,[-0.007278620824360643],[0.007980779266998606],-0.0072786208243606,-0.0072786208243606,1.0,1.0,消费调查/results/mpc_allx_screen/all_screen_results.csv,1294,c2e3b71621f77b82766e70a3888c409b7256dd33,Figure4,"six approved all-X families: one omnibus per representation, including unsupported factors; no new standardization"
who::work_student,ordinal,cash,1798,1798,5497,constructed,objective,numeric,ok,,150,0.0217938743897788,0.0406970088257088,-0.0579722629086105,0.1015600116881682,0.2867767286278322,1.0,0.5922935211984413,[0.021793874389778842],[0.04069700882570886],0.0217938743897788,0.0217938743897788,1.0,1.0,消费调查/results/mpc_allx_screen/all_screen_results.csv,1297,c2e3b71621f77b82766e70a3888c409b7256dd33,Figure4,"six approved all-X families: one omnibus per representation, including unsupported factors; no new standardization"
who::work_student,ordinal,rc,5497,1798,5497,constructed,objective,numeric,ok,,150,-0.0197312674973791,0.0522476372077779,-0.1221366364246239,0.0826741014298655,0.14261876074633,1.0,0.7056913652132007,[-0.019731267497379197],[0.05224763720777792],-0.0197312674973792,-0.0197312674973791,0.9999430580494532,1.0,消费调查/results/mpc_allx_screen/all_screen_results.csv,1298,c2e3b71621f77b82766e70a3888c409b7256dd33,Figure4,"six approved all-X families: one omnibus per representation, including unsupported factors; no new standardization"
who::work_student,midpoint,cash,1798,1798,5497,constructed,objective,numeric,ok,,150,0.0040895167614161,0.0067631071887885,-0.0091661733286093,0.0173452068514415,0.3656381002611817,1.0,0.5453915308042518,[0.004089516761416109],[0.006763107188788514],0.0040895167614161,0.0040895167614161,0.8695302407980895,1.0,消费调查/results/mpc_allx_screen/all_screen_results.csv,1301,c2e3b71621f77b82766e70a3888c409b7256dd33,Figure4,"six approved all-X families: one omnibus per representation, including unsupported factors; no new standardization"
who::work_student,midpoint,rc,5497,1798,5497,constructed,objective,numeric,ok,,150,-0.0047455217042835,0.0086192832350152,-0.0216393168449133,0.0121482734363463,0.3031276996741512,1.0,0.5819282455097894,[-0.004745521704283504],[0.008619283235015244],-0.0047455217042835,-0.0047455217042835,0.9497995928172313,1.0,消费调查/results/mpc_allx_screen/all_screen_results.csv,1302,c2e3b71621f77b82766e70a3888c409b7256dd33,Figure4,"six approved all-X families: one omnibus per representation, including unsupported factors; no new standardization"
who::work_student,top75,cash,1798,1798,5497,constructed,objective,numeric,ok,,150,0.0061012775331409,0.0067009606431202,-0.0070326053273747,0.0192351603936567,0.8290246169371205,1.0,0.362554722879331,[0.00610127753314097],[0.0067009606431202755],0.0061012775331409,0.0061012775331409,0.9771123683502926,1.0,消费调查/results/mpc_allx_screen/all_screen_results.csv,1305,c2e3b71621f77b82766e70a3888c409b7256dd33,Figure4,"six approved all-X families: one omnibus per representation, including unsupported factors; no new standardization"
who::work_student,top75,rc,5497,1798,5497,constructed,objective,numeric,ok,,150,-0.0060312008126647,0.0087366901597047,-0.0231551135256861,0.0110927119003566,0.4765557451101032,1.0,0.4899865785191547,[-0.006031200812664747],[0.008736690159704795],-0.0060312008126647,-0.0060312008126647,1.0,1.0,消费调查/results/mpc_allx_screen/all_screen_results.csv,1306,c2e3b71621f77b82766e70a3888c409b7256dd33,Figure4,"six approved all-X families: one omnibus per representation, including unsupported factors; no new standardization"
who::work_not_working,ordinal,cash,1798,1798,5497,constructed,objective,numeric,ok,,150,-0.0310607873904691,0.0468420276970964,-0.1228711616767783,0.0607495868958399,0.4396970467824894,1.0,0.5072687142189285,[-0.03106078739046919],[0.046842027697096486],-0.0310607873904691,-0.0310607873904691,1.0,1.0,消费调查/results/mpc_allx_screen/all_screen_results.csv,1309,c2e3b71621f77b82766e70a3888c409b7256dd33,Figure4,"six approved all-X families: one omnibus per representation, including unsupported factors; no new standardization"
who::work_not_working,ordinal,rc,5497,1798,5497,constructed,objective,numeric,ok,,150,-0.0027793708587891,0.0554406824257178,-0.1114431084131961,0.1058843666956178,0.002513251003138,1.0,0.9600169325965292,[-0.002779370858789189],[0.05544068242571785],-0.0027793708587891,-0.0027793708587891,0.9999430580494532,1.0,消费调查/results/mpc_allx_screen/all_screen_results.csv,1310,c2e3b71621f77b82766e70a3888c409b7256dd33,Figure4,"six approved all-X families: one omnibus per representation, including unsupported factors; no new standardization"
who::work_not_working,midpoint,cash,1798,1798,5497,constructed,objective,numeric,ok,,150,-0.0063535304002117,0.0079014355312794,-0.0218403440415194,0.0091332832410959,0.6465739787643904,1.0,0.42134024124611,[-0.006353530400211731],[0.007901435531279446],-0.0063535304002117,-0.0063535304002117,0.8695302407980895,1.0,消费调查/results/mpc_allx_screen/all_screen_results.csv,1313,c2e3b71621f77b82766e70a3888c409b7256dd33,Figure4,"six approved all-X families: one omnibus per representation, including unsupported factors; no new standardization"
who::work_not_working,midpoint,rc,5497,1798,5497,constructed,objective,numeric,ok,,150,0.0018276395099046,0.0092328464717134,-0.0162687395746535,0.0199240185944629,0.0391840974808012,1.0,0.843084391306312,[0.0018276395099046982],[0.009232846471713416],0.0018276395099046,0.0018276395099046,0.9575626382765996,1.0,消费调查/results/mpc_allx_screen/all_screen_results.csv,1314,c2e3b71621f77b82766e70a3888c409b7256dd33,Figure4,"six approved all-X families: one omnibus per representation, including unsupported factors; no new standardization"
who::work_not_working,top75,cash,1798,1798,5497,constructed,objective,numeric,ok,,150,-0.0049330321377367,0.00876145318158,-0.0221054803736337,0.0122394160981602,0.3170119258470696,1.0,0.573408925880085,[-0.004933032137736748],[0.008761453181580095],-0.0049330321377367,-0.0049330321377367,0.9771123683502926,1.0,消费调查/results/mpc_allx_screen/all_screen_results.csv,1317,c2e3b71621f77b82766e70a3888c409b7256dd33,Figure4,"six approved all-X families: one omnibus per representation, including unsupported factors; no new standardization"
who::work_not_working,top75,rc,5497,1798,5497,constructed,objective,numeric,ok,,150,0.0025223166087776,0.0099814202325609,-0.0170412670470418,0.0220859002645971,0.0638578832307048,1.0,0.8004991407711175,[0.002522316608777667],[0.009981420232560956],0.0025223166087776,0.0025223166087776,1.0,1.0,消费调查/results/mpc_allx_screen/all_screen_results.csv,1318,c2e3b71621f77b82766e70a3888c409b7256dd33,Figure4,"six approved all-X families: one omnibus per representation, including unsupported factors; no new standardization"
who::work_other,ordinal,cash,1798,1798,5497,constructed,objective,numeric,ok,,150,0.0246233159866197,0.0588718121190733,-0.090765435766764,0.1400120677400035,0.1749356281681453,1.0,0.6757621000693146,[0.024623315986619744],[0.05887181211907335],0.0246233159866197,0.0246233159866197,1.0,1.0,消费调查/results/mpc_allx_screen/all_screen_results.csv,1321,c2e3b71621f77b82766e70a3888c409b7256dd33,Figure4,"six approved all-X families: one omnibus per representation, including unsupported factors; no new standardization"
who::work_other,ordinal,rc,5497,1798,5497,constructed,objective,numeric,ok,,150,-0.0799041423548754,0.0675715356056724,-0.2123443521419934,0.0525360674322424,1.3983343026371349,1.0,0.237002661827514,[-0.07990414235487549],[0.06757153560567243],-0.0799041423548755,-0.0799041423548754,0.9999430580494532,1.0,消费调查/results/mpc_allx_screen/all_screen_results.csv,1322,c2e3b71621f77b82766e70a3888c409b7256dd33,Figure4,"six approved all-X families: one omnibus per representation, including unsupported factors; no new standardization"
who::work_other,midpoint,cash,1798,1798,5497,constructed,objective,numeric,ok,,150,0.0051975110582382,0.0102691495137985,-0.0149300219888068,0.0253250441052833,0.2561662377709027,1.0,0.6127663201598675,[0.00519751105823827],[0.010269149513798525],0.0051975110582382,0.0051975110582382,0.8695302407980895,1.0,消费调查/results/mpc_allx_screen/all_screen_results.csv,1325,c2e3b71621f77b82766e70a3888c409b7256dd33,Figure4,"six approved all-X families: one omnibus per representation, including unsupported factors; no new standardization"
who::work_other,midpoint,rc,5497,1798,5497,constructed,objective,numeric,ok,,150,-0.0134544552406726,0.0116333112460458,-0.0362557452829225,0.0093468348015772,1.3375977856483745,1.0,0.2474580481965765,[-0.013454455240672625],[0.011633311246045878],-0.0134544552406726,-0.0134544552406726,0.9497995928172313,1.0,消费调查/results/mpc_allx_screen/all_screen_results.csv,1326,c2e3b71621f77b82766e70a3888c409b7256dd33,Figure4,"six approved all-X families: one omnibus per representation, including unsupported factors; no new standardization"
who::work_other,top75,cash,1798,1798,5497,constructed,objective,numeric,ok,,150,0.0097444626308138,0.0122185015924415,-0.0142038004903715,0.0336927257519992,0.6360333517536507,1.0,0.4251508386359894,[0.009744462630813838],[0.012218501592441547],0.0097444626308138,0.0097444626308138,0.9771123683502926,1.0,消费调查/results/mpc_allx_screen/all_screen_results.csv,1329,c2e3b71621f77b82766e70a3888c409b7256dd33,Figure4,"six approved all-X families: one omnibus per representation, including unsupported factors; no new standardization"
who::work_other,top75,rc,5497,1798,5497,constructed,objective,numeric,ok,,150,-0.010460070644646,0.0134962620008468,-0.0369127441663057,0.0159926028770137,0.6006787027870665,1.0,0.4383191873361615,[-0.010460070644646007],[0.013496262000846812],-0.010460070644646,-0.010460070644646,1.0,1.0,消费调查/results/mpc_allx_screen/all_screen_results.csv,1330,c2e3b71621f77b82766e70a3888c409b7256dd33,Figure4,"six approved all-X families: one omnibus per representation, including unsupported factors; no new standardization"
group::liquidity,ordinal,cash,1798,1798,5497,constructed,subjective,categorical,ok,,150,,,,,0.4304352141677222,2.0,0.8063659501411468,"[0.04404403627284008, -0.023692628456369755]","[0.11453419805220358, 0.1286188184950084]",,,1.0,1.0,消费调查/results/mpc_allx_screen/all_screen_results.csv,1333,c2e3b71621f77b82766e70a3888c409b7256dd33,Figure4,"six approved all-X families: one omnibus per representation, including unsupported factors; no new standardization"
group::liquidity,ordinal,rc,5497,1798,5497,constructed,subjective,categorical,ok,,150,,,,,0.9174868506657824,2.0,0.6320773991445432,"[-0.0636309073429116, 0.05925803807770787]","[0.1392672693093143, 0.15523647372798297]",,,0.9999430580494532,1.0,消费调查/results/mpc_allx_screen/all_screen_results.csv,1334,c2e3b71621f77b82766e70a3888c409b7256dd33,Figure4,"six approved all-X families: one omnibus per representation, including unsupported factors; no new standardization"
group::liquidity,midpoint,cash,1798,1798,5497,constructed,subjective,categorical,ok,,150,,,,,0.2623823618650611,2.0,0.8770500831091017,"[0.009722324030630962, 0.004540821726210686]","[0.019589633171890487, 0.022054794039443902]",,,0.9199826046598968,1.0,消费调查/results/mpc_allx_screen/all_screen_results.csv,1337,c2e3b71621f77b82766e70a3888c409b7256dd33,Figure4,"six approved all-X families: one omnibus per representation, including unsupported factors; no new standardization"
group::liquidity,midpoint,rc,5497,1798,5497,constructed,subjective,categorical,ok,,150,,,,,0.7106061998342346,2.0,0.700960949801045,"[-0.015477103296078487, 0.00021670289259373768]","[0.02354464027875993, 0.026338393168271183]",,,0.9497995928172313,1.0,消费调查/results/mpc_allx_screen/all_screen_results.csv,1338,c2e3b71621f77b82766e70a3888c409b7256dd33,Figure4,"six approved all-X families: one omnibus per representation, including unsupported factors; no new standardization"
group::liquidity,top75,cash,1798,1798,5497,constructed,subjective,categorical,ok,,150,,,,,0.0865064620614026,2.0,0.9576688478893024,"[0.0053298839719836295, 0.0009750960286771422]","[0.021624633769032457, 0.024210213408958618]",,,1.0,1.0,消费调查/results/mpc_allx_screen/all_screen_results.csv,1341,c2e3b71621f77b82766e70a3888c409b7256dd33,Figure4,"six approved all-X families: one omnibus per representation, including unsupported factors; no new standardization"
group::liquidity,top75,rc,5497,1798,5497,constructed,subjective,categorical,ok,,150,,,,,0.1323319931090036,2.0,0.9359754826903456,"[-0.003979621306169915, 0.004120977693128263]","[0.025462770737715194, 0.028310657803313412]",,,1.0,1.0,消费调查/results/mpc_allx_screen/all_screen_results.csv,1342,c2e3b71621f77b82766e70a3888c409b7256dd33,Figure4,"six approved all-X families: one omnibus per representation, including unsupported factors; no new standardization"
group::income,ordinal,cash,1798,1798,5497,constructed,objective,categorical,ok,,150,,,,,0.8501785946855823,2.0,0.6537114078317456,"[0.03242112489807786, 0.1075510410148122]","[0.11170070942726319, 0.12178794500999847]",,,1.0,1.0,消费调查/results/mpc_allx_screen/all_screen_results.csv,1345,c2e3b71621f77b82766e70a3888c409b7256dd33,Figure4,"six approved all-X families: one omnibus per representation, including unsupported factors; no new standardization"
group::income,ordinal,rc,5497,1798,5497,constructed,objective,categorical,ok,,150,,,,,1.0448744576421762,2.0,0.5930733296734072,"[0.023925523326539203, -0.10644318004788095]","[0.1348046318618931, 0.14703821645023082]",,,0.9999430580494532,1.0,消费调查/results/mpc_allx_screen/all_screen_results.csv,1346,c2e3b71621f77b82766e70a3888c409b7256dd33,Figure4,"six approved all-X families: one omnibus per representation, including unsupported factors; no new standardization"
group::income,midpoint,cash,1798,1798,5497,constructed,objective,categorical,ok,,150,,,,,0.9047168362859734,2.0,0.6361261297145722,"[0.008993012990600489, 0.019841264388632335]","[0.01877078391757728, 0.02090095336570783]",,,0.8695302407980895,1.0,消费调查/results/mpc_allx_screen/all_screen_results.csv,1349,c2e3b71621f77b82766e70a3888c409b7256dd33,Figure4,"six approved all-X families: one omnibus per representation, including unsupported factors; no new standardization"
group::income,midpoint,rc,5497,1798,5497,constructed,objective,categorical,ok,,150,,,,,1.0571755540997994,2.0,0.5894367983506006,"[0.002025726243085773, -0.020006335969589582]","[0.022328265034511862, 0.02485533057718159]",,,0.9497995928172313,1.0,消费调查/results/mpc_allx_screen/all_screen_results.csv,1350,c2e3b71621f77b82766e70a3888c409b7256dd33,Figure4,"six approved all-X families: one omnibus per representation, including unsupported factors; no new standardization"
group::income,top75,cash,1798,1798,5497,constructed,objective,categorical,ok,,150,,,,,0.6512097508724238,2.0,0.7220904467443092,"[0.002326978746711103, 0.016730377626658084]","[0.019958900056656157, 0.02288884387371093]",,,0.9771123683502926,1.0,消费调查/results/mpc_allx_screen/all_screen_results.csv,1353,c2e3b71621f77b82766e70a3888c409b7256dd33,Figure4,"six approved all-X families: one omnibus per representation, including unsupported factors; no new standardization"
group::income,top75,rc,5497,1798,5497,constructed,objective,categorical,ok,,150,,,,,0.7266298980758891,2.0,0.6953673937160523,"[0.006168829396330947, -0.01434788478415132]","[0.023133244234775106, 0.0265000153360016]",,,1.0,1.0,消费调查/results/mpc_allx_screen/all_screen_results.csv,1354,c2e3b71621f77b82766e70a3888c409b7256dd33,Figure4,"six approved all-X families: one omnibus per representation, including unsupported factors; no new standardization"
group::food,ordinal,cash,1798,1798,5497,constructed,objective,categorical,ok,,150,,,,,2.4786650183759478,2.0,0.289577443726715,"[0.16144813123262258, 0.05008163979461648]","[0.10869137199121226, 0.15396558464551247]",,,1.0,1.0,消费调查/results/mpc_allx_screen/all_screen_results.csv,1357,c2e3b71621f77b82766e70a3888c409b7256dd33,Figure4,"six approved all-X families: one omnibus per representation, including unsupported factors; no new standardization"
group::food,ordinal,rc,5497,1798,5497,constructed,objective,categorical,ok,,150,,,,,2.731029812279532,2.0,0.2552492127585504,"[-0.15419316465550637, 0.06980980531124605]","[0.1309943467495903, 0.18393794895203766]",,,0.9999430580494532,1.0,消费调查/results/mpc_allx_screen/all_screen_results.csv,1358,c2e3b71621f77b82766e70a3888c409b7256dd33,Figure4,"six approved all-X families: one omnibus per representation, including unsupported factors; no new standardization"
group::food,midpoint,cash,1798,1798,5497,constructed,objective,categorical,ok,,150,,,,,2.95205766148744,2.0,0.2285434734961222,"[0.029958597817025912, 0.011221168329359267]","[0.01806656355186799, 0.026896757081844417]",,,0.8695302407980895,1.0,消费调查/results/mpc_allx_screen/all_screen_results.csv,1361,c2e3b71621f77b82766e70a3888c409b7256dd33,Figure4,"six approved all-X families: one omnibus per representation, including unsupported factors; no new standardization"
group::food,midpoint,rc,5497,1798,5497,constructed,objective,categorical,ok,,150,,,,,4.003138647361636,2.0,0.1351230649349362,"[-0.03542688560698528, 0.005998392676209989]","[0.021483524727784014, 0.03179068262452023]",,,0.9497995928172313,1.0,消费调查/results/mpc_allx_screen/all_screen_results.csv,1362,c2e3b71621f77b82766e70a3888c409b7256dd33,Figure4,"six approved all-X families: one omnibus per representation, including unsupported factors; no new standardization"
group::food,top75,cash,1798,1798,5497,constructed,objective,categorical,ok,,150,,,,,2.871240437109919,2.0,0.2379677262362816,"[0.027196221455350087, -0.004710393192583459]","[0.018896153963239543, 0.03083381464626841]",,,0.9771123683502926,1.0,消费调查/results/mpc_allx_screen/all_screen_results.csv,1365,c2e3b71621f77b82766e70a3888c409b7256dd33,Figure4,"six approved all-X families: one omnibus per representation, including unsupported factors; no new standardization"
group::food,top75,rc,5497,1798,5497,constructed,objective,categorical,ok,,150,,,,,6.9360682565833365,2.0,0.0311782629189463,"[-0.05017244028885421, 0.006315161481711286]","[0.02214355755499524, 0.03571955045417107]",,,1.0,1.0,消费调查/results/mpc_allx_screen/all_screen_results.csv,1366,c2e3b71621f77b82766e70a3888c409b7256dd33,Figure4,"six approved all-X families: one omnibus per representation, including unsupported factors; no new standardization"
group::medical,ordinal,cash,1798,1798,5497,constructed,objective,categorical,ok,,150,,,,,5.415764356266547,2.0,0.066677869139039,"[0.25186553779480586, 0.13031243694807426]","[0.1098894263209747, 0.1682964336135853]",,,1.0,1.0,消费调查/results/mpc_allx_screen/all_screen_results.csv,1369,c2e3b71621f77b82766e70a3888c409b7256dd33,Figure4,"six approved all-X families: one omnibus per representation, including unsupported factors; no new standardization"
group::medical,ordinal,rc,5497,1798,5497,constructed,objective,categorical,ok,,150,,,,,4.468873436480891,2.0,0.1070524135450347,"[-0.20201806608914621, 0.1094441653783258]","[0.133618006095077, 0.2040322545181865]",,,0.9445801195150122,1.0,消费调查/results/mpc_allx_screen/all_screen_results.csv,1370,c2e3b71621f77b82766e70a3888c409b7256dd33,Figure4,"six approved all-X families: one omnibus per representation, including unsupported factors; no new standardization"
group::medical,midpoint,cash,1798,1798,5497,constructed,objective,categorical,ok,,150,,,,,3.617307098154635,2.0,0.1638746374795601,"[0.034668892277139984, 0.019367802599488948]","[0.01838397170772388, 0.029109349713107212]",,,0.8695302407980895,1.0,消费调查/results/mpc_allx_screen/all_screen_results.csv,1373,c2e3b71621f77b82766e70a3888c409b7256dd33,Figure4,"six approved all-X families: one omnibus per representation, including unsupported factors; no new standardization"
group::medical,midpoint,rc,5497,1798,5497,constructed,objective,categorical,ok,,150,,,,,3.981828839672855,2.0,0.1365704855694039,"[-0.029366688973772113, 0.024082568847994548]","[0.022131079666152104, 0.03501928115878459]",,,0.9497995928172313,1.0,消费调查/results/mpc_allx_screen/all_screen_results.csv,1374,c2e3b71621f77b82766e70a3888c409b7256dd33,Figure4,"six approved all-X families: one omnibus per representation, including unsupported factors; no new standardization"
group::medical,top75,cash,1798,1798,5497,constructed,objective,categorical,ok,,150,,,,,0.3899777251406361,2.0,0.8228438223701957,"[0.007523483830193458, -0.008734435642319169]","[0.01921564955895871, 0.0324742445424855]",,,0.9874125868442348,1.0,消费调查/results/mpc_allx_screen/all_screen_results.csv,1377,c2e3b71621f77b82766e70a3888c409b7256dd33,Figure4,"six approved all-X families: one omnibus per representation, including unsupported factors; no new standardization"
group::medical,top75,rc,5497,1798,5497,constructed,objective,categorical,ok,,150,,,,,3.013955406345392,2.0,0.2215786434286664,"[-0.0051343448959667425, 0.05594741283240422]","[0.022772717848074567, 0.03860974662211815]",,,1.0,1.0,消费调查/results/mpc_allx_screen/all_screen_results.csv,1378,c2e3b71621f77b82766e70a3888c409b7256dd33,Figure4,"six approved all-X families: one omnibus per representation, including unsupported factors; no new standardization"
group::subsidy,ordinal,cash,1798,1798,5497,constructed,objective,categorical,ok,,150,,,,,4.252442625952443,2.0,0.119287192269965,"[0.1821417383692779, -0.049366295561528176]","[0.09591401305651129, 0.15982018342214796]",,,1.0,1.0,消费调查/results/mpc_allx_screen/all_screen_results.csv,1381,c2e3b71621f77b82766e70a3888c409b7256dd33,Figure4,"six approved all-X families: one omnibus per representation, including unsupported factors; no new standardization"
group::subsidy,ordinal,rc,5497,1798,5497,constructed,objective,categorical,ok,,150,,,,,5.529014288034538,2.0,0.0630071451452728,"[-0.26239547785741824, 0.017543558546361672]","[0.11619351475680112, 0.19720936258473387]",,,0.9445801195150122,1.0,消费调查/results/mpc_allx_screen/all_screen_results.csv,1382,c2e3b71621f77b82766e70a3888c409b7256dd33,Figure4,"six approved all-X families: one omnibus per representation, including unsupported factors; no new standardization"
group::subsidy,midpoint,cash,1798,1798,5497,constructed,objective,categorical,ok,,150,,,,,2.1268606366920766,2.0,0.3452693926663192,"[0.021426697673138675, -0.007833131488694633]","[0.016420110854435264, 0.027201341118534717]",,,0.8695302407980895,1.0,消费调查/results/mpc_allx_screen/all_screen_results.csv,1385,c2e3b71621f77b82766e70a3888c409b7256dd33,Figure4,"six approved all-X families: one omnibus per representation, including unsupported factors; no new standardization"
group::subsidy,midpoint,rc,5497,1798,5497,constructed,objective,categorical,ok,,150,,,,,3.527091674135552,2.0,0.171435901047017,"[-0.03568308957965031, 0.00047287414998720655]","[0.01966886368754517, 0.033198479692037305]",,,0.9497995928172313,1.0,消费调查/results/mpc_allx_screen/all_screen_results.csv,1386,c2e3b71621f77b82766e70a3888c409b7256dd33,Figure4,"six approved all-X families: one omnibus per representation, including unsupported factors; no new standardization"
group::subsidy,top75,cash,1798,1798,5497,constructed,objective,categorical,ok,,150,,,,,1.1886443411709058,2.0,0.5519365579360309,"[-0.00505733920501094, 0.027175917396368977]","[0.017660515638005848, 0.028984567108667186]",,,0.9771123683502926,1.0,消费调查/results/mpc_allx_screen/all_screen_results.csv,1389,c2e3b71621f77b82766e70a3888c409b7256dd33,Figure4,"six approved all-X families: one omnibus per representation, including unsupported factors; no new standardization"
group::subsidy,top75,rc,5497,1798,5497,constructed,objective,categorical,ok,,150,,,,,0.7530278864017071,2.0,0.686249549104762,"[-0.004655362645922682, -0.029928440535412732]","[0.020763609312635354, 0.034489508805317905]",,,1.0,1.0,消费调查/results/mpc_allx_screen/all_screen_results.csv,1390,c2e3b71621f77b82766e70a3888c409b7256dd33,Figure4,"six approved all-X families: one omnibus per representation, including unsupported factors; no new standardization"
need_group,ordinal,cash,1798,1798,5497,constructed,objective,categorical,ok,,150,,,,,5.415764356266547,2.0,0.066677869139039,"[0.25186553779480586, 0.13031243694807426]","[0.1098894263209747, 0.1682964336135853]",,,1.0,1.0,消费调查/results/mpc_allx_screen/all_screen_results.csv,1393,c2e3b71621f77b82766e70a3888c409b7256dd33,Figure4,"six approved all-X families: one omnibus per representation, including unsupported factors; no new standardization"
need_group,ordinal,rc,5497,1798,5497,constructed,objective,categorical,ok,,150,,,,,4.468873436480891,2.0,0.1070524135450347,"[-0.20201806608914621, 0.1094441653783258]","[0.133618006095077, 0.2040322545181865]",,,0.9445801195150122,1.0,消费调查/results/mpc_allx_screen/all_screen_results.csv,1394,c2e3b71621f77b82766e70a3888c409b7256dd33,Figure4,"six approved all-X families: one omnibus per representation, including unsupported factors; no new standardization"
need_group,midpoint,cash,1798,1798,5497,constructed,objective,categorical,ok,,150,,,,,3.617307098154635,2.0,0.1638746374795601,"[0.034668892277139984, 0.019367802599488948]","[0.01838397170772388, 0.029109349713107212]",,,0.8695302407980895,1.0,消费调查/results/mpc_allx_screen/all_screen_results.csv,1397,c2e3b71621f77b82766e70a3888c409b7256dd33,Figure4,"six approved all-X families: one omnibus per representation, including unsupported factors; no new standardization"
need_group,midpoint,rc,5497,1798,5497,constructed,objective,categorical,ok,,150,,,,,3.981828839672855,2.0,0.1365704855694039,"[-0.029366688973772113, 0.024082568847994548]","[0.022131079666152104, 0.03501928115878459]",,,0.9497995928172313,1.0,消费调查/results/mpc_allx_screen/all_screen_results.csv,1398,c2e3b71621f77b82766e70a3888c409b7256dd33,Figure4,"six approved all-X families: one omnibus per representation, including unsupported factors; no new standardization"
need_group,top75,cash,1798,1798,5497,constructed,objective,categorical,ok,,150,,,,,0.3899777251406361,2.0,0.8228438223701957,"[0.007523483830193458, -0.008734435642319169]","[0.01921564955895871, 0.0324742445424855]",,,0.9874125868442348,1.0,消费调查/results/mpc_allx_screen/all_screen_results.csv,1401,c2e3b71621f77b82766e70a3888c409b7256dd33,Figure4,"six approved all-X families: one omnibus per representation, including unsupported factors; no new standardization"
need_group,top75,rc,5497,1798,5497,constructed,objective,categorical,ok,,150,,,,,3.013955406345392,2.0,0.2215786434286664,"[-0.0051343448959667425, 0.05594741283240422]","[0.022772717848074567, 0.03860974662211815]",,,1.0,1.0,消费调查/results/mpc_allx_screen/all_screen_results.csv,1402,c2e3b71621f77b82766e70a3888c409b7256dd33,Figure4,"six approved all-X families: one omnibus per representation, including unsupported factors; no new standardization"
age_squared,ordinal,cash,1798,1798,5497,constructed,objective,numeric,ok,,150,0.0343232809843103,0.043802923929906,-0.0515304499183056,0.1201770118869262,0.6140042657171787,1.0,0.4332841045915143,[0.0343232809843103],[0.043802923929906076],4.7586578245613e-05,0.0343232809843103,1.0,1.0,消费调查/results/mpc_allx_screen/all_screen_results.csv,1405,c2e3b71621f77b82766e70a3888c409b7256dd33,Figure4,"six approved all-X families: one omnibus per representation, including unsupported factors; no new standardization"
age_squared,ordinal,rc,5497,1798,5497,constructed,objective,numeric,ok,,150,-0.1007056563594702,0.0560035757335315,-0.2104726647971921,0.0090613520782515,3.2335249401818484,1.0,0.0721452446881354,[-0.10070565635947029],[0.05600357573353154],-0.0001396206148915,-0.1007056563594702,0.9445801195150122,1.0,消费调查/results/mpc_allx_screen/all_screen_results.csv,1406,c2e3b71621f77b82766e70a3888c409b7256dd33,Figure4,"six approved all-X families: one omnibus per representation, including unsupported factors; no new standardization"
age_squared,midpoint,cash,1798,1798,5497,constructed,objective,numeric,ok,,150,0.0068841018928703,0.0073508948454413,-0.0075236520041947,0.0212918557899354,0.8770294141195817,1.0,0.3490165917663691,[0.0068841018928703195],[0.0073508948454413785],9.544275604817407e-06,0.0068841018928703,0.8695302407980895,1.0,消费调查/results/mpc_allx_screen/all_screen_results.csv,1409,c2e3b71621f77b82766e70a3888c409b7256dd33,Figure4,"six approved all-X families: one omnibus per representation, including unsupported factors; no new standardization"
age_squared,midpoint,rc,5497,1798,5497,constructed,objective,numeric,ok,,150,-0.0166156174848865,0.00940904128122,-0.0350573383960779,0.0018261034263048,3.1184746871948934,1.0,0.077409212359215,[-0.016615617484886575],[0.009409041281220092],-2.303627039341497e-05,-0.0166156174848865,0.9497995928172313,1.0,消费调查/results/mpc_allx_screen/all_screen_results.csv,1410,c2e3b71621f77b82766e70a3888c409b7256dd33,Figure4,"six approved all-X families: one omnibus per representation, including unsupported factors; no new standardization"
age_squared,top75,cash,1798,1798,5497,constructed,objective,numeric,ok,,150,0.0031949309992079,0.0075869323284611,-0.0116754563645759,0.0180653183629918,0.1773334019078345,1.0,0.6736749592883484,[0.0031949309992079394],[0.007586932328461172],4.429525081027104e-06,0.0031949309992079,0.9771123683502926,1.0,消费调查/results/mpc_allx_screen/all_screen_results.csv,1413,c2e3b71621f77b82766e70a3888c409b7256dd33,Figure4,"six approved all-X families: one omnibus per representation, including unsupported factors; no new standardization"
age_squared,top75,rc,5497,1798,5497,constructed,objective,numeric,ok,,150,-0.0133598932982601,0.0098254161739718,-0.032617708999245,0.0058979224027247,1.8488601827407365,1.0,0.1739160200664592,[-0.01335989329826012],[0.009825416173971882],-1.852246025318232e-05,-0.0133598932982601,1.0,1.0,消费调查/results/mpc_allx_screen/all_screen_results.csv,1414,c2e3b71621f77b82766e70a3888c409b7256dd33,Figure4,"six approved all-X families: one omnibus per representation, including unsupported factors; no new standardization"
food_lower6,ordinal,cash,1798,1798,5497,constructed,objective,numeric,ok,,150,-0.0216290958806686,0.0494087941839368,-0.1184703324811848,0.0752121407198476,0.1916320835094275,1.0,0.6615617059335306,[-0.0216290958806686],[0.04940879418393686],-3.2430657647382432e-06,-0.0216290958806686,1.0,1.0,消费调查/results/mpc_allx_screen/all_screen_results.csv,1417,c2e3b71621f77b82766e70a3888c409b7256dd33,Figure4,"six approved all-X families: one omnibus per representation, including unsupported factors; no new standardization"
food_lower6,ordinal,rc,5497,1798,5497,constructed,objective,numeric,ok,,150,0.0437369842695436,0.0598781909068639,-0.0736242699079098,0.161098238446997,0.5335318222307855,1.0,0.4651257811735014,[0.04373698426954361],[0.05987819090686398],6.557921658862577e-06,0.0437369842695436,0.9999430580494532,1.0,消费调查/results/mpc_allx_screen/all_screen_results.csv,1418,c2e3b71621f77b82766e70a3888c409b7256dd33,Figure4,"six approved all-X families: one omnibus per representation, including unsupported factors; no new standardization"
food_lower6,midpoint,cash,1798,1798,5497,constructed,objective,numeric,ok,,150,-0.0058869722456514,0.0088222716723578,-0.0231786247234728,0.0114046802321698,0.4452696785668456,1.0,0.5045899109065292,[-0.005886972245651465],[0.008822271672357837],-8.826923812798001e-07,-0.0058869722456514,0.8695302407980895,1.0,消费调查/results/mpc_allx_screen/all_screen_results.csv,1421,c2e3b71621f77b82766e70a3888c409b7256dd33,Figure4,"six approved all-X families: one omnibus per representation, including unsupported factors; no new standardization"
food_lower6,midpoint,rc,5497,1798,5497,constructed,objective,numeric,ok,,150,0.0096252189426935,0.0105803940518163,-0.0111123533988665,0.0303627912842536,0.8275944104971459,1.0,0.3629690538684865,[0.009625218942693536],[0.010580394051816395],1.44320494039044e-06,0.0096252189426935,0.9497995928172313,1.0,消费调查/results/mpc_allx_screen/all_screen_results.csv,1422,c2e3b71621f77b82766e70a3888c409b7256dd33,Figure4,"six approved all-X families: one omnibus per representation, including unsupported factors; no new standardization"
food_lower6,top75,cash,1798,1798,5497,constructed,objective,numeric,ok,,150,-0.0142969958730737,0.0103483948883432,-0.0345798498542265,0.005985858108079,1.908726038397558,1.0,0.1671048410563243,[-0.014296995873073759],[0.010348394888343267],-2.143690985068405e-06,-0.0142969958730737,0.9771123683502926,1.0,消费调查/results/mpc_allx_screen/all_screen_results.csv,1425,c2e3b71621f77b82766e70a3888c409b7256dd33,Figure4,"six approved all-X families: one omnibus per representation, including unsupported factors; no new standardization"
food_lower6,top75,rc,5497,1798,5497,constructed,objective,numeric,ok,,150,0.0175917095479998,0.0123122968326978,-0.0065403922440879,0.0417238113400875,2.0414461920920357,1.0,0.1530640645672806,[0.017591709547999827],[0.012312296832697826],2.637700220716464e-06,0.0175917095479998,1.0,1.0,消费调查/results/mpc_allx_screen/all_screen_results.csv,1426,c2e3b71621f77b82766e70a3888c409b7256dd33,Figure4,"six approved all-X families: one omnibus per representation, including unsupported factors; no new standardization"
strict_all_amounts,ordinal,cash,1798,1798,5497,constructed,objective,binary,ok,,150,0.0583115368636602,0.0443365891606028,-0.0285881778911214,0.1452112516184418,1.7297542911528538,1.0,0.1884422798836726,[0.0583115368636602],[0.04433658916060289],0.140146921719796,0.0583115368636602,1.0,1.0,消费调查/results/mpc_allx_screen/all_screen_results.csv,1429,c2e3b71621f77b82766e70a3888c409b7256dd33,Figure4,"six approved all-X families: one omnibus per representation, including unsupported factors; no new standardization"
strict_all_amounts,ordinal,rc,5497,1798,5497,constructed,objective,binary,ok,,150,-0.0438306802701746,0.053326984762355,-0.1483515704043905,0.0606902098640413,0.67555757123627,1.0,0.4111206687919854,[-0.0438306802701746],[0.053326984762355076],-0.1053433890983196,-0.0438306802701746,0.9999430580494532,1.0,消费调查/results/mpc_allx_screen/all_screen_results.csv,1430,c2e3b71621f77b82766e70a3888c409b7256dd33,Figure4,"six approved all-X families: one omnibus per representation, including unsupported factors; no new standardization"
strict_all_amounts,midpoint,cash,1798,1798,5497,constructed,objective,binary,ok,,150,0.0110299657249536,0.0074044226118419,-0.0034827025942566,0.0255426340441639,2.219044078252712,1.0,0.1363174396533431,[0.011029965724953678],[0.0074044226118419815],0.0265096038652081,0.0110299657249536,0.8695302407980895,1.0,消费调查/results/mpc_allx_screen/all_screen_results.csv,1433,c2e3b71621f77b82766e70a3888c409b7256dd33,Figure4,"six approved all-X families: one omnibus per representation, including unsupported factors; no new standardization"
strict_all_amounts,midpoint,rc,5497,1798,5497,constructed,objective,binary,ok,,150,-0.0109713098880329,0.008787590177023,-0.028194986634998,0.0062523668589322,1.5587532593090792,1.0,0.2118478604722901,[-0.010971309888032922],[0.00878759017702303],-0.02636862944698,-0.0109713098880329,0.9497995928172313,1.0,消费调查/results/mpc_allx_screen/all_screen_results.csv,1434,c2e3b71621f77b82766e70a3888c409b7256dd33,Figure4,"six approved all-X families: one omnibus per representation, including unsupported factors; no new standardization"
strict_all_amounts,top75,cash,1798,1798,5497,constructed,objective,binary,ok,,150,0.0087098921947565,0.0078399930738661,-0.006656494230021,0.0240762786195342,1.2342246082883763,1.0,0.266587022783088,[0.00870989219475658],[0.00783999307386616],0.0209335003887906,0.0087098921947565,0.9771123683502926,1.0,消费调查/results/mpc_allx_screen/all_screen_results.csv,1437,c2e3b71621f77b82766e70a3888c409b7256dd33,Figure4,"six approved all-X families: one omnibus per representation, including unsupported factors; no new standardization"
strict_all_amounts,top75,rc,5497,1798,5497,constructed,objective,binary,ok,,150,-0.0157205451840732,0.0091667709246874,-0.0336874161964605,0.002246325828314,2.9410502797213978,1.0,0.0863545666903222,[-0.015720545184073252],[0.009166770924687408],-0.0377830208875502,-0.0157205451840732,1.0,1.0,消费调查/results/mpc_allx_screen/all_screen_results.csv,1438,c2e3b71621f77b82766e70a3888c409b7256dd33,Figure4,"six approved all-X families: one omnibus per representation, including unsupported factors; no new standardization"
subjective_economic_pc1,ordinal,cash,1798,1798,5497,constructed,subjective,numeric,ok,,150,0.0108887987640485,0.0508587776594381,-0.0887944054484503,0.1105720029765473,0.0458382582549968,1.0,0.8304700805955684,[0.010888798764048538],[0.05085877765943819],0.003379791587082,0.0108887987640485,1.0,1.0,消费调查/results/mpc_allx_screen/all_screen_results.csv,1441,c2e3b71621f77b82766e70a3888c409b7256dd33,Figure4,"six approved all-X families: one omnibus per representation, including unsupported factors; no new standardization"
subjective_economic_pc1,ordinal,rc,5497,1798,5497,constructed,subjective,numeric,ok,,150,-0.0088973773194399,0.0609128268279689,-0.128286517902259,0.1104917632633792,0.0213356809210308,1.0,0.8838681933344161,[-0.008897377319439915],[0.06091282682796894],-0.0027616711138628,-0.0088973773194399,0.9999430580494532,1.0,消费调查/results/mpc_allx_screen/all_screen_results.csv,1442,c2e3b71621f77b82766e70a3888c409b7256dd33,Figure4,"six approved all-X families: one omnibus per representation, including unsupported factors; no new standardization"
subjective_economic_pc1,midpoint,cash,1798,1798,5497,constructed,subjective,numeric,ok,,150,0.0061512110126922,0.0086635636904952,-0.0108293738206785,0.023131795846063,0.5041132423588184,1.0,0.4776983532377343,[0.006151211012692226],[0.008663563690495297],0.001909284181071,0.0061512110126922,0.8695302407980895,1.0,消费调查/results/mpc_allx_screen/all_screen_results.csv,1445,c2e3b71621f77b82766e70a3888c409b7256dd33,Figure4,"six approved all-X families: one omnibus per representation, including unsupported factors; no new standardization"
subjective_economic_pc1,midpoint,rc,5497,1798,5497,constructed,subjective,numeric,ok,,150,-0.0059200531777179,0.010289218062306,-0.0260869205798378,0.0142468142244019,0.3310445731305688,1.0,0.5650446519942194,[-0.005920053177717955],[0.010289218062306076],-0.0018375347325906,-0.0059200531777179,0.9497995928172313,1.0,消费调查/results/mpc_allx_screen/all_screen_results.csv,1446,c2e3b71621f77b82766e70a3888c409b7256dd33,Figure4,"six approved all-X families: one omnibus per representation, including unsupported factors; no new standardization"
subjective_economic_pc1,top75,cash,1798,1798,5497,constructed,subjective,numeric,ok,,150,0.0050164162409588,0.0096231405405984,-0.0138449392186139,0.0238777717005317,0.2717399389699592,1.0,0.6021669875848867,[0.0050164162409588875],[0.009623140540598409],0.0015570534248895,0.0050164162409588,0.9771123683502926,1.0,消费调查/results/mpc_allx_screen/all_screen_results.csv,1449,c2e3b71621f77b82766e70a3888c409b7256dd33,Figure4,"six approved all-X families: one omnibus per representation, including unsupported factors; no new standardization"
subjective_economic_pc1,top75,rc,5497,1798,5497,constructed,subjective,numeric,ok,,150,-0.003339441959519,0.0112257338524559,-0.0253418803103327,0.0186629963912947,0.0884949150109979,1.0,0.7660993505388838,[-0.0033394419595190405],[0.01122573385245599],-0.0010365347073541,-0.003339441959519,1.0,1.0,消费调查/results/mpc_allx_screen/all_screen_results.csv,1450,c2e3b71621f77b82766e70a3888c409b7256dd33,Figure4,"six approved all-X families: one omnibus per representation, including unsupported factors; no new standardization"
social_confidence_pc1,ordinal,cash,1798,1798,5497,constructed,subjective,numeric,ok,,150,0.0081447521826326,0.0508283869600533,-0.0914788862590717,0.1077683906243371,0.0256769298326825,1.0,0.8726918434949604,[0.008144752182632697],[0.050828386960053304],0.0029352173061826,0.0081447521826326,1.0,1.0,消费调查/results/mpc_allx_screen/all_screen_results.csv,1453,c2e3b71621f77b82766e70a3888c409b7256dd33,Figure4,"six approved all-X families: one omnibus per representation, including unsupported factors; no new standardization"
social_confidence_pc1,ordinal,rc,5497,1798,5497,constructed,subjective,numeric,ok,,150,-0.0083320408235611,0.0606205666979608,-0.1271483515515643,0.110484269904442,0.0188913413048728,1.0,0.8906784504410938,[-0.008332040823561156],[0.060620566697960815],-0.0030027126513789,-0.0083320408235611,0.9999430580494532,1.0,消费调查/results/mpc_allx_screen/all_screen_results.csv,1454,c2e3b71621f77b82766e70a3888c409b7256dd33,Figure4,"six approved all-X families: one omnibus per representation, including unsupported factors; no new standardization"
social_confidence_pc1,midpoint,cash,1798,1798,5497,constructed,subjective,numeric,ok,,150,0.0050764704908407,0.00861734631429,-0.0118135282851676,0.0219664692668491,0.3470376857302499,1.0,0.5557948334901808,[0.005076470490840731],[0.008617346314290012],0.0018294656123257,0.0050764704908407,0.8695302407980895,1.0,消费调查/results/mpc_allx_screen/all_screen_results.csv,1457,c2e3b71621f77b82766e70a3888c409b7256dd33,Figure4,"six approved all-X families: one omnibus per representation, including unsupported factors; no new standardization"
social_confidence_pc1,midpoint,rc,5497,1798,5497,constructed,subjective,numeric,ok,,150,-0.0053001120348032,0.010190388134736,-0.0252732727788859,0.0146730487092795,0.270513315986345,1.0,0.6029876433286812,[-0.0053001120348032185],[0.010190388134736099],-0.0019100618681111,-0.0053001120348032,0.9497995928172313,1.0,消费调查/results/mpc_allx_screen/all_screen_results.csv,1458,c2e3b71621f77b82766e70a3888c409b7256dd33,Figure4,"six approved all-X families: one omnibus per representation, including unsupported factors; no new standardization"
social_confidence_pc1,top75,cash,1798,1798,5497,constructed,subjective,numeric,ok,,150,0.0045415052390511,0.0093799910352191,-0.0138432771899784,0.0229262876680807,0.2344200706137772,1.0,0.6282656056801524,[0.0045415052390511594],[0.009379991035219198],0.0016366740785811,0.0045415052390511,0.9771123683502926,1.0,消费调查/results/mpc_allx_screen/all_screen_results.csv,1461,c2e3b71621f77b82766e70a3888c409b7256dd33,Figure4,"six approved all-X families: one omnibus per representation, including unsupported factors; no new standardization"
social_confidence_pc1,top75,rc,5497,1798,5497,constructed,subjective,numeric,ok,,150,-0.0030893383060333,0.0109019305778257,-0.0244571222385718,0.0182784456265051,0.0803015844578638,1.0,0.7768891282644979,[-0.003089338306033327],[0.010901930577825769],-0.0011133401062659,-0.0030893383060333,1.0,1.0,消费调查/results/mpc_allx_screen/all_screen_results.csv,1462,c2e3b71621f77b82766e70a3888c409b7256dd33,Figure4,"six approved all-X families: one omnibus per representation, including unsupported factors; no new standardization"
wellbeing_optimism_pc1,ordinal,cash,1798,1798,5497,constructed,subjective,numeric,ok,,150,-0.0157053817288863,0.0498261611947873,-0.1133646576706695,0.0819538942128969,0.0993532632234523,1.0,0.7526071280571194,[-0.015705381728886327],[0.049826161194787374],-0.0079940879329865,-0.0157053817288863,1.0,1.0,消费调查/results/mpc_allx_screen/all_screen_results.csv,1465,c2e3b71621f77b82766e70a3888c409b7256dd33,Figure4,"six approved all-X families: one omnibus per representation, including unsupported factors; no new standardization"
wellbeing_optimism_pc1,ordinal,rc,5497,1798,5497,constructed,subjective,numeric,ok,,150,0.0181855836557401,0.0602816182506997,-0.0999663881156312,0.1363375554271115,0.0910090714489459,1.0,0.7628982285075955,[0.018185583655740134],[0.0602816182506997],0.0092565183939007,0.0181855836557401,0.9999430580494532,1.0,消费调查/results/mpc_allx_screen/all_screen_results.csv,1466,c2e3b71621f77b82766e70a3888c409b7256dd33,Figure4,"six approved all-X families: one omnibus per representation, including unsupported factors; no new standardization"
wellbeing_optimism_pc1,midpoint,cash,1798,1798,5497,constructed,subjective,numeric,ok,,150,0.002151271001588,0.0084600380976216,-0.0144304036697503,0.0187329456729264,0.0646614752308545,1.0,0.7992744546447694,[0.0021512710015880606],[0.008460038097621627],0.0010950036013927,0.002151271001588,0.9056432822820394,1.0,消费调查/results/mpc_allx_screen/all_screen_results.csv,1469,c2e3b71621f77b82766e70a3888c409b7256dd33,Figure4,"six approved all-X families: one omnibus per representation, including unsupported factors; no new standardization"
wellbeing_optimism_pc1,midpoint,rc,5497,1798,5497,constructed,subjective,numeric,ok,,150,-0.0012282795943083,0.0101722663926181,-0.0211659217238398,0.0187093625352231,0.0145800503489195,1.0,0.9038907342360254,[-0.0012282795943083344],[0.010172266392618106],-0.0006251981169699,-0.0012282795943083,0.9660347498173868,1.0,消费调查/results/mpc_allx_screen/all_screen_results.csv,1470,c2e3b71621f77b82766e70a3888c409b7256dd33,Figure4,"six approved all-X families: one omnibus per representation, including unsupported factors; no new standardization"
wellbeing_optimism_pc1,top75,cash,1798,1798,5497,constructed,subjective,numeric,ok,,150,0.0019756032121672,0.0092809653377515,-0.0162150888498257,0.0201662952741601,0.0453119910468603,1.0,0.8314313780591462,[0.0019756032121672155],[0.009280965337751518],0.001005588152608,0.0019756032121672,0.9897992595942218,1.0,消费调查/results/mpc_allx_screen/all_screen_results.csv,1473,c2e3b71621f77b82766e70a3888c409b7256dd33,Figure4,"six approved all-X families: one omnibus per representation, including unsupported factors; no new standardization"
wellbeing_optimism_pc1,top75,rc,5497,1798,5497,constructed,subjective,numeric,ok,,150,0.0018646319165788,0.0110039459330964,-0.0197031021122901,0.0234323659454478,0.0287137114445128,1.0,0.8654417487004371,[0.001864631916578853],[0.01100394593309645],0.000949103419522,0.0018646319165788,1.0,1.0,消费调查/results/mpc_allx_screen/all_screen_results.csv,1474,c2e3b71621f77b82766e70a3888c409b7256dd33,Figure4,"six approved all-X families: one omnibus per representation, including unsupported factors; no new standardization"
diagnostic_global_pc1,ordinal,cash,1798,1798,5497,constructed,subjective,numeric,ok,,150,0.0067613185519643,0.0507986659340566,-0.0928040666787866,0.1063267037827152,0.0177156944534373,1.0,0.8941140442465451,[0.006761318551964317],[0.05079866593405662],0.001552158327188,0.0067613185519643,1.0,1.0,消费调查/results/mpc_allx_screen/all_screen_results.csv,1477,c2e3b71621f77b82766e70a3888c409b7256dd33,Figure4,"six approved all-X families: one omnibus per representation, including unsupported factors; no new standardization"
diagnostic_global_pc1,ordinal,rc,5497,1798,5497,constructed,subjective,numeric,ok,,150,-0.0057487858732069,0.06077299499719,-0.1248638560676993,0.1133662843212855,0.0089481032360325,1.0,0.9246369866036483,[-0.0057487858732069],[0.06077299499719004],-0.0013197168267906,-0.0057487858732069,0.9999430580494532,1.0,消费调查/results/mpc_allx_screen/all_screen_results.csv,1478,c2e3b71621f77b82766e70a3888c409b7256dd33,Figure4,"six approved all-X families: one omnibus per representation, including unsupported factors; no new standardization"
diagnostic_global_pc1,midpoint,cash,1798,1798,5497,constructed,subjective,numeric,ok,,150,0.0053899225084369,0.0086266887295827,-0.0115183874015452,0.0222982324184191,0.3903703163925962,1.0,0.5321048119684741,[0.005389922508436953],[0.008626688729582761],0.0012373345583515,0.0053899225084369,0.8695302407980895,1.0,消费调查/results/mpc_allx_screen/all_screen_results.csv,1481,c2e3b71621f77b82766e70a3888c409b7256dd33,Figure4,"six approved all-X families: one omnibus per representation, including unsupported factors; no new standardization"
diagnostic_global_pc1,midpoint,rc,5497,1798,5497,constructed,subjective,numeric,ok,,150,-0.0054033729941928,0.0102374389662548,-0.0254687533680523,0.0146620073796666,0.2785782748190953,1.0,0.5976345833375731,[-0.005403372994192841],[0.01023743896625484],-0.0012404223116219,-0.0054033729941928,0.9497995928172313,1.0,消费调查/results/mpc_allx_screen/all_screen_results.csv,1482,c2e3b71621f77b82766e70a3888c409b7256dd33,Figure4,"six approved all-X families: one omnibus per representation, including unsupported factors; no new standardization"
diagnostic_global_pc1,top75,cash,1798,1798,5497,constructed,subjective,numeric,ok,,150,0.0046658940460698,0.0094816213291089,-0.0139180837589836,0.0232498718511234,0.2421611841155492,1.0,0.6226495327461625,[0.004665894046069887],[0.009481621329108939],0.001071123367687,0.0046658940460698,0.9771123683502926,1.0,消费调查/results/mpc_allx_screen/all_screen_results.csv,1485,c2e3b71621f77b82766e70a3888c409b7256dd33,Figure4,"six approved all-X families: one omnibus per representation, including unsupported factors; no new standardization"
diagnostic_global_pc1,top75,rc,5497,1798,5497,constructed,subjective,numeric,ok,,150,-0.0030407125673896,0.0110602704429253,-0.0247188426355232,0.0186374175007439,0.0755821506610331,1.0,0.7833761023333861,[-0.003040712567389644],[0.011060270442925315],-0.0006980394867933,-0.0030407125673896,1.0,1.0,消费调查/results/mpc_allx_screen/all_screen_results.csv,1486,c2e3b71621f77b82766e70a3888c409b7256dd33,Figure4,"six approved all-X families: one omnibus per representation, including unsupported factors; no new standardization"
diagnostic_global_pc2,ordinal,cash,1798,1798,5497,constructed,subjective,numeric,ok,,150,-0.0029228266898482,0.0489631926393457,-0.0988906842629658,0.0930450308832694,0.0035634172051207,1.0,0.9523990598628378,[-0.0029228266898482388],[0.04896319263934574],-0.0029552818287944,-0.0029228266898482,1.0,1.0,消费调查/results/mpc_allx_screen/all_screen_results.csv,1489,c2e3b71621f77b82766e70a3888c409b7256dd33,Figure4,"six approved all-X families: one omnibus per representation, including unsupported factors; no new standardization"
diagnostic_global_pc2,ordinal,rc,5497,1798,5497,constructed,subjective,numeric,ok,,150,0.0129101557708874,0.0595768222070184,-0.1038604157548686,0.1296807272966434,0.0469578599064763,1.0,0.8284440003977779,[0.0129101557708874],[0.0595768222070184],0.0130535104558631,0.0129101557708874,0.9999430580494532,1.0,消费调查/results/mpc_allx_screen/all_screen_results.csv,1490,c2e3b71621f77b82766e70a3888c409b7256dd33,Figure4,"six approved all-X families: one omnibus per representation, including unsupported factors; no new standardization"
diagnostic_global_pc2,midpoint,cash,1798,1798,5497,constructed,subjective,numeric,ok,,150,-0.0032341016232722,0.008408510097655,-0.0197147814146761,0.0132465781681316,0.147934417028708,1.0,0.7005171702412993,[-0.003234101623272292],[0.00840851009765505],-0.0032700131666813,-0.0032341016232722,0.8695302407980895,1.0,消费调查/results/mpc_allx_screen/all_screen_results.csv,1493,c2e3b71621f77b82766e70a3888c409b7256dd33,Figure4,"six approved all-X families: one omnibus per representation, including unsupported factors; no new standardization"
diagnostic_global_pc2,midpoint,rc,5497,1798,5497,constructed,subjective,numeric,ok,,150,0.0040024038458171,0.0101423334681911,-0.0158765697518375,0.0238813774434717,0.1557277623473139,1.0,0.6931207157471923,[0.004002403845817122],[0.010142333468191133],0.004046846635869,0.0040024038458171,0.9497995928172313,1.0,消费调查/results/mpc_allx_screen/all_screen_results.csv,1494,c2e3b71621f77b82766e70a3888c409b7256dd33,Figure4,"six approved all-X families: one omnibus per representation, including unsupported factors; no new standardization"
diagnostic_global_pc2,top75,cash,1798,1798,5497,constructed,subjective,numeric,ok,,150,-0.0040682470029483,0.0091367137108757,-0.0219762058762649,0.0138397118703681,0.1982597674308311,1.0,0.6561291934989563,[-0.004068247002948378],[0.009136713710875792],-0.0041134209170251,-0.0040682470029483,0.9771123683502926,1.0,消费调查/results/mpc_allx_screen/all_screen_results.csv,1497,c2e3b71621f77b82766e70a3888c409b7256dd33,Figure4,"six approved all-X families: one omnibus per representation, including unsupported factors; no new standardization"
diagnostic_global_pc2,top75,rc,5497,1798,5497,constructed,subjective,numeric,ok,,150,0.0024024876219698,0.0108420597536329,-0.0188479494951506,0.0236529247390904,0.0491019482932917,1.0,0.8246333836928983,[0.0024024876219698984],[0.010842059753632952],0.0024291649031985,0.0024024876219698,1.0,1.0,消费调查/results/mpc_allx_screen/all_screen_results.csv,1498,c2e3b71621f77b82766e70a3888c409b7256dd33,Figure4,"six approved all-X families: one omnibus per representation, including unsupported factors; no new standardization"
diagnostic_global_pc3,ordinal,cash,1798,1798,5497,constructed,subjective,numeric,ok,,150,-0.0136619676460166,0.0516227522549309,-0.1148425620656812,0.0875186267736479,0.0700396867031752,1.0,0.7912790051065081,[-0.013661967646016668],[0.051622752254930925],-0.0155340263564409,-0.0136619676460166,1.0,1.0,消费调查/results/mpc_allx_screen/all_screen_results.csv,1501,c2e3b71621f77b82766e70a3888c409b7256dd33,Figure4,"six approved all-X families: one omnibus per representation, including unsupported factors; no new standardization"
diagnostic_global_pc3,ordinal,rc,5497,1798,5497,constructed,subjective,numeric,ok,,150,-0.0173264407494927,0.0620495873227119,-0.1389436319020081,0.1042907504030227,0.0779724033353312,1.0,0.780064185622936,[-0.017326440749492716],[0.062049587322711965],-0.0197006312882322,-0.0173264407494927,0.9999430580494532,1.0,消费调查/results/mpc_allx_screen/all_screen_results.csv,1502,c2e3b71621f77b82766e70a3888c409b7256dd33,Figure4,"six approved all-X families: one omnibus per representation, including unsupported factors; no new standardization"
diagnostic_global_pc3,midpoint,cash,1798,1798,5497,constructed,subjective,numeric,ok,,150,-0.0030520649245278,0.0088571857684393,-0.0204121490306689,0.0143080191816132,0.1187397222069065,1.0,0.7304054022703952,[-0.0030520649245278624],[0.008857185768439337],-0.0034702802852126,-0.0030520649245278,0.8695302407980895,1.0,消费调查/results/mpc_allx_screen/all_screen_results.csv,1505,c2e3b71621f77b82766e70a3888c409b7256dd33,Figure4,"six approved all-X families: one omnibus per representation, including unsupported factors; no new standardization"
diagnostic_global_pc3,midpoint,rc,5497,1798,5497,constructed,subjective,numeric,ok,,150,-0.0020265771722615,0.0106468688443159,-0.0228944401071209,0.0188412857625977,0.0362311804832131,1.0,0.8490388726052518,[-0.0020265771722615894],[0.010646868844315994],-0.0023042730024654,-0.0020265771722615,0.9575626382765996,1.0,消费调查/results/mpc_allx_screen/all_screen_results.csv,1506,c2e3b71621f77b82766e70a3888c409b7256dd33,Figure4,"six approved all-X families: one omnibus per representation, including unsupported factors; no new standardization"
diagnostic_global_pc3,top75,cash,1798,1798,5497,constructed,subjective,numeric,ok,,150,0.0039738560977717,0.0098201045516193,-0.0152735488234021,0.0232212610189457,0.1637540498054253,1.0,0.6857235113481603,[0.003973856097771794],[0.009820104551619383],0.004518381755756,0.0039738560977717,0.9771123683502926,1.0,消费调查/results/mpc_allx_screen/all_screen_results.csv,1509,c2e3b71621f77b82766e70a3888c409b7256dd33,Figure4,"six approved all-X families: one omnibus per representation, including unsupported factors; no new standardization"
diagnostic_global_pc3,top75,rc,5497,1798,5497,constructed,subjective,numeric,ok,,150,-0.0064107732223748,0.0118921461139792,-0.0297193796057741,0.0168978331610245,0.2906031752816091,1.0,0.5898342604531777,[-0.006410773222374812],[0.011892146113979247],-0.0072892223713157,-0.0064107732223748,1.0,1.0,消费调查/results/mpc_allx_screen/all_screen_results.csv,1510,c2e3b71621f77b82766e70a3888c409b7256dd33,Figure4,"six approved all-X families: one omnibus per representation, including unsupported factors; no new standardization"
diagnostic_global_pc4,ordinal,cash,1798,1798,5497,constructed,subjective,numeric,ok,,150,-0.0114542807308783,0.0503447642878839,-0.1101300187351308,0.0872214572733742,0.0517639038931219,1.0,0.8200218908100485,[-0.011454280730878322],[0.050344764287883946],-0.014271265936206,-0.0114542807308783,1.0,1.0,消费调查/results/mpc_allx_screen/all_screen_results.csv,1513,c2e3b71621f77b82766e70a3888c409b7256dd33,Figure4,"six approved all-X families: one omnibus per representation, including unsupported factors; no new standardization"
diagnostic_global_pc4,ordinal,rc,5497,1798,5497,constructed,subjective,numeric,ok,,150,0.026380732879379,0.0610843938423147,-0.0933446790515577,0.1461061448103159,0.1865147470853072,1.0,0.6658333331426987,[0.02638073287937909],[0.0610843938423147],0.0328686246966783,0.026380732879379,0.9999430580494532,1.0,消费调查/results/mpc_allx_screen/all_screen_results.csv,1514,c2e3b71621f77b82766e70a3888c409b7256dd33,Figure4,"six approved all-X families: one omnibus per representation, including unsupported factors; no new standardization"
diagnostic_global_pc4,midpoint,cash,1798,1798,5497,constructed,subjective,numeric,ok,,150,-0.0021215589280698,0.0089033405739437,-0.0195721064529995,0.0153289885968598,0.0567811553880771,1.0,0.8116577532580027,[-0.0021215589280698397],[0.00890334057394373],-0.002643320202568,-0.0021215589280698,0.9085721118559732,1.0,消费调查/results/mpc_allx_screen/all_screen_results.csv,1517,c2e3b71621f77b82766e70a3888c409b7256dd33,Figure4,"six approved all-X families: one omnibus per representation, including unsupported factors; no new standardization"
diagnostic_global_pc4,midpoint,rc,5497,1798,5497,constructed,subjective,numeric,ok,,150,0.0031132661149684,0.010666294535054,-0.0177926711737373,0.0240192034036743,0.0851932812646896,1.0,0.7703792311410502,[0.003113266114968474],[0.010666294535054013],0.0038789208769014,0.0031132661149684,0.9497995928172313,1.0,消费调查/results/mpc_allx_screen/all_screen_results.csv,1518,c2e3b71621f77b82766e70a3888c409b7256dd33,Figure4,"six approved all-X families: one omnibus per representation, including unsupported factors; no new standardization"
diagnostic_global_pc4,top75,cash,1798,1798,5497,constructed,subjective,numeric,ok,,150,-0.0076909508524578,0.0103859846441538,-0.0280474807549993,0.0126655790500836,0.5483586769052468,1.0,0.4589891144073482,[-0.007690950852457835],[0.010385984644153818],-0.0095824091880189,-0.0076909508524578,0.9771123683502926,1.0,消费调查/results/mpc_allx_screen/all_screen_results.csv,1521,c2e3b71621f77b82766e70a3888c409b7256dd33,Figure4,"six approved all-X families: one omnibus per representation, including unsupported factors; no new standardization"
diagnostic_global_pc4,top75,rc,5497,1798,5497,constructed,subjective,numeric,ok,,150,0.0053025133930671,0.012222357667012,-0.0186533076342765,0.0292583344204109,0.1882147136484215,1.0,0.6644066679701217,[0.005302513393067196],[0.012222357667012095],0.0066065762260179,0.0053025133930671,1.0,1.0,消费调查/results/mpc_allx_screen/all_screen_results.csv,1522,c2e3b71621f77b82766e70a3888c409b7256dd33,Figure4,"six approved all-X families: one omnibus per representation, including unsupported factors; no new standardization"
diagnostic_global_pc5,ordinal,cash,1798,1798,5497,constructed,subjective,numeric,ok,,150,0.0148844148297205,0.0494832220363176,-0.082102700361462,0.1118715300209031,0.090478957889052,1.0,0.7635691406693788,[0.014884414829720511],[0.04948322203631765],0.0208382531660451,0.0148844148297205,1.0,1.0,消费调查/results/mpc_allx_screen/all_screen_results.csv,1525,c2e3b71621f77b82766e70a3888c409b7256dd33,Figure4,"six approved all-X families: one omnibus per representation, including unsupported factors; no new standardization"
diagnostic_global_pc5,ordinal,rc,5497,1798,5497,constructed,subjective,numeric,ok,,150,-0.0159704181826743,0.0601839882523651,-0.13393103515731,0.1019901987919613,0.0704158860378786,1.0,0.7907322104805001,[-0.01597041818267436],[0.060183988252365136],-0.0223586631429855,-0.0159704181826743,0.9999430580494532,1.0,消费调查/results/mpc_allx_screen/all_screen_results.csv,1526,c2e3b71621f77b82766e70a3888c409b7256dd33,Figure4,"six approved all-X families: one omnibus per representation, including unsupported factors; no new standardization"
diagnostic_global_pc5,midpoint,cash,1798,1798,5497,constructed,subjective,numeric,ok,,150,0.0030881787869701,0.0086853686867316,-0.0139351438390238,0.0201115014129641,0.1264236584004038,1.0,0.7221693193527261,[0.003088178786970153],[0.008685368686731636],0.004323465324038,0.0030881787869701,0.8695302407980895,1.0,消费调查/results/mpc_allx_screen/all_screen_results.csv,1529,c2e3b71621f77b82766e70a3888c409b7256dd33,Figure4,"six approved all-X families: one omnibus per representation, including unsupported factors; no new standardization"
diagnostic_global_pc5,midpoint,rc,5497,1798,5497,constructed,subjective,numeric,ok,,150,-0.0016984853078035,0.0103682991403673,-0.0220203516229234,0.0186233810073164,0.0268354295614812,1.0,0.869876601886807,[-0.001698485307803515],[0.010368299140367318],-0.0023778876931154,-0.0016984853078035,0.9594227226692724,1.0,消费调查/results/mpc_allx_screen/all_screen_results.csv,1530,c2e3b71621f77b82766e70a3888c409b7256dd33,Figure4,"six approved all-X families: one omnibus per representation, including unsupported factors; no new standardization"
diagnostic_global_pc5,top75,cash,1798,1798,5497,constructed,subjective,numeric,ok,,150,0.0083548472369586,0.0099425820922561,-0.0111326136638634,0.0278423081377806,0.7061202333260425,1.0,0.4007348170463022,[0.008354847236958639],[0.009942582092256153],0.0116968267734477,0.0083548472369586,0.9771123683502926,1.0,消费调查/results/mpc_allx_screen/all_screen_results.csv,1533,c2e3b71621f77b82766e70a3888c409b7256dd33,Figure4,"six approved all-X families: one omnibus per representation, including unsupported factors; no new standardization"
diagnostic_global_pc5,top75,rc,5497,1798,5497,constructed,subjective,numeric,ok,,150,-0.0051221983954829,0.0115445921863928,-0.0277495990808128,0.0175052022898469,0.1968591472246378,1.0,0.6572680862554567,[-0.0051221983954829325],[0.011544592186392809],-0.007171102670335,-0.0051221983954829,1.0,1.0,消费调查/results/mpc_allx_screen/all_screen_results.csv,1534,c2e3b71621f77b82766e70a3888c409b7256dd33,Figure4,"six approved all-X families: one omnibus per representation, including unsupported factors; no new standardization"
diagnostic_global_pc6,ordinal,cash,1798,1798,5497,constructed,subjective,numeric,ok,,150,0.0414105141392838,0.0444454319968693,-0.04570253257458,0.1285235608531476,0.8680944539740741,1.0,0.3514833850065241,[0.041410514139283816],[0.04444543199686932],0.0631110599523052,0.0414105141392838,1.0,1.0,消费调查/results/mpc_allx_screen/all_screen_results.csv,1537,c2e3b71621f77b82766e70a3888c409b7256dd33,Figure4,"six approved all-X families: one omnibus per representation, including unsupported factors; no new standardization"
diagnostic_global_pc6,ordinal,rc,5497,1798,5497,constructed,subjective,numeric,ok,,150,-0.0583333378334633,0.0555317743802555,-0.1671756156187641,0.0505089399518374,1.1034446514986298,1.0,0.2935113882282159,[-0.05833333783346332],[0.0555317743802555],-0.088902030263212,-0.0583333378334633,0.9999430580494532,1.0,消费调查/results/mpc_allx_screen/all_screen_results.csv,1538,c2e3b71621f77b82766e70a3888c409b7256dd33,Figure4,"six approved all-X families: one omnibus per representation, including unsupported factors; no new standardization"
diagnostic_global_pc6,midpoint,cash,1798,1798,5497,constructed,subjective,numeric,ok,,150,0.0045158110497542,0.0072823775827112,-0.0097576490123598,0.0187892711118682,0.3845254934494652,1.0,0.5351911647382784,[0.0045158110497542136],[0.007282377582711239],0.0068822526794942,0.0045158110497542,0.8695302407980895,1.0,消费调查/results/mpc_allx_screen/all_screen_results.csv,1541,c2e3b71621f77b82766e70a3888c409b7256dd33,Figure4,"six approved all-X families: one omnibus per representation, including unsupported factors; no new standardization"
diagnostic_global_pc6,midpoint,rc,5497,1798,5497,constructed,subjective,numeric,ok,,150,-0.0056795145351072,0.0091390171708852,-0.0235919881900422,0.0122329591198277,0.3862099372519333,1.0,0.5342983779997539,[-0.005679514535107284],[0.009139017170885208],-0.0086557771564857,-0.0056795145351072,0.9497995928172313,1.0,消费调查/results/mpc_allx_screen/all_screen_results.csv,1542,c2e3b71621f77b82766e70a3888c409b7256dd33,Figure4,"six approved all-X families: one omnibus per representation, including unsupported factors; no new standardization"
diagnostic_global_pc6,top75,cash,1798,1798,5497,constructed,subjective,numeric,ok,,150,-0.0039184144210576,0.0076071392182726,-0.018828407288872,0.0109915784467568,0.2653248965416085,1.0,0.6064852544992826,[-0.00391841442105763],[0.00760713921827267],-0.0059717994954993,-0.0039184144210576,0.9771123683502926,1.0,消费调查/results/mpc_allx_screen/all_screen_results.csv,1545,c2e3b71621f77b82766e70a3888c409b7256dd33,Figure4,"six approved all-X families: one omnibus per representation, including unsupported factors; no new standardization"
diagnostic_global_pc6,top75,rc,5497,1798,5497,constructed,subjective,numeric,ok,,150,0.0041347198319921,0.0095107018550849,-0.0145062558039743,0.0227756954679585,0.1890022783138268,1.0,0.6637483130014872,[0.00413471983199213],[0.009510701855084932],0.0063014564447364,0.0041347198319921,1.0,1.0,消费调查/results/mpc_allx_screen/all_screen_results.csv,1546,c2e3b71621f77b82766e70a3888c409b7256dd33,Figure4,"six approved all-X families: one omnibus per representation, including unsupported factors; no new standardization"
diagnostic_global_pc7,ordinal,cash,1798,1798,5497,constructed,subjective,numeric,ok,,150,0.1033185004277074,0.049057227333418,0.0071663348542081,0.1994706660012067,4.4355776961483055,1.0,0.0351973062772449,[0.10331850042770742],[0.049057227333418],0.1726139197302383,0.1033185004277074,1.0,1.0,消费调查/results/mpc_allx_screen/all_screen_results.csv,1549,c2e3b71621f77b82766e70a3888c409b7256dd33,Figure4,"six approved all-X families: one omnibus per representation, including unsupported factors; no new standardization"
diagnostic_global_pc7,ordinal,rc,5497,1798,5497,constructed,subjective,numeric,ok,,150,-0.0977832532967112,0.0588615557565379,-0.2131519025795255,0.017585395986103,2.7597229893867894,1.0,0.0966649738847072,[-0.09778325329671121],[0.058861555756537905],-0.1633661983637697,-0.0977832532967112,0.9445801195150122,1.0,消费调查/results/mpc_allx_screen/all_screen_results.csv,1550,c2e3b71621f77b82766e70a3888c409b7256dd33,Figure4,"six approved all-X families: one omnibus per representation, including unsupported factors; no new standardization"
diagnostic_global_pc7,midpoint,cash,1798,1798,5497,constructed,subjective,numeric,ok,,150,0.0187828977766398,0.0086480203432932,0.001832777903785,0.0357330176494946,4.717281407892299,1.0,0.0298609174884442,[0.01878289777663986],[0.008648020343293265],0.0313805329703441,0.0187828977766398,0.8695302407980895,1.0,消费调查/results/mpc_allx_screen/all_screen_results.csv,1553,c2e3b71621f77b82766e70a3888c409b7256dd33,Figure4,"six approved all-X families: one omnibus per representation, including unsupported factors; no new standardization"
diagnostic_global_pc7,midpoint,rc,5497,1798,5497,constructed,subjective,numeric,ok,,150,-0.0178317539937366,0.0101456764542976,-0.03771727984416,0.0020537718566867,3.089058343111261,1.0,0.0788204090904761,[-0.017831753993736668],[0.010145676454297651],-0.0297914598042189,-0.0178317539937366,0.9497995928172313,1.0,消费调查/results/mpc_allx_screen/all_screen_results.csv,1554,c2e3b71621f77b82766e70a3888c409b7256dd33,Figure4,"six approved all-X families: one omnibus per representation, including unsupported factors; no new standardization"
diagnostic_global_pc7,top75,cash,1798,1798,5497,constructed,subjective,numeric,ok,,150,0.0186337408976833,0.0101575651865842,-0.0012750868680218,0.0385425686633884,3.3652773959735702,1.0,0.0665843696361548,[0.018633740897683305],[0.010157565186584281],0.0311313370042312,0.0186337408976833,0.9771123683502926,1.0,消费调查/results/mpc_allx_screen/all_screen_results.csv,1557,c2e3b71621f77b82766e70a3888c409b7256dd33,Figure4,"six approved all-X families: one omnibus per representation, including unsupported factors; no new standardization"
diagnostic_global_pc7,top75,rc,5497,1798,5497,constructed,subjective,numeric,ok,,150,-0.0154992962293644,0.0114924621692322,-0.0380245220810597,0.0070259296223308,1.8188538006772716,1.0,0.1774497725848392,[-0.015499296229364445],[0.01149246216923227],-0.025894629365848,-0.0154992962293644,1.0,1.0,消费调查/results/mpc_allx_screen/all_screen_results.csv,1558,c2e3b71621f77b82766e70a3888c409b7256dd33,Figure4,"six approved all-X families: one omnibus per representation, including unsupported factors; no new standardization"
diagnostic_global_pc8,ordinal,cash,1798,1798,5497,constructed,subjective,numeric,ok,,150,-0.0006262559032899,0.0446961629479124,-0.0882307352811982,0.0869782234746184,0.0001963193837292,1.0,0.9888208845145192,[-0.0006262559032899082],[0.044696162947912406],-0.0010669587715943,-0.0006262559032899,1.0,1.0,消费调查/results/mpc_allx_screen/all_screen_results.csv,1561,c2e3b71621f77b82766e70a3888c409b7256dd33,Figure4,"six approved all-X families: one omnibus per representation, including unsupported factors; no new standardization"
diagnostic_global_pc8,ordinal,rc,5497,1798,5497,constructed,subjective,numeric,ok,,150,-0.019723373967668,0.0569209371270943,-0.131288410736773,0.0918416628014369,0.1200655281205308,1.0,0.728963429883751,[-0.019723373967668052],[0.056920937127094395],-0.0336029197484424,-0.019723373967668,0.9999430580494532,1.0,消费调查/results/mpc_allx_screen/all_screen_results.csv,1562,c2e3b71621f77b82766e70a3888c409b7256dd33,Figure4,"six approved all-X families: one omnibus per representation, including unsupported factors; no new standardization"
diagnostic_global_pc8,midpoint,cash,1798,1798,5497,constructed,subjective,numeric,ok,,150,-0.0030818736291964,0.0074757997044272,-0.0177344410498739,0.011570693791481,0.1699473274541382,1.0,0.6801586236731304,[-0.003081873629196467],[0.0074757997044272795],-0.005250620528034,-0.0030818736291964,0.8695302407980895,1.0,消费调查/results/mpc_allx_screen/all_screen_results.csv,1565,c2e3b71621f77b82766e70a3888c409b7256dd33,Figure4,"six approved all-X families: one omnibus per representation, including unsupported factors; no new standardization"
diagnostic_global_pc8,midpoint,rc,5497,1798,5497,constructed,subjective,numeric,ok,,150,0.0025946822545915,0.009650685212236,-0.0163206607613911,0.0215100252705742,0.072285645465746,1.0,0.7880374967451971,[0.00259468225459156],[0.009650685212236056],0.0044205874571295,0.0025946822545915,0.9497995928172313,1.0,消费调查/results/mpc_allx_screen/all_screen_results.csv,1566,c2e3b71621f77b82766e70a3888c409b7256dd33,Figure4,"six approved all-X families: one omnibus per representation, including unsupported factors; no new standardization"
diagnostic_global_pc8,top75,cash,1798,1798,5497,constructed,subjective,numeric,ok,,150,-0.0034521380359005,0.007934925821359,-0.0190045926457643,0.0121003165739633,0.1892738270639203,1.0,0.6635216933106098,[-0.003452138035900506],[0.00793492582135909],-0.0058814438934773,-0.0034521380359005,0.9771123683502926,1.0,消费调查/results/mpc_allx_screen/all_screen_results.csv,1569,c2e3b71621f77b82766e70a3888c409b7256dd33,Figure4,"six approved all-X families: one omnibus per representation, including unsupported factors; no new standardization"
diagnostic_global_pc8,top75,rc,5497,1798,5497,constructed,subjective,numeric,ok,,150,0.0044903020842352,0.0104692757774128,-0.016029478439494,0.0250100826079644,0.1839576437478532,1.0,0.6679939353987423,[0.004490302084235219],[0.010469275777412874],0.0076501749056812,0.0044903020842352,1.0,1.0,消费调查/results/mpc_allx_screen/all_screen_results.csv,1570,c2e3b71621f77b82766e70a3888c409b7256dd33,Figure4,"six approved all-X families: one omnibus per representation, including unsupported factors; no new standardization"
diagnostic_global_pc9,ordinal,cash,1798,1798,5497,constructed,subjective,numeric,ok,,150,-0.0470722289647367,0.0484489093278444,-0.1420320912473118,0.0478876333178383,0.943977227547228,1.0,0.3312570951205109,[-0.047072228964736715],[0.04844890932784443],-0.0825964320774655,-0.0470722289647367,1.0,1.0,消费调查/results/mpc_allx_screen/all_screen_results.csv,1573,c2e3b71621f77b82766e70a3888c409b7256dd33,Figure4,"six approved all-X families: one omnibus per representation, including unsupported factors; no new standardization"
diagnostic_global_pc9,ordinal,rc,5497,1798,5497,constructed,subjective,numeric,ok,,150,0.0407141409638481,0.0590283013864729,-0.0749813297536388,0.156409611681335,0.4757403413508309,1.0,0.4903581288007573,[0.04071414096384812],[0.05902830138647292],0.0714400582396905,0.0407141409638481,0.9999430580494532,1.0,消费调查/results/mpc_allx_screen/all_screen_results.csv,1574,c2e3b71621f77b82766e70a3888c409b7256dd33,Figure4,"six approved all-X families: one omnibus per representation, including unsupported factors; no new standardization"
diagnostic_global_pc9,midpoint,cash,1798,1798,5497,constructed,subjective,numeric,ok,,150,-0.0091987400915461,0.0082980048311658,-0.0254628295606312,0.0070653493775389,1.2288795852715824,1.0,0.2676250427474198,[-0.00919874009154613],[0.008298004831165872],-0.0161407931572313,-0.0091987400915461,0.8695302407980895,1.0,消费调查/results/mpc_allx_screen/all_screen_results.csv,1577,c2e3b71621f77b82766e70a3888c409b7256dd33,Figure4,"six approved all-X families: one omnibus per representation, including unsupported factors; no new standardization"
diagnostic_global_pc9,midpoint,rc,5497,1798,5497,constructed,subjective,numeric,ok,,150,0.0076898936910468,0.010024457572851,-0.0119580431517412,0.0273378305338348,0.5884626561156487,1.0,0.4430142165358012,[0.007689893691046832],[0.010024457572851036],0.0134932591021193,0.0076898936910468,0.9497995928172313,1.0,消费调查/results/mpc_allx_screen/all_screen_results.csv,1578,c2e3b71621f77b82766e70a3888c409b7256dd33,Figure4,"six approved all-X families: one omnibus per representation, including unsupported factors; no new standardization"
diagnostic_global_pc9,top75,cash,1798,1798,5497,constructed,subjective,numeric,ok,,150,-0.0158447298975404,0.0092485752528539,-0.0339719373931342,0.0022824775980533,2.9350804604470597,1.0,0.0866743443064677,[-0.015844729897540443],[0.009248575252853995],-0.0278023409035588,-0.0158447298975404,0.9771123683502926,1.0,消费调查/results/mpc_allx_screen/all_screen_results.csv,1581,c2e3b71621f77b82766e70a3888c409b7256dd33,Figure4,"six approved all-X families: one omnibus per representation, including unsupported factors; no new standardization"
diagnostic_global_pc9,top75,rc,5497,1798,5497,constructed,subjective,numeric,ok,,150,0.0142472190991966,0.0109006705546898,-0.0071180951879955,0.0356125333863887,1.7082592357657496,1.0,0.1912113816073375,[0.014247219099196625],[0.010900670554689863],0.0249992297050797,0.0142472190991966,1.0,1.0,消费调查/results/mpc_allx_screen/all_screen_results.csv,1582,c2e3b71621f77b82766e70a3888c409b7256dd33,Figure4,"six approved all-X families: one omnibus per representation, including unsupported factors; no new standardization"
diagnostic_global_pc10,ordinal,cash,1798,1798,5497,constructed,subjective,numeric,ok,,150,-0.0690113067130066,0.0489512747780979,-0.1649558052780785,0.0269331918520652,1.98752449296648,1.0,0.1585999562220287,[-0.06901130671300663],[0.04895127477809791],-0.1283123051640093,-0.0690113067130066,1.0,1.0,消费调查/results/mpc_allx_screen/all_screen_results.csv,1585,c2e3b71621f77b82766e70a3888c409b7256dd33,Figure4,"six approved all-X families: one omnibus per representation, including unsupported factors; no new standardization"
diagnostic_global_pc10,ordinal,rc,5497,1798,5497,constructed,subjective,numeric,ok,,150,0.069160196904737,0.0583796503987849,-0.0452639178768815,0.1835843116863556,1.4034258198443506,1.0,0.2361508179066325,[0.06916019690473703],[0.05837965039878499],0.1285891357969473,0.069160196904737,0.9999430580494532,1.0,消费调查/results/mpc_allx_screen/all_screen_results.csv,1586,c2e3b71621f77b82766e70a3888c409b7256dd33,Figure4,"six approved all-X families: one omnibus per representation, including unsupported factors; no new standardization"
diagnostic_global_pc10,midpoint,cash,1798,1798,5497,constructed,subjective,numeric,ok,,150,-0.0125928080894508,0.0086576830603405,-0.0295618668877182,0.0043762507088165,2.1156401652924144,1.0,0.1458010751184972,[-0.012592808089450845],[0.008657683060340505],-0.0234137319144674,-0.0125928080894508,0.8695302407980895,1.0,消费调查/results/mpc_allx_screen/all_screen_results.csv,1589,c2e3b71621f77b82766e70a3888c409b7256dd33,Figure4,"six approved all-X families: one omnibus per representation, including unsupported factors; no new standardization"
diagnostic_global_pc10,midpoint,rc,5497,1798,5497,constructed,subjective,numeric,ok,,150,0.0093561114727292,0.0101136807605394,-0.010466702817928,0.0291789257633866,0.8558000216987962,1.0,0.3549167009538435,[0.009356111472729281],[0.010113680760539472],0.0173957614718092,0.0093561114727292,0.9497995928172313,1.0,消费调查/results/mpc_allx_screen/all_screen_results.csv,1590,c2e3b71621f77b82766e70a3888c409b7256dd33,Figure4,"six approved all-X families: one omnibus per representation, including unsupported factors; no new standardization"
diagnostic_global_pc10,top75,cash,1798,1798,5497,constructed,subjective,numeric,ok,,150,-0.0100879884287925,0.0098394345160046,-0.0293732800801615,0.0091973032225765,1.0511601092597134,1.0,0.3052400545238148,[-0.010087988428792518],[0.009839434516004629],-0.0187565358695383,-0.0100879884287925,0.9771123683502926,1.0,消费调查/results/mpc_allx_screen/all_screen_results.csv,1593,c2e3b71621f77b82766e70a3888c409b7256dd33,Figure4,"six approved all-X families: one omnibus per representation, including unsupported factors; no new standardization"
diagnostic_global_pc10,top75,rc,5497,1798,5497,constructed,subjective,numeric,ok,,150,0.0035320096318252,0.0112033738201352,-0.0184266030556399,0.0254906223192903,0.0993907811839347,1.0,0.7525619488229236,[0.0035320096318252055],[0.011203373820135278],0.0065670441454713,0.0035320096318252,1.0,1.0,消费调查/results/mpc_allx_screen/all_screen_results.csv,1594,c2e3b71621f77b82766e70a3888c409b7256dd33,Figure4,"six approved all-X families: one omnibus per representation, including unsupported factors; no new standardization"
diagnostic_global_pc11,ordinal,cash,1798,1798,5497,constructed,subjective,numeric,ok,,150,0.0522295657978154,0.0511389288235716,-0.0480027346963848,0.1524618662920158,1.0431087226660292,1.0,0.3070995658823666,[0.052229565797815486],[0.05113892882357161],0.0983560614795838,0.0522295657978154,1.0,1.0,消费调查/results/mpc_allx_screen/all_screen_results.csv,1597,c2e3b71621f77b82766e70a3888c409b7256dd33,Figure4,"six approved all-X families: one omnibus per representation, including unsupported factors; no new standardization"
diagnostic_global_pc11,ordinal,rc,5497,1798,5497,constructed,subjective,numeric,ok,,150,-0.0862800459462626,0.0600031466863253,-0.2038862134514603,0.031326121558935,2.067629323973867,1.0,0.1504552349597446,[-0.08628004594626262],[0.06000314668632535],-0.1624781936040307,-0.0862800459462626,0.9999430580494532,1.0,消费调查/results/mpc_allx_screen/all_screen_results.csv,1598,c2e3b71621f77b82766e70a3888c409b7256dd33,Figure4,"six approved all-X families: one omnibus per representation, including unsupported factors; no new standardization"
diagnostic_global_pc11,midpoint,cash,1798,1798,5497,constructed,subjective,numeric,ok,,150,0.0080033273929761,0.0088035451515163,-0.0092516211039959,0.0252582758899482,0.8264678691220322,1.0,0.3632958739968963,[0.008003327392976179],[0.008803545151516382],0.0150714590305425,0.0080033273929761,0.8695302407980895,1.0,消费调查/results/mpc_allx_screen/all_screen_results.csv,1601,c2e3b71621f77b82766e70a3888c409b7256dd33,Figure4,"six approved all-X families: one omnibus per representation, including unsupported factors; no new standardization"
diagnostic_global_pc11,midpoint,rc,5497,1798,5497,constructed,subjective,numeric,ok,,150,-0.0118260379192699,0.0102366011999824,-0.0318897762712355,0.0082377004326955,1.3346486941183449,1.0,0.2479798910592183,[-0.011826037919269963],[0.010236601199982423],-0.022270193038753,-0.0118260379192699,0.9497995928172313,1.0,消费调查/results/mpc_allx_screen/all_screen_results.csv,1602,c2e3b71621f77b82766e70a3888c409b7256dd33,Figure4,"six approved all-X families: one omnibus per representation, including unsupported factors; no new standardization"
diagnostic_global_pc11,top75,cash,1798,1798,5497,constructed,subjective,numeric,ok,,150,0.0077563670958769,0.010015009929201,-0.0118730523653572,0.027385786557111,0.599810331776681,1.0,0.4386504022500099,[0.007756367095876904],[0.010015009929201082],0.0146063959615034,0.0077563670958769,0.9771123683502926,1.0,消费调查/results/mpc_allx_screen/all_screen_results.csv,1605,c2e3b71621f77b82766e70a3888c409b7256dd33,Figure4,"six approved all-X families: one omnibus per representation, including unsupported factors; no new standardization"
diagnostic_global_pc11,top75,rc,5497,1798,5497,constructed,subjective,numeric,ok,,150,-0.0052561668806038,0.0113927179357008,-0.0275858940345775,0.0170735602733697,0.2128548746625025,1.0,0.644538925679115,[-0.005256166880603888],[0.011392717935700843],-0.0098981460971144,-0.0052561668806038,1.0,1.0,消费调查/results/mpc_allx_screen/all_screen_results.csv,1606,c2e3b71621f77b82766e70a3888c409b7256dd33,Figure4,"six approved all-X families: one omnibus per representation, including unsupported factors; no new standardization"
diagnostic_global_pc12,ordinal,cash,1798,1798,5497,constructed,subjective,numeric,ok,,150,-0.0303453798029758,0.0499954072510272,-0.1283363780149892,0.0676456184090375,0.3684045066231629,1.0,0.5438752356927619,[-0.03034537980297585],[0.049995407251027246],-0.0590636851160746,-0.0303453798029758,1.0,1.0,消费调查/results/mpc_allx_screen/all_screen_results.csv,1609,c2e3b71621f77b82766e70a3888c409b7256dd33,Figure4,"six approved all-X families: one omnibus per representation, including unsupported factors; no new standardization"
diagnostic_global_pc12,ordinal,rc,5497,1798,5497,constructed,subjective,numeric,ok,,150,0.100890975976869,0.0594234694025937,-0.0155790240522146,0.2173609760059528,2.8826282472617133,1.0,0.0895397664631689,[0.10089097597686908],[0.059423469402593736],0.1963723266883241,0.100890975976869,0.9445801195150122,1.0,消费调查/results/mpc_allx_screen/all_screen_results.csv,1610,c2e3b71621f77b82766e70a3888c409b7256dd33,Figure4,"six approved all-X families: one omnibus per representation, including unsupported factors; no new standardization"
diagnostic_global_pc12,midpoint,cash,1798,1798,5497,constructed,subjective,numeric,ok,,150,-0.0067374017635096,0.0087440114264092,-0.0238756641592718,0.0104008606322524,0.5936950922367809,1.0,0.4409937961495417,[-0.0067374017635096605],[0.008744011426409258],-0.0131135539856184,-0.0067374017635096,0.8695302407980895,1.0,消费调查/results/mpc_allx_screen/all_screen_results.csv,1613,c2e3b71621f77b82766e70a3888c409b7256dd33,Figure4,"six approved all-X families: one omnibus per representation, including unsupported factors; no new standardization"
diagnostic_global_pc12,midpoint,rc,5497,1798,5497,constructed,subjective,numeric,ok,,150,0.0202605328601148,0.0101937667684992,0.0002807499938563,0.0402403157263734,3.9503205771968215,1.0,0.0468624395002684,[0.020260532860114894],[0.01019376676849928],0.0394347258430542,0.0202605328601148,0.9497995928172313,1.0,消费调查/results/mpc_allx_screen/all_screen_results.csv,1614,c2e3b71621f77b82766e70a3888c409b7256dd33,Figure4,"six approved all-X families: one omnibus per representation, including unsupported factors; no new standardization"
diagnostic_global_pc12,top75,cash,1798,1798,5497,constructed,subjective,numeric,ok,,150,-0.0188866574697504,0.0100469553523982,-0.038578689960451,0.0008053750209501,3.5337942793813717,1.0,0.0601300374878432,[-0.018886657469750455],[0.010046955352398279],-0.0367606402335786,-0.0188866574697504,0.9771123683502926,1.0,消费调查/results/mpc_allx_screen/all_screen_results.csv,1617,c2e3b71621f77b82766e70a3888c409b7256dd33,Figure4,"six approved all-X families: one omnibus per representation, including unsupported factors; no new standardization"
diagnostic_global_pc12,top75,rc,5497,1798,5497,constructed,subjective,numeric,ok,,150,0.0279313099445687,0.0114557373377182,0.0054780647626408,0.0503845551264965,5.94478993999166,1.0,0.0147608502592366,[0.027931309944568737],[0.011455737337718288],0.0543649842630643,0.0279313099445687,1.0,1.0,消费调查/results/mpc_allx_screen/all_screen_results.csv,1618,c2e3b71621f77b82766e70a3888c409b7256dd33,Figure4,"six approved all-X families: one omnibus per representation, including unsupported factors; no new standardization"
diagnostic_global_pc13,ordinal,cash,1798,1798,5497,constructed,subjective,numeric,ok,,150,-0.0087322584452086,0.0468755873158457,-0.1006084095842662,0.083143892693849,0.0347024164622946,1.0,0.8522206063564919,[-0.008732258445208637],[0.046875587315845735],-0.0171598621041079,-0.0087322584452086,1.0,1.0,消费调查/results/mpc_allx_screen/all_screen_results.csv,1621,c2e3b71621f77b82766e70a3888c409b7256dd33,Figure4,"six approved all-X families: one omnibus per representation, including unsupported factors; no new standardization"
diagnostic_global_pc13,ordinal,rc,5497,1798,5497,constructed,subjective,numeric,ok,,150,0.0578194381914372,0.0571864647951115,-0.0542660328069814,0.1699049091898559,1.022259688874126,1.0,0.3119836036390632,[0.05781943819143723],[0.05718646479511158],0.1136216469688273,0.0578194381914372,0.9999430580494532,1.0,消费调查/results/mpc_allx_screen/all_screen_results.csv,1622,c2e3b71621f77b82766e70a3888c409b7256dd33,Figure4,"six approved all-X families: one omnibus per representation, including unsupported factors; no new standardization"
diagnostic_global_pc13,midpoint,cash,1798,1798,5497,constructed,subjective,numeric,ok,,150,-0.0038023720926356,0.007986276710815,-0.0194554744458331,0.0118507302605618,0.2266838187714072,1.0,0.6339937038686447,[-0.0038023720926356527],[0.007986276710815036],-0.0074720853932052,-0.0038023720926356,0.8695302407980895,1.0,消费调查/results/mpc_allx_screen/all_screen_results.csv,1625,c2e3b71621f77b82766e70a3888c409b7256dd33,Figure4,"six approved all-X families: one omnibus per representation, including unsupported factors; no new standardization"
diagnostic_global_pc13,midpoint,rc,5497,1798,5497,constructed,subjective,numeric,ok,,150,0.0129452941531291,0.0097829751984537,-0.0062293372358401,0.0321199255420984,1.7509830479155917,1.0,0.1857531972703734,[0.012945294153129165],[0.009782975198453735],0.0254389473191438,0.0129452941531291,0.9497995928172313,1.0,消费调查/results/mpc_allx_screen/all_screen_results.csv,1626,c2e3b71621f77b82766e70a3888c409b7256dd33,Figure4,"six approved all-X families: one omnibus per representation, including unsupported factors; no new standardization"
diagnostic_global_pc13,top75,cash,1798,1798,5497,constructed,subjective,numeric,ok,,150,-0.0065703669815335,0.0090401070190434,-0.0242889767388587,0.0111482427757915,0.5282410056849158,1.0,0.4673473173752562,[-0.00657036698153359],[0.009040107019043463],-0.0129115041754592,-0.0065703669815335,0.9771123683502926,1.0,消费调查/results/mpc_allx_screen/all_screen_results.csv,1629,c2e3b71621f77b82766e70a3888c409b7256dd33,Figure4,"six approved all-X families: one omnibus per representation, including unsupported factors; no new standardization"
diagnostic_global_pc13,top75,rc,5497,1798,5497,constructed,subjective,numeric,ok,,150,0.0128122668272447,0.0109426835723361,-0.008635392974534,0.0342599266290235,1.3708952364718732,1.0,0.2416581292494638,[0.012812266827244777],[0.010942683572336116],0.025177533781904,0.0128122668272447,1.0,1.0,消费调查/results/mpc_allx_screen/all_screen_results.csv,1630,c2e3b71621f77b82766e70a3888c409b7256dd33,Figure4,"six approved all-X families: one omnibus per representation, including unsupported factors; no new standardization"
diagnostic_global_pc14,ordinal,cash,1798,1798,5497,constructed,subjective,numeric,ok,,150,-0.0001436176497517,0.0479734564032247,-0.0941715922000722,0.0938843569005687,8.96217894894275e-06,1.0,0.9976113846525952,[-0.00014361764975173385],[0.04797345640322472],-0.0002847168351968,-0.0001436176497517,1.0,1.0,消费调查/results/mpc_allx_screen/all_screen_results.csv,1633,c2e3b71621f77b82766e70a3888c409b7256dd33,Figure4,"six approved all-X families: one omnibus per representation, including unsupported factors; no new standardization"
diagnostic_global_pc14,ordinal,rc,5497,1798,5497,constructed,subjective,numeric,ok,,150,0.0010197949069714,0.0573556644093506,-0.1113973073353559,0.1134368971492988,0.0003161353400775,1.0,0.9858142042329108,[0.0010197949069714433],[0.05735566440935069],0.0020217067955413,0.0010197949069714,1.0,1.0,消费调查/results/mpc_allx_screen/all_screen_results.csv,1634,c2e3b71621f77b82766e70a3888c409b7256dd33,Figure4,"six approved all-X families: one omnibus per representation, including unsupported factors; no new standardization"
diagnostic_global_pc14,midpoint,cash,1798,1798,5497,constructed,subjective,numeric,ok,,150,-0.0015988206550912,0.00802467677232,-0.0173271871288385,0.014129545818656,0.0396957858245334,1.0,0.8420765653740249,[-0.0015988206550912555],[0.008024676772320055],-0.0031696045559289,-0.0015988206550912,0.9199826046598968,1.0,消费调查/results/mpc_allx_screen/all_screen_results.csv,1637,c2e3b71621f77b82766e70a3888c409b7256dd33,Figure4,"six approved all-X families: one omnibus per representation, including unsupported factors; no new standardization"
diagnostic_global_pc14,midpoint,rc,5497,1798,5497,constructed,subjective,numeric,ok,,150,0.0038295865239613,0.0095790657367101,-0.0149453823199905,0.0226045553679133,0.1598296929707703,1.0,0.6893133626884859,[0.0038295865239613893],[0.009579065736710171],0.007592017813267,0.0038295865239613,0.9497995928172313,1.0,消费调查/results/mpc_allx_screen/all_screen_results.csv,1638,c2e3b71621f77b82766e70a3888c409b7256dd33,Figure4,"six approved all-X families: one omnibus per representation, including unsupported factors; no new standardization"
diagnostic_global_pc14,top75,cash,1798,1798,5497,constructed,subjective,numeric,ok,,150,-0.0011900569124661,0.0086959460740354,-0.0182341112175755,0.0158539973926433,0.0187284478823507,1.0,0.8911478438068655,[-0.0011900569124661266],[0.00869594607403544],-0.0023592451095473,-0.0011900569124661,1.0,1.0,消费调查/results/mpc_allx_screen/all_screen_results.csv,1641,c2e3b71621f77b82766e70a3888c409b7256dd33,Figure4,"six approved all-X families: one omnibus per representation, including unsupported factors; no new standardization"
diagnostic_global_pc14,top75,rc,5497,1798,5497,constructed,subjective,numeric,ok,,150,0.007550330500953,0.010296148072895,-0.0126301197219212,0.0277307807238273,0.5377524100889726,1.0,0.4633656960634242,[0.007550330500953037],[0.010296148072895047],0.0149682591842823,0.007550330500953,1.0,1.0,消费调查/results/mpc_allx_screen/all_screen_results.csv,1642,c2e3b71621f77b82766e70a3888c409b7256dd33,Figure4,"six approved all-X families: one omnibus per representation, including unsupported factors; no new standardization"
diagnostic_global_pc15,ordinal,cash,1798,1798,5497,constructed,subjective,numeric,ok,,150,-0.054480969313857,0.049365648687926,-0.151237640742192,0.0422757021144778,1.2179794342970118,1.0,0.2697575536204315,[-0.05448096931385708],[0.049365648687926006],-0.1158791347269677,-0.054480969313857,1.0,1.0,消费调查/results/mpc_allx_screen/all_screen_results.csv,1645,c2e3b71621f77b82766e70a3888c409b7256dd33,Figure4,"six approved all-X families: one omnibus per representation, including unsupported factors; no new standardization"
diagnostic_global_pc15,ordinal,rc,5497,1798,5497,constructed,subjective,numeric,ok,,150,0.0341598255278485,0.0584282388989016,-0.0803595227139986,0.1486791737696957,0.3418107325549359,1.0,0.5587858929103843,[0.03415982552784855],[0.058428238898901634],0.0726567657375446,0.0341598255278485,0.9999430580494532,1.0,消费调查/results/mpc_allx_screen/all_screen_results.csv,1646,c2e3b71621f77b82766e70a3888c409b7256dd33,Figure4,"six approved all-X families: one omnibus per representation, including unsupported factors; no new standardization"
diagnostic_global_pc15,midpoint,cash,1798,1798,5497,constructed,subjective,numeric,ok,,150,-0.0060694094751044,0.0086810897423753,-0.02308434537016,0.0109455264199511,0.4888148430654349,1.0,0.4844564526094532,[-0.006069409475104468],[0.008681089742375315],-0.0129094237333967,-0.0060694094751044,0.8695302407980895,1.0,消费调查/results/mpc_allx_screen/all_screen_results.csv,1649,c2e3b71621f77b82766e70a3888c409b7256dd33,Figure4,"six approved all-X families: one omnibus per representation, including unsupported factors; no new standardization"
diagnostic_global_pc15,midpoint,rc,5497,1798,5497,constructed,subjective,numeric,ok,,150,0.0021828858955027,0.0101362870777873,-0.0176842367769605,0.022050008567966,0.0463771722964858,1.0,0.8294916443937151,[0.0021828858955027716],[0.010136287077787392],0.0046429226932683,0.0021828858955027,0.9497995928172313,1.0,消费调查/results/mpc_allx_screen/all_screen_results.csv,1650,c2e3b71621f77b82766e70a3888c409b7256dd33,Figure4,"six approved all-X families: one omnibus per representation, including unsupported factors; no new standardization"
diagnostic_global_pc15,top75,cash,1798,1798,5497,constructed,subjective,numeric,ok,,150,0.0008359433777778,0.0101833814434102,-0.0191234842513063,0.0207953710068619,0.0067386003494563,1.0,0.934575957629033,[0.0008359433777778394],[0.010183381443410277],0.001778022610787,0.0008359433777778,1.0,1.0,消费调查/results/mpc_allx_screen/all_screen_results.csv,1653,c2e3b71621f77b82766e70a3888c409b7256dd33,Figure4,"six approved all-X families: one omnibus per representation, including unsupported factors; no new standardization"
diagnostic_global_pc15,top75,rc,5497,1798,5497,constructed,subjective,numeric,ok,,150,0.001870851614021,0.0115724589359154,-0.0208111679003731,0.0245528711284153,0.0261352939513041,1.0,0.8715703456514344,[0.0018708516140210872],[0.011572458935915427],0.0039792365841804,0.001870851614021,1.0,1.0,消费调查/results/mpc_allx_screen/all_screen_results.csv,1654,c2e3b71621f77b82766e70a3888c409b7256dd33,Figure4,"six approved all-X families: one omnibus per representation, including unsupported factors; no new standardization"
diagnostic_global_pc16,ordinal,cash,1798,1798,5497,constructed,subjective,numeric,ok,,150,0.0612766898094399,0.0453779331541464,-0.027664059172687,0.150217438791567,1.8234806996626909,1.0,0.1768995175625988,[0.06127668980943997],[0.04537793315414645],0.1332196143579985,0.0612766898094399,1.0,1.0,消费调查/results/mpc_allx_screen/all_screen_results.csv,1657,c2e3b71621f77b82766e70a3888c409b7256dd33,Figure4,"six approved all-X families: one omnibus per representation, including unsupported factors; no new standardization"
diagnostic_global_pc16,ordinal,rc,5497,1798,5497,constructed,subjective,numeric,ok,,150,-0.0358803130727631,0.055303176164782,-0.1442745383557359,0.0725139122102096,0.4209323451006722,1.0,0.5164721884707826,[-0.035880313072763154],[0.05530317616478205],-0.0780061959198942,-0.0358803130727631,0.9999430580494532,1.0,消费调查/results/mpc_allx_screen/all_screen_results.csv,1658,c2e3b71621f77b82766e70a3888c409b7256dd33,Figure4,"six approved all-X families: one omnibus per representation, including unsupported factors; no new standardization"
diagnostic_global_pc16,midpoint,cash,1798,1798,5497,constructed,subjective,numeric,ok,,150,0.0070684555729177,0.0077585751643015,-0.0081383517491133,0.0222752628949487,0.8300134339770934,1.0,0.3622686444591908,[0.007068455572917734],[0.007758575164301557],0.0153672942918283,0.0070684555729177,0.8695302407980895,1.0,消费调查/results/mpc_allx_screen/all_screen_results.csv,1661,c2e3b71621f77b82766e70a3888c409b7256dd33,Figure4,"six approved all-X families: one omnibus per representation, including unsupported factors; no new standardization"
diagnostic_global_pc16,midpoint,rc,5497,1798,5497,constructed,subjective,numeric,ok,,150,-0.002965270691702,0.009313491129735,-0.0212197133059828,0.0152891719225787,0.1013686539529965,1.0,0.7501933369970517,[-0.002965270691702053],[0.009313491129735084],-0.0064466964394471,-0.002965270691702,0.9497995928172313,1.0,消费调查/results/mpc_allx_screen/all_screen_results.csv,1662,c2e3b71621f77b82766e70a3888c409b7256dd33,Figure4,"six approved all-X families: one omnibus per representation, including unsupported factors; no new standardization"
diagnostic_global_pc16,top75,cash,1798,1798,5497,constructed,subjective,numeric,ok,,150,0.0039529542992721,0.0090010346171623,-0.0136890735503661,0.0215949821489103,0.1928673542708167,1.0,0.6605407816970605,[0.00395295429927212],[0.009001034617162385],0.0085939865381353,0.0039529542992721,0.9771123683502926,1.0,消费调查/results/mpc_allx_screen/all_screen_results.csv,1665,c2e3b71621f77b82766e70a3888c409b7256dd33,Figure4,"six approved all-X families: one omnibus per representation, including unsupported factors; no new standardization"
diagnostic_global_pc16,top75,rc,5497,1798,5497,constructed,subjective,numeric,ok,,150,-0.0027680536419519,0.0103665803448432,-0.0230865511178447,0.0175504438339408,0.0712981018835208,1.0,0.7894560380332473,[-0.002768053641951938],[0.010366580344843251],-0.0060179334074648,-0.0027680536419519,1.0,1.0,消费调查/results/mpc_allx_screen/all_screen_results.csv,1666,c2e3b71621f77b82766e70a3888c409b7256dd33,Figure4,"six approved all-X families: one omnibus per representation, including unsupported factors; no new standardization"
diagnostic_global_pc17,ordinal,cash,1798,1798,5497,constructed,subjective,numeric,ok,,150,0.096831545238243,0.0485611134305456,0.0016517629143735,0.1920113275621125,3.976092259416608,1.0,0.046150512862609,[0.09683154523824304],[0.048561113430545644],0.2138122433222194,0.096831545238243,1.0,1.0,消费调查/results/mpc_allx_screen/all_screen_results.csv,1669,c2e3b71621f77b82766e70a3888c409b7256dd33,Figure4,"six approved all-X families: one omnibus per representation, including unsupported factors; no new standardization"
diagnostic_global_pc17,ordinal,rc,5497,1798,5497,constructed,subjective,numeric,ok,,150,-0.1057807008734198,0.0577920789932212,-0.2190531757001335,0.0074917739532938,3.3502425073368625,1.0,0.0671951134173617,[-0.10578070087341987],[0.057792078993221266],-0.233572736015887,-0.1057807008734198,0.9445801195150122,1.0,消费调查/results/mpc_allx_screen/all_screen_results.csv,1670,c2e3b71621f77b82766e70a3888c409b7256dd33,Figure4,"six approved all-X families: one omnibus per representation, including unsupported factors; no new standardization"
diagnostic_global_pc17,midpoint,cash,1798,1798,5497,constructed,subjective,numeric,ok,,150,0.0150220975786675,0.0083817369632844,-0.00140610686937,0.031450302026705,3.212129915484025,1.0,0.0730942752589583,[0.015022097578667532],[0.008381736963284465],0.0331700622436381,0.0150220975786675,0.8695302407980895,1.0,消费调查/results/mpc_allx_screen/all_screen_results.csv,1673,c2e3b71621f77b82766e70a3888c409b7256dd33,Figure4,"six approved all-X families: one omnibus per representation, including unsupported factors; no new standardization"
diagnostic_global_pc17,midpoint,rc,5497,1798,5497,constructed,subjective,numeric,ok,,150,-0.0179140944662571,0.0098818311578151,-0.0372824835355748,0.0014542946030604,3.286357924732701,1.0,0.0698578191595626,[-0.01791409446625719],[0.009881831157815124],-0.0395558360190649,-0.0179140944662571,0.9497995928172313,1.0,消费调查/results/mpc_allx_screen/all_screen_results.csv,1674,c2e3b71621f77b82766e70a3888c409b7256dd33,Figure4,"six approved all-X families: one omnibus per representation, including unsupported factors; no new standardization"
diagnostic_global_pc17,top75,cash,1798,1798,5497,constructed,subjective,numeric,ok,,150,0.0128996375966345,0.0094402583366838,-0.0056032687432657,0.0314025439365349,1.867184616040832,1.0,0.1717978775273395,[0.012899637596634596],[0.009440258336683834],0.0284834910544295,0.0128996375966345,0.9771123683502926,1.0,消费调查/results/mpc_allx_screen/all_screen_results.csv,1677,c2e3b71621f77b82766e70a3888c409b7256dd33,Figure4,"six approved all-X families: one omnibus per representation, including unsupported factors; no new standardization"
diagnostic_global_pc17,top75,rc,5497,1798,5497,constructed,subjective,numeric,ok,,150,-0.0191444237882266,0.0109152590298012,-0.040538331486637,0.0022494839101837,3.0762137287939626,1.0,0.0794452731771562,[-0.019144423788226665],[0.010915259029801234],-0.0422725072413217,-0.0191444237882266,1.0,1.0,消费调查/results/mpc_allx_screen/all_screen_results.csv,1678,c2e3b71621f77b82766e70a3888c409b7256dd33,Figure4,"six approved all-X families: one omnibus per representation, including unsupported factors; no new standardization"
diagnostic_global_pc18,ordinal,cash,1798,1798,5497,constructed,subjective,numeric,ok,,150,0.0185601262318159,0.0469309873410376,-0.0734246089566178,0.1105448614202496,0.1564020600763204,1.0,0.6924908900952219,[0.01856012623181593],[0.04693098734103762],0.0422897086123171,0.0185601262318159,1.0,1.0,消费调查/results/mpc_allx_screen/all_screen_results.csv,1681,c2e3b71621f77b82766e70a3888c409b7256dd33,Figure4,"six approved all-X families: one omnibus per representation, including unsupported factors; no new standardization"
diagnostic_global_pc18,ordinal,rc,5497,1798,5497,constructed,subjective,numeric,ok,,150,-0.0504858688074442,0.0572705476161493,-0.1627361421350969,0.0617644045202084,0.777100157819601,1.0,0.3780294844028439,[-0.050485868807444226],[0.05727054761614934],-0.1150333060368197,-0.0504858688074442,0.9999430580494532,1.0,消费调查/results/mpc_allx_screen/all_screen_results.csv,1682,c2e3b71621f77b82766e70a3888c409b7256dd33,Figure4,"six approved all-X families: one omnibus per representation, including unsupported factors; no new standardization"
diagnostic_global_pc18,midpoint,cash,1798,1798,5497,constructed,subjective,numeric,ok,,150,0.0037007703960849,0.008076119888739,-0.0121284245858434,0.0195299653780134,0.2099804044964197,1.0,0.6467827631909748,[0.003700770396084993],[0.00807611988873902],0.0084322972665585,0.0037007703960849,0.8695302407980895,1.0,消费调查/results/mpc_allx_screen/all_screen_results.csv,1685,c2e3b71621f77b82766e70a3888c409b7256dd33,Figure4,"six approved all-X families: one omnibus per representation, including unsupported factors; no new standardization"
diagnostic_global_pc18,midpoint,rc,5497,1798,5497,constructed,subjective,numeric,ok,,150,-0.0100334392664433,0.0096848664699582,-0.0290157775475614,0.0089488990146748,1.0732783720120893,1.0,0.3002061116297629,[-0.010033439266443313],[0.009684866469958243],-0.0228614405773766,-0.0100334392664433,0.9497995928172313,1.0,消费调查/results/mpc_allx_screen/all_screen_results.csv,1686,c2e3b71621f77b82766e70a3888c409b7256dd33,Figure4,"six approved all-X families: one omnibus per representation, including unsupported factors; no new standardization"
diagnostic_global_pc18,top75,cash,1798,1798,5497,constructed,subjective,numeric,ok,,150,0.0044403169899358,0.0091865307778267,-0.0135652833346045,0.0224459173144763,0.2336279947292769,1.0,0.6288466765941076,[0.004440316989935888],[0.00918653077782677],0.010117372549375,0.0044403169899358,0.9771123683502926,1.0,消费调查/results/mpc_allx_screen/all_screen_results.csv,1689,c2e3b71621f77b82766e70a3888c409b7256dd33,Figure4,"six approved all-X families: one omnibus per representation, including unsupported factors; no new standardization"
diagnostic_global_pc18,top75,rc,5497,1798,5497,constructed,subjective,numeric,ok,,150,-0.0094291788155219,0.0106568841430007,-0.0303166717358033,0.0114583141047595,0.7828656808035469,1.0,0.3762661431570927,[-0.009429178815521902],[0.010656884143000742],-0.0214846181314382,-0.0094291788155219,1.0,1.0,消费调查/results/mpc_allx_screen/all_screen_results.csv,1690,c2e3b71621f77b82766e70a3888c409b7256dd33,Figure4,"six approved all-X families: one omnibus per representation, including unsupported factors; no new standardization"
diagnostic_global_pc19,ordinal,cash,1798,1798,5497,constructed,subjective,numeric,ok,,150,-0.068399909225952,0.0497424726412658,-0.165895155602833,0.0290953371509289,1.8908466620758404,1.0,0.1691064574811951,[-0.06839990922595204],[0.0497424726412658],-0.1570209237093559,-0.068399909225952,1.0,1.0,消费调查/results/mpc_allx_screen/all_screen_results.csv,1693,c2e3b71621f77b82766e70a3888c409b7256dd33,Figure4,"six approved all-X families: one omnibus per representation, including unsupported factors; no new standardization"
diagnostic_global_pc19,ordinal,rc,5497,1798,5497,constructed,subjective,numeric,ok,,150,0.0610129687017788,0.0590731189077351,-0.054770344357382,0.1767962817609397,1.0667545690672406,1.0,0.3016796640886429,[0.06101296870177886],[0.05907311890773514],0.1400632371039524,0.0610129687017788,0.9999430580494532,1.0,消费调查/results/mpc_allx_screen/all_screen_results.csv,1694,c2e3b71621f77b82766e70a3888c409b7256dd33,Figure4,"six approved all-X families: one omnibus per representation, including unsupported factors; no new standardization"
diagnostic_global_pc19,midpoint,cash,1798,1798,5497,constructed,subjective,numeric,ok,,150,-0.0119615440316139,0.0086341134989794,-0.0288844064896136,0.0049613184263856,1.9192828379900149,1.0,0.1659357413979107,[-0.011961544031613964],[0.008634113498979409],-0.0274592863366189,-0.0119615440316139,0.8695302407980895,1.0,消费调查/results/mpc_allx_screen/all_screen_results.csv,1697,c2e3b71621f77b82766e70a3888c409b7256dd33,Figure4,"six approved all-X families: one omnibus per representation, including unsupported factors; no new standardization"
diagnostic_global_pc19,midpoint,rc,5497,1798,5497,constructed,subjective,numeric,ok,,150,0.0115864243721224,0.0101233231182866,-0.0082552889397194,0.0314281376839642,1.3099438024086203,1.0,0.2524048304904104,[0.011586424372122418],[0.010123323118286662],0.0265981501728218,0.0115864243721224,0.9497995928172313,1.0,消费调查/results/mpc_allx_screen/all_screen_results.csv,1698,c2e3b71621f77b82766e70a3888c409b7256dd33,Figure4,"six approved all-X families: one omnibus per representation, including unsupported factors; no new standardization"
diagnostic_global_pc19,top75,cash,1798,1798,5497,constructed,subjective,numeric,ok,,150,-0.0160253429086885,0.0099447231882858,-0.0355170003577287,0.0034663145403516,2.596744763473456,1.0,0.1070834567705699,[-0.016025342908688556],[0.009944723188285822],-0.0367882673348157,-0.0160253429086885,0.9771123683502926,1.0,消费调查/results/mpc_allx_screen/all_screen_results.csv,1701,c2e3b71621f77b82766e70a3888c409b7256dd33,Figure4,"six approved all-X families: one omnibus per representation, including unsupported factors; no new standardization"
diagnostic_global_pc19,top75,rc,5497,1798,5497,constructed,subjective,numeric,ok,,150,0.0211387682992791,0.0113855696588923,-0.0011769482321499,0.0434544848307081,3.4470678156329475,1.0,0.0633640865450855,[0.021138768299279104],[0.011385569658892368],0.0485268030614796,0.0211387682992791,1.0,1.0,消费调查/results/mpc_allx_screen/all_screen_results.csv,1702,c2e3b71621f77b82766e70a3888c409b7256dd33,Figure4,"six approved all-X families: one omnibus per representation, including unsupported factors; no new standardization"
diagnostic_global_pc20,ordinal,cash,1798,1798,5497,constructed,subjective,numeric,ok,,150,0.0701455104322002,0.0440999552993783,-0.0162904019545812,0.1565814228189818,2.530017126928238,1.0,0.1116990038918133,[0.07014551043220026],[0.04409995529937833],0.1637145191954622,0.0701455104322002,1.0,1.0,消费调查/results/mpc_allx_screen/all_screen_results.csv,1705,c2e3b71621f77b82766e70a3888c409b7256dd33,Figure4,"six approved all-X families: one omnibus per representation, including unsupported factors; no new standardization"
diagnostic_global_pc20,ordinal,rc,5497,1798,5497,constructed,subjective,numeric,ok,,150,-0.0932268276491174,0.0543720359816797,-0.1997960181732098,0.0133423628749749,2.93988688665433,1.0,0.0864167843452471,[-0.09322682764911742],[0.05437203598167979],-0.2175846347207875,-0.0932268276491174,0.9445801195150122,1.0,消费调查/results/mpc_allx_screen/all_screen_results.csv,1706,c2e3b71621f77b82766e70a3888c409b7256dd33,Figure4,"six approved all-X families: one omnibus per representation, including unsupported factors; no new standardization"
diagnostic_global_pc20,midpoint,cash,1798,1798,5497,constructed,subjective,numeric,ok,,150,0.012653299371857,0.0075993694677879,-0.0022414647850074,0.0275480635287214,2.7723780230446877,1.0,0.0959035883629226,[0.012653299371857009],[0.007599369467787979],0.0295318803746116,0.012653299371857,0.8695302407980895,1.0,消费调查/results/mpc_allx_screen/all_screen_results.csv,1709,c2e3b71621f77b82766e70a3888c409b7256dd33,Figure4,"six approved all-X families: one omnibus per representation, including unsupported factors; no new standardization"
diagnostic_global_pc20,midpoint,rc,5497,1798,5497,constructed,subjective,numeric,ok,,150,-0.0165048514016224,0.0091929219582593,-0.0345229784398107,0.0015132756365657,3.223414021104264,1.0,0.072592082585563,[-0.016504851401622497],[0.009192921958259308],-0.0385211226628809,-0.0165048514016224,0.9497995928172313,1.0,消费调查/results/mpc_allx_screen/all_screen_results.csv,1710,c2e3b71621f77b82766e70a3888c409b7256dd33,Figure4,"six approved all-X families: one omnibus per representation, including unsupported factors; no new standardization"
diagnostic_global_pc20,top75,cash,1798,1798,5497,constructed,subjective,numeric,ok,,150,0.0162087014280344,0.0082947879202241,-4.908289560492246e-05,0.0324664857516738,3.818439129157887,1.0,0.050691439774029,[0.01620870142803444],[0.008294787920224166],0.0378299301654996,0.0162087014280344,0.9771123683502926,1.0,消费调查/results/mpc_allx_screen/all_screen_results.csv,1713,c2e3b71621f77b82766e70a3888c409b7256dd33,Figure4,"six approved all-X families: one omnibus per representation, including unsupported factors; no new standardization"
diagnostic_global_pc20,top75,rc,5497,1798,5497,constructed,subjective,numeric,ok,,150,-0.0181664310926921,0.0097298544478872,-0.0372369458105511,0.0009040836251668,3.485993272127552,1.0,0.0618902095443111,[-0.018166431092692115],[0.009729854447887244],-0.0423991288040057,-0.0181664310926921,1.0,1.0,消费调查/results/mpc_allx_screen/all_screen_results.csv,1714,c2e3b71621f77b82766e70a3888c409b7256dd33,Figure4,"six approved all-X families: one omnibus per representation, including unsupported factors; no new standardization"
diagnostic_global_pc21,ordinal,cash,1798,1798,5497,constructed,subjective,numeric,ok,,150,-0.1109706894173637,0.044479972934587,-0.1981514363691543,-0.0237899424655731,6.224257333416976,1.0,0.0126011751452161,[-0.11097068941736372],[0.044479972934587046],-0.262498283279249,-0.1109706894173637,1.0,1.0,消费调查/results/mpc_allx_screen/all_screen_results.csv,1717,c2e3b71621f77b82766e70a3888c409b7256dd33,Figure4,"six approved all-X families: one omnibus per representation, including unsupported factors; no new standardization"
diagnostic_global_pc21,ordinal,rc,5497,1798,5497,constructed,subjective,numeric,ok,,150,0.0947147721321592,0.0552417530517486,-0.013559063849268,0.2029886081135866,2.9396832194305,1.0,0.0864276813516933,[0.09471477213215927],[0.05524175305174866],0.22404533319937,0.0947147721321592,0.9445801195150122,1.0,消费调查/results/mpc_allx_screen/all_screen_results.csv,1718,c2e3b71621f77b82766e70a3888c409b7256dd33,Figure4,"six approved all-X families: one omnibus per representation, including unsupported factors; no new standardization"
diagnostic_global_pc21,midpoint,cash,1798,1798,5497,constructed,subjective,numeric,ok,,150,-0.0136503862906365,0.0075747762354677,-0.0284969477121532,0.0011961751308802,3.2475082814128147,1.0,0.0715321234818641,[-0.013650386290636534],[0.0075747762354677365],-0.0322896341926304,-0.0136503862906365,0.8695302407980895,1.0,消费调查/results/mpc_allx_screen/all_screen_results.csv,1721,c2e3b71621f77b82766e70a3888c409b7256dd33,Figure4,"six approved all-X families: one omnibus per representation, including unsupported factors; no new standardization"
diagnostic_global_pc21,midpoint,rc,5497,1798,5497,constructed,subjective,numeric,ok,,150,0.0118248249640815,0.0093462808338857,-0.0064938854703345,0.0301435353984975,1.6007067962660346,1.0,0.205803076159826,[0.011824824964081528],[0.009346280833885732],0.0279713162948352,0.0118248249640815,0.9497995928172313,1.0,消费调查/results/mpc_allx_screen/all_screen_results.csv,1722,c2e3b71621f77b82766e70a3888c409b7256dd33,Figure4,"six approved all-X families: one omnibus per representation, including unsupported factors; no new standardization"
diagnostic_global_pc21,top75,cash,1798,1798,5497,constructed,subjective,numeric,ok,,150,-0.0066720193997089,0.0080543942981133,-0.0224586322240109,0.0091145934245931,0.6861970204227287,1.0,0.4074609350656524,[-0.006672019399708903],[0.008054394298113311],-0.0157824885798662,-0.0066720193997089,0.9771123683502926,1.0,消费调查/results/mpc_allx_screen/all_screen_results.csv,1725,c2e3b71621f77b82766e70a3888c409b7256dd33,Figure4,"six approved all-X families: one omnibus per representation, including unsupported factors; no new standardization"
diagnostic_global_pc21,top75,rc,5497,1798,5497,constructed,subjective,numeric,ok,,150,0.0100584527935215,0.0098309038147685,-0.0092101186834248,0.029327024270468,1.0468283365885482,1.0,0.3062386818631489,[0.010058452793521558],[0.009830903814768593],0.0237930088080685,0.0100584527935215,1.0,1.0,消费调查/results/mpc_allx_screen/all_screen_results.csv,1726,c2e3b71621f77b82766e70a3888c409b7256dd33,Figure4,"six approved all-X families: one omnibus per representation, including unsupported factors; no new standardization"
diagnostic_global_pc22,ordinal,cash,1798,1798,5497,constructed,subjective,numeric,ok,,150,-0.0220363125332181,0.0458101109550128,-0.1118241300050434,0.067751504938607,0.2313956332931148,1.0,0.6304909129008693,[-0.022036312533218198],[0.04581011095501288],-0.0526630860043497,-0.0220363125332181,1.0,1.0,消费调查/results/mpc_allx_screen/all_screen_results.csv,1729,c2e3b71621f77b82766e70a3888c409b7256dd33,Figure4,"six approved all-X families: one omnibus per representation, including unsupported factors; no new standardization"
diagnostic_global_pc22,ordinal,rc,5497,1798,5497,constructed,subjective,numeric,ok,,150,0.0656698594437875,0.0564876921023844,-0.045046017076886,0.176385735964461,1.3515263300873406,1.0,0.2450114588939275,[0.06566985944378753],[0.05648769210238447],0.1569399349627337,0.0656698594437875,0.9999430580494532,1.0,消费调查/results/mpc_allx_screen/all_screen_results.csv,1730,c2e3b71621f77b82766e70a3888c409b7256dd33,Figure4,"six approved all-X families: one omnibus per representation, including unsupported factors; no new standardization"
diagnostic_global_pc22,midpoint,cash,1798,1798,5497,constructed,subjective,numeric,ok,,150,0.0001813258678644,0.0077395919514605,-0.0149882743569982,0.015350926092727,0.0005488875762661,1.0,0.9813085913061907,[0.00018132586786440017],[0.007739591951460542],0.0004333383709167,0.0001813258678644,1.0,1.0,消费调查/results/mpc_allx_screen/all_screen_results.csv,1733,c2e3b71621f77b82766e70a3888c409b7256dd33,Figure4,"six approved all-X families: one omnibus per representation, including unsupported factors; no new standardization"
diagnostic_global_pc22,midpoint,rc,5497,1798,5497,constructed,subjective,numeric,ok,,150,0.005711421906772,0.0095441531304311,-0.012995118228873,0.024417962042417,0.3581077241279425,1.0,0.5495590397861329,[0.005711421906772007],[0.009544153130431127],0.0136493391364845,0.005711421906772,0.9497995928172313,1.0,消费调查/results/mpc_allx_screen/all_screen_results.csv,1734,c2e3b71621f77b82766e70a3888c409b7256dd33,Figure4,"six approved all-X families: one omnibus per representation, including unsupported factors; no new standardization"
diagnostic_global_pc22,top75,cash,1798,1798,5497,constructed,subjective,numeric,ok,,150,0.005927022813701,0.0083294324634762,-0.0103986648147124,0.0222527104421144,0.5063401609985363,1.0,0.4767274788167369,[0.005927022813701031],[0.008329432463476255],0.0141645890943486,0.005927022813701,0.9771123683502926,1.0,消费调查/results/mpc_allx_screen/all_screen_results.csv,1737,c2e3b71621f77b82766e70a3888c409b7256dd33,Figure4,"six approved all-X families: one omnibus per representation, including unsupported factors; no new standardization"
diagnostic_global_pc22,top75,rc,5497,1798,5497,constructed,subjective,numeric,ok,,150,-0.0014226075171213,0.0103752298582588,-0.0217580580393086,0.0189128430050659,0.0188007313742534,1.0,0.8909392962147586,[-0.001422607517121353],[0.010375229858258813],-0.0033997930421281,-0.0014226075171213,1.0,1.0,消费调查/results/mpc_allx_screen/all_screen_results.csv,1738,c2e3b71621f77b82766e70a3888c409b7256dd33,Figure4,"six approved all-X families: one omnibus per representation, including unsupported factors; no new standardization"
diagnostic_global_pc23,ordinal,cash,1798,1798,5497,constructed,subjective,numeric,ok,,150,-0.0029302506650575,0.0466141841259726,-0.0942940515519639,0.0884335502218488,0.003951603594202,1.0,0.9498765684382064,[-0.0029302506650575287],[0.046614184125972645],-0.0071502007328154,-0.0029302506650575,1.0,1.0,消费调查/results/mpc_allx_screen/all_screen_results.csv,1741,c2e3b71621f77b82766e70a3888c409b7256dd33,Figure4,"six approved all-X families: one omnibus per representation, including unsupported factors; no new standardization"
diagnostic_global_pc23,ordinal,rc,5497,1798,5497,constructed,subjective,numeric,ok,,150,0.0216673053983433,0.0566590390811378,-0.0893844112006868,0.1327190219973735,0.1462417582491291,1.0,0.7021530559084823,[0.021667305398343363],[0.05665903908113786],0.0528711023888907,0.0216673053983433,0.9999430580494532,1.0,消费调查/results/mpc_allx_screen/all_screen_results.csv,1742,c2e3b71621f77b82766e70a3888c409b7256dd33,Figure4,"six approved all-X families: one omnibus per representation, including unsupported factors; no new standardization"
diagnostic_global_pc23,midpoint,cash,1798,1798,5497,constructed,subjective,numeric,ok,,150,0.0040209097704502,0.0079303571029663,-0.0115225901513638,0.0195644096922643,0.2570769668803233,1.0,0.6121354671075183,[0.004020909770450251],[0.007930357102966383],0.009811553779374,0.0040209097704502,0.8695302407980895,1.0,消费调查/results/mpc_allx_screen/all_screen_results.csv,1745,c2e3b71621f77b82766e70a3888c409b7256dd33,Figure4,"six approved all-X families: one omnibus per representation, including unsupported factors; no new standardization"
diagnostic_global_pc23,midpoint,rc,5497,1798,5497,constructed,subjective,numeric,ok,,150,-0.0002527049877537,0.0095723545136143,-0.0190145198344379,0.0185091098589303,0.0006969314754167,1.0,0.9789387250530104,[-0.00025270498775378856],[0.009572354513614352],-0.0006166337269947,-0.0002527049877537,1.0,1.0,消费调查/results/mpc_allx_screen/all_screen_results.csv,1746,c2e3b71621f77b82766e70a3888c409b7256dd33,Figure4,"six approved all-X families: one omnibus per representation, including unsupported factors; no new standardization"
diagnostic_global_pc23,top75,cash,1798,1798,5497,constructed,subjective,numeric,ok,,150,0.0131167966994489,0.0082767575973113,-0.0031056481912812,0.0293392415901791,2.51151110296275,1.0,0.113017514473612,[0.01311679669944895],[0.008276757597311349],0.0320067257354416,0.0131167966994489,0.9771123683502926,1.0,消费调查/results/mpc_allx_screen/all_screen_results.csv,1749,c2e3b71621f77b82766e70a3888c409b7256dd33,Figure4,"six approved all-X families: one omnibus per representation, including unsupported factors; no new standardization"
diagnostic_global_pc23,top75,rc,5497,1798,5497,constructed,subjective,numeric,ok,,150,-0.0078486337872687,0.009930081768356,-0.0273115940532465,0.0116143264787091,0.6247157883056207,1.0,0.4293002486938814,[-0.007848633787268735],[0.009930081768356053],-0.0191517086666125,-0.0078486337872687,1.0,1.0,消费调查/results/mpc_allx_screen/all_screen_results.csv,1750,c2e3b71621f77b82766e70a3888c409b7256dd33,Figure4,"six approved all-X families: one omnibus per representation, including unsupported factors; no new standardization"
diagnostic_global_pc24,ordinal,cash,1798,1798,5497,constructed,subjective,numeric,ok,,150,0.0364570284758721,0.0437341162448401,-0.0492618393640144,0.1221758963157588,0.6948992212988948,1.0,0.4045029561984623,[0.03645702847587219],[0.04373411624484014],0.0917521320321499,0.0364570284758721,1.0,1.0,消费调查/results/mpc_allx_screen/all_screen_results.csv,1753,c2e3b71621f77b82766e70a3888c409b7256dd33,Figure4,"six approved all-X families: one omnibus per representation, including unsupported factors; no new standardization"
diagnostic_global_pc24,ordinal,rc,5497,1798,5497,constructed,subjective,numeric,ok,,150,-0.0417240638086493,0.0543580936808687,-0.1482659274231522,0.0648177998058534,0.5891756183023271,1.0,0.4427380791663765,[-0.04172406380864935],[0.054358093680868795],-0.1050077850975333,-0.0417240638086493,0.9999430580494532,1.0,消费调查/results/mpc_allx_screen/all_screen_results.csv,1754,c2e3b71621f77b82766e70a3888c409b7256dd33,Figure4,"six approved all-X families: one omnibus per representation, including unsupported factors; no new standardization"
diagnostic_global_pc24,midpoint,cash,1798,1798,5497,constructed,subjective,numeric,ok,,150,0.0066559203355806,0.0073994051662448,-0.0078469137902591,0.0211587544614204,0.809138029692634,1.0,0.3683752152323796,[0.006655920335580663],[0.007399405166244813],0.0167510877039755,0.0066559203355806,0.8695302407980895,1.0,消费调查/results/mpc_allx_screen/all_screen_results.csv,1757,c2e3b71621f77b82766e70a3888c409b7256dd33,Figure4,"six approved all-X families: one omnibus per representation, including unsupported factors; no new standardization"
diagnostic_global_pc24,midpoint,rc,5497,1798,5497,constructed,subjective,numeric,ok,,150,-0.0075821148689562,0.0091852021143213,-0.0255851110130261,0.0104208812751135,0.68140181365082,1.0,0.4091044322354985,[-0.0075821148689562854],[0.00918520211432137],-0.0190820599928985,-0.0075821148689562,0.9497995928172313,1.0,消费调查/results/mpc_allx_screen/all_screen_results.csv,1758,c2e3b71621f77b82766e70a3888c409b7256dd33,Figure4,"six approved all-X families: one omnibus per representation, including unsupported factors; no new standardization"
diagnostic_global_pc24,top75,cash,1798,1798,5497,constructed,subjective,numeric,ok,,150,0.0006061830666111,0.0078774865236478,-0.0148336905197386,0.0160460566529608,0.005921507219234,1.0,0.938662262975652,[0.0006061830666111321],[0.007877486523647824],0.0015255930362006,0.0006061830666111,1.0,1.0,消费调查/results/mpc_allx_screen/all_screen_results.csv,1761,c2e3b71621f77b82766e70a3888c409b7256dd33,Figure4,"six approved all-X families: one omnibus per representation, including unsupported factors; no new standardization"
diagnostic_global_pc24,top75,rc,5497,1798,5497,constructed,subjective,numeric,ok,,150,0.000762023650113,0.009818389466761,-0.0184820197047386,0.0200060670049647,0.0060236036803952,1.0,0.9381367932285932,[0.0007620236501130278],[0.00981838946676107],0.0019178001466319,0.000762023650113,1.0,1.0,消费调查/results/mpc_allx_screen/all_screen_results.csv,1762,c2e3b71621f77b82766e70a3888c409b7256dd33,Figure4,"six approved all-X families: one omnibus per representation, including unsupported factors; no new standardization"
diagnostic_global_pc25,ordinal,cash,1798,1798,5497,constructed,subjective,numeric,ok,,150,-0.0448568288940067,0.0477903930394546,-0.1385259992513378,0.0488123414633242,0.8810000481267164,1.0,0.3479279205669096,[-0.044856828894006794],[0.04779039303945463],-0.1156786535602602,-0.0448568288940067,1.0,1.0,消费调查/results/mpc_allx_screen/all_screen_results.csv,1765,c2e3b71621f77b82766e70a3888c409b7256dd33,Figure4,"six approved all-X families: one omnibus per representation, including unsupported factors; no new standardization"
diagnostic_global_pc25,ordinal,rc,5497,1798,5497,constructed,subjective,numeric,ok,,150,0.0366323287133719,0.0569223488147587,-0.0749354749635552,0.148200132390299,0.4141554975586341,1.0,0.519867838832996,[0.03663232871337191],[0.056922348814758765],0.0944689708751546,0.0366323287133719,0.9999430580494532,1.0,消费调查/results/mpc_allx_screen/all_screen_results.csv,1766,c2e3b71621f77b82766e70a3888c409b7256dd33,Figure4,"six approved all-X families: one omnibus per representation, including unsupported factors; no new standardization"
diagnostic_global_pc25,midpoint,cash,1798,1798,5497,constructed,subjective,numeric,ok,,150,-0.0072835549002869,0.0082728831668779,-0.0234984059073677,0.0089312961067938,0.7751272661123302,1.0,0.3786355502820318,[-0.007283554900286992],[0.008272883166877958],-0.0187831339123039,-0.0072835549002869,0.8695302407980895,1.0,消费调查/results/mpc_allx_screen/all_screen_results.csv,1769,c2e3b71621f77b82766e70a3888c409b7256dd33,Figure4,"six approved all-X families: one omnibus per representation, including unsupported factors; no new standardization"
diagnostic_global_pc25,midpoint,rc,5497,1798,5497,constructed,subjective,numeric,ok,,150,0.0069873808883554,0.0096883446857912,-0.0120017746957953,0.0259765364725062,0.5201512810571656,1.0,0.4707771569374044,[0.006987380888355449],[0.009688344685791217],0.018019348068219,0.0069873808883554,0.9497995928172313,1.0,消费调查/results/mpc_allx_screen/all_screen_results.csv,1770,c2e3b71621f77b82766e70a3888c409b7256dd33,Figure4,"six approved all-X families: one omnibus per representation, including unsupported factors; no new standardization"
diagnostic_global_pc25,top75,cash,1798,1798,5497,constructed,subjective,numeric,ok,,150,-0.0038658414840002,0.0089353499118624,-0.0213791273112505,0.01364744434325,0.1871823759690085,1.0,0.6652721212688378,[-0.0038658414840002735],[0.008935349911862402],-0.0099693925935611,-0.0038658414840002,0.9771123683502926,1.0,消费调查/results/mpc_allx_screen/all_screen_results.csv,1773,c2e3b71621f77b82766e70a3888c409b7256dd33,Figure4,"six approved all-X families: one omnibus per representation, including unsupported factors; no new standardization"
diagnostic_global_pc25,top75,rc,5497,1798,5497,constructed,subjective,numeric,ok,,150,0.010346001088891,0.0101058345038184,-0.0094614345385931,0.0301534367163752,1.048095064568347,1.0,0.3059462188326899,[0.010346001088891067],[0.010105834503818478],0.0266806973476408,0.010346001088891,1.0,1.0,消费调查/results/mpc_allx_screen/all_screen_results.csv,1774,c2e3b71621f77b82766e70a3888c409b7256dd33,Figure4,"six approved all-X families: one omnibus per representation, including unsupported factors; no new standardization"
diagnostic_global_pc26,ordinal,cash,1798,1798,5497,constructed,subjective,numeric,ok,,150,0.038000747588955,0.0486933511808026,-0.0574382207254182,0.1334397159033283,0.6090387870518155,1.0,0.4351499534891669,[0.038000747588955074],[0.048693351180802695],0.0994950660158488,0.038000747588955,1.0,1.0,消费调查/results/mpc_allx_screen/all_screen_results.csv,1777,c2e3b71621f77b82766e70a3888c409b7256dd33,Figure4,"six approved all-X families: one omnibus per representation, including unsupported factors; no new standardization"
diagnostic_global_pc26,ordinal,rc,5497,1798,5497,constructed,subjective,numeric,ok,,150,-0.0355597379722161,0.0574945567462746,-0.1482490691949145,0.0771295932504822,0.3825283648234777,1.0,0.5362531948650671,[-0.03555973797221614],[0.057494556746274676],-0.0931039177260885,-0.0355597379722161,0.9999430580494532,1.0,消费调查/results/mpc_allx_screen/all_screen_results.csv,1778,c2e3b71621f77b82766e70a3888c409b7256dd33,Figure4,"six approved all-X families: one omnibus per representation, including unsupported factors; no new standardization"
diagnostic_global_pc26,midpoint,cash,1798,1798,5497,constructed,subjective,numeric,ok,,150,0.0070031045539069,0.0085814748742677,-0.0098165861996577,0.0238227953074717,0.6659741159622503,1.0,0.4144587445504356,[0.007003104553906975],[0.00858147487426774],0.0183358063752773,0.0070031045539069,0.8695302407980895,1.0,消费调查/results/mpc_allx_screen/all_screen_results.csv,1781,c2e3b71621f77b82766e70a3888c409b7256dd33,Figure4,"six approved all-X families: one omnibus per representation, including unsupported factors; no new standardization"
diagnostic_global_pc26,midpoint,rc,5497,1798,5497,constructed,subjective,numeric,ok,,150,-0.0044229972233635,0.009961617542852,-0.0239477676073535,0.0151017731606265,0.1971394796200757,1.0,0.6570397508953676,[-0.00442299722336352],[0.009961617542852071],-0.0115804669288762,-0.0044229972233635,0.9497995928172313,1.0,消费调查/results/mpc_allx_screen/all_screen_results.csv,1782,c2e3b71621f77b82766e70a3888c409b7256dd33,Figure4,"six approved all-X families: one omnibus per representation, including unsupported factors; no new standardization"
diagnostic_global_pc26,top75,cash,1798,1798,5497,constructed,subjective,numeric,ok,,150,0.0082048180239284,0.0100838695222944,-0.0115595662397685,0.0279692022876254,0.6620388432993466,1.0,0.4158410764128871,[0.008204818023928442],[0.010083869522294408],0.0214821802920544,0.0082048180239284,0.9771123683502926,1.0,消费调查/results/mpc_allx_screen/all_screen_results.csv,1785,c2e3b71621f77b82766e70a3888c409b7256dd33,Figure4,"six approved all-X families: one omnibus per representation, including unsupported factors; no new standardization"
diagnostic_global_pc26,top75,rc,5497,1798,5497,constructed,subjective,numeric,ok,,150,-0.0039832371693471,0.0112655080979117,-0.0260636330412541,0.0180971587025597,0.1250174866441157,1.0,0.7236550744711773,[-0.003983237169347194],[0.01126550809791173],-0.0104290696964122,-0.0039832371693471,1.0,1.0,消费调查/results/mpc_allx_screen/all_screen_results.csv,1786,c2e3b71621f77b82766e70a3888c409b7256dd33,Figure4,"six approved all-X families: one omnibus per representation, including unsupported factors; no new standardization"
diagnostic_global_pc27,ordinal,cash,1798,1798,5497,constructed,subjective,numeric,ok,,150,-0.0238099882965257,0.0453448993043492,-0.1126859909330503,0.0650660143399988,0.2757156895396724,1.0,0.5995231550152652,[-0.02380998829652571],[0.04534489930434928],-0.0642794989841896,-0.0238099882965257,1.0,1.0,消费调查/results/mpc_allx_screen/all_screen_results.csv,1789,c2e3b71621f77b82766e70a3888c409b7256dd33,Figure4,"six approved all-X families: one omnibus per representation, including unsupported factors; no new standardization"
diagnostic_global_pc27,ordinal,rc,5497,1798,5497,constructed,subjective,numeric,ok,,150,0.0260083283868693,0.0548620048050265,-0.0815212010309826,0.1335378578047214,0.2247405981188336,1.0,0.6354513196086681,[0.026008328386869374],[0.05486200480502656],0.0702143275882326,0.0260083283868693,0.9999430580494532,1.0,消费调查/results/mpc_allx_screen/all_screen_results.csv,1790,c2e3b71621f77b82766e70a3888c409b7256dd33,Figure4,"six approved all-X families: one omnibus per representation, including unsupported factors; no new standardization"
diagnostic_global_pc27,midpoint,cash,1798,1798,5497,constructed,subjective,numeric,ok,,150,-0.0035879540503332,0.0077503109740831,-0.0187785635595362,0.0116026554588697,0.2143164407120638,1.0,0.6434050546256727,[-0.0035879540503332766],[0.007750310974083162],-0.0096863503610948,-0.0035879540503332,0.8695302407980895,1.0,消费调查/results/mpc_allx_screen/all_screen_results.csv,1793,c2e3b71621f77b82766e70a3888c409b7256dd33,Figure4,"six approved all-X families: one omnibus per representation, including unsupported factors; no new standardization"
diagnostic_global_pc27,midpoint,rc,5497,1798,5497,constructed,subjective,numeric,ok,,150,0.0029445696177589,0.0092983847669788,-0.0152802645255196,0.0211694037610375,0.1002833023119161,1.0,0.7514899247403108,[0.002944569617758974],[0.00929838476697889],0.0079494142288693,0.0029445696177589,0.9497995928172313,1.0,消费调查/results/mpc_allx_screen/all_screen_results.csv,1794,c2e3b71621f77b82766e70a3888c409b7256dd33,Figure4,"six approved all-X families: one omnibus per representation, including unsupported factors; no new standardization"
diagnostic_global_pc27,top75,cash,1798,1798,5497,constructed,subjective,numeric,ok,,150,-0.0034219574514478,0.0084678827979788,-0.0200190077354863,0.0131750928325906,0.1633050194199746,1.0,0.6861317158808968,[-0.003421957451447832],[0.008467882797978816],-0.0092382116187926,-0.0034219574514478,0.9771123683502926,1.0,消费调查/results/mpc_allx_screen/all_screen_results.csv,1797,c2e3b71621f77b82766e70a3888c409b7256dd33,Figure4,"six approved all-X families: one omnibus per representation, including unsupported factors; no new standardization"
diagnostic_global_pc27,top75,rc,5497,1798,5497,constructed,subjective,numeric,ok,,150,-0.0023918137663361,0.0099968583707409,-0.0219856561729883,0.017202028640316,0.0572436929706394,1.0,0.810906661189607,[-0.002391813766336134],[0.009996858370740932],-0.0064571468347176,-0.0023918137663361,1.0,1.0,消费调查/results/mpc_allx_screen/all_screen_results.csv,1798,c2e3b71621f77b82766e70a3888c409b7256dd33,Figure4,"six approved all-X families: one omnibus per representation, including unsupported factors; no new standardization"
