figure,plotted_statistic,panel,outcome,form,amount,source_file,source_row,source_commit,threshold,target,variable,scale,coding,sample
Figure1,approved cell mean and approved pointwise95% CI; ordinal interval arithmetic exactly reproduces PR9 legend,A,ordinal,cash,200.0,消费调查/results/mpc_size_curve/fig1_source.csv,1,5d2692658847657c6b46ded83242fa2725a0c0c6,,,,,,
Figure1,approved cell mean and approved pointwise95% CI; ordinal interval arithmetic exactly reproduces PR9 legend,A,ordinal,cash,1000.0,消费调查/results/mpc_size_curve/fig1_source.csv,2,5d2692658847657c6b46ded83242fa2725a0c0c6,,,,,,
Figure1,approved cell mean and approved pointwise95% CI; ordinal interval arithmetic exactly reproduces PR9 legend,A,ordinal,cash,5000.0,消费调查/results/mpc_size_curve/fig1_source.csv,3,5d2692658847657c6b46ded83242fa2725a0c0c6,,,,,,
Figure1,approved cell mean and approved pointwise95% CI; ordinal interval arithmetic exactly reproduces PR9 legend,A,ordinal,food,200.0,消费调查/results/mpc_size_curve/fig1_source.csv,4,5d2692658847657c6b46ded83242fa2725a0c0c6,,,,,,
Figure1,approved cell mean and approved pointwise95% CI; ordinal interval arithmetic exactly reproduces PR9 legend,A,ordinal,food,1000.0,消费调查/results/mpc_size_curve/fig1_source.csv,5,5d2692658847657c6b46ded83242fa2725a0c0c6,,,,,,
Figure1,approved cell mean and approved pointwise95% CI; ordinal interval arithmetic exactly reproduces PR9 legend,A,ordinal,food,5000.0,消费调查/results/mpc_size_curve/fig1_source.csv,6,5d2692658847657c6b46ded83242fa2725a0c0c6,,,,,,
Figure1,approved cell mean and approved pointwise95% CI; ordinal interval arithmetic exactly reproduces PR9 legend,A,ordinal,medical,200.0,消费调查/results/mpc_size_curve/fig1_source.csv,7,5d2692658847657c6b46ded83242fa2725a0c0c6,,,,,,
Figure1,approved cell mean and approved pointwise95% CI; ordinal interval arithmetic exactly reproduces PR9 legend,A,ordinal,medical,1000.0,消费调查/results/mpc_size_curve/fig1_source.csv,8,5d2692658847657c6b46ded83242fa2725a0c0c6,,,,,,
Figure1,approved cell mean and approved pointwise95% CI; ordinal interval arithmetic exactly reproduces PR9 legend,A,ordinal,medical,5000.0,消费调查/results/mpc_size_curve/fig1_source.csv,9,5d2692658847657c6b46ded83242fa2725a0c0c6,,,,,,
Figure1,approved cell mean and approved pointwise95% CI; ordinal interval arithmetic exactly reproduces PR9 legend,B,midpoint,cash,200.0,消费调查/results/mpc_final_strengthening/figA_source.csv,1,4c1281569c083507d00abd463f007baada3baffb,,,,,,
Figure1,approved cell mean and approved pointwise95% CI; ordinal interval arithmetic exactly reproduces PR9 legend,B,midpoint,cash,1000.0,消费调查/results/mpc_final_strengthening/figA_source.csv,2,4c1281569c083507d00abd463f007baada3baffb,,,,,,
Figure1,approved cell mean and approved pointwise95% CI; ordinal interval arithmetic exactly reproduces PR9 legend,B,midpoint,cash,5000.0,消费调查/results/mpc_final_strengthening/figA_source.csv,3,4c1281569c083507d00abd463f007baada3baffb,,,,,,
Figure1,approved cell mean and approved pointwise95% CI; ordinal interval arithmetic exactly reproduces PR9 legend,B,midpoint,food,200.0,消费调查/results/mpc_final_strengthening/figA_source.csv,4,4c1281569c083507d00abd463f007baada3baffb,,,,,,
Figure1,approved cell mean and approved pointwise95% CI; ordinal interval arithmetic exactly reproduces PR9 legend,B,midpoint,food,1000.0,消费调查/results/mpc_final_strengthening/figA_source.csv,5,4c1281569c083507d00abd463f007baada3baffb,,,,,,
Figure1,approved cell mean and approved pointwise95% CI; ordinal interval arithmetic exactly reproduces PR9 legend,B,midpoint,food,5000.0,消费调查/results/mpc_final_strengthening/figA_source.csv,6,4c1281569c083507d00abd463f007baada3baffb,,,,,,
Figure1,approved cell mean and approved pointwise95% CI; ordinal interval arithmetic exactly reproduces PR9 legend,B,midpoint,medical,200.0,消费调查/results/mpc_final_strengthening/figA_source.csv,7,4c1281569c083507d00abd463f007baada3baffb,,,,,,
Figure1,approved cell mean and approved pointwise95% CI; ordinal interval arithmetic exactly reproduces PR9 legend,B,midpoint,medical,1000.0,消费调查/results/mpc_final_strengthening/figA_source.csv,8,4c1281569c083507d00abd463f007baada3baffb,,,,,,
Figure1,approved cell mean and approved pointwise95% CI; ordinal interval arithmetic exactly reproduces PR9 legend,B,midpoint,medical,5000.0,消费调查/results/mpc_final_strengthening/figA_source.csv,9,4c1281569c083507d00abd463f007baada3baffb,,,,,,
Figure1,approved cell mean and approved pointwise95% CI; ordinal interval arithmetic exactly reproduces PR9 legend,C,top75,cash,200.0,消费调查/results/mpc_final_strengthening/figA_source.csv,13,4c1281569c083507d00abd463f007baada3baffb,,,,,,
Figure1,approved cell mean and approved pointwise95% CI; ordinal interval arithmetic exactly reproduces PR9 legend,C,top75,cash,1000.0,消费调查/results/mpc_final_strengthening/figA_source.csv,14,4c1281569c083507d00abd463f007baada3baffb,,,,,,
Figure1,approved cell mean and approved pointwise95% CI; ordinal interval arithmetic exactly reproduces PR9 legend,C,top75,cash,5000.0,消费调查/results/mpc_final_strengthening/figA_source.csv,15,4c1281569c083507d00abd463f007baada3baffb,,,,,,
Figure1,approved cell mean and approved pointwise95% CI; ordinal interval arithmetic exactly reproduces PR9 legend,C,top75,food,200.0,消费调查/results/mpc_final_strengthening/figA_source.csv,16,4c1281569c083507d00abd463f007baada3baffb,,,,,,
Figure1,approved cell mean and approved pointwise95% CI; ordinal interval arithmetic exactly reproduces PR9 legend,C,top75,food,1000.0,消费调查/results/mpc_final_strengthening/figA_source.csv,17,4c1281569c083507d00abd463f007baada3baffb,,,,,,
Figure1,approved cell mean and approved pointwise95% CI; ordinal interval arithmetic exactly reproduces PR9 legend,C,top75,food,5000.0,消费调查/results/mpc_final_strengthening/figA_source.csv,18,4c1281569c083507d00abd463f007baada3baffb,,,,,,
Figure1,approved cell mean and approved pointwise95% CI; ordinal interval arithmetic exactly reproduces PR9 legend,C,top75,medical,200.0,消费调查/results/mpc_final_strengthening/figA_source.csv,19,4c1281569c083507d00abd463f007baada3baffb,,,,,,
Figure1,approved cell mean and approved pointwise95% CI; ordinal interval arithmetic exactly reproduces PR9 legend,C,top75,medical,1000.0,消费调查/results/mpc_final_strengthening/figA_source.csv,20,4c1281569c083507d00abd463f007baada3baffb,,,,,,
Figure1,approved cell mean and approved pointwise95% CI; ordinal interval arithmetic exactly reproduces PR9 legend,C,top75,medical,5000.0,消费调查/results/mpc_final_strengthening/figA_source.csv,21,4c1281569c083507d00abd463f007baada3baffb,,,,,,
Figure2,approved PR10 Cash / equal-weight Restricted pointwise bootstrap curves,A,midpoint,cash,200.0,消费调查/results/mpc_final_strengthening/figA_source.csv,1,4c1281569c083507d00abd463f007baada3baffb,,,,,,
Figure2,approved PR10 Cash / equal-weight Restricted pointwise bootstrap curves,A,midpoint,cash,1000.0,消费调查/results/mpc_final_strengthening/figA_source.csv,2,4c1281569c083507d00abd463f007baada3baffb,,,,,,
Figure2,approved PR10 Cash / equal-weight Restricted pointwise bootstrap curves,A,midpoint,cash,5000.0,消费调查/results/mpc_final_strengthening/figA_source.csv,3,4c1281569c083507d00abd463f007baada3baffb,,,,,,
Figure2,approved PR10 Cash / equal-weight Restricted pointwise bootstrap curves,A,midpoint,restricted,200.0,消费调查/results/mpc_final_strengthening/figA_source.csv,10,4c1281569c083507d00abd463f007baada3baffb,,,,,,
Figure2,approved PR10 Cash / equal-weight Restricted pointwise bootstrap curves,A,midpoint,restricted,1000.0,消费调查/results/mpc_final_strengthening/figA_source.csv,11,4c1281569c083507d00abd463f007baada3baffb,,,,,,
Figure2,approved PR10 Cash / equal-weight Restricted pointwise bootstrap curves,A,midpoint,restricted,5000.0,消费调查/results/mpc_final_strengthening/figA_source.csv,12,4c1281569c083507d00abd463f007baada3baffb,,,,,,
Figure2,approved PR10 Cash / equal-weight Restricted pointwise bootstrap curves,B,top75,cash,200.0,消费调查/results/mpc_final_strengthening/figA_source.csv,13,4c1281569c083507d00abd463f007baada3baffb,,,,,,
Figure2,approved PR10 Cash / equal-weight Restricted pointwise bootstrap curves,B,top75,cash,1000.0,消费调查/results/mpc_final_strengthening/figA_source.csv,14,4c1281569c083507d00abd463f007baada3baffb,,,,,,
Figure2,approved PR10 Cash / equal-weight Restricted pointwise bootstrap curves,B,top75,cash,5000.0,消费调查/results/mpc_final_strengthening/figA_source.csv,15,4c1281569c083507d00abd463f007baada3baffb,,,,,,
Figure2,approved PR10 Cash / equal-weight Restricted pointwise bootstrap curves,B,top75,restricted,200.0,消费调查/results/mpc_final_strengthening/figA_source.csv,22,4c1281569c083507d00abd463f007baada3baffb,,,,,,
Figure2,approved PR10 Cash / equal-weight Restricted pointwise bootstrap curves,B,top75,restricted,1000.0,消费调查/results/mpc_final_strengthening/figA_source.csv,23,4c1281569c083507d00abd463f007baada3baffb,,,,,,
Figure2,approved PR10 Cash / equal-weight Restricted pointwise bootstrap curves,B,top75,restricted,5000.0,消费调查/results/mpc_final_strengthening/figA_source.csv,24,4c1281569c083507d00abd463f007baada3baffb,,,,,,
Figure3,existing any-spending threshold and Top75 cell curves; uncertainty retained from their respective approved sources,A,any_spending,cash,200.0,消费调查/results/mpc_size_curve/fig3_source.csv,1,5d2692658847657c6b46ded83242fa2725a0c0c6,any_spending,,,,,
Figure3,existing any-spending threshold and Top75 cell curves; uncertainty retained from their respective approved sources,A,any_spending,cash,1000.0,消费调查/results/mpc_size_curve/fig3_source.csv,6,5d2692658847657c6b46ded83242fa2725a0c0c6,any_spending,,,,,
Figure3,existing any-spending threshold and Top75 cell curves; uncertainty retained from their respective approved sources,A,any_spending,cash,5000.0,消费调查/results/mpc_size_curve/fig3_source.csv,11,5d2692658847657c6b46ded83242fa2725a0c0c6,any_spending,,,,,
Figure3,existing any-spending threshold and Top75 cell curves; uncertainty retained from their respective approved sources,A,any_spending,food,200.0,消费调查/results/mpc_size_curve/fig3_source.csv,16,5d2692658847657c6b46ded83242fa2725a0c0c6,any_spending,,,,,
Figure3,existing any-spending threshold and Top75 cell curves; uncertainty retained from their respective approved sources,A,any_spending,food,1000.0,消费调查/results/mpc_size_curve/fig3_source.csv,21,5d2692658847657c6b46ded83242fa2725a0c0c6,any_spending,,,,,
Figure3,existing any-spending threshold and Top75 cell curves; uncertainty retained from their respective approved sources,A,any_spending,food,5000.0,消费调查/results/mpc_size_curve/fig3_source.csv,26,5d2692658847657c6b46ded83242fa2725a0c0c6,any_spending,,,,,
Figure3,existing any-spending threshold and Top75 cell curves; uncertainty retained from their respective approved sources,A,any_spending,medical,200.0,消费调查/results/mpc_size_curve/fig3_source.csv,31,5d2692658847657c6b46ded83242fa2725a0c0c6,any_spending,,,,,
Figure3,existing any-spending threshold and Top75 cell curves; uncertainty retained from their respective approved sources,A,any_spending,medical,1000.0,消费调查/results/mpc_size_curve/fig3_source.csv,36,5d2692658847657c6b46ded83242fa2725a0c0c6,any_spending,,,,,
Figure3,existing any-spending threshold and Top75 cell curves; uncertainty retained from their respective approved sources,A,any_spending,medical,5000.0,消费调查/results/mpc_size_curve/fig3_source.csv,41,5d2692658847657c6b46ded83242fa2725a0c0c6,any_spending,,,,,
Figure3,existing any-spending threshold and Top75 cell curves; uncertainty retained from their respective approved sources,B,top75,cash,200.0,消费调查/results/mpc_final_strengthening/figA_source.csv,13,4c1281569c083507d00abd463f007baada3baffb,,,,,,
Figure3,existing any-spending threshold and Top75 cell curves; uncertainty retained from their respective approved sources,B,top75,cash,1000.0,消费调查/results/mpc_final_strengthening/figA_source.csv,14,4c1281569c083507d00abd463f007baada3baffb,,,,,,
Figure3,existing any-spending threshold and Top75 cell curves; uncertainty retained from their respective approved sources,B,top75,cash,5000.0,消费调查/results/mpc_final_strengthening/figA_source.csv,15,4c1281569c083507d00abd463f007baada3baffb,,,,,,
Figure3,existing any-spending threshold and Top75 cell curves; uncertainty retained from their respective approved sources,B,top75,food,200.0,消费调查/results/mpc_final_strengthening/figA_source.csv,16,4c1281569c083507d00abd463f007baada3baffb,,,,,,
Figure3,existing any-spending threshold and Top75 cell curves; uncertainty retained from their respective approved sources,B,top75,food,1000.0,消费调查/results/mpc_final_strengthening/figA_source.csv,17,4c1281569c083507d00abd463f007baada3baffb,,,,,,
Figure3,existing any-spending threshold and Top75 cell curves; uncertainty retained from their respective approved sources,B,top75,food,5000.0,消费调查/results/mpc_final_strengthening/figA_source.csv,18,4c1281569c083507d00abd463f007baada3baffb,,,,,,
Figure3,existing any-spending threshold and Top75 cell curves; uncertainty retained from their respective approved sources,B,top75,medical,200.0,消费调查/results/mpc_final_strengthening/figA_source.csv,19,4c1281569c083507d00abd463f007baada3baffb,,,,,,
Figure3,existing any-spending threshold and Top75 cell curves; uncertainty retained from their respective approved sources,B,top75,medical,1000.0,消费调查/results/mpc_final_strengthening/figA_source.csv,20,4c1281569c083507d00abd463f007baada3baffb,,,,,,
Figure3,existing any-spending threshold and Top75 cell curves; uncertainty retained from their respective approved sources,B,top75,medical,5000.0,消费调查/results/mpc_final_strengthening/figA_source.csv,21,4c1281569c083507d00abd463f007baada3baffb,,,,,,
Figure4,"six approved all-X families: one omnibus per representation, including unsupported factors; no new standardization",,ordinal,,,消费调查/results/mpc_allx_screen/all_screen_results.csv,1,c2e3b71621f77b82766e70a3888c409b7256dd33,,cash,q01_lifesat,,,
Figure4,"six approved all-X families: one omnibus per representation, including unsupported factors; no new standardization",,ordinal,,,消费调查/results/mpc_allx_screen/all_screen_results.csv,2,c2e3b71621f77b82766e70a3888c409b7256dd33,,rc,q01_lifesat,,,
Figure4,"six approved all-X families: one omnibus per representation, including unsupported factors; no new standardization",,midpoint,,,消费调查/results/mpc_allx_screen/all_screen_results.csv,5,c2e3b71621f77b82766e70a3888c409b7256dd33,,cash,q01_lifesat,,,
Figure4,"six approved all-X families: one omnibus per representation, including unsupported factors; no new standardization",,midpoint,,,消费调查/results/mpc_allx_screen/all_screen_results.csv,6,c2e3b71621f77b82766e70a3888c409b7256dd33,,rc,q01_lifesat,,,
Figure4,"six approved all-X families: one omnibus per representation, including unsupported factors; no new standardization",,top75,,,消费调查/results/mpc_allx_screen/all_screen_results.csv,9,c2e3b71621f77b82766e70a3888c409b7256dd33,,cash,q01_lifesat,,,
Figure4,"six approved all-X families: one omnibus per representation, including unsupported factors; no new standardization",,top75,,,消费调查/results/mpc_allx_screen/all_screen_results.csv,10,c2e3b71621f77b82766e70a3888c409b7256dd33,,rc,q01_lifesat,,,
Figure4,"six approved all-X families: one omnibus per representation, including unsupported factors; no new standardization",,ordinal,,,消费调查/results/mpc_allx_screen/all_screen_results.csv,13,c2e3b71621f77b82766e70a3888c409b7256dd33,,cash,q02_safety,,,
Figure4,"six approved all-X families: one omnibus per representation, including unsupported factors; no new standardization",,ordinal,,,消费调查/results/mpc_allx_screen/all_screen_results.csv,14,c2e3b71621f77b82766e70a3888c409b7256dd33,,rc,q02_safety,,,
Figure4,"six approved all-X families: one omnibus per representation, including unsupported factors; no new standardization",,midpoint,,,消费调查/results/mpc_allx_screen/all_screen_results.csv,17,c2e3b71621f77b82766e70a3888c409b7256dd33,,cash,q02_safety,,,
Figure4,"six approved all-X families: one omnibus per representation, including unsupported factors; no new standardization",,midpoint,,,消费调查/results/mpc_allx_screen/all_screen_results.csv,18,c2e3b71621f77b82766e70a3888c409b7256dd33,,rc,q02_safety,,,
Figure4,"six approved all-X families: one omnibus per representation, including unsupported factors; no new standardization",,top75,,,消费调查/results/mpc_allx_screen/all_screen_results.csv,21,c2e3b71621f77b82766e70a3888c409b7256dd33,,cash,q02_safety,,,
Figure4,"six approved all-X families: one omnibus per representation, including unsupported factors; no new standardization",,top75,,,消费调查/results/mpc_allx_screen/all_screen_results.csv,22,c2e3b71621f77b82766e70a3888c409b7256dd33,,rc,q02_safety,,,
Figure4,"six approved all-X families: one omnibus per representation, including unsupported factors; no new standardization",,ordinal,,,消费调查/results/mpc_allx_screen/all_screen_results.csv,25,c2e3b71621f77b82766e70a3888c409b7256dd33,,cash,q03a_fair_dist,,,
Figure4,"six approved all-X families: one omnibus per representation, including unsupported factors; no new standardization",,ordinal,,,消费调查/results/mpc_allx_screen/all_screen_results.csv,26,c2e3b71621f77b82766e70a3888c409b7256dd33,,rc,q03a_fair_dist,,,
Figure4,"six approved all-X families: one omnibus per representation, including unsupported factors; no new standardization",,midpoint,,,消费调查/results/mpc_allx_screen/all_screen_results.csv,29,c2e3b71621f77b82766e70a3888c409b7256dd33,,cash,q03a_fair_dist,,,
Figure4,"six approved all-X families: one omnibus per representation, including unsupported factors; no new standardization",,midpoint,,,消费调查/results/mpc_allx_screen/all_screen_results.csv,30,c2e3b71621f77b82766e70a3888c409b7256dd33,,rc,q03a_fair_dist,,,
Figure4,"six approved all-X families: one omnibus per representation, including unsupported factors; no new standardization",,top75,,,消费调查/results/mpc_allx_screen/all_screen_results.csv,33,c2e3b71621f77b82766e70a3888c409b7256dd33,,cash,q03a_fair_dist,,,
Figure4,"six approved all-X families: one omnibus per representation, including unsupported factors; no new standardization",,top75,,,消费调查/results/mpc_allx_screen/all_screen_results.csv,34,c2e3b71621f77b82766e70a3888c409b7256dd33,,rc,q03a_fair_dist,,,
Figure4,"six approved all-X families: one omnibus per representation, including unsupported factors; no new standardization",,ordinal,,,消费调查/results/mpc_allx_screen/all_screen_results.csv,37,c2e3b71621f77b82766e70a3888c409b7256dd33,,cash,q03b_fair_opp,,,
Figure4,"six approved all-X families: one omnibus per representation, including unsupported factors; no new standardization",,ordinal,,,消费调查/results/mpc_allx_screen/all_screen_results.csv,38,c2e3b71621f77b82766e70a3888c409b7256dd33,,rc,q03b_fair_opp,,,
Figure4,"six approved all-X families: one omnibus per representation, including unsupported factors; no new standardization",,midpoint,,,消费调查/results/mpc_allx_screen/all_screen_results.csv,41,c2e3b71621f77b82766e70a3888c409b7256dd33,,cash,q03b_fair_opp,,,
Figure4,"six approved all-X families: one omnibus per representation, including unsupported factors; no new standardization",,midpoint,,,消费调查/results/mpc_allx_screen/all_screen_results.csv,42,c2e3b71621f77b82766e70a3888c409b7256dd33,,rc,q03b_fair_opp,,,
Figure4,"six approved all-X families: one omnibus per representation, including unsupported factors; no new standardization",,top75,,,消费调查/results/mpc_allx_screen/all_screen_results.csv,45,c2e3b71621f77b82766e70a3888c409b7256dd33,,cash,q03b_fair_opp,,,
Figure4,"six approved all-X families: one omnibus per representation, including unsupported factors; no new standardization",,top75,,,消费调查/results/mpc_allx_screen/all_screen_results.csv,46,c2e3b71621f77b82766e70a3888c409b7256dd33,,rc,q03b_fair_opp,,,
Figure4,"six approved all-X families: one omnibus per representation, including unsupported factors; no new standardization",,ordinal,,,消费调查/results/mpc_allx_screen/all_screen_results.csv,49,c2e3b71621f77b82766e70a3888c409b7256dd33,,cash,q03c_fair_rule,,,
Figure4,"six approved all-X families: one omnibus per representation, including unsupported factors; no new standardization",,ordinal,,,消费调查/results/mpc_allx_screen/all_screen_results.csv,50,c2e3b71621f77b82766e70a3888c409b7256dd33,,rc,q03c_fair_rule,,,
Figure4,"six approved all-X families: one omnibus per representation, including unsupported factors; no new standardization",,midpoint,,,消费调查/results/mpc_allx_screen/all_screen_results.csv,53,c2e3b71621f77b82766e70a3888c409b7256dd33,,cash,q03c_fair_rule,,,
Figure4,"six approved all-X families: one omnibus per representation, including unsupported factors; no new standardization",,midpoint,,,消费调查/results/mpc_allx_screen/all_screen_results.csv,54,c2e3b71621f77b82766e70a3888c409b7256dd33,,rc,q03c_fair_rule,,,
Figure4,"six approved all-X families: one omnibus per representation, including unsupported factors; no new standardization",,top75,,,消费调查/results/mpc_allx_screen/all_screen_results.csv,57,c2e3b71621f77b82766e70a3888c409b7256dd33,,cash,q03c_fair_rule,,,
Figure4,"six approved all-X families: one omnibus per representation, including unsupported factors; no new standardization",,top75,,,消费调查/results/mpc_allx_screen/all_screen_results.csv,58,c2e3b71621f77b82766e70a3888c409b7256dd33,,rc,q03c_fair_rule,,,
Figure4,"six approved all-X families: one omnibus per representation, including unsupported factors; no new standardization",,ordinal,,,消费调查/results/mpc_allx_screen/all_screen_results.csv,61,c2e3b71621f77b82766e70a3888c409b7256dd33,,cash,q04_trust_gov,,,
Figure4,"six approved all-X families: one omnibus per representation, including unsupported factors; no new standardization",,ordinal,,,消费调查/results/mpc_allx_screen/all_screen_results.csv,62,c2e3b71621f77b82766e70a3888c409b7256dd33,,rc,q04_trust_gov,,,
Figure4,"six approved all-X families: one omnibus per representation, including unsupported factors; no new standardization",,midpoint,,,消费调查/results/mpc_allx_screen/all_screen_results.csv,65,c2e3b71621f77b82766e70a3888c409b7256dd33,,cash,q04_trust_gov,,,
Figure4,"six approved all-X families: one omnibus per representation, including unsupported factors; no new standardization",,midpoint,,,消费调查/results/mpc_allx_screen/all_screen_results.csv,66,c2e3b71621f77b82766e70a3888c409b7256dd33,,rc,q04_trust_gov,,,
Figure4,"six approved all-X families: one omnibus per representation, including unsupported factors; no new standardization",,top75,,,消费调查/results/mpc_allx_screen/all_screen_results.csv,69,c2e3b71621f77b82766e70a3888c409b7256dd33,,cash,q04_trust_gov,,,
Figure4,"six approved all-X families: one omnibus per representation, including unsupported factors; no new standardization",,top75,,,消费调查/results/mpc_allx_screen/all_screen_results.csv,70,c2e3b71621f77b82766e70a3888c409b7256dd33,,rc,q04_trust_gov,,,
Figure4,"six approved all-X families: one omnibus per representation, including unsupported factors; no new standardization",,ordinal,,,消费调查/results/mpc_allx_screen/all_screen_results.csv,73,c2e3b71621f77b82766e70a3888c409b7256dd33,,cash,q05_trust_soc,,,
Figure4,"six approved all-X families: one omnibus per representation, including unsupported factors; no new standardization",,ordinal,,,消费调查/results/mpc_allx_screen/all_screen_results.csv,74,c2e3b71621f77b82766e70a3888c409b7256dd33,,rc,q05_trust_soc,,,
Figure4,"six approved all-X families: one omnibus per representation, including unsupported factors; no new standardization",,midpoint,,,消费调查/results/mpc_allx_screen/all_screen_results.csv,77,c2e3b71621f77b82766e70a3888c409b7256dd33,,cash,q05_trust_soc,,,
Figure4,"six approved all-X families: one omnibus per representation, including unsupported factors; no new standardization",,midpoint,,,消费调查/results/mpc_allx_screen/all_screen_results.csv,78,c2e3b71621f77b82766e70a3888c409b7256dd33,,rc,q05_trust_soc,,,
Figure4,"six approved all-X families: one omnibus per representation, including unsupported factors; no new standardization",,top75,,,消费调查/results/mpc_allx_screen/all_screen_results.csv,81,c2e3b71621f77b82766e70a3888c409b7256dd33,,cash,q05_trust_soc,,,
Figure4,"six approved all-X families: one omnibus per representation, including unsupported factors; no new standardization",,top75,,,消费调查/results/mpc_allx_screen/all_screen_results.csv,82,c2e3b71621f77b82766e70a3888c409b7256dd33,,rc,q05_trust_soc,,,
Figure4,"six approved all-X families: one omnibus per representation, including unsupported factors; no new standardization",,ordinal,,,消费调查/results/mpc_allx_screen/all_screen_results.csv,85,c2e3b71621f77b82766e70a3888c409b7256dd33,,cash,q06_socsec,,,
Figure4,"six approved all-X families: one omnibus per representation, including unsupported factors; no new standardization",,ordinal,,,消费调查/results/mpc_allx_screen/all_screen_results.csv,86,c2e3b71621f77b82766e70a3888c409b7256dd33,,rc,q06_socsec,,,
Figure4,"six approved all-X families: one omnibus per representation, including unsupported factors; no new standardization",,midpoint,,,消费调查/results/mpc_allx_screen/all_screen_results.csv,89,c2e3b71621f77b82766e70a3888c409b7256dd33,,cash,q06_socsec,,,
Figure4,"six approved all-X families: one omnibus per representation, including unsupported factors; no new standardization",,midpoint,,,消费调查/results/mpc_allx_screen/all_screen_results.csv,90,c2e3b71621f77b82766e70a3888c409b7256dd33,,rc,q06_socsec,,,
Figure4,"six approved all-X families: one omnibus per representation, including unsupported factors; no new standardization",,top75,,,消费调查/results/mpc_allx_screen/all_screen_results.csv,93,c2e3b71621f77b82766e70a3888c409b7256dd33,,cash,q06_socsec,,,
Figure4,"six approved all-X families: one omnibus per representation, including unsupported factors; no new standardization",,top75,,,消费调查/results/mpc_allx_screen/all_screen_results.csv,94,c2e3b71621f77b82766e70a3888c409b7256dd33,,rc,q06_socsec,,,
Figure4,"six approved all-X families: one omnibus per representation, including unsupported factors; no new standardization",,ordinal,,,消费调查/results/mpc_allx_screen/all_screen_results.csv,97,c2e3b71621f77b82766e70a3888c409b7256dd33,,cash,q07_emergfund,,,
Figure4,"six approved all-X families: one omnibus per representation, including unsupported factors; no new standardization",,ordinal,,,消费调查/results/mpc_allx_screen/all_screen_results.csv,98,c2e3b71621f77b82766e70a3888c409b7256dd33,,rc,q07_emergfund,,,
Figure4,"six approved all-X families: one omnibus per representation, including unsupported factors; no new standardization",,midpoint,,,消费调查/results/mpc_allx_screen/all_screen_results.csv,101,c2e3b71621f77b82766e70a3888c409b7256dd33,,cash,q07_emergfund,,,
Figure4,"six approved all-X families: one omnibus per representation, including unsupported factors; no new standardization",,midpoint,,,消费调查/results/mpc_allx_screen/all_screen_results.csv,102,c2e3b71621f77b82766e70a3888c409b7256dd33,,rc,q07_emergfund,,,
Figure4,"six approved all-X families: one omnibus per representation, including unsupported factors; no new standardization",,top75,,,消费调查/results/mpc_allx_screen/all_screen_results.csv,105,c2e3b71621f77b82766e70a3888c409b7256dd33,,cash,q07_emergfund,,,
Figure4,"six approved all-X families: one omnibus per representation, including unsupported factors; no new standardization",,top75,,,消费调查/results/mpc_allx_screen/all_screen_results.csv,106,c2e3b71621f77b82766e70a3888c409b7256dd33,,rc,q07_emergfund,,,
Figure4,"six approved all-X families: one omnibus per representation, including unsupported factors; no new standardization",,ordinal,,,消费调查/results/mpc_allx_screen/all_screen_results.csv,109,c2e3b71621f77b82766e70a3888c409b7256dd33,,cash,q08_support,,,
Figure4,"six approved all-X families: one omnibus per representation, including unsupported factors; no new standardization",,ordinal,,,消费调查/results/mpc_allx_screen/all_screen_results.csv,110,c2e3b71621f77b82766e70a3888c409b7256dd33,,rc,q08_support,,,
Figure4,"six approved all-X families: one omnibus per representation, including unsupported factors; no new standardization",,midpoint,,,消费调查/results/mpc_allx_screen/all_screen_results.csv,113,c2e3b71621f77b82766e70a3888c409b7256dd33,,cash,q08_support,,,
Figure4,"six approved all-X families: one omnibus per representation, including unsupported factors; no new standardization",,midpoint,,,消费调查/results/mpc_allx_screen/all_screen_results.csv,114,c2e3b71621f77b82766e70a3888c409b7256dd33,,rc,q08_support,,,
Figure4,"six approved all-X families: one omnibus per representation, including unsupported factors; no new standardization",,top75,,,消费调查/results/mpc_allx_screen/all_screen_results.csv,117,c2e3b71621f77b82766e70a3888c409b7256dd33,,cash,q08_support,,,
Figure4,"six approved all-X families: one omnibus per representation, including unsupported factors; no new standardization",,top75,,,消费调查/results/mpc_allx_screen/all_screen_results.csv,118,c2e3b71621f77b82766e70a3888c409b7256dd33,,rc,q08_support,,,
Figure4,"six approved all-X families: one omnibus per representation, including unsupported factors; no new standardization",,ordinal,,,消费调查/results/mpc_allx_screen/all_screen_results.csv,121,c2e3b71621f77b82766e70a3888c409b7256dd33,,cash,q09_gain,,,
Figure4,"six approved all-X families: one omnibus per representation, including unsupported factors; no new standardization",,ordinal,,,消费调查/results/mpc_allx_screen/all_screen_results.csv,122,c2e3b71621f77b82766e70a3888c409b7256dd33,,rc,q09_gain,,,
Figure4,"six approved all-X families: one omnibus per representation, including unsupported factors; no new standardization",,midpoint,,,消费调查/results/mpc_allx_screen/all_screen_results.csv,125,c2e3b71621f77b82766e70a3888c409b7256dd33,,cash,q09_gain,,,
Figure4,"six approved all-X families: one omnibus per representation, including unsupported factors; no new standardization",,midpoint,,,消费调查/results/mpc_allx_screen/all_screen_results.csv,126,c2e3b71621f77b82766e70a3888c409b7256dd33,,rc,q09_gain,,,
Figure4,"six approved all-X families: one omnibus per representation, including unsupported factors; no new standardization",,top75,,,消费调查/results/mpc_allx_screen/all_screen_results.csv,129,c2e3b71621f77b82766e70a3888c409b7256dd33,,cash,q09_gain,,,
Figure4,"six approved all-X families: one omnibus per representation, including unsupported factors; no new standardization",,top75,,,消费调查/results/mpc_allx_screen/all_screen_results.csv,130,c2e3b71621f77b82766e70a3888c409b7256dd33,,rc,q09_gain,,,
Figure4,"six approved all-X families: one omnibus per representation, including unsupported factors; no new standardization",,ordinal,,,消费调查/results/mpc_allx_screen/all_screen_results.csv,133,c2e3b71621f77b82766e70a3888c409b7256dd33,,cash,q10_effort,,,
Figure4,"six approved all-X families: one omnibus per representation, including unsupported factors; no new standardization",,ordinal,,,消费调查/results/mpc_allx_screen/all_screen_results.csv,134,c2e3b71621f77b82766e70a3888c409b7256dd33,,rc,q10_effort,,,
Figure4,"six approved all-X families: one omnibus per representation, including unsupported factors; no new standardization",,midpoint,,,消费调查/results/mpc_allx_screen/all_screen_results.csv,137,c2e3b71621f77b82766e70a3888c409b7256dd33,,cash,q10_effort,,,
Figure4,"six approved all-X families: one omnibus per representation, including unsupported factors; no new standardization",,midpoint,,,消费调查/results/mpc_allx_screen/all_screen_results.csv,138,c2e3b71621f77b82766e70a3888c409b7256dd33,,rc,q10_effort,,,
Figure4,"six approved all-X families: one omnibus per representation, including unsupported factors; no new standardization",,top75,,,消费调查/results/mpc_allx_screen/all_screen_results.csv,141,c2e3b71621f77b82766e70a3888c409b7256dd33,,cash,q10_effort,,,
Figure4,"six approved all-X families: one omnibus per representation, including unsupported factors; no new standardization",,top75,,,消费调查/results/mpc_allx_screen/all_screen_results.csv,142,c2e3b71621f77b82766e70a3888c409b7256dd33,,rc,q10_effort,,,
Figure4,"six approved all-X families: one omnibus per representation, including unsupported factors; no new standardization",,ordinal,,,消费调查/results/mpc_allx_screen/all_screen_results.csv,145,c2e3b71621f77b82766e70a3888c409b7256dd33,,cash,q11_mobility,,,
Figure4,"six approved all-X families: one omnibus per representation, including unsupported factors; no new standardization",,ordinal,,,消费调查/results/mpc_allx_screen/all_screen_results.csv,146,c2e3b71621f77b82766e70a3888c409b7256dd33,,rc,q11_mobility,,,
Figure4,"six approved all-X families: one omnibus per representation, including unsupported factors; no new standardization",,midpoint,,,消费调查/results/mpc_allx_screen/all_screen_results.csv,149,c2e3b71621f77b82766e70a3888c409b7256dd33,,cash,q11_mobility,,,
Figure4,"six approved all-X families: one omnibus per representation, including unsupported factors; no new standardization",,midpoint,,,消费调查/results/mpc_allx_screen/all_screen_results.csv,150,c2e3b71621f77b82766e70a3888c409b7256dd33,,rc,q11_mobility,,,
Figure4,"six approved all-X families: one omnibus per representation, including unsupported factors; no new standardization",,top75,,,消费调查/results/mpc_allx_screen/all_screen_results.csv,153,c2e3b71621f77b82766e70a3888c409b7256dd33,,cash,q11_mobility,,,
Figure4,"six approved all-X families: one omnibus per representation, including unsupported factors; no new standardization",,top75,,,消费调查/results/mpc_allx_screen/all_screen_results.csv,154,c2e3b71621f77b82766e70a3888c409b7256dd33,,rc,q11_mobility,,,
Figure4,"six approved all-X families: one omnibus per representation, including unsupported factors; no new standardization",,ordinal,,,消费调查/results/mpc_allx_screen/all_screen_results.csv,157,c2e3b71621f77b82766e70a3888c409b7256dd33,,cash,q12_voice,,,
Figure4,"six approved all-X families: one omnibus per representation, including unsupported factors; no new standardization",,ordinal,,,消费调查/results/mpc_allx_screen/all_screen_results.csv,158,c2e3b71621f77b82766e70a3888c409b7256dd33,,rc,q12_voice,,,
Figure4,"six approved all-X families: one omnibus per representation, including unsupported factors; no new standardization",,midpoint,,,消费调查/results/mpc_allx_screen/all_screen_results.csv,161,c2e3b71621f77b82766e70a3888c409b7256dd33,,cash,q12_voice,,,
Figure4,"six approved all-X families: one omnibus per representation, including unsupported factors; no new standardization",,midpoint,,,消费调查/results/mpc_allx_screen/all_screen_results.csv,162,c2e3b71621f77b82766e70a3888c409b7256dd33,,rc,q12_voice,,,
Figure4,"six approved all-X families: one omnibus per representation, including unsupported factors; no new standardization",,top75,,,消费调查/results/mpc_allx_screen/all_screen_results.csv,165,c2e3b71621f77b82766e70a3888c409b7256dd33,,cash,q12_voice,,,
Figure4,"six approved all-X families: one omnibus per representation, including unsupported factors; no new standardization",,top75,,,消费调查/results/mpc_allx_screen/all_screen_results.csv,166,c2e3b71621f77b82766e70a3888c409b7256dd33,,rc,q12_voice,,,
Figure4,"six approved all-X families: one omnibus per representation, including unsupported factors; no new standardization",,ordinal,,,消费调查/results/mpc_allx_screen/all_screen_results.csv,169,c2e3b71621f77b82766e70a3888c409b7256dd33,,cash,q13_pressure,,,
Figure4,"six approved all-X families: one omnibus per representation, including unsupported factors; no new standardization",,ordinal,,,消费调查/results/mpc_allx_screen/all_screen_results.csv,170,c2e3b71621f77b82766e70a3888c409b7256dd33,,rc,q13_pressure,,,
Figure4,"six approved all-X families: one omnibus per representation, including unsupported factors; no new standardization",,midpoint,,,消费调查/results/mpc_allx_screen/all_screen_results.csv,173,c2e3b71621f77b82766e70a3888c409b7256dd33,,cash,q13_pressure,,,
Figure4,"six approved all-X families: one omnibus per representation, including unsupported factors; no new standardization",,midpoint,,,消费调查/results/mpc_allx_screen/all_screen_results.csv,174,c2e3b71621f77b82766e70a3888c409b7256dd33,,rc,q13_pressure,,,
Figure4,"six approved all-X families: one omnibus per representation, including unsupported factors; no new standardization",,top75,,,消费调查/results/mpc_allx_screen/all_screen_results.csv,177,c2e3b71621f77b82766e70a3888c409b7256dd33,,cash,q13_pressure,,,
Figure4,"six approved all-X families: one omnibus per representation, including unsupported factors; no new standardization",,top75,,,消费调查/results/mpc_allx_screen/all_screen_results.csv,178,c2e3b71621f77b82766e70a3888c409b7256dd33,,rc,q13_pressure,,,
Figure4,"six approved all-X families: one omnibus per representation, including unsupported factors; no new standardization",,ordinal,,,消费调查/results/mpc_allx_screen/all_screen_results.csv,181,c2e3b71621f77b82766e70a3888c409b7256dd33,,cash,q14a_pr_income,,,
Figure4,"six approved all-X families: one omnibus per representation, including unsupported factors; no new standardization",,ordinal,,,消费调查/results/mpc_allx_screen/all_screen_results.csv,182,c2e3b71621f77b82766e70a3888c409b7256dd33,,rc,q14a_pr_income,,,
Figure4,"six approved all-X families: one omnibus per representation, including unsupported factors; no new standardization",,midpoint,,,消费调查/results/mpc_allx_screen/all_screen_results.csv,185,c2e3b71621f77b82766e70a3888c409b7256dd33,,cash,q14a_pr_income,,,
Figure4,"six approved all-X families: one omnibus per representation, including unsupported factors; no new standardization",,midpoint,,,消费调查/results/mpc_allx_screen/all_screen_results.csv,186,c2e3b71621f77b82766e70a3888c409b7256dd33,,rc,q14a_pr_income,,,
Figure4,"six approved all-X families: one omnibus per representation, including unsupported factors; no new standardization",,top75,,,消费调查/results/mpc_allx_screen/all_screen_results.csv,189,c2e3b71621f77b82766e70a3888c409b7256dd33,,cash,q14a_pr_income,,,
Figure4,"six approved all-X families: one omnibus per representation, including unsupported factors; no new standardization",,top75,,,消费调查/results/mpc_allx_screen/all_screen_results.csv,190,c2e3b71621f77b82766e70a3888c409b7256dd33,,rc,q14a_pr_income,,,
Figure4,"six approved all-X families: one omnibus per representation, including unsupported factors; no new standardization",,ordinal,,,消费调查/results/mpc_allx_screen/all_screen_results.csv,193,c2e3b71621f77b82766e70a3888c409b7256dd33,,cash,q14b_pr_housing,,,
Figure4,"six approved all-X families: one omnibus per representation, including unsupported factors; no new standardization",,ordinal,,,消费调查/results/mpc_allx_screen/all_screen_results.csv,194,c2e3b71621f77b82766e70a3888c409b7256dd33,,rc,q14b_pr_housing,,,
Figure4,"six approved all-X families: one omnibus per representation, including unsupported factors; no new standardization",,midpoint,,,消费调查/results/mpc_allx_screen/all_screen_results.csv,197,c2e3b71621f77b82766e70a3888c409b7256dd33,,cash,q14b_pr_housing,,,
Figure4,"six approved all-X families: one omnibus per representation, including unsupported factors; no new standardization",,midpoint,,,消费调查/results/mpc_allx_screen/all_screen_results.csv,198,c2e3b71621f77b82766e70a3888c409b7256dd33,,rc,q14b_pr_housing,,,
Figure4,"six approved all-X families: one omnibus per representation, including unsupported factors; no new standardization",,top75,,,消费调查/results/mpc_allx_screen/all_screen_results.csv,201,c2e3b71621f77b82766e70a3888c409b7256dd33,,cash,q14b_pr_housing,,,
Figure4,"six approved all-X families: one omnibus per representation, including unsupported factors; no new standardization",,top75,,,消费调查/results/mpc_allx_screen/all_screen_results.csv,202,c2e3b71621f77b82766e70a3888c409b7256dd33,,rc,q14b_pr_housing,,,
Figure4,"six approved all-X families: one omnibus per representation, including unsupported factors; no new standardization",,ordinal,,,消费调查/results/mpc_allx_screen/all_screen_results.csv,205,c2e3b71621f77b82766e70a3888c409b7256dd33,,cash,q14c_pr_work,,,
Figure4,"six approved all-X families: one omnibus per representation, including unsupported factors; no new standardization",,ordinal,,,消费调查/results/mpc_allx_screen/all_screen_results.csv,206,c2e3b71621f77b82766e70a3888c409b7256dd33,,rc,q14c_pr_work,,,
Figure4,"six approved all-X families: one omnibus per representation, including unsupported factors; no new standardization",,midpoint,,,消费调查/results/mpc_allx_screen/all_screen_results.csv,209,c2e3b71621f77b82766e70a3888c409b7256dd33,,cash,q14c_pr_work,,,
Figure4,"six approved all-X families: one omnibus per representation, including unsupported factors; no new standardization",,midpoint,,,消费调查/results/mpc_allx_screen/all_screen_results.csv,210,c2e3b71621f77b82766e70a3888c409b7256dd33,,rc,q14c_pr_work,,,
Figure4,"six approved all-X families: one omnibus per representation, including unsupported factors; no new standardization",,top75,,,消费调查/results/mpc_allx_screen/all_screen_results.csv,213,c2e3b71621f77b82766e70a3888c409b7256dd33,,cash,q14c_pr_work,,,
Figure4,"six approved all-X families: one omnibus per representation, including unsupported factors; no new standardization",,top75,,,消费调查/results/mpc_allx_screen/all_screen_results.csv,214,c2e3b71621f77b82766e70a3888c409b7256dd33,,rc,q14c_pr_work,,,
Figure4,"six approved all-X families: one omnibus per representation, including unsupported factors; no new standardization",,ordinal,,,消费调查/results/mpc_allx_screen/all_screen_results.csv,217,c2e3b71621f77b82766e70a3888c409b7256dd33,,cash,q14d_pr_edu,,,
Figure4,"six approved all-X families: one omnibus per representation, including unsupported factors; no new standardization",,ordinal,,,消费调查/results/mpc_allx_screen/all_screen_results.csv,218,c2e3b71621f77b82766e70a3888c409b7256dd33,,rc,q14d_pr_edu,,,
Figure4,"six approved all-X families: one omnibus per representation, including unsupported factors; no new standardization",,midpoint,,,消费调查/results/mpc_allx_screen/all_screen_results.csv,221,c2e3b71621f77b82766e70a3888c409b7256dd33,,cash,q14d_pr_edu,,,
Figure4,"six approved all-X families: one omnibus per representation, including unsupported factors; no new standardization",,midpoint,,,消费调查/results/mpc_allx_screen/all_screen_results.csv,222,c2e3b71621f77b82766e70a3888c409b7256dd33,,rc,q14d_pr_edu,,,
Figure4,"six approved all-X families: one omnibus per representation, including unsupported factors; no new standardization",,top75,,,消费调查/results/mpc_allx_screen/all_screen_results.csv,225,c2e3b71621f77b82766e70a3888c409b7256dd33,,cash,q14d_pr_edu,,,
Figure4,"six approved all-X families: one omnibus per representation, including unsupported factors; no new standardization",,top75,,,消费调查/results/mpc_allx_screen/all_screen_results.csv,226,c2e3b71621f77b82766e70a3888c409b7256dd33,,rc,q14d_pr_edu,,,
Figure4,"six approved all-X families: one omnibus per representation, including unsupported factors; no new standardization",,ordinal,,,消费调查/results/mpc_allx_screen/all_screen_results.csv,229,c2e3b71621f77b82766e70a3888c409b7256dd33,,cash,q14e_pr_med,,,
Figure4,"six approved all-X families: one omnibus per representation, including unsupported factors; no new standardization",,ordinal,,,消费调查/results/mpc_allx_screen/all_screen_results.csv,230,c2e3b71621f77b82766e70a3888c409b7256dd33,,rc,q14e_pr_med,,,
Figure4,"six approved all-X families: one omnibus per representation, including unsupported factors; no new standardization",,midpoint,,,消费调查/results/mpc_allx_screen/all_screen_results.csv,233,c2e3b71621f77b82766e70a3888c409b7256dd33,,cash,q14e_pr_med,,,
Figure4,"six approved all-X families: one omnibus per representation, including unsupported factors; no new standardization",,midpoint,,,消费调查/results/mpc_allx_screen/all_screen_results.csv,234,c2e3b71621f77b82766e70a3888c409b7256dd33,,rc,q14e_pr_med,,,
Figure4,"six approved all-X families: one omnibus per representation, including unsupported factors; no new standardization",,top75,,,消费调查/results/mpc_allx_screen/all_screen_results.csv,237,c2e3b71621f77b82766e70a3888c409b7256dd33,,cash,q14e_pr_med,,,
Figure4,"six approved all-X families: one omnibus per representation, including unsupported factors; no new standardization",,top75,,,消费调查/results/mpc_allx_screen/all_screen_results.csv,238,c2e3b71621f77b82766e70a3888c409b7256dd33,,rc,q14e_pr_med,,,
Figure4,"six approved all-X families: one omnibus per representation, including unsupported factors; no new standardization",,ordinal,,,消费调查/results/mpc_allx_screen/all_screen_results.csv,241,c2e3b71621f77b82766e70a3888c409b7256dd33,,cash,q14f_pr_pension,,,
Figure4,"six approved all-X families: one omnibus per representation, including unsupported factors; no new standardization",,ordinal,,,消费调查/results/mpc_allx_screen/all_screen_results.csv,242,c2e3b71621f77b82766e70a3888c409b7256dd33,,rc,q14f_pr_pension,,,
Figure4,"six approved all-X families: one omnibus per representation, including unsupported factors; no new standardization",,midpoint,,,消费调查/results/mpc_allx_screen/all_screen_results.csv,245,c2e3b71621f77b82766e70a3888c409b7256dd33,,cash,q14f_pr_pension,,,
Figure4,"six approved all-X families: one omnibus per representation, including unsupported factors; no new standardization",,midpoint,,,消费调查/results/mpc_allx_screen/all_screen_results.csv,246,c2e3b71621f77b82766e70a3888c409b7256dd33,,rc,q14f_pr_pension,,,
Figure4,"six approved all-X families: one omnibus per representation, including unsupported factors; no new standardization",,top75,,,消费调查/results/mpc_allx_screen/all_screen_results.csv,249,c2e3b71621f77b82766e70a3888c409b7256dd33,,cash,q14f_pr_pension,,,
Figure4,"six approved all-X families: one omnibus per representation, including unsupported factors; no new standardization",,top75,,,消费调查/results/mpc_allx_screen/all_screen_results.csv,250,c2e3b71621f77b82766e70a3888c409b7256dd33,,rc,q14f_pr_pension,,,
Figure4,"six approved all-X families: one omnibus per representation, including unsupported factors; no new standardization",,ordinal,,,消费调查/results/mpc_allx_screen/all_screen_results.csv,253,c2e3b71621f77b82766e70a3888c409b7256dd33,,cash,q14g_pr_other,,,
Figure4,"six approved all-X families: one omnibus per representation, including unsupported factors; no new standardization",,ordinal,,,消费调查/results/mpc_allx_screen/all_screen_results.csv,254,c2e3b71621f77b82766e70a3888c409b7256dd33,,rc,q14g_pr_other,,,
Figure4,"six approved all-X families: one omnibus per representation, including unsupported factors; no new standardization",,midpoint,,,消费调查/results/mpc_allx_screen/all_screen_results.csv,257,c2e3b71621f77b82766e70a3888c409b7256dd33,,cash,q14g_pr_other,,,
Figure4,"six approved all-X families: one omnibus per representation, including unsupported factors; no new standardization",,midpoint,,,消费调查/results/mpc_allx_screen/all_screen_results.csv,258,c2e3b71621f77b82766e70a3888c409b7256dd33,,rc,q14g_pr_other,,,
Figure4,"six approved all-X families: one omnibus per representation, including unsupported factors; no new standardization",,top75,,,消费调查/results/mpc_allx_screen/all_screen_results.csv,261,c2e3b71621f77b82766e70a3888c409b7256dd33,,cash,q14g_pr_other,,,
Figure4,"six approved all-X families: one omnibus per representation, including unsupported factors; no new standardization",,top75,,,消费调查/results/mpc_allx_screen/all_screen_results.csv,262,c2e3b71621f77b82766e70a3888c409b7256dd33,,rc,q14g_pr_other,,,
Figure4,"six approved all-X families: one omnibus per representation, including unsupported factors; no new standardization",,ordinal,,,消费调查/results/mpc_allx_screen/all_screen_results.csv,265,c2e3b71621f77b82766e70a3888c409b7256dd33,,cash,q14h_pr_none,,,
Figure4,"six approved all-X families: one omnibus per representation, including unsupported factors; no new standardization",,ordinal,,,消费调查/results/mpc_allx_screen/all_screen_results.csv,266,c2e3b71621f77b82766e70a3888c409b7256dd33,,rc,q14h_pr_none,,,
Figure4,"six approved all-X families: one omnibus per representation, including unsupported factors; no new standardization",,midpoint,,,消费调查/results/mpc_allx_screen/all_screen_results.csv,269,c2e3b71621f77b82766e70a3888c409b7256dd33,,cash,q14h_pr_none,,,
Figure4,"six approved all-X families: one omnibus per representation, including unsupported factors; no new standardization",,midpoint,,,消费调查/results/mpc_allx_screen/all_screen_results.csv,270,c2e3b71621f77b82766e70a3888c409b7256dd33,,rc,q14h_pr_none,,,
Figure4,"six approved all-X families: one omnibus per representation, including unsupported factors; no new standardization",,top75,,,消费调查/results/mpc_allx_screen/all_screen_results.csv,273,c2e3b71621f77b82766e70a3888c409b7256dd33,,cash,q14h_pr_none,,,
Figure4,"six approved all-X families: one omnibus per representation, including unsupported factors; no new standardization",,top75,,,消费调查/results/mpc_allx_screen/all_screen_results.csv,274,c2e3b71621f77b82766e70a3888c409b7256dd33,,rc,q14h_pr_none,,,
Figure4,"six approved all-X families: one omnibus per representation, including unsupported factors; no new standardization",,ordinal,,,消费调查/results/mpc_allx_screen/all_screen_results.csv,277,c2e3b71621f77b82766e70a3888c409b7256dd33,,cash,q15_fut_self,,,
Figure4,"six approved all-X families: one omnibus per representation, including unsupported factors; no new standardization",,ordinal,,,消费调查/results/mpc_allx_screen/all_screen_results.csv,278,c2e3b71621f77b82766e70a3888c409b7256dd33,,rc,q15_fut_self,,,
Figure4,"six approved all-X families: one omnibus per representation, including unsupported factors; no new standardization",,midpoint,,,消费调查/results/mpc_allx_screen/all_screen_results.csv,281,c2e3b71621f77b82766e70a3888c409b7256dd33,,cash,q15_fut_self,,,
Figure4,"six approved all-X families: one omnibus per representation, including unsupported factors; no new standardization",,midpoint,,,消费调查/results/mpc_allx_screen/all_screen_results.csv,282,c2e3b71621f77b82766e70a3888c409b7256dd33,,rc,q15_fut_self,,,
Figure4,"six approved all-X families: one omnibus per representation, including unsupported factors; no new standardization",,top75,,,消费调查/results/mpc_allx_screen/all_screen_results.csv,285,c2e3b71621f77b82766e70a3888c409b7256dd33,,cash,q15_fut_self,,,
Figure4,"six approved all-X families: one omnibus per representation, including unsupported factors; no new standardization",,top75,,,消费调查/results/mpc_allx_screen/all_screen_results.csv,286,c2e3b71621f77b82766e70a3888c409b7256dd33,,rc,q15_fut_self,,,
Figure4,"six approved all-X families: one omnibus per representation, including unsupported factors; no new standardization",,ordinal,,,消费调查/results/mpc_allx_screen/all_screen_results.csv,289,c2e3b71621f77b82766e70a3888c409b7256dd33,,cash,q16_fut_society,,,
Figure4,"six approved all-X families: one omnibus per representation, including unsupported factors; no new standardization",,ordinal,,,消费调查/results/mpc_allx_screen/all_screen_results.csv,290,c2e3b71621f77b82766e70a3888c409b7256dd33,,rc,q16_fut_society,,,
Figure4,"six approved all-X families: one omnibus per representation, including unsupported factors; no new standardization",,midpoint,,,消费调查/results/mpc_allx_screen/all_screen_results.csv,293,c2e3b71621f77b82766e70a3888c409b7256dd33,,cash,q16_fut_society,,,
Figure4,"six approved all-X families: one omnibus per representation, including unsupported factors; no new standardization",,midpoint,,,消费调查/results/mpc_allx_screen/all_screen_results.csv,294,c2e3b71621f77b82766e70a3888c409b7256dd33,,rc,q16_fut_society,,,
Figure4,"six approved all-X families: one omnibus per representation, including unsupported factors; no new standardization",,top75,,,消费调查/results/mpc_allx_screen/all_screen_results.csv,297,c2e3b71621f77b82766e70a3888c409b7256dd33,,cash,q16_fut_society,,,
Figure4,"six approved all-X families: one omnibus per representation, including unsupported factors; no new standardization",,top75,,,消费调查/results/mpc_allx_screen/all_screen_results.csv,298,c2e3b71621f77b82766e70a3888c409b7256dd33,,rc,q16_fut_society,,,
Figure4,"six approved all-X families: one omnibus per representation, including unsupported factors; no new standardization",,ordinal,,,消费调查/results/mpc_allx_screen/all_screen_results.csv,301,c2e3b71621f77b82766e70a3888c409b7256dd33,,cash,q17a_fut_econ,,,
Figure4,"six approved all-X families: one omnibus per representation, including unsupported factors; no new standardization",,ordinal,,,消费调查/results/mpc_allx_screen/all_screen_results.csv,302,c2e3b71621f77b82766e70a3888c409b7256dd33,,rc,q17a_fut_econ,,,
Figure4,"six approved all-X families: one omnibus per representation, including unsupported factors; no new standardization",,midpoint,,,消费调查/results/mpc_allx_screen/all_screen_results.csv,305,c2e3b71621f77b82766e70a3888c409b7256dd33,,cash,q17a_fut_econ,,,
Figure4,"six approved all-X families: one omnibus per representation, including unsupported factors; no new standardization",,midpoint,,,消费调查/results/mpc_allx_screen/all_screen_results.csv,306,c2e3b71621f77b82766e70a3888c409b7256dd33,,rc,q17a_fut_econ,,,
Figure4,"six approved all-X families: one omnibus per representation, including unsupported factors; no new standardization",,top75,,,消费调查/results/mpc_allx_screen/all_screen_results.csv,309,c2e3b71621f77b82766e70a3888c409b7256dd33,,cash,q17a_fut_econ,,,
Figure4,"six approved all-X families: one omnibus per representation, including unsupported factors; no new standardization",,top75,,,消费调查/results/mpc_allx_screen/all_screen_results.csv,310,c2e3b71621f77b82766e70a3888c409b7256dd33,,rc,q17a_fut_econ,,,
Figure4,"six approved all-X families: one omnibus per representation, including unsupported factors; no new standardization",,ordinal,,,消费调查/results/mpc_allx_screen/all_screen_results.csv,313,c2e3b71621f77b82766e70a3888c409b7256dd33,,cash,q17b_fut_job,,,
Figure4,"six approved all-X families: one omnibus per representation, including unsupported factors; no new standardization",,ordinal,,,消费调查/results/mpc_allx_screen/all_screen_results.csv,314,c2e3b71621f77b82766e70a3888c409b7256dd33,,rc,q17b_fut_job,,,
Figure4,"six approved all-X families: one omnibus per representation, including unsupported factors; no new standardization",,midpoint,,,消费调查/results/mpc_allx_screen/all_screen_results.csv,317,c2e3b71621f77b82766e70a3888c409b7256dd33,,cash,q17b_fut_job,,,
Figure4,"six approved all-X families: one omnibus per representation, including unsupported factors; no new standardization",,midpoint,,,消费调查/results/mpc_allx_screen/all_screen_results.csv,318,c2e3b71621f77b82766e70a3888c409b7256dd33,,rc,q17b_fut_job,,,
Figure4,"six approved all-X families: one omnibus per representation, including unsupported factors; no new standardization",,top75,,,消费调查/results/mpc_allx_screen/all_screen_results.csv,321,c2e3b71621f77b82766e70a3888c409b7256dd33,,cash,q17b_fut_job,,,
Figure4,"six approved all-X families: one omnibus per representation, including unsupported factors; no new standardization",,top75,,,消费调查/results/mpc_allx_screen/all_screen_results.csv,322,c2e3b71621f77b82766e70a3888c409b7256dd33,,rc,q17b_fut_job,,,
Figure4,"six approved all-X families: one omnibus per representation, including unsupported factors; no new standardization",,ordinal,,,消费调查/results/mpc_allx_screen/all_screen_results.csv,325,c2e3b71621f77b82766e70a3888c409b7256dd33,,cash,q17c_fut_price,,,
Figure4,"six approved all-X families: one omnibus per representation, including unsupported factors; no new standardization",,ordinal,,,消费调查/results/mpc_allx_screen/all_screen_results.csv,326,c2e3b71621f77b82766e70a3888c409b7256dd33,,rc,q17c_fut_price,,,
Figure4,"six approved all-X families: one omnibus per representation, including unsupported factors; no new standardization",,midpoint,,,消费调查/results/mpc_allx_screen/all_screen_results.csv,329,c2e3b71621f77b82766e70a3888c409b7256dd33,,cash,q17c_fut_price,,,
Figure4,"six approved all-X families: one omnibus per representation, including unsupported factors; no new standardization",,midpoint,,,消费调查/results/mpc_allx_screen/all_screen_results.csv,330,c2e3b71621f77b82766e70a3888c409b7256dd33,,rc,q17c_fut_price,,,
Figure4,"six approved all-X families: one omnibus per representation, including unsupported factors; no new standardization",,top75,,,消费调查/results/mpc_allx_screen/all_screen_results.csv,333,c2e3b71621f77b82766e70a3888c409b7256dd33,,cash,q17c_fut_price,,,
Figure4,"six approved all-X families: one omnibus per representation, including unsupported factors; no new standardization",,top75,,,消费调查/results/mpc_allx_screen/all_screen_results.csv,334,c2e3b71621f77b82766e70a3888c409b7256dd33,,rc,q17c_fut_price,,,
Figure4,"six approved all-X families: one omnibus per representation, including unsupported factors; no new standardization",,ordinal,,,消费调查/results/mpc_allx_screen/all_screen_results.csv,337,c2e3b71621f77b82766e70a3888c409b7256dd33,,cash,q17d_fut_fair,,,
Figure4,"six approved all-X families: one omnibus per representation, including unsupported factors; no new standardization",,ordinal,,,消费调查/results/mpc_allx_screen/all_screen_results.csv,338,c2e3b71621f77b82766e70a3888c409b7256dd33,,rc,q17d_fut_fair,,,
Figure4,"six approved all-X families: one omnibus per representation, including unsupported factors; no new standardization",,midpoint,,,消费调查/results/mpc_allx_screen/all_screen_results.csv,341,c2e3b71621f77b82766e70a3888c409b7256dd33,,cash,q17d_fut_fair,,,
Figure4,"six approved all-X families: one omnibus per representation, including unsupported factors; no new standardization",,midpoint,,,消费调查/results/mpc_allx_screen/all_screen_results.csv,342,c2e3b71621f77b82766e70a3888c409b7256dd33,,rc,q17d_fut_fair,,,
Figure4,"six approved all-X families: one omnibus per representation, including unsupported factors; no new standardization",,top75,,,消费调查/results/mpc_allx_screen/all_screen_results.csv,345,c2e3b71621f77b82766e70a3888c409b7256dd33,,cash,q17d_fut_fair,,,
Figure4,"six approved all-X families: one omnibus per representation, including unsupported factors; no new standardization",,top75,,,消费调查/results/mpc_allx_screen/all_screen_results.csv,346,c2e3b71621f77b82766e70a3888c409b7256dd33,,rc,q17d_fut_fair,,,
Figure4,"six approved all-X families: one omnibus per representation, including unsupported factors; no new standardization",,ordinal,,,消费调查/results/mpc_allx_screen/all_screen_results.csv,349,c2e3b71621f77b82766e70a3888c409b7256dd33,,cash,q17e_fut_welfare,,,
Figure4,"six approved all-X families: one omnibus per representation, including unsupported factors; no new standardization",,ordinal,,,消费调查/results/mpc_allx_screen/all_screen_results.csv,350,c2e3b71621f77b82766e70a3888c409b7256dd33,,rc,q17e_fut_welfare,,,
Figure4,"six approved all-X families: one omnibus per representation, including unsupported factors; no new standardization",,midpoint,,,消费调查/results/mpc_allx_screen/all_screen_results.csv,353,c2e3b71621f77b82766e70a3888c409b7256dd33,,cash,q17e_fut_welfare,,,
Figure4,"six approved all-X families: one omnibus per representation, including unsupported factors; no new standardization",,midpoint,,,消费调查/results/mpc_allx_screen/all_screen_results.csv,354,c2e3b71621f77b82766e70a3888c409b7256dd33,,rc,q17e_fut_welfare,,,
Figure4,"six approved all-X families: one omnibus per representation, including unsupported factors; no new standardization",,top75,,,消费调查/results/mpc_allx_screen/all_screen_results.csv,357,c2e3b71621f77b82766e70a3888c409b7256dd33,,cash,q17e_fut_welfare,,,
Figure4,"six approved all-X families: one omnibus per representation, including unsupported factors; no new standardization",,top75,,,消费调查/results/mpc_allx_screen/all_screen_results.csv,358,c2e3b71621f77b82766e70a3888c409b7256dd33,,rc,q17e_fut_welfare,,,
Figure4,"six approved all-X families: one omnibus per representation, including unsupported factors; no new standardization",,ordinal,,,消费调查/results/mpc_allx_screen/all_screen_results.csv,361,c2e3b71621f77b82766e70a3888c409b7256dd33,,cash,q18_ses_now,,,
Figure4,"six approved all-X families: one omnibus per representation, including unsupported factors; no new standardization",,ordinal,,,消费调查/results/mpc_allx_screen/all_screen_results.csv,362,c2e3b71621f77b82766e70a3888c409b7256dd33,,rc,q18_ses_now,,,
Figure4,"six approved all-X families: one omnibus per representation, including unsupported factors; no new standardization",,midpoint,,,消费调查/results/mpc_allx_screen/all_screen_results.csv,365,c2e3b71621f77b82766e70a3888c409b7256dd33,,cash,q18_ses_now,,,
Figure4,"six approved all-X families: one omnibus per representation, including unsupported factors; no new standardization",,midpoint,,,消费调查/results/mpc_allx_screen/all_screen_results.csv,366,c2e3b71621f77b82766e70a3888c409b7256dd33,,rc,q18_ses_now,,,
Figure4,"six approved all-X families: one omnibus per representation, including unsupported factors; no new standardization",,top75,,,消费调查/results/mpc_allx_screen/all_screen_results.csv,369,c2e3b71621f77b82766e70a3888c409b7256dd33,,cash,q18_ses_now,,,
Figure4,"six approved all-X families: one omnibus per representation, including unsupported factors; no new standardization",,top75,,,消费调查/results/mpc_allx_screen/all_screen_results.csv,370,c2e3b71621f77b82766e70a3888c409b7256dd33,,rc,q18_ses_now,,,
Figure4,"six approved all-X families: one omnibus per representation, including unsupported factors; no new standardization",,ordinal,,,消费调查/results/mpc_allx_screen/all_screen_results.csv,373,c2e3b71621f77b82766e70a3888c409b7256dd33,,cash,q19_ses_past5,,,
Figure4,"six approved all-X families: one omnibus per representation, including unsupported factors; no new standardization",,ordinal,,,消费调查/results/mpc_allx_screen/all_screen_results.csv,374,c2e3b71621f77b82766e70a3888c409b7256dd33,,rc,q19_ses_past5,,,
Figure4,"six approved all-X families: one omnibus per representation, including unsupported factors; no new standardization",,midpoint,,,消费调查/results/mpc_allx_screen/all_screen_results.csv,377,c2e3b71621f77b82766e70a3888c409b7256dd33,,cash,q19_ses_past5,,,
Figure4,"six approved all-X families: one omnibus per representation, including unsupported factors; no new standardization",,midpoint,,,消费调查/results/mpc_allx_screen/all_screen_results.csv,378,c2e3b71621f77b82766e70a3888c409b7256dd33,,rc,q19_ses_past5,,,
Figure4,"six approved all-X families: one omnibus per representation, including unsupported factors; no new standardization",,top75,,,消费调查/results/mpc_allx_screen/all_screen_results.csv,381,c2e3b71621f77b82766e70a3888c409b7256dd33,,cash,q19_ses_past5,,,
Figure4,"six approved all-X families: one omnibus per representation, including unsupported factors; no new standardization",,top75,,,消费调查/results/mpc_allx_screen/all_screen_results.csv,382,c2e3b71621f77b82766e70a3888c409b7256dd33,,rc,q19_ses_past5,,,
Figure4,"six approved all-X families: one omnibus per representation, including unsupported factors; no new standardization",,ordinal,,,消费调查/results/mpc_allx_screen/all_screen_results.csv,385,c2e3b71621f77b82766e70a3888c409b7256dd33,,cash,q20_ses_next1,,,
Figure4,"six approved all-X families: one omnibus per representation, including unsupported factors; no new standardization",,ordinal,,,消费调查/results/mpc_allx_screen/all_screen_results.csv,386,c2e3b71621f77b82766e70a3888c409b7256dd33,,rc,q20_ses_next1,,,
Figure4,"six approved all-X families: one omnibus per representation, including unsupported factors; no new standardization",,midpoint,,,消费调查/results/mpc_allx_screen/all_screen_results.csv,389,c2e3b71621f77b82766e70a3888c409b7256dd33,,cash,q20_ses_next1,,,
Figure4,"six approved all-X families: one omnibus per representation, including unsupported factors; no new standardization",,midpoint,,,消费调查/results/mpc_allx_screen/all_screen_results.csv,390,c2e3b71621f77b82766e70a3888c409b7256dd33,,rc,q20_ses_next1,,,
Figure4,"six approved all-X families: one omnibus per representation, including unsupported factors; no new standardization",,top75,,,消费调查/results/mpc_allx_screen/all_screen_results.csv,393,c2e3b71621f77b82766e70a3888c409b7256dd33,,cash,q20_ses_next1,,,
Figure4,"six approved all-X families: one omnibus per representation, including unsupported factors; no new standardization",,top75,,,消费调查/results/mpc_allx_screen/all_screen_results.csv,394,c2e3b71621f77b82766e70a3888c409b7256dd33,,rc,q20_ses_next1,,,
Figure4,"six approved all-X families: one omnibus per representation, including unsupported factors; no new standardization",,ordinal,,,消费调查/results/mpc_allx_screen/all_screen_results.csv,397,c2e3b71621f77b82766e70a3888c409b7256dd33,,cash,q21_order,,,
Figure4,"six approved all-X families: one omnibus per representation, including unsupported factors; no new standardization",,ordinal,,,消费调查/results/mpc_allx_screen/all_screen_results.csv,398,c2e3b71621f77b82766e70a3888c409b7256dd33,,rc,q21_order,,,
Figure4,"six approved all-X families: one omnibus per representation, including unsupported factors; no new standardization",,midpoint,,,消费调查/results/mpc_allx_screen/all_screen_results.csv,401,c2e3b71621f77b82766e70a3888c409b7256dd33,,cash,q21_order,,,
Figure4,"six approved all-X families: one omnibus per representation, including unsupported factors; no new standardization",,midpoint,,,消费调查/results/mpc_allx_screen/all_screen_results.csv,402,c2e3b71621f77b82766e70a3888c409b7256dd33,,rc,q21_order,,,
Figure4,"six approved all-X families: one omnibus per representation, including unsupported factors; no new standardization",,top75,,,消费调查/results/mpc_allx_screen/all_screen_results.csv,405,c2e3b71621f77b82766e70a3888c409b7256dd33,,cash,q21_order,,,
Figure4,"six approved all-X families: one omnibus per representation, including unsupported factors; no new standardization",,top75,,,消费调查/results/mpc_allx_screen/all_screen_results.csv,406,c2e3b71621f77b82766e70a3888c409b7256dd33,,rc,q21_order,,,
Figure4,"six approved all-X families: one omnibus per representation, including unsupported factors; no new standardization",,ordinal,,,消费调查/results/mpc_allx_screen/all_screen_results.csv,409,c2e3b71621f77b82766e70a3888c409b7256dd33,,cash,q22_vitality,,,
Figure4,"six approved all-X families: one omnibus per representation, including unsupported factors; no new standardization",,ordinal,,,消费调查/results/mpc_allx_screen/all_screen_results.csv,410,c2e3b71621f77b82766e70a3888c409b7256dd33,,rc,q22_vitality,,,
Figure4,"six approved all-X families: one omnibus per representation, including unsupported factors; no new standardization",,midpoint,,,消费调查/results/mpc_allx_screen/all_screen_results.csv,413,c2e3b71621f77b82766e70a3888c409b7256dd33,,cash,q22_vitality,,,
Figure4,"six approved all-X families: one omnibus per representation, including unsupported factors; no new standardization",,midpoint,,,消费调查/results/mpc_allx_screen/all_screen_results.csv,414,c2e3b71621f77b82766e70a3888c409b7256dd33,,rc,q22_vitality,,,
Figure4,"six approved all-X families: one omnibus per representation, including unsupported factors; no new standardization",,top75,,,消费调查/results/mpc_allx_screen/all_screen_results.csv,417,c2e3b71621f77b82766e70a3888c409b7256dd33,,cash,q22_vitality,,,
Figure4,"six approved all-X families: one omnibus per representation, including unsupported factors; no new standardization",,top75,,,消费调查/results/mpc_allx_screen/all_screen_results.csv,418,c2e3b71621f77b82766e70a3888c409b7256dd33,,rc,q22_vitality,,,
Figure4,"six approved all-X families: one omnibus per representation, including unsupported factors; no new standardization",,ordinal,,,消费调查/results/mpc_allx_screen/all_screen_results.csv,421,c2e3b71621f77b82766e70a3888c409b7256dd33,,cash,q23_hukou,,,
Figure4,"six approved all-X families: one omnibus per representation, including unsupported factors; no new standardization",,ordinal,,,消费调查/results/mpc_allx_screen/all_screen_results.csv,422,c2e3b71621f77b82766e70a3888c409b7256dd33,,rc,q23_hukou,,,
Figure4,"six approved all-X families: one omnibus per representation, including unsupported factors; no new standardization",,midpoint,,,消费调查/results/mpc_allx_screen/all_screen_results.csv,425,c2e3b71621f77b82766e70a3888c409b7256dd33,,cash,q23_hukou,,,
Figure4,"six approved all-X families: one omnibus per representation, including unsupported factors; no new standardization",,midpoint,,,消费调查/results/mpc_allx_screen/all_screen_results.csv,426,c2e3b71621f77b82766e70a3888c409b7256dd33,,rc,q23_hukou,,,
Figure4,"six approved all-X families: one omnibus per representation, including unsupported factors; no new standardization",,top75,,,消费调查/results/mpc_allx_screen/all_screen_results.csv,429,c2e3b71621f77b82766e70a3888c409b7256dd33,,cash,q23_hukou,,,
Figure4,"six approved all-X families: one omnibus per representation, including unsupported factors; no new standardization",,top75,,,消费调查/results/mpc_allx_screen/all_screen_results.csv,430,c2e3b71621f77b82766e70a3888c409b7256dd33,,rc,q23_hukou,,,
Figure4,"six approved all-X families: one omnibus per representation, including unsupported factors; no new standardization",,ordinal,,,消费调查/results/mpc_allx_screen/all_screen_results.csv,433,c2e3b71621f77b82766e70a3888c409b7256dd33,,cash,q24_workstat,,,
Figure4,"six approved all-X families: one omnibus per representation, including unsupported factors; no new standardization",,ordinal,,,消费调查/results/mpc_allx_screen/all_screen_results.csv,434,c2e3b71621f77b82766e70a3888c409b7256dd33,,rc,q24_workstat,,,
Figure4,"six approved all-X families: one omnibus per representation, including unsupported factors; no new standardization",,midpoint,,,消费调查/results/mpc_allx_screen/all_screen_results.csv,437,c2e3b71621f77b82766e70a3888c409b7256dd33,,cash,q24_workstat,,,
Figure4,"six approved all-X families: one omnibus per representation, including unsupported factors; no new standardization",,midpoint,,,消费调查/results/mpc_allx_screen/all_screen_results.csv,438,c2e3b71621f77b82766e70a3888c409b7256dd33,,rc,q24_workstat,,,
Figure4,"six approved all-X families: one omnibus per representation, including unsupported factors; no new standardization",,top75,,,消费调查/results/mpc_allx_screen/all_screen_results.csv,441,c2e3b71621f77b82766e70a3888c409b7256dd33,,cash,q24_workstat,,,
Figure4,"six approved all-X families: one omnibus per representation, including unsupported factors; no new standardization",,top75,,,消费调查/results/mpc_allx_screen/all_screen_results.csv,442,c2e3b71621f77b82766e70a3888c409b7256dd33,,rc,q24_workstat,,,
Figure4,"six approved all-X families: one omnibus per representation, including unsupported factors; no new standardization",,ordinal,,,消费调查/results/mpc_allx_screen/all_screen_results.csv,445,c2e3b71621f77b82766e70a3888c409b7256dd33,,cash,q25_unittype,,,
Figure4,"six approved all-X families: one omnibus per representation, including unsupported factors; no new standardization",,ordinal,,,消费调查/results/mpc_allx_screen/all_screen_results.csv,446,c2e3b71621f77b82766e70a3888c409b7256dd33,,rc,q25_unittype,,,
Figure4,"six approved all-X families: one omnibus per representation, including unsupported factors; no new standardization",,midpoint,,,消费调查/results/mpc_allx_screen/all_screen_results.csv,449,c2e3b71621f77b82766e70a3888c409b7256dd33,,cash,q25_unittype,,,
Figure4,"six approved all-X families: one omnibus per representation, including unsupported factors; no new standardization",,midpoint,,,消费调查/results/mpc_allx_screen/all_screen_results.csv,450,c2e3b71621f77b82766e70a3888c409b7256dd33,,rc,q25_unittype,,,
Figure4,"six approved all-X families: one omnibus per representation, including unsupported factors; no new standardization",,top75,,,消费调查/results/mpc_allx_screen/all_screen_results.csv,453,c2e3b71621f77b82766e70a3888c409b7256dd33,,cash,q25_unittype,,,
Figure4,"six approved all-X families: one omnibus per representation, including unsupported factors; no new standardization",,top75,,,消费调查/results/mpc_allx_screen/all_screen_results.csv,454,c2e3b71621f77b82766e70a3888c409b7256dd33,,rc,q25_unittype,,,
Figure4,"six approved all-X families: one omnibus per representation, including unsupported factors; no new standardization",,ordinal,,,消费调查/results/mpc_allx_screen/all_screen_results.csv,457,c2e3b71621f77b82766e70a3888c409b7256dd33,,cash,q26_housing,,,
Figure4,"six approved all-X families: one omnibus per representation, including unsupported factors; no new standardization",,ordinal,,,消费调查/results/mpc_allx_screen/all_screen_results.csv,458,c2e3b71621f77b82766e70a3888c409b7256dd33,,rc,q26_housing,,,
Figure4,"six approved all-X families: one omnibus per representation, including unsupported factors; no new standardization",,midpoint,,,消费调查/results/mpc_allx_screen/all_screen_results.csv,461,c2e3b71621f77b82766e70a3888c409b7256dd33,,cash,q26_housing,,,
Figure4,"six approved all-X families: one omnibus per representation, including unsupported factors; no new standardization",,midpoint,,,消费调查/results/mpc_allx_screen/all_screen_results.csv,462,c2e3b71621f77b82766e70a3888c409b7256dd33,,rc,q26_housing,,,
Figure4,"six approved all-X families: one omnibus per representation, including unsupported factors; no new standardization",,top75,,,消费调查/results/mpc_allx_screen/all_screen_results.csv,465,c2e3b71621f77b82766e70a3888c409b7256dd33,,cash,q26_housing,,,
Figure4,"six approved all-X families: one omnibus per representation, including unsupported factors; no new standardization",,top75,,,消费调查/results/mpc_allx_screen/all_screen_results.csv,466,c2e3b71621f77b82766e70a3888c409b7256dd33,,rc,q26_housing,,,
Figure4,"six approved all-X families: one omnibus per representation, including unsupported factors; no new standardization",,ordinal,,,消费调查/results/mpc_allx_screen/all_screen_results.csv,469,c2e3b71621f77b82766e70a3888c409b7256dd33,,cash,q27_minorchild,,,
Figure4,"six approved all-X families: one omnibus per representation, including unsupported factors; no new standardization",,ordinal,,,消费调查/results/mpc_allx_screen/all_screen_results.csv,470,c2e3b71621f77b82766e70a3888c409b7256dd33,,rc,q27_minorchild,,,
Figure4,"six approved all-X families: one omnibus per representation, including unsupported factors; no new standardization",,midpoint,,,消费调查/results/mpc_allx_screen/all_screen_results.csv,473,c2e3b71621f77b82766e70a3888c409b7256dd33,,cash,q27_minorchild,,,
Figure4,"six approved all-X families: one omnibus per representation, including unsupported factors; no new standardization",,midpoint,,,消费调查/results/mpc_allx_screen/all_screen_results.csv,474,c2e3b71621f77b82766e70a3888c409b7256dd33,,rc,q27_minorchild,,,
Figure4,"six approved all-X families: one omnibus per representation, including unsupported factors; no new standardization",,top75,,,消费调查/results/mpc_allx_screen/all_screen_results.csv,477,c2e3b71621f77b82766e70a3888c409b7256dd33,,cash,q27_minorchild,,,
Figure4,"six approved all-X families: one omnibus per representation, including unsupported factors; no new standardization",,top75,,,消费调查/results/mpc_allx_screen/all_screen_results.csv,478,c2e3b71621f77b82766e70a3888c409b7256dd33,,rc,q27_minorchild,,,
Figure4,"six approved all-X families: one omnibus per representation, including unsupported factors; no new standardization",,ordinal,,,消费调查/results/mpc_allx_screen/all_screen_results.csv,481,c2e3b71621f77b82766e70a3888c409b7256dd33,,cash,q28_hhsize,,,
Figure4,"six approved all-X families: one omnibus per representation, including unsupported factors; no new standardization",,ordinal,,,消费调查/results/mpc_allx_screen/all_screen_results.csv,482,c2e3b71621f77b82766e70a3888c409b7256dd33,,rc,q28_hhsize,,,
Figure4,"six approved all-X families: one omnibus per representation, including unsupported factors; no new standardization",,midpoint,,,消费调查/results/mpc_allx_screen/all_screen_results.csv,485,c2e3b71621f77b82766e70a3888c409b7256dd33,,cash,q28_hhsize,,,
Figure4,"six approved all-X families: one omnibus per representation, including unsupported factors; no new standardization",,midpoint,,,消费调查/results/mpc_allx_screen/all_screen_results.csv,486,c2e3b71621f77b82766e70a3888c409b7256dd33,,rc,q28_hhsize,,,
Figure4,"six approved all-X families: one omnibus per representation, including unsupported factors; no new standardization",,top75,,,消费调查/results/mpc_allx_screen/all_screen_results.csv,489,c2e3b71621f77b82766e70a3888c409b7256dd33,,cash,q28_hhsize,,,
Figure4,"six approved all-X families: one omnibus per representation, including unsupported factors; no new standardization",,top75,,,消费调查/results/mpc_allx_screen/all_screen_results.csv,490,c2e3b71621f77b82766e70a3888c409b7256dd33,,rc,q28_hhsize,,,
Figure4,"six approved all-X families: one omnibus per representation, including unsupported factors; no new standardization",,ordinal,,,消费调查/results/mpc_allx_screen/all_screen_results.csv,493,c2e3b71621f77b82766e70a3888c409b7256dd33,,cash,q29_foodexp,,,
Figure4,"six approved all-X families: one omnibus per representation, including unsupported factors; no new standardization",,ordinal,,,消费调查/results/mpc_allx_screen/all_screen_results.csv,494,c2e3b71621f77b82766e70a3888c409b7256dd33,,rc,q29_foodexp,,,
Figure4,"six approved all-X families: one omnibus per representation, including unsupported factors; no new standardization",,midpoint,,,消费调查/results/mpc_allx_screen/all_screen_results.csv,497,c2e3b71621f77b82766e70a3888c409b7256dd33,,cash,q29_foodexp,,,
Figure4,"six approved all-X families: one omnibus per representation, including unsupported factors; no new standardization",,midpoint,,,消费调查/results/mpc_allx_screen/all_screen_results.csv,498,c2e3b71621f77b82766e70a3888c409b7256dd33,,rc,q29_foodexp,,,
Figure4,"six approved all-X families: one omnibus per representation, including unsupported factors; no new standardization",,top75,,,消费调查/results/mpc_allx_screen/all_screen_results.csv,501,c2e3b71621f77b82766e70a3888c409b7256dd33,,cash,q29_foodexp,,,
Figure4,"six approved all-X families: one omnibus per representation, including unsupported factors; no new standardization",,top75,,,消费调查/results/mpc_allx_screen/all_screen_results.csv,502,c2e3b71621f77b82766e70a3888c409b7256dd33,,rc,q29_foodexp,,,
Figure4,"six approved all-X families: one omnibus per representation, including unsupported factors; no new standardization",,ordinal,,,消费调查/results/mpc_allx_screen/all_screen_results.csv,505,c2e3b71621f77b82766e70a3888c409b7256dd33,,cash,q30_medexp,,,
Figure4,"six approved all-X families: one omnibus per representation, including unsupported factors; no new standardization",,ordinal,,,消费调查/results/mpc_allx_screen/all_screen_results.csv,506,c2e3b71621f77b82766e70a3888c409b7256dd33,,rc,q30_medexp,,,
Figure4,"six approved all-X families: one omnibus per representation, including unsupported factors; no new standardization",,midpoint,,,消费调查/results/mpc_allx_screen/all_screen_results.csv,509,c2e3b71621f77b82766e70a3888c409b7256dd33,,cash,q30_medexp,,,
Figure4,"six approved all-X families: one omnibus per representation, including unsupported factors; no new standardization",,midpoint,,,消费调查/results/mpc_allx_screen/all_screen_results.csv,510,c2e3b71621f77b82766e70a3888c409b7256dd33,,rc,q30_medexp,,,
Figure4,"six approved all-X families: one omnibus per representation, including unsupported factors; no new standardization",,top75,,,消费调查/results/mpc_allx_screen/all_screen_results.csv,513,c2e3b71621f77b82766e70a3888c409b7256dd33,,cash,q30_medexp,,,
Figure4,"six approved all-X families: one omnibus per representation, including unsupported factors; no new standardization",,top75,,,消费调查/results/mpc_allx_screen/all_screen_results.csv,514,c2e3b71621f77b82766e70a3888c409b7256dd33,,rc,q30_medexp,,,
Figure4,"six approved all-X families: one omnibus per representation, including unsupported factors; no new standardization",,ordinal,,,消费调查/results/mpc_allx_screen/all_screen_results.csv,517,c2e3b71621f77b82766e70a3888c409b7256dd33,,cash,q31_gotsubsidy,,,
Figure4,"six approved all-X families: one omnibus per representation, including unsupported factors; no new standardization",,ordinal,,,消费调查/results/mpc_allx_screen/all_screen_results.csv,518,c2e3b71621f77b82766e70a3888c409b7256dd33,,rc,q31_gotsubsidy,,,
Figure4,"six approved all-X families: one omnibus per representation, including unsupported factors; no new standardization",,midpoint,,,消费调查/results/mpc_allx_screen/all_screen_results.csv,521,c2e3b71621f77b82766e70a3888c409b7256dd33,,cash,q31_gotsubsidy,,,
Figure4,"six approved all-X families: one omnibus per representation, including unsupported factors; no new standardization",,midpoint,,,消费调查/results/mpc_allx_screen/all_screen_results.csv,522,c2e3b71621f77b82766e70a3888c409b7256dd33,,rc,q31_gotsubsidy,,,
Figure4,"six approved all-X families: one omnibus per representation, including unsupported factors; no new standardization",,top75,,,消费调查/results/mpc_allx_screen/all_screen_results.csv,525,c2e3b71621f77b82766e70a3888c409b7256dd33,,cash,q31_gotsubsidy,,,
Figure4,"six approved all-X families: one omnibus per representation, including unsupported factors; no new standardization",,top75,,,消费调查/results/mpc_allx_screen/all_screen_results.csv,526,c2e3b71621f77b82766e70a3888c409b7256dd33,,rc,q31_gotsubsidy,,,
Figure4,"six approved all-X families: one omnibus per representation, including unsupported factors; no new standardization",,ordinal,,,消费调查/results/mpc_allx_screen/all_screen_results.csv,529,c2e3b71621f77b82766e70a3888c409b7256dd33,,cash,q41_gender,,,
Figure4,"six approved all-X families: one omnibus per representation, including unsupported factors; no new standardization",,ordinal,,,消费调查/results/mpc_allx_screen/all_screen_results.csv,530,c2e3b71621f77b82766e70a3888c409b7256dd33,,rc,q41_gender,,,
Figure4,"six approved all-X families: one omnibus per representation, including unsupported factors; no new standardization",,midpoint,,,消费调查/results/mpc_allx_screen/all_screen_results.csv,533,c2e3b71621f77b82766e70a3888c409b7256dd33,,cash,q41_gender,,,
Figure4,"six approved all-X families: one omnibus per representation, including unsupported factors; no new standardization",,midpoint,,,消费调查/results/mpc_allx_screen/all_screen_results.csv,534,c2e3b71621f77b82766e70a3888c409b7256dd33,,rc,q41_gender,,,
Figure4,"six approved all-X families: one omnibus per representation, including unsupported factors; no new standardization",,top75,,,消费调查/results/mpc_allx_screen/all_screen_results.csv,537,c2e3b71621f77b82766e70a3888c409b7256dd33,,cash,q41_gender,,,
Figure4,"six approved all-X families: one omnibus per representation, including unsupported factors; no new standardization",,top75,,,消费调查/results/mpc_allx_screen/all_screen_results.csv,538,c2e3b71621f77b82766e70a3888c409b7256dd33,,rc,q41_gender,,,
Figure4,"six approved all-X families: one omnibus per representation, including unsupported factors; no new standardization",,ordinal,,,消费调查/results/mpc_allx_screen/all_screen_results.csv,541,c2e3b71621f77b82766e70a3888c409b7256dd33,,cash,q42_age,,,
Figure4,"six approved all-X families: one omnibus per representation, including unsupported factors; no new standardization",,ordinal,,,消费调查/results/mpc_allx_screen/all_screen_results.csv,542,c2e3b71621f77b82766e70a3888c409b7256dd33,,rc,q42_age,,,
Figure4,"six approved all-X families: one omnibus per representation, including unsupported factors; no new standardization",,midpoint,,,消费调查/results/mpc_allx_screen/all_screen_results.csv,545,c2e3b71621f77b82766e70a3888c409b7256dd33,,cash,q42_age,,,
Figure4,"six approved all-X families: one omnibus per representation, including unsupported factors; no new standardization",,midpoint,,,消费调查/results/mpc_allx_screen/all_screen_results.csv,546,c2e3b71621f77b82766e70a3888c409b7256dd33,,rc,q42_age,,,
Figure4,"six approved all-X families: one omnibus per representation, including unsupported factors; no new standardization",,top75,,,消费调查/results/mpc_allx_screen/all_screen_results.csv,549,c2e3b71621f77b82766e70a3888c409b7256dd33,,cash,q42_age,,,
Figure4,"six approved all-X families: one omnibus per representation, including unsupported factors; no new standardization",,top75,,,消费调查/results/mpc_allx_screen/all_screen_results.csv,550,c2e3b71621f77b82766e70a3888c409b7256dd33,,rc,q42_age,,,
Figure4,"six approved all-X families: one omnibus per representation, including unsupported factors; no new standardization",,ordinal,,,消费调查/results/mpc_allx_screen/all_screen_results.csv,553,c2e3b71621f77b82766e70a3888c409b7256dd33,,cash,q43_edu,,,
Figure4,"six approved all-X families: one omnibus per representation, including unsupported factors; no new standardization",,ordinal,,,消费调查/results/mpc_allx_screen/all_screen_results.csv,554,c2e3b71621f77b82766e70a3888c409b7256dd33,,rc,q43_edu,,,
Figure4,"six approved all-X families: one omnibus per representation, including unsupported factors; no new standardization",,midpoint,,,消费调查/results/mpc_allx_screen/all_screen_results.csv,557,c2e3b71621f77b82766e70a3888c409b7256dd33,,cash,q43_edu,,,
Figure4,"six approved all-X families: one omnibus per representation, including unsupported factors; no new standardization",,midpoint,,,消费调查/results/mpc_allx_screen/all_screen_results.csv,558,c2e3b71621f77b82766e70a3888c409b7256dd33,,rc,q43_edu,,,
Figure4,"six approved all-X families: one omnibus per representation, including unsupported factors; no new standardization",,top75,,,消费调查/results/mpc_allx_screen/all_screen_results.csv,561,c2e3b71621f77b82766e70a3888c409b7256dd33,,cash,q43_edu,,,
Figure4,"six approved all-X families: one omnibus per representation, including unsupported factors; no new standardization",,top75,,,消费调查/results/mpc_allx_screen/all_screen_results.csv,562,c2e3b71621f77b82766e70a3888c409b7256dd33,,rc,q43_edu,,,
Figure4,"six approved all-X families: one omnibus per representation, including unsupported factors; no new standardization",,ordinal,,,消费调查/results/mpc_allx_screen/all_screen_results.csv,565,c2e3b71621f77b82766e70a3888c409b7256dd33,,cash,q44_industry,,,
Figure4,"six approved all-X families: one omnibus per representation, including unsupported factors; no new standardization",,ordinal,,,消费调查/results/mpc_allx_screen/all_screen_results.csv,566,c2e3b71621f77b82766e70a3888c409b7256dd33,,rc,q44_industry,,,
Figure4,"six approved all-X families: one omnibus per representation, including unsupported factors; no new standardization",,midpoint,,,消费调查/results/mpc_allx_screen/all_screen_results.csv,569,c2e3b71621f77b82766e70a3888c409b7256dd33,,cash,q44_industry,,,
Figure4,"six approved all-X families: one omnibus per representation, including unsupported factors; no new standardization",,midpoint,,,消费调查/results/mpc_allx_screen/all_screen_results.csv,570,c2e3b71621f77b82766e70a3888c409b7256dd33,,rc,q44_industry,,,
Figure4,"six approved all-X families: one omnibus per representation, including unsupported factors; no new standardization",,top75,,,消费调查/results/mpc_allx_screen/all_screen_results.csv,573,c2e3b71621f77b82766e70a3888c409b7256dd33,,cash,q44_industry,,,
Figure4,"six approved all-X families: one omnibus per representation, including unsupported factors; no new standardization",,top75,,,消费调查/results/mpc_allx_screen/all_screen_results.csv,574,c2e3b71621f77b82766e70a3888c409b7256dd33,,rc,q44_industry,,,
Figure4,"six approved all-X families: one omnibus per representation, including unsupported factors; no new standardization",,ordinal,,,消费调查/results/mpc_allx_screen/all_screen_results.csv,577,c2e3b71621f77b82766e70a3888c409b7256dd33,,cash,q45_occup,,,
Figure4,"six approved all-X families: one omnibus per representation, including unsupported factors; no new standardization",,ordinal,,,消费调查/results/mpc_allx_screen/all_screen_results.csv,578,c2e3b71621f77b82766e70a3888c409b7256dd33,,rc,q45_occup,,,
Figure4,"six approved all-X families: one omnibus per representation, including unsupported factors; no new standardization",,midpoint,,,消费调查/results/mpc_allx_screen/all_screen_results.csv,581,c2e3b71621f77b82766e70a3888c409b7256dd33,,cash,q45_occup,,,
Figure4,"six approved all-X families: one omnibus per representation, including unsupported factors; no new standardization",,midpoint,,,消费调查/results/mpc_allx_screen/all_screen_results.csv,582,c2e3b71621f77b82766e70a3888c409b7256dd33,,rc,q45_occup,,,
Figure4,"six approved all-X families: one omnibus per representation, including unsupported factors; no new standardization",,top75,,,消费调查/results/mpc_allx_screen/all_screen_results.csv,585,c2e3b71621f77b82766e70a3888c409b7256dd33,,cash,q45_occup,,,
Figure4,"six approved all-X families: one omnibus per representation, including unsupported factors; no new standardization",,top75,,,消费调查/results/mpc_allx_screen/all_screen_results.csv,586,c2e3b71621f77b82766e70a3888c409b7256dd33,,rc,q45_occup,,,
Figure4,"six approved all-X families: one omnibus per representation, including unsupported factors; no new standardization",,ordinal,,,消费调查/results/mpc_allx_screen/all_screen_results.csv,589,c2e3b71621f77b82766e70a3888c409b7256dd33,,cash,q46_income,,,
Figure4,"six approved all-X families: one omnibus per representation, including unsupported factors; no new standardization",,ordinal,,,消费调查/results/mpc_allx_screen/all_screen_results.csv,590,c2e3b71621f77b82766e70a3888c409b7256dd33,,rc,q46_income,,,
Figure4,"six approved all-X families: one omnibus per representation, including unsupported factors; no new standardization",,midpoint,,,消费调查/results/mpc_allx_screen/all_screen_results.csv,593,c2e3b71621f77b82766e70a3888c409b7256dd33,,cash,q46_income,,,
Figure4,"six approved all-X families: one omnibus per representation, including unsupported factors; no new standardization",,midpoint,,,消费调查/results/mpc_allx_screen/all_screen_results.csv,594,c2e3b71621f77b82766e70a3888c409b7256dd33,,rc,q46_income,,,
Figure4,"six approved all-X families: one omnibus per representation, including unsupported factors; no new standardization",,top75,,,消费调查/results/mpc_allx_screen/all_screen_results.csv,597,c2e3b71621f77b82766e70a3888c409b7256dd33,,cash,q46_income,,,
Figure4,"six approved all-X families: one omnibus per representation, including unsupported factors; no new standardization",,top75,,,消费调查/results/mpc_allx_screen/all_screen_results.csv,598,c2e3b71621f77b82766e70a3888c409b7256dd33,,rc,q46_income,,,
Figure4,"six approved all-X families: one omnibus per representation, including unsupported factors; no new standardization",,ordinal,,,消费调查/results/mpc_allx_screen/all_screen_results.csv,601,c2e3b71621f77b82766e70a3888c409b7256dd33,,cash,q47_province,,,
Figure4,"six approved all-X families: one omnibus per representation, including unsupported factors; no new standardization",,ordinal,,,消费调查/results/mpc_allx_screen/all_screen_results.csv,602,c2e3b71621f77b82766e70a3888c409b7256dd33,,rc,q47_province,,,
Figure4,"six approved all-X families: one omnibus per representation, including unsupported factors; no new standardization",,midpoint,,,消费调查/results/mpc_allx_screen/all_screen_results.csv,605,c2e3b71621f77b82766e70a3888c409b7256dd33,,cash,q47_province,,,
Figure4,"six approved all-X families: one omnibus per representation, including unsupported factors; no new standardization",,midpoint,,,消费调查/results/mpc_allx_screen/all_screen_results.csv,606,c2e3b71621f77b82766e70a3888c409b7256dd33,,rc,q47_province,,,
Figure4,"six approved all-X families: one omnibus per representation, including unsupported factors; no new standardization",,top75,,,消费调查/results/mpc_allx_screen/all_screen_results.csv,609,c2e3b71621f77b82766e70a3888c409b7256dd33,,cash,q47_province,,,
Figure4,"six approved all-X families: one omnibus per representation, including unsupported factors; no new standardization",,top75,,,消费调查/results/mpc_allx_screen/all_screen_results.csv,610,c2e3b71621f77b82766e70a3888c409b7256dd33,,rc,q47_province,,,
Figure4,"six approved all-X families: one omnibus per representation, including unsupported factors; no new standardization",,ordinal,,,消费调查/results/mpc_allx_screen/all_screen_results.csv,613,c2e3b71621f77b82766e70a3888c409b7256dd33,,cash,q48_city,,,
Figure4,"six approved all-X families: one omnibus per representation, including unsupported factors; no new standardization",,ordinal,,,消费调查/results/mpc_allx_screen/all_screen_results.csv,614,c2e3b71621f77b82766e70a3888c409b7256dd33,,rc,q48_city,,,
Figure4,"six approved all-X families: one omnibus per representation, including unsupported factors; no new standardization",,midpoint,,,消费调查/results/mpc_allx_screen/all_screen_results.csv,617,c2e3b71621f77b82766e70a3888c409b7256dd33,,cash,q48_city,,,
Figure4,"six approved all-X families: one omnibus per representation, including unsupported factors; no new standardization",,midpoint,,,消费调查/results/mpc_allx_screen/all_screen_results.csv,618,c2e3b71621f77b82766e70a3888c409b7256dd33,,rc,q48_city,,,
Figure4,"six approved all-X families: one omnibus per representation, including unsupported factors; no new standardization",,top75,,,消费调查/results/mpc_allx_screen/all_screen_results.csv,621,c2e3b71621f77b82766e70a3888c409b7256dd33,,cash,q48_city,,,
Figure4,"six approved all-X families: one omnibus per representation, including unsupported factors; no new standardization",,top75,,,消费调查/results/mpc_allx_screen/all_screen_results.csv,622,c2e3b71621f77b82766e70a3888c409b7256dd33,,rc,q48_city,,,
Figure4,"six approved all-X families: one omnibus per representation, including unsupported factors; no new standardization",,ordinal,,,消费调查/results/mpc_allx_screen/all_screen_results.csv,625,c2e3b71621f77b82766e70a3888c409b7256dd33,,cash,q49_citytier,,,
Figure4,"six approved all-X families: one omnibus per representation, including unsupported factors; no new standardization",,ordinal,,,消费调查/results/mpc_allx_screen/all_screen_results.csv,626,c2e3b71621f77b82766e70a3888c409b7256dd33,,rc,q49_citytier,,,
Figure4,"six approved all-X families: one omnibus per representation, including unsupported factors; no new standardization",,midpoint,,,消费调查/results/mpc_allx_screen/all_screen_results.csv,629,c2e3b71621f77b82766e70a3888c409b7256dd33,,cash,q49_citytier,,,
Figure4,"six approved all-X families: one omnibus per representation, including unsupported factors; no new standardization",,midpoint,,,消费调查/results/mpc_allx_screen/all_screen_results.csv,630,c2e3b71621f77b82766e70a3888c409b7256dd33,,rc,q49_citytier,,,
Figure4,"six approved all-X families: one omnibus per representation, including unsupported factors; no new standardization",,top75,,,消费调查/results/mpc_allx_screen/all_screen_results.csv,633,c2e3b71621f77b82766e70a3888c409b7256dd33,,cash,q49_citytier,,,
Figure4,"six approved all-X families: one omnibus per representation, including unsupported factors; no new standardization",,top75,,,消费调查/results/mpc_allx_screen/all_screen_results.csv,634,c2e3b71621f77b82766e70a3888c409b7256dd33,,rc,q49_citytier,,,
Figure4,"six approved all-X families: one omnibus per representation, including unsupported factors; no new standardization",,ordinal,,,消费调查/results/mpc_allx_screen/all_screen_results.csv,637,c2e3b71621f77b82766e70a3888c409b7256dd33,,cash,income_h,,,
Figure4,"six approved all-X families: one omnibus per representation, including unsupported factors; no new standardization",,ordinal,,,消费调查/results/mpc_allx_screen/all_screen_results.csv,638,c2e3b71621f77b82766e70a3888c409b7256dd33,,rc,income_h,,,
Figure4,"six approved all-X families: one omnibus per representation, including unsupported factors; no new standardization",,midpoint,,,消费调查/results/mpc_allx_screen/all_screen_results.csv,641,c2e3b71621f77b82766e70a3888c409b7256dd33,,cash,income_h,,,
Figure4,"six approved all-X families: one omnibus per representation, including unsupported factors; no new standardization",,midpoint,,,消费调查/results/mpc_allx_screen/all_screen_results.csv,642,c2e3b71621f77b82766e70a3888c409b7256dd33,,rc,income_h,,,
Figure4,"six approved all-X families: one omnibus per representation, including unsupported factors; no new standardization",,top75,,,消费调查/results/mpc_allx_screen/all_screen_results.csv,645,c2e3b71621f77b82766e70a3888c409b7256dd33,,cash,income_h,,,
Figure4,"six approved all-X families: one omnibus per representation, including unsupported factors; no new standardization",,top75,,,消费调查/results/mpc_allx_screen/all_screen_results.csv,646,c2e3b71621f77b82766e70a3888c409b7256dd33,,rc,income_h,,,
Figure4,"six approved all-X families: one omnibus per representation, including unsupported factors; no new standardization",,ordinal,,,消费调查/results/mpc_allx_screen/all_screen_results.csv,649,c2e3b71621f77b82766e70a3888c409b7256dd33,,cash,income,,,
Figure4,"six approved all-X families: one omnibus per representation, including unsupported factors; no new standardization",,ordinal,,,消费调查/results/mpc_allx_screen/all_screen_results.csv,650,c2e3b71621f77b82766e70a3888c409b7256dd33,,rc,income,,,
Figure4,"six approved all-X families: one omnibus per representation, including unsupported factors; no new standardization",,midpoint,,,消费调查/results/mpc_allx_screen/all_screen_results.csv,653,c2e3b71621f77b82766e70a3888c409b7256dd33,,cash,income,,,
Figure4,"six approved all-X families: one omnibus per representation, including unsupported factors; no new standardization",,midpoint,,,消费调查/results/mpc_allx_screen/all_screen_results.csv,654,c2e3b71621f77b82766e70a3888c409b7256dd33,,rc,income,,,
Figure4,"six approved all-X families: one omnibus per representation, including unsupported factors; no new standardization",,top75,,,消费调查/results/mpc_allx_screen/all_screen_results.csv,657,c2e3b71621f77b82766e70a3888c409b7256dd33,,cash,income,,,
Figure4,"six approved all-X families: one omnibus per representation, including unsupported factors; no new standardization",,top75,,,消费调查/results/mpc_allx_screen/all_screen_results.csv,658,c2e3b71621f77b82766e70a3888c409b7256dd33,,rc,income,,,
Figure4,"six approved all-X families: one omnibus per representation, including unsupported factors; no new standardization",,ordinal,,,消费调查/results/mpc_allx_screen/all_screen_results.csv,661,c2e3b71621f77b82766e70a3888c409b7256dd33,,cash,q42_age_z,,,
Figure4,"six approved all-X families: one omnibus per representation, including unsupported factors; no new standardization",,ordinal,,,消费调查/results/mpc_allx_screen/all_screen_results.csv,662,c2e3b71621f77b82766e70a3888c409b7256dd33,,rc,q42_age_z,,,
Figure4,"six approved all-X families: one omnibus per representation, including unsupported factors; no new standardization",,midpoint,,,消费调查/results/mpc_allx_screen/all_screen_results.csv,665,c2e3b71621f77b82766e70a3888c409b7256dd33,,cash,q42_age_z,,,
Figure4,"six approved all-X families: one omnibus per representation, including unsupported factors; no new standardization",,midpoint,,,消费调查/results/mpc_allx_screen/all_screen_results.csv,666,c2e3b71621f77b82766e70a3888c409b7256dd33,,rc,q42_age_z,,,
Figure4,"six approved all-X families: one omnibus per representation, including unsupported factors; no new standardization",,top75,,,消费调查/results/mpc_allx_screen/all_screen_results.csv,669,c2e3b71621f77b82766e70a3888c409b7256dd33,,cash,q42_age_z,,,
Figure4,"six approved all-X families: one omnibus per representation, including unsupported factors; no new standardization",,top75,,,消费调查/results/mpc_allx_screen/all_screen_results.csv,670,c2e3b71621f77b82766e70a3888c409b7256dd33,,rc,q42_age_z,,,
Figure4,"six approved all-X families: one omnibus per representation, including unsupported factors; no new standardization",,ordinal,,,消费调查/results/mpc_allx_screen/all_screen_results.csv,673,c2e3b71621f77b82766e70a3888c409b7256dd33,,cash,q01_lifesat_z,,,
Figure4,"six approved all-X families: one omnibus per representation, including unsupported factors; no new standardization",,ordinal,,,消费调查/results/mpc_allx_screen/all_screen_results.csv,674,c2e3b71621f77b82766e70a3888c409b7256dd33,,rc,q01_lifesat_z,,,
Figure4,"six approved all-X families: one omnibus per representation, including unsupported factors; no new standardization",,midpoint,,,消费调查/results/mpc_allx_screen/all_screen_results.csv,677,c2e3b71621f77b82766e70a3888c409b7256dd33,,cash,q01_lifesat_z,,,
Figure4,"six approved all-X families: one omnibus per representation, including unsupported factors; no new standardization",,midpoint,,,消费调查/results/mpc_allx_screen/all_screen_results.csv,678,c2e3b71621f77b82766e70a3888c409b7256dd33,,rc,q01_lifesat_z,,,
Figure4,"six approved all-X families: one omnibus per representation, including unsupported factors; no new standardization",,top75,,,消费调查/results/mpc_allx_screen/all_screen_results.csv,681,c2e3b71621f77b82766e70a3888c409b7256dd33,,cash,q01_lifesat_z,,,
Figure4,"six approved all-X families: one omnibus per representation, including unsupported factors; no new standardization",,top75,,,消费调查/results/mpc_allx_screen/all_screen_results.csv,682,c2e3b71621f77b82766e70a3888c409b7256dd33,,rc,q01_lifesat_z,,,
Figure4,"six approved all-X families: one omnibus per representation, including unsupported factors; no new standardization",,ordinal,,,消费调查/results/mpc_allx_screen/all_screen_results.csv,685,c2e3b71621f77b82766e70a3888c409b7256dd33,,cash,q02_safety_z,,,
Figure4,"six approved all-X families: one omnibus per representation, including unsupported factors; no new standardization",,ordinal,,,消费调查/results/mpc_allx_screen/all_screen_results.csv,686,c2e3b71621f77b82766e70a3888c409b7256dd33,,rc,q02_safety_z,,,
Figure4,"six approved all-X families: one omnibus per representation, including unsupported factors; no new standardization",,midpoint,,,消费调查/results/mpc_allx_screen/all_screen_results.csv,689,c2e3b71621f77b82766e70a3888c409b7256dd33,,cash,q02_safety_z,,,
Figure4,"six approved all-X families: one omnibus per representation, including unsupported factors; no new standardization",,midpoint,,,消费调查/results/mpc_allx_screen/all_screen_results.csv,690,c2e3b71621f77b82766e70a3888c409b7256dd33,,rc,q02_safety_z,,,
Figure4,"six approved all-X families: one omnibus per representation, including unsupported factors; no new standardization",,top75,,,消费调查/results/mpc_allx_screen/all_screen_results.csv,693,c2e3b71621f77b82766e70a3888c409b7256dd33,,cash,q02_safety_z,,,
Figure4,"six approved all-X families: one omnibus per representation, including unsupported factors; no new standardization",,top75,,,消费调查/results/mpc_allx_screen/all_screen_results.csv,694,c2e3b71621f77b82766e70a3888c409b7256dd33,,rc,q02_safety_z,,,
Figure4,"six approved all-X families: one omnibus per representation, including unsupported factors; no new standardization",,ordinal,,,消费调查/results/mpc_allx_screen/all_screen_results.csv,697,c2e3b71621f77b82766e70a3888c409b7256dd33,,cash,q03a_fair_dist_z,,,
Figure4,"six approved all-X families: one omnibus per representation, including unsupported factors; no new standardization",,ordinal,,,消费调查/results/mpc_allx_screen/all_screen_results.csv,698,c2e3b71621f77b82766e70a3888c409b7256dd33,,rc,q03a_fair_dist_z,,,
Figure4,"six approved all-X families: one omnibus per representation, including unsupported factors; no new standardization",,midpoint,,,消费调查/results/mpc_allx_screen/all_screen_results.csv,701,c2e3b71621f77b82766e70a3888c409b7256dd33,,cash,q03a_fair_dist_z,,,
Figure4,"six approved all-X families: one omnibus per representation, including unsupported factors; no new standardization",,midpoint,,,消费调查/results/mpc_allx_screen/all_screen_results.csv,702,c2e3b71621f77b82766e70a3888c409b7256dd33,,rc,q03a_fair_dist_z,,,
Figure4,"six approved all-X families: one omnibus per representation, including unsupported factors; no new standardization",,top75,,,消费调查/results/mpc_allx_screen/all_screen_results.csv,705,c2e3b71621f77b82766e70a3888c409b7256dd33,,cash,q03a_fair_dist_z,,,
Figure4,"six approved all-X families: one omnibus per representation, including unsupported factors; no new standardization",,top75,,,消费调查/results/mpc_allx_screen/all_screen_results.csv,706,c2e3b71621f77b82766e70a3888c409b7256dd33,,rc,q03a_fair_dist_z,,,
Figure4,"six approved all-X families: one omnibus per representation, including unsupported factors; no new standardization",,ordinal,,,消费调查/results/mpc_allx_screen/all_screen_results.csv,709,c2e3b71621f77b82766e70a3888c409b7256dd33,,cash,q03b_fair_opp_z,,,
Figure4,"six approved all-X families: one omnibus per representation, including unsupported factors; no new standardization",,ordinal,,,消费调查/results/mpc_allx_screen/all_screen_results.csv,710,c2e3b71621f77b82766e70a3888c409b7256dd33,,rc,q03b_fair_opp_z,,,
Figure4,"six approved all-X families: one omnibus per representation, including unsupported factors; no new standardization",,midpoint,,,消费调查/results/mpc_allx_screen/all_screen_results.csv,713,c2e3b71621f77b82766e70a3888c409b7256dd33,,cash,q03b_fair_opp_z,,,
Figure4,"six approved all-X families: one omnibus per representation, including unsupported factors; no new standardization",,midpoint,,,消费调查/results/mpc_allx_screen/all_screen_results.csv,714,c2e3b71621f77b82766e70a3888c409b7256dd33,,rc,q03b_fair_opp_z,,,
Figure4,"six approved all-X families: one omnibus per representation, including unsupported factors; no new standardization",,top75,,,消费调查/results/mpc_allx_screen/all_screen_results.csv,717,c2e3b71621f77b82766e70a3888c409b7256dd33,,cash,q03b_fair_opp_z,,,
Figure4,"six approved all-X families: one omnibus per representation, including unsupported factors; no new standardization",,top75,,,消费调查/results/mpc_allx_screen/all_screen_results.csv,718,c2e3b71621f77b82766e70a3888c409b7256dd33,,rc,q03b_fair_opp_z,,,
Figure4,"six approved all-X families: one omnibus per representation, including unsupported factors; no new standardization",,ordinal,,,消费调查/results/mpc_allx_screen/all_screen_results.csv,721,c2e3b71621f77b82766e70a3888c409b7256dd33,,cash,q03c_fair_rule_z,,,
Figure4,"six approved all-X families: one omnibus per representation, including unsupported factors; no new standardization",,ordinal,,,消费调查/results/mpc_allx_screen/all_screen_results.csv,722,c2e3b71621f77b82766e70a3888c409b7256dd33,,rc,q03c_fair_rule_z,,,
Figure4,"six approved all-X families: one omnibus per representation, including unsupported factors; no new standardization",,midpoint,,,消费调查/results/mpc_allx_screen/all_screen_results.csv,725,c2e3b71621f77b82766e70a3888c409b7256dd33,,cash,q03c_fair_rule_z,,,
Figure4,"six approved all-X families: one omnibus per representation, including unsupported factors; no new standardization",,midpoint,,,消费调查/results/mpc_allx_screen/all_screen_results.csv,726,c2e3b71621f77b82766e70a3888c409b7256dd33,,rc,q03c_fair_rule_z,,,
Figure4,"six approved all-X families: one omnibus per representation, including unsupported factors; no new standardization",,top75,,,消费调查/results/mpc_allx_screen/all_screen_results.csv,729,c2e3b71621f77b82766e70a3888c409b7256dd33,,cash,q03c_fair_rule_z,,,
Figure4,"six approved all-X families: one omnibus per representation, including unsupported factors; no new standardization",,top75,,,消费调查/results/mpc_allx_screen/all_screen_results.csv,730,c2e3b71621f77b82766e70a3888c409b7256dd33,,rc,q03c_fair_rule_z,,,
Figure4,"six approved all-X families: one omnibus per representation, including unsupported factors; no new standardization",,ordinal,,,消费调查/results/mpc_allx_screen/all_screen_results.csv,733,c2e3b71621f77b82766e70a3888c409b7256dd33,,cash,q04_trust_gov_z,,,
Figure4,"six approved all-X families: one omnibus per representation, including unsupported factors; no new standardization",,ordinal,,,消费调查/results/mpc_allx_screen/all_screen_results.csv,734,c2e3b71621f77b82766e70a3888c409b7256dd33,,rc,q04_trust_gov_z,,,
Figure4,"six approved all-X families: one omnibus per representation, including unsupported factors; no new standardization",,midpoint,,,消费调查/results/mpc_allx_screen/all_screen_results.csv,737,c2e3b71621f77b82766e70a3888c409b7256dd33,,cash,q04_trust_gov_z,,,
Figure4,"six approved all-X families: one omnibus per representation, including unsupported factors; no new standardization",,midpoint,,,消费调查/results/mpc_allx_screen/all_screen_results.csv,738,c2e3b71621f77b82766e70a3888c409b7256dd33,,rc,q04_trust_gov_z,,,
Figure4,"six approved all-X families: one omnibus per representation, including unsupported factors; no new standardization",,top75,,,消费调查/results/mpc_allx_screen/all_screen_results.csv,741,c2e3b71621f77b82766e70a3888c409b7256dd33,,cash,q04_trust_gov_z,,,
Figure4,"six approved all-X families: one omnibus per representation, including unsupported factors; no new standardization",,top75,,,消费调查/results/mpc_allx_screen/all_screen_results.csv,742,c2e3b71621f77b82766e70a3888c409b7256dd33,,rc,q04_trust_gov_z,,,
Figure4,"six approved all-X families: one omnibus per representation, including unsupported factors; no new standardization",,ordinal,,,消费调查/results/mpc_allx_screen/all_screen_results.csv,745,c2e3b71621f77b82766e70a3888c409b7256dd33,,cash,q05_trust_soc_z,,,
Figure4,"six approved all-X families: one omnibus per representation, including unsupported factors; no new standardization",,ordinal,,,消费调查/results/mpc_allx_screen/all_screen_results.csv,746,c2e3b71621f77b82766e70a3888c409b7256dd33,,rc,q05_trust_soc_z,,,
Figure4,"six approved all-X families: one omnibus per representation, including unsupported factors; no new standardization",,midpoint,,,消费调查/results/mpc_allx_screen/all_screen_results.csv,749,c2e3b71621f77b82766e70a3888c409b7256dd33,,cash,q05_trust_soc_z,,,
Figure4,"six approved all-X families: one omnibus per representation, including unsupported factors; no new standardization",,midpoint,,,消费调查/results/mpc_allx_screen/all_screen_results.csv,750,c2e3b71621f77b82766e70a3888c409b7256dd33,,rc,q05_trust_soc_z,,,
Figure4,"six approved all-X families: one omnibus per representation, including unsupported factors; no new standardization",,top75,,,消费调查/results/mpc_allx_screen/all_screen_results.csv,753,c2e3b71621f77b82766e70a3888c409b7256dd33,,cash,q05_trust_soc_z,,,
Figure4,"six approved all-X families: one omnibus per representation, including unsupported factors; no new standardization",,top75,,,消费调查/results/mpc_allx_screen/all_screen_results.csv,754,c2e3b71621f77b82766e70a3888c409b7256dd33,,rc,q05_trust_soc_z,,,
Figure4,"six approved all-X families: one omnibus per representation, including unsupported factors; no new standardization",,ordinal,,,消费调查/results/mpc_allx_screen/all_screen_results.csv,757,c2e3b71621f77b82766e70a3888c409b7256dd33,,cash,q06_socsec_z,,,
Figure4,"six approved all-X families: one omnibus per representation, including unsupported factors; no new standardization",,ordinal,,,消费调查/results/mpc_allx_screen/all_screen_results.csv,758,c2e3b71621f77b82766e70a3888c409b7256dd33,,rc,q06_socsec_z,,,
Figure4,"six approved all-X families: one omnibus per representation, including unsupported factors; no new standardization",,midpoint,,,消费调查/results/mpc_allx_screen/all_screen_results.csv,761,c2e3b71621f77b82766e70a3888c409b7256dd33,,cash,q06_socsec_z,,,
Figure4,"six approved all-X families: one omnibus per representation, including unsupported factors; no new standardization",,midpoint,,,消费调查/results/mpc_allx_screen/all_screen_results.csv,762,c2e3b71621f77b82766e70a3888c409b7256dd33,,rc,q06_socsec_z,,,
Figure4,"six approved all-X families: one omnibus per representation, including unsupported factors; no new standardization",,top75,,,消费调查/results/mpc_allx_screen/all_screen_results.csv,765,c2e3b71621f77b82766e70a3888c409b7256dd33,,cash,q06_socsec_z,,,
Figure4,"six approved all-X families: one omnibus per representation, including unsupported factors; no new standardization",,top75,,,消费调查/results/mpc_allx_screen/all_screen_results.csv,766,c2e3b71621f77b82766e70a3888c409b7256dd33,,rc,q06_socsec_z,,,
Figure4,"six approved all-X families: one omnibus per representation, including unsupported factors; no new standardization",,ordinal,,,消费调查/results/mpc_allx_screen/all_screen_results.csv,769,c2e3b71621f77b82766e70a3888c409b7256dd33,,cash,q07_emergfund_z,,,
Figure4,"six approved all-X families: one omnibus per representation, including unsupported factors; no new standardization",,ordinal,,,消费调查/results/mpc_allx_screen/all_screen_results.csv,770,c2e3b71621f77b82766e70a3888c409b7256dd33,,rc,q07_emergfund_z,,,
Figure4,"six approved all-X families: one omnibus per representation, including unsupported factors; no new standardization",,midpoint,,,消费调查/results/mpc_allx_screen/all_screen_results.csv,773,c2e3b71621f77b82766e70a3888c409b7256dd33,,cash,q07_emergfund_z,,,
Figure4,"six approved all-X families: one omnibus per representation, including unsupported factors; no new standardization",,midpoint,,,消费调查/results/mpc_allx_screen/all_screen_results.csv,774,c2e3b71621f77b82766e70a3888c409b7256dd33,,rc,q07_emergfund_z,,,
Figure4,"six approved all-X families: one omnibus per representation, including unsupported factors; no new standardization",,top75,,,消费调查/results/mpc_allx_screen/all_screen_results.csv,777,c2e3b71621f77b82766e70a3888c409b7256dd33,,cash,q07_emergfund_z,,,
Figure4,"six approved all-X families: one omnibus per representation, including unsupported factors; no new standardization",,top75,,,消费调查/results/mpc_allx_screen/all_screen_results.csv,778,c2e3b71621f77b82766e70a3888c409b7256dd33,,rc,q07_emergfund_z,,,
Figure4,"six approved all-X families: one omnibus per representation, including unsupported factors; no new standardization",,ordinal,,,消费调查/results/mpc_allx_screen/all_screen_results.csv,781,c2e3b71621f77b82766e70a3888c409b7256dd33,,cash,q08_support_z,,,
Figure4,"six approved all-X families: one omnibus per representation, including unsupported factors; no new standardization",,ordinal,,,消费调查/results/mpc_allx_screen/all_screen_results.csv,782,c2e3b71621f77b82766e70a3888c409b7256dd33,,rc,q08_support_z,,,
Figure4,"six approved all-X families: one omnibus per representation, including unsupported factors; no new standardization",,midpoint,,,消费调查/results/mpc_allx_screen/all_screen_results.csv,785,c2e3b71621f77b82766e70a3888c409b7256dd33,,cash,q08_support_z,,,
Figure4,"six approved all-X families: one omnibus per representation, including unsupported factors; no new standardization",,midpoint,,,消费调查/results/mpc_allx_screen/all_screen_results.csv,786,c2e3b71621f77b82766e70a3888c409b7256dd33,,rc,q08_support_z,,,
Figure4,"six approved all-X families: one omnibus per representation, including unsupported factors; no new standardization",,top75,,,消费调查/results/mpc_allx_screen/all_screen_results.csv,789,c2e3b71621f77b82766e70a3888c409b7256dd33,,cash,q08_support_z,,,
Figure4,"six approved all-X families: one omnibus per representation, including unsupported factors; no new standardization",,top75,,,消费调查/results/mpc_allx_screen/all_screen_results.csv,790,c2e3b71621f77b82766e70a3888c409b7256dd33,,rc,q08_support_z,,,
Figure4,"six approved all-X families: one omnibus per representation, including unsupported factors; no new standardization",,ordinal,,,消费调查/results/mpc_allx_screen/all_screen_results.csv,793,c2e3b71621f77b82766e70a3888c409b7256dd33,,cash,q09_gain_z,,,
Figure4,"six approved all-X families: one omnibus per representation, including unsupported factors; no new standardization",,ordinal,,,消费调查/results/mpc_allx_screen/all_screen_results.csv,794,c2e3b71621f77b82766e70a3888c409b7256dd33,,rc,q09_gain_z,,,
Figure4,"six approved all-X families: one omnibus per representation, including unsupported factors; no new standardization",,midpoint,,,消费调查/results/mpc_allx_screen/all_screen_results.csv,797,c2e3b71621f77b82766e70a3888c409b7256dd33,,cash,q09_gain_z,,,
Figure4,"six approved all-X families: one omnibus per representation, including unsupported factors; no new standardization",,midpoint,,,消费调查/results/mpc_allx_screen/all_screen_results.csv,798,c2e3b71621f77b82766e70a3888c409b7256dd33,,rc,q09_gain_z,,,
Figure4,"six approved all-X families: one omnibus per representation, including unsupported factors; no new standardization",,top75,,,消费调查/results/mpc_allx_screen/all_screen_results.csv,801,c2e3b71621f77b82766e70a3888c409b7256dd33,,cash,q09_gain_z,,,
Figure4,"six approved all-X families: one omnibus per representation, including unsupported factors; no new standardization",,top75,,,消费调查/results/mpc_allx_screen/all_screen_results.csv,802,c2e3b71621f77b82766e70a3888c409b7256dd33,,rc,q09_gain_z,,,
Figure4,"six approved all-X families: one omnibus per representation, including unsupported factors; no new standardization",,ordinal,,,消费调查/results/mpc_allx_screen/all_screen_results.csv,805,c2e3b71621f77b82766e70a3888c409b7256dd33,,cash,q10_effort_z,,,
Figure4,"six approved all-X families: one omnibus per representation, including unsupported factors; no new standardization",,ordinal,,,消费调查/results/mpc_allx_screen/all_screen_results.csv,806,c2e3b71621f77b82766e70a3888c409b7256dd33,,rc,q10_effort_z,,,
Figure4,"six approved all-X families: one omnibus per representation, including unsupported factors; no new standardization",,midpoint,,,消费调查/results/mpc_allx_screen/all_screen_results.csv,809,c2e3b71621f77b82766e70a3888c409b7256dd33,,cash,q10_effort_z,,,
Figure4,"six approved all-X families: one omnibus per representation, including unsupported factors; no new standardization",,midpoint,,,消费调查/results/mpc_allx_screen/all_screen_results.csv,810,c2e3b71621f77b82766e70a3888c409b7256dd33,,rc,q10_effort_z,,,
Figure4,"six approved all-X families: one omnibus per representation, including unsupported factors; no new standardization",,top75,,,消费调查/results/mpc_allx_screen/all_screen_results.csv,813,c2e3b71621f77b82766e70a3888c409b7256dd33,,cash,q10_effort_z,,,
Figure4,"six approved all-X families: one omnibus per representation, including unsupported factors; no new standardization",,top75,,,消费调查/results/mpc_allx_screen/all_screen_results.csv,814,c2e3b71621f77b82766e70a3888c409b7256dd33,,rc,q10_effort_z,,,
Figure4,"six approved all-X families: one omnibus per representation, including unsupported factors; no new standardization",,ordinal,,,消费调查/results/mpc_allx_screen/all_screen_results.csv,817,c2e3b71621f77b82766e70a3888c409b7256dd33,,cash,q11_mobility_z,,,
Figure4,"six approved all-X families: one omnibus per representation, including unsupported factors; no new standardization",,ordinal,,,消费调查/results/mpc_allx_screen/all_screen_results.csv,818,c2e3b71621f77b82766e70a3888c409b7256dd33,,rc,q11_mobility_z,,,
Figure4,"six approved all-X families: one omnibus per representation, including unsupported factors; no new standardization",,midpoint,,,消费调查/results/mpc_allx_screen/all_screen_results.csv,821,c2e3b71621f77b82766e70a3888c409b7256dd33,,cash,q11_mobility_z,,,
Figure4,"six approved all-X families: one omnibus per representation, including unsupported factors; no new standardization",,midpoint,,,消费调查/results/mpc_allx_screen/all_screen_results.csv,822,c2e3b71621f77b82766e70a3888c409b7256dd33,,rc,q11_mobility_z,,,
Figure4,"six approved all-X families: one omnibus per representation, including unsupported factors; no new standardization",,top75,,,消费调查/results/mpc_allx_screen/all_screen_results.csv,825,c2e3b71621f77b82766e70a3888c409b7256dd33,,cash,q11_mobility_z,,,
Figure4,"six approved all-X families: one omnibus per representation, including unsupported factors; no new standardization",,top75,,,消费调查/results/mpc_allx_screen/all_screen_results.csv,826,c2e3b71621f77b82766e70a3888c409b7256dd33,,rc,q11_mobility_z,,,
Figure4,"six approved all-X families: one omnibus per representation, including unsupported factors; no new standardization",,ordinal,,,消费调查/results/mpc_allx_screen/all_screen_results.csv,829,c2e3b71621f77b82766e70a3888c409b7256dd33,,cash,q12_voice_z,,,
Figure4,"six approved all-X families: one omnibus per representation, including unsupported factors; no new standardization",,ordinal,,,消费调查/results/mpc_allx_screen/all_screen_results.csv,830,c2e3b71621f77b82766e70a3888c409b7256dd33,,rc,q12_voice_z,,,
Figure4,"six approved all-X families: one omnibus per representation, including unsupported factors; no new standardization",,midpoint,,,消费调查/results/mpc_allx_screen/all_screen_results.csv,833,c2e3b71621f77b82766e70a3888c409b7256dd33,,cash,q12_voice_z,,,
Figure4,"six approved all-X families: one omnibus per representation, including unsupported factors; no new standardization",,midpoint,,,消费调查/results/mpc_allx_screen/all_screen_results.csv,834,c2e3b71621f77b82766e70a3888c409b7256dd33,,rc,q12_voice_z,,,
Figure4,"six approved all-X families: one omnibus per representation, including unsupported factors; no new standardization",,top75,,,消费调查/results/mpc_allx_screen/all_screen_results.csv,837,c2e3b71621f77b82766e70a3888c409b7256dd33,,cash,q12_voice_z,,,
Figure4,"six approved all-X families: one omnibus per representation, including unsupported factors; no new standardization",,top75,,,消费调查/results/mpc_allx_screen/all_screen_results.csv,838,c2e3b71621f77b82766e70a3888c409b7256dd33,,rc,q12_voice_z,,,
Figure4,"six approved all-X families: one omnibus per representation, including unsupported factors; no new standardization",,ordinal,,,消费调查/results/mpc_allx_screen/all_screen_results.csv,841,c2e3b71621f77b82766e70a3888c409b7256dd33,,cash,q13_pressure_z,,,
Figure4,"six approved all-X families: one omnibus per representation, including unsupported factors; no new standardization",,ordinal,,,消费调查/results/mpc_allx_screen/all_screen_results.csv,842,c2e3b71621f77b82766e70a3888c409b7256dd33,,rc,q13_pressure_z,,,
Figure4,"six approved all-X families: one omnibus per representation, including unsupported factors; no new standardization",,midpoint,,,消费调查/results/mpc_allx_screen/all_screen_results.csv,845,c2e3b71621f77b82766e70a3888c409b7256dd33,,cash,q13_pressure_z,,,
Figure4,"six approved all-X families: one omnibus per representation, including unsupported factors; no new standardization",,midpoint,,,消费调查/results/mpc_allx_screen/all_screen_results.csv,846,c2e3b71621f77b82766e70a3888c409b7256dd33,,rc,q13_pressure_z,,,
Figure4,"six approved all-X families: one omnibus per representation, including unsupported factors; no new standardization",,top75,,,消费调查/results/mpc_allx_screen/all_screen_results.csv,849,c2e3b71621f77b82766e70a3888c409b7256dd33,,cash,q13_pressure_z,,,
Figure4,"six approved all-X families: one omnibus per representation, including unsupported factors; no new standardization",,top75,,,消费调查/results/mpc_allx_screen/all_screen_results.csv,850,c2e3b71621f77b82766e70a3888c409b7256dd33,,rc,q13_pressure_z,,,
Figure4,"six approved all-X families: one omnibus per representation, including unsupported factors; no new standardization",,ordinal,,,消费调查/results/mpc_allx_screen/all_screen_results.csv,853,c2e3b71621f77b82766e70a3888c409b7256dd33,,cash,q15_fut_self_z,,,
Figure4,"six approved all-X families: one omnibus per representation, including unsupported factors; no new standardization",,ordinal,,,消费调查/results/mpc_allx_screen/all_screen_results.csv,854,c2e3b71621f77b82766e70a3888c409b7256dd33,,rc,q15_fut_self_z,,,
Figure4,"six approved all-X families: one omnibus per representation, including unsupported factors; no new standardization",,midpoint,,,消费调查/results/mpc_allx_screen/all_screen_results.csv,857,c2e3b71621f77b82766e70a3888c409b7256dd33,,cash,q15_fut_self_z,,,
Figure4,"six approved all-X families: one omnibus per representation, including unsupported factors; no new standardization",,midpoint,,,消费调查/results/mpc_allx_screen/all_screen_results.csv,858,c2e3b71621f77b82766e70a3888c409b7256dd33,,rc,q15_fut_self_z,,,
Figure4,"six approved all-X families: one omnibus per representation, including unsupported factors; no new standardization",,top75,,,消费调查/results/mpc_allx_screen/all_screen_results.csv,861,c2e3b71621f77b82766e70a3888c409b7256dd33,,cash,q15_fut_self_z,,,
Figure4,"six approved all-X families: one omnibus per representation, including unsupported factors; no new standardization",,top75,,,消费调查/results/mpc_allx_screen/all_screen_results.csv,862,c2e3b71621f77b82766e70a3888c409b7256dd33,,rc,q15_fut_self_z,,,
Figure4,"six approved all-X families: one omnibus per representation, including unsupported factors; no new standardization",,ordinal,,,消费调查/results/mpc_allx_screen/all_screen_results.csv,865,c2e3b71621f77b82766e70a3888c409b7256dd33,,cash,q16_fut_society_z,,,
Figure4,"six approved all-X families: one omnibus per representation, including unsupported factors; no new standardization",,ordinal,,,消费调查/results/mpc_allx_screen/all_screen_results.csv,866,c2e3b71621f77b82766e70a3888c409b7256dd33,,rc,q16_fut_society_z,,,
Figure4,"six approved all-X families: one omnibus per representation, including unsupported factors; no new standardization",,midpoint,,,消费调查/results/mpc_allx_screen/all_screen_results.csv,869,c2e3b71621f77b82766e70a3888c409b7256dd33,,cash,q16_fut_society_z,,,
Figure4,"six approved all-X families: one omnibus per representation, including unsupported factors; no new standardization",,midpoint,,,消费调查/results/mpc_allx_screen/all_screen_results.csv,870,c2e3b71621f77b82766e70a3888c409b7256dd33,,rc,q16_fut_society_z,,,
Figure4,"six approved all-X families: one omnibus per representation, including unsupported factors; no new standardization",,top75,,,消费调查/results/mpc_allx_screen/all_screen_results.csv,873,c2e3b71621f77b82766e70a3888c409b7256dd33,,cash,q16_fut_society_z,,,
Figure4,"six approved all-X families: one omnibus per representation, including unsupported factors; no new standardization",,top75,,,消费调查/results/mpc_allx_screen/all_screen_results.csv,874,c2e3b71621f77b82766e70a3888c409b7256dd33,,rc,q16_fut_society_z,,,
Figure4,"six approved all-X families: one omnibus per representation, including unsupported factors; no new standardization",,ordinal,,,消费调查/results/mpc_allx_screen/all_screen_results.csv,877,c2e3b71621f77b82766e70a3888c409b7256dd33,,cash,q17a_fut_econ_z,,,
Figure4,"six approved all-X families: one omnibus per representation, including unsupported factors; no new standardization",,ordinal,,,消费调查/results/mpc_allx_screen/all_screen_results.csv,878,c2e3b71621f77b82766e70a3888c409b7256dd33,,rc,q17a_fut_econ_z,,,
Figure4,"six approved all-X families: one omnibus per representation, including unsupported factors; no new standardization",,midpoint,,,消费调查/results/mpc_allx_screen/all_screen_results.csv,881,c2e3b71621f77b82766e70a3888c409b7256dd33,,cash,q17a_fut_econ_z,,,
Figure4,"six approved all-X families: one omnibus per representation, including unsupported factors; no new standardization",,midpoint,,,消费调查/results/mpc_allx_screen/all_screen_results.csv,882,c2e3b71621f77b82766e70a3888c409b7256dd33,,rc,q17a_fut_econ_z,,,
Figure4,"six approved all-X families: one omnibus per representation, including unsupported factors; no new standardization",,top75,,,消费调查/results/mpc_allx_screen/all_screen_results.csv,885,c2e3b71621f77b82766e70a3888c409b7256dd33,,cash,q17a_fut_econ_z,,,
Figure4,"six approved all-X families: one omnibus per representation, including unsupported factors; no new standardization",,top75,,,消费调查/results/mpc_allx_screen/all_screen_results.csv,886,c2e3b71621f77b82766e70a3888c409b7256dd33,,rc,q17a_fut_econ_z,,,
Figure4,"six approved all-X families: one omnibus per representation, including unsupported factors; no new standardization",,ordinal,,,消费调查/results/mpc_allx_screen/all_screen_results.csv,889,c2e3b71621f77b82766e70a3888c409b7256dd33,,cash,q17b_fut_job_z,,,
Figure4,"six approved all-X families: one omnibus per representation, including unsupported factors; no new standardization",,ordinal,,,消费调查/results/mpc_allx_screen/all_screen_results.csv,890,c2e3b71621f77b82766e70a3888c409b7256dd33,,rc,q17b_fut_job_z,,,
Figure4,"six approved all-X families: one omnibus per representation, including unsupported factors; no new standardization",,midpoint,,,消费调查/results/mpc_allx_screen/all_screen_results.csv,893,c2e3b71621f77b82766e70a3888c409b7256dd33,,cash,q17b_fut_job_z,,,
Figure4,"six approved all-X families: one omnibus per representation, including unsupported factors; no new standardization",,midpoint,,,消费调查/results/mpc_allx_screen/all_screen_results.csv,894,c2e3b71621f77b82766e70a3888c409b7256dd33,,rc,q17b_fut_job_z,,,
Figure4,"six approved all-X families: one omnibus per representation, including unsupported factors; no new standardization",,top75,,,消费调查/results/mpc_allx_screen/all_screen_results.csv,897,c2e3b71621f77b82766e70a3888c409b7256dd33,,cash,q17b_fut_job_z,,,
Figure4,"six approved all-X families: one omnibus per representation, including unsupported factors; no new standardization",,top75,,,消费调查/results/mpc_allx_screen/all_screen_results.csv,898,c2e3b71621f77b82766e70a3888c409b7256dd33,,rc,q17b_fut_job_z,,,
Figure4,"six approved all-X families: one omnibus per representation, including unsupported factors; no new standardization",,ordinal,,,消费调查/results/mpc_allx_screen/all_screen_results.csv,901,c2e3b71621f77b82766e70a3888c409b7256dd33,,cash,q17c_fut_price_z,,,
Figure4,"six approved all-X families: one omnibus per representation, including unsupported factors; no new standardization",,ordinal,,,消费调查/results/mpc_allx_screen/all_screen_results.csv,902,c2e3b71621f77b82766e70a3888c409b7256dd33,,rc,q17c_fut_price_z,,,
Figure4,"six approved all-X families: one omnibus per representation, including unsupported factors; no new standardization",,midpoint,,,消费调查/results/mpc_allx_screen/all_screen_results.csv,905,c2e3b71621f77b82766e70a3888c409b7256dd33,,cash,q17c_fut_price_z,,,
Figure4,"six approved all-X families: one omnibus per representation, including unsupported factors; no new standardization",,midpoint,,,消费调查/results/mpc_allx_screen/all_screen_results.csv,906,c2e3b71621f77b82766e70a3888c409b7256dd33,,rc,q17c_fut_price_z,,,
Figure4,"six approved all-X families: one omnibus per representation, including unsupported factors; no new standardization",,top75,,,消费调查/results/mpc_allx_screen/all_screen_results.csv,909,c2e3b71621f77b82766e70a3888c409b7256dd33,,cash,q17c_fut_price_z,,,
Figure4,"six approved all-X families: one omnibus per representation, including unsupported factors; no new standardization",,top75,,,消费调查/results/mpc_allx_screen/all_screen_results.csv,910,c2e3b71621f77b82766e70a3888c409b7256dd33,,rc,q17c_fut_price_z,,,
Figure4,"six approved all-X families: one omnibus per representation, including unsupported factors; no new standardization",,ordinal,,,消费调查/results/mpc_allx_screen/all_screen_results.csv,913,c2e3b71621f77b82766e70a3888c409b7256dd33,,cash,q17d_fut_fair_z,,,
Figure4,"six approved all-X families: one omnibus per representation, including unsupported factors; no new standardization",,ordinal,,,消费调查/results/mpc_allx_screen/all_screen_results.csv,914,c2e3b71621f77b82766e70a3888c409b7256dd33,,rc,q17d_fut_fair_z,,,
Figure4,"six approved all-X families: one omnibus per representation, including unsupported factors; no new standardization",,midpoint,,,消费调查/results/mpc_allx_screen/all_screen_results.csv,917,c2e3b71621f77b82766e70a3888c409b7256dd33,,cash,q17d_fut_fair_z,,,
Figure4,"six approved all-X families: one omnibus per representation, including unsupported factors; no new standardization",,midpoint,,,消费调查/results/mpc_allx_screen/all_screen_results.csv,918,c2e3b71621f77b82766e70a3888c409b7256dd33,,rc,q17d_fut_fair_z,,,
Figure4,"six approved all-X families: one omnibus per representation, including unsupported factors; no new standardization",,top75,,,消费调查/results/mpc_allx_screen/all_screen_results.csv,921,c2e3b71621f77b82766e70a3888c409b7256dd33,,cash,q17d_fut_fair_z,,,
Figure4,"six approved all-X families: one omnibus per representation, including unsupported factors; no new standardization",,top75,,,消费调查/results/mpc_allx_screen/all_screen_results.csv,922,c2e3b71621f77b82766e70a3888c409b7256dd33,,rc,q17d_fut_fair_z,,,
Figure4,"six approved all-X families: one omnibus per representation, including unsupported factors; no new standardization",,ordinal,,,消费调查/results/mpc_allx_screen/all_screen_results.csv,925,c2e3b71621f77b82766e70a3888c409b7256dd33,,cash,q17e_fut_welfare_z,,,
Figure4,"six approved all-X families: one omnibus per representation, including unsupported factors; no new standardization",,ordinal,,,消费调查/results/mpc_allx_screen/all_screen_results.csv,926,c2e3b71621f77b82766e70a3888c409b7256dd33,,rc,q17e_fut_welfare_z,,,
Figure4,"six approved all-X families: one omnibus per representation, including unsupported factors; no new standardization",,midpoint,,,消费调查/results/mpc_allx_screen/all_screen_results.csv,929,c2e3b71621f77b82766e70a3888c409b7256dd33,,cash,q17e_fut_welfare_z,,,
Figure4,"six approved all-X families: one omnibus per representation, including unsupported factors; no new standardization",,midpoint,,,消费调查/results/mpc_allx_screen/all_screen_results.csv,930,c2e3b71621f77b82766e70a3888c409b7256dd33,,rc,q17e_fut_welfare_z,,,
Figure4,"six approved all-X families: one omnibus per representation, including unsupported factors; no new standardization",,top75,,,消费调查/results/mpc_allx_screen/all_screen_results.csv,933,c2e3b71621f77b82766e70a3888c409b7256dd33,,cash,q17e_fut_welfare_z,,,
Figure4,"six approved all-X families: one omnibus per representation, including unsupported factors; no new standardization",,top75,,,消费调查/results/mpc_allx_screen/all_screen_results.csv,934,c2e3b71621f77b82766e70a3888c409b7256dd33,,rc,q17e_fut_welfare_z,,,
Figure4,"six approved all-X families: one omnibus per representation, including unsupported factors; no new standardization",,ordinal,,,消费调查/results/mpc_allx_screen/all_screen_results.csv,937,c2e3b71621f77b82766e70a3888c409b7256dd33,,cash,q18_ses_now_z,,,
Figure4,"six approved all-X families: one omnibus per representation, including unsupported factors; no new standardization",,ordinal,,,消费调查/results/mpc_allx_screen/all_screen_results.csv,938,c2e3b71621f77b82766e70a3888c409b7256dd33,,rc,q18_ses_now_z,,,
Figure4,"six approved all-X families: one omnibus per representation, including unsupported factors; no new standardization",,midpoint,,,消费调查/results/mpc_allx_screen/all_screen_results.csv,941,c2e3b71621f77b82766e70a3888c409b7256dd33,,cash,q18_ses_now_z,,,
Figure4,"six approved all-X families: one omnibus per representation, including unsupported factors; no new standardization",,midpoint,,,消费调查/results/mpc_allx_screen/all_screen_results.csv,942,c2e3b71621f77b82766e70a3888c409b7256dd33,,rc,q18_ses_now_z,,,
Figure4,"six approved all-X families: one omnibus per representation, including unsupported factors; no new standardization",,top75,,,消费调查/results/mpc_allx_screen/all_screen_results.csv,945,c2e3b71621f77b82766e70a3888c409b7256dd33,,cash,q18_ses_now_z,,,
Figure4,"six approved all-X families: one omnibus per representation, including unsupported factors; no new standardization",,top75,,,消费调查/results/mpc_allx_screen/all_screen_results.csv,946,c2e3b71621f77b82766e70a3888c409b7256dd33,,rc,q18_ses_now_z,,,
Figure4,"six approved all-X families: one omnibus per representation, including unsupported factors; no new standardization",,ordinal,,,消费调查/results/mpc_allx_screen/all_screen_results.csv,949,c2e3b71621f77b82766e70a3888c409b7256dd33,,cash,q19_ses_past5_z,,,
Figure4,"six approved all-X families: one omnibus per representation, including unsupported factors; no new standardization",,ordinal,,,消费调查/results/mpc_allx_screen/all_screen_results.csv,950,c2e3b71621f77b82766e70a3888c409b7256dd33,,rc,q19_ses_past5_z,,,
Figure4,"six approved all-X families: one omnibus per representation, including unsupported factors; no new standardization",,midpoint,,,消费调查/results/mpc_allx_screen/all_screen_results.csv,953,c2e3b71621f77b82766e70a3888c409b7256dd33,,cash,q19_ses_past5_z,,,
Figure4,"six approved all-X families: one omnibus per representation, including unsupported factors; no new standardization",,midpoint,,,消费调查/results/mpc_allx_screen/all_screen_results.csv,954,c2e3b71621f77b82766e70a3888c409b7256dd33,,rc,q19_ses_past5_z,,,
Figure4,"six approved all-X families: one omnibus per representation, including unsupported factors; no new standardization",,top75,,,消费调查/results/mpc_allx_screen/all_screen_results.csv,957,c2e3b71621f77b82766e70a3888c409b7256dd33,,cash,q19_ses_past5_z,,,
Figure4,"six approved all-X families: one omnibus per representation, including unsupported factors; no new standardization",,top75,,,消费调查/results/mpc_allx_screen/all_screen_results.csv,958,c2e3b71621f77b82766e70a3888c409b7256dd33,,rc,q19_ses_past5_z,,,
Figure4,"six approved all-X families: one omnibus per representation, including unsupported factors; no new standardization",,ordinal,,,消费调查/results/mpc_allx_screen/all_screen_results.csv,961,c2e3b71621f77b82766e70a3888c409b7256dd33,,cash,q20_ses_next1_z,,,
Figure4,"six approved all-X families: one omnibus per representation, including unsupported factors; no new standardization",,ordinal,,,消费调查/results/mpc_allx_screen/all_screen_results.csv,962,c2e3b71621f77b82766e70a3888c409b7256dd33,,rc,q20_ses_next1_z,,,
Figure4,"six approved all-X families: one omnibus per representation, including unsupported factors; no new standardization",,midpoint,,,消费调查/results/mpc_allx_screen/all_screen_results.csv,965,c2e3b71621f77b82766e70a3888c409b7256dd33,,cash,q20_ses_next1_z,,,
Figure4,"six approved all-X families: one omnibus per representation, including unsupported factors; no new standardization",,midpoint,,,消费调查/results/mpc_allx_screen/all_screen_results.csv,966,c2e3b71621f77b82766e70a3888c409b7256dd33,,rc,q20_ses_next1_z,,,
Figure4,"six approved all-X families: one omnibus per representation, including unsupported factors; no new standardization",,top75,,,消费调查/results/mpc_allx_screen/all_screen_results.csv,969,c2e3b71621f77b82766e70a3888c409b7256dd33,,cash,q20_ses_next1_z,,,
Figure4,"six approved all-X families: one omnibus per representation, including unsupported factors; no new standardization",,top75,,,消费调查/results/mpc_allx_screen/all_screen_results.csv,970,c2e3b71621f77b82766e70a3888c409b7256dd33,,rc,q20_ses_next1_z,,,
Figure4,"six approved all-X families: one omnibus per representation, including unsupported factors; no new standardization",,ordinal,,,消费调查/results/mpc_allx_screen/all_screen_results.csv,973,c2e3b71621f77b82766e70a3888c409b7256dd33,,cash,q21_order_z,,,
Figure4,"six approved all-X families: one omnibus per representation, including unsupported factors; no new standardization",,ordinal,,,消费调查/results/mpc_allx_screen/all_screen_results.csv,974,c2e3b71621f77b82766e70a3888c409b7256dd33,,rc,q21_order_z,,,
Figure4,"six approved all-X families: one omnibus per representation, including unsupported factors; no new standardization",,midpoint,,,消费调查/results/mpc_allx_screen/all_screen_results.csv,977,c2e3b71621f77b82766e70a3888c409b7256dd33,,cash,q21_order_z,,,
Figure4,"six approved all-X families: one omnibus per representation, including unsupported factors; no new standardization",,midpoint,,,消费调查/results/mpc_allx_screen/all_screen_results.csv,978,c2e3b71621f77b82766e70a3888c409b7256dd33,,rc,q21_order_z,,,
Figure4,"six approved all-X families: one omnibus per representation, including unsupported factors; no new standardization",,top75,,,消费调查/results/mpc_allx_screen/all_screen_results.csv,981,c2e3b71621f77b82766e70a3888c409b7256dd33,,cash,q21_order_z,,,
Figure4,"six approved all-X families: one omnibus per representation, including unsupported factors; no new standardization",,top75,,,消费调查/results/mpc_allx_screen/all_screen_results.csv,982,c2e3b71621f77b82766e70a3888c409b7256dd33,,rc,q21_order_z,,,
Figure4,"six approved all-X families: one omnibus per representation, including unsupported factors; no new standardization",,ordinal,,,消费调查/results/mpc_allx_screen/all_screen_results.csv,985,c2e3b71621f77b82766e70a3888c409b7256dd33,,cash,q22_vitality_z,,,
Figure4,"six approved all-X families: one omnibus per representation, including unsupported factors; no new standardization",,ordinal,,,消费调查/results/mpc_allx_screen/all_screen_results.csv,986,c2e3b71621f77b82766e70a3888c409b7256dd33,,rc,q22_vitality_z,,,
Figure4,"six approved all-X families: one omnibus per representation, including unsupported factors; no new standardization",,midpoint,,,消费调查/results/mpc_allx_screen/all_screen_results.csv,989,c2e3b71621f77b82766e70a3888c409b7256dd33,,cash,q22_vitality_z,,,
Figure4,"six approved all-X families: one omnibus per representation, including unsupported factors; no new standardization",,midpoint,,,消费调查/results/mpc_allx_screen/all_screen_results.csv,990,c2e3b71621f77b82766e70a3888c409b7256dd33,,rc,q22_vitality_z,,,
Figure4,"six approved all-X families: one omnibus per representation, including unsupported factors; no new standardization",,top75,,,消费调查/results/mpc_allx_screen/all_screen_results.csv,993,c2e3b71621f77b82766e70a3888c409b7256dd33,,cash,q22_vitality_z,,,
Figure4,"six approved all-X families: one omnibus per representation, including unsupported factors; no new standardization",,top75,,,消费调查/results/mpc_allx_screen/all_screen_results.csv,994,c2e3b71621f77b82766e70a3888c409b7256dd33,,rc,q22_vitality_z,,,
Figure4,"six approved all-X families: one omnibus per representation, including unsupported factors; no new standardization",,ordinal,,,消费调查/results/mpc_allx_screen/all_screen_results.csv,997,c2e3b71621f77b82766e70a3888c409b7256dd33,,cash,q43_edu_z,,,
Figure4,"six approved all-X families: one omnibus per representation, including unsupported factors; no new standardization",,ordinal,,,消费调查/results/mpc_allx_screen/all_screen_results.csv,998,c2e3b71621f77b82766e70a3888c409b7256dd33,,rc,q43_edu_z,,,
Figure4,"six approved all-X families: one omnibus per representation, including unsupported factors; no new standardization",,midpoint,,,消费调查/results/mpc_allx_screen/all_screen_results.csv,1001,c2e3b71621f77b82766e70a3888c409b7256dd33,,cash,q43_edu_z,,,
Figure4,"six approved all-X families: one omnibus per representation, including unsupported factors; no new standardization",,midpoint,,,消费调查/results/mpc_allx_screen/all_screen_results.csv,1002,c2e3b71621f77b82766e70a3888c409b7256dd33,,rc,q43_edu_z,,,
Figure4,"six approved all-X families: one omnibus per representation, including unsupported factors; no new standardization",,top75,,,消费调查/results/mpc_allx_screen/all_screen_results.csv,1005,c2e3b71621f77b82766e70a3888c409b7256dd33,,cash,q43_edu_z,,,
Figure4,"six approved all-X families: one omnibus per representation, including unsupported factors; no new standardization",,top75,,,消费调查/results/mpc_allx_screen/all_screen_results.csv,1006,c2e3b71621f77b82766e70a3888c409b7256dd33,,rc,q43_edu_z,,,
Figure4,"six approved all-X families: one omnibus per representation, including unsupported factors; no new standardization",,ordinal,,,消费调查/results/mpc_allx_screen/all_screen_results.csv,1009,c2e3b71621f77b82766e70a3888c409b7256dd33,,cash,income_h_z,,,
Figure4,"six approved all-X families: one omnibus per representation, including unsupported factors; no new standardization",,ordinal,,,消费调查/results/mpc_allx_screen/all_screen_results.csv,1010,c2e3b71621f77b82766e70a3888c409b7256dd33,,rc,income_h_z,,,
Figure4,"six approved all-X families: one omnibus per representation, including unsupported factors; no new standardization",,midpoint,,,消费调查/results/mpc_allx_screen/all_screen_results.csv,1013,c2e3b71621f77b82766e70a3888c409b7256dd33,,cash,income_h_z,,,
Figure4,"six approved all-X families: one omnibus per representation, including unsupported factors; no new standardization",,midpoint,,,消费调查/results/mpc_allx_screen/all_screen_results.csv,1014,c2e3b71621f77b82766e70a3888c409b7256dd33,,rc,income_h_z,,,
Figure4,"six approved all-X families: one omnibus per representation, including unsupported factors; no new standardization",,top75,,,消费调查/results/mpc_allx_screen/all_screen_results.csv,1017,c2e3b71621f77b82766e70a3888c409b7256dd33,,cash,income_h_z,,,
Figure4,"six approved all-X families: one omnibus per representation, including unsupported factors; no new standardization",,top75,,,消费调查/results/mpc_allx_screen/all_screen_results.csv,1018,c2e3b71621f77b82766e70a3888c409b7256dd33,,rc,income_h_z,,,
Figure4,"six approved all-X families: one omnibus per representation, including unsupported factors; no new standardization",,ordinal,,,消费调查/results/mpc_allx_screen/all_screen_results.csv,1021,c2e3b71621f77b82766e70a3888c409b7256dd33,,cash,q28_hhsize_z,,,
Figure4,"six approved all-X families: one omnibus per representation, including unsupported factors; no new standardization",,ordinal,,,消费调查/results/mpc_allx_screen/all_screen_results.csv,1022,c2e3b71621f77b82766e70a3888c409b7256dd33,,rc,q28_hhsize_z,,,
Figure4,"six approved all-X families: one omnibus per representation, including unsupported factors; no new standardization",,midpoint,,,消费调查/results/mpc_allx_screen/all_screen_results.csv,1025,c2e3b71621f77b82766e70a3888c409b7256dd33,,cash,q28_hhsize_z,,,
Figure4,"six approved all-X families: one omnibus per representation, including unsupported factors; no new standardization",,midpoint,,,消费调查/results/mpc_allx_screen/all_screen_results.csv,1026,c2e3b71621f77b82766e70a3888c409b7256dd33,,rc,q28_hhsize_z,,,
Figure4,"six approved all-X families: one omnibus per representation, including unsupported factors; no new standardization",,top75,,,消费调查/results/mpc_allx_screen/all_screen_results.csv,1029,c2e3b71621f77b82766e70a3888c409b7256dd33,,cash,q28_hhsize_z,,,
Figure4,"six approved all-X families: one omnibus per representation, including unsupported factors; no new standardization",,top75,,,消费调查/results/mpc_allx_screen/all_screen_results.csv,1030,c2e3b71621f77b82766e70a3888c409b7256dd33,,rc,q28_hhsize_z,,,
Figure4,"six approved all-X families: one omnibus per representation, including unsupported factors; no new standardization",,ordinal,,,消费调查/results/mpc_allx_screen/all_screen_results.csv,1033,c2e3b71621f77b82766e70a3888c409b7256dd33,,cash,q29_foodexp_z,,,
Figure4,"six approved all-X families: one omnibus per representation, including unsupported factors; no new standardization",,ordinal,,,消费调查/results/mpc_allx_screen/all_screen_results.csv,1034,c2e3b71621f77b82766e70a3888c409b7256dd33,,rc,q29_foodexp_z,,,
Figure4,"six approved all-X families: one omnibus per representation, including unsupported factors; no new standardization",,midpoint,,,消费调查/results/mpc_allx_screen/all_screen_results.csv,1037,c2e3b71621f77b82766e70a3888c409b7256dd33,,cash,q29_foodexp_z,,,
Figure4,"six approved all-X families: one omnibus per representation, including unsupported factors; no new standardization",,midpoint,,,消费调查/results/mpc_allx_screen/all_screen_results.csv,1038,c2e3b71621f77b82766e70a3888c409b7256dd33,,rc,q29_foodexp_z,,,
Figure4,"six approved all-X families: one omnibus per representation, including unsupported factors; no new standardization",,top75,,,消费调查/results/mpc_allx_screen/all_screen_results.csv,1041,c2e3b71621f77b82766e70a3888c409b7256dd33,,cash,q29_foodexp_z,,,
Figure4,"six approved all-X families: one omnibus per representation, including unsupported factors; no new standardization",,top75,,,消费调查/results/mpc_allx_screen/all_screen_results.csv,1042,c2e3b71621f77b82766e70a3888c409b7256dd33,,rc,q29_foodexp_z,,,
Figure4,"six approved all-X families: one omnibus per representation, including unsupported factors; no new standardization",,ordinal,,,消费调查/results/mpc_allx_screen/all_screen_results.csv,1045,c2e3b71621f77b82766e70a3888c409b7256dd33,,cash,q30_medexp_z,,,
Figure4,"six approved all-X families: one omnibus per representation, including unsupported factors; no new standardization",,ordinal,,,消费调查/results/mpc_allx_screen/all_screen_results.csv,1046,c2e3b71621f77b82766e70a3888c409b7256dd33,,rc,q30_medexp_z,,,
Figure4,"six approved all-X families: one omnibus per representation, including unsupported factors; no new standardization",,midpoint,,,消费调查/results/mpc_allx_screen/all_screen_results.csv,1049,c2e3b71621f77b82766e70a3888c409b7256dd33,,cash,q30_medexp_z,,,
Figure4,"six approved all-X families: one omnibus per representation, including unsupported factors; no new standardization",,midpoint,,,消费调查/results/mpc_allx_screen/all_screen_results.csv,1050,c2e3b71621f77b82766e70a3888c409b7256dd33,,rc,q30_medexp_z,,,
Figure4,"six approved all-X families: one omnibus per representation, including unsupported factors; no new standardization",,top75,,,消费调查/results/mpc_allx_screen/all_screen_results.csv,1053,c2e3b71621f77b82766e70a3888c409b7256dd33,,cash,q30_medexp_z,,,
Figure4,"six approved all-X families: one omnibus per representation, including unsupported factors; no new standardization",,top75,,,消费调查/results/mpc_allx_screen/all_screen_results.csv,1054,c2e3b71621f77b82766e70a3888c409b7256dd33,,rc,q30_medexp_z,,,
Figure4,"six approved all-X families: one omnibus per representation, including unsupported factors; no new standardization",,ordinal,,,消费调查/results/mpc_allx_screen/all_screen_results.csv,1057,c2e3b71621f77b82766e70a3888c409b7256dd33,,cash,q49_citytier_z,,,
Figure4,"six approved all-X families: one omnibus per representation, including unsupported factors; no new standardization",,ordinal,,,消费调查/results/mpc_allx_screen/all_screen_results.csv,1058,c2e3b71621f77b82766e70a3888c409b7256dd33,,rc,q49_citytier_z,,,
Figure4,"six approved all-X families: one omnibus per representation, including unsupported factors; no new standardization",,midpoint,,,消费调查/results/mpc_allx_screen/all_screen_results.csv,1061,c2e3b71621f77b82766e70a3888c409b7256dd33,,cash,q49_citytier_z,,,
Figure4,"six approved all-X families: one omnibus per representation, including unsupported factors; no new standardization",,midpoint,,,消费调查/results/mpc_allx_screen/all_screen_results.csv,1062,c2e3b71621f77b82766e70a3888c409b7256dd33,,rc,q49_citytier_z,,,
Figure4,"six approved all-X families: one omnibus per representation, including unsupported factors; no new standardization",,top75,,,消费调查/results/mpc_allx_screen/all_screen_results.csv,1065,c2e3b71621f77b82766e70a3888c409b7256dd33,,cash,q49_citytier_z,,,
Figure4,"six approved all-X families: one omnibus per representation, including unsupported factors; no new standardization",,top75,,,消费调查/results/mpc_allx_screen/all_screen_results.csv,1066,c2e3b71621f77b82766e70a3888c409b7256dd33,,rc,q49_citytier_z,,,
Figure4,"six approved all-X families: one omnibus per representation, including unsupported factors; no new standardization",,ordinal,,,消费调查/results/mpc_allx_screen/all_screen_results.csv,1069,c2e3b71621f77b82766e70a3888c409b7256dd33,,cash,q41_gender_z,,,
Figure4,"six approved all-X families: one omnibus per representation, including unsupported factors; no new standardization",,ordinal,,,消费调查/results/mpc_allx_screen/all_screen_results.csv,1070,c2e3b71621f77b82766e70a3888c409b7256dd33,,rc,q41_gender_z,,,
Figure4,"six approved all-X families: one omnibus per representation, including unsupported factors; no new standardization",,midpoint,,,消费调查/results/mpc_allx_screen/all_screen_results.csv,1073,c2e3b71621f77b82766e70a3888c409b7256dd33,,cash,q41_gender_z,,,
Figure4,"six approved all-X families: one omnibus per representation, including unsupported factors; no new standardization",,midpoint,,,消费调查/results/mpc_allx_screen/all_screen_results.csv,1074,c2e3b71621f77b82766e70a3888c409b7256dd33,,rc,q41_gender_z,,,
Figure4,"six approved all-X families: one omnibus per representation, including unsupported factors; no new standardization",,top75,,,消费调查/results/mpc_allx_screen/all_screen_results.csv,1077,c2e3b71621f77b82766e70a3888c409b7256dd33,,cash,q41_gender_z,,,
Figure4,"six approved all-X families: one omnibus per representation, including unsupported factors; no new standardization",,top75,,,消费调查/results/mpc_allx_screen/all_screen_results.csv,1078,c2e3b71621f77b82766e70a3888c409b7256dd33,,rc,q41_gender_z,,,
Figure4,"six approved all-X families: one omnibus per representation, including unsupported factors; no new standardization",,ordinal,,,消费调查/results/mpc_allx_screen/all_screen_results.csv,1081,c2e3b71621f77b82766e70a3888c409b7256dd33,,cash,q27_minorchild_z,,,
Figure4,"six approved all-X families: one omnibus per representation, including unsupported factors; no new standardization",,ordinal,,,消费调查/results/mpc_allx_screen/all_screen_results.csv,1082,c2e3b71621f77b82766e70a3888c409b7256dd33,,rc,q27_minorchild_z,,,
Figure4,"six approved all-X families: one omnibus per representation, including unsupported factors; no new standardization",,midpoint,,,消费调查/results/mpc_allx_screen/all_screen_results.csv,1085,c2e3b71621f77b82766e70a3888c409b7256dd33,,cash,q27_minorchild_z,,,
Figure4,"six approved all-X families: one omnibus per representation, including unsupported factors; no new standardization",,midpoint,,,消费调查/results/mpc_allx_screen/all_screen_results.csv,1086,c2e3b71621f77b82766e70a3888c409b7256dd33,,rc,q27_minorchild_z,,,
Figure4,"six approved all-X families: one omnibus per representation, including unsupported factors; no new standardization",,top75,,,消费调查/results/mpc_allx_screen/all_screen_results.csv,1089,c2e3b71621f77b82766e70a3888c409b7256dd33,,cash,q27_minorchild_z,,,
Figure4,"six approved all-X families: one omnibus per representation, including unsupported factors; no new standardization",,top75,,,消费调查/results/mpc_allx_screen/all_screen_results.csv,1090,c2e3b71621f77b82766e70a3888c409b7256dd33,,rc,q27_minorchild_z,,,
Figure4,"six approved all-X families: one omnibus per representation, including unsupported factors; no new standardization",,ordinal,,,消费调查/results/mpc_allx_screen/all_screen_results.csv,1093,c2e3b71621f77b82766e70a3888c409b7256dd33,,cash,need,,,
Figure4,"six approved all-X families: one omnibus per representation, including unsupported factors; no new standardization",,ordinal,,,消费调查/results/mpc_allx_screen/all_screen_results.csv,1094,c2e3b71621f77b82766e70a3888c409b7256dd33,,rc,need,,,
Figure4,"six approved all-X families: one omnibus per representation, including unsupported factors; no new standardization",,midpoint,,,消费调查/results/mpc_allx_screen/all_screen_results.csv,1097,c2e3b71621f77b82766e70a3888c409b7256dd33,,cash,need,,,
Figure4,"six approved all-X families: one omnibus per representation, including unsupported factors; no new standardization",,midpoint,,,消费调查/results/mpc_allx_screen/all_screen_results.csv,1098,c2e3b71621f77b82766e70a3888c409b7256dd33,,rc,need,,,
Figure4,"six approved all-X families: one omnibus per representation, including unsupported factors; no new standardization",,top75,,,消费调查/results/mpc_allx_screen/all_screen_results.csv,1101,c2e3b71621f77b82766e70a3888c409b7256dd33,,cash,need,,,
Figure4,"six approved all-X families: one omnibus per representation, including unsupported factors; no new standardization",,top75,,,消费调查/results/mpc_allx_screen/all_screen_results.csv,1102,c2e3b71621f77b82766e70a3888c409b7256dd33,,rc,need,,,
Figure4,"six approved all-X families: one omnibus per representation, including unsupported factors; no new standardization",,ordinal,,,消费调查/results/mpc_allx_screen/all_screen_results.csv,1105,c2e3b71621f77b82766e70a3888c409b7256dd33,,cash,foodneed,,,
Figure4,"six approved all-X families: one omnibus per representation, including unsupported factors; no new standardization",,ordinal,,,消费调查/results/mpc_allx_screen/all_screen_results.csv,1106,c2e3b71621f77b82766e70a3888c409b7256dd33,,rc,foodneed,,,
Figure4,"six approved all-X families: one omnibus per representation, including unsupported factors; no new standardization",,midpoint,,,消费调查/results/mpc_allx_screen/all_screen_results.csv,1109,c2e3b71621f77b82766e70a3888c409b7256dd33,,cash,foodneed,,,
Figure4,"six approved all-X families: one omnibus per representation, including unsupported factors; no new standardization",,midpoint,,,消费调查/results/mpc_allx_screen/all_screen_results.csv,1110,c2e3b71621f77b82766e70a3888c409b7256dd33,,rc,foodneed,,,
Figure4,"six approved all-X families: one omnibus per representation, including unsupported factors; no new standardization",,top75,,,消费调查/results/mpc_allx_screen/all_screen_results.csv,1113,c2e3b71621f77b82766e70a3888c409b7256dd33,,cash,foodneed,,,
Figure4,"six approved all-X families: one omnibus per representation, including unsupported factors; no new standardization",,top75,,,消费调查/results/mpc_allx_screen/all_screen_results.csv,1114,c2e3b71621f77b82766e70a3888c409b7256dd33,,rc,foodneed,,,
Figure4,"six approved all-X families: one omnibus per representation, including unsupported factors; no new standardization",,ordinal,,,消费调查/results/mpc_allx_screen/all_screen_results.csv,1117,c2e3b71621f77b82766e70a3888c409b7256dd33,,cash,liquidity,,,
Figure4,"six approved all-X families: one omnibus per representation, including unsupported factors; no new standardization",,ordinal,,,消费调查/results/mpc_allx_screen/all_screen_results.csv,1118,c2e3b71621f77b82766e70a3888c409b7256dd33,,rc,liquidity,,,
Figure4,"six approved all-X families: one omnibus per representation, including unsupported factors; no new standardization",,midpoint,,,消费调查/results/mpc_allx_screen/all_screen_results.csv,1121,c2e3b71621f77b82766e70a3888c409b7256dd33,,cash,liquidity,,,
Figure4,"six approved all-X families: one omnibus per representation, including unsupported factors; no new standardization",,midpoint,,,消费调查/results/mpc_allx_screen/all_screen_results.csv,1122,c2e3b71621f77b82766e70a3888c409b7256dd33,,rc,liquidity,,,
Figure4,"six approved all-X families: one omnibus per representation, including unsupported factors; no new standardization",,top75,,,消费调查/results/mpc_allx_screen/all_screen_results.csv,1125,c2e3b71621f77b82766e70a3888c409b7256dd33,,cash,liquidity,,,
Figure4,"six approved all-X families: one omnibus per representation, including unsupported factors; no new standardization",,top75,,,消费调查/results/mpc_allx_screen/all_screen_results.csv,1126,c2e3b71621f77b82766e70a3888c409b7256dd33,,rc,liquidity,,,
Figure4,"six approved all-X families: one omnibus per representation, including unsupported factors; no new standardization",,ordinal,,,消费调查/results/mpc_allx_screen/all_screen_results.csv,1129,c2e3b71621f77b82766e70a3888c409b7256dd33,,cash,income_z,,,
Figure4,"six approved all-X families: one omnibus per representation, including unsupported factors; no new standardization",,ordinal,,,消费调查/results/mpc_allx_screen/all_screen_results.csv,1130,c2e3b71621f77b82766e70a3888c409b7256dd33,,rc,income_z,,,
Figure4,"six approved all-X families: one omnibus per representation, including unsupported factors; no new standardization",,midpoint,,,消费调查/results/mpc_allx_screen/all_screen_results.csv,1133,c2e3b71621f77b82766e70a3888c409b7256dd33,,cash,income_z,,,
Figure4,"six approved all-X families: one omnibus per representation, including unsupported factors; no new standardization",,midpoint,,,消费调查/results/mpc_allx_screen/all_screen_results.csv,1134,c2e3b71621f77b82766e70a3888c409b7256dd33,,rc,income_z,,,
Figure4,"six approved all-X families: one omnibus per representation, including unsupported factors; no new standardization",,top75,,,消费调查/results/mpc_allx_screen/all_screen_results.csv,1137,c2e3b71621f77b82766e70a3888c409b7256dd33,,cash,income_z,,,
Figure4,"six approved all-X families: one omnibus per representation, including unsupported factors; no new standardization",,top75,,,消费调查/results/mpc_allx_screen/all_screen_results.csv,1138,c2e3b71621f77b82766e70a3888c409b7256dd33,,rc,income_z,,,
Figure4,"six approved all-X families: one omnibus per representation, including unsupported factors; no new standardization",,ordinal,,,消费调查/results/mpc_allx_screen/all_screen_results.csv,1141,c2e3b71621f77b82766e70a3888c409b7256dd33,,cash,who::liquidity,,,
Figure4,"six approved all-X families: one omnibus per representation, including unsupported factors; no new standardization",,ordinal,,,消费调查/results/mpc_allx_screen/all_screen_results.csv,1142,c2e3b71621f77b82766e70a3888c409b7256dd33,,rc,who::liquidity,,,
Figure4,"six approved all-X families: one omnibus per representation, including unsupported factors; no new standardization",,midpoint,,,消费调查/results/mpc_allx_screen/all_screen_results.csv,1145,c2e3b71621f77b82766e70a3888c409b7256dd33,,cash,who::liquidity,,,
Figure4,"six approved all-X families: one omnibus per representation, including unsupported factors; no new standardization",,midpoint,,,消费调查/results/mpc_allx_screen/all_screen_results.csv,1146,c2e3b71621f77b82766e70a3888c409b7256dd33,,rc,who::liquidity,,,
Figure4,"six approved all-X families: one omnibus per representation, including unsupported factors; no new standardization",,top75,,,消费调查/results/mpc_allx_screen/all_screen_results.csv,1149,c2e3b71621f77b82766e70a3888c409b7256dd33,,cash,who::liquidity,,,
Figure4,"six approved all-X families: one omnibus per representation, including unsupported factors; no new standardization",,top75,,,消费调查/results/mpc_allx_screen/all_screen_results.csv,1150,c2e3b71621f77b82766e70a3888c409b7256dd33,,rc,who::liquidity,,,
Figure4,"six approved all-X families: one omnibus per representation, including unsupported factors; no new standardization",,ordinal,,,消费调查/results/mpc_allx_screen/all_screen_results.csv,1153,c2e3b71621f77b82766e70a3888c409b7256dd33,,cash,who::income,,,
Figure4,"six approved all-X families: one omnibus per representation, including unsupported factors; no new standardization",,ordinal,,,消费调查/results/mpc_allx_screen/all_screen_results.csv,1154,c2e3b71621f77b82766e70a3888c409b7256dd33,,rc,who::income,,,
Figure4,"six approved all-X families: one omnibus per representation, including unsupported factors; no new standardization",,midpoint,,,消费调查/results/mpc_allx_screen/all_screen_results.csv,1157,c2e3b71621f77b82766e70a3888c409b7256dd33,,cash,who::income,,,
Figure4,"six approved all-X families: one omnibus per representation, including unsupported factors; no new standardization",,midpoint,,,消费调查/results/mpc_allx_screen/all_screen_results.csv,1158,c2e3b71621f77b82766e70a3888c409b7256dd33,,rc,who::income,,,
Figure4,"six approved all-X families: one omnibus per representation, including unsupported factors; no new standardization",,top75,,,消费调查/results/mpc_allx_screen/all_screen_results.csv,1161,c2e3b71621f77b82766e70a3888c409b7256dd33,,cash,who::income,,,
Figure4,"six approved all-X families: one omnibus per representation, including unsupported factors; no new standardization",,top75,,,消费调查/results/mpc_allx_screen/all_screen_results.csv,1162,c2e3b71621f77b82766e70a3888c409b7256dd33,,rc,who::income,,,
Figure4,"six approved all-X families: one omnibus per representation, including unsupported factors; no new standardization",,ordinal,,,消费调查/results/mpc_allx_screen/all_screen_results.csv,1165,c2e3b71621f77b82766e70a3888c409b7256dd33,,cash,who::food,,,
Figure4,"six approved all-X families: one omnibus per representation, including unsupported factors; no new standardization",,ordinal,,,消费调查/results/mpc_allx_screen/all_screen_results.csv,1166,c2e3b71621f77b82766e70a3888c409b7256dd33,,rc,who::food,,,
Figure4,"six approved all-X families: one omnibus per representation, including unsupported factors; no new standardization",,midpoint,,,消费调查/results/mpc_allx_screen/all_screen_results.csv,1169,c2e3b71621f77b82766e70a3888c409b7256dd33,,cash,who::food,,,
Figure4,"six approved all-X families: one omnibus per representation, including unsupported factors; no new standardization",,midpoint,,,消费调查/results/mpc_allx_screen/all_screen_results.csv,1170,c2e3b71621f77b82766e70a3888c409b7256dd33,,rc,who::food,,,
Figure4,"six approved all-X families: one omnibus per representation, including unsupported factors; no new standardization",,top75,,,消费调查/results/mpc_allx_screen/all_screen_results.csv,1173,c2e3b71621f77b82766e70a3888c409b7256dd33,,cash,who::food,,,
Figure4,"six approved all-X families: one omnibus per representation, including unsupported factors; no new standardization",,top75,,,消费调查/results/mpc_allx_screen/all_screen_results.csv,1174,c2e3b71621f77b82766e70a3888c409b7256dd33,,rc,who::food,,,
Figure4,"six approved all-X families: one omnibus per representation, including unsupported factors; no new standardization",,ordinal,,,消费调查/results/mpc_allx_screen/all_screen_results.csv,1177,c2e3b71621f77b82766e70a3888c409b7256dd33,,cash,who::medical,,,
Figure4,"six approved all-X families: one omnibus per representation, including unsupported factors; no new standardization",,ordinal,,,消费调查/results/mpc_allx_screen/all_screen_results.csv,1178,c2e3b71621f77b82766e70a3888c409b7256dd33,,rc,who::medical,,,
Figure4,"six approved all-X families: one omnibus per representation, including unsupported factors; no new standardization",,midpoint,,,消费调查/results/mpc_allx_screen/all_screen_results.csv,1181,c2e3b71621f77b82766e70a3888c409b7256dd33,,cash,who::medical,,,
Figure4,"six approved all-X families: one omnibus per representation, including unsupported factors; no new standardization",,midpoint,,,消费调查/results/mpc_allx_screen/all_screen_results.csv,1182,c2e3b71621f77b82766e70a3888c409b7256dd33,,rc,who::medical,,,
Figure4,"six approved all-X families: one omnibus per representation, including unsupported factors; no new standardization",,top75,,,消费调查/results/mpc_allx_screen/all_screen_results.csv,1185,c2e3b71621f77b82766e70a3888c409b7256dd33,,cash,who::medical,,,
Figure4,"six approved all-X families: one omnibus per representation, including unsupported factors; no new standardization",,top75,,,消费调查/results/mpc_allx_screen/all_screen_results.csv,1186,c2e3b71621f77b82766e70a3888c409b7256dd33,,rc,who::medical,,,
Figure4,"six approved all-X families: one omnibus per representation, including unsupported factors; no new standardization",,ordinal,,,消费调查/results/mpc_allx_screen/all_screen_results.csv,1189,c2e3b71621f77b82766e70a3888c409b7256dd33,,cash,who::subsidy_yes,,,
Figure4,"six approved all-X families: one omnibus per representation, including unsupported factors; no new standardization",,ordinal,,,消费调查/results/mpc_allx_screen/all_screen_results.csv,1190,c2e3b71621f77b82766e70a3888c409b7256dd33,,rc,who::subsidy_yes,,,
Figure4,"six approved all-X families: one omnibus per representation, including unsupported factors; no new standardization",,midpoint,,,消费调查/results/mpc_allx_screen/all_screen_results.csv,1193,c2e3b71621f77b82766e70a3888c409b7256dd33,,cash,who::subsidy_yes,,,
Figure4,"six approved all-X families: one omnibus per representation, including unsupported factors; no new standardization",,midpoint,,,消费调查/results/mpc_allx_screen/all_screen_results.csv,1194,c2e3b71621f77b82766e70a3888c409b7256dd33,,rc,who::subsidy_yes,,,
Figure4,"six approved all-X families: one omnibus per representation, including unsupported factors; no new standardization",,top75,,,消费调查/results/mpc_allx_screen/all_screen_results.csv,1197,c2e3b71621f77b82766e70a3888c409b7256dd33,,cash,who::subsidy_yes,,,
Figure4,"six approved all-X families: one omnibus per representation, including unsupported factors; no new standardization",,top75,,,消费调查/results/mpc_allx_screen/all_screen_results.csv,1198,c2e3b71621f77b82766e70a3888c409b7256dd33,,rc,who::subsidy_yes,,,
Figure4,"six approved all-X families: one omnibus per representation, including unsupported factors; no new standardization",,ordinal,,,消费调查/results/mpc_allx_screen/all_screen_results.csv,1201,c2e3b71621f77b82766e70a3888c409b7256dd33,,cash,who::subsidy_unknown,,,
Figure4,"six approved all-X families: one omnibus per representation, including unsupported factors; no new standardization",,ordinal,,,消费调查/results/mpc_allx_screen/all_screen_results.csv,1202,c2e3b71621f77b82766e70a3888c409b7256dd33,,rc,who::subsidy_unknown,,,
Figure4,"six approved all-X families: one omnibus per representation, including unsupported factors; no new standardization",,midpoint,,,消费调查/results/mpc_allx_screen/all_screen_results.csv,1205,c2e3b71621f77b82766e70a3888c409b7256dd33,,cash,who::subsidy_unknown,,,
Figure4,"six approved all-X families: one omnibus per representation, including unsupported factors; no new standardization",,midpoint,,,消费调查/results/mpc_allx_screen/all_screen_results.csv,1206,c2e3b71621f77b82766e70a3888c409b7256dd33,,rc,who::subsidy_unknown,,,
Figure4,"six approved all-X families: one omnibus per representation, including unsupported factors; no new standardization",,top75,,,消费调查/results/mpc_allx_screen/all_screen_results.csv,1209,c2e3b71621f77b82766e70a3888c409b7256dd33,,cash,who::subsidy_unknown,,,
Figure4,"six approved all-X families: one omnibus per representation, including unsupported factors; no new standardization",,top75,,,消费调查/results/mpc_allx_screen/all_screen_results.csv,1210,c2e3b71621f77b82766e70a3888c409b7256dd33,,rc,who::subsidy_unknown,,,
Figure4,"six approved all-X families: one omnibus per representation, including unsupported factors; no new standardization",,ordinal,,,消费调查/results/mpc_allx_screen/all_screen_results.csv,1213,c2e3b71621f77b82766e70a3888c409b7256dd33,,cash,who::age,,,
Figure4,"six approved all-X families: one omnibus per representation, including unsupported factors; no new standardization",,ordinal,,,消费调查/results/mpc_allx_screen/all_screen_results.csv,1214,c2e3b71621f77b82766e70a3888c409b7256dd33,,rc,who::age,,,
Figure4,"six approved all-X families: one omnibus per representation, including unsupported factors; no new standardization",,midpoint,,,消费调查/results/mpc_allx_screen/all_screen_results.csv,1217,c2e3b71621f77b82766e70a3888c409b7256dd33,,cash,who::age,,,
Figure4,"six approved all-X families: one omnibus per representation, including unsupported factors; no new standardization",,midpoint,,,消费调查/results/mpc_allx_screen/all_screen_results.csv,1218,c2e3b71621f77b82766e70a3888c409b7256dd33,,rc,who::age,,,
Figure4,"six approved all-X families: one omnibus per representation, including unsupported factors; no new standardization",,top75,,,消费调查/results/mpc_allx_screen/all_screen_results.csv,1221,c2e3b71621f77b82766e70a3888c409b7256dd33,,cash,who::age,,,
Figure4,"six approved all-X families: one omnibus per representation, including unsupported factors; no new standardization",,top75,,,消费调查/results/mpc_allx_screen/all_screen_results.csv,1222,c2e3b71621f77b82766e70a3888c409b7256dd33,,rc,who::age,,,
Figure4,"six approved all-X families: one omnibus per representation, including unsupported factors; no new standardization",,ordinal,,,消费调查/results/mpc_allx_screen/all_screen_results.csv,1225,c2e3b71621f77b82766e70a3888c409b7256dd33,,cash,who::education,,,
Figure4,"six approved all-X families: one omnibus per representation, including unsupported factors; no new standardization",,ordinal,,,消费调查/results/mpc_allx_screen/all_screen_results.csv,1226,c2e3b71621f77b82766e70a3888c409b7256dd33,,rc,who::education,,,
Figure4,"six approved all-X families: one omnibus per representation, including unsupported factors; no new standardization",,midpoint,,,消费调查/results/mpc_allx_screen/all_screen_results.csv,1229,c2e3b71621f77b82766e70a3888c409b7256dd33,,cash,who::education,,,
Figure4,"six approved all-X families: one omnibus per representation, including unsupported factors; no new standardization",,midpoint,,,消费调查/results/mpc_allx_screen/all_screen_results.csv,1230,c2e3b71621f77b82766e70a3888c409b7256dd33,,rc,who::education,,,
Figure4,"six approved all-X families: one omnibus per representation, including unsupported factors; no new standardization",,top75,,,消费调查/results/mpc_allx_screen/all_screen_results.csv,1233,c2e3b71621f77b82766e70a3888c409b7256dd33,,cash,who::education,,,
Figure4,"six approved all-X families: one omnibus per representation, including unsupported factors; no new standardization",,top75,,,消费调查/results/mpc_allx_screen/all_screen_results.csv,1234,c2e3b71621f77b82766e70a3888c409b7256dd33,,rc,who::education,,,
Figure4,"six approved all-X families: one omnibus per representation, including unsupported factors; no new standardization",,ordinal,,,消费调查/results/mpc_allx_screen/all_screen_results.csv,1237,c2e3b71621f77b82766e70a3888c409b7256dd33,,cash,who::household_size,,,
Figure4,"six approved all-X families: one omnibus per representation, including unsupported factors; no new standardization",,ordinal,,,消费调查/results/mpc_allx_screen/all_screen_results.csv,1238,c2e3b71621f77b82766e70a3888c409b7256dd33,,rc,who::household_size,,,
Figure4,"six approved all-X families: one omnibus per representation, including unsupported factors; no new standardization",,midpoint,,,消费调查/results/mpc_allx_screen/all_screen_results.csv,1241,c2e3b71621f77b82766e70a3888c409b7256dd33,,cash,who::household_size,,,
Figure4,"six approved all-X families: one omnibus per representation, including unsupported factors; no new standardization",,midpoint,,,消费调查/results/mpc_allx_screen/all_screen_results.csv,1242,c2e3b71621f77b82766e70a3888c409b7256dd33,,rc,who::household_size,,,
Figure4,"six approved all-X families: one omnibus per representation, including unsupported factors; no new standardization",,top75,,,消费调查/results/mpc_allx_screen/all_screen_results.csv,1245,c2e3b71621f77b82766e70a3888c409b7256dd33,,cash,who::household_size,,,
Figure4,"six approved all-X families: one omnibus per representation, including unsupported factors; no new standardization",,top75,,,消费调查/results/mpc_allx_screen/all_screen_results.csv,1246,c2e3b71621f77b82766e70a3888c409b7256dd33,,rc,who::household_size,,,
Figure4,"six approved all-X families: one omnibus per representation, including unsupported factors; no new standardization",,ordinal,,,消费调查/results/mpc_allx_screen/all_screen_results.csv,1249,c2e3b71621f77b82766e70a3888c409b7256dd33,,cash,who::minor_child,,,
Figure4,"six approved all-X families: one omnibus per representation, including unsupported factors; no new standardization",,ordinal,,,消费调查/results/mpc_allx_screen/all_screen_results.csv,1250,c2e3b71621f77b82766e70a3888c409b7256dd33,,rc,who::minor_child,,,
Figure4,"six approved all-X families: one omnibus per representation, including unsupported factors; no new standardization",,midpoint,,,消费调查/results/mpc_allx_screen/all_screen_results.csv,1253,c2e3b71621f77b82766e70a3888c409b7256dd33,,cash,who::minor_child,,,
Figure4,"six approved all-X families: one omnibus per representation, including unsupported factors; no new standardization",,midpoint,,,消费调查/results/mpc_allx_screen/all_screen_results.csv,1254,c2e3b71621f77b82766e70a3888c409b7256dd33,,rc,who::minor_child,,,
Figure4,"six approved all-X families: one omnibus per representation, including unsupported factors; no new standardization",,top75,,,消费调查/results/mpc_allx_screen/all_screen_results.csv,1257,c2e3b71621f77b82766e70a3888c409b7256dd33,,cash,who::minor_child,,,
Figure4,"six approved all-X families: one omnibus per representation, including unsupported factors; no new standardization",,top75,,,消费调查/results/mpc_allx_screen/all_screen_results.csv,1258,c2e3b71621f77b82766e70a3888c409b7256dd33,,rc,who::minor_child,,,
Figure4,"six approved all-X families: one omnibus per representation, including unsupported factors; no new standardization",,ordinal,,,消费调查/results/mpc_allx_screen/all_screen_results.csv,1261,c2e3b71621f77b82766e70a3888c409b7256dd33,,cash,who::housing_rent,,,
Figure4,"six approved all-X families: one omnibus per representation, including unsupported factors; no new standardization",,ordinal,,,消费调查/results/mpc_allx_screen/all_screen_results.csv,1262,c2e3b71621f77b82766e70a3888c409b7256dd33,,rc,who::housing_rent,,,
Figure4,"six approved all-X families: one omnibus per representation, including unsupported factors; no new standardization",,midpoint,,,消费调查/results/mpc_allx_screen/all_screen_results.csv,1265,c2e3b71621f77b82766e70a3888c409b7256dd33,,cash,who::housing_rent,,,
Figure4,"six approved all-X families: one omnibus per representation, including unsupported factors; no new standardization",,midpoint,,,消费调查/results/mpc_allx_screen/all_screen_results.csv,1266,c2e3b71621f77b82766e70a3888c409b7256dd33,,rc,who::housing_rent,,,
Figure4,"six approved all-X families: one omnibus per representation, including unsupported factors; no new standardization",,top75,,,消费调查/results/mpc_allx_screen/all_screen_results.csv,1269,c2e3b71621f77b82766e70a3888c409b7256dd33,,cash,who::housing_rent,,,
Figure4,"six approved all-X families: one omnibus per representation, including unsupported factors; no new standardization",,top75,,,消费调查/results/mpc_allx_screen/all_screen_results.csv,1270,c2e3b71621f77b82766e70a3888c409b7256dd33,,rc,who::housing_rent,,,
Figure4,"six approved all-X families: one omnibus per representation, including unsupported factors; no new standardization",,ordinal,,,消费调查/results/mpc_allx_screen/all_screen_results.csv,1273,c2e3b71621f77b82766e70a3888c409b7256dd33,,cash,who::housing_other,,,
Figure4,"six approved all-X families: one omnibus per representation, including unsupported factors; no new standardization",,ordinal,,,消费调查/results/mpc_allx_screen/all_screen_results.csv,1274,c2e3b71621f77b82766e70a3888c409b7256dd33,,rc,who::housing_other,,,
Figure4,"six approved all-X families: one omnibus per representation, including unsupported factors; no new standardization",,midpoint,,,消费调查/results/mpc_allx_screen/all_screen_results.csv,1277,c2e3b71621f77b82766e70a3888c409b7256dd33,,cash,who::housing_other,,,
Figure4,"six approved all-X families: one omnibus per representation, including unsupported factors; no new standardization",,midpoint,,,消费调查/results/mpc_allx_screen/all_screen_results.csv,1278,c2e3b71621f77b82766e70a3888c409b7256dd33,,rc,who::housing_other,,,
Figure4,"six approved all-X families: one omnibus per representation, including unsupported factors; no new standardization",,top75,,,消费调查/results/mpc_allx_screen/all_screen_results.csv,1281,c2e3b71621f77b82766e70a3888c409b7256dd33,,cash,who::housing_other,,,
Figure4,"six approved all-X families: one omnibus per representation, including unsupported factors; no new standardization",,top75,,,消费调查/results/mpc_allx_screen/all_screen_results.csv,1282,c2e3b71621f77b82766e70a3888c409b7256dd33,,rc,who::housing_other,,,
Figure4,"six approved all-X families: one omnibus per representation, including unsupported factors; no new standardization",,ordinal,,,消费调查/results/mpc_allx_screen/all_screen_results.csv,1285,c2e3b71621f77b82766e70a3888c409b7256dd33,,cash,who::work_retired,,,
Figure4,"six approved all-X families: one omnibus per representation, including unsupported factors; no new standardization",,ordinal,,,消费调查/results/mpc_allx_screen/all_screen_results.csv,1286,c2e3b71621f77b82766e70a3888c409b7256dd33,,rc,who::work_retired,,,
Figure4,"six approved all-X families: one omnibus per representation, including unsupported factors; no new standardization",,midpoint,,,消费调查/results/mpc_allx_screen/all_screen_results.csv,1289,c2e3b71621f77b82766e70a3888c409b7256dd33,,cash,who::work_retired,,,
Figure4,"six approved all-X families: one omnibus per representation, including unsupported factors; no new standardization",,midpoint,,,消费调查/results/mpc_allx_screen/all_screen_results.csv,1290,c2e3b71621f77b82766e70a3888c409b7256dd33,,rc,who::work_retired,,,
Figure4,"six approved all-X families: one omnibus per representation, including unsupported factors; no new standardization",,top75,,,消费调查/results/mpc_allx_screen/all_screen_results.csv,1293,c2e3b71621f77b82766e70a3888c409b7256dd33,,cash,who::work_retired,,,
Figure4,"six approved all-X families: one omnibus per representation, including unsupported factors; no new standardization",,top75,,,消费调查/results/mpc_allx_screen/all_screen_results.csv,1294,c2e3b71621f77b82766e70a3888c409b7256dd33,,rc,who::work_retired,,,
Figure4,"six approved all-X families: one omnibus per representation, including unsupported factors; no new standardization",,ordinal,,,消费调查/results/mpc_allx_screen/all_screen_results.csv,1297,c2e3b71621f77b82766e70a3888c409b7256dd33,,cash,who::work_student,,,
Figure4,"six approved all-X families: one omnibus per representation, including unsupported factors; no new standardization",,ordinal,,,消费调查/results/mpc_allx_screen/all_screen_results.csv,1298,c2e3b71621f77b82766e70a3888c409b7256dd33,,rc,who::work_student,,,
Figure4,"six approved all-X families: one omnibus per representation, including unsupported factors; no new standardization",,midpoint,,,消费调查/results/mpc_allx_screen/all_screen_results.csv,1301,c2e3b71621f77b82766e70a3888c409b7256dd33,,cash,who::work_student,,,
Figure4,"six approved all-X families: one omnibus per representation, including unsupported factors; no new standardization",,midpoint,,,消费调查/results/mpc_allx_screen/all_screen_results.csv,1302,c2e3b71621f77b82766e70a3888c409b7256dd33,,rc,who::work_student,,,
Figure4,"six approved all-X families: one omnibus per representation, including unsupported factors; no new standardization",,top75,,,消费调查/results/mpc_allx_screen/all_screen_results.csv,1305,c2e3b71621f77b82766e70a3888c409b7256dd33,,cash,who::work_student,,,
Figure4,"six approved all-X families: one omnibus per representation, including unsupported factors; no new standardization",,top75,,,消费调查/results/mpc_allx_screen/all_screen_results.csv,1306,c2e3b71621f77b82766e70a3888c409b7256dd33,,rc,who::work_student,,,
Figure4,"six approved all-X families: one omnibus per representation, including unsupported factors; no new standardization",,ordinal,,,消费调查/results/mpc_allx_screen/all_screen_results.csv,1309,c2e3b71621f77b82766e70a3888c409b7256dd33,,cash,who::work_not_working,,,
Figure4,"six approved all-X families: one omnibus per representation, including unsupported factors; no new standardization",,ordinal,,,消费调查/results/mpc_allx_screen/all_screen_results.csv,1310,c2e3b71621f77b82766e70a3888c409b7256dd33,,rc,who::work_not_working,,,
Figure4,"six approved all-X families: one omnibus per representation, including unsupported factors; no new standardization",,midpoint,,,消费调查/results/mpc_allx_screen/all_screen_results.csv,1313,c2e3b71621f77b82766e70a3888c409b7256dd33,,cash,who::work_not_working,,,
Figure4,"six approved all-X families: one omnibus per representation, including unsupported factors; no new standardization",,midpoint,,,消费调查/results/mpc_allx_screen/all_screen_results.csv,1314,c2e3b71621f77b82766e70a3888c409b7256dd33,,rc,who::work_not_working,,,
Figure4,"six approved all-X families: one omnibus per representation, including unsupported factors; no new standardization",,top75,,,消费调查/results/mpc_allx_screen/all_screen_results.csv,1317,c2e3b71621f77b82766e70a3888c409b7256dd33,,cash,who::work_not_working,,,
Figure4,"six approved all-X families: one omnibus per representation, including unsupported factors; no new standardization",,top75,,,消费调查/results/mpc_allx_screen/all_screen_results.csv,1318,c2e3b71621f77b82766e70a3888c409b7256dd33,,rc,who::work_not_working,,,
Figure4,"six approved all-X families: one omnibus per representation, including unsupported factors; no new standardization",,ordinal,,,消费调查/results/mpc_allx_screen/all_screen_results.csv,1321,c2e3b71621f77b82766e70a3888c409b7256dd33,,cash,who::work_other,,,
Figure4,"six approved all-X families: one omnibus per representation, including unsupported factors; no new standardization",,ordinal,,,消费调查/results/mpc_allx_screen/all_screen_results.csv,1322,c2e3b71621f77b82766e70a3888c409b7256dd33,,rc,who::work_other,,,
Figure4,"six approved all-X families: one omnibus per representation, including unsupported factors; no new standardization",,midpoint,,,消费调查/results/mpc_allx_screen/all_screen_results.csv,1325,c2e3b71621f77b82766e70a3888c409b7256dd33,,cash,who::work_other,,,
Figure4,"six approved all-X families: one omnibus per representation, including unsupported factors; no new standardization",,midpoint,,,消费调查/results/mpc_allx_screen/all_screen_results.csv,1326,c2e3b71621f77b82766e70a3888c409b7256dd33,,rc,who::work_other,,,
Figure4,"six approved all-X families: one omnibus per representation, including unsupported factors; no new standardization",,top75,,,消费调查/results/mpc_allx_screen/all_screen_results.csv,1329,c2e3b71621f77b82766e70a3888c409b7256dd33,,cash,who::work_other,,,
Figure4,"six approved all-X families: one omnibus per representation, including unsupported factors; no new standardization",,top75,,,消费调查/results/mpc_allx_screen/all_screen_results.csv,1330,c2e3b71621f77b82766e70a3888c409b7256dd33,,rc,who::work_other,,,
Figure4,"six approved all-X families: one omnibus per representation, including unsupported factors; no new standardization",,ordinal,,,消费调查/results/mpc_allx_screen/all_screen_results.csv,1333,c2e3b71621f77b82766e70a3888c409b7256dd33,,cash,group::liquidity,,,
Figure4,"six approved all-X families: one omnibus per representation, including unsupported factors; no new standardization",,ordinal,,,消费调查/results/mpc_allx_screen/all_screen_results.csv,1334,c2e3b71621f77b82766e70a3888c409b7256dd33,,rc,group::liquidity,,,
Figure4,"six approved all-X families: one omnibus per representation, including unsupported factors; no new standardization",,midpoint,,,消费调查/results/mpc_allx_screen/all_screen_results.csv,1337,c2e3b71621f77b82766e70a3888c409b7256dd33,,cash,group::liquidity,,,
Figure4,"six approved all-X families: one omnibus per representation, including unsupported factors; no new standardization",,midpoint,,,消费调查/results/mpc_allx_screen/all_screen_results.csv,1338,c2e3b71621f77b82766e70a3888c409b7256dd33,,rc,group::liquidity,,,
Figure4,"six approved all-X families: one omnibus per representation, including unsupported factors; no new standardization",,top75,,,消费调查/results/mpc_allx_screen/all_screen_results.csv,1341,c2e3b71621f77b82766e70a3888c409b7256dd33,,cash,group::liquidity,,,
Figure4,"six approved all-X families: one omnibus per representation, including unsupported factors; no new standardization",,top75,,,消费调查/results/mpc_allx_screen/all_screen_results.csv,1342,c2e3b71621f77b82766e70a3888c409b7256dd33,,rc,group::liquidity,,,
Figure4,"six approved all-X families: one omnibus per representation, including unsupported factors; no new standardization",,ordinal,,,消费调查/results/mpc_allx_screen/all_screen_results.csv,1345,c2e3b71621f77b82766e70a3888c409b7256dd33,,cash,group::income,,,
Figure4,"six approved all-X families: one omnibus per representation, including unsupported factors; no new standardization",,ordinal,,,消费调查/results/mpc_allx_screen/all_screen_results.csv,1346,c2e3b71621f77b82766e70a3888c409b7256dd33,,rc,group::income,,,
Figure4,"six approved all-X families: one omnibus per representation, including unsupported factors; no new standardization",,midpoint,,,消费调查/results/mpc_allx_screen/all_screen_results.csv,1349,c2e3b71621f77b82766e70a3888c409b7256dd33,,cash,group::income,,,
Figure4,"six approved all-X families: one omnibus per representation, including unsupported factors; no new standardization",,midpoint,,,消费调查/results/mpc_allx_screen/all_screen_results.csv,1350,c2e3b71621f77b82766e70a3888c409b7256dd33,,rc,group::income,,,
Figure4,"six approved all-X families: one omnibus per representation, including unsupported factors; no new standardization",,top75,,,消费调查/results/mpc_allx_screen/all_screen_results.csv,1353,c2e3b71621f77b82766e70a3888c409b7256dd33,,cash,group::income,,,
Figure4,"six approved all-X families: one omnibus per representation, including unsupported factors; no new standardization",,top75,,,消费调查/results/mpc_allx_screen/all_screen_results.csv,1354,c2e3b71621f77b82766e70a3888c409b7256dd33,,rc,group::income,,,
Figure4,"six approved all-X families: one omnibus per representation, including unsupported factors; no new standardization",,ordinal,,,消费调查/results/mpc_allx_screen/all_screen_results.csv,1357,c2e3b71621f77b82766e70a3888c409b7256dd33,,cash,group::food,,,
Figure4,"six approved all-X families: one omnibus per representation, including unsupported factors; no new standardization",,ordinal,,,消费调查/results/mpc_allx_screen/all_screen_results.csv,1358,c2e3b71621f77b82766e70a3888c409b7256dd33,,rc,group::food,,,
Figure4,"six approved all-X families: one omnibus per representation, including unsupported factors; no new standardization",,midpoint,,,消费调查/results/mpc_allx_screen/all_screen_results.csv,1361,c2e3b71621f77b82766e70a3888c409b7256dd33,,cash,group::food,,,
Figure4,"six approved all-X families: one omnibus per representation, including unsupported factors; no new standardization",,midpoint,,,消费调查/results/mpc_allx_screen/all_screen_results.csv,1362,c2e3b71621f77b82766e70a3888c409b7256dd33,,rc,group::food,,,
Figure4,"six approved all-X families: one omnibus per representation, including unsupported factors; no new standardization",,top75,,,消费调查/results/mpc_allx_screen/all_screen_results.csv,1365,c2e3b71621f77b82766e70a3888c409b7256dd33,,cash,group::food,,,
Figure4,"six approved all-X families: one omnibus per representation, including unsupported factors; no new standardization",,top75,,,消费调查/results/mpc_allx_screen/all_screen_results.csv,1366,c2e3b71621f77b82766e70a3888c409b7256dd33,,rc,group::food,,,
Figure4,"six approved all-X families: one omnibus per representation, including unsupported factors; no new standardization",,ordinal,,,消费调查/results/mpc_allx_screen/all_screen_results.csv,1369,c2e3b71621f77b82766e70a3888c409b7256dd33,,cash,group::medical,,,
Figure4,"six approved all-X families: one omnibus per representation, including unsupported factors; no new standardization",,ordinal,,,消费调查/results/mpc_allx_screen/all_screen_results.csv,1370,c2e3b71621f77b82766e70a3888c409b7256dd33,,rc,group::medical,,,
Figure4,"six approved all-X families: one omnibus per representation, including unsupported factors; no new standardization",,midpoint,,,消费调查/results/mpc_allx_screen/all_screen_results.csv,1373,c2e3b71621f77b82766e70a3888c409b7256dd33,,cash,group::medical,,,
Figure4,"six approved all-X families: one omnibus per representation, including unsupported factors; no new standardization",,midpoint,,,消费调查/results/mpc_allx_screen/all_screen_results.csv,1374,c2e3b71621f77b82766e70a3888c409b7256dd33,,rc,group::medical,,,
Figure4,"six approved all-X families: one omnibus per representation, including unsupported factors; no new standardization",,top75,,,消费调查/results/mpc_allx_screen/all_screen_results.csv,1377,c2e3b71621f77b82766e70a3888c409b7256dd33,,cash,group::medical,,,
Figure4,"six approved all-X families: one omnibus per representation, including unsupported factors; no new standardization",,top75,,,消费调查/results/mpc_allx_screen/all_screen_results.csv,1378,c2e3b71621f77b82766e70a3888c409b7256dd33,,rc,group::medical,,,
Figure4,"six approved all-X families: one omnibus per representation, including unsupported factors; no new standardization",,ordinal,,,消费调查/results/mpc_allx_screen/all_screen_results.csv,1381,c2e3b71621f77b82766e70a3888c409b7256dd33,,cash,group::subsidy,,,
Figure4,"six approved all-X families: one omnibus per representation, including unsupported factors; no new standardization",,ordinal,,,消费调查/results/mpc_allx_screen/all_screen_results.csv,1382,c2e3b71621f77b82766e70a3888c409b7256dd33,,rc,group::subsidy,,,
Figure4,"six approved all-X families: one omnibus per representation, including unsupported factors; no new standardization",,midpoint,,,消费调查/results/mpc_allx_screen/all_screen_results.csv,1385,c2e3b71621f77b82766e70a3888c409b7256dd33,,cash,group::subsidy,,,
Figure4,"six approved all-X families: one omnibus per representation, including unsupported factors; no new standardization",,midpoint,,,消费调查/results/mpc_allx_screen/all_screen_results.csv,1386,c2e3b71621f77b82766e70a3888c409b7256dd33,,rc,group::subsidy,,,
Figure4,"six approved all-X families: one omnibus per representation, including unsupported factors; no new standardization",,top75,,,消费调查/results/mpc_allx_screen/all_screen_results.csv,1389,c2e3b71621f77b82766e70a3888c409b7256dd33,,cash,group::subsidy,,,
Figure4,"six approved all-X families: one omnibus per representation, including unsupported factors; no new standardization",,top75,,,消费调查/results/mpc_allx_screen/all_screen_results.csv,1390,c2e3b71621f77b82766e70a3888c409b7256dd33,,rc,group::subsidy,,,
Figure4,"six approved all-X families: one omnibus per representation, including unsupported factors; no new standardization",,ordinal,,,消费调查/results/mpc_allx_screen/all_screen_results.csv,1393,c2e3b71621f77b82766e70a3888c409b7256dd33,,cash,need_group,,,
Figure4,"six approved all-X families: one omnibus per representation, including unsupported factors; no new standardization",,ordinal,,,消费调查/results/mpc_allx_screen/all_screen_results.csv,1394,c2e3b71621f77b82766e70a3888c409b7256dd33,,rc,need_group,,,
Figure4,"six approved all-X families: one omnibus per representation, including unsupported factors; no new standardization",,midpoint,,,消费调查/results/mpc_allx_screen/all_screen_results.csv,1397,c2e3b71621f77b82766e70a3888c409b7256dd33,,cash,need_group,,,
Figure4,"six approved all-X families: one omnibus per representation, including unsupported factors; no new standardization",,midpoint,,,消费调查/results/mpc_allx_screen/all_screen_results.csv,1398,c2e3b71621f77b82766e70a3888c409b7256dd33,,rc,need_group,,,
Figure4,"six approved all-X families: one omnibus per representation, including unsupported factors; no new standardization",,top75,,,消费调查/results/mpc_allx_screen/all_screen_results.csv,1401,c2e3b71621f77b82766e70a3888c409b7256dd33,,cash,need_group,,,
Figure4,"six approved all-X families: one omnibus per representation, including unsupported factors; no new standardization",,top75,,,消费调查/results/mpc_allx_screen/all_screen_results.csv,1402,c2e3b71621f77b82766e70a3888c409b7256dd33,,rc,need_group,,,
Figure4,"six approved all-X families: one omnibus per representation, including unsupported factors; no new standardization",,ordinal,,,消费调查/results/mpc_allx_screen/all_screen_results.csv,1405,c2e3b71621f77b82766e70a3888c409b7256dd33,,cash,age_squared,,,
Figure4,"six approved all-X families: one omnibus per representation, including unsupported factors; no new standardization",,ordinal,,,消费调查/results/mpc_allx_screen/all_screen_results.csv,1406,c2e3b71621f77b82766e70a3888c409b7256dd33,,rc,age_squared,,,
Figure4,"six approved all-X families: one omnibus per representation, including unsupported factors; no new standardization",,midpoint,,,消费调查/results/mpc_allx_screen/all_screen_results.csv,1409,c2e3b71621f77b82766e70a3888c409b7256dd33,,cash,age_squared,,,
Figure4,"six approved all-X families: one omnibus per representation, including unsupported factors; no new standardization",,midpoint,,,消费调查/results/mpc_allx_screen/all_screen_results.csv,1410,c2e3b71621f77b82766e70a3888c409b7256dd33,,rc,age_squared,,,
Figure4,"six approved all-X families: one omnibus per representation, including unsupported factors; no new standardization",,top75,,,消费调查/results/mpc_allx_screen/all_screen_results.csv,1413,c2e3b71621f77b82766e70a3888c409b7256dd33,,cash,age_squared,,,
Figure4,"six approved all-X families: one omnibus per representation, including unsupported factors; no new standardization",,top75,,,消费调查/results/mpc_allx_screen/all_screen_results.csv,1414,c2e3b71621f77b82766e70a3888c409b7256dd33,,rc,age_squared,,,
Figure4,"six approved all-X families: one omnibus per representation, including unsupported factors; no new standardization",,ordinal,,,消费调查/results/mpc_allx_screen/all_screen_results.csv,1417,c2e3b71621f77b82766e70a3888c409b7256dd33,,cash,food_lower6,,,
Figure4,"six approved all-X families: one omnibus per representation, including unsupported factors; no new standardization",,ordinal,,,消费调查/results/mpc_allx_screen/all_screen_results.csv,1418,c2e3b71621f77b82766e70a3888c409b7256dd33,,rc,food_lower6,,,
Figure4,"six approved all-X families: one omnibus per representation, including unsupported factors; no new standardization",,midpoint,,,消费调查/results/mpc_allx_screen/all_screen_results.csv,1421,c2e3b71621f77b82766e70a3888c409b7256dd33,,cash,food_lower6,,,
Figure4,"six approved all-X families: one omnibus per representation, including unsupported factors; no new standardization",,midpoint,,,消费调查/results/mpc_allx_screen/all_screen_results.csv,1422,c2e3b71621f77b82766e70a3888c409b7256dd33,,rc,food_lower6,,,
Figure4,"six approved all-X families: one omnibus per representation, including unsupported factors; no new standardization",,top75,,,消费调查/results/mpc_allx_screen/all_screen_results.csv,1425,c2e3b71621f77b82766e70a3888c409b7256dd33,,cash,food_lower6,,,
Figure4,"six approved all-X families: one omnibus per representation, including unsupported factors; no new standardization",,top75,,,消费调查/results/mpc_allx_screen/all_screen_results.csv,1426,c2e3b71621f77b82766e70a3888c409b7256dd33,,rc,food_lower6,,,
Figure4,"six approved all-X families: one omnibus per representation, including unsupported factors; no new standardization",,ordinal,,,消费调查/results/mpc_allx_screen/all_screen_results.csv,1429,c2e3b71621f77b82766e70a3888c409b7256dd33,,cash,strict_all_amounts,,,
Figure4,"six approved all-X families: one omnibus per representation, including unsupported factors; no new standardization",,ordinal,,,消费调查/results/mpc_allx_screen/all_screen_results.csv,1430,c2e3b71621f77b82766e70a3888c409b7256dd33,,rc,strict_all_amounts,,,
Figure4,"six approved all-X families: one omnibus per representation, including unsupported factors; no new standardization",,midpoint,,,消费调查/results/mpc_allx_screen/all_screen_results.csv,1433,c2e3b71621f77b82766e70a3888c409b7256dd33,,cash,strict_all_amounts,,,
Figure4,"six approved all-X families: one omnibus per representation, including unsupported factors; no new standardization",,midpoint,,,消费调查/results/mpc_allx_screen/all_screen_results.csv,1434,c2e3b71621f77b82766e70a3888c409b7256dd33,,rc,strict_all_amounts,,,
Figure4,"six approved all-X families: one omnibus per representation, including unsupported factors; no new standardization",,top75,,,消费调查/results/mpc_allx_screen/all_screen_results.csv,1437,c2e3b71621f77b82766e70a3888c409b7256dd33,,cash,strict_all_amounts,,,
Figure4,"six approved all-X families: one omnibus per representation, including unsupported factors; no new standardization",,top75,,,消费调查/results/mpc_allx_screen/all_screen_results.csv,1438,c2e3b71621f77b82766e70a3888c409b7256dd33,,rc,strict_all_amounts,,,
Figure4,"six approved all-X families: one omnibus per representation, including unsupported factors; no new standardization",,ordinal,,,消费调查/results/mpc_allx_screen/all_screen_results.csv,1441,c2e3b71621f77b82766e70a3888c409b7256dd33,,cash,subjective_economic_pc1,,,
Figure4,"six approved all-X families: one omnibus per representation, including unsupported factors; no new standardization",,ordinal,,,消费调查/results/mpc_allx_screen/all_screen_results.csv,1442,c2e3b71621f77b82766e70a3888c409b7256dd33,,rc,subjective_economic_pc1,,,
Figure4,"six approved all-X families: one omnibus per representation, including unsupported factors; no new standardization",,midpoint,,,消费调查/results/mpc_allx_screen/all_screen_results.csv,1445,c2e3b71621f77b82766e70a3888c409b7256dd33,,cash,subjective_economic_pc1,,,
Figure4,"six approved all-X families: one omnibus per representation, including unsupported factors; no new standardization",,midpoint,,,消费调查/results/mpc_allx_screen/all_screen_results.csv,1446,c2e3b71621f77b82766e70a3888c409b7256dd33,,rc,subjective_economic_pc1,,,
Figure4,"six approved all-X families: one omnibus per representation, including unsupported factors; no new standardization",,top75,,,消费调查/results/mpc_allx_screen/all_screen_results.csv,1449,c2e3b71621f77b82766e70a3888c409b7256dd33,,cash,subjective_economic_pc1,,,
Figure4,"six approved all-X families: one omnibus per representation, including unsupported factors; no new standardization",,top75,,,消费调查/results/mpc_allx_screen/all_screen_results.csv,1450,c2e3b71621f77b82766e70a3888c409b7256dd33,,rc,subjective_economic_pc1,,,
Figure4,"six approved all-X families: one omnibus per representation, including unsupported factors; no new standardization",,ordinal,,,消费调查/results/mpc_allx_screen/all_screen_results.csv,1453,c2e3b71621f77b82766e70a3888c409b7256dd33,,cash,social_confidence_pc1,,,
Figure4,"six approved all-X families: one omnibus per representation, including unsupported factors; no new standardization",,ordinal,,,消费调查/results/mpc_allx_screen/all_screen_results.csv,1454,c2e3b71621f77b82766e70a3888c409b7256dd33,,rc,social_confidence_pc1,,,
Figure4,"six approved all-X families: one omnibus per representation, including unsupported factors; no new standardization",,midpoint,,,消费调查/results/mpc_allx_screen/all_screen_results.csv,1457,c2e3b71621f77b82766e70a3888c409b7256dd33,,cash,social_confidence_pc1,,,
Figure4,"six approved all-X families: one omnibus per representation, including unsupported factors; no new standardization",,midpoint,,,消费调查/results/mpc_allx_screen/all_screen_results.csv,1458,c2e3b71621f77b82766e70a3888c409b7256dd33,,rc,social_confidence_pc1,,,
Figure4,"six approved all-X families: one omnibus per representation, including unsupported factors; no new standardization",,top75,,,消费调查/results/mpc_allx_screen/all_screen_results.csv,1461,c2e3b71621f77b82766e70a3888c409b7256dd33,,cash,social_confidence_pc1,,,
Figure4,"six approved all-X families: one omnibus per representation, including unsupported factors; no new standardization",,top75,,,消费调查/results/mpc_allx_screen/all_screen_results.csv,1462,c2e3b71621f77b82766e70a3888c409b7256dd33,,rc,social_confidence_pc1,,,
Figure4,"six approved all-X families: one omnibus per representation, including unsupported factors; no new standardization",,ordinal,,,消费调查/results/mpc_allx_screen/all_screen_results.csv,1465,c2e3b71621f77b82766e70a3888c409b7256dd33,,cash,wellbeing_optimism_pc1,,,
Figure4,"six approved all-X families: one omnibus per representation, including unsupported factors; no new standardization",,ordinal,,,消费调查/results/mpc_allx_screen/all_screen_results.csv,1466,c2e3b71621f77b82766e70a3888c409b7256dd33,,rc,wellbeing_optimism_pc1,,,
Figure4,"six approved all-X families: one omnibus per representation, including unsupported factors; no new standardization",,midpoint,,,消费调查/results/mpc_allx_screen/all_screen_results.csv,1469,c2e3b71621f77b82766e70a3888c409b7256dd33,,cash,wellbeing_optimism_pc1,,,
Figure4,"six approved all-X families: one omnibus per representation, including unsupported factors; no new standardization",,midpoint,,,消费调查/results/mpc_allx_screen/all_screen_results.csv,1470,c2e3b71621f77b82766e70a3888c409b7256dd33,,rc,wellbeing_optimism_pc1,,,
Figure4,"six approved all-X families: one omnibus per representation, including unsupported factors; no new standardization",,top75,,,消费调查/results/mpc_allx_screen/all_screen_results.csv,1473,c2e3b71621f77b82766e70a3888c409b7256dd33,,cash,wellbeing_optimism_pc1,,,
Figure4,"six approved all-X families: one omnibus per representation, including unsupported factors; no new standardization",,top75,,,消费调查/results/mpc_allx_screen/all_screen_results.csv,1474,c2e3b71621f77b82766e70a3888c409b7256dd33,,rc,wellbeing_optimism_pc1,,,
Figure4,"six approved all-X families: one omnibus per representation, including unsupported factors; no new standardization",,ordinal,,,消费调查/results/mpc_allx_screen/all_screen_results.csv,1477,c2e3b71621f77b82766e70a3888c409b7256dd33,,cash,diagnostic_global_pc1,,,
Figure4,"six approved all-X families: one omnibus per representation, including unsupported factors; no new standardization",,ordinal,,,消费调查/results/mpc_allx_screen/all_screen_results.csv,1478,c2e3b71621f77b82766e70a3888c409b7256dd33,,rc,diagnostic_global_pc1,,,
Figure4,"six approved all-X families: one omnibus per representation, including unsupported factors; no new standardization",,midpoint,,,消费调查/results/mpc_allx_screen/all_screen_results.csv,1481,c2e3b71621f77b82766e70a3888c409b7256dd33,,cash,diagnostic_global_pc1,,,
Figure4,"six approved all-X families: one omnibus per representation, including unsupported factors; no new standardization",,midpoint,,,消费调查/results/mpc_allx_screen/all_screen_results.csv,1482,c2e3b71621f77b82766e70a3888c409b7256dd33,,rc,diagnostic_global_pc1,,,
Figure4,"six approved all-X families: one omnibus per representation, including unsupported factors; no new standardization",,top75,,,消费调查/results/mpc_allx_screen/all_screen_results.csv,1485,c2e3b71621f77b82766e70a3888c409b7256dd33,,cash,diagnostic_global_pc1,,,
Figure4,"six approved all-X families: one omnibus per representation, including unsupported factors; no new standardization",,top75,,,消费调查/results/mpc_allx_screen/all_screen_results.csv,1486,c2e3b71621f77b82766e70a3888c409b7256dd33,,rc,diagnostic_global_pc1,,,
Figure4,"six approved all-X families: one omnibus per representation, including unsupported factors; no new standardization",,ordinal,,,消费调查/results/mpc_allx_screen/all_screen_results.csv,1489,c2e3b71621f77b82766e70a3888c409b7256dd33,,cash,diagnostic_global_pc2,,,
Figure4,"six approved all-X families: one omnibus per representation, including unsupported factors; no new standardization",,ordinal,,,消费调查/results/mpc_allx_screen/all_screen_results.csv,1490,c2e3b71621f77b82766e70a3888c409b7256dd33,,rc,diagnostic_global_pc2,,,
Figure4,"six approved all-X families: one omnibus per representation, including unsupported factors; no new standardization",,midpoint,,,消费调查/results/mpc_allx_screen/all_screen_results.csv,1493,c2e3b71621f77b82766e70a3888c409b7256dd33,,cash,diagnostic_global_pc2,,,
Figure4,"six approved all-X families: one omnibus per representation, including unsupported factors; no new standardization",,midpoint,,,消费调查/results/mpc_allx_screen/all_screen_results.csv,1494,c2e3b71621f77b82766e70a3888c409b7256dd33,,rc,diagnostic_global_pc2,,,
Figure4,"six approved all-X families: one omnibus per representation, including unsupported factors; no new standardization",,top75,,,消费调查/results/mpc_allx_screen/all_screen_results.csv,1497,c2e3b71621f77b82766e70a3888c409b7256dd33,,cash,diagnostic_global_pc2,,,
Figure4,"six approved all-X families: one omnibus per representation, including unsupported factors; no new standardization",,top75,,,消费调查/results/mpc_allx_screen/all_screen_results.csv,1498,c2e3b71621f77b82766e70a3888c409b7256dd33,,rc,diagnostic_global_pc2,,,
Figure4,"six approved all-X families: one omnibus per representation, including unsupported factors; no new standardization",,ordinal,,,消费调查/results/mpc_allx_screen/all_screen_results.csv,1501,c2e3b71621f77b82766e70a3888c409b7256dd33,,cash,diagnostic_global_pc3,,,
Figure4,"six approved all-X families: one omnibus per representation, including unsupported factors; no new standardization",,ordinal,,,消费调查/results/mpc_allx_screen/all_screen_results.csv,1502,c2e3b71621f77b82766e70a3888c409b7256dd33,,rc,diagnostic_global_pc3,,,
Figure4,"six approved all-X families: one omnibus per representation, including unsupported factors; no new standardization",,midpoint,,,消费调查/results/mpc_allx_screen/all_screen_results.csv,1505,c2e3b71621f77b82766e70a3888c409b7256dd33,,cash,diagnostic_global_pc3,,,
Figure4,"six approved all-X families: one omnibus per representation, including unsupported factors; no new standardization",,midpoint,,,消费调查/results/mpc_allx_screen/all_screen_results.csv,1506,c2e3b71621f77b82766e70a3888c409b7256dd33,,rc,diagnostic_global_pc3,,,
Figure4,"six approved all-X families: one omnibus per representation, including unsupported factors; no new standardization",,top75,,,消费调查/results/mpc_allx_screen/all_screen_results.csv,1509,c2e3b71621f77b82766e70a3888c409b7256dd33,,cash,diagnostic_global_pc3,,,
Figure4,"six approved all-X families: one omnibus per representation, including unsupported factors; no new standardization",,top75,,,消费调查/results/mpc_allx_screen/all_screen_results.csv,1510,c2e3b71621f77b82766e70a3888c409b7256dd33,,rc,diagnostic_global_pc3,,,
Figure4,"six approved all-X families: one omnibus per representation, including unsupported factors; no new standardization",,ordinal,,,消费调查/results/mpc_allx_screen/all_screen_results.csv,1513,c2e3b71621f77b82766e70a3888c409b7256dd33,,cash,diagnostic_global_pc4,,,
Figure4,"six approved all-X families: one omnibus per representation, including unsupported factors; no new standardization",,ordinal,,,消费调查/results/mpc_allx_screen/all_screen_results.csv,1514,c2e3b71621f77b82766e70a3888c409b7256dd33,,rc,diagnostic_global_pc4,,,
Figure4,"six approved all-X families: one omnibus per representation, including unsupported factors; no new standardization",,midpoint,,,消费调查/results/mpc_allx_screen/all_screen_results.csv,1517,c2e3b71621f77b82766e70a3888c409b7256dd33,,cash,diagnostic_global_pc4,,,
Figure4,"six approved all-X families: one omnibus per representation, including unsupported factors; no new standardization",,midpoint,,,消费调查/results/mpc_allx_screen/all_screen_results.csv,1518,c2e3b71621f77b82766e70a3888c409b7256dd33,,rc,diagnostic_global_pc4,,,
Figure4,"six approved all-X families: one omnibus per representation, including unsupported factors; no new standardization",,top75,,,消费调查/results/mpc_allx_screen/all_screen_results.csv,1521,c2e3b71621f77b82766e70a3888c409b7256dd33,,cash,diagnostic_global_pc4,,,
Figure4,"six approved all-X families: one omnibus per representation, including unsupported factors; no new standardization",,top75,,,消费调查/results/mpc_allx_screen/all_screen_results.csv,1522,c2e3b71621f77b82766e70a3888c409b7256dd33,,rc,diagnostic_global_pc4,,,
Figure4,"six approved all-X families: one omnibus per representation, including unsupported factors; no new standardization",,ordinal,,,消费调查/results/mpc_allx_screen/all_screen_results.csv,1525,c2e3b71621f77b82766e70a3888c409b7256dd33,,cash,diagnostic_global_pc5,,,
Figure4,"six approved all-X families: one omnibus per representation, including unsupported factors; no new standardization",,ordinal,,,消费调查/results/mpc_allx_screen/all_screen_results.csv,1526,c2e3b71621f77b82766e70a3888c409b7256dd33,,rc,diagnostic_global_pc5,,,
Figure4,"six approved all-X families: one omnibus per representation, including unsupported factors; no new standardization",,midpoint,,,消费调查/results/mpc_allx_screen/all_screen_results.csv,1529,c2e3b71621f77b82766e70a3888c409b7256dd33,,cash,diagnostic_global_pc5,,,
Figure4,"six approved all-X families: one omnibus per representation, including unsupported factors; no new standardization",,midpoint,,,消费调查/results/mpc_allx_screen/all_screen_results.csv,1530,c2e3b71621f77b82766e70a3888c409b7256dd33,,rc,diagnostic_global_pc5,,,
Figure4,"six approved all-X families: one omnibus per representation, including unsupported factors; no new standardization",,top75,,,消费调查/results/mpc_allx_screen/all_screen_results.csv,1533,c2e3b71621f77b82766e70a3888c409b7256dd33,,cash,diagnostic_global_pc5,,,
Figure4,"six approved all-X families: one omnibus per representation, including unsupported factors; no new standardization",,top75,,,消费调查/results/mpc_allx_screen/all_screen_results.csv,1534,c2e3b71621f77b82766e70a3888c409b7256dd33,,rc,diagnostic_global_pc5,,,
Figure4,"six approved all-X families: one omnibus per representation, including unsupported factors; no new standardization",,ordinal,,,消费调查/results/mpc_allx_screen/all_screen_results.csv,1537,c2e3b71621f77b82766e70a3888c409b7256dd33,,cash,diagnostic_global_pc6,,,
Figure4,"six approved all-X families: one omnibus per representation, including unsupported factors; no new standardization",,ordinal,,,消费调查/results/mpc_allx_screen/all_screen_results.csv,1538,c2e3b71621f77b82766e70a3888c409b7256dd33,,rc,diagnostic_global_pc6,,,
Figure4,"six approved all-X families: one omnibus per representation, including unsupported factors; no new standardization",,midpoint,,,消费调查/results/mpc_allx_screen/all_screen_results.csv,1541,c2e3b71621f77b82766e70a3888c409b7256dd33,,cash,diagnostic_global_pc6,,,
Figure4,"six approved all-X families: one omnibus per representation, including unsupported factors; no new standardization",,midpoint,,,消费调查/results/mpc_allx_screen/all_screen_results.csv,1542,c2e3b71621f77b82766e70a3888c409b7256dd33,,rc,diagnostic_global_pc6,,,
Figure4,"six approved all-X families: one omnibus per representation, including unsupported factors; no new standardization",,top75,,,消费调查/results/mpc_allx_screen/all_screen_results.csv,1545,c2e3b71621f77b82766e70a3888c409b7256dd33,,cash,diagnostic_global_pc6,,,
Figure4,"six approved all-X families: one omnibus per representation, including unsupported factors; no new standardization",,top75,,,消费调查/results/mpc_allx_screen/all_screen_results.csv,1546,c2e3b71621f77b82766e70a3888c409b7256dd33,,rc,diagnostic_global_pc6,,,
Figure4,"six approved all-X families: one omnibus per representation, including unsupported factors; no new standardization",,ordinal,,,消费调查/results/mpc_allx_screen/all_screen_results.csv,1549,c2e3b71621f77b82766e70a3888c409b7256dd33,,cash,diagnostic_global_pc7,,,
Figure4,"six approved all-X families: one omnibus per representation, including unsupported factors; no new standardization",,ordinal,,,消费调查/results/mpc_allx_screen/all_screen_results.csv,1550,c2e3b71621f77b82766e70a3888c409b7256dd33,,rc,diagnostic_global_pc7,,,
Figure4,"six approved all-X families: one omnibus per representation, including unsupported factors; no new standardization",,midpoint,,,消费调查/results/mpc_allx_screen/all_screen_results.csv,1553,c2e3b71621f77b82766e70a3888c409b7256dd33,,cash,diagnostic_global_pc7,,,
Figure4,"six approved all-X families: one omnibus per representation, including unsupported factors; no new standardization",,midpoint,,,消费调查/results/mpc_allx_screen/all_screen_results.csv,1554,c2e3b71621f77b82766e70a3888c409b7256dd33,,rc,diagnostic_global_pc7,,,
Figure4,"six approved all-X families: one omnibus per representation, including unsupported factors; no new standardization",,top75,,,消费调查/results/mpc_allx_screen/all_screen_results.csv,1557,c2e3b71621f77b82766e70a3888c409b7256dd33,,cash,diagnostic_global_pc7,,,
Figure4,"six approved all-X families: one omnibus per representation, including unsupported factors; no new standardization",,top75,,,消费调查/results/mpc_allx_screen/all_screen_results.csv,1558,c2e3b71621f77b82766e70a3888c409b7256dd33,,rc,diagnostic_global_pc7,,,
Figure4,"six approved all-X families: one omnibus per representation, including unsupported factors; no new standardization",,ordinal,,,消费调查/results/mpc_allx_screen/all_screen_results.csv,1561,c2e3b71621f77b82766e70a3888c409b7256dd33,,cash,diagnostic_global_pc8,,,
Figure4,"six approved all-X families: one omnibus per representation, including unsupported factors; no new standardization",,ordinal,,,消费调查/results/mpc_allx_screen/all_screen_results.csv,1562,c2e3b71621f77b82766e70a3888c409b7256dd33,,rc,diagnostic_global_pc8,,,
Figure4,"six approved all-X families: one omnibus per representation, including unsupported factors; no new standardization",,midpoint,,,消费调查/results/mpc_allx_screen/all_screen_results.csv,1565,c2e3b71621f77b82766e70a3888c409b7256dd33,,cash,diagnostic_global_pc8,,,
Figure4,"six approved all-X families: one omnibus per representation, including unsupported factors; no new standardization",,midpoint,,,消费调查/results/mpc_allx_screen/all_screen_results.csv,1566,c2e3b71621f77b82766e70a3888c409b7256dd33,,rc,diagnostic_global_pc8,,,
Figure4,"six approved all-X families: one omnibus per representation, including unsupported factors; no new standardization",,top75,,,消费调查/results/mpc_allx_screen/all_screen_results.csv,1569,c2e3b71621f77b82766e70a3888c409b7256dd33,,cash,diagnostic_global_pc8,,,
Figure4,"six approved all-X families: one omnibus per representation, including unsupported factors; no new standardization",,top75,,,消费调查/results/mpc_allx_screen/all_screen_results.csv,1570,c2e3b71621f77b82766e70a3888c409b7256dd33,,rc,diagnostic_global_pc8,,,
Figure4,"six approved all-X families: one omnibus per representation, including unsupported factors; no new standardization",,ordinal,,,消费调查/results/mpc_allx_screen/all_screen_results.csv,1573,c2e3b71621f77b82766e70a3888c409b7256dd33,,cash,diagnostic_global_pc9,,,
Figure4,"six approved all-X families: one omnibus per representation, including unsupported factors; no new standardization",,ordinal,,,消费调查/results/mpc_allx_screen/all_screen_results.csv,1574,c2e3b71621f77b82766e70a3888c409b7256dd33,,rc,diagnostic_global_pc9,,,
Figure4,"six approved all-X families: one omnibus per representation, including unsupported factors; no new standardization",,midpoint,,,消费调查/results/mpc_allx_screen/all_screen_results.csv,1577,c2e3b71621f77b82766e70a3888c409b7256dd33,,cash,diagnostic_global_pc9,,,
Figure4,"six approved all-X families: one omnibus per representation, including unsupported factors; no new standardization",,midpoint,,,消费调查/results/mpc_allx_screen/all_screen_results.csv,1578,c2e3b71621f77b82766e70a3888c409b7256dd33,,rc,diagnostic_global_pc9,,,
Figure4,"six approved all-X families: one omnibus per representation, including unsupported factors; no new standardization",,top75,,,消费调查/results/mpc_allx_screen/all_screen_results.csv,1581,c2e3b71621f77b82766e70a3888c409b7256dd33,,cash,diagnostic_global_pc9,,,
Figure4,"six approved all-X families: one omnibus per representation, including unsupported factors; no new standardization",,top75,,,消费调查/results/mpc_allx_screen/all_screen_results.csv,1582,c2e3b71621f77b82766e70a3888c409b7256dd33,,rc,diagnostic_global_pc9,,,
Figure4,"six approved all-X families: one omnibus per representation, including unsupported factors; no new standardization",,ordinal,,,消费调查/results/mpc_allx_screen/all_screen_results.csv,1585,c2e3b71621f77b82766e70a3888c409b7256dd33,,cash,diagnostic_global_pc10,,,
Figure4,"six approved all-X families: one omnibus per representation, including unsupported factors; no new standardization",,ordinal,,,消费调查/results/mpc_allx_screen/all_screen_results.csv,1586,c2e3b71621f77b82766e70a3888c409b7256dd33,,rc,diagnostic_global_pc10,,,
Figure4,"six approved all-X families: one omnibus per representation, including unsupported factors; no new standardization",,midpoint,,,消费调查/results/mpc_allx_screen/all_screen_results.csv,1589,c2e3b71621f77b82766e70a3888c409b7256dd33,,cash,diagnostic_global_pc10,,,
Figure4,"six approved all-X families: one omnibus per representation, including unsupported factors; no new standardization",,midpoint,,,消费调查/results/mpc_allx_screen/all_screen_results.csv,1590,c2e3b71621f77b82766e70a3888c409b7256dd33,,rc,diagnostic_global_pc10,,,
Figure4,"six approved all-X families: one omnibus per representation, including unsupported factors; no new standardization",,top75,,,消费调查/results/mpc_allx_screen/all_screen_results.csv,1593,c2e3b71621f77b82766e70a3888c409b7256dd33,,cash,diagnostic_global_pc10,,,
Figure4,"six approved all-X families: one omnibus per representation, including unsupported factors; no new standardization",,top75,,,消费调查/results/mpc_allx_screen/all_screen_results.csv,1594,c2e3b71621f77b82766e70a3888c409b7256dd33,,rc,diagnostic_global_pc10,,,
Figure4,"six approved all-X families: one omnibus per representation, including unsupported factors; no new standardization",,ordinal,,,消费调查/results/mpc_allx_screen/all_screen_results.csv,1597,c2e3b71621f77b82766e70a3888c409b7256dd33,,cash,diagnostic_global_pc11,,,
Figure4,"six approved all-X families: one omnibus per representation, including unsupported factors; no new standardization",,ordinal,,,消费调查/results/mpc_allx_screen/all_screen_results.csv,1598,c2e3b71621f77b82766e70a3888c409b7256dd33,,rc,diagnostic_global_pc11,,,
Figure4,"six approved all-X families: one omnibus per representation, including unsupported factors; no new standardization",,midpoint,,,消费调查/results/mpc_allx_screen/all_screen_results.csv,1601,c2e3b71621f77b82766e70a3888c409b7256dd33,,cash,diagnostic_global_pc11,,,
Figure4,"six approved all-X families: one omnibus per representation, including unsupported factors; no new standardization",,midpoint,,,消费调查/results/mpc_allx_screen/all_screen_results.csv,1602,c2e3b71621f77b82766e70a3888c409b7256dd33,,rc,diagnostic_global_pc11,,,
Figure4,"six approved all-X families: one omnibus per representation, including unsupported factors; no new standardization",,top75,,,消费调查/results/mpc_allx_screen/all_screen_results.csv,1605,c2e3b71621f77b82766e70a3888c409b7256dd33,,cash,diagnostic_global_pc11,,,
Figure4,"six approved all-X families: one omnibus per representation, including unsupported factors; no new standardization",,top75,,,消费调查/results/mpc_allx_screen/all_screen_results.csv,1606,c2e3b71621f77b82766e70a3888c409b7256dd33,,rc,diagnostic_global_pc11,,,
Figure4,"six approved all-X families: one omnibus per representation, including unsupported factors; no new standardization",,ordinal,,,消费调查/results/mpc_allx_screen/all_screen_results.csv,1609,c2e3b71621f77b82766e70a3888c409b7256dd33,,cash,diagnostic_global_pc12,,,
Figure4,"six approved all-X families: one omnibus per representation, including unsupported factors; no new standardization",,ordinal,,,消费调查/results/mpc_allx_screen/all_screen_results.csv,1610,c2e3b71621f77b82766e70a3888c409b7256dd33,,rc,diagnostic_global_pc12,,,
Figure4,"six approved all-X families: one omnibus per representation, including unsupported factors; no new standardization",,midpoint,,,消费调查/results/mpc_allx_screen/all_screen_results.csv,1613,c2e3b71621f77b82766e70a3888c409b7256dd33,,cash,diagnostic_global_pc12,,,
Figure4,"six approved all-X families: one omnibus per representation, including unsupported factors; no new standardization",,midpoint,,,消费调查/results/mpc_allx_screen/all_screen_results.csv,1614,c2e3b71621f77b82766e70a3888c409b7256dd33,,rc,diagnostic_global_pc12,,,
Figure4,"six approved all-X families: one omnibus per representation, including unsupported factors; no new standardization",,top75,,,消费调查/results/mpc_allx_screen/all_screen_results.csv,1617,c2e3b71621f77b82766e70a3888c409b7256dd33,,cash,diagnostic_global_pc12,,,
Figure4,"six approved all-X families: one omnibus per representation, including unsupported factors; no new standardization",,top75,,,消费调查/results/mpc_allx_screen/all_screen_results.csv,1618,c2e3b71621f77b82766e70a3888c409b7256dd33,,rc,diagnostic_global_pc12,,,
Figure4,"six approved all-X families: one omnibus per representation, including unsupported factors; no new standardization",,ordinal,,,消费调查/results/mpc_allx_screen/all_screen_results.csv,1621,c2e3b71621f77b82766e70a3888c409b7256dd33,,cash,diagnostic_global_pc13,,,
Figure4,"six approved all-X families: one omnibus per representation, including unsupported factors; no new standardization",,ordinal,,,消费调查/results/mpc_allx_screen/all_screen_results.csv,1622,c2e3b71621f77b82766e70a3888c409b7256dd33,,rc,diagnostic_global_pc13,,,
Figure4,"six approved all-X families: one omnibus per representation, including unsupported factors; no new standardization",,midpoint,,,消费调查/results/mpc_allx_screen/all_screen_results.csv,1625,c2e3b71621f77b82766e70a3888c409b7256dd33,,cash,diagnostic_global_pc13,,,
Figure4,"six approved all-X families: one omnibus per representation, including unsupported factors; no new standardization",,midpoint,,,消费调查/results/mpc_allx_screen/all_screen_results.csv,1626,c2e3b71621f77b82766e70a3888c409b7256dd33,,rc,diagnostic_global_pc13,,,
Figure4,"six approved all-X families: one omnibus per representation, including unsupported factors; no new standardization",,top75,,,消费调查/results/mpc_allx_screen/all_screen_results.csv,1629,c2e3b71621f77b82766e70a3888c409b7256dd33,,cash,diagnostic_global_pc13,,,
Figure4,"six approved all-X families: one omnibus per representation, including unsupported factors; no new standardization",,top75,,,消费调查/results/mpc_allx_screen/all_screen_results.csv,1630,c2e3b71621f77b82766e70a3888c409b7256dd33,,rc,diagnostic_global_pc13,,,
Figure4,"six approved all-X families: one omnibus per representation, including unsupported factors; no new standardization",,ordinal,,,消费调查/results/mpc_allx_screen/all_screen_results.csv,1633,c2e3b71621f77b82766e70a3888c409b7256dd33,,cash,diagnostic_global_pc14,,,
Figure4,"six approved all-X families: one omnibus per representation, including unsupported factors; no new standardization",,ordinal,,,消费调查/results/mpc_allx_screen/all_screen_results.csv,1634,c2e3b71621f77b82766e70a3888c409b7256dd33,,rc,diagnostic_global_pc14,,,
Figure4,"six approved all-X families: one omnibus per representation, including unsupported factors; no new standardization",,midpoint,,,消费调查/results/mpc_allx_screen/all_screen_results.csv,1637,c2e3b71621f77b82766e70a3888c409b7256dd33,,cash,diagnostic_global_pc14,,,
Figure4,"six approved all-X families: one omnibus per representation, including unsupported factors; no new standardization",,midpoint,,,消费调查/results/mpc_allx_screen/all_screen_results.csv,1638,c2e3b71621f77b82766e70a3888c409b7256dd33,,rc,diagnostic_global_pc14,,,
Figure4,"six approved all-X families: one omnibus per representation, including unsupported factors; no new standardization",,top75,,,消费调查/results/mpc_allx_screen/all_screen_results.csv,1641,c2e3b71621f77b82766e70a3888c409b7256dd33,,cash,diagnostic_global_pc14,,,
Figure4,"six approved all-X families: one omnibus per representation, including unsupported factors; no new standardization",,top75,,,消费调查/results/mpc_allx_screen/all_screen_results.csv,1642,c2e3b71621f77b82766e70a3888c409b7256dd33,,rc,diagnostic_global_pc14,,,
Figure4,"six approved all-X families: one omnibus per representation, including unsupported factors; no new standardization",,ordinal,,,消费调查/results/mpc_allx_screen/all_screen_results.csv,1645,c2e3b71621f77b82766e70a3888c409b7256dd33,,cash,diagnostic_global_pc15,,,
Figure4,"six approved all-X families: one omnibus per representation, including unsupported factors; no new standardization",,ordinal,,,消费调查/results/mpc_allx_screen/all_screen_results.csv,1646,c2e3b71621f77b82766e70a3888c409b7256dd33,,rc,diagnostic_global_pc15,,,
Figure4,"six approved all-X families: one omnibus per representation, including unsupported factors; no new standardization",,midpoint,,,消费调查/results/mpc_allx_screen/all_screen_results.csv,1649,c2e3b71621f77b82766e70a3888c409b7256dd33,,cash,diagnostic_global_pc15,,,
Figure4,"six approved all-X families: one omnibus per representation, including unsupported factors; no new standardization",,midpoint,,,消费调查/results/mpc_allx_screen/all_screen_results.csv,1650,c2e3b71621f77b82766e70a3888c409b7256dd33,,rc,diagnostic_global_pc15,,,
Figure4,"six approved all-X families: one omnibus per representation, including unsupported factors; no new standardization",,top75,,,消费调查/results/mpc_allx_screen/all_screen_results.csv,1653,c2e3b71621f77b82766e70a3888c409b7256dd33,,cash,diagnostic_global_pc15,,,
Figure4,"six approved all-X families: one omnibus per representation, including unsupported factors; no new standardization",,top75,,,消费调查/results/mpc_allx_screen/all_screen_results.csv,1654,c2e3b71621f77b82766e70a3888c409b7256dd33,,rc,diagnostic_global_pc15,,,
Figure4,"six approved all-X families: one omnibus per representation, including unsupported factors; no new standardization",,ordinal,,,消费调查/results/mpc_allx_screen/all_screen_results.csv,1657,c2e3b71621f77b82766e70a3888c409b7256dd33,,cash,diagnostic_global_pc16,,,
Figure4,"six approved all-X families: one omnibus per representation, including unsupported factors; no new standardization",,ordinal,,,消费调查/results/mpc_allx_screen/all_screen_results.csv,1658,c2e3b71621f77b82766e70a3888c409b7256dd33,,rc,diagnostic_global_pc16,,,
Figure4,"six approved all-X families: one omnibus per representation, including unsupported factors; no new standardization",,midpoint,,,消费调查/results/mpc_allx_screen/all_screen_results.csv,1661,c2e3b71621f77b82766e70a3888c409b7256dd33,,cash,diagnostic_global_pc16,,,
Figure4,"six approved all-X families: one omnibus per representation, including unsupported factors; no new standardization",,midpoint,,,消费调查/results/mpc_allx_screen/all_screen_results.csv,1662,c2e3b71621f77b82766e70a3888c409b7256dd33,,rc,diagnostic_global_pc16,,,
Figure4,"six approved all-X families: one omnibus per representation, including unsupported factors; no new standardization",,top75,,,消费调查/results/mpc_allx_screen/all_screen_results.csv,1665,c2e3b71621f77b82766e70a3888c409b7256dd33,,cash,diagnostic_global_pc16,,,
Figure4,"six approved all-X families: one omnibus per representation, including unsupported factors; no new standardization",,top75,,,消费调查/results/mpc_allx_screen/all_screen_results.csv,1666,c2e3b71621f77b82766e70a3888c409b7256dd33,,rc,diagnostic_global_pc16,,,
Figure4,"six approved all-X families: one omnibus per representation, including unsupported factors; no new standardization",,ordinal,,,消费调查/results/mpc_allx_screen/all_screen_results.csv,1669,c2e3b71621f77b82766e70a3888c409b7256dd33,,cash,diagnostic_global_pc17,,,
Figure4,"six approved all-X families: one omnibus per representation, including unsupported factors; no new standardization",,ordinal,,,消费调查/results/mpc_allx_screen/all_screen_results.csv,1670,c2e3b71621f77b82766e70a3888c409b7256dd33,,rc,diagnostic_global_pc17,,,
Figure4,"six approved all-X families: one omnibus per representation, including unsupported factors; no new standardization",,midpoint,,,消费调查/results/mpc_allx_screen/all_screen_results.csv,1673,c2e3b71621f77b82766e70a3888c409b7256dd33,,cash,diagnostic_global_pc17,,,
Figure4,"six approved all-X families: one omnibus per representation, including unsupported factors; no new standardization",,midpoint,,,消费调查/results/mpc_allx_screen/all_screen_results.csv,1674,c2e3b71621f77b82766e70a3888c409b7256dd33,,rc,diagnostic_global_pc17,,,
Figure4,"six approved all-X families: one omnibus per representation, including unsupported factors; no new standardization",,top75,,,消费调查/results/mpc_allx_screen/all_screen_results.csv,1677,c2e3b71621f77b82766e70a3888c409b7256dd33,,cash,diagnostic_global_pc17,,,
Figure4,"six approved all-X families: one omnibus per representation, including unsupported factors; no new standardization",,top75,,,消费调查/results/mpc_allx_screen/all_screen_results.csv,1678,c2e3b71621f77b82766e70a3888c409b7256dd33,,rc,diagnostic_global_pc17,,,
Figure4,"six approved all-X families: one omnibus per representation, including unsupported factors; no new standardization",,ordinal,,,消费调查/results/mpc_allx_screen/all_screen_results.csv,1681,c2e3b71621f77b82766e70a3888c409b7256dd33,,cash,diagnostic_global_pc18,,,
Figure4,"six approved all-X families: one omnibus per representation, including unsupported factors; no new standardization",,ordinal,,,消费调查/results/mpc_allx_screen/all_screen_results.csv,1682,c2e3b71621f77b82766e70a3888c409b7256dd33,,rc,diagnostic_global_pc18,,,
Figure4,"six approved all-X families: one omnibus per representation, including unsupported factors; no new standardization",,midpoint,,,消费调查/results/mpc_allx_screen/all_screen_results.csv,1685,c2e3b71621f77b82766e70a3888c409b7256dd33,,cash,diagnostic_global_pc18,,,
Figure4,"six approved all-X families: one omnibus per representation, including unsupported factors; no new standardization",,midpoint,,,消费调查/results/mpc_allx_screen/all_screen_results.csv,1686,c2e3b71621f77b82766e70a3888c409b7256dd33,,rc,diagnostic_global_pc18,,,
Figure4,"six approved all-X families: one omnibus per representation, including unsupported factors; no new standardization",,top75,,,消费调查/results/mpc_allx_screen/all_screen_results.csv,1689,c2e3b71621f77b82766e70a3888c409b7256dd33,,cash,diagnostic_global_pc18,,,
Figure4,"six approved all-X families: one omnibus per representation, including unsupported factors; no new standardization",,top75,,,消费调查/results/mpc_allx_screen/all_screen_results.csv,1690,c2e3b71621f77b82766e70a3888c409b7256dd33,,rc,diagnostic_global_pc18,,,
Figure4,"six approved all-X families: one omnibus per representation, including unsupported factors; no new standardization",,ordinal,,,消费调查/results/mpc_allx_screen/all_screen_results.csv,1693,c2e3b71621f77b82766e70a3888c409b7256dd33,,cash,diagnostic_global_pc19,,,
Figure4,"six approved all-X families: one omnibus per representation, including unsupported factors; no new standardization",,ordinal,,,消费调查/results/mpc_allx_screen/all_screen_results.csv,1694,c2e3b71621f77b82766e70a3888c409b7256dd33,,rc,diagnostic_global_pc19,,,
Figure4,"six approved all-X families: one omnibus per representation, including unsupported factors; no new standardization",,midpoint,,,消费调查/results/mpc_allx_screen/all_screen_results.csv,1697,c2e3b71621f77b82766e70a3888c409b7256dd33,,cash,diagnostic_global_pc19,,,
Figure4,"six approved all-X families: one omnibus per representation, including unsupported factors; no new standardization",,midpoint,,,消费调查/results/mpc_allx_screen/all_screen_results.csv,1698,c2e3b71621f77b82766e70a3888c409b7256dd33,,rc,diagnostic_global_pc19,,,
Figure4,"six approved all-X families: one omnibus per representation, including unsupported factors; no new standardization",,top75,,,消费调查/results/mpc_allx_screen/all_screen_results.csv,1701,c2e3b71621f77b82766e70a3888c409b7256dd33,,cash,diagnostic_global_pc19,,,
Figure4,"six approved all-X families: one omnibus per representation, including unsupported factors; no new standardization",,top75,,,消费调查/results/mpc_allx_screen/all_screen_results.csv,1702,c2e3b71621f77b82766e70a3888c409b7256dd33,,rc,diagnostic_global_pc19,,,
Figure4,"six approved all-X families: one omnibus per representation, including unsupported factors; no new standardization",,ordinal,,,消费调查/results/mpc_allx_screen/all_screen_results.csv,1705,c2e3b71621f77b82766e70a3888c409b7256dd33,,cash,diagnostic_global_pc20,,,
Figure4,"six approved all-X families: one omnibus per representation, including unsupported factors; no new standardization",,ordinal,,,消费调查/results/mpc_allx_screen/all_screen_results.csv,1706,c2e3b71621f77b82766e70a3888c409b7256dd33,,rc,diagnostic_global_pc20,,,
Figure4,"six approved all-X families: one omnibus per representation, including unsupported factors; no new standardization",,midpoint,,,消费调查/results/mpc_allx_screen/all_screen_results.csv,1709,c2e3b71621f77b82766e70a3888c409b7256dd33,,cash,diagnostic_global_pc20,,,
Figure4,"six approved all-X families: one omnibus per representation, including unsupported factors; no new standardization",,midpoint,,,消费调查/results/mpc_allx_screen/all_screen_results.csv,1710,c2e3b71621f77b82766e70a3888c409b7256dd33,,rc,diagnostic_global_pc20,,,
Figure4,"six approved all-X families: one omnibus per representation, including unsupported factors; no new standardization",,top75,,,消费调查/results/mpc_allx_screen/all_screen_results.csv,1713,c2e3b71621f77b82766e70a3888c409b7256dd33,,cash,diagnostic_global_pc20,,,
Figure4,"six approved all-X families: one omnibus per representation, including unsupported factors; no new standardization",,top75,,,消费调查/results/mpc_allx_screen/all_screen_results.csv,1714,c2e3b71621f77b82766e70a3888c409b7256dd33,,rc,diagnostic_global_pc20,,,
Figure4,"six approved all-X families: one omnibus per representation, including unsupported factors; no new standardization",,ordinal,,,消费调查/results/mpc_allx_screen/all_screen_results.csv,1717,c2e3b71621f77b82766e70a3888c409b7256dd33,,cash,diagnostic_global_pc21,,,
Figure4,"six approved all-X families: one omnibus per representation, including unsupported factors; no new standardization",,ordinal,,,消费调查/results/mpc_allx_screen/all_screen_results.csv,1718,c2e3b71621f77b82766e70a3888c409b7256dd33,,rc,diagnostic_global_pc21,,,
Figure4,"six approved all-X families: one omnibus per representation, including unsupported factors; no new standardization",,midpoint,,,消费调查/results/mpc_allx_screen/all_screen_results.csv,1721,c2e3b71621f77b82766e70a3888c409b7256dd33,,cash,diagnostic_global_pc21,,,
Figure4,"six approved all-X families: one omnibus per representation, including unsupported factors; no new standardization",,midpoint,,,消费调查/results/mpc_allx_screen/all_screen_results.csv,1722,c2e3b71621f77b82766e70a3888c409b7256dd33,,rc,diagnostic_global_pc21,,,
Figure4,"six approved all-X families: one omnibus per representation, including unsupported factors; no new standardization",,top75,,,消费调查/results/mpc_allx_screen/all_screen_results.csv,1725,c2e3b71621f77b82766e70a3888c409b7256dd33,,cash,diagnostic_global_pc21,,,
Figure4,"six approved all-X families: one omnibus per representation, including unsupported factors; no new standardization",,top75,,,消费调查/results/mpc_allx_screen/all_screen_results.csv,1726,c2e3b71621f77b82766e70a3888c409b7256dd33,,rc,diagnostic_global_pc21,,,
Figure4,"six approved all-X families: one omnibus per representation, including unsupported factors; no new standardization",,ordinal,,,消费调查/results/mpc_allx_screen/all_screen_results.csv,1729,c2e3b71621f77b82766e70a3888c409b7256dd33,,cash,diagnostic_global_pc22,,,
Figure4,"six approved all-X families: one omnibus per representation, including unsupported factors; no new standardization",,ordinal,,,消费调查/results/mpc_allx_screen/all_screen_results.csv,1730,c2e3b71621f77b82766e70a3888c409b7256dd33,,rc,diagnostic_global_pc22,,,
Figure4,"six approved all-X families: one omnibus per representation, including unsupported factors; no new standardization",,midpoint,,,消费调查/results/mpc_allx_screen/all_screen_results.csv,1733,c2e3b71621f77b82766e70a3888c409b7256dd33,,cash,diagnostic_global_pc22,,,
Figure4,"six approved all-X families: one omnibus per representation, including unsupported factors; no new standardization",,midpoint,,,消费调查/results/mpc_allx_screen/all_screen_results.csv,1734,c2e3b71621f77b82766e70a3888c409b7256dd33,,rc,diagnostic_global_pc22,,,
Figure4,"six approved all-X families: one omnibus per representation, including unsupported factors; no new standardization",,top75,,,消费调查/results/mpc_allx_screen/all_screen_results.csv,1737,c2e3b71621f77b82766e70a3888c409b7256dd33,,cash,diagnostic_global_pc22,,,
Figure4,"six approved all-X families: one omnibus per representation, including unsupported factors; no new standardization",,top75,,,消费调查/results/mpc_allx_screen/all_screen_results.csv,1738,c2e3b71621f77b82766e70a3888c409b7256dd33,,rc,diagnostic_global_pc22,,,
Figure4,"six approved all-X families: one omnibus per representation, including unsupported factors; no new standardization",,ordinal,,,消费调查/results/mpc_allx_screen/all_screen_results.csv,1741,c2e3b71621f77b82766e70a3888c409b7256dd33,,cash,diagnostic_global_pc23,,,
Figure4,"six approved all-X families: one omnibus per representation, including unsupported factors; no new standardization",,ordinal,,,消费调查/results/mpc_allx_screen/all_screen_results.csv,1742,c2e3b71621f77b82766e70a3888c409b7256dd33,,rc,diagnostic_global_pc23,,,
Figure4,"six approved all-X families: one omnibus per representation, including unsupported factors; no new standardization",,midpoint,,,消费调查/results/mpc_allx_screen/all_screen_results.csv,1745,c2e3b71621f77b82766e70a3888c409b7256dd33,,cash,diagnostic_global_pc23,,,
Figure4,"six approved all-X families: one omnibus per representation, including unsupported factors; no new standardization",,midpoint,,,消费调查/results/mpc_allx_screen/all_screen_results.csv,1746,c2e3b71621f77b82766e70a3888c409b7256dd33,,rc,diagnostic_global_pc23,,,
Figure4,"six approved all-X families: one omnibus per representation, including unsupported factors; no new standardization",,top75,,,消费调查/results/mpc_allx_screen/all_screen_results.csv,1749,c2e3b71621f77b82766e70a3888c409b7256dd33,,cash,diagnostic_global_pc23,,,
Figure4,"six approved all-X families: one omnibus per representation, including unsupported factors; no new standardization",,top75,,,消费调查/results/mpc_allx_screen/all_screen_results.csv,1750,c2e3b71621f77b82766e70a3888c409b7256dd33,,rc,diagnostic_global_pc23,,,
Figure4,"six approved all-X families: one omnibus per representation, including unsupported factors; no new standardization",,ordinal,,,消费调查/results/mpc_allx_screen/all_screen_results.csv,1753,c2e3b71621f77b82766e70a3888c409b7256dd33,,cash,diagnostic_global_pc24,,,
Figure4,"six approved all-X families: one omnibus per representation, including unsupported factors; no new standardization",,ordinal,,,消费调查/results/mpc_allx_screen/all_screen_results.csv,1754,c2e3b71621f77b82766e70a3888c409b7256dd33,,rc,diagnostic_global_pc24,,,
Figure4,"six approved all-X families: one omnibus per representation, including unsupported factors; no new standardization",,midpoint,,,消费调查/results/mpc_allx_screen/all_screen_results.csv,1757,c2e3b71621f77b82766e70a3888c409b7256dd33,,cash,diagnostic_global_pc24,,,
Figure4,"six approved all-X families: one omnibus per representation, including unsupported factors; no new standardization",,midpoint,,,消费调查/results/mpc_allx_screen/all_screen_results.csv,1758,c2e3b71621f77b82766e70a3888c409b7256dd33,,rc,diagnostic_global_pc24,,,
Figure4,"six approved all-X families: one omnibus per representation, including unsupported factors; no new standardization",,top75,,,消费调查/results/mpc_allx_screen/all_screen_results.csv,1761,c2e3b71621f77b82766e70a3888c409b7256dd33,,cash,diagnostic_global_pc24,,,
Figure4,"six approved all-X families: one omnibus per representation, including unsupported factors; no new standardization",,top75,,,消费调查/results/mpc_allx_screen/all_screen_results.csv,1762,c2e3b71621f77b82766e70a3888c409b7256dd33,,rc,diagnostic_global_pc24,,,
Figure4,"six approved all-X families: one omnibus per representation, including unsupported factors; no new standardization",,ordinal,,,消费调查/results/mpc_allx_screen/all_screen_results.csv,1765,c2e3b71621f77b82766e70a3888c409b7256dd33,,cash,diagnostic_global_pc25,,,
Figure4,"six approved all-X families: one omnibus per representation, including unsupported factors; no new standardization",,ordinal,,,消费调查/results/mpc_allx_screen/all_screen_results.csv,1766,c2e3b71621f77b82766e70a3888c409b7256dd33,,rc,diagnostic_global_pc25,,,
Figure4,"six approved all-X families: one omnibus per representation, including unsupported factors; no new standardization",,midpoint,,,消费调查/results/mpc_allx_screen/all_screen_results.csv,1769,c2e3b71621f77b82766e70a3888c409b7256dd33,,cash,diagnostic_global_pc25,,,
Figure4,"six approved all-X families: one omnibus per representation, including unsupported factors; no new standardization",,midpoint,,,消费调查/results/mpc_allx_screen/all_screen_results.csv,1770,c2e3b71621f77b82766e70a3888c409b7256dd33,,rc,diagnostic_global_pc25,,,
Figure4,"six approved all-X families: one omnibus per representation, including unsupported factors; no new standardization",,top75,,,消费调查/results/mpc_allx_screen/all_screen_results.csv,1773,c2e3b71621f77b82766e70a3888c409b7256dd33,,cash,diagnostic_global_pc25,,,
Figure4,"six approved all-X families: one omnibus per representation, including unsupported factors; no new standardization",,top75,,,消费调查/results/mpc_allx_screen/all_screen_results.csv,1774,c2e3b71621f77b82766e70a3888c409b7256dd33,,rc,diagnostic_global_pc25,,,
Figure4,"six approved all-X families: one omnibus per representation, including unsupported factors; no new standardization",,ordinal,,,消费调查/results/mpc_allx_screen/all_screen_results.csv,1777,c2e3b71621f77b82766e70a3888c409b7256dd33,,cash,diagnostic_global_pc26,,,
Figure4,"six approved all-X families: one omnibus per representation, including unsupported factors; no new standardization",,ordinal,,,消费调查/results/mpc_allx_screen/all_screen_results.csv,1778,c2e3b71621f77b82766e70a3888c409b7256dd33,,rc,diagnostic_global_pc26,,,
Figure4,"six approved all-X families: one omnibus per representation, including unsupported factors; no new standardization",,midpoint,,,消费调查/results/mpc_allx_screen/all_screen_results.csv,1781,c2e3b71621f77b82766e70a3888c409b7256dd33,,cash,diagnostic_global_pc26,,,
Figure4,"six approved all-X families: one omnibus per representation, including unsupported factors; no new standardization",,midpoint,,,消费调查/results/mpc_allx_screen/all_screen_results.csv,1782,c2e3b71621f77b82766e70a3888c409b7256dd33,,rc,diagnostic_global_pc26,,,
Figure4,"six approved all-X families: one omnibus per representation, including unsupported factors; no new standardization",,top75,,,消费调查/results/mpc_allx_screen/all_screen_results.csv,1785,c2e3b71621f77b82766e70a3888c409b7256dd33,,cash,diagnostic_global_pc26,,,
Figure4,"six approved all-X families: one omnibus per representation, including unsupported factors; no new standardization",,top75,,,消费调查/results/mpc_allx_screen/all_screen_results.csv,1786,c2e3b71621f77b82766e70a3888c409b7256dd33,,rc,diagnostic_global_pc26,,,
Figure4,"six approved all-X families: one omnibus per representation, including unsupported factors; no new standardization",,ordinal,,,消费调查/results/mpc_allx_screen/all_screen_results.csv,1789,c2e3b71621f77b82766e70a3888c409b7256dd33,,cash,diagnostic_global_pc27,,,
Figure4,"six approved all-X families: one omnibus per representation, including unsupported factors; no new standardization",,ordinal,,,消费调查/results/mpc_allx_screen/all_screen_results.csv,1790,c2e3b71621f77b82766e70a3888c409b7256dd33,,rc,diagnostic_global_pc27,,,
Figure4,"six approved all-X families: one omnibus per representation, including unsupported factors; no new standardization",,midpoint,,,消费调查/results/mpc_allx_screen/all_screen_results.csv,1793,c2e3b71621f77b82766e70a3888c409b7256dd33,,cash,diagnostic_global_pc27,,,
Figure4,"six approved all-X families: one omnibus per representation, including unsupported factors; no new standardization",,midpoint,,,消费调查/results/mpc_allx_screen/all_screen_results.csv,1794,c2e3b71621f77b82766e70a3888c409b7256dd33,,rc,diagnostic_global_pc27,,,
Figure4,"six approved all-X families: one omnibus per representation, including unsupported factors; no new standardization",,top75,,,消费调查/results/mpc_allx_screen/all_screen_results.csv,1797,c2e3b71621f77b82766e70a3888c409b7256dd33,,cash,diagnostic_global_pc27,,,
Figure4,"six approved all-X families: one omnibus per representation, including unsupported factors; no new standardization",,top75,,,消费调查/results/mpc_allx_screen/all_screen_results.csv,1798,c2e3b71621f77b82766e70a3888c409b7256dd33,,rc,diagnostic_global_pc27,,,
Figure4 summary,"approved descriptive representation and corrected-discovery counts; six families, not independent group tests",,midpoint,,,消费调查/results/mpc_allx_screen/subjective_objective_summary.csv,1,c2e3b71621f77b82766e70a3888c409b7256dd33,,cash,,,,
Figure4 summary,"approved descriptive representation and corrected-discovery counts; six families, not independent group tests",,midpoint,,,消费调查/results/mpc_allx_screen/subjective_objective_summary.csv,2,c2e3b71621f77b82766e70a3888c409b7256dd33,,cash,,,,
Figure4 summary,"approved descriptive representation and corrected-discovery counts; six families, not independent group tests",,midpoint,,,消费调查/results/mpc_allx_screen/subjective_objective_summary.csv,3,c2e3b71621f77b82766e70a3888c409b7256dd33,,cash,,,,
Figure4 summary,"approved descriptive representation and corrected-discovery counts; six families, not independent group tests",,midpoint,,,消费调查/results/mpc_allx_screen/subjective_objective_summary.csv,4,c2e3b71621f77b82766e70a3888c409b7256dd33,,cash,,,,
Figure4 summary,"approved descriptive representation and corrected-discovery counts; six families, not independent group tests",,ordinal,,,消费调查/results/mpc_allx_screen/subjective_objective_summary.csv,5,c2e3b71621f77b82766e70a3888c409b7256dd33,,cash,,,,
Figure4 summary,"approved descriptive representation and corrected-discovery counts; six families, not independent group tests",,ordinal,,,消费调查/results/mpc_allx_screen/subjective_objective_summary.csv,6,c2e3b71621f77b82766e70a3888c409b7256dd33,,cash,,,,
Figure4 summary,"approved descriptive representation and corrected-discovery counts; six families, not independent group tests",,ordinal,,,消费调查/results/mpc_allx_screen/subjective_objective_summary.csv,7,c2e3b71621f77b82766e70a3888c409b7256dd33,,cash,,,,
Figure4 summary,"approved descriptive representation and corrected-discovery counts; six families, not independent group tests",,ordinal,,,消费调查/results/mpc_allx_screen/subjective_objective_summary.csv,8,c2e3b71621f77b82766e70a3888c409b7256dd33,,cash,,,,
Figure4 summary,"approved descriptive representation and corrected-discovery counts; six families, not independent group tests",,top75,,,消费调查/results/mpc_allx_screen/subjective_objective_summary.csv,9,c2e3b71621f77b82766e70a3888c409b7256dd33,,cash,,,,
Figure4 summary,"approved descriptive representation and corrected-discovery counts; six families, not independent group tests",,top75,,,消费调查/results/mpc_allx_screen/subjective_objective_summary.csv,10,c2e3b71621f77b82766e70a3888c409b7256dd33,,cash,,,,
Figure4 summary,"approved descriptive representation and corrected-discovery counts; six families, not independent group tests",,top75,,,消费调查/results/mpc_allx_screen/subjective_objective_summary.csv,11,c2e3b71621f77b82766e70a3888c409b7256dd33,,cash,,,,
Figure4 summary,"approved descriptive representation and corrected-discovery counts; six families, not independent group tests",,top75,,,消费调查/results/mpc_allx_screen/subjective_objective_summary.csv,12,c2e3b71621f77b82766e70a3888c409b7256dd33,,cash,,,,
Figure4 summary,"approved descriptive representation and corrected-discovery counts; six families, not independent group tests",,midpoint,,,消费调查/results/mpc_allx_screen/subjective_objective_summary.csv,13,c2e3b71621f77b82766e70a3888c409b7256dd33,,rc,,,,
Figure4 summary,"approved descriptive representation and corrected-discovery counts; six families, not independent group tests",,midpoint,,,消费调查/results/mpc_allx_screen/subjective_objective_summary.csv,14,c2e3b71621f77b82766e70a3888c409b7256dd33,,rc,,,,
Figure4 summary,"approved descriptive representation and corrected-discovery counts; six families, not independent group tests",,midpoint,,,消费调查/results/mpc_allx_screen/subjective_objective_summary.csv,15,c2e3b71621f77b82766e70a3888c409b7256dd33,,rc,,,,
Figure4 summary,"approved descriptive representation and corrected-discovery counts; six families, not independent group tests",,midpoint,,,消费调查/results/mpc_allx_screen/subjective_objective_summary.csv,16,c2e3b71621f77b82766e70a3888c409b7256dd33,,rc,,,,
Figure4 summary,"approved descriptive representation and corrected-discovery counts; six families, not independent group tests",,ordinal,,,消费调查/results/mpc_allx_screen/subjective_objective_summary.csv,17,c2e3b71621f77b82766e70a3888c409b7256dd33,,rc,,,,
Figure4 summary,"approved descriptive representation and corrected-discovery counts; six families, not independent group tests",,ordinal,,,消费调查/results/mpc_allx_screen/subjective_objective_summary.csv,18,c2e3b71621f77b82766e70a3888c409b7256dd33,,rc,,,,
Figure4 summary,"approved descriptive representation and corrected-discovery counts; six families, not independent group tests",,ordinal,,,消费调查/results/mpc_allx_screen/subjective_objective_summary.csv,19,c2e3b71621f77b82766e70a3888c409b7256dd33,,rc,,,,
Figure4 summary,"approved descriptive representation and corrected-discovery counts; six families, not independent group tests",,ordinal,,,消费调查/results/mpc_allx_screen/subjective_objective_summary.csv,20,c2e3b71621f77b82766e70a3888c409b7256dd33,,rc,,,,
Figure4 summary,"approved descriptive representation and corrected-discovery counts; six families, not independent group tests",,top75,,,消费调查/results/mpc_allx_screen/subjective_objective_summary.csv,21,c2e3b71621f77b82766e70a3888c409b7256dd33,,rc,,,,
Figure4 summary,"approved descriptive representation and corrected-discovery counts; six families, not independent group tests",,top75,,,消费调查/results/mpc_allx_screen/subjective_objective_summary.csv,22,c2e3b71621f77b82766e70a3888c409b7256dd33,,rc,,,,
Figure4 summary,"approved descriptive representation and corrected-discovery counts; six families, not independent group tests",,top75,,,消费调查/results/mpc_allx_screen/subjective_objective_summary.csv,23,c2e3b71621f77b82766e70a3888c409b7256dd33,,rc,,,,
Figure4 summary,"approved descriptive representation and corrected-discovery counts; six families, not independent group tests",,top75,,,消费调查/results/mpc_allx_screen/subjective_objective_summary.csv,24,c2e3b71621f77b82766e70a3888c409b7256dd33,,rc,,,,
Figure4,approved family minimum BH q; compact allowed layout,,ordinal,,,消费调查/results/mpc_allx_screen/family_summary.csv,1,c2e3b71621f77b82766e70a3888c409b7256dd33,,cash,,,,
Figure4,approved family minimum BH q; compact allowed layout,,midpoint,,,消费调查/results/mpc_allx_screen/family_summary.csv,2,c2e3b71621f77b82766e70a3888c409b7256dd33,,cash,,,,
Figure4,approved family minimum BH q; compact allowed layout,,top75,,,消费调查/results/mpc_allx_screen/family_summary.csv,3,c2e3b71621f77b82766e70a3888c409b7256dd33,,cash,,,,
Figure4,approved family minimum BH q; compact allowed layout,,ordinal,,,消费调查/results/mpc_allx_screen/family_summary.csv,4,c2e3b71621f77b82766e70a3888c409b7256dd33,,rc,,,,
Figure4,approved family minimum BH q; compact allowed layout,,midpoint,,,消费调查/results/mpc_allx_screen/family_summary.csv,5,c2e3b71621f77b82766e70a3888c409b7256dd33,,rc,,,,
Figure4,approved family minimum BH q; compact allowed layout,,top75,,,消费调查/results/mpc_allx_screen/family_summary.csv,6,c2e3b71621f77b82766e70a3888c409b7256dd33,,rc,,,,
Extended Data1,approved bootstrap-covariance threshold differential slopes and pointwise intervals,,,,,消费调查/results/mpc_final_strengthening/figB_source.csv,1,4c1281569c083507d00abd463f007baada3baffb,any_spending,,,,,
Extended Data1,approved bootstrap-covariance threshold differential slopes and pointwise intervals,,,,,消费调查/results/mpc_final_strengthening/figB_source.csv,2,4c1281569c083507d00abd463f007baada3baffb,ge10,,,,,
Extended Data1,approved bootstrap-covariance threshold differential slopes and pointwise intervals,,,,,消费调查/results/mpc_final_strengthening/figB_source.csv,3,4c1281569c083507d00abd463f007baada3baffb,ge25,,,,,
Extended Data1,approved bootstrap-covariance threshold differential slopes and pointwise intervals,,,,,消费调查/results/mpc_final_strengthening/figB_source.csv,4,4c1281569c083507d00abd463f007baada3baffb,ge50,,,,,
Extended Data1,approved bootstrap-covariance threshold differential slopes and pointwise intervals,,,,,消费调查/results/mpc_final_strengthening/figB_source.csv,5,4c1281569c083507d00abd463f007baada3baffb,top75,,,,,
Extended Data2,existing within-form changes and between-form changes / ratio contrasts; approved bootstrap percentile CIs,,,,,消费调查/results/mpc_final_strengthening/figC_source.csv,1,4c1281569c083507d00abd463f007baada3baffb,,,,probability_difference,,
Extended Data2,existing within-form changes and between-form changes / ratio contrasts; approved bootstrap percentile CIs,,,,,消费调查/results/mpc_final_strengthening/figC_source.csv,2,4c1281569c083507d00abd463f007baada3baffb,,,,risk_ratio,,
Extended Data2,existing within-form changes and between-form changes / ratio contrasts; approved bootstrap percentile CIs,,,,,消费调查/results/mpc_final_strengthening/figC_source.csv,3,4c1281569c083507d00abd463f007baada3baffb,,,,odds_ratio,,
Extended Data2,existing within-form changes and between-form changes / ratio contrasts; approved bootstrap percentile CIs,,,,,消费调查/results/mpc_final_strengthening/figC_source.csv,4,4c1281569c083507d00abd463f007baada3baffb,,,,probability_difference,,
Extended Data2,existing within-form changes and between-form changes / ratio contrasts; approved bootstrap percentile CIs,,,,,消费调查/results/mpc_final_strengthening/figC_source.csv,5,4c1281569c083507d00abd463f007baada3baffb,,,,risk_ratio,,
Extended Data2,existing within-form changes and between-form changes / ratio contrasts; approved bootstrap percentile CIs,,,,,消费调查/results/mpc_final_strengthening/figC_source.csv,6,4c1281569c083507d00abd463f007baada3baffb,,,,odds_ratio,,
Extended Data2,existing within-form changes and between-form changes / ratio contrasts; approved bootstrap percentile CIs,,,,,消费调查/results/mpc_final_strengthening/figC_source.csv,7,4c1281569c083507d00abd463f007baada3baffb,,,,probability_difference,,
Extended Data2,existing within-form changes and between-form changes / ratio contrasts; approved bootstrap percentile CIs,,,,,消费调查/results/mpc_final_strengthening/figC_source.csv,8,4c1281569c083507d00abd463f007baada3baffb,,,,risk_ratio,,
Extended Data2,existing within-form changes and between-form changes / ratio contrasts; approved bootstrap percentile CIs,,,,,消费调查/results/mpc_final_strengthening/figC_source.csv,9,4c1281569c083507d00abd463f007baada3baffb,,,,odds_ratio,,
Extended Data2,existing within-form changes and between-form changes / ratio contrasts; approved bootstrap percentile CIs,,,,,消费调查/results/mpc_final_strengthening/figC_source.csv,10,4c1281569c083507d00abd463f007baada3baffb,,,,probability_difference,,
Extended Data2,existing within-form changes and between-form changes / ratio contrasts; approved bootstrap percentile CIs,,,,,消费调查/results/mpc_final_strengthening/figC_source.csv,11,4c1281569c083507d00abd463f007baada3baffb,,,,risk_ratio,,
Extended Data2,existing within-form changes and between-form changes / ratio contrasts; approved bootstrap percentile CIs,,,,,消费调查/results/mpc_final_strengthening/figC_source.csv,12,4c1281569c083507d00abd463f007baada3baffb,,,,odds_ratio,,
Extended Data2,existing within-form changes and between-form changes / ratio contrasts; approved bootstrap percentile CIs,,,,,消费调查/results/mpc_final_strengthening/figC_source.csv,13,4c1281569c083507d00abd463f007baada3baffb,,,,probability_difference,,
Extended Data2,existing within-form changes and between-form changes / ratio contrasts; approved bootstrap percentile CIs,,,,,消费调查/results/mpc_final_strengthening/figC_source.csv,14,4c1281569c083507d00abd463f007baada3baffb,,,,ratio_of_risk_ratios,,
Extended Data2,existing within-form changes and between-form changes / ratio contrasts; approved bootstrap percentile CIs,,,,,消费调查/results/mpc_final_strengthening/figC_source.csv,15,4c1281569c083507d00abd463f007baada3baffb,,,,ratio_of_odds_ratios,,
Extended Data2,existing within-form changes and between-form changes / ratio contrasts; approved bootstrap percentile CIs,,,,,消费调查/results/mpc_final_strengthening/figC_source.csv,16,4c1281569c083507d00abd463f007baada3baffb,,,,probability_difference,,
Extended Data2,existing within-form changes and between-form changes / ratio contrasts; approved bootstrap percentile CIs,,,,,消费调查/results/mpc_final_strengthening/figC_source.csv,17,4c1281569c083507d00abd463f007baada3baffb,,,,ratio_of_risk_ratios,,
Extended Data2,existing within-form changes and between-form changes / ratio contrasts; approved bootstrap percentile CIs,,,,,消费调查/results/mpc_final_strengthening/figC_source.csv,18,4c1281569c083507d00abd463f007baada3baffb,,,,ratio_of_odds_ratios,,
Extended Data2,existing within-form changes and between-form changes / ratio contrasts; approved bootstrap percentile CIs,,,,,消费调查/results/mpc_final_strengthening/figC_source.csv,19,4c1281569c083507d00abd463f007baada3baffb,,,,probability_difference,,
Extended Data2,existing within-form changes and between-form changes / ratio contrasts; approved bootstrap percentile CIs,,,,,消费调查/results/mpc_final_strengthening/figC_source.csv,20,4c1281569c083507d00abd463f007baada3baffb,,,,ratio_of_risk_ratios,,
Extended Data2,existing within-form changes and between-form changes / ratio contrasts; approved bootstrap percentile CIs,,,,,消费调查/results/mpc_final_strengthening/figC_source.csv,21,4c1281569c083507d00abd463f007baada3baffb,,,,ratio_of_odds_ratios,,
Extended Data3,"approved comparable RC interaction estimates: fixed order, original pointwise HC3/HC1 delta intervals",,,,,消费调查/results/mpc_final_strengthening/figD_source.csv,1,4c1281569c083507d00abd463f007baada3baffb,,,,midpoint_proxy,midpoint,R
Extended Data3,"approved comparable RC interaction estimates: fixed order, original pointwise HC3/HC1 delta intervals",,,,,消费调查/results/mpc_final_strengthening/figD_source.csv,2,4c1281569c083507d00abd463f007baada3baffb,,,,probability,top75,R
Extended Data3,"approved comparable RC interaction estimates: fixed order, original pointwise HC3/HC1 delta intervals",,,,,消费调查/results/mpc_final_strengthening/figD_source.csv,3,4c1281569c083507d00abd463f007baada3baffb,,,,probability,top75_logit_AME,R
Extended Data3,"approved comparable RC interaction estimates: fixed order, original pointwise HC3/HC1 delta intervals",,,,,消费调查/results/mpc_final_strengthening/figD_source.csv,4,4c1281569c083507d00abd463f007baada3baffb,,,,midpoint_proxy,midpoint,R
Extended Data3,"approved comparable RC interaction estimates: fixed order, original pointwise HC3/HC1 delta intervals",,,,,消费调查/results/mpc_final_strengthening/figD_source.csv,5,4c1281569c083507d00abd463f007baada3baffb,,,,probability,top75,R
Extended Data3,"approved comparable RC interaction estimates: fixed order, original pointwise HC3/HC1 delta intervals",,,,,消费调查/results/mpc_final_strengthening/figD_source.csv,6,4c1281569c083507d00abd463f007baada3baffb,,,,probability,top75_logit_AME,R
Extended Data3,"approved comparable RC interaction estimates: fixed order, original pointwise HC3/HC1 delta intervals",,,,,消费调查/results/mpc_final_strengthening/figD_source.csv,7,4c1281569c083507d00abd463f007baada3baffb,,,,midpoint_proxy,midpoint,R
Extended Data3,"approved comparable RC interaction estimates: fixed order, original pointwise HC3/HC1 delta intervals",,,,,消费调查/results/mpc_final_strengthening/figD_source.csv,8,4c1281569c083507d00abd463f007baada3baffb,,,,probability,top75,R
Extended Data3,"approved comparable RC interaction estimates: fixed order, original pointwise HC3/HC1 delta intervals",,,,,消费调查/results/mpc_final_strengthening/figD_source.csv,9,4c1281569c083507d00abd463f007baada3baffb,,,,probability,top75_logit_AME,R
Extended Data3,"approved comparable RC interaction estimates: fixed order, original pointwise HC3/HC1 delta intervals",,,,,消费调查/results/mpc_final_strengthening/figD_source.csv,10,4c1281569c083507d00abd463f007baada3baffb,,,,midpoint_proxy,midpoint,R
Extended Data3,"approved comparable RC interaction estimates: fixed order, original pointwise HC3/HC1 delta intervals",,,,,消费调查/results/mpc_final_strengthening/figD_source.csv,11,4c1281569c083507d00abd463f007baada3baffb,,,,probability,top75,R
Extended Data3,"approved comparable RC interaction estimates: fixed order, original pointwise HC3/HC1 delta intervals",,,,,消费调查/results/mpc_final_strengthening/figD_source.csv,12,4c1281569c083507d00abd463f007baada3baffb,,,,probability,top75_logit_AME,R
Extended Data3,"approved comparable RC interaction estimates: fixed order, original pointwise HC3/HC1 delta intervals",,,,,消费调查/results/mpc_final_strengthening/figD_source.csv,13,4c1281569c083507d00abd463f007baada3baffb,,,,midpoint_proxy,midpoint,A
Extended Data3,"approved comparable RC interaction estimates: fixed order, original pointwise HC3/HC1 delta intervals",,,,,消费调查/results/mpc_final_strengthening/figD_source.csv,14,4c1281569c083507d00abd463f007baada3baffb,,,,probability,top75,A
Extended Data3,"approved comparable RC interaction estimates: fixed order, original pointwise HC3/HC1 delta intervals",,,,,消费调查/results/mpc_final_strengthening/figD_source.csv,15,4c1281569c083507d00abd463f007baada3baffb,,,,probability,top75_logit_AME,A
Extended Data3,"approved comparable RC interaction estimates: fixed order, original pointwise HC3/HC1 delta intervals",,,,,消费调查/results/mpc_final_strengthening/figD_source.csv,16,4c1281569c083507d00abd463f007baada3baffb,,,,midpoint_proxy,midpoint,A
Extended Data3,"approved comparable RC interaction estimates: fixed order, original pointwise HC3/HC1 delta intervals",,,,,消费调查/results/mpc_final_strengthening/figD_source.csv,17,4c1281569c083507d00abd463f007baada3baffb,,,,probability,top75,A
Extended Data3,"approved comparable RC interaction estimates: fixed order, original pointwise HC3/HC1 delta intervals",,,,,消费调查/results/mpc_final_strengthening/figD_source.csv,18,4c1281569c083507d00abd463f007baada3baffb,,,,probability,top75_logit_AME,A
Extended Data3,"approved comparable RC interaction estimates: fixed order, original pointwise HC3/HC1 delta intervals",,,,,消费调查/results/mpc_final_strengthening/figD_source.csv,19,4c1281569c083507d00abd463f007baada3baffb,,,,midpoint_proxy,midpoint,A
Extended Data3,"approved comparable RC interaction estimates: fixed order, original pointwise HC3/HC1 delta intervals",,,,,消费调查/results/mpc_final_strengthening/figD_source.csv,20,4c1281569c083507d00abd463f007baada3baffb,,,,probability,top75,A
Extended Data3,"approved comparable RC interaction estimates: fixed order, original pointwise HC3/HC1 delta intervals",,,,,消费调查/results/mpc_final_strengthening/figD_source.csv,21,4c1281569c083507d00abd463f007baada3baffb,,,,probability,top75_logit_AME,A
Extended Data3,"approved comparable RC interaction estimates: fixed order, original pointwise HC3/HC1 delta intervals",,,,,消费调查/results/mpc_final_strengthening/figD_source.csv,22,4c1281569c083507d00abd463f007baada3baffb,,,,midpoint_proxy,midpoint,A
Extended Data3,"approved comparable RC interaction estimates: fixed order, original pointwise HC3/HC1 delta intervals",,,,,消费调查/results/mpc_final_strengthening/figD_source.csv,23,4c1281569c083507d00abd463f007baada3baffb,,,,probability,top75,A
Extended Data3,"approved comparable RC interaction estimates: fixed order, original pointwise HC3/HC1 delta intervals",,,,,消费调查/results/mpc_final_strengthening/figD_source.csv,24,4c1281569c083507d00abd463f007baada3baffb,,,,probability,top75_logit_AME,A
Extended Data3,"approved comparable RC interaction estimates: fixed order, original pointwise HC3/HC1 delta intervals",,,,,消费调查/results/mpc_final_strengthening/figD_source.csv,25,4c1281569c083507d00abd463f007baada3baffb,,,,midpoint_proxy,midpoint,C
Extended Data3,"approved comparable RC interaction estimates: fixed order, original pointwise HC3/HC1 delta intervals",,,,,消费调查/results/mpc_final_strengthening/figD_source.csv,26,4c1281569c083507d00abd463f007baada3baffb,,,,probability,top75,C
Extended Data3,"approved comparable RC interaction estimates: fixed order, original pointwise HC3/HC1 delta intervals",,,,,消费调查/results/mpc_final_strengthening/figD_source.csv,27,4c1281569c083507d00abd463f007baada3baffb,,,,probability,top75_logit_AME,C
Extended Data3,"approved comparable RC interaction estimates: fixed order, original pointwise HC3/HC1 delta intervals",,,,,消费调查/results/mpc_final_strengthening/figD_source.csv,28,4c1281569c083507d00abd463f007baada3baffb,,,,midpoint_proxy,midpoint,C
Extended Data3,"approved comparable RC interaction estimates: fixed order, original pointwise HC3/HC1 delta intervals",,,,,消费调查/results/mpc_final_strengthening/figD_source.csv,29,4c1281569c083507d00abd463f007baada3baffb,,,,probability,top75,C
Extended Data3,"approved comparable RC interaction estimates: fixed order, original pointwise HC3/HC1 delta intervals",,,,,消费调查/results/mpc_final_strengthening/figD_source.csv,30,4c1281569c083507d00abd463f007baada3baffb,,,,probability,top75_logit_AME,C
Extended Data3,"approved comparable RC interaction estimates: fixed order, original pointwise HC3/HC1 delta intervals",,,,,消费调查/results/mpc_final_strengthening/figD_source.csv,31,4c1281569c083507d00abd463f007baada3baffb,,,,midpoint_proxy,midpoint,C
Extended Data3,"approved comparable RC interaction estimates: fixed order, original pointwise HC3/HC1 delta intervals",,,,,消费调查/results/mpc_final_strengthening/figD_source.csv,32,4c1281569c083507d00abd463f007baada3baffb,,,,probability,top75,C
Extended Data3,"approved comparable RC interaction estimates: fixed order, original pointwise HC3/HC1 delta intervals",,,,,消费调查/results/mpc_final_strengthening/figD_source.csv,33,4c1281569c083507d00abd463f007baada3baffb,,,,probability,top75_logit_AME,C
Extended Data3,"approved comparable RC interaction estimates: fixed order, original pointwise HC3/HC1 delta intervals",,,,,消费调查/results/mpc_final_strengthening/figD_source.csv,34,4c1281569c083507d00abd463f007baada3baffb,,,,midpoint_proxy,midpoint,C
Extended Data3,"approved comparable RC interaction estimates: fixed order, original pointwise HC3/HC1 delta intervals",,,,,消费调查/results/mpc_final_strengthening/figD_source.csv,35,4c1281569c083507d00abd463f007baada3baffb,,,,probability,top75,C
Extended Data3,"approved comparable RC interaction estimates: fixed order, original pointwise HC3/HC1 delta intervals",,,,,消费调查/results/mpc_final_strengthening/figD_source.csv,36,4c1281569c083507d00abd463f007baada3baffb,,,,probability,top75_logit_AME,C
Extended Data3,"approved comparable RC interaction estimates: fixed order, original pointwise HC3/HC1 delta intervals",,,,,消费调查/results/mpc_final_strengthening/figD_source.csv,37,4c1281569c083507d00abd463f007baada3baffb,,,,midpoint_proxy,midpoint,Q1
Extended Data3,"approved comparable RC interaction estimates: fixed order, original pointwise HC3/HC1 delta intervals",,,,,消费调查/results/mpc_final_strengthening/figD_source.csv,38,4c1281569c083507d00abd463f007baada3baffb,,,,probability,top75,Q1
Extended Data3,"approved comparable RC interaction estimates: fixed order, original pointwise HC3/HC1 delta intervals",,,,,消费调查/results/mpc_final_strengthening/figD_source.csv,39,4c1281569c083507d00abd463f007baada3baffb,,,,probability,top75_logit_AME,Q1
Extended Data3,"approved comparable RC interaction estimates: fixed order, original pointwise HC3/HC1 delta intervals",,,,,消费调查/results/mpc_final_strengthening/figD_source.csv,40,4c1281569c083507d00abd463f007baada3baffb,,,,midpoint_proxy,midpoint,Q1
Extended Data3,"approved comparable RC interaction estimates: fixed order, original pointwise HC3/HC1 delta intervals",,,,,消费调查/results/mpc_final_strengthening/figD_source.csv,41,4c1281569c083507d00abd463f007baada3baffb,,,,probability,top75,Q1
Extended Data3,"approved comparable RC interaction estimates: fixed order, original pointwise HC3/HC1 delta intervals",,,,,消费调查/results/mpc_final_strengthening/figD_source.csv,42,4c1281569c083507d00abd463f007baada3baffb,,,,probability,top75_logit_AME,Q1
Extended Data3,"approved comparable RC interaction estimates: fixed order, original pointwise HC3/HC1 delta intervals",,,,,消费调查/results/mpc_final_strengthening/figD_source.csv,43,4c1281569c083507d00abd463f007baada3baffb,,,,midpoint_proxy,midpoint,Q1
Extended Data3,"approved comparable RC interaction estimates: fixed order, original pointwise HC3/HC1 delta intervals",,,,,消费调查/results/mpc_final_strengthening/figD_source.csv,44,4c1281569c083507d00abd463f007baada3baffb,,,,probability,top75,Q1
Extended Data3,"approved comparable RC interaction estimates: fixed order, original pointwise HC3/HC1 delta intervals",,,,,消费调查/results/mpc_final_strengthening/figD_source.csv,45,4c1281569c083507d00abd463f007baada3baffb,,,,probability,top75_logit_AME,Q1
Extended Data3,"approved comparable RC interaction estimates: fixed order, original pointwise HC3/HC1 delta intervals",,,,,消费调查/results/mpc_final_strengthening/figD_source.csv,46,4c1281569c083507d00abd463f007baada3baffb,,,,midpoint_proxy,midpoint,Q1
Extended Data3,"approved comparable RC interaction estimates: fixed order, original pointwise HC3/HC1 delta intervals",,,,,消费调查/results/mpc_final_strengthening/figD_source.csv,47,4c1281569c083507d00abd463f007baada3baffb,,,,probability,top75,Q1
Extended Data3,"approved comparable RC interaction estimates: fixed order, original pointwise HC3/HC1 delta intervals",,,,,消费调查/results/mpc_final_strengthening/figD_source.csv,48,4c1281569c083507d00abd463f007baada3baffb,,,,probability,top75_logit_AME,Q1
Extended Data3,"approved comparable RC interaction estimates: fixed order, original pointwise HC3/HC1 delta intervals",,,,,消费调查/results/mpc_final_strengthening/figD_source.csv,49,4c1281569c083507d00abd463f007baada3baffb,,,,midpoint_proxy,midpoint,Q2
Extended Data3,"approved comparable RC interaction estimates: fixed order, original pointwise HC3/HC1 delta intervals",,,,,消费调查/results/mpc_final_strengthening/figD_source.csv,50,4c1281569c083507d00abd463f007baada3baffb,,,,probability,top75,Q2
Extended Data3,"approved comparable RC interaction estimates: fixed order, original pointwise HC3/HC1 delta intervals",,,,,消费调查/results/mpc_final_strengthening/figD_source.csv,51,4c1281569c083507d00abd463f007baada3baffb,,,,probability,top75_logit_AME,Q2
Extended Data3,"approved comparable RC interaction estimates: fixed order, original pointwise HC3/HC1 delta intervals",,,,,消费调查/results/mpc_final_strengthening/figD_source.csv,52,4c1281569c083507d00abd463f007baada3baffb,,,,midpoint_proxy,midpoint,Q2
Extended Data3,"approved comparable RC interaction estimates: fixed order, original pointwise HC3/HC1 delta intervals",,,,,消费调查/results/mpc_final_strengthening/figD_source.csv,53,4c1281569c083507d00abd463f007baada3baffb,,,,probability,top75,Q2
Extended Data3,"approved comparable RC interaction estimates: fixed order, original pointwise HC3/HC1 delta intervals",,,,,消费调查/results/mpc_final_strengthening/figD_source.csv,54,4c1281569c083507d00abd463f007baada3baffb,,,,probability,top75_logit_AME,Q2
Extended Data3,"approved comparable RC interaction estimates: fixed order, original pointwise HC3/HC1 delta intervals",,,,,消费调查/results/mpc_final_strengthening/figD_source.csv,55,4c1281569c083507d00abd463f007baada3baffb,,,,midpoint_proxy,midpoint,Q2
Extended Data3,"approved comparable RC interaction estimates: fixed order, original pointwise HC3/HC1 delta intervals",,,,,消费调查/results/mpc_final_strengthening/figD_source.csv,56,4c1281569c083507d00abd463f007baada3baffb,,,,probability,top75,Q2
Extended Data3,"approved comparable RC interaction estimates: fixed order, original pointwise HC3/HC1 delta intervals",,,,,消费调查/results/mpc_final_strengthening/figD_source.csv,57,4c1281569c083507d00abd463f007baada3baffb,,,,probability,top75_logit_AME,Q2
Extended Data3,"approved comparable RC interaction estimates: fixed order, original pointwise HC3/HC1 delta intervals",,,,,消费调查/results/mpc_final_strengthening/figD_source.csv,58,4c1281569c083507d00abd463f007baada3baffb,,,,midpoint_proxy,midpoint,Q2
Extended Data3,"approved comparable RC interaction estimates: fixed order, original pointwise HC3/HC1 delta intervals",,,,,消费调查/results/mpc_final_strengthening/figD_source.csv,59,4c1281569c083507d00abd463f007baada3baffb,,,,probability,top75,Q2
Extended Data3,"approved comparable RC interaction estimates: fixed order, original pointwise HC3/HC1 delta intervals",,,,,消费调查/results/mpc_final_strengthening/figD_source.csv,60,4c1281569c083507d00abd463f007baada3baffb,,,,probability,top75_logit_AME,Q2
Extended Data4,approved midpoint share and implied amount×share with existing bootstrap CIs,,,cash,200.0,消费调查/results/mpc_final_strengthening/figE_source.csv,1,4c1281569c083507d00abd463f007baada3baffb,,,,,,
Extended Data4,approved midpoint share and implied amount×share with existing bootstrap CIs,,,cash,1000.0,消费调查/results/mpc_final_strengthening/figE_source.csv,2,4c1281569c083507d00abd463f007baada3baffb,,,,,,
Extended Data4,approved midpoint share and implied amount×share with existing bootstrap CIs,,,cash,5000.0,消费调查/results/mpc_final_strengthening/figE_source.csv,3,4c1281569c083507d00abd463f007baada3baffb,,,,,,
Extended Data4,approved midpoint share and implied amount×share with existing bootstrap CIs,,,food,200.0,消费调查/results/mpc_final_strengthening/figE_source.csv,4,4c1281569c083507d00abd463f007baada3baffb,,,,,,
Extended Data4,approved midpoint share and implied amount×share with existing bootstrap CIs,,,food,1000.0,消费调查/results/mpc_final_strengthening/figE_source.csv,5,4c1281569c083507d00abd463f007baada3baffb,,,,,,
Extended Data4,approved midpoint share and implied amount×share with existing bootstrap CIs,,,food,5000.0,消费调查/results/mpc_final_strengthening/figE_source.csv,6,4c1281569c083507d00abd463f007baada3baffb,,,,,,
Extended Data4,approved midpoint share and implied amount×share with existing bootstrap CIs,,,medical,200.0,消费调查/results/mpc_final_strengthening/figE_source.csv,7,4c1281569c083507d00abd463f007baada3baffb,,,,,,
Extended Data4,approved midpoint share and implied amount×share with existing bootstrap CIs,,,medical,1000.0,消费调查/results/mpc_final_strengthening/figE_source.csv,8,4c1281569c083507d00abd463f007baada3baffb,,,,,,
Extended Data4,approved midpoint share and implied amount×share with existing bootstrap CIs,,,medical,5000.0,消费调查/results/mpc_final_strengthening/figE_source.csv,9,4c1281569c083507d00abd463f007baada3baffb,,,,,,
Extended Data4,approved midpoint share and implied amount×share with existing bootstrap CIs,,,restricted,200.0,消费调查/results/mpc_final_strengthening/figE_source.csv,10,4c1281569c083507d00abd463f007baada3baffb,,,,,,
Extended Data4,approved midpoint share and implied amount×share with existing bootstrap CIs,,,restricted,1000.0,消费调查/results/mpc_final_strengthening/figE_source.csv,11,4c1281569c083507d00abd463f007baada3baffb,,,,,,
Extended Data4,approved midpoint share and implied amount×share with existing bootstrap CIs,,,restricted,5000.0,消费调查/results/mpc_final_strengthening/figE_source.csv,12,4c1281569c083507d00abd463f007baada3baffb,,,,,,
Extended Data5 / Figure S distribution,approved unconditional category p1-p6 at each randomized form×amount; no new counts or smoothing,,,cash,200.0,消费调查/results/mpc_size_curve/fig2_source.csv,1,5d2692658847657c6b46ded83242fa2725a0c0c6,,,,,,
Extended Data5 / Figure S distribution,approved unconditional category p1-p6 at each randomized form×amount; no new counts or smoothing,,,cash,1000.0,消费调查/results/mpc_size_curve/fig2_source.csv,2,5d2692658847657c6b46ded83242fa2725a0c0c6,,,,,,
Extended Data5 / Figure S distribution,approved unconditional category p1-p6 at each randomized form×amount; no new counts or smoothing,,,cash,5000.0,消费调查/results/mpc_size_curve/fig2_source.csv,3,5d2692658847657c6b46ded83242fa2725a0c0c6,,,,,,
Extended Data5 / Figure S distribution,approved unconditional category p1-p6 at each randomized form×amount; no new counts or smoothing,,,food,200.0,消费调查/results/mpc_size_curve/fig2_source.csv,4,5d2692658847657c6b46ded83242fa2725a0c0c6,,,,,,
Extended Data5 / Figure S distribution,approved unconditional category p1-p6 at each randomized form×amount; no new counts or smoothing,,,food,1000.0,消费调查/results/mpc_size_curve/fig2_source.csv,5,5d2692658847657c6b46ded83242fa2725a0c0c6,,,,,,
Extended Data5 / Figure S distribution,approved unconditional category p1-p6 at each randomized form×amount; no new counts or smoothing,,,food,5000.0,消费调查/results/mpc_size_curve/fig2_source.csv,6,5d2692658847657c6b46ded83242fa2725a0c0c6,,,,,,
Extended Data5 / Figure S distribution,approved unconditional category p1-p6 at each randomized form×amount; no new counts or smoothing,,,medical,200.0,消费调查/results/mpc_size_curve/fig2_source.csv,7,5d2692658847657c6b46ded83242fa2725a0c0c6,,,,,,
Extended Data5 / Figure S distribution,approved unconditional category p1-p6 at each randomized form×amount; no new counts or smoothing,,,medical,1000.0,消费调查/results/mpc_size_curve/fig2_source.csv,8,5d2692658847657c6b46ded83242fa2725a0c0c6,,,,,,
Extended Data5 / Figure S distribution,approved unconditional category p1-p6 at each randomized form×amount; no new counts or smoothing,,,medical,5000.0,消费调查/results/mpc_size_curve/fig2_source.csv,9,5d2692658847657c6b46ded83242fa2725a0c0c6,,,,,,
Extended Data6,"approved scalar interactions per R SD, factor omnibus raw p at x=0 solely for display; no new standardization, ranking or threshold selection",,ordinal,,,消费调查/results/mpc_allx_screen/all_screen_results.csv,1,c2e3b71621f77b82766e70a3888c409b7256dd33,,cash,q01_lifesat,,,
Extended Data6,"approved scalar interactions per R SD, factor omnibus raw p at x=0 solely for display; no new standardization, ranking or threshold selection",,ordinal,,,消费调查/results/mpc_allx_screen/all_screen_results.csv,2,c2e3b71621f77b82766e70a3888c409b7256dd33,,rc,q01_lifesat,,,
Extended Data6,"approved scalar interactions per R SD, factor omnibus raw p at x=0 solely for display; no new standardization, ranking or threshold selection",,midpoint,,,消费调查/results/mpc_allx_screen/all_screen_results.csv,5,c2e3b71621f77b82766e70a3888c409b7256dd33,,cash,q01_lifesat,,,
Extended Data6,"approved scalar interactions per R SD, factor omnibus raw p at x=0 solely for display; no new standardization, ranking or threshold selection",,midpoint,,,消费调查/results/mpc_allx_screen/all_screen_results.csv,6,c2e3b71621f77b82766e70a3888c409b7256dd33,,rc,q01_lifesat,,,
Extended Data6,"approved scalar interactions per R SD, factor omnibus raw p at x=0 solely for display; no new standardization, ranking or threshold selection",,top75,,,消费调查/results/mpc_allx_screen/all_screen_results.csv,9,c2e3b71621f77b82766e70a3888c409b7256dd33,,cash,q01_lifesat,,,
Extended Data6,"approved scalar interactions per R SD, factor omnibus raw p at x=0 solely for display; no new standardization, ranking or threshold selection",,top75,,,消费调查/results/mpc_allx_screen/all_screen_results.csv,10,c2e3b71621f77b82766e70a3888c409b7256dd33,,rc,q01_lifesat,,,
Extended Data6,"approved scalar interactions per R SD, factor omnibus raw p at x=0 solely for display; no new standardization, ranking or threshold selection",,ordinal,,,消费调查/results/mpc_allx_screen/all_screen_results.csv,13,c2e3b71621f77b82766e70a3888c409b7256dd33,,cash,q02_safety,,,
Extended Data6,"approved scalar interactions per R SD, factor omnibus raw p at x=0 solely for display; no new standardization, ranking or threshold selection",,ordinal,,,消费调查/results/mpc_allx_screen/all_screen_results.csv,14,c2e3b71621f77b82766e70a3888c409b7256dd33,,rc,q02_safety,,,
Extended Data6,"approved scalar interactions per R SD, factor omnibus raw p at x=0 solely for display; no new standardization, ranking or threshold selection",,midpoint,,,消费调查/results/mpc_allx_screen/all_screen_results.csv,17,c2e3b71621f77b82766e70a3888c409b7256dd33,,cash,q02_safety,,,
Extended Data6,"approved scalar interactions per R SD, factor omnibus raw p at x=0 solely for display; no new standardization, ranking or threshold selection",,midpoint,,,消费调查/results/mpc_allx_screen/all_screen_results.csv,18,c2e3b71621f77b82766e70a3888c409b7256dd33,,rc,q02_safety,,,
Extended Data6,"approved scalar interactions per R SD, factor omnibus raw p at x=0 solely for display; no new standardization, ranking or threshold selection",,top75,,,消费调查/results/mpc_allx_screen/all_screen_results.csv,21,c2e3b71621f77b82766e70a3888c409b7256dd33,,cash,q02_safety,,,
Extended Data6,"approved scalar interactions per R SD, factor omnibus raw p at x=0 solely for display; no new standardization, ranking or threshold selection",,top75,,,消费调查/results/mpc_allx_screen/all_screen_results.csv,22,c2e3b71621f77b82766e70a3888c409b7256dd33,,rc,q02_safety,,,
Extended Data6,"approved scalar interactions per R SD, factor omnibus raw p at x=0 solely for display; no new standardization, ranking or threshold selection",,ordinal,,,消费调查/results/mpc_allx_screen/all_screen_results.csv,25,c2e3b71621f77b82766e70a3888c409b7256dd33,,cash,q03a_fair_dist,,,
Extended Data6,"approved scalar interactions per R SD, factor omnibus raw p at x=0 solely for display; no new standardization, ranking or threshold selection",,ordinal,,,消费调查/results/mpc_allx_screen/all_screen_results.csv,26,c2e3b71621f77b82766e70a3888c409b7256dd33,,rc,q03a_fair_dist,,,
Extended Data6,"approved scalar interactions per R SD, factor omnibus raw p at x=0 solely for display; no new standardization, ranking or threshold selection",,midpoint,,,消费调查/results/mpc_allx_screen/all_screen_results.csv,29,c2e3b71621f77b82766e70a3888c409b7256dd33,,cash,q03a_fair_dist,,,
Extended Data6,"approved scalar interactions per R SD, factor omnibus raw p at x=0 solely for display; no new standardization, ranking or threshold selection",,midpoint,,,消费调查/results/mpc_allx_screen/all_screen_results.csv,30,c2e3b71621f77b82766e70a3888c409b7256dd33,,rc,q03a_fair_dist,,,
Extended Data6,"approved scalar interactions per R SD, factor omnibus raw p at x=0 solely for display; no new standardization, ranking or threshold selection",,top75,,,消费调查/results/mpc_allx_screen/all_screen_results.csv,33,c2e3b71621f77b82766e70a3888c409b7256dd33,,cash,q03a_fair_dist,,,
Extended Data6,"approved scalar interactions per R SD, factor omnibus raw p at x=0 solely for display; no new standardization, ranking or threshold selection",,top75,,,消费调查/results/mpc_allx_screen/all_screen_results.csv,34,c2e3b71621f77b82766e70a3888c409b7256dd33,,rc,q03a_fair_dist,,,
Extended Data6,"approved scalar interactions per R SD, factor omnibus raw p at x=0 solely for display; no new standardization, ranking or threshold selection",,ordinal,,,消费调查/results/mpc_allx_screen/all_screen_results.csv,37,c2e3b71621f77b82766e70a3888c409b7256dd33,,cash,q03b_fair_opp,,,
Extended Data6,"approved scalar interactions per R SD, factor omnibus raw p at x=0 solely for display; no new standardization, ranking or threshold selection",,ordinal,,,消费调查/results/mpc_allx_screen/all_screen_results.csv,38,c2e3b71621f77b82766e70a3888c409b7256dd33,,rc,q03b_fair_opp,,,
Extended Data6,"approved scalar interactions per R SD, factor omnibus raw p at x=0 solely for display; no new standardization, ranking or threshold selection",,midpoint,,,消费调查/results/mpc_allx_screen/all_screen_results.csv,41,c2e3b71621f77b82766e70a3888c409b7256dd33,,cash,q03b_fair_opp,,,
Extended Data6,"approved scalar interactions per R SD, factor omnibus raw p at x=0 solely for display; no new standardization, ranking or threshold selection",,midpoint,,,消费调查/results/mpc_allx_screen/all_screen_results.csv,42,c2e3b71621f77b82766e70a3888c409b7256dd33,,rc,q03b_fair_opp,,,
Extended Data6,"approved scalar interactions per R SD, factor omnibus raw p at x=0 solely for display; no new standardization, ranking or threshold selection",,top75,,,消费调查/results/mpc_allx_screen/all_screen_results.csv,45,c2e3b71621f77b82766e70a3888c409b7256dd33,,cash,q03b_fair_opp,,,
Extended Data6,"approved scalar interactions per R SD, factor omnibus raw p at x=0 solely for display; no new standardization, ranking or threshold selection",,top75,,,消费调查/results/mpc_allx_screen/all_screen_results.csv,46,c2e3b71621f77b82766e70a3888c409b7256dd33,,rc,q03b_fair_opp,,,
Extended Data6,"approved scalar interactions per R SD, factor omnibus raw p at x=0 solely for display; no new standardization, ranking or threshold selection",,ordinal,,,消费调查/results/mpc_allx_screen/all_screen_results.csv,49,c2e3b71621f77b82766e70a3888c409b7256dd33,,cash,q03c_fair_rule,,,
Extended Data6,"approved scalar interactions per R SD, factor omnibus raw p at x=0 solely for display; no new standardization, ranking or threshold selection",,ordinal,,,消费调查/results/mpc_allx_screen/all_screen_results.csv,50,c2e3b71621f77b82766e70a3888c409b7256dd33,,rc,q03c_fair_rule,,,
Extended Data6,"approved scalar interactions per R SD, factor omnibus raw p at x=0 solely for display; no new standardization, ranking or threshold selection",,midpoint,,,消费调查/results/mpc_allx_screen/all_screen_results.csv,53,c2e3b71621f77b82766e70a3888c409b7256dd33,,cash,q03c_fair_rule,,,
Extended Data6,"approved scalar interactions per R SD, factor omnibus raw p at x=0 solely for display; no new standardization, ranking or threshold selection",,midpoint,,,消费调查/results/mpc_allx_screen/all_screen_results.csv,54,c2e3b71621f77b82766e70a3888c409b7256dd33,,rc,q03c_fair_rule,,,
Extended Data6,"approved scalar interactions per R SD, factor omnibus raw p at x=0 solely for display; no new standardization, ranking or threshold selection",,top75,,,消费调查/results/mpc_allx_screen/all_screen_results.csv,57,c2e3b71621f77b82766e70a3888c409b7256dd33,,cash,q03c_fair_rule,,,
Extended Data6,"approved scalar interactions per R SD, factor omnibus raw p at x=0 solely for display; no new standardization, ranking or threshold selection",,top75,,,消费调查/results/mpc_allx_screen/all_screen_results.csv,58,c2e3b71621f77b82766e70a3888c409b7256dd33,,rc,q03c_fair_rule,,,
Extended Data6,"approved scalar interactions per R SD, factor omnibus raw p at x=0 solely for display; no new standardization, ranking or threshold selection",,ordinal,,,消费调查/results/mpc_allx_screen/all_screen_results.csv,61,c2e3b71621f77b82766e70a3888c409b7256dd33,,cash,q04_trust_gov,,,
Extended Data6,"approved scalar interactions per R SD, factor omnibus raw p at x=0 solely for display; no new standardization, ranking or threshold selection",,ordinal,,,消费调查/results/mpc_allx_screen/all_screen_results.csv,62,c2e3b71621f77b82766e70a3888c409b7256dd33,,rc,q04_trust_gov,,,
Extended Data6,"approved scalar interactions per R SD, factor omnibus raw p at x=0 solely for display; no new standardization, ranking or threshold selection",,midpoint,,,消费调查/results/mpc_allx_screen/all_screen_results.csv,65,c2e3b71621f77b82766e70a3888c409b7256dd33,,cash,q04_trust_gov,,,
Extended Data6,"approved scalar interactions per R SD, factor omnibus raw p at x=0 solely for display; no new standardization, ranking or threshold selection",,midpoint,,,消费调查/results/mpc_allx_screen/all_screen_results.csv,66,c2e3b71621f77b82766e70a3888c409b7256dd33,,rc,q04_trust_gov,,,
Extended Data6,"approved scalar interactions per R SD, factor omnibus raw p at x=0 solely for display; no new standardization, ranking or threshold selection",,top75,,,消费调查/results/mpc_allx_screen/all_screen_results.csv,69,c2e3b71621f77b82766e70a3888c409b7256dd33,,cash,q04_trust_gov,,,
Extended Data6,"approved scalar interactions per R SD, factor omnibus raw p at x=0 solely for display; no new standardization, ranking or threshold selection",,top75,,,消费调查/results/mpc_allx_screen/all_screen_results.csv,70,c2e3b71621f77b82766e70a3888c409b7256dd33,,rc,q04_trust_gov,,,
Extended Data6,"approved scalar interactions per R SD, factor omnibus raw p at x=0 solely for display; no new standardization, ranking or threshold selection",,ordinal,,,消费调查/results/mpc_allx_screen/all_screen_results.csv,73,c2e3b71621f77b82766e70a3888c409b7256dd33,,cash,q05_trust_soc,,,
Extended Data6,"approved scalar interactions per R SD, factor omnibus raw p at x=0 solely for display; no new standardization, ranking or threshold selection",,ordinal,,,消费调查/results/mpc_allx_screen/all_screen_results.csv,74,c2e3b71621f77b82766e70a3888c409b7256dd33,,rc,q05_trust_soc,,,
Extended Data6,"approved scalar interactions per R SD, factor omnibus raw p at x=0 solely for display; no new standardization, ranking or threshold selection",,midpoint,,,消费调查/results/mpc_allx_screen/all_screen_results.csv,77,c2e3b71621f77b82766e70a3888c409b7256dd33,,cash,q05_trust_soc,,,
Extended Data6,"approved scalar interactions per R SD, factor omnibus raw p at x=0 solely for display; no new standardization, ranking or threshold selection",,midpoint,,,消费调查/results/mpc_allx_screen/all_screen_results.csv,78,c2e3b71621f77b82766e70a3888c409b7256dd33,,rc,q05_trust_soc,,,
Extended Data6,"approved scalar interactions per R SD, factor omnibus raw p at x=0 solely for display; no new standardization, ranking or threshold selection",,top75,,,消费调查/results/mpc_allx_screen/all_screen_results.csv,81,c2e3b71621f77b82766e70a3888c409b7256dd33,,cash,q05_trust_soc,,,
Extended Data6,"approved scalar interactions per R SD, factor omnibus raw p at x=0 solely for display; no new standardization, ranking or threshold selection",,top75,,,消费调查/results/mpc_allx_screen/all_screen_results.csv,82,c2e3b71621f77b82766e70a3888c409b7256dd33,,rc,q05_trust_soc,,,
Extended Data6,"approved scalar interactions per R SD, factor omnibus raw p at x=0 solely for display; no new standardization, ranking or threshold selection",,ordinal,,,消费调查/results/mpc_allx_screen/all_screen_results.csv,85,c2e3b71621f77b82766e70a3888c409b7256dd33,,cash,q06_socsec,,,
Extended Data6,"approved scalar interactions per R SD, factor omnibus raw p at x=0 solely for display; no new standardization, ranking or threshold selection",,ordinal,,,消费调查/results/mpc_allx_screen/all_screen_results.csv,86,c2e3b71621f77b82766e70a3888c409b7256dd33,,rc,q06_socsec,,,
Extended Data6,"approved scalar interactions per R SD, factor omnibus raw p at x=0 solely for display; no new standardization, ranking or threshold selection",,midpoint,,,消费调查/results/mpc_allx_screen/all_screen_results.csv,89,c2e3b71621f77b82766e70a3888c409b7256dd33,,cash,q06_socsec,,,
Extended Data6,"approved scalar interactions per R SD, factor omnibus raw p at x=0 solely for display; no new standardization, ranking or threshold selection",,midpoint,,,消费调查/results/mpc_allx_screen/all_screen_results.csv,90,c2e3b71621f77b82766e70a3888c409b7256dd33,,rc,q06_socsec,,,
Extended Data6,"approved scalar interactions per R SD, factor omnibus raw p at x=0 solely for display; no new standardization, ranking or threshold selection",,top75,,,消费调查/results/mpc_allx_screen/all_screen_results.csv,93,c2e3b71621f77b82766e70a3888c409b7256dd33,,cash,q06_socsec,,,
Extended Data6,"approved scalar interactions per R SD, factor omnibus raw p at x=0 solely for display; no new standardization, ranking or threshold selection",,top75,,,消费调查/results/mpc_allx_screen/all_screen_results.csv,94,c2e3b71621f77b82766e70a3888c409b7256dd33,,rc,q06_socsec,,,
Extended Data6,"approved scalar interactions per R SD, factor omnibus raw p at x=0 solely for display; no new standardization, ranking or threshold selection",,ordinal,,,消费调查/results/mpc_allx_screen/all_screen_results.csv,97,c2e3b71621f77b82766e70a3888c409b7256dd33,,cash,q07_emergfund,,,
Extended Data6,"approved scalar interactions per R SD, factor omnibus raw p at x=0 solely for display; no new standardization, ranking or threshold selection",,ordinal,,,消费调查/results/mpc_allx_screen/all_screen_results.csv,98,c2e3b71621f77b82766e70a3888c409b7256dd33,,rc,q07_emergfund,,,
Extended Data6,"approved scalar interactions per R SD, factor omnibus raw p at x=0 solely for display; no new standardization, ranking or threshold selection",,midpoint,,,消费调查/results/mpc_allx_screen/all_screen_results.csv,101,c2e3b71621f77b82766e70a3888c409b7256dd33,,cash,q07_emergfund,,,
Extended Data6,"approved scalar interactions per R SD, factor omnibus raw p at x=0 solely for display; no new standardization, ranking or threshold selection",,midpoint,,,消费调查/results/mpc_allx_screen/all_screen_results.csv,102,c2e3b71621f77b82766e70a3888c409b7256dd33,,rc,q07_emergfund,,,
Extended Data6,"approved scalar interactions per R SD, factor omnibus raw p at x=0 solely for display; no new standardization, ranking or threshold selection",,top75,,,消费调查/results/mpc_allx_screen/all_screen_results.csv,105,c2e3b71621f77b82766e70a3888c409b7256dd33,,cash,q07_emergfund,,,
Extended Data6,"approved scalar interactions per R SD, factor omnibus raw p at x=0 solely for display; no new standardization, ranking or threshold selection",,top75,,,消费调查/results/mpc_allx_screen/all_screen_results.csv,106,c2e3b71621f77b82766e70a3888c409b7256dd33,,rc,q07_emergfund,,,
Extended Data6,"approved scalar interactions per R SD, factor omnibus raw p at x=0 solely for display; no new standardization, ranking or threshold selection",,ordinal,,,消费调查/results/mpc_allx_screen/all_screen_results.csv,109,c2e3b71621f77b82766e70a3888c409b7256dd33,,cash,q08_support,,,
Extended Data6,"approved scalar interactions per R SD, factor omnibus raw p at x=0 solely for display; no new standardization, ranking or threshold selection",,ordinal,,,消费调查/results/mpc_allx_screen/all_screen_results.csv,110,c2e3b71621f77b82766e70a3888c409b7256dd33,,rc,q08_support,,,
Extended Data6,"approved scalar interactions per R SD, factor omnibus raw p at x=0 solely for display; no new standardization, ranking or threshold selection",,midpoint,,,消费调查/results/mpc_allx_screen/all_screen_results.csv,113,c2e3b71621f77b82766e70a3888c409b7256dd33,,cash,q08_support,,,
Extended Data6,"approved scalar interactions per R SD, factor omnibus raw p at x=0 solely for display; no new standardization, ranking or threshold selection",,midpoint,,,消费调查/results/mpc_allx_screen/all_screen_results.csv,114,c2e3b71621f77b82766e70a3888c409b7256dd33,,rc,q08_support,,,
Extended Data6,"approved scalar interactions per R SD, factor omnibus raw p at x=0 solely for display; no new standardization, ranking or threshold selection",,top75,,,消费调查/results/mpc_allx_screen/all_screen_results.csv,117,c2e3b71621f77b82766e70a3888c409b7256dd33,,cash,q08_support,,,
Extended Data6,"approved scalar interactions per R SD, factor omnibus raw p at x=0 solely for display; no new standardization, ranking or threshold selection",,top75,,,消费调查/results/mpc_allx_screen/all_screen_results.csv,118,c2e3b71621f77b82766e70a3888c409b7256dd33,,rc,q08_support,,,
Extended Data6,"approved scalar interactions per R SD, factor omnibus raw p at x=0 solely for display; no new standardization, ranking or threshold selection",,ordinal,,,消费调查/results/mpc_allx_screen/all_screen_results.csv,121,c2e3b71621f77b82766e70a3888c409b7256dd33,,cash,q09_gain,,,
Extended Data6,"approved scalar interactions per R SD, factor omnibus raw p at x=0 solely for display; no new standardization, ranking or threshold selection",,ordinal,,,消费调查/results/mpc_allx_screen/all_screen_results.csv,122,c2e3b71621f77b82766e70a3888c409b7256dd33,,rc,q09_gain,,,
Extended Data6,"approved scalar interactions per R SD, factor omnibus raw p at x=0 solely for display; no new standardization, ranking or threshold selection",,midpoint,,,消费调查/results/mpc_allx_screen/all_screen_results.csv,125,c2e3b71621f77b82766e70a3888c409b7256dd33,,cash,q09_gain,,,
Extended Data6,"approved scalar interactions per R SD, factor omnibus raw p at x=0 solely for display; no new standardization, ranking or threshold selection",,midpoint,,,消费调查/results/mpc_allx_screen/all_screen_results.csv,126,c2e3b71621f77b82766e70a3888c409b7256dd33,,rc,q09_gain,,,
Extended Data6,"approved scalar interactions per R SD, factor omnibus raw p at x=0 solely for display; no new standardization, ranking or threshold selection",,top75,,,消费调查/results/mpc_allx_screen/all_screen_results.csv,129,c2e3b71621f77b82766e70a3888c409b7256dd33,,cash,q09_gain,,,
Extended Data6,"approved scalar interactions per R SD, factor omnibus raw p at x=0 solely for display; no new standardization, ranking or threshold selection",,top75,,,消费调查/results/mpc_allx_screen/all_screen_results.csv,130,c2e3b71621f77b82766e70a3888c409b7256dd33,,rc,q09_gain,,,
Extended Data6,"approved scalar interactions per R SD, factor omnibus raw p at x=0 solely for display; no new standardization, ranking or threshold selection",,ordinal,,,消费调查/results/mpc_allx_screen/all_screen_results.csv,133,c2e3b71621f77b82766e70a3888c409b7256dd33,,cash,q10_effort,,,
Extended Data6,"approved scalar interactions per R SD, factor omnibus raw p at x=0 solely for display; no new standardization, ranking or threshold selection",,ordinal,,,消费调查/results/mpc_allx_screen/all_screen_results.csv,134,c2e3b71621f77b82766e70a3888c409b7256dd33,,rc,q10_effort,,,
Extended Data6,"approved scalar interactions per R SD, factor omnibus raw p at x=0 solely for display; no new standardization, ranking or threshold selection",,midpoint,,,消费调查/results/mpc_allx_screen/all_screen_results.csv,137,c2e3b71621f77b82766e70a3888c409b7256dd33,,cash,q10_effort,,,
Extended Data6,"approved scalar interactions per R SD, factor omnibus raw p at x=0 solely for display; no new standardization, ranking or threshold selection",,midpoint,,,消费调查/results/mpc_allx_screen/all_screen_results.csv,138,c2e3b71621f77b82766e70a3888c409b7256dd33,,rc,q10_effort,,,
Extended Data6,"approved scalar interactions per R SD, factor omnibus raw p at x=0 solely for display; no new standardization, ranking or threshold selection",,top75,,,消费调查/results/mpc_allx_screen/all_screen_results.csv,141,c2e3b71621f77b82766e70a3888c409b7256dd33,,cash,q10_effort,,,
Extended Data6,"approved scalar interactions per R SD, factor omnibus raw p at x=0 solely for display; no new standardization, ranking or threshold selection",,top75,,,消费调查/results/mpc_allx_screen/all_screen_results.csv,142,c2e3b71621f77b82766e70a3888c409b7256dd33,,rc,q10_effort,,,
Extended Data6,"approved scalar interactions per R SD, factor omnibus raw p at x=0 solely for display; no new standardization, ranking or threshold selection",,ordinal,,,消费调查/results/mpc_allx_screen/all_screen_results.csv,145,c2e3b71621f77b82766e70a3888c409b7256dd33,,cash,q11_mobility,,,
Extended Data6,"approved scalar interactions per R SD, factor omnibus raw p at x=0 solely for display; no new standardization, ranking or threshold selection",,ordinal,,,消费调查/results/mpc_allx_screen/all_screen_results.csv,146,c2e3b71621f77b82766e70a3888c409b7256dd33,,rc,q11_mobility,,,
Extended Data6,"approved scalar interactions per R SD, factor omnibus raw p at x=0 solely for display; no new standardization, ranking or threshold selection",,midpoint,,,消费调查/results/mpc_allx_screen/all_screen_results.csv,149,c2e3b71621f77b82766e70a3888c409b7256dd33,,cash,q11_mobility,,,
Extended Data6,"approved scalar interactions per R SD, factor omnibus raw p at x=0 solely for display; no new standardization, ranking or threshold selection",,midpoint,,,消费调查/results/mpc_allx_screen/all_screen_results.csv,150,c2e3b71621f77b82766e70a3888c409b7256dd33,,rc,q11_mobility,,,
Extended Data6,"approved scalar interactions per R SD, factor omnibus raw p at x=0 solely for display; no new standardization, ranking or threshold selection",,top75,,,消费调查/results/mpc_allx_screen/all_screen_results.csv,153,c2e3b71621f77b82766e70a3888c409b7256dd33,,cash,q11_mobility,,,
Extended Data6,"approved scalar interactions per R SD, factor omnibus raw p at x=0 solely for display; no new standardization, ranking or threshold selection",,top75,,,消费调查/results/mpc_allx_screen/all_screen_results.csv,154,c2e3b71621f77b82766e70a3888c409b7256dd33,,rc,q11_mobility,,,
Extended Data6,"approved scalar interactions per R SD, factor omnibus raw p at x=0 solely for display; no new standardization, ranking or threshold selection",,ordinal,,,消费调查/results/mpc_allx_screen/all_screen_results.csv,157,c2e3b71621f77b82766e70a3888c409b7256dd33,,cash,q12_voice,,,
Extended Data6,"approved scalar interactions per R SD, factor omnibus raw p at x=0 solely for display; no new standardization, ranking or threshold selection",,ordinal,,,消费调查/results/mpc_allx_screen/all_screen_results.csv,158,c2e3b71621f77b82766e70a3888c409b7256dd33,,rc,q12_voice,,,
Extended Data6,"approved scalar interactions per R SD, factor omnibus raw p at x=0 solely for display; no new standardization, ranking or threshold selection",,midpoint,,,消费调查/results/mpc_allx_screen/all_screen_results.csv,161,c2e3b71621f77b82766e70a3888c409b7256dd33,,cash,q12_voice,,,
Extended Data6,"approved scalar interactions per R SD, factor omnibus raw p at x=0 solely for display; no new standardization, ranking or threshold selection",,midpoint,,,消费调查/results/mpc_allx_screen/all_screen_results.csv,162,c2e3b71621f77b82766e70a3888c409b7256dd33,,rc,q12_voice,,,
Extended Data6,"approved scalar interactions per R SD, factor omnibus raw p at x=0 solely for display; no new standardization, ranking or threshold selection",,top75,,,消费调查/results/mpc_allx_screen/all_screen_results.csv,165,c2e3b71621f77b82766e70a3888c409b7256dd33,,cash,q12_voice,,,
Extended Data6,"approved scalar interactions per R SD, factor omnibus raw p at x=0 solely for display; no new standardization, ranking or threshold selection",,top75,,,消费调查/results/mpc_allx_screen/all_screen_results.csv,166,c2e3b71621f77b82766e70a3888c409b7256dd33,,rc,q12_voice,,,
Extended Data6,"approved scalar interactions per R SD, factor omnibus raw p at x=0 solely for display; no new standardization, ranking or threshold selection",,ordinal,,,消费调查/results/mpc_allx_screen/all_screen_results.csv,169,c2e3b71621f77b82766e70a3888c409b7256dd33,,cash,q13_pressure,,,
Extended Data6,"approved scalar interactions per R SD, factor omnibus raw p at x=0 solely for display; no new standardization, ranking or threshold selection",,ordinal,,,消费调查/results/mpc_allx_screen/all_screen_results.csv,170,c2e3b71621f77b82766e70a3888c409b7256dd33,,rc,q13_pressure,,,
Extended Data6,"approved scalar interactions per R SD, factor omnibus raw p at x=0 solely for display; no new standardization, ranking or threshold selection",,midpoint,,,消费调查/results/mpc_allx_screen/all_screen_results.csv,173,c2e3b71621f77b82766e70a3888c409b7256dd33,,cash,q13_pressure,,,
Extended Data6,"approved scalar interactions per R SD, factor omnibus raw p at x=0 solely for display; no new standardization, ranking or threshold selection",,midpoint,,,消费调查/results/mpc_allx_screen/all_screen_results.csv,174,c2e3b71621f77b82766e70a3888c409b7256dd33,,rc,q13_pressure,,,
Extended Data6,"approved scalar interactions per R SD, factor omnibus raw p at x=0 solely for display; no new standardization, ranking or threshold selection",,top75,,,消费调查/results/mpc_allx_screen/all_screen_results.csv,177,c2e3b71621f77b82766e70a3888c409b7256dd33,,cash,q13_pressure,,,
Extended Data6,"approved scalar interactions per R SD, factor omnibus raw p at x=0 solely for display; no new standardization, ranking or threshold selection",,top75,,,消费调查/results/mpc_allx_screen/all_screen_results.csv,178,c2e3b71621f77b82766e70a3888c409b7256dd33,,rc,q13_pressure,,,
Extended Data6,"approved scalar interactions per R SD, factor omnibus raw p at x=0 solely for display; no new standardization, ranking or threshold selection",,ordinal,,,消费调查/results/mpc_allx_screen/all_screen_results.csv,181,c2e3b71621f77b82766e70a3888c409b7256dd33,,cash,q14a_pr_income,,,
Extended Data6,"approved scalar interactions per R SD, factor omnibus raw p at x=0 solely for display; no new standardization, ranking or threshold selection",,ordinal,,,消费调查/results/mpc_allx_screen/all_screen_results.csv,182,c2e3b71621f77b82766e70a3888c409b7256dd33,,rc,q14a_pr_income,,,
Extended Data6,"approved scalar interactions per R SD, factor omnibus raw p at x=0 solely for display; no new standardization, ranking or threshold selection",,midpoint,,,消费调查/results/mpc_allx_screen/all_screen_results.csv,185,c2e3b71621f77b82766e70a3888c409b7256dd33,,cash,q14a_pr_income,,,
Extended Data6,"approved scalar interactions per R SD, factor omnibus raw p at x=0 solely for display; no new standardization, ranking or threshold selection",,midpoint,,,消费调查/results/mpc_allx_screen/all_screen_results.csv,186,c2e3b71621f77b82766e70a3888c409b7256dd33,,rc,q14a_pr_income,,,
Extended Data6,"approved scalar interactions per R SD, factor omnibus raw p at x=0 solely for display; no new standardization, ranking or threshold selection",,top75,,,消费调查/results/mpc_allx_screen/all_screen_results.csv,189,c2e3b71621f77b82766e70a3888c409b7256dd33,,cash,q14a_pr_income,,,
Extended Data6,"approved scalar interactions per R SD, factor omnibus raw p at x=0 solely for display; no new standardization, ranking or threshold selection",,top75,,,消费调查/results/mpc_allx_screen/all_screen_results.csv,190,c2e3b71621f77b82766e70a3888c409b7256dd33,,rc,q14a_pr_income,,,
Extended Data6,"approved scalar interactions per R SD, factor omnibus raw p at x=0 solely for display; no new standardization, ranking or threshold selection",,ordinal,,,消费调查/results/mpc_allx_screen/all_screen_results.csv,193,c2e3b71621f77b82766e70a3888c409b7256dd33,,cash,q14b_pr_housing,,,
Extended Data6,"approved scalar interactions per R SD, factor omnibus raw p at x=0 solely for display; no new standardization, ranking or threshold selection",,ordinal,,,消费调查/results/mpc_allx_screen/all_screen_results.csv,194,c2e3b71621f77b82766e70a3888c409b7256dd33,,rc,q14b_pr_housing,,,
Extended Data6,"approved scalar interactions per R SD, factor omnibus raw p at x=0 solely for display; no new standardization, ranking or threshold selection",,midpoint,,,消费调查/results/mpc_allx_screen/all_screen_results.csv,197,c2e3b71621f77b82766e70a3888c409b7256dd33,,cash,q14b_pr_housing,,,
Extended Data6,"approved scalar interactions per R SD, factor omnibus raw p at x=0 solely for display; no new standardization, ranking or threshold selection",,midpoint,,,消费调查/results/mpc_allx_screen/all_screen_results.csv,198,c2e3b71621f77b82766e70a3888c409b7256dd33,,rc,q14b_pr_housing,,,
Extended Data6,"approved scalar interactions per R SD, factor omnibus raw p at x=0 solely for display; no new standardization, ranking or threshold selection",,top75,,,消费调查/results/mpc_allx_screen/all_screen_results.csv,201,c2e3b71621f77b82766e70a3888c409b7256dd33,,cash,q14b_pr_housing,,,
Extended Data6,"approved scalar interactions per R SD, factor omnibus raw p at x=0 solely for display; no new standardization, ranking or threshold selection",,top75,,,消费调查/results/mpc_allx_screen/all_screen_results.csv,202,c2e3b71621f77b82766e70a3888c409b7256dd33,,rc,q14b_pr_housing,,,
Extended Data6,"approved scalar interactions per R SD, factor omnibus raw p at x=0 solely for display; no new standardization, ranking or threshold selection",,ordinal,,,消费调查/results/mpc_allx_screen/all_screen_results.csv,205,c2e3b71621f77b82766e70a3888c409b7256dd33,,cash,q14c_pr_work,,,
Extended Data6,"approved scalar interactions per R SD, factor omnibus raw p at x=0 solely for display; no new standardization, ranking or threshold selection",,ordinal,,,消费调查/results/mpc_allx_screen/all_screen_results.csv,206,c2e3b71621f77b82766e70a3888c409b7256dd33,,rc,q14c_pr_work,,,
Extended Data6,"approved scalar interactions per R SD, factor omnibus raw p at x=0 solely for display; no new standardization, ranking or threshold selection",,midpoint,,,消费调查/results/mpc_allx_screen/all_screen_results.csv,209,c2e3b71621f77b82766e70a3888c409b7256dd33,,cash,q14c_pr_work,,,
Extended Data6,"approved scalar interactions per R SD, factor omnibus raw p at x=0 solely for display; no new standardization, ranking or threshold selection",,midpoint,,,消费调查/results/mpc_allx_screen/all_screen_results.csv,210,c2e3b71621f77b82766e70a3888c409b7256dd33,,rc,q14c_pr_work,,,
Extended Data6,"approved scalar interactions per R SD, factor omnibus raw p at x=0 solely for display; no new standardization, ranking or threshold selection",,top75,,,消费调查/results/mpc_allx_screen/all_screen_results.csv,213,c2e3b71621f77b82766e70a3888c409b7256dd33,,cash,q14c_pr_work,,,
Extended Data6,"approved scalar interactions per R SD, factor omnibus raw p at x=0 solely for display; no new standardization, ranking or threshold selection",,top75,,,消费调查/results/mpc_allx_screen/all_screen_results.csv,214,c2e3b71621f77b82766e70a3888c409b7256dd33,,rc,q14c_pr_work,,,
Extended Data6,"approved scalar interactions per R SD, factor omnibus raw p at x=0 solely for display; no new standardization, ranking or threshold selection",,ordinal,,,消费调查/results/mpc_allx_screen/all_screen_results.csv,217,c2e3b71621f77b82766e70a3888c409b7256dd33,,cash,q14d_pr_edu,,,
Extended Data6,"approved scalar interactions per R SD, factor omnibus raw p at x=0 solely for display; no new standardization, ranking or threshold selection",,ordinal,,,消费调查/results/mpc_allx_screen/all_screen_results.csv,218,c2e3b71621f77b82766e70a3888c409b7256dd33,,rc,q14d_pr_edu,,,
Extended Data6,"approved scalar interactions per R SD, factor omnibus raw p at x=0 solely for display; no new standardization, ranking or threshold selection",,midpoint,,,消费调查/results/mpc_allx_screen/all_screen_results.csv,221,c2e3b71621f77b82766e70a3888c409b7256dd33,,cash,q14d_pr_edu,,,
Extended Data6,"approved scalar interactions per R SD, factor omnibus raw p at x=0 solely for display; no new standardization, ranking or threshold selection",,midpoint,,,消费调查/results/mpc_allx_screen/all_screen_results.csv,222,c2e3b71621f77b82766e70a3888c409b7256dd33,,rc,q14d_pr_edu,,,
Extended Data6,"approved scalar interactions per R SD, factor omnibus raw p at x=0 solely for display; no new standardization, ranking or threshold selection",,top75,,,消费调查/results/mpc_allx_screen/all_screen_results.csv,225,c2e3b71621f77b82766e70a3888c409b7256dd33,,cash,q14d_pr_edu,,,
Extended Data6,"approved scalar interactions per R SD, factor omnibus raw p at x=0 solely for display; no new standardization, ranking or threshold selection",,top75,,,消费调查/results/mpc_allx_screen/all_screen_results.csv,226,c2e3b71621f77b82766e70a3888c409b7256dd33,,rc,q14d_pr_edu,,,
Extended Data6,"approved scalar interactions per R SD, factor omnibus raw p at x=0 solely for display; no new standardization, ranking or threshold selection",,ordinal,,,消费调查/results/mpc_allx_screen/all_screen_results.csv,229,c2e3b71621f77b82766e70a3888c409b7256dd33,,cash,q14e_pr_med,,,
Extended Data6,"approved scalar interactions per R SD, factor omnibus raw p at x=0 solely for display; no new standardization, ranking or threshold selection",,ordinal,,,消费调查/results/mpc_allx_screen/all_screen_results.csv,230,c2e3b71621f77b82766e70a3888c409b7256dd33,,rc,q14e_pr_med,,,
Extended Data6,"approved scalar interactions per R SD, factor omnibus raw p at x=0 solely for display; no new standardization, ranking or threshold selection",,midpoint,,,消费调查/results/mpc_allx_screen/all_screen_results.csv,233,c2e3b71621f77b82766e70a3888c409b7256dd33,,cash,q14e_pr_med,,,
Extended Data6,"approved scalar interactions per R SD, factor omnibus raw p at x=0 solely for display; no new standardization, ranking or threshold selection",,midpoint,,,消费调查/results/mpc_allx_screen/all_screen_results.csv,234,c2e3b71621f77b82766e70a3888c409b7256dd33,,rc,q14e_pr_med,,,
Extended Data6,"approved scalar interactions per R SD, factor omnibus raw p at x=0 solely for display; no new standardization, ranking or threshold selection",,top75,,,消费调查/results/mpc_allx_screen/all_screen_results.csv,237,c2e3b71621f77b82766e70a3888c409b7256dd33,,cash,q14e_pr_med,,,
Extended Data6,"approved scalar interactions per R SD, factor omnibus raw p at x=0 solely for display; no new standardization, ranking or threshold selection",,top75,,,消费调查/results/mpc_allx_screen/all_screen_results.csv,238,c2e3b71621f77b82766e70a3888c409b7256dd33,,rc,q14e_pr_med,,,
Extended Data6,"approved scalar interactions per R SD, factor omnibus raw p at x=0 solely for display; no new standardization, ranking or threshold selection",,ordinal,,,消费调查/results/mpc_allx_screen/all_screen_results.csv,241,c2e3b71621f77b82766e70a3888c409b7256dd33,,cash,q14f_pr_pension,,,
Extended Data6,"approved scalar interactions per R SD, factor omnibus raw p at x=0 solely for display; no new standardization, ranking or threshold selection",,ordinal,,,消费调查/results/mpc_allx_screen/all_screen_results.csv,242,c2e3b71621f77b82766e70a3888c409b7256dd33,,rc,q14f_pr_pension,,,
Extended Data6,"approved scalar interactions per R SD, factor omnibus raw p at x=0 solely for display; no new standardization, ranking or threshold selection",,midpoint,,,消费调查/results/mpc_allx_screen/all_screen_results.csv,245,c2e3b71621f77b82766e70a3888c409b7256dd33,,cash,q14f_pr_pension,,,
Extended Data6,"approved scalar interactions per R SD, factor omnibus raw p at x=0 solely for display; no new standardization, ranking or threshold selection",,midpoint,,,消费调查/results/mpc_allx_screen/all_screen_results.csv,246,c2e3b71621f77b82766e70a3888c409b7256dd33,,rc,q14f_pr_pension,,,
Extended Data6,"approved scalar interactions per R SD, factor omnibus raw p at x=0 solely for display; no new standardization, ranking or threshold selection",,top75,,,消费调查/results/mpc_allx_screen/all_screen_results.csv,249,c2e3b71621f77b82766e70a3888c409b7256dd33,,cash,q14f_pr_pension,,,
Extended Data6,"approved scalar interactions per R SD, factor omnibus raw p at x=0 solely for display; no new standardization, ranking or threshold selection",,top75,,,消费调查/results/mpc_allx_screen/all_screen_results.csv,250,c2e3b71621f77b82766e70a3888c409b7256dd33,,rc,q14f_pr_pension,,,
Extended Data6,"approved scalar interactions per R SD, factor omnibus raw p at x=0 solely for display; no new standardization, ranking or threshold selection",,ordinal,,,消费调查/results/mpc_allx_screen/all_screen_results.csv,253,c2e3b71621f77b82766e70a3888c409b7256dd33,,cash,q14g_pr_other,,,
Extended Data6,"approved scalar interactions per R SD, factor omnibus raw p at x=0 solely for display; no new standardization, ranking or threshold selection",,ordinal,,,消费调查/results/mpc_allx_screen/all_screen_results.csv,254,c2e3b71621f77b82766e70a3888c409b7256dd33,,rc,q14g_pr_other,,,
Extended Data6,"approved scalar interactions per R SD, factor omnibus raw p at x=0 solely for display; no new standardization, ranking or threshold selection",,midpoint,,,消费调查/results/mpc_allx_screen/all_screen_results.csv,257,c2e3b71621f77b82766e70a3888c409b7256dd33,,cash,q14g_pr_other,,,
Extended Data6,"approved scalar interactions per R SD, factor omnibus raw p at x=0 solely for display; no new standardization, ranking or threshold selection",,midpoint,,,消费调查/results/mpc_allx_screen/all_screen_results.csv,258,c2e3b71621f77b82766e70a3888c409b7256dd33,,rc,q14g_pr_other,,,
Extended Data6,"approved scalar interactions per R SD, factor omnibus raw p at x=0 solely for display; no new standardization, ranking or threshold selection",,top75,,,消费调查/results/mpc_allx_screen/all_screen_results.csv,261,c2e3b71621f77b82766e70a3888c409b7256dd33,,cash,q14g_pr_other,,,
Extended Data6,"approved scalar interactions per R SD, factor omnibus raw p at x=0 solely for display; no new standardization, ranking or threshold selection",,top75,,,消费调查/results/mpc_allx_screen/all_screen_results.csv,262,c2e3b71621f77b82766e70a3888c409b7256dd33,,rc,q14g_pr_other,,,
Extended Data6,"approved scalar interactions per R SD, factor omnibus raw p at x=0 solely for display; no new standardization, ranking or threshold selection",,ordinal,,,消费调查/results/mpc_allx_screen/all_screen_results.csv,265,c2e3b71621f77b82766e70a3888c409b7256dd33,,cash,q14h_pr_none,,,
Extended Data6,"approved scalar interactions per R SD, factor omnibus raw p at x=0 solely for display; no new standardization, ranking or threshold selection",,ordinal,,,消费调查/results/mpc_allx_screen/all_screen_results.csv,266,c2e3b71621f77b82766e70a3888c409b7256dd33,,rc,q14h_pr_none,,,
Extended Data6,"approved scalar interactions per R SD, factor omnibus raw p at x=0 solely for display; no new standardization, ranking or threshold selection",,midpoint,,,消费调查/results/mpc_allx_screen/all_screen_results.csv,269,c2e3b71621f77b82766e70a3888c409b7256dd33,,cash,q14h_pr_none,,,
Extended Data6,"approved scalar interactions per R SD, factor omnibus raw p at x=0 solely for display; no new standardization, ranking or threshold selection",,midpoint,,,消费调查/results/mpc_allx_screen/all_screen_results.csv,270,c2e3b71621f77b82766e70a3888c409b7256dd33,,rc,q14h_pr_none,,,
Extended Data6,"approved scalar interactions per R SD, factor omnibus raw p at x=0 solely for display; no new standardization, ranking or threshold selection",,top75,,,消费调查/results/mpc_allx_screen/all_screen_results.csv,273,c2e3b71621f77b82766e70a3888c409b7256dd33,,cash,q14h_pr_none,,,
Extended Data6,"approved scalar interactions per R SD, factor omnibus raw p at x=0 solely for display; no new standardization, ranking or threshold selection",,top75,,,消费调查/results/mpc_allx_screen/all_screen_results.csv,274,c2e3b71621f77b82766e70a3888c409b7256dd33,,rc,q14h_pr_none,,,
Extended Data6,"approved scalar interactions per R SD, factor omnibus raw p at x=0 solely for display; no new standardization, ranking or threshold selection",,ordinal,,,消费调查/results/mpc_allx_screen/all_screen_results.csv,277,c2e3b71621f77b82766e70a3888c409b7256dd33,,cash,q15_fut_self,,,
Extended Data6,"approved scalar interactions per R SD, factor omnibus raw p at x=0 solely for display; no new standardization, ranking or threshold selection",,ordinal,,,消费调查/results/mpc_allx_screen/all_screen_results.csv,278,c2e3b71621f77b82766e70a3888c409b7256dd33,,rc,q15_fut_self,,,
Extended Data6,"approved scalar interactions per R SD, factor omnibus raw p at x=0 solely for display; no new standardization, ranking or threshold selection",,midpoint,,,消费调查/results/mpc_allx_screen/all_screen_results.csv,281,c2e3b71621f77b82766e70a3888c409b7256dd33,,cash,q15_fut_self,,,
Extended Data6,"approved scalar interactions per R SD, factor omnibus raw p at x=0 solely for display; no new standardization, ranking or threshold selection",,midpoint,,,消费调查/results/mpc_allx_screen/all_screen_results.csv,282,c2e3b71621f77b82766e70a3888c409b7256dd33,,rc,q15_fut_self,,,
Extended Data6,"approved scalar interactions per R SD, factor omnibus raw p at x=0 solely for display; no new standardization, ranking or threshold selection",,top75,,,消费调查/results/mpc_allx_screen/all_screen_results.csv,285,c2e3b71621f77b82766e70a3888c409b7256dd33,,cash,q15_fut_self,,,
Extended Data6,"approved scalar interactions per R SD, factor omnibus raw p at x=0 solely for display; no new standardization, ranking or threshold selection",,top75,,,消费调查/results/mpc_allx_screen/all_screen_results.csv,286,c2e3b71621f77b82766e70a3888c409b7256dd33,,rc,q15_fut_self,,,
Extended Data6,"approved scalar interactions per R SD, factor omnibus raw p at x=0 solely for display; no new standardization, ranking or threshold selection",,ordinal,,,消费调查/results/mpc_allx_screen/all_screen_results.csv,289,c2e3b71621f77b82766e70a3888c409b7256dd33,,cash,q16_fut_society,,,
Extended Data6,"approved scalar interactions per R SD, factor omnibus raw p at x=0 solely for display; no new standardization, ranking or threshold selection",,ordinal,,,消费调查/results/mpc_allx_screen/all_screen_results.csv,290,c2e3b71621f77b82766e70a3888c409b7256dd33,,rc,q16_fut_society,,,
Extended Data6,"approved scalar interactions per R SD, factor omnibus raw p at x=0 solely for display; no new standardization, ranking or threshold selection",,midpoint,,,消费调查/results/mpc_allx_screen/all_screen_results.csv,293,c2e3b71621f77b82766e70a3888c409b7256dd33,,cash,q16_fut_society,,,
Extended Data6,"approved scalar interactions per R SD, factor omnibus raw p at x=0 solely for display; no new standardization, ranking or threshold selection",,midpoint,,,消费调查/results/mpc_allx_screen/all_screen_results.csv,294,c2e3b71621f77b82766e70a3888c409b7256dd33,,rc,q16_fut_society,,,
Extended Data6,"approved scalar interactions per R SD, factor omnibus raw p at x=0 solely for display; no new standardization, ranking or threshold selection",,top75,,,消费调查/results/mpc_allx_screen/all_screen_results.csv,297,c2e3b71621f77b82766e70a3888c409b7256dd33,,cash,q16_fut_society,,,
Extended Data6,"approved scalar interactions per R SD, factor omnibus raw p at x=0 solely for display; no new standardization, ranking or threshold selection",,top75,,,消费调查/results/mpc_allx_screen/all_screen_results.csv,298,c2e3b71621f77b82766e70a3888c409b7256dd33,,rc,q16_fut_society,,,
Extended Data6,"approved scalar interactions per R SD, factor omnibus raw p at x=0 solely for display; no new standardization, ranking or threshold selection",,ordinal,,,消费调查/results/mpc_allx_screen/all_screen_results.csv,301,c2e3b71621f77b82766e70a3888c409b7256dd33,,cash,q17a_fut_econ,,,
Extended Data6,"approved scalar interactions per R SD, factor omnibus raw p at x=0 solely for display; no new standardization, ranking or threshold selection",,ordinal,,,消费调查/results/mpc_allx_screen/all_screen_results.csv,302,c2e3b71621f77b82766e70a3888c409b7256dd33,,rc,q17a_fut_econ,,,
Extended Data6,"approved scalar interactions per R SD, factor omnibus raw p at x=0 solely for display; no new standardization, ranking or threshold selection",,midpoint,,,消费调查/results/mpc_allx_screen/all_screen_results.csv,305,c2e3b71621f77b82766e70a3888c409b7256dd33,,cash,q17a_fut_econ,,,
Extended Data6,"approved scalar interactions per R SD, factor omnibus raw p at x=0 solely for display; no new standardization, ranking or threshold selection",,midpoint,,,消费调查/results/mpc_allx_screen/all_screen_results.csv,306,c2e3b71621f77b82766e70a3888c409b7256dd33,,rc,q17a_fut_econ,,,
Extended Data6,"approved scalar interactions per R SD, factor omnibus raw p at x=0 solely for display; no new standardization, ranking or threshold selection",,top75,,,消费调查/results/mpc_allx_screen/all_screen_results.csv,309,c2e3b71621f77b82766e70a3888c409b7256dd33,,cash,q17a_fut_econ,,,
Extended Data6,"approved scalar interactions per R SD, factor omnibus raw p at x=0 solely for display; no new standardization, ranking or threshold selection",,top75,,,消费调查/results/mpc_allx_screen/all_screen_results.csv,310,c2e3b71621f77b82766e70a3888c409b7256dd33,,rc,q17a_fut_econ,,,
Extended Data6,"approved scalar interactions per R SD, factor omnibus raw p at x=0 solely for display; no new standardization, ranking or threshold selection",,ordinal,,,消费调查/results/mpc_allx_screen/all_screen_results.csv,313,c2e3b71621f77b82766e70a3888c409b7256dd33,,cash,q17b_fut_job,,,
Extended Data6,"approved scalar interactions per R SD, factor omnibus raw p at x=0 solely for display; no new standardization, ranking or threshold selection",,ordinal,,,消费调查/results/mpc_allx_screen/all_screen_results.csv,314,c2e3b71621f77b82766e70a3888c409b7256dd33,,rc,q17b_fut_job,,,
Extended Data6,"approved scalar interactions per R SD, factor omnibus raw p at x=0 solely for display; no new standardization, ranking or threshold selection",,midpoint,,,消费调查/results/mpc_allx_screen/all_screen_results.csv,317,c2e3b71621f77b82766e70a3888c409b7256dd33,,cash,q17b_fut_job,,,
Extended Data6,"approved scalar interactions per R SD, factor omnibus raw p at x=0 solely for display; no new standardization, ranking or threshold selection",,midpoint,,,消费调查/results/mpc_allx_screen/all_screen_results.csv,318,c2e3b71621f77b82766e70a3888c409b7256dd33,,rc,q17b_fut_job,,,
Extended Data6,"approved scalar interactions per R SD, factor omnibus raw p at x=0 solely for display; no new standardization, ranking or threshold selection",,top75,,,消费调查/results/mpc_allx_screen/all_screen_results.csv,321,c2e3b71621f77b82766e70a3888c409b7256dd33,,cash,q17b_fut_job,,,
Extended Data6,"approved scalar interactions per R SD, factor omnibus raw p at x=0 solely for display; no new standardization, ranking or threshold selection",,top75,,,消费调查/results/mpc_allx_screen/all_screen_results.csv,322,c2e3b71621f77b82766e70a3888c409b7256dd33,,rc,q17b_fut_job,,,
Extended Data6,"approved scalar interactions per R SD, factor omnibus raw p at x=0 solely for display; no new standardization, ranking or threshold selection",,ordinal,,,消费调查/results/mpc_allx_screen/all_screen_results.csv,325,c2e3b71621f77b82766e70a3888c409b7256dd33,,cash,q17c_fut_price,,,
Extended Data6,"approved scalar interactions per R SD, factor omnibus raw p at x=0 solely for display; no new standardization, ranking or threshold selection",,ordinal,,,消费调查/results/mpc_allx_screen/all_screen_results.csv,326,c2e3b71621f77b82766e70a3888c409b7256dd33,,rc,q17c_fut_price,,,
Extended Data6,"approved scalar interactions per R SD, factor omnibus raw p at x=0 solely for display; no new standardization, ranking or threshold selection",,midpoint,,,消费调查/results/mpc_allx_screen/all_screen_results.csv,329,c2e3b71621f77b82766e70a3888c409b7256dd33,,cash,q17c_fut_price,,,
Extended Data6,"approved scalar interactions per R SD, factor omnibus raw p at x=0 solely for display; no new standardization, ranking or threshold selection",,midpoint,,,消费调查/results/mpc_allx_screen/all_screen_results.csv,330,c2e3b71621f77b82766e70a3888c409b7256dd33,,rc,q17c_fut_price,,,
Extended Data6,"approved scalar interactions per R SD, factor omnibus raw p at x=0 solely for display; no new standardization, ranking or threshold selection",,top75,,,消费调查/results/mpc_allx_screen/all_screen_results.csv,333,c2e3b71621f77b82766e70a3888c409b7256dd33,,cash,q17c_fut_price,,,
Extended Data6,"approved scalar interactions per R SD, factor omnibus raw p at x=0 solely for display; no new standardization, ranking or threshold selection",,top75,,,消费调查/results/mpc_allx_screen/all_screen_results.csv,334,c2e3b71621f77b82766e70a3888c409b7256dd33,,rc,q17c_fut_price,,,
Extended Data6,"approved scalar interactions per R SD, factor omnibus raw p at x=0 solely for display; no new standardization, ranking or threshold selection",,ordinal,,,消费调查/results/mpc_allx_screen/all_screen_results.csv,337,c2e3b71621f77b82766e70a3888c409b7256dd33,,cash,q17d_fut_fair,,,
Extended Data6,"approved scalar interactions per R SD, factor omnibus raw p at x=0 solely for display; no new standardization, ranking or threshold selection",,ordinal,,,消费调查/results/mpc_allx_screen/all_screen_results.csv,338,c2e3b71621f77b82766e70a3888c409b7256dd33,,rc,q17d_fut_fair,,,
Extended Data6,"approved scalar interactions per R SD, factor omnibus raw p at x=0 solely for display; no new standardization, ranking or threshold selection",,midpoint,,,消费调查/results/mpc_allx_screen/all_screen_results.csv,341,c2e3b71621f77b82766e70a3888c409b7256dd33,,cash,q17d_fut_fair,,,
Extended Data6,"approved scalar interactions per R SD, factor omnibus raw p at x=0 solely for display; no new standardization, ranking or threshold selection",,midpoint,,,消费调查/results/mpc_allx_screen/all_screen_results.csv,342,c2e3b71621f77b82766e70a3888c409b7256dd33,,rc,q17d_fut_fair,,,
Extended Data6,"approved scalar interactions per R SD, factor omnibus raw p at x=0 solely for display; no new standardization, ranking or threshold selection",,top75,,,消费调查/results/mpc_allx_screen/all_screen_results.csv,345,c2e3b71621f77b82766e70a3888c409b7256dd33,,cash,q17d_fut_fair,,,
Extended Data6,"approved scalar interactions per R SD, factor omnibus raw p at x=0 solely for display; no new standardization, ranking or threshold selection",,top75,,,消费调查/results/mpc_allx_screen/all_screen_results.csv,346,c2e3b71621f77b82766e70a3888c409b7256dd33,,rc,q17d_fut_fair,,,
Extended Data6,"approved scalar interactions per R SD, factor omnibus raw p at x=0 solely for display; no new standardization, ranking or threshold selection",,ordinal,,,消费调查/results/mpc_allx_screen/all_screen_results.csv,349,c2e3b71621f77b82766e70a3888c409b7256dd33,,cash,q17e_fut_welfare,,,
Extended Data6,"approved scalar interactions per R SD, factor omnibus raw p at x=0 solely for display; no new standardization, ranking or threshold selection",,ordinal,,,消费调查/results/mpc_allx_screen/all_screen_results.csv,350,c2e3b71621f77b82766e70a3888c409b7256dd33,,rc,q17e_fut_welfare,,,
Extended Data6,"approved scalar interactions per R SD, factor omnibus raw p at x=0 solely for display; no new standardization, ranking or threshold selection",,midpoint,,,消费调查/results/mpc_allx_screen/all_screen_results.csv,353,c2e3b71621f77b82766e70a3888c409b7256dd33,,cash,q17e_fut_welfare,,,
Extended Data6,"approved scalar interactions per R SD, factor omnibus raw p at x=0 solely for display; no new standardization, ranking or threshold selection",,midpoint,,,消费调查/results/mpc_allx_screen/all_screen_results.csv,354,c2e3b71621f77b82766e70a3888c409b7256dd33,,rc,q17e_fut_welfare,,,
Extended Data6,"approved scalar interactions per R SD, factor omnibus raw p at x=0 solely for display; no new standardization, ranking or threshold selection",,top75,,,消费调查/results/mpc_allx_screen/all_screen_results.csv,357,c2e3b71621f77b82766e70a3888c409b7256dd33,,cash,q17e_fut_welfare,,,
Extended Data6,"approved scalar interactions per R SD, factor omnibus raw p at x=0 solely for display; no new standardization, ranking or threshold selection",,top75,,,消费调查/results/mpc_allx_screen/all_screen_results.csv,358,c2e3b71621f77b82766e70a3888c409b7256dd33,,rc,q17e_fut_welfare,,,
Extended Data6,"approved scalar interactions per R SD, factor omnibus raw p at x=0 solely for display; no new standardization, ranking or threshold selection",,ordinal,,,消费调查/results/mpc_allx_screen/all_screen_results.csv,361,c2e3b71621f77b82766e70a3888c409b7256dd33,,cash,q18_ses_now,,,
Extended Data6,"approved scalar interactions per R SD, factor omnibus raw p at x=0 solely for display; no new standardization, ranking or threshold selection",,ordinal,,,消费调查/results/mpc_allx_screen/all_screen_results.csv,362,c2e3b71621f77b82766e70a3888c409b7256dd33,,rc,q18_ses_now,,,
Extended Data6,"approved scalar interactions per R SD, factor omnibus raw p at x=0 solely for display; no new standardization, ranking or threshold selection",,midpoint,,,消费调查/results/mpc_allx_screen/all_screen_results.csv,365,c2e3b71621f77b82766e70a3888c409b7256dd33,,cash,q18_ses_now,,,
Extended Data6,"approved scalar interactions per R SD, factor omnibus raw p at x=0 solely for display; no new standardization, ranking or threshold selection",,midpoint,,,消费调查/results/mpc_allx_screen/all_screen_results.csv,366,c2e3b71621f77b82766e70a3888c409b7256dd33,,rc,q18_ses_now,,,
Extended Data6,"approved scalar interactions per R SD, factor omnibus raw p at x=0 solely for display; no new standardization, ranking or threshold selection",,top75,,,消费调查/results/mpc_allx_screen/all_screen_results.csv,369,c2e3b71621f77b82766e70a3888c409b7256dd33,,cash,q18_ses_now,,,
Extended Data6,"approved scalar interactions per R SD, factor omnibus raw p at x=0 solely for display; no new standardization, ranking or threshold selection",,top75,,,消费调查/results/mpc_allx_screen/all_screen_results.csv,370,c2e3b71621f77b82766e70a3888c409b7256dd33,,rc,q18_ses_now,,,
Extended Data6,"approved scalar interactions per R SD, factor omnibus raw p at x=0 solely for display; no new standardization, ranking or threshold selection",,ordinal,,,消费调查/results/mpc_allx_screen/all_screen_results.csv,373,c2e3b71621f77b82766e70a3888c409b7256dd33,,cash,q19_ses_past5,,,
Extended Data6,"approved scalar interactions per R SD, factor omnibus raw p at x=0 solely for display; no new standardization, ranking or threshold selection",,ordinal,,,消费调查/results/mpc_allx_screen/all_screen_results.csv,374,c2e3b71621f77b82766e70a3888c409b7256dd33,,rc,q19_ses_past5,,,
Extended Data6,"approved scalar interactions per R SD, factor omnibus raw p at x=0 solely for display; no new standardization, ranking or threshold selection",,midpoint,,,消费调查/results/mpc_allx_screen/all_screen_results.csv,377,c2e3b71621f77b82766e70a3888c409b7256dd33,,cash,q19_ses_past5,,,
Extended Data6,"approved scalar interactions per R SD, factor omnibus raw p at x=0 solely for display; no new standardization, ranking or threshold selection",,midpoint,,,消费调查/results/mpc_allx_screen/all_screen_results.csv,378,c2e3b71621f77b82766e70a3888c409b7256dd33,,rc,q19_ses_past5,,,
Extended Data6,"approved scalar interactions per R SD, factor omnibus raw p at x=0 solely for display; no new standardization, ranking or threshold selection",,top75,,,消费调查/results/mpc_allx_screen/all_screen_results.csv,381,c2e3b71621f77b82766e70a3888c409b7256dd33,,cash,q19_ses_past5,,,
Extended Data6,"approved scalar interactions per R SD, factor omnibus raw p at x=0 solely for display; no new standardization, ranking or threshold selection",,top75,,,消费调查/results/mpc_allx_screen/all_screen_results.csv,382,c2e3b71621f77b82766e70a3888c409b7256dd33,,rc,q19_ses_past5,,,
Extended Data6,"approved scalar interactions per R SD, factor omnibus raw p at x=0 solely for display; no new standardization, ranking or threshold selection",,ordinal,,,消费调查/results/mpc_allx_screen/all_screen_results.csv,385,c2e3b71621f77b82766e70a3888c409b7256dd33,,cash,q20_ses_next1,,,
Extended Data6,"approved scalar interactions per R SD, factor omnibus raw p at x=0 solely for display; no new standardization, ranking or threshold selection",,ordinal,,,消费调查/results/mpc_allx_screen/all_screen_results.csv,386,c2e3b71621f77b82766e70a3888c409b7256dd33,,rc,q20_ses_next1,,,
Extended Data6,"approved scalar interactions per R SD, factor omnibus raw p at x=0 solely for display; no new standardization, ranking or threshold selection",,midpoint,,,消费调查/results/mpc_allx_screen/all_screen_results.csv,389,c2e3b71621f77b82766e70a3888c409b7256dd33,,cash,q20_ses_next1,,,
Extended Data6,"approved scalar interactions per R SD, factor omnibus raw p at x=0 solely for display; no new standardization, ranking or threshold selection",,midpoint,,,消费调查/results/mpc_allx_screen/all_screen_results.csv,390,c2e3b71621f77b82766e70a3888c409b7256dd33,,rc,q20_ses_next1,,,
Extended Data6,"approved scalar interactions per R SD, factor omnibus raw p at x=0 solely for display; no new standardization, ranking or threshold selection",,top75,,,消费调查/results/mpc_allx_screen/all_screen_results.csv,393,c2e3b71621f77b82766e70a3888c409b7256dd33,,cash,q20_ses_next1,,,
Extended Data6,"approved scalar interactions per R SD, factor omnibus raw p at x=0 solely for display; no new standardization, ranking or threshold selection",,top75,,,消费调查/results/mpc_allx_screen/all_screen_results.csv,394,c2e3b71621f77b82766e70a3888c409b7256dd33,,rc,q20_ses_next1,,,
Extended Data6,"approved scalar interactions per R SD, factor omnibus raw p at x=0 solely for display; no new standardization, ranking or threshold selection",,ordinal,,,消费调查/results/mpc_allx_screen/all_screen_results.csv,397,c2e3b71621f77b82766e70a3888c409b7256dd33,,cash,q21_order,,,
Extended Data6,"approved scalar interactions per R SD, factor omnibus raw p at x=0 solely for display; no new standardization, ranking or threshold selection",,ordinal,,,消费调查/results/mpc_allx_screen/all_screen_results.csv,398,c2e3b71621f77b82766e70a3888c409b7256dd33,,rc,q21_order,,,
Extended Data6,"approved scalar interactions per R SD, factor omnibus raw p at x=0 solely for display; no new standardization, ranking or threshold selection",,midpoint,,,消费调查/results/mpc_allx_screen/all_screen_results.csv,401,c2e3b71621f77b82766e70a3888c409b7256dd33,,cash,q21_order,,,
Extended Data6,"approved scalar interactions per R SD, factor omnibus raw p at x=0 solely for display; no new standardization, ranking or threshold selection",,midpoint,,,消费调查/results/mpc_allx_screen/all_screen_results.csv,402,c2e3b71621f77b82766e70a3888c409b7256dd33,,rc,q21_order,,,
Extended Data6,"approved scalar interactions per R SD, factor omnibus raw p at x=0 solely for display; no new standardization, ranking or threshold selection",,top75,,,消费调查/results/mpc_allx_screen/all_screen_results.csv,405,c2e3b71621f77b82766e70a3888c409b7256dd33,,cash,q21_order,,,
Extended Data6,"approved scalar interactions per R SD, factor omnibus raw p at x=0 solely for display; no new standardization, ranking or threshold selection",,top75,,,消费调查/results/mpc_allx_screen/all_screen_results.csv,406,c2e3b71621f77b82766e70a3888c409b7256dd33,,rc,q21_order,,,
Extended Data6,"approved scalar interactions per R SD, factor omnibus raw p at x=0 solely for display; no new standardization, ranking or threshold selection",,ordinal,,,消费调查/results/mpc_allx_screen/all_screen_results.csv,409,c2e3b71621f77b82766e70a3888c409b7256dd33,,cash,q22_vitality,,,
Extended Data6,"approved scalar interactions per R SD, factor omnibus raw p at x=0 solely for display; no new standardization, ranking or threshold selection",,ordinal,,,消费调查/results/mpc_allx_screen/all_screen_results.csv,410,c2e3b71621f77b82766e70a3888c409b7256dd33,,rc,q22_vitality,,,
Extended Data6,"approved scalar interactions per R SD, factor omnibus raw p at x=0 solely for display; no new standardization, ranking or threshold selection",,midpoint,,,消费调查/results/mpc_allx_screen/all_screen_results.csv,413,c2e3b71621f77b82766e70a3888c409b7256dd33,,cash,q22_vitality,,,
Extended Data6,"approved scalar interactions per R SD, factor omnibus raw p at x=0 solely for display; no new standardization, ranking or threshold selection",,midpoint,,,消费调查/results/mpc_allx_screen/all_screen_results.csv,414,c2e3b71621f77b82766e70a3888c409b7256dd33,,rc,q22_vitality,,,
Extended Data6,"approved scalar interactions per R SD, factor omnibus raw p at x=0 solely for display; no new standardization, ranking or threshold selection",,top75,,,消费调查/results/mpc_allx_screen/all_screen_results.csv,417,c2e3b71621f77b82766e70a3888c409b7256dd33,,cash,q22_vitality,,,
Extended Data6,"approved scalar interactions per R SD, factor omnibus raw p at x=0 solely for display; no new standardization, ranking or threshold selection",,top75,,,消费调查/results/mpc_allx_screen/all_screen_results.csv,418,c2e3b71621f77b82766e70a3888c409b7256dd33,,rc,q22_vitality,,,
Extended Data6,"approved scalar interactions per R SD, factor omnibus raw p at x=0 solely for display; no new standardization, ranking or threshold selection",,ordinal,,,消费调查/results/mpc_allx_screen/all_screen_results.csv,421,c2e3b71621f77b82766e70a3888c409b7256dd33,,cash,q23_hukou,,,
Extended Data6,"approved scalar interactions per R SD, factor omnibus raw p at x=0 solely for display; no new standardization, ranking or threshold selection",,ordinal,,,消费调查/results/mpc_allx_screen/all_screen_results.csv,422,c2e3b71621f77b82766e70a3888c409b7256dd33,,rc,q23_hukou,,,
Extended Data6,"approved scalar interactions per R SD, factor omnibus raw p at x=0 solely for display; no new standardization, ranking or threshold selection",,midpoint,,,消费调查/results/mpc_allx_screen/all_screen_results.csv,425,c2e3b71621f77b82766e70a3888c409b7256dd33,,cash,q23_hukou,,,
Extended Data6,"approved scalar interactions per R SD, factor omnibus raw p at x=0 solely for display; no new standardization, ranking or threshold selection",,midpoint,,,消费调查/results/mpc_allx_screen/all_screen_results.csv,426,c2e3b71621f77b82766e70a3888c409b7256dd33,,rc,q23_hukou,,,
Extended Data6,"approved scalar interactions per R SD, factor omnibus raw p at x=0 solely for display; no new standardization, ranking or threshold selection",,top75,,,消费调查/results/mpc_allx_screen/all_screen_results.csv,429,c2e3b71621f77b82766e70a3888c409b7256dd33,,cash,q23_hukou,,,
Extended Data6,"approved scalar interactions per R SD, factor omnibus raw p at x=0 solely for display; no new standardization, ranking or threshold selection",,top75,,,消费调查/results/mpc_allx_screen/all_screen_results.csv,430,c2e3b71621f77b82766e70a3888c409b7256dd33,,rc,q23_hukou,,,
Extended Data6,"approved scalar interactions per R SD, factor omnibus raw p at x=0 solely for display; no new standardization, ranking or threshold selection",,ordinal,,,消费调查/results/mpc_allx_screen/all_screen_results.csv,433,c2e3b71621f77b82766e70a3888c409b7256dd33,,cash,q24_workstat,,,
Extended Data6,"approved scalar interactions per R SD, factor omnibus raw p at x=0 solely for display; no new standardization, ranking or threshold selection",,ordinal,,,消费调查/results/mpc_allx_screen/all_screen_results.csv,434,c2e3b71621f77b82766e70a3888c409b7256dd33,,rc,q24_workstat,,,
Extended Data6,"approved scalar interactions per R SD, factor omnibus raw p at x=0 solely for display; no new standardization, ranking or threshold selection",,midpoint,,,消费调查/results/mpc_allx_screen/all_screen_results.csv,437,c2e3b71621f77b82766e70a3888c409b7256dd33,,cash,q24_workstat,,,
Extended Data6,"approved scalar interactions per R SD, factor omnibus raw p at x=0 solely for display; no new standardization, ranking or threshold selection",,midpoint,,,消费调查/results/mpc_allx_screen/all_screen_results.csv,438,c2e3b71621f77b82766e70a3888c409b7256dd33,,rc,q24_workstat,,,
Extended Data6,"approved scalar interactions per R SD, factor omnibus raw p at x=0 solely for display; no new standardization, ranking or threshold selection",,top75,,,消费调查/results/mpc_allx_screen/all_screen_results.csv,441,c2e3b71621f77b82766e70a3888c409b7256dd33,,cash,q24_workstat,,,
Extended Data6,"approved scalar interactions per R SD, factor omnibus raw p at x=0 solely for display; no new standardization, ranking or threshold selection",,top75,,,消费调查/results/mpc_allx_screen/all_screen_results.csv,442,c2e3b71621f77b82766e70a3888c409b7256dd33,,rc,q24_workstat,,,
Extended Data6,"approved scalar interactions per R SD, factor omnibus raw p at x=0 solely for display; no new standardization, ranking or threshold selection",,ordinal,,,消费调查/results/mpc_allx_screen/all_screen_results.csv,445,c2e3b71621f77b82766e70a3888c409b7256dd33,,cash,q25_unittype,,,
Extended Data6,"approved scalar interactions per R SD, factor omnibus raw p at x=0 solely for display; no new standardization, ranking or threshold selection",,ordinal,,,消费调查/results/mpc_allx_screen/all_screen_results.csv,446,c2e3b71621f77b82766e70a3888c409b7256dd33,,rc,q25_unittype,,,
Extended Data6,"approved scalar interactions per R SD, factor omnibus raw p at x=0 solely for display; no new standardization, ranking or threshold selection",,midpoint,,,消费调查/results/mpc_allx_screen/all_screen_results.csv,449,c2e3b71621f77b82766e70a3888c409b7256dd33,,cash,q25_unittype,,,
Extended Data6,"approved scalar interactions per R SD, factor omnibus raw p at x=0 solely for display; no new standardization, ranking or threshold selection",,midpoint,,,消费调查/results/mpc_allx_screen/all_screen_results.csv,450,c2e3b71621f77b82766e70a3888c409b7256dd33,,rc,q25_unittype,,,
Extended Data6,"approved scalar interactions per R SD, factor omnibus raw p at x=0 solely for display; no new standardization, ranking or threshold selection",,top75,,,消费调查/results/mpc_allx_screen/all_screen_results.csv,453,c2e3b71621f77b82766e70a3888c409b7256dd33,,cash,q25_unittype,,,
Extended Data6,"approved scalar interactions per R SD, factor omnibus raw p at x=0 solely for display; no new standardization, ranking or threshold selection",,top75,,,消费调查/results/mpc_allx_screen/all_screen_results.csv,454,c2e3b71621f77b82766e70a3888c409b7256dd33,,rc,q25_unittype,,,
Extended Data6,"approved scalar interactions per R SD, factor omnibus raw p at x=0 solely for display; no new standardization, ranking or threshold selection",,ordinal,,,消费调查/results/mpc_allx_screen/all_screen_results.csv,457,c2e3b71621f77b82766e70a3888c409b7256dd33,,cash,q26_housing,,,
Extended Data6,"approved scalar interactions per R SD, factor omnibus raw p at x=0 solely for display; no new standardization, ranking or threshold selection",,ordinal,,,消费调查/results/mpc_allx_screen/all_screen_results.csv,458,c2e3b71621f77b82766e70a3888c409b7256dd33,,rc,q26_housing,,,
Extended Data6,"approved scalar interactions per R SD, factor omnibus raw p at x=0 solely for display; no new standardization, ranking or threshold selection",,midpoint,,,消费调查/results/mpc_allx_screen/all_screen_results.csv,461,c2e3b71621f77b82766e70a3888c409b7256dd33,,cash,q26_housing,,,
Extended Data6,"approved scalar interactions per R SD, factor omnibus raw p at x=0 solely for display; no new standardization, ranking or threshold selection",,midpoint,,,消费调查/results/mpc_allx_screen/all_screen_results.csv,462,c2e3b71621f77b82766e70a3888c409b7256dd33,,rc,q26_housing,,,
Extended Data6,"approved scalar interactions per R SD, factor omnibus raw p at x=0 solely for display; no new standardization, ranking or threshold selection",,top75,,,消费调查/results/mpc_allx_screen/all_screen_results.csv,465,c2e3b71621f77b82766e70a3888c409b7256dd33,,cash,q26_housing,,,
Extended Data6,"approved scalar interactions per R SD, factor omnibus raw p at x=0 solely for display; no new standardization, ranking or threshold selection",,top75,,,消费调查/results/mpc_allx_screen/all_screen_results.csv,466,c2e3b71621f77b82766e70a3888c409b7256dd33,,rc,q26_housing,,,
Extended Data6,"approved scalar interactions per R SD, factor omnibus raw p at x=0 solely for display; no new standardization, ranking or threshold selection",,ordinal,,,消费调查/results/mpc_allx_screen/all_screen_results.csv,469,c2e3b71621f77b82766e70a3888c409b7256dd33,,cash,q27_minorchild,,,
Extended Data6,"approved scalar interactions per R SD, factor omnibus raw p at x=0 solely for display; no new standardization, ranking or threshold selection",,ordinal,,,消费调查/results/mpc_allx_screen/all_screen_results.csv,470,c2e3b71621f77b82766e70a3888c409b7256dd33,,rc,q27_minorchild,,,
Extended Data6,"approved scalar interactions per R SD, factor omnibus raw p at x=0 solely for display; no new standardization, ranking or threshold selection",,midpoint,,,消费调查/results/mpc_allx_screen/all_screen_results.csv,473,c2e3b71621f77b82766e70a3888c409b7256dd33,,cash,q27_minorchild,,,
Extended Data6,"approved scalar interactions per R SD, factor omnibus raw p at x=0 solely for display; no new standardization, ranking or threshold selection",,midpoint,,,消费调查/results/mpc_allx_screen/all_screen_results.csv,474,c2e3b71621f77b82766e70a3888c409b7256dd33,,rc,q27_minorchild,,,
Extended Data6,"approved scalar interactions per R SD, factor omnibus raw p at x=0 solely for display; no new standardization, ranking or threshold selection",,top75,,,消费调查/results/mpc_allx_screen/all_screen_results.csv,477,c2e3b71621f77b82766e70a3888c409b7256dd33,,cash,q27_minorchild,,,
Extended Data6,"approved scalar interactions per R SD, factor omnibus raw p at x=0 solely for display; no new standardization, ranking or threshold selection",,top75,,,消费调查/results/mpc_allx_screen/all_screen_results.csv,478,c2e3b71621f77b82766e70a3888c409b7256dd33,,rc,q27_minorchild,,,
Extended Data6,"approved scalar interactions per R SD, factor omnibus raw p at x=0 solely for display; no new standardization, ranking or threshold selection",,ordinal,,,消费调查/results/mpc_allx_screen/all_screen_results.csv,481,c2e3b71621f77b82766e70a3888c409b7256dd33,,cash,q28_hhsize,,,
Extended Data6,"approved scalar interactions per R SD, factor omnibus raw p at x=0 solely for display; no new standardization, ranking or threshold selection",,ordinal,,,消费调查/results/mpc_allx_screen/all_screen_results.csv,482,c2e3b71621f77b82766e70a3888c409b7256dd33,,rc,q28_hhsize,,,
Extended Data6,"approved scalar interactions per R SD, factor omnibus raw p at x=0 solely for display; no new standardization, ranking or threshold selection",,midpoint,,,消费调查/results/mpc_allx_screen/all_screen_results.csv,485,c2e3b71621f77b82766e70a3888c409b7256dd33,,cash,q28_hhsize,,,
Extended Data6,"approved scalar interactions per R SD, factor omnibus raw p at x=0 solely for display; no new standardization, ranking or threshold selection",,midpoint,,,消费调查/results/mpc_allx_screen/all_screen_results.csv,486,c2e3b71621f77b82766e70a3888c409b7256dd33,,rc,q28_hhsize,,,
Extended Data6,"approved scalar interactions per R SD, factor omnibus raw p at x=0 solely for display; no new standardization, ranking or threshold selection",,top75,,,消费调查/results/mpc_allx_screen/all_screen_results.csv,489,c2e3b71621f77b82766e70a3888c409b7256dd33,,cash,q28_hhsize,,,
Extended Data6,"approved scalar interactions per R SD, factor omnibus raw p at x=0 solely for display; no new standardization, ranking or threshold selection",,top75,,,消费调查/results/mpc_allx_screen/all_screen_results.csv,490,c2e3b71621f77b82766e70a3888c409b7256dd33,,rc,q28_hhsize,,,
Extended Data6,"approved scalar interactions per R SD, factor omnibus raw p at x=0 solely for display; no new standardization, ranking or threshold selection",,ordinal,,,消费调查/results/mpc_allx_screen/all_screen_results.csv,493,c2e3b71621f77b82766e70a3888c409b7256dd33,,cash,q29_foodexp,,,
Extended Data6,"approved scalar interactions per R SD, factor omnibus raw p at x=0 solely for display; no new standardization, ranking or threshold selection",,ordinal,,,消费调查/results/mpc_allx_screen/all_screen_results.csv,494,c2e3b71621f77b82766e70a3888c409b7256dd33,,rc,q29_foodexp,,,
Extended Data6,"approved scalar interactions per R SD, factor omnibus raw p at x=0 solely for display; no new standardization, ranking or threshold selection",,midpoint,,,消费调查/results/mpc_allx_screen/all_screen_results.csv,497,c2e3b71621f77b82766e70a3888c409b7256dd33,,cash,q29_foodexp,,,
Extended Data6,"approved scalar interactions per R SD, factor omnibus raw p at x=0 solely for display; no new standardization, ranking or threshold selection",,midpoint,,,消费调查/results/mpc_allx_screen/all_screen_results.csv,498,c2e3b71621f77b82766e70a3888c409b7256dd33,,rc,q29_foodexp,,,
Extended Data6,"approved scalar interactions per R SD, factor omnibus raw p at x=0 solely for display; no new standardization, ranking or threshold selection",,top75,,,消费调查/results/mpc_allx_screen/all_screen_results.csv,501,c2e3b71621f77b82766e70a3888c409b7256dd33,,cash,q29_foodexp,,,
Extended Data6,"approved scalar interactions per R SD, factor omnibus raw p at x=0 solely for display; no new standardization, ranking or threshold selection",,top75,,,消费调查/results/mpc_allx_screen/all_screen_results.csv,502,c2e3b71621f77b82766e70a3888c409b7256dd33,,rc,q29_foodexp,,,
Extended Data6,"approved scalar interactions per R SD, factor omnibus raw p at x=0 solely for display; no new standardization, ranking or threshold selection",,ordinal,,,消费调查/results/mpc_allx_screen/all_screen_results.csv,505,c2e3b71621f77b82766e70a3888c409b7256dd33,,cash,q30_medexp,,,
Extended Data6,"approved scalar interactions per R SD, factor omnibus raw p at x=0 solely for display; no new standardization, ranking or threshold selection",,ordinal,,,消费调查/results/mpc_allx_screen/all_screen_results.csv,506,c2e3b71621f77b82766e70a3888c409b7256dd33,,rc,q30_medexp,,,
Extended Data6,"approved scalar interactions per R SD, factor omnibus raw p at x=0 solely for display; no new standardization, ranking or threshold selection",,midpoint,,,消费调查/results/mpc_allx_screen/all_screen_results.csv,509,c2e3b71621f77b82766e70a3888c409b7256dd33,,cash,q30_medexp,,,
Extended Data6,"approved scalar interactions per R SD, factor omnibus raw p at x=0 solely for display; no new standardization, ranking or threshold selection",,midpoint,,,消费调查/results/mpc_allx_screen/all_screen_results.csv,510,c2e3b71621f77b82766e70a3888c409b7256dd33,,rc,q30_medexp,,,
Extended Data6,"approved scalar interactions per R SD, factor omnibus raw p at x=0 solely for display; no new standardization, ranking or threshold selection",,top75,,,消费调查/results/mpc_allx_screen/all_screen_results.csv,513,c2e3b71621f77b82766e70a3888c409b7256dd33,,cash,q30_medexp,,,
Extended Data6,"approved scalar interactions per R SD, factor omnibus raw p at x=0 solely for display; no new standardization, ranking or threshold selection",,top75,,,消费调查/results/mpc_allx_screen/all_screen_results.csv,514,c2e3b71621f77b82766e70a3888c409b7256dd33,,rc,q30_medexp,,,
Extended Data6,"approved scalar interactions per R SD, factor omnibus raw p at x=0 solely for display; no new standardization, ranking or threshold selection",,ordinal,,,消费调查/results/mpc_allx_screen/all_screen_results.csv,517,c2e3b71621f77b82766e70a3888c409b7256dd33,,cash,q31_gotsubsidy,,,
Extended Data6,"approved scalar interactions per R SD, factor omnibus raw p at x=0 solely for display; no new standardization, ranking or threshold selection",,ordinal,,,消费调查/results/mpc_allx_screen/all_screen_results.csv,518,c2e3b71621f77b82766e70a3888c409b7256dd33,,rc,q31_gotsubsidy,,,
Extended Data6,"approved scalar interactions per R SD, factor omnibus raw p at x=0 solely for display; no new standardization, ranking or threshold selection",,midpoint,,,消费调查/results/mpc_allx_screen/all_screen_results.csv,521,c2e3b71621f77b82766e70a3888c409b7256dd33,,cash,q31_gotsubsidy,,,
Extended Data6,"approved scalar interactions per R SD, factor omnibus raw p at x=0 solely for display; no new standardization, ranking or threshold selection",,midpoint,,,消费调查/results/mpc_allx_screen/all_screen_results.csv,522,c2e3b71621f77b82766e70a3888c409b7256dd33,,rc,q31_gotsubsidy,,,
Extended Data6,"approved scalar interactions per R SD, factor omnibus raw p at x=0 solely for display; no new standardization, ranking or threshold selection",,top75,,,消费调查/results/mpc_allx_screen/all_screen_results.csv,525,c2e3b71621f77b82766e70a3888c409b7256dd33,,cash,q31_gotsubsidy,,,
Extended Data6,"approved scalar interactions per R SD, factor omnibus raw p at x=0 solely for display; no new standardization, ranking or threshold selection",,top75,,,消费调查/results/mpc_allx_screen/all_screen_results.csv,526,c2e3b71621f77b82766e70a3888c409b7256dd33,,rc,q31_gotsubsidy,,,
Extended Data6,"approved scalar interactions per R SD, factor omnibus raw p at x=0 solely for display; no new standardization, ranking or threshold selection",,ordinal,,,消费调查/results/mpc_allx_screen/all_screen_results.csv,529,c2e3b71621f77b82766e70a3888c409b7256dd33,,cash,q41_gender,,,
Extended Data6,"approved scalar interactions per R SD, factor omnibus raw p at x=0 solely for display; no new standardization, ranking or threshold selection",,ordinal,,,消费调查/results/mpc_allx_screen/all_screen_results.csv,530,c2e3b71621f77b82766e70a3888c409b7256dd33,,rc,q41_gender,,,
Extended Data6,"approved scalar interactions per R SD, factor omnibus raw p at x=0 solely for display; no new standardization, ranking or threshold selection",,midpoint,,,消费调查/results/mpc_allx_screen/all_screen_results.csv,533,c2e3b71621f77b82766e70a3888c409b7256dd33,,cash,q41_gender,,,
Extended Data6,"approved scalar interactions per R SD, factor omnibus raw p at x=0 solely for display; no new standardization, ranking or threshold selection",,midpoint,,,消费调查/results/mpc_allx_screen/all_screen_results.csv,534,c2e3b71621f77b82766e70a3888c409b7256dd33,,rc,q41_gender,,,
Extended Data6,"approved scalar interactions per R SD, factor omnibus raw p at x=0 solely for display; no new standardization, ranking or threshold selection",,top75,,,消费调查/results/mpc_allx_screen/all_screen_results.csv,537,c2e3b71621f77b82766e70a3888c409b7256dd33,,cash,q41_gender,,,
Extended Data6,"approved scalar interactions per R SD, factor omnibus raw p at x=0 solely for display; no new standardization, ranking or threshold selection",,top75,,,消费调查/results/mpc_allx_screen/all_screen_results.csv,538,c2e3b71621f77b82766e70a3888c409b7256dd33,,rc,q41_gender,,,
Extended Data6,"approved scalar interactions per R SD, factor omnibus raw p at x=0 solely for display; no new standardization, ranking or threshold selection",,ordinal,,,消费调查/results/mpc_allx_screen/all_screen_results.csv,541,c2e3b71621f77b82766e70a3888c409b7256dd33,,cash,q42_age,,,
Extended Data6,"approved scalar interactions per R SD, factor omnibus raw p at x=0 solely for display; no new standardization, ranking or threshold selection",,ordinal,,,消费调查/results/mpc_allx_screen/all_screen_results.csv,542,c2e3b71621f77b82766e70a3888c409b7256dd33,,rc,q42_age,,,
Extended Data6,"approved scalar interactions per R SD, factor omnibus raw p at x=0 solely for display; no new standardization, ranking or threshold selection",,midpoint,,,消费调查/results/mpc_allx_screen/all_screen_results.csv,545,c2e3b71621f77b82766e70a3888c409b7256dd33,,cash,q42_age,,,
Extended Data6,"approved scalar interactions per R SD, factor omnibus raw p at x=0 solely for display; no new standardization, ranking or threshold selection",,midpoint,,,消费调查/results/mpc_allx_screen/all_screen_results.csv,546,c2e3b71621f77b82766e70a3888c409b7256dd33,,rc,q42_age,,,
Extended Data6,"approved scalar interactions per R SD, factor omnibus raw p at x=0 solely for display; no new standardization, ranking or threshold selection",,top75,,,消费调查/results/mpc_allx_screen/all_screen_results.csv,549,c2e3b71621f77b82766e70a3888c409b7256dd33,,cash,q42_age,,,
Extended Data6,"approved scalar interactions per R SD, factor omnibus raw p at x=0 solely for display; no new standardization, ranking or threshold selection",,top75,,,消费调查/results/mpc_allx_screen/all_screen_results.csv,550,c2e3b71621f77b82766e70a3888c409b7256dd33,,rc,q42_age,,,
Extended Data6,"approved scalar interactions per R SD, factor omnibus raw p at x=0 solely for display; no new standardization, ranking or threshold selection",,ordinal,,,消费调查/results/mpc_allx_screen/all_screen_results.csv,553,c2e3b71621f77b82766e70a3888c409b7256dd33,,cash,q43_edu,,,
Extended Data6,"approved scalar interactions per R SD, factor omnibus raw p at x=0 solely for display; no new standardization, ranking or threshold selection",,ordinal,,,消费调查/results/mpc_allx_screen/all_screen_results.csv,554,c2e3b71621f77b82766e70a3888c409b7256dd33,,rc,q43_edu,,,
Extended Data6,"approved scalar interactions per R SD, factor omnibus raw p at x=0 solely for display; no new standardization, ranking or threshold selection",,midpoint,,,消费调查/results/mpc_allx_screen/all_screen_results.csv,557,c2e3b71621f77b82766e70a3888c409b7256dd33,,cash,q43_edu,,,
Extended Data6,"approved scalar interactions per R SD, factor omnibus raw p at x=0 solely for display; no new standardization, ranking or threshold selection",,midpoint,,,消费调查/results/mpc_allx_screen/all_screen_results.csv,558,c2e3b71621f77b82766e70a3888c409b7256dd33,,rc,q43_edu,,,
Extended Data6,"approved scalar interactions per R SD, factor omnibus raw p at x=0 solely for display; no new standardization, ranking or threshold selection",,top75,,,消费调查/results/mpc_allx_screen/all_screen_results.csv,561,c2e3b71621f77b82766e70a3888c409b7256dd33,,cash,q43_edu,,,
Extended Data6,"approved scalar interactions per R SD, factor omnibus raw p at x=0 solely for display; no new standardization, ranking or threshold selection",,top75,,,消费调查/results/mpc_allx_screen/all_screen_results.csv,562,c2e3b71621f77b82766e70a3888c409b7256dd33,,rc,q43_edu,,,
Extended Data6,"approved scalar interactions per R SD, factor omnibus raw p at x=0 solely for display; no new standardization, ranking or threshold selection",,ordinal,,,消费调查/results/mpc_allx_screen/all_screen_results.csv,565,c2e3b71621f77b82766e70a3888c409b7256dd33,,cash,q44_industry,,,
Extended Data6,"approved scalar interactions per R SD, factor omnibus raw p at x=0 solely for display; no new standardization, ranking or threshold selection",,ordinal,,,消费调查/results/mpc_allx_screen/all_screen_results.csv,566,c2e3b71621f77b82766e70a3888c409b7256dd33,,rc,q44_industry,,,
Extended Data6,"approved scalar interactions per R SD, factor omnibus raw p at x=0 solely for display; no new standardization, ranking or threshold selection",,midpoint,,,消费调查/results/mpc_allx_screen/all_screen_results.csv,569,c2e3b71621f77b82766e70a3888c409b7256dd33,,cash,q44_industry,,,
Extended Data6,"approved scalar interactions per R SD, factor omnibus raw p at x=0 solely for display; no new standardization, ranking or threshold selection",,midpoint,,,消费调查/results/mpc_allx_screen/all_screen_results.csv,570,c2e3b71621f77b82766e70a3888c409b7256dd33,,rc,q44_industry,,,
Extended Data6,"approved scalar interactions per R SD, factor omnibus raw p at x=0 solely for display; no new standardization, ranking or threshold selection",,top75,,,消费调查/results/mpc_allx_screen/all_screen_results.csv,573,c2e3b71621f77b82766e70a3888c409b7256dd33,,cash,q44_industry,,,
Extended Data6,"approved scalar interactions per R SD, factor omnibus raw p at x=0 solely for display; no new standardization, ranking or threshold selection",,top75,,,消费调查/results/mpc_allx_screen/all_screen_results.csv,574,c2e3b71621f77b82766e70a3888c409b7256dd33,,rc,q44_industry,,,
Extended Data6,"approved scalar interactions per R SD, factor omnibus raw p at x=0 solely for display; no new standardization, ranking or threshold selection",,ordinal,,,消费调查/results/mpc_allx_screen/all_screen_results.csv,577,c2e3b71621f77b82766e70a3888c409b7256dd33,,cash,q45_occup,,,
Extended Data6,"approved scalar interactions per R SD, factor omnibus raw p at x=0 solely for display; no new standardization, ranking or threshold selection",,ordinal,,,消费调查/results/mpc_allx_screen/all_screen_results.csv,578,c2e3b71621f77b82766e70a3888c409b7256dd33,,rc,q45_occup,,,
Extended Data6,"approved scalar interactions per R SD, factor omnibus raw p at x=0 solely for display; no new standardization, ranking or threshold selection",,midpoint,,,消费调查/results/mpc_allx_screen/all_screen_results.csv,581,c2e3b71621f77b82766e70a3888c409b7256dd33,,cash,q45_occup,,,
Extended Data6,"approved scalar interactions per R SD, factor omnibus raw p at x=0 solely for display; no new standardization, ranking or threshold selection",,midpoint,,,消费调查/results/mpc_allx_screen/all_screen_results.csv,582,c2e3b71621f77b82766e70a3888c409b7256dd33,,rc,q45_occup,,,
Extended Data6,"approved scalar interactions per R SD, factor omnibus raw p at x=0 solely for display; no new standardization, ranking or threshold selection",,top75,,,消费调查/results/mpc_allx_screen/all_screen_results.csv,585,c2e3b71621f77b82766e70a3888c409b7256dd33,,cash,q45_occup,,,
Extended Data6,"approved scalar interactions per R SD, factor omnibus raw p at x=0 solely for display; no new standardization, ranking or threshold selection",,top75,,,消费调查/results/mpc_allx_screen/all_screen_results.csv,586,c2e3b71621f77b82766e70a3888c409b7256dd33,,rc,q45_occup,,,
Extended Data6,"approved scalar interactions per R SD, factor omnibus raw p at x=0 solely for display; no new standardization, ranking or threshold selection",,ordinal,,,消费调查/results/mpc_allx_screen/all_screen_results.csv,589,c2e3b71621f77b82766e70a3888c409b7256dd33,,cash,q46_income,,,
Extended Data6,"approved scalar interactions per R SD, factor omnibus raw p at x=0 solely for display; no new standardization, ranking or threshold selection",,ordinal,,,消费调查/results/mpc_allx_screen/all_screen_results.csv,590,c2e3b71621f77b82766e70a3888c409b7256dd33,,rc,q46_income,,,
Extended Data6,"approved scalar interactions per R SD, factor omnibus raw p at x=0 solely for display; no new standardization, ranking or threshold selection",,midpoint,,,消费调查/results/mpc_allx_screen/all_screen_results.csv,593,c2e3b71621f77b82766e70a3888c409b7256dd33,,cash,q46_income,,,
Extended Data6,"approved scalar interactions per R SD, factor omnibus raw p at x=0 solely for display; no new standardization, ranking or threshold selection",,midpoint,,,消费调查/results/mpc_allx_screen/all_screen_results.csv,594,c2e3b71621f77b82766e70a3888c409b7256dd33,,rc,q46_income,,,
Extended Data6,"approved scalar interactions per R SD, factor omnibus raw p at x=0 solely for display; no new standardization, ranking or threshold selection",,top75,,,消费调查/results/mpc_allx_screen/all_screen_results.csv,597,c2e3b71621f77b82766e70a3888c409b7256dd33,,cash,q46_income,,,
Extended Data6,"approved scalar interactions per R SD, factor omnibus raw p at x=0 solely for display; no new standardization, ranking or threshold selection",,top75,,,消费调查/results/mpc_allx_screen/all_screen_results.csv,598,c2e3b71621f77b82766e70a3888c409b7256dd33,,rc,q46_income,,,
Extended Data6,"approved scalar interactions per R SD, factor omnibus raw p at x=0 solely for display; no new standardization, ranking or threshold selection",,ordinal,,,消费调查/results/mpc_allx_screen/all_screen_results.csv,601,c2e3b71621f77b82766e70a3888c409b7256dd33,,cash,q47_province,,,
Extended Data6,"approved scalar interactions per R SD, factor omnibus raw p at x=0 solely for display; no new standardization, ranking or threshold selection",,ordinal,,,消费调查/results/mpc_allx_screen/all_screen_results.csv,602,c2e3b71621f77b82766e70a3888c409b7256dd33,,rc,q47_province,,,
Extended Data6,"approved scalar interactions per R SD, factor omnibus raw p at x=0 solely for display; no new standardization, ranking or threshold selection",,midpoint,,,消费调查/results/mpc_allx_screen/all_screen_results.csv,605,c2e3b71621f77b82766e70a3888c409b7256dd33,,cash,q47_province,,,
Extended Data6,"approved scalar interactions per R SD, factor omnibus raw p at x=0 solely for display; no new standardization, ranking or threshold selection",,midpoint,,,消费调查/results/mpc_allx_screen/all_screen_results.csv,606,c2e3b71621f77b82766e70a3888c409b7256dd33,,rc,q47_province,,,
Extended Data6,"approved scalar interactions per R SD, factor omnibus raw p at x=0 solely for display; no new standardization, ranking or threshold selection",,top75,,,消费调查/results/mpc_allx_screen/all_screen_results.csv,609,c2e3b71621f77b82766e70a3888c409b7256dd33,,cash,q47_province,,,
Extended Data6,"approved scalar interactions per R SD, factor omnibus raw p at x=0 solely for display; no new standardization, ranking or threshold selection",,top75,,,消费调查/results/mpc_allx_screen/all_screen_results.csv,610,c2e3b71621f77b82766e70a3888c409b7256dd33,,rc,q47_province,,,
Extended Data6,"approved scalar interactions per R SD, factor omnibus raw p at x=0 solely for display; no new standardization, ranking or threshold selection",,ordinal,,,消费调查/results/mpc_allx_screen/all_screen_results.csv,613,c2e3b71621f77b82766e70a3888c409b7256dd33,,cash,q48_city,,,
Extended Data6,"approved scalar interactions per R SD, factor omnibus raw p at x=0 solely for display; no new standardization, ranking or threshold selection",,ordinal,,,消费调查/results/mpc_allx_screen/all_screen_results.csv,614,c2e3b71621f77b82766e70a3888c409b7256dd33,,rc,q48_city,,,
Extended Data6,"approved scalar interactions per R SD, factor omnibus raw p at x=0 solely for display; no new standardization, ranking or threshold selection",,midpoint,,,消费调查/results/mpc_allx_screen/all_screen_results.csv,617,c2e3b71621f77b82766e70a3888c409b7256dd33,,cash,q48_city,,,
Extended Data6,"approved scalar interactions per R SD, factor omnibus raw p at x=0 solely for display; no new standardization, ranking or threshold selection",,midpoint,,,消费调查/results/mpc_allx_screen/all_screen_results.csv,618,c2e3b71621f77b82766e70a3888c409b7256dd33,,rc,q48_city,,,
Extended Data6,"approved scalar interactions per R SD, factor omnibus raw p at x=0 solely for display; no new standardization, ranking or threshold selection",,top75,,,消费调查/results/mpc_allx_screen/all_screen_results.csv,621,c2e3b71621f77b82766e70a3888c409b7256dd33,,cash,q48_city,,,
Extended Data6,"approved scalar interactions per R SD, factor omnibus raw p at x=0 solely for display; no new standardization, ranking or threshold selection",,top75,,,消费调查/results/mpc_allx_screen/all_screen_results.csv,622,c2e3b71621f77b82766e70a3888c409b7256dd33,,rc,q48_city,,,
Extended Data6,"approved scalar interactions per R SD, factor omnibus raw p at x=0 solely for display; no new standardization, ranking or threshold selection",,ordinal,,,消费调查/results/mpc_allx_screen/all_screen_results.csv,625,c2e3b71621f77b82766e70a3888c409b7256dd33,,cash,q49_citytier,,,
Extended Data6,"approved scalar interactions per R SD, factor omnibus raw p at x=0 solely for display; no new standardization, ranking or threshold selection",,ordinal,,,消费调查/results/mpc_allx_screen/all_screen_results.csv,626,c2e3b71621f77b82766e70a3888c409b7256dd33,,rc,q49_citytier,,,
Extended Data6,"approved scalar interactions per R SD, factor omnibus raw p at x=0 solely for display; no new standardization, ranking or threshold selection",,midpoint,,,消费调查/results/mpc_allx_screen/all_screen_results.csv,629,c2e3b71621f77b82766e70a3888c409b7256dd33,,cash,q49_citytier,,,
Extended Data6,"approved scalar interactions per R SD, factor omnibus raw p at x=0 solely for display; no new standardization, ranking or threshold selection",,midpoint,,,消费调查/results/mpc_allx_screen/all_screen_results.csv,630,c2e3b71621f77b82766e70a3888c409b7256dd33,,rc,q49_citytier,,,
Extended Data6,"approved scalar interactions per R SD, factor omnibus raw p at x=0 solely for display; no new standardization, ranking or threshold selection",,top75,,,消费调查/results/mpc_allx_screen/all_screen_results.csv,633,c2e3b71621f77b82766e70a3888c409b7256dd33,,cash,q49_citytier,,,
Extended Data6,"approved scalar interactions per R SD, factor omnibus raw p at x=0 solely for display; no new standardization, ranking or threshold selection",,top75,,,消费调查/results/mpc_allx_screen/all_screen_results.csv,634,c2e3b71621f77b82766e70a3888c409b7256dd33,,rc,q49_citytier,,,
Extended Data6,"approved scalar interactions per R SD, factor omnibus raw p at x=0 solely for display; no new standardization, ranking or threshold selection",,ordinal,,,消费调查/results/mpc_allx_screen/all_screen_results.csv,637,c2e3b71621f77b82766e70a3888c409b7256dd33,,cash,income_h,,,
Extended Data6,"approved scalar interactions per R SD, factor omnibus raw p at x=0 solely for display; no new standardization, ranking or threshold selection",,ordinal,,,消费调查/results/mpc_allx_screen/all_screen_results.csv,638,c2e3b71621f77b82766e70a3888c409b7256dd33,,rc,income_h,,,
Extended Data6,"approved scalar interactions per R SD, factor omnibus raw p at x=0 solely for display; no new standardization, ranking or threshold selection",,midpoint,,,消费调查/results/mpc_allx_screen/all_screen_results.csv,641,c2e3b71621f77b82766e70a3888c409b7256dd33,,cash,income_h,,,
Extended Data6,"approved scalar interactions per R SD, factor omnibus raw p at x=0 solely for display; no new standardization, ranking or threshold selection",,midpoint,,,消费调查/results/mpc_allx_screen/all_screen_results.csv,642,c2e3b71621f77b82766e70a3888c409b7256dd33,,rc,income_h,,,
Extended Data6,"approved scalar interactions per R SD, factor omnibus raw p at x=0 solely for display; no new standardization, ranking or threshold selection",,top75,,,消费调查/results/mpc_allx_screen/all_screen_results.csv,645,c2e3b71621f77b82766e70a3888c409b7256dd33,,cash,income_h,,,
Extended Data6,"approved scalar interactions per R SD, factor omnibus raw p at x=0 solely for display; no new standardization, ranking or threshold selection",,top75,,,消费调查/results/mpc_allx_screen/all_screen_results.csv,646,c2e3b71621f77b82766e70a3888c409b7256dd33,,rc,income_h,,,
Extended Data6,"approved scalar interactions per R SD, factor omnibus raw p at x=0 solely for display; no new standardization, ranking or threshold selection",,ordinal,,,消费调查/results/mpc_allx_screen/all_screen_results.csv,649,c2e3b71621f77b82766e70a3888c409b7256dd33,,cash,income,,,
Extended Data6,"approved scalar interactions per R SD, factor omnibus raw p at x=0 solely for display; no new standardization, ranking or threshold selection",,ordinal,,,消费调查/results/mpc_allx_screen/all_screen_results.csv,650,c2e3b71621f77b82766e70a3888c409b7256dd33,,rc,income,,,
Extended Data6,"approved scalar interactions per R SD, factor omnibus raw p at x=0 solely for display; no new standardization, ranking or threshold selection",,midpoint,,,消费调查/results/mpc_allx_screen/all_screen_results.csv,653,c2e3b71621f77b82766e70a3888c409b7256dd33,,cash,income,,,
Extended Data6,"approved scalar interactions per R SD, factor omnibus raw p at x=0 solely for display; no new standardization, ranking or threshold selection",,midpoint,,,消费调查/results/mpc_allx_screen/all_screen_results.csv,654,c2e3b71621f77b82766e70a3888c409b7256dd33,,rc,income,,,
Extended Data6,"approved scalar interactions per R SD, factor omnibus raw p at x=0 solely for display; no new standardization, ranking or threshold selection",,top75,,,消费调查/results/mpc_allx_screen/all_screen_results.csv,657,c2e3b71621f77b82766e70a3888c409b7256dd33,,cash,income,,,
Extended Data6,"approved scalar interactions per R SD, factor omnibus raw p at x=0 solely for display; no new standardization, ranking or threshold selection",,top75,,,消费调查/results/mpc_allx_screen/all_screen_results.csv,658,c2e3b71621f77b82766e70a3888c409b7256dd33,,rc,income,,,
Extended Data6,"approved scalar interactions per R SD, factor omnibus raw p at x=0 solely for display; no new standardization, ranking or threshold selection",,ordinal,,,消费调查/results/mpc_allx_screen/all_screen_results.csv,661,c2e3b71621f77b82766e70a3888c409b7256dd33,,cash,q42_age_z,,,
Extended Data6,"approved scalar interactions per R SD, factor omnibus raw p at x=0 solely for display; no new standardization, ranking or threshold selection",,ordinal,,,消费调查/results/mpc_allx_screen/all_screen_results.csv,662,c2e3b71621f77b82766e70a3888c409b7256dd33,,rc,q42_age_z,,,
Extended Data6,"approved scalar interactions per R SD, factor omnibus raw p at x=0 solely for display; no new standardization, ranking or threshold selection",,midpoint,,,消费调查/results/mpc_allx_screen/all_screen_results.csv,665,c2e3b71621f77b82766e70a3888c409b7256dd33,,cash,q42_age_z,,,
Extended Data6,"approved scalar interactions per R SD, factor omnibus raw p at x=0 solely for display; no new standardization, ranking or threshold selection",,midpoint,,,消费调查/results/mpc_allx_screen/all_screen_results.csv,666,c2e3b71621f77b82766e70a3888c409b7256dd33,,rc,q42_age_z,,,
Extended Data6,"approved scalar interactions per R SD, factor omnibus raw p at x=0 solely for display; no new standardization, ranking or threshold selection",,top75,,,消费调查/results/mpc_allx_screen/all_screen_results.csv,669,c2e3b71621f77b82766e70a3888c409b7256dd33,,cash,q42_age_z,,,
Extended Data6,"approved scalar interactions per R SD, factor omnibus raw p at x=0 solely for display; no new standardization, ranking or threshold selection",,top75,,,消费调查/results/mpc_allx_screen/all_screen_results.csv,670,c2e3b71621f77b82766e70a3888c409b7256dd33,,rc,q42_age_z,,,
Extended Data6,"approved scalar interactions per R SD, factor omnibus raw p at x=0 solely for display; no new standardization, ranking or threshold selection",,ordinal,,,消费调查/results/mpc_allx_screen/all_screen_results.csv,673,c2e3b71621f77b82766e70a3888c409b7256dd33,,cash,q01_lifesat_z,,,
Extended Data6,"approved scalar interactions per R SD, factor omnibus raw p at x=0 solely for display; no new standardization, ranking or threshold selection",,ordinal,,,消费调查/results/mpc_allx_screen/all_screen_results.csv,674,c2e3b71621f77b82766e70a3888c409b7256dd33,,rc,q01_lifesat_z,,,
Extended Data6,"approved scalar interactions per R SD, factor omnibus raw p at x=0 solely for display; no new standardization, ranking or threshold selection",,midpoint,,,消费调查/results/mpc_allx_screen/all_screen_results.csv,677,c2e3b71621f77b82766e70a3888c409b7256dd33,,cash,q01_lifesat_z,,,
Extended Data6,"approved scalar interactions per R SD, factor omnibus raw p at x=0 solely for display; no new standardization, ranking or threshold selection",,midpoint,,,消费调查/results/mpc_allx_screen/all_screen_results.csv,678,c2e3b71621f77b82766e70a3888c409b7256dd33,,rc,q01_lifesat_z,,,
Extended Data6,"approved scalar interactions per R SD, factor omnibus raw p at x=0 solely for display; no new standardization, ranking or threshold selection",,top75,,,消费调查/results/mpc_allx_screen/all_screen_results.csv,681,c2e3b71621f77b82766e70a3888c409b7256dd33,,cash,q01_lifesat_z,,,
Extended Data6,"approved scalar interactions per R SD, factor omnibus raw p at x=0 solely for display; no new standardization, ranking or threshold selection",,top75,,,消费调查/results/mpc_allx_screen/all_screen_results.csv,682,c2e3b71621f77b82766e70a3888c409b7256dd33,,rc,q01_lifesat_z,,,
Extended Data6,"approved scalar interactions per R SD, factor omnibus raw p at x=0 solely for display; no new standardization, ranking or threshold selection",,ordinal,,,消费调查/results/mpc_allx_screen/all_screen_results.csv,685,c2e3b71621f77b82766e70a3888c409b7256dd33,,cash,q02_safety_z,,,
Extended Data6,"approved scalar interactions per R SD, factor omnibus raw p at x=0 solely for display; no new standardization, ranking or threshold selection",,ordinal,,,消费调查/results/mpc_allx_screen/all_screen_results.csv,686,c2e3b71621f77b82766e70a3888c409b7256dd33,,rc,q02_safety_z,,,
Extended Data6,"approved scalar interactions per R SD, factor omnibus raw p at x=0 solely for display; no new standardization, ranking or threshold selection",,midpoint,,,消费调查/results/mpc_allx_screen/all_screen_results.csv,689,c2e3b71621f77b82766e70a3888c409b7256dd33,,cash,q02_safety_z,,,
Extended Data6,"approved scalar interactions per R SD, factor omnibus raw p at x=0 solely for display; no new standardization, ranking or threshold selection",,midpoint,,,消费调查/results/mpc_allx_screen/all_screen_results.csv,690,c2e3b71621f77b82766e70a3888c409b7256dd33,,rc,q02_safety_z,,,
Extended Data6,"approved scalar interactions per R SD, factor omnibus raw p at x=0 solely for display; no new standardization, ranking or threshold selection",,top75,,,消费调查/results/mpc_allx_screen/all_screen_results.csv,693,c2e3b71621f77b82766e70a3888c409b7256dd33,,cash,q02_safety_z,,,
Extended Data6,"approved scalar interactions per R SD, factor omnibus raw p at x=0 solely for display; no new standardization, ranking or threshold selection",,top75,,,消费调查/results/mpc_allx_screen/all_screen_results.csv,694,c2e3b71621f77b82766e70a3888c409b7256dd33,,rc,q02_safety_z,,,
Extended Data6,"approved scalar interactions per R SD, factor omnibus raw p at x=0 solely for display; no new standardization, ranking or threshold selection",,ordinal,,,消费调查/results/mpc_allx_screen/all_screen_results.csv,697,c2e3b71621f77b82766e70a3888c409b7256dd33,,cash,q03a_fair_dist_z,,,
Extended Data6,"approved scalar interactions per R SD, factor omnibus raw p at x=0 solely for display; no new standardization, ranking or threshold selection",,ordinal,,,消费调查/results/mpc_allx_screen/all_screen_results.csv,698,c2e3b71621f77b82766e70a3888c409b7256dd33,,rc,q03a_fair_dist_z,,,
Extended Data6,"approved scalar interactions per R SD, factor omnibus raw p at x=0 solely for display; no new standardization, ranking or threshold selection",,midpoint,,,消费调查/results/mpc_allx_screen/all_screen_results.csv,701,c2e3b71621f77b82766e70a3888c409b7256dd33,,cash,q03a_fair_dist_z,,,
Extended Data6,"approved scalar interactions per R SD, factor omnibus raw p at x=0 solely for display; no new standardization, ranking or threshold selection",,midpoint,,,消费调查/results/mpc_allx_screen/all_screen_results.csv,702,c2e3b71621f77b82766e70a3888c409b7256dd33,,rc,q03a_fair_dist_z,,,
Extended Data6,"approved scalar interactions per R SD, factor omnibus raw p at x=0 solely for display; no new standardization, ranking or threshold selection",,top75,,,消费调查/results/mpc_allx_screen/all_screen_results.csv,705,c2e3b71621f77b82766e70a3888c409b7256dd33,,cash,q03a_fair_dist_z,,,
Extended Data6,"approved scalar interactions per R SD, factor omnibus raw p at x=0 solely for display; no new standardization, ranking or threshold selection",,top75,,,消费调查/results/mpc_allx_screen/all_screen_results.csv,706,c2e3b71621f77b82766e70a3888c409b7256dd33,,rc,q03a_fair_dist_z,,,
Extended Data6,"approved scalar interactions per R SD, factor omnibus raw p at x=0 solely for display; no new standardization, ranking or threshold selection",,ordinal,,,消费调查/results/mpc_allx_screen/all_screen_results.csv,709,c2e3b71621f77b82766e70a3888c409b7256dd33,,cash,q03b_fair_opp_z,,,
Extended Data6,"approved scalar interactions per R SD, factor omnibus raw p at x=0 solely for display; no new standardization, ranking or threshold selection",,ordinal,,,消费调查/results/mpc_allx_screen/all_screen_results.csv,710,c2e3b71621f77b82766e70a3888c409b7256dd33,,rc,q03b_fair_opp_z,,,
Extended Data6,"approved scalar interactions per R SD, factor omnibus raw p at x=0 solely for display; no new standardization, ranking or threshold selection",,midpoint,,,消费调查/results/mpc_allx_screen/all_screen_results.csv,713,c2e3b71621f77b82766e70a3888c409b7256dd33,,cash,q03b_fair_opp_z,,,
Extended Data6,"approved scalar interactions per R SD, factor omnibus raw p at x=0 solely for display; no new standardization, ranking or threshold selection",,midpoint,,,消费调查/results/mpc_allx_screen/all_screen_results.csv,714,c2e3b71621f77b82766e70a3888c409b7256dd33,,rc,q03b_fair_opp_z,,,
Extended Data6,"approved scalar interactions per R SD, factor omnibus raw p at x=0 solely for display; no new standardization, ranking or threshold selection",,top75,,,消费调查/results/mpc_allx_screen/all_screen_results.csv,717,c2e3b71621f77b82766e70a3888c409b7256dd33,,cash,q03b_fair_opp_z,,,
Extended Data6,"approved scalar interactions per R SD, factor omnibus raw p at x=0 solely for display; no new standardization, ranking or threshold selection",,top75,,,消费调查/results/mpc_allx_screen/all_screen_results.csv,718,c2e3b71621f77b82766e70a3888c409b7256dd33,,rc,q03b_fair_opp_z,,,
Extended Data6,"approved scalar interactions per R SD, factor omnibus raw p at x=0 solely for display; no new standardization, ranking or threshold selection",,ordinal,,,消费调查/results/mpc_allx_screen/all_screen_results.csv,721,c2e3b71621f77b82766e70a3888c409b7256dd33,,cash,q03c_fair_rule_z,,,
Extended Data6,"approved scalar interactions per R SD, factor omnibus raw p at x=0 solely for display; no new standardization, ranking or threshold selection",,ordinal,,,消费调查/results/mpc_allx_screen/all_screen_results.csv,722,c2e3b71621f77b82766e70a3888c409b7256dd33,,rc,q03c_fair_rule_z,,,
Extended Data6,"approved scalar interactions per R SD, factor omnibus raw p at x=0 solely for display; no new standardization, ranking or threshold selection",,midpoint,,,消费调查/results/mpc_allx_screen/all_screen_results.csv,725,c2e3b71621f77b82766e70a3888c409b7256dd33,,cash,q03c_fair_rule_z,,,
Extended Data6,"approved scalar interactions per R SD, factor omnibus raw p at x=0 solely for display; no new standardization, ranking or threshold selection",,midpoint,,,消费调查/results/mpc_allx_screen/all_screen_results.csv,726,c2e3b71621f77b82766e70a3888c409b7256dd33,,rc,q03c_fair_rule_z,,,
Extended Data6,"approved scalar interactions per R SD, factor omnibus raw p at x=0 solely for display; no new standardization, ranking or threshold selection",,top75,,,消费调查/results/mpc_allx_screen/all_screen_results.csv,729,c2e3b71621f77b82766e70a3888c409b7256dd33,,cash,q03c_fair_rule_z,,,
Extended Data6,"approved scalar interactions per R SD, factor omnibus raw p at x=0 solely for display; no new standardization, ranking or threshold selection",,top75,,,消费调查/results/mpc_allx_screen/all_screen_results.csv,730,c2e3b71621f77b82766e70a3888c409b7256dd33,,rc,q03c_fair_rule_z,,,
Extended Data6,"approved scalar interactions per R SD, factor omnibus raw p at x=0 solely for display; no new standardization, ranking or threshold selection",,ordinal,,,消费调查/results/mpc_allx_screen/all_screen_results.csv,733,c2e3b71621f77b82766e70a3888c409b7256dd33,,cash,q04_trust_gov_z,,,
Extended Data6,"approved scalar interactions per R SD, factor omnibus raw p at x=0 solely for display; no new standardization, ranking or threshold selection",,ordinal,,,消费调查/results/mpc_allx_screen/all_screen_results.csv,734,c2e3b71621f77b82766e70a3888c409b7256dd33,,rc,q04_trust_gov_z,,,
Extended Data6,"approved scalar interactions per R SD, factor omnibus raw p at x=0 solely for display; no new standardization, ranking or threshold selection",,midpoint,,,消费调查/results/mpc_allx_screen/all_screen_results.csv,737,c2e3b71621f77b82766e70a3888c409b7256dd33,,cash,q04_trust_gov_z,,,
Extended Data6,"approved scalar interactions per R SD, factor omnibus raw p at x=0 solely for display; no new standardization, ranking or threshold selection",,midpoint,,,消费调查/results/mpc_allx_screen/all_screen_results.csv,738,c2e3b71621f77b82766e70a3888c409b7256dd33,,rc,q04_trust_gov_z,,,
Extended Data6,"approved scalar interactions per R SD, factor omnibus raw p at x=0 solely for display; no new standardization, ranking or threshold selection",,top75,,,消费调查/results/mpc_allx_screen/all_screen_results.csv,741,c2e3b71621f77b82766e70a3888c409b7256dd33,,cash,q04_trust_gov_z,,,
Extended Data6,"approved scalar interactions per R SD, factor omnibus raw p at x=0 solely for display; no new standardization, ranking or threshold selection",,top75,,,消费调查/results/mpc_allx_screen/all_screen_results.csv,742,c2e3b71621f77b82766e70a3888c409b7256dd33,,rc,q04_trust_gov_z,,,
Extended Data6,"approved scalar interactions per R SD, factor omnibus raw p at x=0 solely for display; no new standardization, ranking or threshold selection",,ordinal,,,消费调查/results/mpc_allx_screen/all_screen_results.csv,745,c2e3b71621f77b82766e70a3888c409b7256dd33,,cash,q05_trust_soc_z,,,
Extended Data6,"approved scalar interactions per R SD, factor omnibus raw p at x=0 solely for display; no new standardization, ranking or threshold selection",,ordinal,,,消费调查/results/mpc_allx_screen/all_screen_results.csv,746,c2e3b71621f77b82766e70a3888c409b7256dd33,,rc,q05_trust_soc_z,,,
Extended Data6,"approved scalar interactions per R SD, factor omnibus raw p at x=0 solely for display; no new standardization, ranking or threshold selection",,midpoint,,,消费调查/results/mpc_allx_screen/all_screen_results.csv,749,c2e3b71621f77b82766e70a3888c409b7256dd33,,cash,q05_trust_soc_z,,,
Extended Data6,"approved scalar interactions per R SD, factor omnibus raw p at x=0 solely for display; no new standardization, ranking or threshold selection",,midpoint,,,消费调查/results/mpc_allx_screen/all_screen_results.csv,750,c2e3b71621f77b82766e70a3888c409b7256dd33,,rc,q05_trust_soc_z,,,
Extended Data6,"approved scalar interactions per R SD, factor omnibus raw p at x=0 solely for display; no new standardization, ranking or threshold selection",,top75,,,消费调查/results/mpc_allx_screen/all_screen_results.csv,753,c2e3b71621f77b82766e70a3888c409b7256dd33,,cash,q05_trust_soc_z,,,
Extended Data6,"approved scalar interactions per R SD, factor omnibus raw p at x=0 solely for display; no new standardization, ranking or threshold selection",,top75,,,消费调查/results/mpc_allx_screen/all_screen_results.csv,754,c2e3b71621f77b82766e70a3888c409b7256dd33,,rc,q05_trust_soc_z,,,
Extended Data6,"approved scalar interactions per R SD, factor omnibus raw p at x=0 solely for display; no new standardization, ranking or threshold selection",,ordinal,,,消费调查/results/mpc_allx_screen/all_screen_results.csv,757,c2e3b71621f77b82766e70a3888c409b7256dd33,,cash,q06_socsec_z,,,
Extended Data6,"approved scalar interactions per R SD, factor omnibus raw p at x=0 solely for display; no new standardization, ranking or threshold selection",,ordinal,,,消费调查/results/mpc_allx_screen/all_screen_results.csv,758,c2e3b71621f77b82766e70a3888c409b7256dd33,,rc,q06_socsec_z,,,
Extended Data6,"approved scalar interactions per R SD, factor omnibus raw p at x=0 solely for display; no new standardization, ranking or threshold selection",,midpoint,,,消费调查/results/mpc_allx_screen/all_screen_results.csv,761,c2e3b71621f77b82766e70a3888c409b7256dd33,,cash,q06_socsec_z,,,
Extended Data6,"approved scalar interactions per R SD, factor omnibus raw p at x=0 solely for display; no new standardization, ranking or threshold selection",,midpoint,,,消费调查/results/mpc_allx_screen/all_screen_results.csv,762,c2e3b71621f77b82766e70a3888c409b7256dd33,,rc,q06_socsec_z,,,
Extended Data6,"approved scalar interactions per R SD, factor omnibus raw p at x=0 solely for display; no new standardization, ranking or threshold selection",,top75,,,消费调查/results/mpc_allx_screen/all_screen_results.csv,765,c2e3b71621f77b82766e70a3888c409b7256dd33,,cash,q06_socsec_z,,,
Extended Data6,"approved scalar interactions per R SD, factor omnibus raw p at x=0 solely for display; no new standardization, ranking or threshold selection",,top75,,,消费调查/results/mpc_allx_screen/all_screen_results.csv,766,c2e3b71621f77b82766e70a3888c409b7256dd33,,rc,q06_socsec_z,,,
Extended Data6,"approved scalar interactions per R SD, factor omnibus raw p at x=0 solely for display; no new standardization, ranking or threshold selection",,ordinal,,,消费调查/results/mpc_allx_screen/all_screen_results.csv,769,c2e3b71621f77b82766e70a3888c409b7256dd33,,cash,q07_emergfund_z,,,
Extended Data6,"approved scalar interactions per R SD, factor omnibus raw p at x=0 solely for display; no new standardization, ranking or threshold selection",,ordinal,,,消费调查/results/mpc_allx_screen/all_screen_results.csv,770,c2e3b71621f77b82766e70a3888c409b7256dd33,,rc,q07_emergfund_z,,,
Extended Data6,"approved scalar interactions per R SD, factor omnibus raw p at x=0 solely for display; no new standardization, ranking or threshold selection",,midpoint,,,消费调查/results/mpc_allx_screen/all_screen_results.csv,773,c2e3b71621f77b82766e70a3888c409b7256dd33,,cash,q07_emergfund_z,,,
Extended Data6,"approved scalar interactions per R SD, factor omnibus raw p at x=0 solely for display; no new standardization, ranking or threshold selection",,midpoint,,,消费调查/results/mpc_allx_screen/all_screen_results.csv,774,c2e3b71621f77b82766e70a3888c409b7256dd33,,rc,q07_emergfund_z,,,
Extended Data6,"approved scalar interactions per R SD, factor omnibus raw p at x=0 solely for display; no new standardization, ranking or threshold selection",,top75,,,消费调查/results/mpc_allx_screen/all_screen_results.csv,777,c2e3b71621f77b82766e70a3888c409b7256dd33,,cash,q07_emergfund_z,,,
Extended Data6,"approved scalar interactions per R SD, factor omnibus raw p at x=0 solely for display; no new standardization, ranking or threshold selection",,top75,,,消费调查/results/mpc_allx_screen/all_screen_results.csv,778,c2e3b71621f77b82766e70a3888c409b7256dd33,,rc,q07_emergfund_z,,,
Extended Data6,"approved scalar interactions per R SD, factor omnibus raw p at x=0 solely for display; no new standardization, ranking or threshold selection",,ordinal,,,消费调查/results/mpc_allx_screen/all_screen_results.csv,781,c2e3b71621f77b82766e70a3888c409b7256dd33,,cash,q08_support_z,,,
Extended Data6,"approved scalar interactions per R SD, factor omnibus raw p at x=0 solely for display; no new standardization, ranking or threshold selection",,ordinal,,,消费调查/results/mpc_allx_screen/all_screen_results.csv,782,c2e3b71621f77b82766e70a3888c409b7256dd33,,rc,q08_support_z,,,
Extended Data6,"approved scalar interactions per R SD, factor omnibus raw p at x=0 solely for display; no new standardization, ranking or threshold selection",,midpoint,,,消费调查/results/mpc_allx_screen/all_screen_results.csv,785,c2e3b71621f77b82766e70a3888c409b7256dd33,,cash,q08_support_z,,,
Extended Data6,"approved scalar interactions per R SD, factor omnibus raw p at x=0 solely for display; no new standardization, ranking or threshold selection",,midpoint,,,消费调查/results/mpc_allx_screen/all_screen_results.csv,786,c2e3b71621f77b82766e70a3888c409b7256dd33,,rc,q08_support_z,,,
Extended Data6,"approved scalar interactions per R SD, factor omnibus raw p at x=0 solely for display; no new standardization, ranking or threshold selection",,top75,,,消费调查/results/mpc_allx_screen/all_screen_results.csv,789,c2e3b71621f77b82766e70a3888c409b7256dd33,,cash,q08_support_z,,,
Extended Data6,"approved scalar interactions per R SD, factor omnibus raw p at x=0 solely for display; no new standardization, ranking or threshold selection",,top75,,,消费调查/results/mpc_allx_screen/all_screen_results.csv,790,c2e3b71621f77b82766e70a3888c409b7256dd33,,rc,q08_support_z,,,
Extended Data6,"approved scalar interactions per R SD, factor omnibus raw p at x=0 solely for display; no new standardization, ranking or threshold selection",,ordinal,,,消费调查/results/mpc_allx_screen/all_screen_results.csv,793,c2e3b71621f77b82766e70a3888c409b7256dd33,,cash,q09_gain_z,,,
Extended Data6,"approved scalar interactions per R SD, factor omnibus raw p at x=0 solely for display; no new standardization, ranking or threshold selection",,ordinal,,,消费调查/results/mpc_allx_screen/all_screen_results.csv,794,c2e3b71621f77b82766e70a3888c409b7256dd33,,rc,q09_gain_z,,,
Extended Data6,"approved scalar interactions per R SD, factor omnibus raw p at x=0 solely for display; no new standardization, ranking or threshold selection",,midpoint,,,消费调查/results/mpc_allx_screen/all_screen_results.csv,797,c2e3b71621f77b82766e70a3888c409b7256dd33,,cash,q09_gain_z,,,
Extended Data6,"approved scalar interactions per R SD, factor omnibus raw p at x=0 solely for display; no new standardization, ranking or threshold selection",,midpoint,,,消费调查/results/mpc_allx_screen/all_screen_results.csv,798,c2e3b71621f77b82766e70a3888c409b7256dd33,,rc,q09_gain_z,,,
Extended Data6,"approved scalar interactions per R SD, factor omnibus raw p at x=0 solely for display; no new standardization, ranking or threshold selection",,top75,,,消费调查/results/mpc_allx_screen/all_screen_results.csv,801,c2e3b71621f77b82766e70a3888c409b7256dd33,,cash,q09_gain_z,,,
Extended Data6,"approved scalar interactions per R SD, factor omnibus raw p at x=0 solely for display; no new standardization, ranking or threshold selection",,top75,,,消费调查/results/mpc_allx_screen/all_screen_results.csv,802,c2e3b71621f77b82766e70a3888c409b7256dd33,,rc,q09_gain_z,,,
Extended Data6,"approved scalar interactions per R SD, factor omnibus raw p at x=0 solely for display; no new standardization, ranking or threshold selection",,ordinal,,,消费调查/results/mpc_allx_screen/all_screen_results.csv,805,c2e3b71621f77b82766e70a3888c409b7256dd33,,cash,q10_effort_z,,,
Extended Data6,"approved scalar interactions per R SD, factor omnibus raw p at x=0 solely for display; no new standardization, ranking or threshold selection",,ordinal,,,消费调查/results/mpc_allx_screen/all_screen_results.csv,806,c2e3b71621f77b82766e70a3888c409b7256dd33,,rc,q10_effort_z,,,
Extended Data6,"approved scalar interactions per R SD, factor omnibus raw p at x=0 solely for display; no new standardization, ranking or threshold selection",,midpoint,,,消费调查/results/mpc_allx_screen/all_screen_results.csv,809,c2e3b71621f77b82766e70a3888c409b7256dd33,,cash,q10_effort_z,,,
Extended Data6,"approved scalar interactions per R SD, factor omnibus raw p at x=0 solely for display; no new standardization, ranking or threshold selection",,midpoint,,,消费调查/results/mpc_allx_screen/all_screen_results.csv,810,c2e3b71621f77b82766e70a3888c409b7256dd33,,rc,q10_effort_z,,,
Extended Data6,"approved scalar interactions per R SD, factor omnibus raw p at x=0 solely for display; no new standardization, ranking or threshold selection",,top75,,,消费调查/results/mpc_allx_screen/all_screen_results.csv,813,c2e3b71621f77b82766e70a3888c409b7256dd33,,cash,q10_effort_z,,,
Extended Data6,"approved scalar interactions per R SD, factor omnibus raw p at x=0 solely for display; no new standardization, ranking or threshold selection",,top75,,,消费调查/results/mpc_allx_screen/all_screen_results.csv,814,c2e3b71621f77b82766e70a3888c409b7256dd33,,rc,q10_effort_z,,,
Extended Data6,"approved scalar interactions per R SD, factor omnibus raw p at x=0 solely for display; no new standardization, ranking or threshold selection",,ordinal,,,消费调查/results/mpc_allx_screen/all_screen_results.csv,817,c2e3b71621f77b82766e70a3888c409b7256dd33,,cash,q11_mobility_z,,,
Extended Data6,"approved scalar interactions per R SD, factor omnibus raw p at x=0 solely for display; no new standardization, ranking or threshold selection",,ordinal,,,消费调查/results/mpc_allx_screen/all_screen_results.csv,818,c2e3b71621f77b82766e70a3888c409b7256dd33,,rc,q11_mobility_z,,,
Extended Data6,"approved scalar interactions per R SD, factor omnibus raw p at x=0 solely for display; no new standardization, ranking or threshold selection",,midpoint,,,消费调查/results/mpc_allx_screen/all_screen_results.csv,821,c2e3b71621f77b82766e70a3888c409b7256dd33,,cash,q11_mobility_z,,,
Extended Data6,"approved scalar interactions per R SD, factor omnibus raw p at x=0 solely for display; no new standardization, ranking or threshold selection",,midpoint,,,消费调查/results/mpc_allx_screen/all_screen_results.csv,822,c2e3b71621f77b82766e70a3888c409b7256dd33,,rc,q11_mobility_z,,,
Extended Data6,"approved scalar interactions per R SD, factor omnibus raw p at x=0 solely for display; no new standardization, ranking or threshold selection",,top75,,,消费调查/results/mpc_allx_screen/all_screen_results.csv,825,c2e3b71621f77b82766e70a3888c409b7256dd33,,cash,q11_mobility_z,,,
Extended Data6,"approved scalar interactions per R SD, factor omnibus raw p at x=0 solely for display; no new standardization, ranking or threshold selection",,top75,,,消费调查/results/mpc_allx_screen/all_screen_results.csv,826,c2e3b71621f77b82766e70a3888c409b7256dd33,,rc,q11_mobility_z,,,
Extended Data6,"approved scalar interactions per R SD, factor omnibus raw p at x=0 solely for display; no new standardization, ranking or threshold selection",,ordinal,,,消费调查/results/mpc_allx_screen/all_screen_results.csv,829,c2e3b71621f77b82766e70a3888c409b7256dd33,,cash,q12_voice_z,,,
Extended Data6,"approved scalar interactions per R SD, factor omnibus raw p at x=0 solely for display; no new standardization, ranking or threshold selection",,ordinal,,,消费调查/results/mpc_allx_screen/all_screen_results.csv,830,c2e3b71621f77b82766e70a3888c409b7256dd33,,rc,q12_voice_z,,,
Extended Data6,"approved scalar interactions per R SD, factor omnibus raw p at x=0 solely for display; no new standardization, ranking or threshold selection",,midpoint,,,消费调查/results/mpc_allx_screen/all_screen_results.csv,833,c2e3b71621f77b82766e70a3888c409b7256dd33,,cash,q12_voice_z,,,
Extended Data6,"approved scalar interactions per R SD, factor omnibus raw p at x=0 solely for display; no new standardization, ranking or threshold selection",,midpoint,,,消费调查/results/mpc_allx_screen/all_screen_results.csv,834,c2e3b71621f77b82766e70a3888c409b7256dd33,,rc,q12_voice_z,,,
Extended Data6,"approved scalar interactions per R SD, factor omnibus raw p at x=0 solely for display; no new standardization, ranking or threshold selection",,top75,,,消费调查/results/mpc_allx_screen/all_screen_results.csv,837,c2e3b71621f77b82766e70a3888c409b7256dd33,,cash,q12_voice_z,,,
Extended Data6,"approved scalar interactions per R SD, factor omnibus raw p at x=0 solely for display; no new standardization, ranking or threshold selection",,top75,,,消费调查/results/mpc_allx_screen/all_screen_results.csv,838,c2e3b71621f77b82766e70a3888c409b7256dd33,,rc,q12_voice_z,,,
Extended Data6,"approved scalar interactions per R SD, factor omnibus raw p at x=0 solely for display; no new standardization, ranking or threshold selection",,ordinal,,,消费调查/results/mpc_allx_screen/all_screen_results.csv,841,c2e3b71621f77b82766e70a3888c409b7256dd33,,cash,q13_pressure_z,,,
Extended Data6,"approved scalar interactions per R SD, factor omnibus raw p at x=0 solely for display; no new standardization, ranking or threshold selection",,ordinal,,,消费调查/results/mpc_allx_screen/all_screen_results.csv,842,c2e3b71621f77b82766e70a3888c409b7256dd33,,rc,q13_pressure_z,,,
Extended Data6,"approved scalar interactions per R SD, factor omnibus raw p at x=0 solely for display; no new standardization, ranking or threshold selection",,midpoint,,,消费调查/results/mpc_allx_screen/all_screen_results.csv,845,c2e3b71621f77b82766e70a3888c409b7256dd33,,cash,q13_pressure_z,,,
Extended Data6,"approved scalar interactions per R SD, factor omnibus raw p at x=0 solely for display; no new standardization, ranking or threshold selection",,midpoint,,,消费调查/results/mpc_allx_screen/all_screen_results.csv,846,c2e3b71621f77b82766e70a3888c409b7256dd33,,rc,q13_pressure_z,,,
Extended Data6,"approved scalar interactions per R SD, factor omnibus raw p at x=0 solely for display; no new standardization, ranking or threshold selection",,top75,,,消费调查/results/mpc_allx_screen/all_screen_results.csv,849,c2e3b71621f77b82766e70a3888c409b7256dd33,,cash,q13_pressure_z,,,
Extended Data6,"approved scalar interactions per R SD, factor omnibus raw p at x=0 solely for display; no new standardization, ranking or threshold selection",,top75,,,消费调查/results/mpc_allx_screen/all_screen_results.csv,850,c2e3b71621f77b82766e70a3888c409b7256dd33,,rc,q13_pressure_z,,,
Extended Data6,"approved scalar interactions per R SD, factor omnibus raw p at x=0 solely for display; no new standardization, ranking or threshold selection",,ordinal,,,消费调查/results/mpc_allx_screen/all_screen_results.csv,853,c2e3b71621f77b82766e70a3888c409b7256dd33,,cash,q15_fut_self_z,,,
Extended Data6,"approved scalar interactions per R SD, factor omnibus raw p at x=0 solely for display; no new standardization, ranking or threshold selection",,ordinal,,,消费调查/results/mpc_allx_screen/all_screen_results.csv,854,c2e3b71621f77b82766e70a3888c409b7256dd33,,rc,q15_fut_self_z,,,
Extended Data6,"approved scalar interactions per R SD, factor omnibus raw p at x=0 solely for display; no new standardization, ranking or threshold selection",,midpoint,,,消费调查/results/mpc_allx_screen/all_screen_results.csv,857,c2e3b71621f77b82766e70a3888c409b7256dd33,,cash,q15_fut_self_z,,,
Extended Data6,"approved scalar interactions per R SD, factor omnibus raw p at x=0 solely for display; no new standardization, ranking or threshold selection",,midpoint,,,消费调查/results/mpc_allx_screen/all_screen_results.csv,858,c2e3b71621f77b82766e70a3888c409b7256dd33,,rc,q15_fut_self_z,,,
Extended Data6,"approved scalar interactions per R SD, factor omnibus raw p at x=0 solely for display; no new standardization, ranking or threshold selection",,top75,,,消费调查/results/mpc_allx_screen/all_screen_results.csv,861,c2e3b71621f77b82766e70a3888c409b7256dd33,,cash,q15_fut_self_z,,,
Extended Data6,"approved scalar interactions per R SD, factor omnibus raw p at x=0 solely for display; no new standardization, ranking or threshold selection",,top75,,,消费调查/results/mpc_allx_screen/all_screen_results.csv,862,c2e3b71621f77b82766e70a3888c409b7256dd33,,rc,q15_fut_self_z,,,
Extended Data6,"approved scalar interactions per R SD, factor omnibus raw p at x=0 solely for display; no new standardization, ranking or threshold selection",,ordinal,,,消费调查/results/mpc_allx_screen/all_screen_results.csv,865,c2e3b71621f77b82766e70a3888c409b7256dd33,,cash,q16_fut_society_z,,,
Extended Data6,"approved scalar interactions per R SD, factor omnibus raw p at x=0 solely for display; no new standardization, ranking or threshold selection",,ordinal,,,消费调查/results/mpc_allx_screen/all_screen_results.csv,866,c2e3b71621f77b82766e70a3888c409b7256dd33,,rc,q16_fut_society_z,,,
Extended Data6,"approved scalar interactions per R SD, factor omnibus raw p at x=0 solely for display; no new standardization, ranking or threshold selection",,midpoint,,,消费调查/results/mpc_allx_screen/all_screen_results.csv,869,c2e3b71621f77b82766e70a3888c409b7256dd33,,cash,q16_fut_society_z,,,
Extended Data6,"approved scalar interactions per R SD, factor omnibus raw p at x=0 solely for display; no new standardization, ranking or threshold selection",,midpoint,,,消费调查/results/mpc_allx_screen/all_screen_results.csv,870,c2e3b71621f77b82766e70a3888c409b7256dd33,,rc,q16_fut_society_z,,,
Extended Data6,"approved scalar interactions per R SD, factor omnibus raw p at x=0 solely for display; no new standardization, ranking or threshold selection",,top75,,,消费调查/results/mpc_allx_screen/all_screen_results.csv,873,c2e3b71621f77b82766e70a3888c409b7256dd33,,cash,q16_fut_society_z,,,
Extended Data6,"approved scalar interactions per R SD, factor omnibus raw p at x=0 solely for display; no new standardization, ranking or threshold selection",,top75,,,消费调查/results/mpc_allx_screen/all_screen_results.csv,874,c2e3b71621f77b82766e70a3888c409b7256dd33,,rc,q16_fut_society_z,,,
Extended Data6,"approved scalar interactions per R SD, factor omnibus raw p at x=0 solely for display; no new standardization, ranking or threshold selection",,ordinal,,,消费调查/results/mpc_allx_screen/all_screen_results.csv,877,c2e3b71621f77b82766e70a3888c409b7256dd33,,cash,q17a_fut_econ_z,,,
Extended Data6,"approved scalar interactions per R SD, factor omnibus raw p at x=0 solely for display; no new standardization, ranking or threshold selection",,ordinal,,,消费调查/results/mpc_allx_screen/all_screen_results.csv,878,c2e3b71621f77b82766e70a3888c409b7256dd33,,rc,q17a_fut_econ_z,,,
Extended Data6,"approved scalar interactions per R SD, factor omnibus raw p at x=0 solely for display; no new standardization, ranking or threshold selection",,midpoint,,,消费调查/results/mpc_allx_screen/all_screen_results.csv,881,c2e3b71621f77b82766e70a3888c409b7256dd33,,cash,q17a_fut_econ_z,,,
Extended Data6,"approved scalar interactions per R SD, factor omnibus raw p at x=0 solely for display; no new standardization, ranking or threshold selection",,midpoint,,,消费调查/results/mpc_allx_screen/all_screen_results.csv,882,c2e3b71621f77b82766e70a3888c409b7256dd33,,rc,q17a_fut_econ_z,,,
Extended Data6,"approved scalar interactions per R SD, factor omnibus raw p at x=0 solely for display; no new standardization, ranking or threshold selection",,top75,,,消费调查/results/mpc_allx_screen/all_screen_results.csv,885,c2e3b71621f77b82766e70a3888c409b7256dd33,,cash,q17a_fut_econ_z,,,
Extended Data6,"approved scalar interactions per R SD, factor omnibus raw p at x=0 solely for display; no new standardization, ranking or threshold selection",,top75,,,消费调查/results/mpc_allx_screen/all_screen_results.csv,886,c2e3b71621f77b82766e70a3888c409b7256dd33,,rc,q17a_fut_econ_z,,,
Extended Data6,"approved scalar interactions per R SD, factor omnibus raw p at x=0 solely for display; no new standardization, ranking or threshold selection",,ordinal,,,消费调查/results/mpc_allx_screen/all_screen_results.csv,889,c2e3b71621f77b82766e70a3888c409b7256dd33,,cash,q17b_fut_job_z,,,
Extended Data6,"approved scalar interactions per R SD, factor omnibus raw p at x=0 solely for display; no new standardization, ranking or threshold selection",,ordinal,,,消费调查/results/mpc_allx_screen/all_screen_results.csv,890,c2e3b71621f77b82766e70a3888c409b7256dd33,,rc,q17b_fut_job_z,,,
Extended Data6,"approved scalar interactions per R SD, factor omnibus raw p at x=0 solely for display; no new standardization, ranking or threshold selection",,midpoint,,,消费调查/results/mpc_allx_screen/all_screen_results.csv,893,c2e3b71621f77b82766e70a3888c409b7256dd33,,cash,q17b_fut_job_z,,,
Extended Data6,"approved scalar interactions per R SD, factor omnibus raw p at x=0 solely for display; no new standardization, ranking or threshold selection",,midpoint,,,消费调查/results/mpc_allx_screen/all_screen_results.csv,894,c2e3b71621f77b82766e70a3888c409b7256dd33,,rc,q17b_fut_job_z,,,
Extended Data6,"approved scalar interactions per R SD, factor omnibus raw p at x=0 solely for display; no new standardization, ranking or threshold selection",,top75,,,消费调查/results/mpc_allx_screen/all_screen_results.csv,897,c2e3b71621f77b82766e70a3888c409b7256dd33,,cash,q17b_fut_job_z,,,
Extended Data6,"approved scalar interactions per R SD, factor omnibus raw p at x=0 solely for display; no new standardization, ranking or threshold selection",,top75,,,消费调查/results/mpc_allx_screen/all_screen_results.csv,898,c2e3b71621f77b82766e70a3888c409b7256dd33,,rc,q17b_fut_job_z,,,
Extended Data6,"approved scalar interactions per R SD, factor omnibus raw p at x=0 solely for display; no new standardization, ranking or threshold selection",,ordinal,,,消费调查/results/mpc_allx_screen/all_screen_results.csv,901,c2e3b71621f77b82766e70a3888c409b7256dd33,,cash,q17c_fut_price_z,,,
Extended Data6,"approved scalar interactions per R SD, factor omnibus raw p at x=0 solely for display; no new standardization, ranking or threshold selection",,ordinal,,,消费调查/results/mpc_allx_screen/all_screen_results.csv,902,c2e3b71621f77b82766e70a3888c409b7256dd33,,rc,q17c_fut_price_z,,,
Extended Data6,"approved scalar interactions per R SD, factor omnibus raw p at x=0 solely for display; no new standardization, ranking or threshold selection",,midpoint,,,消费调查/results/mpc_allx_screen/all_screen_results.csv,905,c2e3b71621f77b82766e70a3888c409b7256dd33,,cash,q17c_fut_price_z,,,
Extended Data6,"approved scalar interactions per R SD, factor omnibus raw p at x=0 solely for display; no new standardization, ranking or threshold selection",,midpoint,,,消费调查/results/mpc_allx_screen/all_screen_results.csv,906,c2e3b71621f77b82766e70a3888c409b7256dd33,,rc,q17c_fut_price_z,,,
Extended Data6,"approved scalar interactions per R SD, factor omnibus raw p at x=0 solely for display; no new standardization, ranking or threshold selection",,top75,,,消费调查/results/mpc_allx_screen/all_screen_results.csv,909,c2e3b71621f77b82766e70a3888c409b7256dd33,,cash,q17c_fut_price_z,,,
Extended Data6,"approved scalar interactions per R SD, factor omnibus raw p at x=0 solely for display; no new standardization, ranking or threshold selection",,top75,,,消费调查/results/mpc_allx_screen/all_screen_results.csv,910,c2e3b71621f77b82766e70a3888c409b7256dd33,,rc,q17c_fut_price_z,,,
Extended Data6,"approved scalar interactions per R SD, factor omnibus raw p at x=0 solely for display; no new standardization, ranking or threshold selection",,ordinal,,,消费调查/results/mpc_allx_screen/all_screen_results.csv,913,c2e3b71621f77b82766e70a3888c409b7256dd33,,cash,q17d_fut_fair_z,,,
Extended Data6,"approved scalar interactions per R SD, factor omnibus raw p at x=0 solely for display; no new standardization, ranking or threshold selection",,ordinal,,,消费调查/results/mpc_allx_screen/all_screen_results.csv,914,c2e3b71621f77b82766e70a3888c409b7256dd33,,rc,q17d_fut_fair_z,,,
Extended Data6,"approved scalar interactions per R SD, factor omnibus raw p at x=0 solely for display; no new standardization, ranking or threshold selection",,midpoint,,,消费调查/results/mpc_allx_screen/all_screen_results.csv,917,c2e3b71621f77b82766e70a3888c409b7256dd33,,cash,q17d_fut_fair_z,,,
Extended Data6,"approved scalar interactions per R SD, factor omnibus raw p at x=0 solely for display; no new standardization, ranking or threshold selection",,midpoint,,,消费调查/results/mpc_allx_screen/all_screen_results.csv,918,c2e3b71621f77b82766e70a3888c409b7256dd33,,rc,q17d_fut_fair_z,,,
Extended Data6,"approved scalar interactions per R SD, factor omnibus raw p at x=0 solely for display; no new standardization, ranking or threshold selection",,top75,,,消费调查/results/mpc_allx_screen/all_screen_results.csv,921,c2e3b71621f77b82766e70a3888c409b7256dd33,,cash,q17d_fut_fair_z,,,
Extended Data6,"approved scalar interactions per R SD, factor omnibus raw p at x=0 solely for display; no new standardization, ranking or threshold selection",,top75,,,消费调查/results/mpc_allx_screen/all_screen_results.csv,922,c2e3b71621f77b82766e70a3888c409b7256dd33,,rc,q17d_fut_fair_z,,,
Extended Data6,"approved scalar interactions per R SD, factor omnibus raw p at x=0 solely for display; no new standardization, ranking or threshold selection",,ordinal,,,消费调查/results/mpc_allx_screen/all_screen_results.csv,925,c2e3b71621f77b82766e70a3888c409b7256dd33,,cash,q17e_fut_welfare_z,,,
Extended Data6,"approved scalar interactions per R SD, factor omnibus raw p at x=0 solely for display; no new standardization, ranking or threshold selection",,ordinal,,,消费调查/results/mpc_allx_screen/all_screen_results.csv,926,c2e3b71621f77b82766e70a3888c409b7256dd33,,rc,q17e_fut_welfare_z,,,
Extended Data6,"approved scalar interactions per R SD, factor omnibus raw p at x=0 solely for display; no new standardization, ranking or threshold selection",,midpoint,,,消费调查/results/mpc_allx_screen/all_screen_results.csv,929,c2e3b71621f77b82766e70a3888c409b7256dd33,,cash,q17e_fut_welfare_z,,,
Extended Data6,"approved scalar interactions per R SD, factor omnibus raw p at x=0 solely for display; no new standardization, ranking or threshold selection",,midpoint,,,消费调查/results/mpc_allx_screen/all_screen_results.csv,930,c2e3b71621f77b82766e70a3888c409b7256dd33,,rc,q17e_fut_welfare_z,,,
Extended Data6,"approved scalar interactions per R SD, factor omnibus raw p at x=0 solely for display; no new standardization, ranking or threshold selection",,top75,,,消费调查/results/mpc_allx_screen/all_screen_results.csv,933,c2e3b71621f77b82766e70a3888c409b7256dd33,,cash,q17e_fut_welfare_z,,,
Extended Data6,"approved scalar interactions per R SD, factor omnibus raw p at x=0 solely for display; no new standardization, ranking or threshold selection",,top75,,,消费调查/results/mpc_allx_screen/all_screen_results.csv,934,c2e3b71621f77b82766e70a3888c409b7256dd33,,rc,q17e_fut_welfare_z,,,
Extended Data6,"approved scalar interactions per R SD, factor omnibus raw p at x=0 solely for display; no new standardization, ranking or threshold selection",,ordinal,,,消费调查/results/mpc_allx_screen/all_screen_results.csv,937,c2e3b71621f77b82766e70a3888c409b7256dd33,,cash,q18_ses_now_z,,,
Extended Data6,"approved scalar interactions per R SD, factor omnibus raw p at x=0 solely for display; no new standardization, ranking or threshold selection",,ordinal,,,消费调查/results/mpc_allx_screen/all_screen_results.csv,938,c2e3b71621f77b82766e70a3888c409b7256dd33,,rc,q18_ses_now_z,,,
Extended Data6,"approved scalar interactions per R SD, factor omnibus raw p at x=0 solely for display; no new standardization, ranking or threshold selection",,midpoint,,,消费调查/results/mpc_allx_screen/all_screen_results.csv,941,c2e3b71621f77b82766e70a3888c409b7256dd33,,cash,q18_ses_now_z,,,
Extended Data6,"approved scalar interactions per R SD, factor omnibus raw p at x=0 solely for display; no new standardization, ranking or threshold selection",,midpoint,,,消费调查/results/mpc_allx_screen/all_screen_results.csv,942,c2e3b71621f77b82766e70a3888c409b7256dd33,,rc,q18_ses_now_z,,,
Extended Data6,"approved scalar interactions per R SD, factor omnibus raw p at x=0 solely for display; no new standardization, ranking or threshold selection",,top75,,,消费调查/results/mpc_allx_screen/all_screen_results.csv,945,c2e3b71621f77b82766e70a3888c409b7256dd33,,cash,q18_ses_now_z,,,
Extended Data6,"approved scalar interactions per R SD, factor omnibus raw p at x=0 solely for display; no new standardization, ranking or threshold selection",,top75,,,消费调查/results/mpc_allx_screen/all_screen_results.csv,946,c2e3b71621f77b82766e70a3888c409b7256dd33,,rc,q18_ses_now_z,,,
Extended Data6,"approved scalar interactions per R SD, factor omnibus raw p at x=0 solely for display; no new standardization, ranking or threshold selection",,ordinal,,,消费调查/results/mpc_allx_screen/all_screen_results.csv,949,c2e3b71621f77b82766e70a3888c409b7256dd33,,cash,q19_ses_past5_z,,,
Extended Data6,"approved scalar interactions per R SD, factor omnibus raw p at x=0 solely for display; no new standardization, ranking or threshold selection",,ordinal,,,消费调查/results/mpc_allx_screen/all_screen_results.csv,950,c2e3b71621f77b82766e70a3888c409b7256dd33,,rc,q19_ses_past5_z,,,
Extended Data6,"approved scalar interactions per R SD, factor omnibus raw p at x=0 solely for display; no new standardization, ranking or threshold selection",,midpoint,,,消费调查/results/mpc_allx_screen/all_screen_results.csv,953,c2e3b71621f77b82766e70a3888c409b7256dd33,,cash,q19_ses_past5_z,,,
Extended Data6,"approved scalar interactions per R SD, factor omnibus raw p at x=0 solely for display; no new standardization, ranking or threshold selection",,midpoint,,,消费调查/results/mpc_allx_screen/all_screen_results.csv,954,c2e3b71621f77b82766e70a3888c409b7256dd33,,rc,q19_ses_past5_z,,,
Extended Data6,"approved scalar interactions per R SD, factor omnibus raw p at x=0 solely for display; no new standardization, ranking or threshold selection",,top75,,,消费调查/results/mpc_allx_screen/all_screen_results.csv,957,c2e3b71621f77b82766e70a3888c409b7256dd33,,cash,q19_ses_past5_z,,,
Extended Data6,"approved scalar interactions per R SD, factor omnibus raw p at x=0 solely for display; no new standardization, ranking or threshold selection",,top75,,,消费调查/results/mpc_allx_screen/all_screen_results.csv,958,c2e3b71621f77b82766e70a3888c409b7256dd33,,rc,q19_ses_past5_z,,,
Extended Data6,"approved scalar interactions per R SD, factor omnibus raw p at x=0 solely for display; no new standardization, ranking or threshold selection",,ordinal,,,消费调查/results/mpc_allx_screen/all_screen_results.csv,961,c2e3b71621f77b82766e70a3888c409b7256dd33,,cash,q20_ses_next1_z,,,
Extended Data6,"approved scalar interactions per R SD, factor omnibus raw p at x=0 solely for display; no new standardization, ranking or threshold selection",,ordinal,,,消费调查/results/mpc_allx_screen/all_screen_results.csv,962,c2e3b71621f77b82766e70a3888c409b7256dd33,,rc,q20_ses_next1_z,,,
Extended Data6,"approved scalar interactions per R SD, factor omnibus raw p at x=0 solely for display; no new standardization, ranking or threshold selection",,midpoint,,,消费调查/results/mpc_allx_screen/all_screen_results.csv,965,c2e3b71621f77b82766e70a3888c409b7256dd33,,cash,q20_ses_next1_z,,,
Extended Data6,"approved scalar interactions per R SD, factor omnibus raw p at x=0 solely for display; no new standardization, ranking or threshold selection",,midpoint,,,消费调查/results/mpc_allx_screen/all_screen_results.csv,966,c2e3b71621f77b82766e70a3888c409b7256dd33,,rc,q20_ses_next1_z,,,
Extended Data6,"approved scalar interactions per R SD, factor omnibus raw p at x=0 solely for display; no new standardization, ranking or threshold selection",,top75,,,消费调查/results/mpc_allx_screen/all_screen_results.csv,969,c2e3b71621f77b82766e70a3888c409b7256dd33,,cash,q20_ses_next1_z,,,
Extended Data6,"approved scalar interactions per R SD, factor omnibus raw p at x=0 solely for display; no new standardization, ranking or threshold selection",,top75,,,消费调查/results/mpc_allx_screen/all_screen_results.csv,970,c2e3b71621f77b82766e70a3888c409b7256dd33,,rc,q20_ses_next1_z,,,
Extended Data6,"approved scalar interactions per R SD, factor omnibus raw p at x=0 solely for display; no new standardization, ranking or threshold selection",,ordinal,,,消费调查/results/mpc_allx_screen/all_screen_results.csv,973,c2e3b71621f77b82766e70a3888c409b7256dd33,,cash,q21_order_z,,,
Extended Data6,"approved scalar interactions per R SD, factor omnibus raw p at x=0 solely for display; no new standardization, ranking or threshold selection",,ordinal,,,消费调查/results/mpc_allx_screen/all_screen_results.csv,974,c2e3b71621f77b82766e70a3888c409b7256dd33,,rc,q21_order_z,,,
Extended Data6,"approved scalar interactions per R SD, factor omnibus raw p at x=0 solely for display; no new standardization, ranking or threshold selection",,midpoint,,,消费调查/results/mpc_allx_screen/all_screen_results.csv,977,c2e3b71621f77b82766e70a3888c409b7256dd33,,cash,q21_order_z,,,
Extended Data6,"approved scalar interactions per R SD, factor omnibus raw p at x=0 solely for display; no new standardization, ranking or threshold selection",,midpoint,,,消费调查/results/mpc_allx_screen/all_screen_results.csv,978,c2e3b71621f77b82766e70a3888c409b7256dd33,,rc,q21_order_z,,,
Extended Data6,"approved scalar interactions per R SD, factor omnibus raw p at x=0 solely for display; no new standardization, ranking or threshold selection",,top75,,,消费调查/results/mpc_allx_screen/all_screen_results.csv,981,c2e3b71621f77b82766e70a3888c409b7256dd33,,cash,q21_order_z,,,
Extended Data6,"approved scalar interactions per R SD, factor omnibus raw p at x=0 solely for display; no new standardization, ranking or threshold selection",,top75,,,消费调查/results/mpc_allx_screen/all_screen_results.csv,982,c2e3b71621f77b82766e70a3888c409b7256dd33,,rc,q21_order_z,,,
Extended Data6,"approved scalar interactions per R SD, factor omnibus raw p at x=0 solely for display; no new standardization, ranking or threshold selection",,ordinal,,,消费调查/results/mpc_allx_screen/all_screen_results.csv,985,c2e3b71621f77b82766e70a3888c409b7256dd33,,cash,q22_vitality_z,,,
Extended Data6,"approved scalar interactions per R SD, factor omnibus raw p at x=0 solely for display; no new standardization, ranking or threshold selection",,ordinal,,,消费调查/results/mpc_allx_screen/all_screen_results.csv,986,c2e3b71621f77b82766e70a3888c409b7256dd33,,rc,q22_vitality_z,,,
Extended Data6,"approved scalar interactions per R SD, factor omnibus raw p at x=0 solely for display; no new standardization, ranking or threshold selection",,midpoint,,,消费调查/results/mpc_allx_screen/all_screen_results.csv,989,c2e3b71621f77b82766e70a3888c409b7256dd33,,cash,q22_vitality_z,,,
Extended Data6,"approved scalar interactions per R SD, factor omnibus raw p at x=0 solely for display; no new standardization, ranking or threshold selection",,midpoint,,,消费调查/results/mpc_allx_screen/all_screen_results.csv,990,c2e3b71621f77b82766e70a3888c409b7256dd33,,rc,q22_vitality_z,,,
Extended Data6,"approved scalar interactions per R SD, factor omnibus raw p at x=0 solely for display; no new standardization, ranking or threshold selection",,top75,,,消费调查/results/mpc_allx_screen/all_screen_results.csv,993,c2e3b71621f77b82766e70a3888c409b7256dd33,,cash,q22_vitality_z,,,
Extended Data6,"approved scalar interactions per R SD, factor omnibus raw p at x=0 solely for display; no new standardization, ranking or threshold selection",,top75,,,消费调查/results/mpc_allx_screen/all_screen_results.csv,994,c2e3b71621f77b82766e70a3888c409b7256dd33,,rc,q22_vitality_z,,,
Extended Data6,"approved scalar interactions per R SD, factor omnibus raw p at x=0 solely for display; no new standardization, ranking or threshold selection",,ordinal,,,消费调查/results/mpc_allx_screen/all_screen_results.csv,997,c2e3b71621f77b82766e70a3888c409b7256dd33,,cash,q43_edu_z,,,
Extended Data6,"approved scalar interactions per R SD, factor omnibus raw p at x=0 solely for display; no new standardization, ranking or threshold selection",,ordinal,,,消费调查/results/mpc_allx_screen/all_screen_results.csv,998,c2e3b71621f77b82766e70a3888c409b7256dd33,,rc,q43_edu_z,,,
Extended Data6,"approved scalar interactions per R SD, factor omnibus raw p at x=0 solely for display; no new standardization, ranking or threshold selection",,midpoint,,,消费调查/results/mpc_allx_screen/all_screen_results.csv,1001,c2e3b71621f77b82766e70a3888c409b7256dd33,,cash,q43_edu_z,,,
Extended Data6,"approved scalar interactions per R SD, factor omnibus raw p at x=0 solely for display; no new standardization, ranking or threshold selection",,midpoint,,,消费调查/results/mpc_allx_screen/all_screen_results.csv,1002,c2e3b71621f77b82766e70a3888c409b7256dd33,,rc,q43_edu_z,,,
Extended Data6,"approved scalar interactions per R SD, factor omnibus raw p at x=0 solely for display; no new standardization, ranking or threshold selection",,top75,,,消费调查/results/mpc_allx_screen/all_screen_results.csv,1005,c2e3b71621f77b82766e70a3888c409b7256dd33,,cash,q43_edu_z,,,
Extended Data6,"approved scalar interactions per R SD, factor omnibus raw p at x=0 solely for display; no new standardization, ranking or threshold selection",,top75,,,消费调查/results/mpc_allx_screen/all_screen_results.csv,1006,c2e3b71621f77b82766e70a3888c409b7256dd33,,rc,q43_edu_z,,,
Extended Data6,"approved scalar interactions per R SD, factor omnibus raw p at x=0 solely for display; no new standardization, ranking or threshold selection",,ordinal,,,消费调查/results/mpc_allx_screen/all_screen_results.csv,1009,c2e3b71621f77b82766e70a3888c409b7256dd33,,cash,income_h_z,,,
Extended Data6,"approved scalar interactions per R SD, factor omnibus raw p at x=0 solely for display; no new standardization, ranking or threshold selection",,ordinal,,,消费调查/results/mpc_allx_screen/all_screen_results.csv,1010,c2e3b71621f77b82766e70a3888c409b7256dd33,,rc,income_h_z,,,
Extended Data6,"approved scalar interactions per R SD, factor omnibus raw p at x=0 solely for display; no new standardization, ranking or threshold selection",,midpoint,,,消费调查/results/mpc_allx_screen/all_screen_results.csv,1013,c2e3b71621f77b82766e70a3888c409b7256dd33,,cash,income_h_z,,,
Extended Data6,"approved scalar interactions per R SD, factor omnibus raw p at x=0 solely for display; no new standardization, ranking or threshold selection",,midpoint,,,消费调查/results/mpc_allx_screen/all_screen_results.csv,1014,c2e3b71621f77b82766e70a3888c409b7256dd33,,rc,income_h_z,,,
Extended Data6,"approved scalar interactions per R SD, factor omnibus raw p at x=0 solely for display; no new standardization, ranking or threshold selection",,top75,,,消费调查/results/mpc_allx_screen/all_screen_results.csv,1017,c2e3b71621f77b82766e70a3888c409b7256dd33,,cash,income_h_z,,,
Extended Data6,"approved scalar interactions per R SD, factor omnibus raw p at x=0 solely for display; no new standardization, ranking or threshold selection",,top75,,,消费调查/results/mpc_allx_screen/all_screen_results.csv,1018,c2e3b71621f77b82766e70a3888c409b7256dd33,,rc,income_h_z,,,
Extended Data6,"approved scalar interactions per R SD, factor omnibus raw p at x=0 solely for display; no new standardization, ranking or threshold selection",,ordinal,,,消费调查/results/mpc_allx_screen/all_screen_results.csv,1021,c2e3b71621f77b82766e70a3888c409b7256dd33,,cash,q28_hhsize_z,,,
Extended Data6,"approved scalar interactions per R SD, factor omnibus raw p at x=0 solely for display; no new standardization, ranking or threshold selection",,ordinal,,,消费调查/results/mpc_allx_screen/all_screen_results.csv,1022,c2e3b71621f77b82766e70a3888c409b7256dd33,,rc,q28_hhsize_z,,,
Extended Data6,"approved scalar interactions per R SD, factor omnibus raw p at x=0 solely for display; no new standardization, ranking or threshold selection",,midpoint,,,消费调查/results/mpc_allx_screen/all_screen_results.csv,1025,c2e3b71621f77b82766e70a3888c409b7256dd33,,cash,q28_hhsize_z,,,
Extended Data6,"approved scalar interactions per R SD, factor omnibus raw p at x=0 solely for display; no new standardization, ranking or threshold selection",,midpoint,,,消费调查/results/mpc_allx_screen/all_screen_results.csv,1026,c2e3b71621f77b82766e70a3888c409b7256dd33,,rc,q28_hhsize_z,,,
Extended Data6,"approved scalar interactions per R SD, factor omnibus raw p at x=0 solely for display; no new standardization, ranking or threshold selection",,top75,,,消费调查/results/mpc_allx_screen/all_screen_results.csv,1029,c2e3b71621f77b82766e70a3888c409b7256dd33,,cash,q28_hhsize_z,,,
Extended Data6,"approved scalar interactions per R SD, factor omnibus raw p at x=0 solely for display; no new standardization, ranking or threshold selection",,top75,,,消费调查/results/mpc_allx_screen/all_screen_results.csv,1030,c2e3b71621f77b82766e70a3888c409b7256dd33,,rc,q28_hhsize_z,,,
Extended Data6,"approved scalar interactions per R SD, factor omnibus raw p at x=0 solely for display; no new standardization, ranking or threshold selection",,ordinal,,,消费调查/results/mpc_allx_screen/all_screen_results.csv,1033,c2e3b71621f77b82766e70a3888c409b7256dd33,,cash,q29_foodexp_z,,,
Extended Data6,"approved scalar interactions per R SD, factor omnibus raw p at x=0 solely for display; no new standardization, ranking or threshold selection",,ordinal,,,消费调查/results/mpc_allx_screen/all_screen_results.csv,1034,c2e3b71621f77b82766e70a3888c409b7256dd33,,rc,q29_foodexp_z,,,
Extended Data6,"approved scalar interactions per R SD, factor omnibus raw p at x=0 solely for display; no new standardization, ranking or threshold selection",,midpoint,,,消费调查/results/mpc_allx_screen/all_screen_results.csv,1037,c2e3b71621f77b82766e70a3888c409b7256dd33,,cash,q29_foodexp_z,,,
Extended Data6,"approved scalar interactions per R SD, factor omnibus raw p at x=0 solely for display; no new standardization, ranking or threshold selection",,midpoint,,,消费调查/results/mpc_allx_screen/all_screen_results.csv,1038,c2e3b71621f77b82766e70a3888c409b7256dd33,,rc,q29_foodexp_z,,,
Extended Data6,"approved scalar interactions per R SD, factor omnibus raw p at x=0 solely for display; no new standardization, ranking or threshold selection",,top75,,,消费调查/results/mpc_allx_screen/all_screen_results.csv,1041,c2e3b71621f77b82766e70a3888c409b7256dd33,,cash,q29_foodexp_z,,,
Extended Data6,"approved scalar interactions per R SD, factor omnibus raw p at x=0 solely for display; no new standardization, ranking or threshold selection",,top75,,,消费调查/results/mpc_allx_screen/all_screen_results.csv,1042,c2e3b71621f77b82766e70a3888c409b7256dd33,,rc,q29_foodexp_z,,,
Extended Data6,"approved scalar interactions per R SD, factor omnibus raw p at x=0 solely for display; no new standardization, ranking or threshold selection",,ordinal,,,消费调查/results/mpc_allx_screen/all_screen_results.csv,1045,c2e3b71621f77b82766e70a3888c409b7256dd33,,cash,q30_medexp_z,,,
Extended Data6,"approved scalar interactions per R SD, factor omnibus raw p at x=0 solely for display; no new standardization, ranking or threshold selection",,ordinal,,,消费调查/results/mpc_allx_screen/all_screen_results.csv,1046,c2e3b71621f77b82766e70a3888c409b7256dd33,,rc,q30_medexp_z,,,
Extended Data6,"approved scalar interactions per R SD, factor omnibus raw p at x=0 solely for display; no new standardization, ranking or threshold selection",,midpoint,,,消费调查/results/mpc_allx_screen/all_screen_results.csv,1049,c2e3b71621f77b82766e70a3888c409b7256dd33,,cash,q30_medexp_z,,,
Extended Data6,"approved scalar interactions per R SD, factor omnibus raw p at x=0 solely for display; no new standardization, ranking or threshold selection",,midpoint,,,消费调查/results/mpc_allx_screen/all_screen_results.csv,1050,c2e3b71621f77b82766e70a3888c409b7256dd33,,rc,q30_medexp_z,,,
Extended Data6,"approved scalar interactions per R SD, factor omnibus raw p at x=0 solely for display; no new standardization, ranking or threshold selection",,top75,,,消费调查/results/mpc_allx_screen/all_screen_results.csv,1053,c2e3b71621f77b82766e70a3888c409b7256dd33,,cash,q30_medexp_z,,,
Extended Data6,"approved scalar interactions per R SD, factor omnibus raw p at x=0 solely for display; no new standardization, ranking or threshold selection",,top75,,,消费调查/results/mpc_allx_screen/all_screen_results.csv,1054,c2e3b71621f77b82766e70a3888c409b7256dd33,,rc,q30_medexp_z,,,
Extended Data6,"approved scalar interactions per R SD, factor omnibus raw p at x=0 solely for display; no new standardization, ranking or threshold selection",,ordinal,,,消费调查/results/mpc_allx_screen/all_screen_results.csv,1057,c2e3b71621f77b82766e70a3888c409b7256dd33,,cash,q49_citytier_z,,,
Extended Data6,"approved scalar interactions per R SD, factor omnibus raw p at x=0 solely for display; no new standardization, ranking or threshold selection",,ordinal,,,消费调查/results/mpc_allx_screen/all_screen_results.csv,1058,c2e3b71621f77b82766e70a3888c409b7256dd33,,rc,q49_citytier_z,,,
Extended Data6,"approved scalar interactions per R SD, factor omnibus raw p at x=0 solely for display; no new standardization, ranking or threshold selection",,midpoint,,,消费调查/results/mpc_allx_screen/all_screen_results.csv,1061,c2e3b71621f77b82766e70a3888c409b7256dd33,,cash,q49_citytier_z,,,
Extended Data6,"approved scalar interactions per R SD, factor omnibus raw p at x=0 solely for display; no new standardization, ranking or threshold selection",,midpoint,,,消费调查/results/mpc_allx_screen/all_screen_results.csv,1062,c2e3b71621f77b82766e70a3888c409b7256dd33,,rc,q49_citytier_z,,,
Extended Data6,"approved scalar interactions per R SD, factor omnibus raw p at x=0 solely for display; no new standardization, ranking or threshold selection",,top75,,,消费调查/results/mpc_allx_screen/all_screen_results.csv,1065,c2e3b71621f77b82766e70a3888c409b7256dd33,,cash,q49_citytier_z,,,
Extended Data6,"approved scalar interactions per R SD, factor omnibus raw p at x=0 solely for display; no new standardization, ranking or threshold selection",,top75,,,消费调查/results/mpc_allx_screen/all_screen_results.csv,1066,c2e3b71621f77b82766e70a3888c409b7256dd33,,rc,q49_citytier_z,,,
Extended Data6,"approved scalar interactions per R SD, factor omnibus raw p at x=0 solely for display; no new standardization, ranking or threshold selection",,ordinal,,,消费调查/results/mpc_allx_screen/all_screen_results.csv,1069,c2e3b71621f77b82766e70a3888c409b7256dd33,,cash,q41_gender_z,,,
Extended Data6,"approved scalar interactions per R SD, factor omnibus raw p at x=0 solely for display; no new standardization, ranking or threshold selection",,ordinal,,,消费调查/results/mpc_allx_screen/all_screen_results.csv,1070,c2e3b71621f77b82766e70a3888c409b7256dd33,,rc,q41_gender_z,,,
Extended Data6,"approved scalar interactions per R SD, factor omnibus raw p at x=0 solely for display; no new standardization, ranking or threshold selection",,midpoint,,,消费调查/results/mpc_allx_screen/all_screen_results.csv,1073,c2e3b71621f77b82766e70a3888c409b7256dd33,,cash,q41_gender_z,,,
Extended Data6,"approved scalar interactions per R SD, factor omnibus raw p at x=0 solely for display; no new standardization, ranking or threshold selection",,midpoint,,,消费调查/results/mpc_allx_screen/all_screen_results.csv,1074,c2e3b71621f77b82766e70a3888c409b7256dd33,,rc,q41_gender_z,,,
Extended Data6,"approved scalar interactions per R SD, factor omnibus raw p at x=0 solely for display; no new standardization, ranking or threshold selection",,top75,,,消费调查/results/mpc_allx_screen/all_screen_results.csv,1077,c2e3b71621f77b82766e70a3888c409b7256dd33,,cash,q41_gender_z,,,
Extended Data6,"approved scalar interactions per R SD, factor omnibus raw p at x=0 solely for display; no new standardization, ranking or threshold selection",,top75,,,消费调查/results/mpc_allx_screen/all_screen_results.csv,1078,c2e3b71621f77b82766e70a3888c409b7256dd33,,rc,q41_gender_z,,,
Extended Data6,"approved scalar interactions per R SD, factor omnibus raw p at x=0 solely for display; no new standardization, ranking or threshold selection",,ordinal,,,消费调查/results/mpc_allx_screen/all_screen_results.csv,1081,c2e3b71621f77b82766e70a3888c409b7256dd33,,cash,q27_minorchild_z,,,
Extended Data6,"approved scalar interactions per R SD, factor omnibus raw p at x=0 solely for display; no new standardization, ranking or threshold selection",,ordinal,,,消费调查/results/mpc_allx_screen/all_screen_results.csv,1082,c2e3b71621f77b82766e70a3888c409b7256dd33,,rc,q27_minorchild_z,,,
Extended Data6,"approved scalar interactions per R SD, factor omnibus raw p at x=0 solely for display; no new standardization, ranking or threshold selection",,midpoint,,,消费调查/results/mpc_allx_screen/all_screen_results.csv,1085,c2e3b71621f77b82766e70a3888c409b7256dd33,,cash,q27_minorchild_z,,,
Extended Data6,"approved scalar interactions per R SD, factor omnibus raw p at x=0 solely for display; no new standardization, ranking or threshold selection",,midpoint,,,消费调查/results/mpc_allx_screen/all_screen_results.csv,1086,c2e3b71621f77b82766e70a3888c409b7256dd33,,rc,q27_minorchild_z,,,
Extended Data6,"approved scalar interactions per R SD, factor omnibus raw p at x=0 solely for display; no new standardization, ranking or threshold selection",,top75,,,消费调查/results/mpc_allx_screen/all_screen_results.csv,1089,c2e3b71621f77b82766e70a3888c409b7256dd33,,cash,q27_minorchild_z,,,
Extended Data6,"approved scalar interactions per R SD, factor omnibus raw p at x=0 solely for display; no new standardization, ranking or threshold selection",,top75,,,消费调查/results/mpc_allx_screen/all_screen_results.csv,1090,c2e3b71621f77b82766e70a3888c409b7256dd33,,rc,q27_minorchild_z,,,
Extended Data6,"approved scalar interactions per R SD, factor omnibus raw p at x=0 solely for display; no new standardization, ranking or threshold selection",,ordinal,,,消费调查/results/mpc_allx_screen/all_screen_results.csv,1093,c2e3b71621f77b82766e70a3888c409b7256dd33,,cash,need,,,
Extended Data6,"approved scalar interactions per R SD, factor omnibus raw p at x=0 solely for display; no new standardization, ranking or threshold selection",,ordinal,,,消费调查/results/mpc_allx_screen/all_screen_results.csv,1094,c2e3b71621f77b82766e70a3888c409b7256dd33,,rc,need,,,
Extended Data6,"approved scalar interactions per R SD, factor omnibus raw p at x=0 solely for display; no new standardization, ranking or threshold selection",,midpoint,,,消费调查/results/mpc_allx_screen/all_screen_results.csv,1097,c2e3b71621f77b82766e70a3888c409b7256dd33,,cash,need,,,
Extended Data6,"approved scalar interactions per R SD, factor omnibus raw p at x=0 solely for display; no new standardization, ranking or threshold selection",,midpoint,,,消费调查/results/mpc_allx_screen/all_screen_results.csv,1098,c2e3b71621f77b82766e70a3888c409b7256dd33,,rc,need,,,
Extended Data6,"approved scalar interactions per R SD, factor omnibus raw p at x=0 solely for display; no new standardization, ranking or threshold selection",,top75,,,消费调查/results/mpc_allx_screen/all_screen_results.csv,1101,c2e3b71621f77b82766e70a3888c409b7256dd33,,cash,need,,,
Extended Data6,"approved scalar interactions per R SD, factor omnibus raw p at x=0 solely for display; no new standardization, ranking or threshold selection",,top75,,,消费调查/results/mpc_allx_screen/all_screen_results.csv,1102,c2e3b71621f77b82766e70a3888c409b7256dd33,,rc,need,,,
Extended Data6,"approved scalar interactions per R SD, factor omnibus raw p at x=0 solely for display; no new standardization, ranking or threshold selection",,ordinal,,,消费调查/results/mpc_allx_screen/all_screen_results.csv,1105,c2e3b71621f77b82766e70a3888c409b7256dd33,,cash,foodneed,,,
Extended Data6,"approved scalar interactions per R SD, factor omnibus raw p at x=0 solely for display; no new standardization, ranking or threshold selection",,ordinal,,,消费调查/results/mpc_allx_screen/all_screen_results.csv,1106,c2e3b71621f77b82766e70a3888c409b7256dd33,,rc,foodneed,,,
Extended Data6,"approved scalar interactions per R SD, factor omnibus raw p at x=0 solely for display; no new standardization, ranking or threshold selection",,midpoint,,,消费调查/results/mpc_allx_screen/all_screen_results.csv,1109,c2e3b71621f77b82766e70a3888c409b7256dd33,,cash,foodneed,,,
Extended Data6,"approved scalar interactions per R SD, factor omnibus raw p at x=0 solely for display; no new standardization, ranking or threshold selection",,midpoint,,,消费调查/results/mpc_allx_screen/all_screen_results.csv,1110,c2e3b71621f77b82766e70a3888c409b7256dd33,,rc,foodneed,,,
Extended Data6,"approved scalar interactions per R SD, factor omnibus raw p at x=0 solely for display; no new standardization, ranking or threshold selection",,top75,,,消费调查/results/mpc_allx_screen/all_screen_results.csv,1113,c2e3b71621f77b82766e70a3888c409b7256dd33,,cash,foodneed,,,
Extended Data6,"approved scalar interactions per R SD, factor omnibus raw p at x=0 solely for display; no new standardization, ranking or threshold selection",,top75,,,消费调查/results/mpc_allx_screen/all_screen_results.csv,1114,c2e3b71621f77b82766e70a3888c409b7256dd33,,rc,foodneed,,,
Extended Data6,"approved scalar interactions per R SD, factor omnibus raw p at x=0 solely for display; no new standardization, ranking or threshold selection",,ordinal,,,消费调查/results/mpc_allx_screen/all_screen_results.csv,1117,c2e3b71621f77b82766e70a3888c409b7256dd33,,cash,liquidity,,,
Extended Data6,"approved scalar interactions per R SD, factor omnibus raw p at x=0 solely for display; no new standardization, ranking or threshold selection",,ordinal,,,消费调查/results/mpc_allx_screen/all_screen_results.csv,1118,c2e3b71621f77b82766e70a3888c409b7256dd33,,rc,liquidity,,,
Extended Data6,"approved scalar interactions per R SD, factor omnibus raw p at x=0 solely for display; no new standardization, ranking or threshold selection",,midpoint,,,消费调查/results/mpc_allx_screen/all_screen_results.csv,1121,c2e3b71621f77b82766e70a3888c409b7256dd33,,cash,liquidity,,,
Extended Data6,"approved scalar interactions per R SD, factor omnibus raw p at x=0 solely for display; no new standardization, ranking or threshold selection",,midpoint,,,消费调查/results/mpc_allx_screen/all_screen_results.csv,1122,c2e3b71621f77b82766e70a3888c409b7256dd33,,rc,liquidity,,,
Extended Data6,"approved scalar interactions per R SD, factor omnibus raw p at x=0 solely for display; no new standardization, ranking or threshold selection",,top75,,,消费调查/results/mpc_allx_screen/all_screen_results.csv,1125,c2e3b71621f77b82766e70a3888c409b7256dd33,,cash,liquidity,,,
Extended Data6,"approved scalar interactions per R SD, factor omnibus raw p at x=0 solely for display; no new standardization, ranking or threshold selection",,top75,,,消费调查/results/mpc_allx_screen/all_screen_results.csv,1126,c2e3b71621f77b82766e70a3888c409b7256dd33,,rc,liquidity,,,
Extended Data6,"approved scalar interactions per R SD, factor omnibus raw p at x=0 solely for display; no new standardization, ranking or threshold selection",,ordinal,,,消费调查/results/mpc_allx_screen/all_screen_results.csv,1129,c2e3b71621f77b82766e70a3888c409b7256dd33,,cash,income_z,,,
Extended Data6,"approved scalar interactions per R SD, factor omnibus raw p at x=0 solely for display; no new standardization, ranking or threshold selection",,ordinal,,,消费调查/results/mpc_allx_screen/all_screen_results.csv,1130,c2e3b71621f77b82766e70a3888c409b7256dd33,,rc,income_z,,,
Extended Data6,"approved scalar interactions per R SD, factor omnibus raw p at x=0 solely for display; no new standardization, ranking or threshold selection",,midpoint,,,消费调查/results/mpc_allx_screen/all_screen_results.csv,1133,c2e3b71621f77b82766e70a3888c409b7256dd33,,cash,income_z,,,
Extended Data6,"approved scalar interactions per R SD, factor omnibus raw p at x=0 solely for display; no new standardization, ranking or threshold selection",,midpoint,,,消费调查/results/mpc_allx_screen/all_screen_results.csv,1134,c2e3b71621f77b82766e70a3888c409b7256dd33,,rc,income_z,,,
Extended Data6,"approved scalar interactions per R SD, factor omnibus raw p at x=0 solely for display; no new standardization, ranking or threshold selection",,top75,,,消费调查/results/mpc_allx_screen/all_screen_results.csv,1137,c2e3b71621f77b82766e70a3888c409b7256dd33,,cash,income_z,,,
Extended Data6,"approved scalar interactions per R SD, factor omnibus raw p at x=0 solely for display; no new standardization, ranking or threshold selection",,top75,,,消费调查/results/mpc_allx_screen/all_screen_results.csv,1138,c2e3b71621f77b82766e70a3888c409b7256dd33,,rc,income_z,,,
Extended Data6,"approved scalar interactions per R SD, factor omnibus raw p at x=0 solely for display; no new standardization, ranking or threshold selection",,ordinal,,,消费调查/results/mpc_allx_screen/all_screen_results.csv,1141,c2e3b71621f77b82766e70a3888c409b7256dd33,,cash,who::liquidity,,,
Extended Data6,"approved scalar interactions per R SD, factor omnibus raw p at x=0 solely for display; no new standardization, ranking or threshold selection",,ordinal,,,消费调查/results/mpc_allx_screen/all_screen_results.csv,1142,c2e3b71621f77b82766e70a3888c409b7256dd33,,rc,who::liquidity,,,
Extended Data6,"approved scalar interactions per R SD, factor omnibus raw p at x=0 solely for display; no new standardization, ranking or threshold selection",,midpoint,,,消费调查/results/mpc_allx_screen/all_screen_results.csv,1145,c2e3b71621f77b82766e70a3888c409b7256dd33,,cash,who::liquidity,,,
Extended Data6,"approved scalar interactions per R SD, factor omnibus raw p at x=0 solely for display; no new standardization, ranking or threshold selection",,midpoint,,,消费调查/results/mpc_allx_screen/all_screen_results.csv,1146,c2e3b71621f77b82766e70a3888c409b7256dd33,,rc,who::liquidity,,,
Extended Data6,"approved scalar interactions per R SD, factor omnibus raw p at x=0 solely for display; no new standardization, ranking or threshold selection",,top75,,,消费调查/results/mpc_allx_screen/all_screen_results.csv,1149,c2e3b71621f77b82766e70a3888c409b7256dd33,,cash,who::liquidity,,,
Extended Data6,"approved scalar interactions per R SD, factor omnibus raw p at x=0 solely for display; no new standardization, ranking or threshold selection",,top75,,,消费调查/results/mpc_allx_screen/all_screen_results.csv,1150,c2e3b71621f77b82766e70a3888c409b7256dd33,,rc,who::liquidity,,,
Extended Data6,"approved scalar interactions per R SD, factor omnibus raw p at x=0 solely for display; no new standardization, ranking or threshold selection",,ordinal,,,消费调查/results/mpc_allx_screen/all_screen_results.csv,1153,c2e3b71621f77b82766e70a3888c409b7256dd33,,cash,who::income,,,
Extended Data6,"approved scalar interactions per R SD, factor omnibus raw p at x=0 solely for display; no new standardization, ranking or threshold selection",,ordinal,,,消费调查/results/mpc_allx_screen/all_screen_results.csv,1154,c2e3b71621f77b82766e70a3888c409b7256dd33,,rc,who::income,,,
Extended Data6,"approved scalar interactions per R SD, factor omnibus raw p at x=0 solely for display; no new standardization, ranking or threshold selection",,midpoint,,,消费调查/results/mpc_allx_screen/all_screen_results.csv,1157,c2e3b71621f77b82766e70a3888c409b7256dd33,,cash,who::income,,,
Extended Data6,"approved scalar interactions per R SD, factor omnibus raw p at x=0 solely for display; no new standardization, ranking or threshold selection",,midpoint,,,消费调查/results/mpc_allx_screen/all_screen_results.csv,1158,c2e3b71621f77b82766e70a3888c409b7256dd33,,rc,who::income,,,
Extended Data6,"approved scalar interactions per R SD, factor omnibus raw p at x=0 solely for display; no new standardization, ranking or threshold selection",,top75,,,消费调查/results/mpc_allx_screen/all_screen_results.csv,1161,c2e3b71621f77b82766e70a3888c409b7256dd33,,cash,who::income,,,
Extended Data6,"approved scalar interactions per R SD, factor omnibus raw p at x=0 solely for display; no new standardization, ranking or threshold selection",,top75,,,消费调查/results/mpc_allx_screen/all_screen_results.csv,1162,c2e3b71621f77b82766e70a3888c409b7256dd33,,rc,who::income,,,
Extended Data6,"approved scalar interactions per R SD, factor omnibus raw p at x=0 solely for display; no new standardization, ranking or threshold selection",,ordinal,,,消费调查/results/mpc_allx_screen/all_screen_results.csv,1165,c2e3b71621f77b82766e70a3888c409b7256dd33,,cash,who::food,,,
Extended Data6,"approved scalar interactions per R SD, factor omnibus raw p at x=0 solely for display; no new standardization, ranking or threshold selection",,ordinal,,,消费调查/results/mpc_allx_screen/all_screen_results.csv,1166,c2e3b71621f77b82766e70a3888c409b7256dd33,,rc,who::food,,,
Extended Data6,"approved scalar interactions per R SD, factor omnibus raw p at x=0 solely for display; no new standardization, ranking or threshold selection",,midpoint,,,消费调查/results/mpc_allx_screen/all_screen_results.csv,1169,c2e3b71621f77b82766e70a3888c409b7256dd33,,cash,who::food,,,
Extended Data6,"approved scalar interactions per R SD, factor omnibus raw p at x=0 solely for display; no new standardization, ranking or threshold selection",,midpoint,,,消费调查/results/mpc_allx_screen/all_screen_results.csv,1170,c2e3b71621f77b82766e70a3888c409b7256dd33,,rc,who::food,,,
Extended Data6,"approved scalar interactions per R SD, factor omnibus raw p at x=0 solely for display; no new standardization, ranking or threshold selection",,top75,,,消费调查/results/mpc_allx_screen/all_screen_results.csv,1173,c2e3b71621f77b82766e70a3888c409b7256dd33,,cash,who::food,,,
Extended Data6,"approved scalar interactions per R SD, factor omnibus raw p at x=0 solely for display; no new standardization, ranking or threshold selection",,top75,,,消费调查/results/mpc_allx_screen/all_screen_results.csv,1174,c2e3b71621f77b82766e70a3888c409b7256dd33,,rc,who::food,,,
Extended Data6,"approved scalar interactions per R SD, factor omnibus raw p at x=0 solely for display; no new standardization, ranking or threshold selection",,ordinal,,,消费调查/results/mpc_allx_screen/all_screen_results.csv,1177,c2e3b71621f77b82766e70a3888c409b7256dd33,,cash,who::medical,,,
Extended Data6,"approved scalar interactions per R SD, factor omnibus raw p at x=0 solely for display; no new standardization, ranking or threshold selection",,ordinal,,,消费调查/results/mpc_allx_screen/all_screen_results.csv,1178,c2e3b71621f77b82766e70a3888c409b7256dd33,,rc,who::medical,,,
Extended Data6,"approved scalar interactions per R SD, factor omnibus raw p at x=0 solely for display; no new standardization, ranking or threshold selection",,midpoint,,,消费调查/results/mpc_allx_screen/all_screen_results.csv,1181,c2e3b71621f77b82766e70a3888c409b7256dd33,,cash,who::medical,,,
Extended Data6,"approved scalar interactions per R SD, factor omnibus raw p at x=0 solely for display; no new standardization, ranking or threshold selection",,midpoint,,,消费调查/results/mpc_allx_screen/all_screen_results.csv,1182,c2e3b71621f77b82766e70a3888c409b7256dd33,,rc,who::medical,,,
Extended Data6,"approved scalar interactions per R SD, factor omnibus raw p at x=0 solely for display; no new standardization, ranking or threshold selection",,top75,,,消费调查/results/mpc_allx_screen/all_screen_results.csv,1185,c2e3b71621f77b82766e70a3888c409b7256dd33,,cash,who::medical,,,
Extended Data6,"approved scalar interactions per R SD, factor omnibus raw p at x=0 solely for display; no new standardization, ranking or threshold selection",,top75,,,消费调查/results/mpc_allx_screen/all_screen_results.csv,1186,c2e3b71621f77b82766e70a3888c409b7256dd33,,rc,who::medical,,,
Extended Data6,"approved scalar interactions per R SD, factor omnibus raw p at x=0 solely for display; no new standardization, ranking or threshold selection",,ordinal,,,消费调查/results/mpc_allx_screen/all_screen_results.csv,1189,c2e3b71621f77b82766e70a3888c409b7256dd33,,cash,who::subsidy_yes,,,
Extended Data6,"approved scalar interactions per R SD, factor omnibus raw p at x=0 solely for display; no new standardization, ranking or threshold selection",,ordinal,,,消费调查/results/mpc_allx_screen/all_screen_results.csv,1190,c2e3b71621f77b82766e70a3888c409b7256dd33,,rc,who::subsidy_yes,,,
Extended Data6,"approved scalar interactions per R SD, factor omnibus raw p at x=0 solely for display; no new standardization, ranking or threshold selection",,midpoint,,,消费调查/results/mpc_allx_screen/all_screen_results.csv,1193,c2e3b71621f77b82766e70a3888c409b7256dd33,,cash,who::subsidy_yes,,,
Extended Data6,"approved scalar interactions per R SD, factor omnibus raw p at x=0 solely for display; no new standardization, ranking or threshold selection",,midpoint,,,消费调查/results/mpc_allx_screen/all_screen_results.csv,1194,c2e3b71621f77b82766e70a3888c409b7256dd33,,rc,who::subsidy_yes,,,
Extended Data6,"approved scalar interactions per R SD, factor omnibus raw p at x=0 solely for display; no new standardization, ranking or threshold selection",,top75,,,消费调查/results/mpc_allx_screen/all_screen_results.csv,1197,c2e3b71621f77b82766e70a3888c409b7256dd33,,cash,who::subsidy_yes,,,
Extended Data6,"approved scalar interactions per R SD, factor omnibus raw p at x=0 solely for display; no new standardization, ranking or threshold selection",,top75,,,消费调查/results/mpc_allx_screen/all_screen_results.csv,1198,c2e3b71621f77b82766e70a3888c409b7256dd33,,rc,who::subsidy_yes,,,
Extended Data6,"approved scalar interactions per R SD, factor omnibus raw p at x=0 solely for display; no new standardization, ranking or threshold selection",,ordinal,,,消费调查/results/mpc_allx_screen/all_screen_results.csv,1201,c2e3b71621f77b82766e70a3888c409b7256dd33,,cash,who::subsidy_unknown,,,
Extended Data6,"approved scalar interactions per R SD, factor omnibus raw p at x=0 solely for display; no new standardization, ranking or threshold selection",,ordinal,,,消费调查/results/mpc_allx_screen/all_screen_results.csv,1202,c2e3b71621f77b82766e70a3888c409b7256dd33,,rc,who::subsidy_unknown,,,
Extended Data6,"approved scalar interactions per R SD, factor omnibus raw p at x=0 solely for display; no new standardization, ranking or threshold selection",,midpoint,,,消费调查/results/mpc_allx_screen/all_screen_results.csv,1205,c2e3b71621f77b82766e70a3888c409b7256dd33,,cash,who::subsidy_unknown,,,
Extended Data6,"approved scalar interactions per R SD, factor omnibus raw p at x=0 solely for display; no new standardization, ranking or threshold selection",,midpoint,,,消费调查/results/mpc_allx_screen/all_screen_results.csv,1206,c2e3b71621f77b82766e70a3888c409b7256dd33,,rc,who::subsidy_unknown,,,
Extended Data6,"approved scalar interactions per R SD, factor omnibus raw p at x=0 solely for display; no new standardization, ranking or threshold selection",,top75,,,消费调查/results/mpc_allx_screen/all_screen_results.csv,1209,c2e3b71621f77b82766e70a3888c409b7256dd33,,cash,who::subsidy_unknown,,,
Extended Data6,"approved scalar interactions per R SD, factor omnibus raw p at x=0 solely for display; no new standardization, ranking or threshold selection",,top75,,,消费调查/results/mpc_allx_screen/all_screen_results.csv,1210,c2e3b71621f77b82766e70a3888c409b7256dd33,,rc,who::subsidy_unknown,,,
Extended Data6,"approved scalar interactions per R SD, factor omnibus raw p at x=0 solely for display; no new standardization, ranking or threshold selection",,ordinal,,,消费调查/results/mpc_allx_screen/all_screen_results.csv,1213,c2e3b71621f77b82766e70a3888c409b7256dd33,,cash,who::age,,,
Extended Data6,"approved scalar interactions per R SD, factor omnibus raw p at x=0 solely for display; no new standardization, ranking or threshold selection",,ordinal,,,消费调查/results/mpc_allx_screen/all_screen_results.csv,1214,c2e3b71621f77b82766e70a3888c409b7256dd33,,rc,who::age,,,
Extended Data6,"approved scalar interactions per R SD, factor omnibus raw p at x=0 solely for display; no new standardization, ranking or threshold selection",,midpoint,,,消费调查/results/mpc_allx_screen/all_screen_results.csv,1217,c2e3b71621f77b82766e70a3888c409b7256dd33,,cash,who::age,,,
Extended Data6,"approved scalar interactions per R SD, factor omnibus raw p at x=0 solely for display; no new standardization, ranking or threshold selection",,midpoint,,,消费调查/results/mpc_allx_screen/all_screen_results.csv,1218,c2e3b71621f77b82766e70a3888c409b7256dd33,,rc,who::age,,,
Extended Data6,"approved scalar interactions per R SD, factor omnibus raw p at x=0 solely for display; no new standardization, ranking or threshold selection",,top75,,,消费调查/results/mpc_allx_screen/all_screen_results.csv,1221,c2e3b71621f77b82766e70a3888c409b7256dd33,,cash,who::age,,,
Extended Data6,"approved scalar interactions per R SD, factor omnibus raw p at x=0 solely for display; no new standardization, ranking or threshold selection",,top75,,,消费调查/results/mpc_allx_screen/all_screen_results.csv,1222,c2e3b71621f77b82766e70a3888c409b7256dd33,,rc,who::age,,,
Extended Data6,"approved scalar interactions per R SD, factor omnibus raw p at x=0 solely for display; no new standardization, ranking or threshold selection",,ordinal,,,消费调查/results/mpc_allx_screen/all_screen_results.csv,1225,c2e3b71621f77b82766e70a3888c409b7256dd33,,cash,who::education,,,
Extended Data6,"approved scalar interactions per R SD, factor omnibus raw p at x=0 solely for display; no new standardization, ranking or threshold selection",,ordinal,,,消费调查/results/mpc_allx_screen/all_screen_results.csv,1226,c2e3b71621f77b82766e70a3888c409b7256dd33,,rc,who::education,,,
Extended Data6,"approved scalar interactions per R SD, factor omnibus raw p at x=0 solely for display; no new standardization, ranking or threshold selection",,midpoint,,,消费调查/results/mpc_allx_screen/all_screen_results.csv,1229,c2e3b71621f77b82766e70a3888c409b7256dd33,,cash,who::education,,,
Extended Data6,"approved scalar interactions per R SD, factor omnibus raw p at x=0 solely for display; no new standardization, ranking or threshold selection",,midpoint,,,消费调查/results/mpc_allx_screen/all_screen_results.csv,1230,c2e3b71621f77b82766e70a3888c409b7256dd33,,rc,who::education,,,
Extended Data6,"approved scalar interactions per R SD, factor omnibus raw p at x=0 solely for display; no new standardization, ranking or threshold selection",,top75,,,消费调查/results/mpc_allx_screen/all_screen_results.csv,1233,c2e3b71621f77b82766e70a3888c409b7256dd33,,cash,who::education,,,
Extended Data6,"approved scalar interactions per R SD, factor omnibus raw p at x=0 solely for display; no new standardization, ranking or threshold selection",,top75,,,消费调查/results/mpc_allx_screen/all_screen_results.csv,1234,c2e3b71621f77b82766e70a3888c409b7256dd33,,rc,who::education,,,
Extended Data6,"approved scalar interactions per R SD, factor omnibus raw p at x=0 solely for display; no new standardization, ranking or threshold selection",,ordinal,,,消费调查/results/mpc_allx_screen/all_screen_results.csv,1237,c2e3b71621f77b82766e70a3888c409b7256dd33,,cash,who::household_size,,,
Extended Data6,"approved scalar interactions per R SD, factor omnibus raw p at x=0 solely for display; no new standardization, ranking or threshold selection",,ordinal,,,消费调查/results/mpc_allx_screen/all_screen_results.csv,1238,c2e3b71621f77b82766e70a3888c409b7256dd33,,rc,who::household_size,,,
Extended Data6,"approved scalar interactions per R SD, factor omnibus raw p at x=0 solely for display; no new standardization, ranking or threshold selection",,midpoint,,,消费调查/results/mpc_allx_screen/all_screen_results.csv,1241,c2e3b71621f77b82766e70a3888c409b7256dd33,,cash,who::household_size,,,
Extended Data6,"approved scalar interactions per R SD, factor omnibus raw p at x=0 solely for display; no new standardization, ranking or threshold selection",,midpoint,,,消费调查/results/mpc_allx_screen/all_screen_results.csv,1242,c2e3b71621f77b82766e70a3888c409b7256dd33,,rc,who::household_size,,,
Extended Data6,"approved scalar interactions per R SD, factor omnibus raw p at x=0 solely for display; no new standardization, ranking or threshold selection",,top75,,,消费调查/results/mpc_allx_screen/all_screen_results.csv,1245,c2e3b71621f77b82766e70a3888c409b7256dd33,,cash,who::household_size,,,
Extended Data6,"approved scalar interactions per R SD, factor omnibus raw p at x=0 solely for display; no new standardization, ranking or threshold selection",,top75,,,消费调查/results/mpc_allx_screen/all_screen_results.csv,1246,c2e3b71621f77b82766e70a3888c409b7256dd33,,rc,who::household_size,,,
Extended Data6,"approved scalar interactions per R SD, factor omnibus raw p at x=0 solely for display; no new standardization, ranking or threshold selection",,ordinal,,,消费调查/results/mpc_allx_screen/all_screen_results.csv,1249,c2e3b71621f77b82766e70a3888c409b7256dd33,,cash,who::minor_child,,,
Extended Data6,"approved scalar interactions per R SD, factor omnibus raw p at x=0 solely for display; no new standardization, ranking or threshold selection",,ordinal,,,消费调查/results/mpc_allx_screen/all_screen_results.csv,1250,c2e3b71621f77b82766e70a3888c409b7256dd33,,rc,who::minor_child,,,
Extended Data6,"approved scalar interactions per R SD, factor omnibus raw p at x=0 solely for display; no new standardization, ranking or threshold selection",,midpoint,,,消费调查/results/mpc_allx_screen/all_screen_results.csv,1253,c2e3b71621f77b82766e70a3888c409b7256dd33,,cash,who::minor_child,,,
Extended Data6,"approved scalar interactions per R SD, factor omnibus raw p at x=0 solely for display; no new standardization, ranking or threshold selection",,midpoint,,,消费调查/results/mpc_allx_screen/all_screen_results.csv,1254,c2e3b71621f77b82766e70a3888c409b7256dd33,,rc,who::minor_child,,,
Extended Data6,"approved scalar interactions per R SD, factor omnibus raw p at x=0 solely for display; no new standardization, ranking or threshold selection",,top75,,,消费调查/results/mpc_allx_screen/all_screen_results.csv,1257,c2e3b71621f77b82766e70a3888c409b7256dd33,,cash,who::minor_child,,,
Extended Data6,"approved scalar interactions per R SD, factor omnibus raw p at x=0 solely for display; no new standardization, ranking or threshold selection",,top75,,,消费调查/results/mpc_allx_screen/all_screen_results.csv,1258,c2e3b71621f77b82766e70a3888c409b7256dd33,,rc,who::minor_child,,,
Extended Data6,"approved scalar interactions per R SD, factor omnibus raw p at x=0 solely for display; no new standardization, ranking or threshold selection",,ordinal,,,消费调查/results/mpc_allx_screen/all_screen_results.csv,1261,c2e3b71621f77b82766e70a3888c409b7256dd33,,cash,who::housing_rent,,,
Extended Data6,"approved scalar interactions per R SD, factor omnibus raw p at x=0 solely for display; no new standardization, ranking or threshold selection",,ordinal,,,消费调查/results/mpc_allx_screen/all_screen_results.csv,1262,c2e3b71621f77b82766e70a3888c409b7256dd33,,rc,who::housing_rent,,,
Extended Data6,"approved scalar interactions per R SD, factor omnibus raw p at x=0 solely for display; no new standardization, ranking or threshold selection",,midpoint,,,消费调查/results/mpc_allx_screen/all_screen_results.csv,1265,c2e3b71621f77b82766e70a3888c409b7256dd33,,cash,who::housing_rent,,,
Extended Data6,"approved scalar interactions per R SD, factor omnibus raw p at x=0 solely for display; no new standardization, ranking or threshold selection",,midpoint,,,消费调查/results/mpc_allx_screen/all_screen_results.csv,1266,c2e3b71621f77b82766e70a3888c409b7256dd33,,rc,who::housing_rent,,,
Extended Data6,"approved scalar interactions per R SD, factor omnibus raw p at x=0 solely for display; no new standardization, ranking or threshold selection",,top75,,,消费调查/results/mpc_allx_screen/all_screen_results.csv,1269,c2e3b71621f77b82766e70a3888c409b7256dd33,,cash,who::housing_rent,,,
Extended Data6,"approved scalar interactions per R SD, factor omnibus raw p at x=0 solely for display; no new standardization, ranking or threshold selection",,top75,,,消费调查/results/mpc_allx_screen/all_screen_results.csv,1270,c2e3b71621f77b82766e70a3888c409b7256dd33,,rc,who::housing_rent,,,
Extended Data6,"approved scalar interactions per R SD, factor omnibus raw p at x=0 solely for display; no new standardization, ranking or threshold selection",,ordinal,,,消费调查/results/mpc_allx_screen/all_screen_results.csv,1273,c2e3b71621f77b82766e70a3888c409b7256dd33,,cash,who::housing_other,,,
Extended Data6,"approved scalar interactions per R SD, factor omnibus raw p at x=0 solely for display; no new standardization, ranking or threshold selection",,ordinal,,,消费调查/results/mpc_allx_screen/all_screen_results.csv,1274,c2e3b71621f77b82766e70a3888c409b7256dd33,,rc,who::housing_other,,,
Extended Data6,"approved scalar interactions per R SD, factor omnibus raw p at x=0 solely for display; no new standardization, ranking or threshold selection",,midpoint,,,消费调查/results/mpc_allx_screen/all_screen_results.csv,1277,c2e3b71621f77b82766e70a3888c409b7256dd33,,cash,who::housing_other,,,
Extended Data6,"approved scalar interactions per R SD, factor omnibus raw p at x=0 solely for display; no new standardization, ranking or threshold selection",,midpoint,,,消费调查/results/mpc_allx_screen/all_screen_results.csv,1278,c2e3b71621f77b82766e70a3888c409b7256dd33,,rc,who::housing_other,,,
Extended Data6,"approved scalar interactions per R SD, factor omnibus raw p at x=0 solely for display; no new standardization, ranking or threshold selection",,top75,,,消费调查/results/mpc_allx_screen/all_screen_results.csv,1281,c2e3b71621f77b82766e70a3888c409b7256dd33,,cash,who::housing_other,,,
Extended Data6,"approved scalar interactions per R SD, factor omnibus raw p at x=0 solely for display; no new standardization, ranking or threshold selection",,top75,,,消费调查/results/mpc_allx_screen/all_screen_results.csv,1282,c2e3b71621f77b82766e70a3888c409b7256dd33,,rc,who::housing_other,,,
Extended Data6,"approved scalar interactions per R SD, factor omnibus raw p at x=0 solely for display; no new standardization, ranking or threshold selection",,ordinal,,,消费调查/results/mpc_allx_screen/all_screen_results.csv,1285,c2e3b71621f77b82766e70a3888c409b7256dd33,,cash,who::work_retired,,,
Extended Data6,"approved scalar interactions per R SD, factor omnibus raw p at x=0 solely for display; no new standardization, ranking or threshold selection",,ordinal,,,消费调查/results/mpc_allx_screen/all_screen_results.csv,1286,c2e3b71621f77b82766e70a3888c409b7256dd33,,rc,who::work_retired,,,
Extended Data6,"approved scalar interactions per R SD, factor omnibus raw p at x=0 solely for display; no new standardization, ranking or threshold selection",,midpoint,,,消费调查/results/mpc_allx_screen/all_screen_results.csv,1289,c2e3b71621f77b82766e70a3888c409b7256dd33,,cash,who::work_retired,,,
Extended Data6,"approved scalar interactions per R SD, factor omnibus raw p at x=0 solely for display; no new standardization, ranking or threshold selection",,midpoint,,,消费调查/results/mpc_allx_screen/all_screen_results.csv,1290,c2e3b71621f77b82766e70a3888c409b7256dd33,,rc,who::work_retired,,,
Extended Data6,"approved scalar interactions per R SD, factor omnibus raw p at x=0 solely for display; no new standardization, ranking or threshold selection",,top75,,,消费调查/results/mpc_allx_screen/all_screen_results.csv,1293,c2e3b71621f77b82766e70a3888c409b7256dd33,,cash,who::work_retired,,,
Extended Data6,"approved scalar interactions per R SD, factor omnibus raw p at x=0 solely for display; no new standardization, ranking or threshold selection",,top75,,,消费调查/results/mpc_allx_screen/all_screen_results.csv,1294,c2e3b71621f77b82766e70a3888c409b7256dd33,,rc,who::work_retired,,,
Extended Data6,"approved scalar interactions per R SD, factor omnibus raw p at x=0 solely for display; no new standardization, ranking or threshold selection",,ordinal,,,消费调查/results/mpc_allx_screen/all_screen_results.csv,1297,c2e3b71621f77b82766e70a3888c409b7256dd33,,cash,who::work_student,,,
Extended Data6,"approved scalar interactions per R SD, factor omnibus raw p at x=0 solely for display; no new standardization, ranking or threshold selection",,ordinal,,,消费调查/results/mpc_allx_screen/all_screen_results.csv,1298,c2e3b71621f77b82766e70a3888c409b7256dd33,,rc,who::work_student,,,
Extended Data6,"approved scalar interactions per R SD, factor omnibus raw p at x=0 solely for display; no new standardization, ranking or threshold selection",,midpoint,,,消费调查/results/mpc_allx_screen/all_screen_results.csv,1301,c2e3b71621f77b82766e70a3888c409b7256dd33,,cash,who::work_student,,,
Extended Data6,"approved scalar interactions per R SD, factor omnibus raw p at x=0 solely for display; no new standardization, ranking or threshold selection",,midpoint,,,消费调查/results/mpc_allx_screen/all_screen_results.csv,1302,c2e3b71621f77b82766e70a3888c409b7256dd33,,rc,who::work_student,,,
Extended Data6,"approved scalar interactions per R SD, factor omnibus raw p at x=0 solely for display; no new standardization, ranking or threshold selection",,top75,,,消费调查/results/mpc_allx_screen/all_screen_results.csv,1305,c2e3b71621f77b82766e70a3888c409b7256dd33,,cash,who::work_student,,,
Extended Data6,"approved scalar interactions per R SD, factor omnibus raw p at x=0 solely for display; no new standardization, ranking or threshold selection",,top75,,,消费调查/results/mpc_allx_screen/all_screen_results.csv,1306,c2e3b71621f77b82766e70a3888c409b7256dd33,,rc,who::work_student,,,
Extended Data6,"approved scalar interactions per R SD, factor omnibus raw p at x=0 solely for display; no new standardization, ranking or threshold selection",,ordinal,,,消费调查/results/mpc_allx_screen/all_screen_results.csv,1309,c2e3b71621f77b82766e70a3888c409b7256dd33,,cash,who::work_not_working,,,
Extended Data6,"approved scalar interactions per R SD, factor omnibus raw p at x=0 solely for display; no new standardization, ranking or threshold selection",,ordinal,,,消费调查/results/mpc_allx_screen/all_screen_results.csv,1310,c2e3b71621f77b82766e70a3888c409b7256dd33,,rc,who::work_not_working,,,
Extended Data6,"approved scalar interactions per R SD, factor omnibus raw p at x=0 solely for display; no new standardization, ranking or threshold selection",,midpoint,,,消费调查/results/mpc_allx_screen/all_screen_results.csv,1313,c2e3b71621f77b82766e70a3888c409b7256dd33,,cash,who::work_not_working,,,
Extended Data6,"approved scalar interactions per R SD, factor omnibus raw p at x=0 solely for display; no new standardization, ranking or threshold selection",,midpoint,,,消费调查/results/mpc_allx_screen/all_screen_results.csv,1314,c2e3b71621f77b82766e70a3888c409b7256dd33,,rc,who::work_not_working,,,
Extended Data6,"approved scalar interactions per R SD, factor omnibus raw p at x=0 solely for display; no new standardization, ranking or threshold selection",,top75,,,消费调查/results/mpc_allx_screen/all_screen_results.csv,1317,c2e3b71621f77b82766e70a3888c409b7256dd33,,cash,who::work_not_working,,,
Extended Data6,"approved scalar interactions per R SD, factor omnibus raw p at x=0 solely for display; no new standardization, ranking or threshold selection",,top75,,,消费调查/results/mpc_allx_screen/all_screen_results.csv,1318,c2e3b71621f77b82766e70a3888c409b7256dd33,,rc,who::work_not_working,,,
Extended Data6,"approved scalar interactions per R SD, factor omnibus raw p at x=0 solely for display; no new standardization, ranking or threshold selection",,ordinal,,,消费调查/results/mpc_allx_screen/all_screen_results.csv,1321,c2e3b71621f77b82766e70a3888c409b7256dd33,,cash,who::work_other,,,
Extended Data6,"approved scalar interactions per R SD, factor omnibus raw p at x=0 solely for display; no new standardization, ranking or threshold selection",,ordinal,,,消费调查/results/mpc_allx_screen/all_screen_results.csv,1322,c2e3b71621f77b82766e70a3888c409b7256dd33,,rc,who::work_other,,,
Extended Data6,"approved scalar interactions per R SD, factor omnibus raw p at x=0 solely for display; no new standardization, ranking or threshold selection",,midpoint,,,消费调查/results/mpc_allx_screen/all_screen_results.csv,1325,c2e3b71621f77b82766e70a3888c409b7256dd33,,cash,who::work_other,,,
Extended Data6,"approved scalar interactions per R SD, factor omnibus raw p at x=0 solely for display; no new standardization, ranking or threshold selection",,midpoint,,,消费调查/results/mpc_allx_screen/all_screen_results.csv,1326,c2e3b71621f77b82766e70a3888c409b7256dd33,,rc,who::work_other,,,
Extended Data6,"approved scalar interactions per R SD, factor omnibus raw p at x=0 solely for display; no new standardization, ranking or threshold selection",,top75,,,消费调查/results/mpc_allx_screen/all_screen_results.csv,1329,c2e3b71621f77b82766e70a3888c409b7256dd33,,cash,who::work_other,,,
Extended Data6,"approved scalar interactions per R SD, factor omnibus raw p at x=0 solely for display; no new standardization, ranking or threshold selection",,top75,,,消费调查/results/mpc_allx_screen/all_screen_results.csv,1330,c2e3b71621f77b82766e70a3888c409b7256dd33,,rc,who::work_other,,,
Extended Data6,"approved scalar interactions per R SD, factor omnibus raw p at x=0 solely for display; no new standardization, ranking or threshold selection",,ordinal,,,消费调查/results/mpc_allx_screen/all_screen_results.csv,1333,c2e3b71621f77b82766e70a3888c409b7256dd33,,cash,group::liquidity,,,
Extended Data6,"approved scalar interactions per R SD, factor omnibus raw p at x=0 solely for display; no new standardization, ranking or threshold selection",,ordinal,,,消费调查/results/mpc_allx_screen/all_screen_results.csv,1334,c2e3b71621f77b82766e70a3888c409b7256dd33,,rc,group::liquidity,,,
Extended Data6,"approved scalar interactions per R SD, factor omnibus raw p at x=0 solely for display; no new standardization, ranking or threshold selection",,midpoint,,,消费调查/results/mpc_allx_screen/all_screen_results.csv,1337,c2e3b71621f77b82766e70a3888c409b7256dd33,,cash,group::liquidity,,,
Extended Data6,"approved scalar interactions per R SD, factor omnibus raw p at x=0 solely for display; no new standardization, ranking or threshold selection",,midpoint,,,消费调查/results/mpc_allx_screen/all_screen_results.csv,1338,c2e3b71621f77b82766e70a3888c409b7256dd33,,rc,group::liquidity,,,
Extended Data6,"approved scalar interactions per R SD, factor omnibus raw p at x=0 solely for display; no new standardization, ranking or threshold selection",,top75,,,消费调查/results/mpc_allx_screen/all_screen_results.csv,1341,c2e3b71621f77b82766e70a3888c409b7256dd33,,cash,group::liquidity,,,
Extended Data6,"approved scalar interactions per R SD, factor omnibus raw p at x=0 solely for display; no new standardization, ranking or threshold selection",,top75,,,消费调查/results/mpc_allx_screen/all_screen_results.csv,1342,c2e3b71621f77b82766e70a3888c409b7256dd33,,rc,group::liquidity,,,
Extended Data6,"approved scalar interactions per R SD, factor omnibus raw p at x=0 solely for display; no new standardization, ranking or threshold selection",,ordinal,,,消费调查/results/mpc_allx_screen/all_screen_results.csv,1345,c2e3b71621f77b82766e70a3888c409b7256dd33,,cash,group::income,,,
Extended Data6,"approved scalar interactions per R SD, factor omnibus raw p at x=0 solely for display; no new standardization, ranking or threshold selection",,ordinal,,,消费调查/results/mpc_allx_screen/all_screen_results.csv,1346,c2e3b71621f77b82766e70a3888c409b7256dd33,,rc,group::income,,,
Extended Data6,"approved scalar interactions per R SD, factor omnibus raw p at x=0 solely for display; no new standardization, ranking or threshold selection",,midpoint,,,消费调查/results/mpc_allx_screen/all_screen_results.csv,1349,c2e3b71621f77b82766e70a3888c409b7256dd33,,cash,group::income,,,
Extended Data6,"approved scalar interactions per R SD, factor omnibus raw p at x=0 solely for display; no new standardization, ranking or threshold selection",,midpoint,,,消费调查/results/mpc_allx_screen/all_screen_results.csv,1350,c2e3b71621f77b82766e70a3888c409b7256dd33,,rc,group::income,,,
Extended Data6,"approved scalar interactions per R SD, factor omnibus raw p at x=0 solely for display; no new standardization, ranking or threshold selection",,top75,,,消费调查/results/mpc_allx_screen/all_screen_results.csv,1353,c2e3b71621f77b82766e70a3888c409b7256dd33,,cash,group::income,,,
Extended Data6,"approved scalar interactions per R SD, factor omnibus raw p at x=0 solely for display; no new standardization, ranking or threshold selection",,top75,,,消费调查/results/mpc_allx_screen/all_screen_results.csv,1354,c2e3b71621f77b82766e70a3888c409b7256dd33,,rc,group::income,,,
Extended Data6,"approved scalar interactions per R SD, factor omnibus raw p at x=0 solely for display; no new standardization, ranking or threshold selection",,ordinal,,,消费调查/results/mpc_allx_screen/all_screen_results.csv,1357,c2e3b71621f77b82766e70a3888c409b7256dd33,,cash,group::food,,,
Extended Data6,"approved scalar interactions per R SD, factor omnibus raw p at x=0 solely for display; no new standardization, ranking or threshold selection",,ordinal,,,消费调查/results/mpc_allx_screen/all_screen_results.csv,1358,c2e3b71621f77b82766e70a3888c409b7256dd33,,rc,group::food,,,
Extended Data6,"approved scalar interactions per R SD, factor omnibus raw p at x=0 solely for display; no new standardization, ranking or threshold selection",,midpoint,,,消费调查/results/mpc_allx_screen/all_screen_results.csv,1361,c2e3b71621f77b82766e70a3888c409b7256dd33,,cash,group::food,,,
Extended Data6,"approved scalar interactions per R SD, factor omnibus raw p at x=0 solely for display; no new standardization, ranking or threshold selection",,midpoint,,,消费调查/results/mpc_allx_screen/all_screen_results.csv,1362,c2e3b71621f77b82766e70a3888c409b7256dd33,,rc,group::food,,,
Extended Data6,"approved scalar interactions per R SD, factor omnibus raw p at x=0 solely for display; no new standardization, ranking or threshold selection",,top75,,,消费调查/results/mpc_allx_screen/all_screen_results.csv,1365,c2e3b71621f77b82766e70a3888c409b7256dd33,,cash,group::food,,,
Extended Data6,"approved scalar interactions per R SD, factor omnibus raw p at x=0 solely for display; no new standardization, ranking or threshold selection",,top75,,,消费调查/results/mpc_allx_screen/all_screen_results.csv,1366,c2e3b71621f77b82766e70a3888c409b7256dd33,,rc,group::food,,,
Extended Data6,"approved scalar interactions per R SD, factor omnibus raw p at x=0 solely for display; no new standardization, ranking or threshold selection",,ordinal,,,消费调查/results/mpc_allx_screen/all_screen_results.csv,1369,c2e3b71621f77b82766e70a3888c409b7256dd33,,cash,group::medical,,,
Extended Data6,"approved scalar interactions per R SD, factor omnibus raw p at x=0 solely for display; no new standardization, ranking or threshold selection",,ordinal,,,消费调查/results/mpc_allx_screen/all_screen_results.csv,1370,c2e3b71621f77b82766e70a3888c409b7256dd33,,rc,group::medical,,,
Extended Data6,"approved scalar interactions per R SD, factor omnibus raw p at x=0 solely for display; no new standardization, ranking or threshold selection",,midpoint,,,消费调查/results/mpc_allx_screen/all_screen_results.csv,1373,c2e3b71621f77b82766e70a3888c409b7256dd33,,cash,group::medical,,,
Extended Data6,"approved scalar interactions per R SD, factor omnibus raw p at x=0 solely for display; no new standardization, ranking or threshold selection",,midpoint,,,消费调查/results/mpc_allx_screen/all_screen_results.csv,1374,c2e3b71621f77b82766e70a3888c409b7256dd33,,rc,group::medical,,,
Extended Data6,"approved scalar interactions per R SD, factor omnibus raw p at x=0 solely for display; no new standardization, ranking or threshold selection",,top75,,,消费调查/results/mpc_allx_screen/all_screen_results.csv,1377,c2e3b71621f77b82766e70a3888c409b7256dd33,,cash,group::medical,,,
Extended Data6,"approved scalar interactions per R SD, factor omnibus raw p at x=0 solely for display; no new standardization, ranking or threshold selection",,top75,,,消费调查/results/mpc_allx_screen/all_screen_results.csv,1378,c2e3b71621f77b82766e70a3888c409b7256dd33,,rc,group::medical,,,
Extended Data6,"approved scalar interactions per R SD, factor omnibus raw p at x=0 solely for display; no new standardization, ranking or threshold selection",,ordinal,,,消费调查/results/mpc_allx_screen/all_screen_results.csv,1381,c2e3b71621f77b82766e70a3888c409b7256dd33,,cash,group::subsidy,,,
Extended Data6,"approved scalar interactions per R SD, factor omnibus raw p at x=0 solely for display; no new standardization, ranking or threshold selection",,ordinal,,,消费调查/results/mpc_allx_screen/all_screen_results.csv,1382,c2e3b71621f77b82766e70a3888c409b7256dd33,,rc,group::subsidy,,,
Extended Data6,"approved scalar interactions per R SD, factor omnibus raw p at x=0 solely for display; no new standardization, ranking or threshold selection",,midpoint,,,消费调查/results/mpc_allx_screen/all_screen_results.csv,1385,c2e3b71621f77b82766e70a3888c409b7256dd33,,cash,group::subsidy,,,
Extended Data6,"approved scalar interactions per R SD, factor omnibus raw p at x=0 solely for display; no new standardization, ranking or threshold selection",,midpoint,,,消费调查/results/mpc_allx_screen/all_screen_results.csv,1386,c2e3b71621f77b82766e70a3888c409b7256dd33,,rc,group::subsidy,,,
Extended Data6,"approved scalar interactions per R SD, factor omnibus raw p at x=0 solely for display; no new standardization, ranking or threshold selection",,top75,,,消费调查/results/mpc_allx_screen/all_screen_results.csv,1389,c2e3b71621f77b82766e70a3888c409b7256dd33,,cash,group::subsidy,,,
Extended Data6,"approved scalar interactions per R SD, factor omnibus raw p at x=0 solely for display; no new standardization, ranking or threshold selection",,top75,,,消费调查/results/mpc_allx_screen/all_screen_results.csv,1390,c2e3b71621f77b82766e70a3888c409b7256dd33,,rc,group::subsidy,,,
Extended Data6,"approved scalar interactions per R SD, factor omnibus raw p at x=0 solely for display; no new standardization, ranking or threshold selection",,ordinal,,,消费调查/results/mpc_allx_screen/all_screen_results.csv,1393,c2e3b71621f77b82766e70a3888c409b7256dd33,,cash,need_group,,,
Extended Data6,"approved scalar interactions per R SD, factor omnibus raw p at x=0 solely for display; no new standardization, ranking or threshold selection",,ordinal,,,消费调查/results/mpc_allx_screen/all_screen_results.csv,1394,c2e3b71621f77b82766e70a3888c409b7256dd33,,rc,need_group,,,
Extended Data6,"approved scalar interactions per R SD, factor omnibus raw p at x=0 solely for display; no new standardization, ranking or threshold selection",,midpoint,,,消费调查/results/mpc_allx_screen/all_screen_results.csv,1397,c2e3b71621f77b82766e70a3888c409b7256dd33,,cash,need_group,,,
Extended Data6,"approved scalar interactions per R SD, factor omnibus raw p at x=0 solely for display; no new standardization, ranking or threshold selection",,midpoint,,,消费调查/results/mpc_allx_screen/all_screen_results.csv,1398,c2e3b71621f77b82766e70a3888c409b7256dd33,,rc,need_group,,,
Extended Data6,"approved scalar interactions per R SD, factor omnibus raw p at x=0 solely for display; no new standardization, ranking or threshold selection",,top75,,,消费调查/results/mpc_allx_screen/all_screen_results.csv,1401,c2e3b71621f77b82766e70a3888c409b7256dd33,,cash,need_group,,,
Extended Data6,"approved scalar interactions per R SD, factor omnibus raw p at x=0 solely for display; no new standardization, ranking or threshold selection",,top75,,,消费调查/results/mpc_allx_screen/all_screen_results.csv,1402,c2e3b71621f77b82766e70a3888c409b7256dd33,,rc,need_group,,,
Extended Data6,"approved scalar interactions per R SD, factor omnibus raw p at x=0 solely for display; no new standardization, ranking or threshold selection",,ordinal,,,消费调查/results/mpc_allx_screen/all_screen_results.csv,1405,c2e3b71621f77b82766e70a3888c409b7256dd33,,cash,age_squared,,,
Extended Data6,"approved scalar interactions per R SD, factor omnibus raw p at x=0 solely for display; no new standardization, ranking or threshold selection",,ordinal,,,消费调查/results/mpc_allx_screen/all_screen_results.csv,1406,c2e3b71621f77b82766e70a3888c409b7256dd33,,rc,age_squared,,,
Extended Data6,"approved scalar interactions per R SD, factor omnibus raw p at x=0 solely for display; no new standardization, ranking or threshold selection",,midpoint,,,消费调查/results/mpc_allx_screen/all_screen_results.csv,1409,c2e3b71621f77b82766e70a3888c409b7256dd33,,cash,age_squared,,,
Extended Data6,"approved scalar interactions per R SD, factor omnibus raw p at x=0 solely for display; no new standardization, ranking or threshold selection",,midpoint,,,消费调查/results/mpc_allx_screen/all_screen_results.csv,1410,c2e3b71621f77b82766e70a3888c409b7256dd33,,rc,age_squared,,,
Extended Data6,"approved scalar interactions per R SD, factor omnibus raw p at x=0 solely for display; no new standardization, ranking or threshold selection",,top75,,,消费调查/results/mpc_allx_screen/all_screen_results.csv,1413,c2e3b71621f77b82766e70a3888c409b7256dd33,,cash,age_squared,,,
Extended Data6,"approved scalar interactions per R SD, factor omnibus raw p at x=0 solely for display; no new standardization, ranking or threshold selection",,top75,,,消费调查/results/mpc_allx_screen/all_screen_results.csv,1414,c2e3b71621f77b82766e70a3888c409b7256dd33,,rc,age_squared,,,
Extended Data6,"approved scalar interactions per R SD, factor omnibus raw p at x=0 solely for display; no new standardization, ranking or threshold selection",,ordinal,,,消费调查/results/mpc_allx_screen/all_screen_results.csv,1417,c2e3b71621f77b82766e70a3888c409b7256dd33,,cash,food_lower6,,,
Extended Data6,"approved scalar interactions per R SD, factor omnibus raw p at x=0 solely for display; no new standardization, ranking or threshold selection",,ordinal,,,消费调查/results/mpc_allx_screen/all_screen_results.csv,1418,c2e3b71621f77b82766e70a3888c409b7256dd33,,rc,food_lower6,,,
Extended Data6,"approved scalar interactions per R SD, factor omnibus raw p at x=0 solely for display; no new standardization, ranking or threshold selection",,midpoint,,,消费调查/results/mpc_allx_screen/all_screen_results.csv,1421,c2e3b71621f77b82766e70a3888c409b7256dd33,,cash,food_lower6,,,
Extended Data6,"approved scalar interactions per R SD, factor omnibus raw p at x=0 solely for display; no new standardization, ranking or threshold selection",,midpoint,,,消费调查/results/mpc_allx_screen/all_screen_results.csv,1422,c2e3b71621f77b82766e70a3888c409b7256dd33,,rc,food_lower6,,,
Extended Data6,"approved scalar interactions per R SD, factor omnibus raw p at x=0 solely for display; no new standardization, ranking or threshold selection",,top75,,,消费调查/results/mpc_allx_screen/all_screen_results.csv,1425,c2e3b71621f77b82766e70a3888c409b7256dd33,,cash,food_lower6,,,
Extended Data6,"approved scalar interactions per R SD, factor omnibus raw p at x=0 solely for display; no new standardization, ranking or threshold selection",,top75,,,消费调查/results/mpc_allx_screen/all_screen_results.csv,1426,c2e3b71621f77b82766e70a3888c409b7256dd33,,rc,food_lower6,,,
Extended Data6,"approved scalar interactions per R SD, factor omnibus raw p at x=0 solely for display; no new standardization, ranking or threshold selection",,ordinal,,,消费调查/results/mpc_allx_screen/all_screen_results.csv,1429,c2e3b71621f77b82766e70a3888c409b7256dd33,,cash,strict_all_amounts,,,
Extended Data6,"approved scalar interactions per R SD, factor omnibus raw p at x=0 solely for display; no new standardization, ranking or threshold selection",,ordinal,,,消费调查/results/mpc_allx_screen/all_screen_results.csv,1430,c2e3b71621f77b82766e70a3888c409b7256dd33,,rc,strict_all_amounts,,,
Extended Data6,"approved scalar interactions per R SD, factor omnibus raw p at x=0 solely for display; no new standardization, ranking or threshold selection",,midpoint,,,消费调查/results/mpc_allx_screen/all_screen_results.csv,1433,c2e3b71621f77b82766e70a3888c409b7256dd33,,cash,strict_all_amounts,,,
Extended Data6,"approved scalar interactions per R SD, factor omnibus raw p at x=0 solely for display; no new standardization, ranking or threshold selection",,midpoint,,,消费调查/results/mpc_allx_screen/all_screen_results.csv,1434,c2e3b71621f77b82766e70a3888c409b7256dd33,,rc,strict_all_amounts,,,
Extended Data6,"approved scalar interactions per R SD, factor omnibus raw p at x=0 solely for display; no new standardization, ranking or threshold selection",,top75,,,消费调查/results/mpc_allx_screen/all_screen_results.csv,1437,c2e3b71621f77b82766e70a3888c409b7256dd33,,cash,strict_all_amounts,,,
Extended Data6,"approved scalar interactions per R SD, factor omnibus raw p at x=0 solely for display; no new standardization, ranking or threshold selection",,top75,,,消费调查/results/mpc_allx_screen/all_screen_results.csv,1438,c2e3b71621f77b82766e70a3888c409b7256dd33,,rc,strict_all_amounts,,,
Extended Data6,"approved scalar interactions per R SD, factor omnibus raw p at x=0 solely for display; no new standardization, ranking or threshold selection",,ordinal,,,消费调查/results/mpc_allx_screen/all_screen_results.csv,1441,c2e3b71621f77b82766e70a3888c409b7256dd33,,cash,subjective_economic_pc1,,,
Extended Data6,"approved scalar interactions per R SD, factor omnibus raw p at x=0 solely for display; no new standardization, ranking or threshold selection",,ordinal,,,消费调查/results/mpc_allx_screen/all_screen_results.csv,1442,c2e3b71621f77b82766e70a3888c409b7256dd33,,rc,subjective_economic_pc1,,,
Extended Data6,"approved scalar interactions per R SD, factor omnibus raw p at x=0 solely for display; no new standardization, ranking or threshold selection",,midpoint,,,消费调查/results/mpc_allx_screen/all_screen_results.csv,1445,c2e3b71621f77b82766e70a3888c409b7256dd33,,cash,subjective_economic_pc1,,,
Extended Data6,"approved scalar interactions per R SD, factor omnibus raw p at x=0 solely for display; no new standardization, ranking or threshold selection",,midpoint,,,消费调查/results/mpc_allx_screen/all_screen_results.csv,1446,c2e3b71621f77b82766e70a3888c409b7256dd33,,rc,subjective_economic_pc1,,,
Extended Data6,"approved scalar interactions per R SD, factor omnibus raw p at x=0 solely for display; no new standardization, ranking or threshold selection",,top75,,,消费调查/results/mpc_allx_screen/all_screen_results.csv,1449,c2e3b71621f77b82766e70a3888c409b7256dd33,,cash,subjective_economic_pc1,,,
Extended Data6,"approved scalar interactions per R SD, factor omnibus raw p at x=0 solely for display; no new standardization, ranking or threshold selection",,top75,,,消费调查/results/mpc_allx_screen/all_screen_results.csv,1450,c2e3b71621f77b82766e70a3888c409b7256dd33,,rc,subjective_economic_pc1,,,
Extended Data6,"approved scalar interactions per R SD, factor omnibus raw p at x=0 solely for display; no new standardization, ranking or threshold selection",,ordinal,,,消费调查/results/mpc_allx_screen/all_screen_results.csv,1453,c2e3b71621f77b82766e70a3888c409b7256dd33,,cash,social_confidence_pc1,,,
Extended Data6,"approved scalar interactions per R SD, factor omnibus raw p at x=0 solely for display; no new standardization, ranking or threshold selection",,ordinal,,,消费调查/results/mpc_allx_screen/all_screen_results.csv,1454,c2e3b71621f77b82766e70a3888c409b7256dd33,,rc,social_confidence_pc1,,,
Extended Data6,"approved scalar interactions per R SD, factor omnibus raw p at x=0 solely for display; no new standardization, ranking or threshold selection",,midpoint,,,消费调查/results/mpc_allx_screen/all_screen_results.csv,1457,c2e3b71621f77b82766e70a3888c409b7256dd33,,cash,social_confidence_pc1,,,
Extended Data6,"approved scalar interactions per R SD, factor omnibus raw p at x=0 solely for display; no new standardization, ranking or threshold selection",,midpoint,,,消费调查/results/mpc_allx_screen/all_screen_results.csv,1458,c2e3b71621f77b82766e70a3888c409b7256dd33,,rc,social_confidence_pc1,,,
Extended Data6,"approved scalar interactions per R SD, factor omnibus raw p at x=0 solely for display; no new standardization, ranking or threshold selection",,top75,,,消费调查/results/mpc_allx_screen/all_screen_results.csv,1461,c2e3b71621f77b82766e70a3888c409b7256dd33,,cash,social_confidence_pc1,,,
Extended Data6,"approved scalar interactions per R SD, factor omnibus raw p at x=0 solely for display; no new standardization, ranking or threshold selection",,top75,,,消费调查/results/mpc_allx_screen/all_screen_results.csv,1462,c2e3b71621f77b82766e70a3888c409b7256dd33,,rc,social_confidence_pc1,,,
Extended Data6,"approved scalar interactions per R SD, factor omnibus raw p at x=0 solely for display; no new standardization, ranking or threshold selection",,ordinal,,,消费调查/results/mpc_allx_screen/all_screen_results.csv,1465,c2e3b71621f77b82766e70a3888c409b7256dd33,,cash,wellbeing_optimism_pc1,,,
Extended Data6,"approved scalar interactions per R SD, factor omnibus raw p at x=0 solely for display; no new standardization, ranking or threshold selection",,ordinal,,,消费调查/results/mpc_allx_screen/all_screen_results.csv,1466,c2e3b71621f77b82766e70a3888c409b7256dd33,,rc,wellbeing_optimism_pc1,,,
Extended Data6,"approved scalar interactions per R SD, factor omnibus raw p at x=0 solely for display; no new standardization, ranking or threshold selection",,midpoint,,,消费调查/results/mpc_allx_screen/all_screen_results.csv,1469,c2e3b71621f77b82766e70a3888c409b7256dd33,,cash,wellbeing_optimism_pc1,,,
Extended Data6,"approved scalar interactions per R SD, factor omnibus raw p at x=0 solely for display; no new standardization, ranking or threshold selection",,midpoint,,,消费调查/results/mpc_allx_screen/all_screen_results.csv,1470,c2e3b71621f77b82766e70a3888c409b7256dd33,,rc,wellbeing_optimism_pc1,,,
Extended Data6,"approved scalar interactions per R SD, factor omnibus raw p at x=0 solely for display; no new standardization, ranking or threshold selection",,top75,,,消费调查/results/mpc_allx_screen/all_screen_results.csv,1473,c2e3b71621f77b82766e70a3888c409b7256dd33,,cash,wellbeing_optimism_pc1,,,
Extended Data6,"approved scalar interactions per R SD, factor omnibus raw p at x=0 solely for display; no new standardization, ranking or threshold selection",,top75,,,消费调查/results/mpc_allx_screen/all_screen_results.csv,1474,c2e3b71621f77b82766e70a3888c409b7256dd33,,rc,wellbeing_optimism_pc1,,,
Extended Data6,"approved scalar interactions per R SD, factor omnibus raw p at x=0 solely for display; no new standardization, ranking or threshold selection",,ordinal,,,消费调查/results/mpc_allx_screen/all_screen_results.csv,1477,c2e3b71621f77b82766e70a3888c409b7256dd33,,cash,diagnostic_global_pc1,,,
Extended Data6,"approved scalar interactions per R SD, factor omnibus raw p at x=0 solely for display; no new standardization, ranking or threshold selection",,ordinal,,,消费调查/results/mpc_allx_screen/all_screen_results.csv,1478,c2e3b71621f77b82766e70a3888c409b7256dd33,,rc,diagnostic_global_pc1,,,
Extended Data6,"approved scalar interactions per R SD, factor omnibus raw p at x=0 solely for display; no new standardization, ranking or threshold selection",,midpoint,,,消费调查/results/mpc_allx_screen/all_screen_results.csv,1481,c2e3b71621f77b82766e70a3888c409b7256dd33,,cash,diagnostic_global_pc1,,,
Extended Data6,"approved scalar interactions per R SD, factor omnibus raw p at x=0 solely for display; no new standardization, ranking or threshold selection",,midpoint,,,消费调查/results/mpc_allx_screen/all_screen_results.csv,1482,c2e3b71621f77b82766e70a3888c409b7256dd33,,rc,diagnostic_global_pc1,,,
Extended Data6,"approved scalar interactions per R SD, factor omnibus raw p at x=0 solely for display; no new standardization, ranking or threshold selection",,top75,,,消费调查/results/mpc_allx_screen/all_screen_results.csv,1485,c2e3b71621f77b82766e70a3888c409b7256dd33,,cash,diagnostic_global_pc1,,,
Extended Data6,"approved scalar interactions per R SD, factor omnibus raw p at x=0 solely for display; no new standardization, ranking or threshold selection",,top75,,,消费调查/results/mpc_allx_screen/all_screen_results.csv,1486,c2e3b71621f77b82766e70a3888c409b7256dd33,,rc,diagnostic_global_pc1,,,
Extended Data6,"approved scalar interactions per R SD, factor omnibus raw p at x=0 solely for display; no new standardization, ranking or threshold selection",,ordinal,,,消费调查/results/mpc_allx_screen/all_screen_results.csv,1489,c2e3b71621f77b82766e70a3888c409b7256dd33,,cash,diagnostic_global_pc2,,,
Extended Data6,"approved scalar interactions per R SD, factor omnibus raw p at x=0 solely for display; no new standardization, ranking or threshold selection",,ordinal,,,消费调查/results/mpc_allx_screen/all_screen_results.csv,1490,c2e3b71621f77b82766e70a3888c409b7256dd33,,rc,diagnostic_global_pc2,,,
Extended Data6,"approved scalar interactions per R SD, factor omnibus raw p at x=0 solely for display; no new standardization, ranking or threshold selection",,midpoint,,,消费调查/results/mpc_allx_screen/all_screen_results.csv,1493,c2e3b71621f77b82766e70a3888c409b7256dd33,,cash,diagnostic_global_pc2,,,
Extended Data6,"approved scalar interactions per R SD, factor omnibus raw p at x=0 solely for display; no new standardization, ranking or threshold selection",,midpoint,,,消费调查/results/mpc_allx_screen/all_screen_results.csv,1494,c2e3b71621f77b82766e70a3888c409b7256dd33,,rc,diagnostic_global_pc2,,,
Extended Data6,"approved scalar interactions per R SD, factor omnibus raw p at x=0 solely for display; no new standardization, ranking or threshold selection",,top75,,,消费调查/results/mpc_allx_screen/all_screen_results.csv,1497,c2e3b71621f77b82766e70a3888c409b7256dd33,,cash,diagnostic_global_pc2,,,
Extended Data6,"approved scalar interactions per R SD, factor omnibus raw p at x=0 solely for display; no new standardization, ranking or threshold selection",,top75,,,消费调查/results/mpc_allx_screen/all_screen_results.csv,1498,c2e3b71621f77b82766e70a3888c409b7256dd33,,rc,diagnostic_global_pc2,,,
Extended Data6,"approved scalar interactions per R SD, factor omnibus raw p at x=0 solely for display; no new standardization, ranking or threshold selection",,ordinal,,,消费调查/results/mpc_allx_screen/all_screen_results.csv,1501,c2e3b71621f77b82766e70a3888c409b7256dd33,,cash,diagnostic_global_pc3,,,
Extended Data6,"approved scalar interactions per R SD, factor omnibus raw p at x=0 solely for display; no new standardization, ranking or threshold selection",,ordinal,,,消费调查/results/mpc_allx_screen/all_screen_results.csv,1502,c2e3b71621f77b82766e70a3888c409b7256dd33,,rc,diagnostic_global_pc3,,,
Extended Data6,"approved scalar interactions per R SD, factor omnibus raw p at x=0 solely for display; no new standardization, ranking or threshold selection",,midpoint,,,消费调查/results/mpc_allx_screen/all_screen_results.csv,1505,c2e3b71621f77b82766e70a3888c409b7256dd33,,cash,diagnostic_global_pc3,,,
Extended Data6,"approved scalar interactions per R SD, factor omnibus raw p at x=0 solely for display; no new standardization, ranking or threshold selection",,midpoint,,,消费调查/results/mpc_allx_screen/all_screen_results.csv,1506,c2e3b71621f77b82766e70a3888c409b7256dd33,,rc,diagnostic_global_pc3,,,
Extended Data6,"approved scalar interactions per R SD, factor omnibus raw p at x=0 solely for display; no new standardization, ranking or threshold selection",,top75,,,消费调查/results/mpc_allx_screen/all_screen_results.csv,1509,c2e3b71621f77b82766e70a3888c409b7256dd33,,cash,diagnostic_global_pc3,,,
Extended Data6,"approved scalar interactions per R SD, factor omnibus raw p at x=0 solely for display; no new standardization, ranking or threshold selection",,top75,,,消费调查/results/mpc_allx_screen/all_screen_results.csv,1510,c2e3b71621f77b82766e70a3888c409b7256dd33,,rc,diagnostic_global_pc3,,,
Extended Data6,"approved scalar interactions per R SD, factor omnibus raw p at x=0 solely for display; no new standardization, ranking or threshold selection",,ordinal,,,消费调查/results/mpc_allx_screen/all_screen_results.csv,1513,c2e3b71621f77b82766e70a3888c409b7256dd33,,cash,diagnostic_global_pc4,,,
Extended Data6,"approved scalar interactions per R SD, factor omnibus raw p at x=0 solely for display; no new standardization, ranking or threshold selection",,ordinal,,,消费调查/results/mpc_allx_screen/all_screen_results.csv,1514,c2e3b71621f77b82766e70a3888c409b7256dd33,,rc,diagnostic_global_pc4,,,
Extended Data6,"approved scalar interactions per R SD, factor omnibus raw p at x=0 solely for display; no new standardization, ranking or threshold selection",,midpoint,,,消费调查/results/mpc_allx_screen/all_screen_results.csv,1517,c2e3b71621f77b82766e70a3888c409b7256dd33,,cash,diagnostic_global_pc4,,,
Extended Data6,"approved scalar interactions per R SD, factor omnibus raw p at x=0 solely for display; no new standardization, ranking or threshold selection",,midpoint,,,消费调查/results/mpc_allx_screen/all_screen_results.csv,1518,c2e3b71621f77b82766e70a3888c409b7256dd33,,rc,diagnostic_global_pc4,,,
Extended Data6,"approved scalar interactions per R SD, factor omnibus raw p at x=0 solely for display; no new standardization, ranking or threshold selection",,top75,,,消费调查/results/mpc_allx_screen/all_screen_results.csv,1521,c2e3b71621f77b82766e70a3888c409b7256dd33,,cash,diagnostic_global_pc4,,,
Extended Data6,"approved scalar interactions per R SD, factor omnibus raw p at x=0 solely for display; no new standardization, ranking or threshold selection",,top75,,,消费调查/results/mpc_allx_screen/all_screen_results.csv,1522,c2e3b71621f77b82766e70a3888c409b7256dd33,,rc,diagnostic_global_pc4,,,
Extended Data6,"approved scalar interactions per R SD, factor omnibus raw p at x=0 solely for display; no new standardization, ranking or threshold selection",,ordinal,,,消费调查/results/mpc_allx_screen/all_screen_results.csv,1525,c2e3b71621f77b82766e70a3888c409b7256dd33,,cash,diagnostic_global_pc5,,,
Extended Data6,"approved scalar interactions per R SD, factor omnibus raw p at x=0 solely for display; no new standardization, ranking or threshold selection",,ordinal,,,消费调查/results/mpc_allx_screen/all_screen_results.csv,1526,c2e3b71621f77b82766e70a3888c409b7256dd33,,rc,diagnostic_global_pc5,,,
Extended Data6,"approved scalar interactions per R SD, factor omnibus raw p at x=0 solely for display; no new standardization, ranking or threshold selection",,midpoint,,,消费调查/results/mpc_allx_screen/all_screen_results.csv,1529,c2e3b71621f77b82766e70a3888c409b7256dd33,,cash,diagnostic_global_pc5,,,
Extended Data6,"approved scalar interactions per R SD, factor omnibus raw p at x=0 solely for display; no new standardization, ranking or threshold selection",,midpoint,,,消费调查/results/mpc_allx_screen/all_screen_results.csv,1530,c2e3b71621f77b82766e70a3888c409b7256dd33,,rc,diagnostic_global_pc5,,,
Extended Data6,"approved scalar interactions per R SD, factor omnibus raw p at x=0 solely for display; no new standardization, ranking or threshold selection",,top75,,,消费调查/results/mpc_allx_screen/all_screen_results.csv,1533,c2e3b71621f77b82766e70a3888c409b7256dd33,,cash,diagnostic_global_pc5,,,
Extended Data6,"approved scalar interactions per R SD, factor omnibus raw p at x=0 solely for display; no new standardization, ranking or threshold selection",,top75,,,消费调查/results/mpc_allx_screen/all_screen_results.csv,1534,c2e3b71621f77b82766e70a3888c409b7256dd33,,rc,diagnostic_global_pc5,,,
Extended Data6,"approved scalar interactions per R SD, factor omnibus raw p at x=0 solely for display; no new standardization, ranking or threshold selection",,ordinal,,,消费调查/results/mpc_allx_screen/all_screen_results.csv,1537,c2e3b71621f77b82766e70a3888c409b7256dd33,,cash,diagnostic_global_pc6,,,
Extended Data6,"approved scalar interactions per R SD, factor omnibus raw p at x=0 solely for display; no new standardization, ranking or threshold selection",,ordinal,,,消费调查/results/mpc_allx_screen/all_screen_results.csv,1538,c2e3b71621f77b82766e70a3888c409b7256dd33,,rc,diagnostic_global_pc6,,,
Extended Data6,"approved scalar interactions per R SD, factor omnibus raw p at x=0 solely for display; no new standardization, ranking or threshold selection",,midpoint,,,消费调查/results/mpc_allx_screen/all_screen_results.csv,1541,c2e3b71621f77b82766e70a3888c409b7256dd33,,cash,diagnostic_global_pc6,,,
Extended Data6,"approved scalar interactions per R SD, factor omnibus raw p at x=0 solely for display; no new standardization, ranking or threshold selection",,midpoint,,,消费调查/results/mpc_allx_screen/all_screen_results.csv,1542,c2e3b71621f77b82766e70a3888c409b7256dd33,,rc,diagnostic_global_pc6,,,
Extended Data6,"approved scalar interactions per R SD, factor omnibus raw p at x=0 solely for display; no new standardization, ranking or threshold selection",,top75,,,消费调查/results/mpc_allx_screen/all_screen_results.csv,1545,c2e3b71621f77b82766e70a3888c409b7256dd33,,cash,diagnostic_global_pc6,,,
Extended Data6,"approved scalar interactions per R SD, factor omnibus raw p at x=0 solely for display; no new standardization, ranking or threshold selection",,top75,,,消费调查/results/mpc_allx_screen/all_screen_results.csv,1546,c2e3b71621f77b82766e70a3888c409b7256dd33,,rc,diagnostic_global_pc6,,,
Extended Data6,"approved scalar interactions per R SD, factor omnibus raw p at x=0 solely for display; no new standardization, ranking or threshold selection",,ordinal,,,消费调查/results/mpc_allx_screen/all_screen_results.csv,1549,c2e3b71621f77b82766e70a3888c409b7256dd33,,cash,diagnostic_global_pc7,,,
Extended Data6,"approved scalar interactions per R SD, factor omnibus raw p at x=0 solely for display; no new standardization, ranking or threshold selection",,ordinal,,,消费调查/results/mpc_allx_screen/all_screen_results.csv,1550,c2e3b71621f77b82766e70a3888c409b7256dd33,,rc,diagnostic_global_pc7,,,
Extended Data6,"approved scalar interactions per R SD, factor omnibus raw p at x=0 solely for display; no new standardization, ranking or threshold selection",,midpoint,,,消费调查/results/mpc_allx_screen/all_screen_results.csv,1553,c2e3b71621f77b82766e70a3888c409b7256dd33,,cash,diagnostic_global_pc7,,,
Extended Data6,"approved scalar interactions per R SD, factor omnibus raw p at x=0 solely for display; no new standardization, ranking or threshold selection",,midpoint,,,消费调查/results/mpc_allx_screen/all_screen_results.csv,1554,c2e3b71621f77b82766e70a3888c409b7256dd33,,rc,diagnostic_global_pc7,,,
Extended Data6,"approved scalar interactions per R SD, factor omnibus raw p at x=0 solely for display; no new standardization, ranking or threshold selection",,top75,,,消费调查/results/mpc_allx_screen/all_screen_results.csv,1557,c2e3b71621f77b82766e70a3888c409b7256dd33,,cash,diagnostic_global_pc7,,,
Extended Data6,"approved scalar interactions per R SD, factor omnibus raw p at x=0 solely for display; no new standardization, ranking or threshold selection",,top75,,,消费调查/results/mpc_allx_screen/all_screen_results.csv,1558,c2e3b71621f77b82766e70a3888c409b7256dd33,,rc,diagnostic_global_pc7,,,
Extended Data6,"approved scalar interactions per R SD, factor omnibus raw p at x=0 solely for display; no new standardization, ranking or threshold selection",,ordinal,,,消费调查/results/mpc_allx_screen/all_screen_results.csv,1561,c2e3b71621f77b82766e70a3888c409b7256dd33,,cash,diagnostic_global_pc8,,,
Extended Data6,"approved scalar interactions per R SD, factor omnibus raw p at x=0 solely for display; no new standardization, ranking or threshold selection",,ordinal,,,消费调查/results/mpc_allx_screen/all_screen_results.csv,1562,c2e3b71621f77b82766e70a3888c409b7256dd33,,rc,diagnostic_global_pc8,,,
Extended Data6,"approved scalar interactions per R SD, factor omnibus raw p at x=0 solely for display; no new standardization, ranking or threshold selection",,midpoint,,,消费调查/results/mpc_allx_screen/all_screen_results.csv,1565,c2e3b71621f77b82766e70a3888c409b7256dd33,,cash,diagnostic_global_pc8,,,
Extended Data6,"approved scalar interactions per R SD, factor omnibus raw p at x=0 solely for display; no new standardization, ranking or threshold selection",,midpoint,,,消费调查/results/mpc_allx_screen/all_screen_results.csv,1566,c2e3b71621f77b82766e70a3888c409b7256dd33,,rc,diagnostic_global_pc8,,,
Extended Data6,"approved scalar interactions per R SD, factor omnibus raw p at x=0 solely for display; no new standardization, ranking or threshold selection",,top75,,,消费调查/results/mpc_allx_screen/all_screen_results.csv,1569,c2e3b71621f77b82766e70a3888c409b7256dd33,,cash,diagnostic_global_pc8,,,
Extended Data6,"approved scalar interactions per R SD, factor omnibus raw p at x=0 solely for display; no new standardization, ranking or threshold selection",,top75,,,消费调查/results/mpc_allx_screen/all_screen_results.csv,1570,c2e3b71621f77b82766e70a3888c409b7256dd33,,rc,diagnostic_global_pc8,,,
Extended Data6,"approved scalar interactions per R SD, factor omnibus raw p at x=0 solely for display; no new standardization, ranking or threshold selection",,ordinal,,,消费调查/results/mpc_allx_screen/all_screen_results.csv,1573,c2e3b71621f77b82766e70a3888c409b7256dd33,,cash,diagnostic_global_pc9,,,
Extended Data6,"approved scalar interactions per R SD, factor omnibus raw p at x=0 solely for display; no new standardization, ranking or threshold selection",,ordinal,,,消费调查/results/mpc_allx_screen/all_screen_results.csv,1574,c2e3b71621f77b82766e70a3888c409b7256dd33,,rc,diagnostic_global_pc9,,,
Extended Data6,"approved scalar interactions per R SD, factor omnibus raw p at x=0 solely for display; no new standardization, ranking or threshold selection",,midpoint,,,消费调查/results/mpc_allx_screen/all_screen_results.csv,1577,c2e3b71621f77b82766e70a3888c409b7256dd33,,cash,diagnostic_global_pc9,,,
Extended Data6,"approved scalar interactions per R SD, factor omnibus raw p at x=0 solely for display; no new standardization, ranking or threshold selection",,midpoint,,,消费调查/results/mpc_allx_screen/all_screen_results.csv,1578,c2e3b71621f77b82766e70a3888c409b7256dd33,,rc,diagnostic_global_pc9,,,
Extended Data6,"approved scalar interactions per R SD, factor omnibus raw p at x=0 solely for display; no new standardization, ranking or threshold selection",,top75,,,消费调查/results/mpc_allx_screen/all_screen_results.csv,1581,c2e3b71621f77b82766e70a3888c409b7256dd33,,cash,diagnostic_global_pc9,,,
Extended Data6,"approved scalar interactions per R SD, factor omnibus raw p at x=0 solely for display; no new standardization, ranking or threshold selection",,top75,,,消费调查/results/mpc_allx_screen/all_screen_results.csv,1582,c2e3b71621f77b82766e70a3888c409b7256dd33,,rc,diagnostic_global_pc9,,,
Extended Data6,"approved scalar interactions per R SD, factor omnibus raw p at x=0 solely for display; no new standardization, ranking or threshold selection",,ordinal,,,消费调查/results/mpc_allx_screen/all_screen_results.csv,1585,c2e3b71621f77b82766e70a3888c409b7256dd33,,cash,diagnostic_global_pc10,,,
Extended Data6,"approved scalar interactions per R SD, factor omnibus raw p at x=0 solely for display; no new standardization, ranking or threshold selection",,ordinal,,,消费调查/results/mpc_allx_screen/all_screen_results.csv,1586,c2e3b71621f77b82766e70a3888c409b7256dd33,,rc,diagnostic_global_pc10,,,
Extended Data6,"approved scalar interactions per R SD, factor omnibus raw p at x=0 solely for display; no new standardization, ranking or threshold selection",,midpoint,,,消费调查/results/mpc_allx_screen/all_screen_results.csv,1589,c2e3b71621f77b82766e70a3888c409b7256dd33,,cash,diagnostic_global_pc10,,,
Extended Data6,"approved scalar interactions per R SD, factor omnibus raw p at x=0 solely for display; no new standardization, ranking or threshold selection",,midpoint,,,消费调查/results/mpc_allx_screen/all_screen_results.csv,1590,c2e3b71621f77b82766e70a3888c409b7256dd33,,rc,diagnostic_global_pc10,,,
Extended Data6,"approved scalar interactions per R SD, factor omnibus raw p at x=0 solely for display; no new standardization, ranking or threshold selection",,top75,,,消费调查/results/mpc_allx_screen/all_screen_results.csv,1593,c2e3b71621f77b82766e70a3888c409b7256dd33,,cash,diagnostic_global_pc10,,,
Extended Data6,"approved scalar interactions per R SD, factor omnibus raw p at x=0 solely for display; no new standardization, ranking or threshold selection",,top75,,,消费调查/results/mpc_allx_screen/all_screen_results.csv,1594,c2e3b71621f77b82766e70a3888c409b7256dd33,,rc,diagnostic_global_pc10,,,
Extended Data6,"approved scalar interactions per R SD, factor omnibus raw p at x=0 solely for display; no new standardization, ranking or threshold selection",,ordinal,,,消费调查/results/mpc_allx_screen/all_screen_results.csv,1597,c2e3b71621f77b82766e70a3888c409b7256dd33,,cash,diagnostic_global_pc11,,,
Extended Data6,"approved scalar interactions per R SD, factor omnibus raw p at x=0 solely for display; no new standardization, ranking or threshold selection",,ordinal,,,消费调查/results/mpc_allx_screen/all_screen_results.csv,1598,c2e3b71621f77b82766e70a3888c409b7256dd33,,rc,diagnostic_global_pc11,,,
Extended Data6,"approved scalar interactions per R SD, factor omnibus raw p at x=0 solely for display; no new standardization, ranking or threshold selection",,midpoint,,,消费调查/results/mpc_allx_screen/all_screen_results.csv,1601,c2e3b71621f77b82766e70a3888c409b7256dd33,,cash,diagnostic_global_pc11,,,
Extended Data6,"approved scalar interactions per R SD, factor omnibus raw p at x=0 solely for display; no new standardization, ranking or threshold selection",,midpoint,,,消费调查/results/mpc_allx_screen/all_screen_results.csv,1602,c2e3b71621f77b82766e70a3888c409b7256dd33,,rc,diagnostic_global_pc11,,,
Extended Data6,"approved scalar interactions per R SD, factor omnibus raw p at x=0 solely for display; no new standardization, ranking or threshold selection",,top75,,,消费调查/results/mpc_allx_screen/all_screen_results.csv,1605,c2e3b71621f77b82766e70a3888c409b7256dd33,,cash,diagnostic_global_pc11,,,
Extended Data6,"approved scalar interactions per R SD, factor omnibus raw p at x=0 solely for display; no new standardization, ranking or threshold selection",,top75,,,消费调查/results/mpc_allx_screen/all_screen_results.csv,1606,c2e3b71621f77b82766e70a3888c409b7256dd33,,rc,diagnostic_global_pc11,,,
Extended Data6,"approved scalar interactions per R SD, factor omnibus raw p at x=0 solely for display; no new standardization, ranking or threshold selection",,ordinal,,,消费调查/results/mpc_allx_screen/all_screen_results.csv,1609,c2e3b71621f77b82766e70a3888c409b7256dd33,,cash,diagnostic_global_pc12,,,
Extended Data6,"approved scalar interactions per R SD, factor omnibus raw p at x=0 solely for display; no new standardization, ranking or threshold selection",,ordinal,,,消费调查/results/mpc_allx_screen/all_screen_results.csv,1610,c2e3b71621f77b82766e70a3888c409b7256dd33,,rc,diagnostic_global_pc12,,,
Extended Data6,"approved scalar interactions per R SD, factor omnibus raw p at x=0 solely for display; no new standardization, ranking or threshold selection",,midpoint,,,消费调查/results/mpc_allx_screen/all_screen_results.csv,1613,c2e3b71621f77b82766e70a3888c409b7256dd33,,cash,diagnostic_global_pc12,,,
Extended Data6,"approved scalar interactions per R SD, factor omnibus raw p at x=0 solely for display; no new standardization, ranking or threshold selection",,midpoint,,,消费调查/results/mpc_allx_screen/all_screen_results.csv,1614,c2e3b71621f77b82766e70a3888c409b7256dd33,,rc,diagnostic_global_pc12,,,
Extended Data6,"approved scalar interactions per R SD, factor omnibus raw p at x=0 solely for display; no new standardization, ranking or threshold selection",,top75,,,消费调查/results/mpc_allx_screen/all_screen_results.csv,1617,c2e3b71621f77b82766e70a3888c409b7256dd33,,cash,diagnostic_global_pc12,,,
Extended Data6,"approved scalar interactions per R SD, factor omnibus raw p at x=0 solely for display; no new standardization, ranking or threshold selection",,top75,,,消费调查/results/mpc_allx_screen/all_screen_results.csv,1618,c2e3b71621f77b82766e70a3888c409b7256dd33,,rc,diagnostic_global_pc12,,,
Extended Data6,"approved scalar interactions per R SD, factor omnibus raw p at x=0 solely for display; no new standardization, ranking or threshold selection",,ordinal,,,消费调查/results/mpc_allx_screen/all_screen_results.csv,1621,c2e3b71621f77b82766e70a3888c409b7256dd33,,cash,diagnostic_global_pc13,,,
Extended Data6,"approved scalar interactions per R SD, factor omnibus raw p at x=0 solely for display; no new standardization, ranking or threshold selection",,ordinal,,,消费调查/results/mpc_allx_screen/all_screen_results.csv,1622,c2e3b71621f77b82766e70a3888c409b7256dd33,,rc,diagnostic_global_pc13,,,
Extended Data6,"approved scalar interactions per R SD, factor omnibus raw p at x=0 solely for display; no new standardization, ranking or threshold selection",,midpoint,,,消费调查/results/mpc_allx_screen/all_screen_results.csv,1625,c2e3b71621f77b82766e70a3888c409b7256dd33,,cash,diagnostic_global_pc13,,,
Extended Data6,"approved scalar interactions per R SD, factor omnibus raw p at x=0 solely for display; no new standardization, ranking or threshold selection",,midpoint,,,消费调查/results/mpc_allx_screen/all_screen_results.csv,1626,c2e3b71621f77b82766e70a3888c409b7256dd33,,rc,diagnostic_global_pc13,,,
Extended Data6,"approved scalar interactions per R SD, factor omnibus raw p at x=0 solely for display; no new standardization, ranking or threshold selection",,top75,,,消费调查/results/mpc_allx_screen/all_screen_results.csv,1629,c2e3b71621f77b82766e70a3888c409b7256dd33,,cash,diagnostic_global_pc13,,,
Extended Data6,"approved scalar interactions per R SD, factor omnibus raw p at x=0 solely for display; no new standardization, ranking or threshold selection",,top75,,,消费调查/results/mpc_allx_screen/all_screen_results.csv,1630,c2e3b71621f77b82766e70a3888c409b7256dd33,,rc,diagnostic_global_pc13,,,
Extended Data6,"approved scalar interactions per R SD, factor omnibus raw p at x=0 solely for display; no new standardization, ranking or threshold selection",,ordinal,,,消费调查/results/mpc_allx_screen/all_screen_results.csv,1633,c2e3b71621f77b82766e70a3888c409b7256dd33,,cash,diagnostic_global_pc14,,,
Extended Data6,"approved scalar interactions per R SD, factor omnibus raw p at x=0 solely for display; no new standardization, ranking or threshold selection",,ordinal,,,消费调查/results/mpc_allx_screen/all_screen_results.csv,1634,c2e3b71621f77b82766e70a3888c409b7256dd33,,rc,diagnostic_global_pc14,,,
Extended Data6,"approved scalar interactions per R SD, factor omnibus raw p at x=0 solely for display; no new standardization, ranking or threshold selection",,midpoint,,,消费调查/results/mpc_allx_screen/all_screen_results.csv,1637,c2e3b71621f77b82766e70a3888c409b7256dd33,,cash,diagnostic_global_pc14,,,
Extended Data6,"approved scalar interactions per R SD, factor omnibus raw p at x=0 solely for display; no new standardization, ranking or threshold selection",,midpoint,,,消费调查/results/mpc_allx_screen/all_screen_results.csv,1638,c2e3b71621f77b82766e70a3888c409b7256dd33,,rc,diagnostic_global_pc14,,,
Extended Data6,"approved scalar interactions per R SD, factor omnibus raw p at x=0 solely for display; no new standardization, ranking or threshold selection",,top75,,,消费调查/results/mpc_allx_screen/all_screen_results.csv,1641,c2e3b71621f77b82766e70a3888c409b7256dd33,,cash,diagnostic_global_pc14,,,
Extended Data6,"approved scalar interactions per R SD, factor omnibus raw p at x=0 solely for display; no new standardization, ranking or threshold selection",,top75,,,消费调查/results/mpc_allx_screen/all_screen_results.csv,1642,c2e3b71621f77b82766e70a3888c409b7256dd33,,rc,diagnostic_global_pc14,,,
Extended Data6,"approved scalar interactions per R SD, factor omnibus raw p at x=0 solely for display; no new standardization, ranking or threshold selection",,ordinal,,,消费调查/results/mpc_allx_screen/all_screen_results.csv,1645,c2e3b71621f77b82766e70a3888c409b7256dd33,,cash,diagnostic_global_pc15,,,
Extended Data6,"approved scalar interactions per R SD, factor omnibus raw p at x=0 solely for display; no new standardization, ranking or threshold selection",,ordinal,,,消费调查/results/mpc_allx_screen/all_screen_results.csv,1646,c2e3b71621f77b82766e70a3888c409b7256dd33,,rc,diagnostic_global_pc15,,,
Extended Data6,"approved scalar interactions per R SD, factor omnibus raw p at x=0 solely for display; no new standardization, ranking or threshold selection",,midpoint,,,消费调查/results/mpc_allx_screen/all_screen_results.csv,1649,c2e3b71621f77b82766e70a3888c409b7256dd33,,cash,diagnostic_global_pc15,,,
Extended Data6,"approved scalar interactions per R SD, factor omnibus raw p at x=0 solely for display; no new standardization, ranking or threshold selection",,midpoint,,,消费调查/results/mpc_allx_screen/all_screen_results.csv,1650,c2e3b71621f77b82766e70a3888c409b7256dd33,,rc,diagnostic_global_pc15,,,
Extended Data6,"approved scalar interactions per R SD, factor omnibus raw p at x=0 solely for display; no new standardization, ranking or threshold selection",,top75,,,消费调查/results/mpc_allx_screen/all_screen_results.csv,1653,c2e3b71621f77b82766e70a3888c409b7256dd33,,cash,diagnostic_global_pc15,,,
Extended Data6,"approved scalar interactions per R SD, factor omnibus raw p at x=0 solely for display; no new standardization, ranking or threshold selection",,top75,,,消费调查/results/mpc_allx_screen/all_screen_results.csv,1654,c2e3b71621f77b82766e70a3888c409b7256dd33,,rc,diagnostic_global_pc15,,,
Extended Data6,"approved scalar interactions per R SD, factor omnibus raw p at x=0 solely for display; no new standardization, ranking or threshold selection",,ordinal,,,消费调查/results/mpc_allx_screen/all_screen_results.csv,1657,c2e3b71621f77b82766e70a3888c409b7256dd33,,cash,diagnostic_global_pc16,,,
Extended Data6,"approved scalar interactions per R SD, factor omnibus raw p at x=0 solely for display; no new standardization, ranking or threshold selection",,ordinal,,,消费调查/results/mpc_allx_screen/all_screen_results.csv,1658,c2e3b71621f77b82766e70a3888c409b7256dd33,,rc,diagnostic_global_pc16,,,
Extended Data6,"approved scalar interactions per R SD, factor omnibus raw p at x=0 solely for display; no new standardization, ranking or threshold selection",,midpoint,,,消费调查/results/mpc_allx_screen/all_screen_results.csv,1661,c2e3b71621f77b82766e70a3888c409b7256dd33,,cash,diagnostic_global_pc16,,,
Extended Data6,"approved scalar interactions per R SD, factor omnibus raw p at x=0 solely for display; no new standardization, ranking or threshold selection",,midpoint,,,消费调查/results/mpc_allx_screen/all_screen_results.csv,1662,c2e3b71621f77b82766e70a3888c409b7256dd33,,rc,diagnostic_global_pc16,,,
Extended Data6,"approved scalar interactions per R SD, factor omnibus raw p at x=0 solely for display; no new standardization, ranking or threshold selection",,top75,,,消费调查/results/mpc_allx_screen/all_screen_results.csv,1665,c2e3b71621f77b82766e70a3888c409b7256dd33,,cash,diagnostic_global_pc16,,,
Extended Data6,"approved scalar interactions per R SD, factor omnibus raw p at x=0 solely for display; no new standardization, ranking or threshold selection",,top75,,,消费调查/results/mpc_allx_screen/all_screen_results.csv,1666,c2e3b71621f77b82766e70a3888c409b7256dd33,,rc,diagnostic_global_pc16,,,
Extended Data6,"approved scalar interactions per R SD, factor omnibus raw p at x=0 solely for display; no new standardization, ranking or threshold selection",,ordinal,,,消费调查/results/mpc_allx_screen/all_screen_results.csv,1669,c2e3b71621f77b82766e70a3888c409b7256dd33,,cash,diagnostic_global_pc17,,,
Extended Data6,"approved scalar interactions per R SD, factor omnibus raw p at x=0 solely for display; no new standardization, ranking or threshold selection",,ordinal,,,消费调查/results/mpc_allx_screen/all_screen_results.csv,1670,c2e3b71621f77b82766e70a3888c409b7256dd33,,rc,diagnostic_global_pc17,,,
Extended Data6,"approved scalar interactions per R SD, factor omnibus raw p at x=0 solely for display; no new standardization, ranking or threshold selection",,midpoint,,,消费调查/results/mpc_allx_screen/all_screen_results.csv,1673,c2e3b71621f77b82766e70a3888c409b7256dd33,,cash,diagnostic_global_pc17,,,
Extended Data6,"approved scalar interactions per R SD, factor omnibus raw p at x=0 solely for display; no new standardization, ranking or threshold selection",,midpoint,,,消费调查/results/mpc_allx_screen/all_screen_results.csv,1674,c2e3b71621f77b82766e70a3888c409b7256dd33,,rc,diagnostic_global_pc17,,,
Extended Data6,"approved scalar interactions per R SD, factor omnibus raw p at x=0 solely for display; no new standardization, ranking or threshold selection",,top75,,,消费调查/results/mpc_allx_screen/all_screen_results.csv,1677,c2e3b71621f77b82766e70a3888c409b7256dd33,,cash,diagnostic_global_pc17,,,
Extended Data6,"approved scalar interactions per R SD, factor omnibus raw p at x=0 solely for display; no new standardization, ranking or threshold selection",,top75,,,消费调查/results/mpc_allx_screen/all_screen_results.csv,1678,c2e3b71621f77b82766e70a3888c409b7256dd33,,rc,diagnostic_global_pc17,,,
Extended Data6,"approved scalar interactions per R SD, factor omnibus raw p at x=0 solely for display; no new standardization, ranking or threshold selection",,ordinal,,,消费调查/results/mpc_allx_screen/all_screen_results.csv,1681,c2e3b71621f77b82766e70a3888c409b7256dd33,,cash,diagnostic_global_pc18,,,
Extended Data6,"approved scalar interactions per R SD, factor omnibus raw p at x=0 solely for display; no new standardization, ranking or threshold selection",,ordinal,,,消费调查/results/mpc_allx_screen/all_screen_results.csv,1682,c2e3b71621f77b82766e70a3888c409b7256dd33,,rc,diagnostic_global_pc18,,,
Extended Data6,"approved scalar interactions per R SD, factor omnibus raw p at x=0 solely for display; no new standardization, ranking or threshold selection",,midpoint,,,消费调查/results/mpc_allx_screen/all_screen_results.csv,1685,c2e3b71621f77b82766e70a3888c409b7256dd33,,cash,diagnostic_global_pc18,,,
Extended Data6,"approved scalar interactions per R SD, factor omnibus raw p at x=0 solely for display; no new standardization, ranking or threshold selection",,midpoint,,,消费调查/results/mpc_allx_screen/all_screen_results.csv,1686,c2e3b71621f77b82766e70a3888c409b7256dd33,,rc,diagnostic_global_pc18,,,
Extended Data6,"approved scalar interactions per R SD, factor omnibus raw p at x=0 solely for display; no new standardization, ranking or threshold selection",,top75,,,消费调查/results/mpc_allx_screen/all_screen_results.csv,1689,c2e3b71621f77b82766e70a3888c409b7256dd33,,cash,diagnostic_global_pc18,,,
Extended Data6,"approved scalar interactions per R SD, factor omnibus raw p at x=0 solely for display; no new standardization, ranking or threshold selection",,top75,,,消费调查/results/mpc_allx_screen/all_screen_results.csv,1690,c2e3b71621f77b82766e70a3888c409b7256dd33,,rc,diagnostic_global_pc18,,,
Extended Data6,"approved scalar interactions per R SD, factor omnibus raw p at x=0 solely for display; no new standardization, ranking or threshold selection",,ordinal,,,消费调查/results/mpc_allx_screen/all_screen_results.csv,1693,c2e3b71621f77b82766e70a3888c409b7256dd33,,cash,diagnostic_global_pc19,,,
Extended Data6,"approved scalar interactions per R SD, factor omnibus raw p at x=0 solely for display; no new standardization, ranking or threshold selection",,ordinal,,,消费调查/results/mpc_allx_screen/all_screen_results.csv,1694,c2e3b71621f77b82766e70a3888c409b7256dd33,,rc,diagnostic_global_pc19,,,
Extended Data6,"approved scalar interactions per R SD, factor omnibus raw p at x=0 solely for display; no new standardization, ranking or threshold selection",,midpoint,,,消费调查/results/mpc_allx_screen/all_screen_results.csv,1697,c2e3b71621f77b82766e70a3888c409b7256dd33,,cash,diagnostic_global_pc19,,,
Extended Data6,"approved scalar interactions per R SD, factor omnibus raw p at x=0 solely for display; no new standardization, ranking or threshold selection",,midpoint,,,消费调查/results/mpc_allx_screen/all_screen_results.csv,1698,c2e3b71621f77b82766e70a3888c409b7256dd33,,rc,diagnostic_global_pc19,,,
Extended Data6,"approved scalar interactions per R SD, factor omnibus raw p at x=0 solely for display; no new standardization, ranking or threshold selection",,top75,,,消费调查/results/mpc_allx_screen/all_screen_results.csv,1701,c2e3b71621f77b82766e70a3888c409b7256dd33,,cash,diagnostic_global_pc19,,,
Extended Data6,"approved scalar interactions per R SD, factor omnibus raw p at x=0 solely for display; no new standardization, ranking or threshold selection",,top75,,,消费调查/results/mpc_allx_screen/all_screen_results.csv,1702,c2e3b71621f77b82766e70a3888c409b7256dd33,,rc,diagnostic_global_pc19,,,
Extended Data6,"approved scalar interactions per R SD, factor omnibus raw p at x=0 solely for display; no new standardization, ranking or threshold selection",,ordinal,,,消费调查/results/mpc_allx_screen/all_screen_results.csv,1705,c2e3b71621f77b82766e70a3888c409b7256dd33,,cash,diagnostic_global_pc20,,,
Extended Data6,"approved scalar interactions per R SD, factor omnibus raw p at x=0 solely for display; no new standardization, ranking or threshold selection",,ordinal,,,消费调查/results/mpc_allx_screen/all_screen_results.csv,1706,c2e3b71621f77b82766e70a3888c409b7256dd33,,rc,diagnostic_global_pc20,,,
Extended Data6,"approved scalar interactions per R SD, factor omnibus raw p at x=0 solely for display; no new standardization, ranking or threshold selection",,midpoint,,,消费调查/results/mpc_allx_screen/all_screen_results.csv,1709,c2e3b71621f77b82766e70a3888c409b7256dd33,,cash,diagnostic_global_pc20,,,
Extended Data6,"approved scalar interactions per R SD, factor omnibus raw p at x=0 solely for display; no new standardization, ranking or threshold selection",,midpoint,,,消费调查/results/mpc_allx_screen/all_screen_results.csv,1710,c2e3b71621f77b82766e70a3888c409b7256dd33,,rc,diagnostic_global_pc20,,,
Extended Data6,"approved scalar interactions per R SD, factor omnibus raw p at x=0 solely for display; no new standardization, ranking or threshold selection",,top75,,,消费调查/results/mpc_allx_screen/all_screen_results.csv,1713,c2e3b71621f77b82766e70a3888c409b7256dd33,,cash,diagnostic_global_pc20,,,
Extended Data6,"approved scalar interactions per R SD, factor omnibus raw p at x=0 solely for display; no new standardization, ranking or threshold selection",,top75,,,消费调查/results/mpc_allx_screen/all_screen_results.csv,1714,c2e3b71621f77b82766e70a3888c409b7256dd33,,rc,diagnostic_global_pc20,,,
Extended Data6,"approved scalar interactions per R SD, factor omnibus raw p at x=0 solely for display; no new standardization, ranking or threshold selection",,ordinal,,,消费调查/results/mpc_allx_screen/all_screen_results.csv,1717,c2e3b71621f77b82766e70a3888c409b7256dd33,,cash,diagnostic_global_pc21,,,
Extended Data6,"approved scalar interactions per R SD, factor omnibus raw p at x=0 solely for display; no new standardization, ranking or threshold selection",,ordinal,,,消费调查/results/mpc_allx_screen/all_screen_results.csv,1718,c2e3b71621f77b82766e70a3888c409b7256dd33,,rc,diagnostic_global_pc21,,,
Extended Data6,"approved scalar interactions per R SD, factor omnibus raw p at x=0 solely for display; no new standardization, ranking or threshold selection",,midpoint,,,消费调查/results/mpc_allx_screen/all_screen_results.csv,1721,c2e3b71621f77b82766e70a3888c409b7256dd33,,cash,diagnostic_global_pc21,,,
Extended Data6,"approved scalar interactions per R SD, factor omnibus raw p at x=0 solely for display; no new standardization, ranking or threshold selection",,midpoint,,,消费调查/results/mpc_allx_screen/all_screen_results.csv,1722,c2e3b71621f77b82766e70a3888c409b7256dd33,,rc,diagnostic_global_pc21,,,
Extended Data6,"approved scalar interactions per R SD, factor omnibus raw p at x=0 solely for display; no new standardization, ranking or threshold selection",,top75,,,消费调查/results/mpc_allx_screen/all_screen_results.csv,1725,c2e3b71621f77b82766e70a3888c409b7256dd33,,cash,diagnostic_global_pc21,,,
Extended Data6,"approved scalar interactions per R SD, factor omnibus raw p at x=0 solely for display; no new standardization, ranking or threshold selection",,top75,,,消费调查/results/mpc_allx_screen/all_screen_results.csv,1726,c2e3b71621f77b82766e70a3888c409b7256dd33,,rc,diagnostic_global_pc21,,,
Extended Data6,"approved scalar interactions per R SD, factor omnibus raw p at x=0 solely for display; no new standardization, ranking or threshold selection",,ordinal,,,消费调查/results/mpc_allx_screen/all_screen_results.csv,1729,c2e3b71621f77b82766e70a3888c409b7256dd33,,cash,diagnostic_global_pc22,,,
Extended Data6,"approved scalar interactions per R SD, factor omnibus raw p at x=0 solely for display; no new standardization, ranking or threshold selection",,ordinal,,,消费调查/results/mpc_allx_screen/all_screen_results.csv,1730,c2e3b71621f77b82766e70a3888c409b7256dd33,,rc,diagnostic_global_pc22,,,
Extended Data6,"approved scalar interactions per R SD, factor omnibus raw p at x=0 solely for display; no new standardization, ranking or threshold selection",,midpoint,,,消费调查/results/mpc_allx_screen/all_screen_results.csv,1733,c2e3b71621f77b82766e70a3888c409b7256dd33,,cash,diagnostic_global_pc22,,,
Extended Data6,"approved scalar interactions per R SD, factor omnibus raw p at x=0 solely for display; no new standardization, ranking or threshold selection",,midpoint,,,消费调查/results/mpc_allx_screen/all_screen_results.csv,1734,c2e3b71621f77b82766e70a3888c409b7256dd33,,rc,diagnostic_global_pc22,,,
Extended Data6,"approved scalar interactions per R SD, factor omnibus raw p at x=0 solely for display; no new standardization, ranking or threshold selection",,top75,,,消费调查/results/mpc_allx_screen/all_screen_results.csv,1737,c2e3b71621f77b82766e70a3888c409b7256dd33,,cash,diagnostic_global_pc22,,,
Extended Data6,"approved scalar interactions per R SD, factor omnibus raw p at x=0 solely for display; no new standardization, ranking or threshold selection",,top75,,,消费调查/results/mpc_allx_screen/all_screen_results.csv,1738,c2e3b71621f77b82766e70a3888c409b7256dd33,,rc,diagnostic_global_pc22,,,
Extended Data6,"approved scalar interactions per R SD, factor omnibus raw p at x=0 solely for display; no new standardization, ranking or threshold selection",,ordinal,,,消费调查/results/mpc_allx_screen/all_screen_results.csv,1741,c2e3b71621f77b82766e70a3888c409b7256dd33,,cash,diagnostic_global_pc23,,,
Extended Data6,"approved scalar interactions per R SD, factor omnibus raw p at x=0 solely for display; no new standardization, ranking or threshold selection",,ordinal,,,消费调查/results/mpc_allx_screen/all_screen_results.csv,1742,c2e3b71621f77b82766e70a3888c409b7256dd33,,rc,diagnostic_global_pc23,,,
Extended Data6,"approved scalar interactions per R SD, factor omnibus raw p at x=0 solely for display; no new standardization, ranking or threshold selection",,midpoint,,,消费调查/results/mpc_allx_screen/all_screen_results.csv,1745,c2e3b71621f77b82766e70a3888c409b7256dd33,,cash,diagnostic_global_pc23,,,
Extended Data6,"approved scalar interactions per R SD, factor omnibus raw p at x=0 solely for display; no new standardization, ranking or threshold selection",,midpoint,,,消费调查/results/mpc_allx_screen/all_screen_results.csv,1746,c2e3b71621f77b82766e70a3888c409b7256dd33,,rc,diagnostic_global_pc23,,,
Extended Data6,"approved scalar interactions per R SD, factor omnibus raw p at x=0 solely for display; no new standardization, ranking or threshold selection",,top75,,,消费调查/results/mpc_allx_screen/all_screen_results.csv,1749,c2e3b71621f77b82766e70a3888c409b7256dd33,,cash,diagnostic_global_pc23,,,
Extended Data6,"approved scalar interactions per R SD, factor omnibus raw p at x=0 solely for display; no new standardization, ranking or threshold selection",,top75,,,消费调查/results/mpc_allx_screen/all_screen_results.csv,1750,c2e3b71621f77b82766e70a3888c409b7256dd33,,rc,diagnostic_global_pc23,,,
Extended Data6,"approved scalar interactions per R SD, factor omnibus raw p at x=0 solely for display; no new standardization, ranking or threshold selection",,ordinal,,,消费调查/results/mpc_allx_screen/all_screen_results.csv,1753,c2e3b71621f77b82766e70a3888c409b7256dd33,,cash,diagnostic_global_pc24,,,
Extended Data6,"approved scalar interactions per R SD, factor omnibus raw p at x=0 solely for display; no new standardization, ranking or threshold selection",,ordinal,,,消费调查/results/mpc_allx_screen/all_screen_results.csv,1754,c2e3b71621f77b82766e70a3888c409b7256dd33,,rc,diagnostic_global_pc24,,,
Extended Data6,"approved scalar interactions per R SD, factor omnibus raw p at x=0 solely for display; no new standardization, ranking or threshold selection",,midpoint,,,消费调查/results/mpc_allx_screen/all_screen_results.csv,1757,c2e3b71621f77b82766e70a3888c409b7256dd33,,cash,diagnostic_global_pc24,,,
Extended Data6,"approved scalar interactions per R SD, factor omnibus raw p at x=0 solely for display; no new standardization, ranking or threshold selection",,midpoint,,,消费调查/results/mpc_allx_screen/all_screen_results.csv,1758,c2e3b71621f77b82766e70a3888c409b7256dd33,,rc,diagnostic_global_pc24,,,
Extended Data6,"approved scalar interactions per R SD, factor omnibus raw p at x=0 solely for display; no new standardization, ranking or threshold selection",,top75,,,消费调查/results/mpc_allx_screen/all_screen_results.csv,1761,c2e3b71621f77b82766e70a3888c409b7256dd33,,cash,diagnostic_global_pc24,,,
Extended Data6,"approved scalar interactions per R SD, factor omnibus raw p at x=0 solely for display; no new standardization, ranking or threshold selection",,top75,,,消费调查/results/mpc_allx_screen/all_screen_results.csv,1762,c2e3b71621f77b82766e70a3888c409b7256dd33,,rc,diagnostic_global_pc24,,,
Extended Data6,"approved scalar interactions per R SD, factor omnibus raw p at x=0 solely for display; no new standardization, ranking or threshold selection",,ordinal,,,消费调查/results/mpc_allx_screen/all_screen_results.csv,1765,c2e3b71621f77b82766e70a3888c409b7256dd33,,cash,diagnostic_global_pc25,,,
Extended Data6,"approved scalar interactions per R SD, factor omnibus raw p at x=0 solely for display; no new standardization, ranking or threshold selection",,ordinal,,,消费调查/results/mpc_allx_screen/all_screen_results.csv,1766,c2e3b71621f77b82766e70a3888c409b7256dd33,,rc,diagnostic_global_pc25,,,
Extended Data6,"approved scalar interactions per R SD, factor omnibus raw p at x=0 solely for display; no new standardization, ranking or threshold selection",,midpoint,,,消费调查/results/mpc_allx_screen/all_screen_results.csv,1769,c2e3b71621f77b82766e70a3888c409b7256dd33,,cash,diagnostic_global_pc25,,,
Extended Data6,"approved scalar interactions per R SD, factor omnibus raw p at x=0 solely for display; no new standardization, ranking or threshold selection",,midpoint,,,消费调查/results/mpc_allx_screen/all_screen_results.csv,1770,c2e3b71621f77b82766e70a3888c409b7256dd33,,rc,diagnostic_global_pc25,,,
Extended Data6,"approved scalar interactions per R SD, factor omnibus raw p at x=0 solely for display; no new standardization, ranking or threshold selection",,top75,,,消费调查/results/mpc_allx_screen/all_screen_results.csv,1773,c2e3b71621f77b82766e70a3888c409b7256dd33,,cash,diagnostic_global_pc25,,,
Extended Data6,"approved scalar interactions per R SD, factor omnibus raw p at x=0 solely for display; no new standardization, ranking or threshold selection",,top75,,,消费调查/results/mpc_allx_screen/all_screen_results.csv,1774,c2e3b71621f77b82766e70a3888c409b7256dd33,,rc,diagnostic_global_pc25,,,
Extended Data6,"approved scalar interactions per R SD, factor omnibus raw p at x=0 solely for display; no new standardization, ranking or threshold selection",,ordinal,,,消费调查/results/mpc_allx_screen/all_screen_results.csv,1777,c2e3b71621f77b82766e70a3888c409b7256dd33,,cash,diagnostic_global_pc26,,,
Extended Data6,"approved scalar interactions per R SD, factor omnibus raw p at x=0 solely for display; no new standardization, ranking or threshold selection",,ordinal,,,消费调查/results/mpc_allx_screen/all_screen_results.csv,1778,c2e3b71621f77b82766e70a3888c409b7256dd33,,rc,diagnostic_global_pc26,,,
Extended Data6,"approved scalar interactions per R SD, factor omnibus raw p at x=0 solely for display; no new standardization, ranking or threshold selection",,midpoint,,,消费调查/results/mpc_allx_screen/all_screen_results.csv,1781,c2e3b71621f77b82766e70a3888c409b7256dd33,,cash,diagnostic_global_pc26,,,
Extended Data6,"approved scalar interactions per R SD, factor omnibus raw p at x=0 solely for display; no new standardization, ranking or threshold selection",,midpoint,,,消费调查/results/mpc_allx_screen/all_screen_results.csv,1782,c2e3b71621f77b82766e70a3888c409b7256dd33,,rc,diagnostic_global_pc26,,,
Extended Data6,"approved scalar interactions per R SD, factor omnibus raw p at x=0 solely for display; no new standardization, ranking or threshold selection",,top75,,,消费调查/results/mpc_allx_screen/all_screen_results.csv,1785,c2e3b71621f77b82766e70a3888c409b7256dd33,,cash,diagnostic_global_pc26,,,
Extended Data6,"approved scalar interactions per R SD, factor omnibus raw p at x=0 solely for display; no new standardization, ranking or threshold selection",,top75,,,消费调查/results/mpc_allx_screen/all_screen_results.csv,1786,c2e3b71621f77b82766e70a3888c409b7256dd33,,rc,diagnostic_global_pc26,,,
Extended Data6,"approved scalar interactions per R SD, factor omnibus raw p at x=0 solely for display; no new standardization, ranking or threshold selection",,ordinal,,,消费调查/results/mpc_allx_screen/all_screen_results.csv,1789,c2e3b71621f77b82766e70a3888c409b7256dd33,,cash,diagnostic_global_pc27,,,
Extended Data6,"approved scalar interactions per R SD, factor omnibus raw p at x=0 solely for display; no new standardization, ranking or threshold selection",,ordinal,,,消费调查/results/mpc_allx_screen/all_screen_results.csv,1790,c2e3b71621f77b82766e70a3888c409b7256dd33,,rc,diagnostic_global_pc27,,,
Extended Data6,"approved scalar interactions per R SD, factor omnibus raw p at x=0 solely for display; no new standardization, ranking or threshold selection",,midpoint,,,消费调查/results/mpc_allx_screen/all_screen_results.csv,1793,c2e3b71621f77b82766e70a3888c409b7256dd33,,cash,diagnostic_global_pc27,,,
Extended Data6,"approved scalar interactions per R SD, factor omnibus raw p at x=0 solely for display; no new standardization, ranking or threshold selection",,midpoint,,,消费调查/results/mpc_allx_screen/all_screen_results.csv,1794,c2e3b71621f77b82766e70a3888c409b7256dd33,,rc,diagnostic_global_pc27,,,
Extended Data6,"approved scalar interactions per R SD, factor omnibus raw p at x=0 solely for display; no new standardization, ranking or threshold selection",,top75,,,消费调查/results/mpc_allx_screen/all_screen_results.csv,1797,c2e3b71621f77b82766e70a3888c409b7256dd33,,cash,diagnostic_global_pc27,,,
Extended Data6,"approved scalar interactions per R SD, factor omnibus raw p at x=0 solely for display; no new standardization, ranking or threshold selection",,top75,,,消费调查/results/mpc_allx_screen/all_screen_results.csv,1798,c2e3b71621f77b82766e70a3888c409b7256dd33,,rc,diagnostic_global_pc27,,,
